stock_id,name,industry,close,day_change_pct,adv20,listed_ok,pe_hist_pct,value_pct,revenue_yoy,rev_month,bear_regime,value_ind_pct,momentum20,chip20_turnover,high52_prox,rev_accel,value_ind_pct_pool_pct,momentum20_pool_pct,chip20_turnover_pool_pct,high52_prox_pool_pct,rev_accel_pool_pct,composite,revenue_yoy_pool_pct,c2_score
2330,台積電,半導體,2550.0,-1.3539651837524147,54042798298.5,True,89.28381962864721,14.802631578947366,53.32,2026-08-01,False,25.757575757575758,3.2388663967611335,-0.06149992629644431,98.64603481624758,-1.9725170897232545,26.365795724465556,50.712589073634206,20.19002375296912,94.29928741092637,40.903686087990486,46.49427640999714,73.15914489311164,60.77790973871734
2454,聯發科,半導體,4690.0,-2.998965873836612,38405555106.25,True,99.15119363395225,2.236842105263158,44.08,2026-08-01,False,3.0303030303030303,-0.42462845010615713,-0.035119959496552534,88.74172185430463,24.400621579008043,2.019002375296912,33.0166270783848,29.216152019002372,71.73396674584322,89.41736028537456,45.08062170078038,66.1520190023753,51.72209026128265
2303,聯電,半導體,147.5,-0.6734006734006703,26628227407.025,True,79.73474801061008,23.092105263157894,30.71,2026-08-01,False,34.84848484848485,7.664233576642336,-0.014206445162689603,82.6330532212885,6.529343481645178,36.342042755344416,65.91448931116389,39.66745843230404,57.24465558194775,70.63020214030915,53.95976964421385,53.50356294536817,45.29394299287411
2327,國巨*,電子零組件,635.0,-1.8547140649149974,25338517071.45,True,96.9761273209549,5.3618421052631575,51.8,2026-08-01,False,9.333333333333334,11.992945326278658,-0.006542144196671867,55.70175438596491,4.392597725455481,9.144893111638956,76.72209026128266,44.89311163895487,6.65083135391924,63.73365041617123,40.22891535639339,72.09026128266032,27.790973871733964
2308,台達電,電子零組件,1965.0,-1.2562814070351758,22371376093.5,True,94.42970822281167,9.407894736842106,34.95,2026-08-01,False,18.666666666666668,8.86426592797784,-0.003083797795433479,77.97619047619048,-11.092649261536984,18.76484560570071,69.12114014251782,47.26840855106889,45.605700712589076,18.90606420927467,39.933231844230235,57.60095011876485,38.212589073634206
2408,南亞科,半導體,532.0,3.5019455252918386,22012084490.2,True,65.00395882818685,34.3421052631579,560.85,2026-08-01,False,50.0,0.18832391713747645,0.02538528825252801,98.33641404805915,-73.08471148427247,52.31591448931117,35.74821852731592,62.11401425178147,93.23040380047506,2.6159334126040426,49.20489689629754,99.04988123515439,77.21199524940619
2409,友達,光電及I/O,36.6,-3.5573122529644285,19749870789.79,True,99.12472647702407,2.4342105263157894,-5.86,2026-08-01,False,5.405405405405405,23.64864864864865,-0.013808401926358257,90.48207663782448,-7.636278837316819,4.631828978622328,89.42992874109264,40.02375296912114,75.41567695961994,24.61355529131986,46.82294858795518,11.75771971496437,25.5938242280285
1303,南亞,石化,310.0,-1.273885350318471,18667258269.25,True,71.06017191977078,30.394736842105264,46.75,2026-08-01,False,21.052631578947366,31.914893617021278,0.015893012244487466,98.72611464968153,5.726194673656536,21.43705463182898,93.58669833729216,57.482185273159146,94.65558194774347,68.6087990487515,67.15406384775505,68.88361045130641,47.84738717339668
3189,景碩,印刷電路板,1075.0,-2.2727272727272707,17742696738.05,True,79.97481108312343,22.894736842105264,40.58,2026-08-01,False,66.66666666666666,34.375,0.09611147363671631,97.72727272727273,4.345905793281723,68.52731591448931,94.29928741092637,83.1353919239905,92.39904988123516,63.25802615933412,80.3238142579951,63.18289786223278,57.45249406175772
3037,欣興,印刷電路板,1270.0,-2.6819923371647514,16767019104.5,True,87.85145888594165,16.25,56.26,2026-08-01,False,47.61904761904761,33.123689727463315,0.1204674147747815,95.84905660377359,10.839469537450789,50.1187648456057,93.70546318289786,87.76722090261283,89.07363420427554,79.3103448275862,79.99508559259564,75.29691211401425,55.195961995249405
4958,臻鼎-KY,印刷電路板,592.0,-0.5042016806722671,16710533650.925,True,97.77188328912467,4.111842105263158,41.05,2026-08-01,False,23.809523809523807,17.227722772277225,0.021510713314241755,91.64086687306502,5.818094280463789,24.406175771971498,83.4916864608076,59.97624703087886,77.79097387173397,68.72770511296076,62.878557649670526,63.895486935866984,45.65023752969121
2344,華邦電,半導體,177.0,-1.392757660167132,14551670708.85,True,44.297082228116714,51.84210526315789,289.43,2026-08-01,False,71.21212121212122,-5.851063829787234,-0.047120870752154084,79.72972972972973,32.47748646186841,72.92161520190024,8.788598574821853,24.584323040380045,49.16864608076009,92.15219976218788,49.52307653201002,97.8622327790974,77.79097387173397
6274,台燿,印刷電路板,1740.0,1.1627906976744207,14543555961.75,True,96.87002652519894,5.526315789473684,132.48,2026-08-01,False,26.190476190476193,29.36802973977695,-0.026409477278570972,91.57894736842105,11.905885543973383,26.840855106888363,92.39904988123516,33.2541567695962,77.43467933491686,80.85612366230677,62.15697295098867,92.75534441805226,51.157957244655584
3105,穩懋,半導體,581.0,-1.1904761904761862,14536937887.45,True,77.91970802919708,24.802631578947366,30.55,2026-08-01,False,38.63636363636363,31.596828992072478,0.10584655231537894,94.16531604538088,0.1241401747278914,40.142517814726844,93.34916864608076,85.5106888361045,84.67933491686462,48.63258026159334,70.46285809507401,53.20665083135392,46.16983372921616
8046,南電,印刷電路板,1475.0,-0.33783783783783994,14108501985.5,True,83.67103694874851,19.539473684210527,40.59,2026-08-01,False,61.904761904761905,43.90243902439025,0.09630141915153903,98.00664451827242,-6.363728014367837,63.53919239904988,97.14964370546319,83.2541567695962,92.63657957244655,26.872770511296075,72.6904685915704,63.30166270783848,55.581947743467936
6488,環球晶,半導體,1130.0,-6.995884773662553,13702687346.2,True,97.77188328912467,4.111842105263158,7.61,2026-08-01,False,7.575757575757576,18.32460732984293,-0.057596158326308995,74.58745874587459,-0.9140232763397451,6.65083135391924,85.1543942992874,21.73396674584323,36.69833729216152,44.946492271105825,39.036804392463445,26.128266033254157,21.08076009501188
3008,大立光,消費性電子,6660.0,-2.7027027027026973,13391789247.5,True,99.25729442970822,1.9736842105263157,-16.23,2026-08-01,False,5.263157894736842,2.4615384615384617,-0.06076376894554286,85.2752880921895,-3.7801966910892553,4.097387173396674,47.26840855106889,20.902612826603324,64.25178147268409,34.839476813317475,34.27193336741409,6.294536817102138,31.843824228028502
2492,華新科,電子零組件,420.0,-1.869158878504673,12768724108.9,True,96.76392572944297,5.690789473684211,45.54,2026-08-01,False,10.666666666666668,31.868131868131865,0.0001310979325107849,68.0713128038898,7.763255703319828,10.21377672209026,93.46793349168647,49.049881235154395,23.75296912114014,73.48394768133176,49.993701650280606,67.81472684085512,27.078384798099762
2383,台光電,印刷電路板,6000.0,0.8403361344537785,12085460582.75,True,96.12732095490716,6.578947368421052,129.85,2026-08-01,False,28.57142857142857,12.359550561797752,-0.02495444442202183,94.48818897637796,3.202559091803977,29.216152019002372,77.31591448931117,33.8479809976247,85.74821852731591,61.59334126040428,57.54432145873169,92.63657957244655,57.571258907363415
3443,創意,半導體,8360.0,-1.1820330969267157,11427957225.5,True,99.62864721485411,1.348684210526316,111.02,2026-08-01,False,1.893939393939394,40.26845637583892,0.015252622487989783,97.20930232558139,-13.353786489861221,0.8907363420427553,96.08076009501187,57.24465558194775,91.44893111638956,16.76575505350773,52.48616763777993,90.73634204275535,46.748812351543954
6213,聯茂,印刷電路板,806.0,1.2562814070351758,11283131406.95,True,99.94694960212202,0.09868421052631579,97.93,2026-08-01,False,2.380952380952381,58.03921568627452,0.024404721606216127,100.0,17.013480395469244,1.6033254156769599,98.09976247030879,61.16389548693587,98.51543942992875,85.37455410225921,68.95139538102191,88.36104513064133,47.59501187648456
2368,金像電,印刷電路板,1285.0,3.2128514056224855,10954406903.25,True,92.30324074074075,11.973684210526315,76.39,2026-08-01,False,42.857142857142854,19.53488372093023,-0.05668564598636662,85.95317725752508,-0.940281965322626,44.71496437054632,85.86698337292161,21.971496437054633,65.7957244655582,44.23305588585018,52.516444906386184,83.1353919239905,51.94477434679335
3481,群創,光電及I/O,51.0,-2.857142857142858,10676714119.500002,True,82.82485875706215,20.065789473684212,0.02,2026-08-01,False,27.027027027027028,4.5081967213114815,0.004457954106194306,71.93229901269393,-5.088591766676356,27.55344418052256,55.34441805225653,52.13776722090261,32.304038004750595,29.964328180737215,39.46079912783391,16.152019002375297,30.16627078384798
3661,世芯-KY,半導體,4345.0,3.699284009546533,10373659095.75,True,81.90981432360742,20.986842105263158,273.61,2026-08-01,False,31.818181818181817,7.816377171215881,-0.007825152135406582,80.83720930232559,116.68196385695785,32.541567695961994,66.5083135391924,44.180522565320665,52.612826603325416,98.69203329369797,58.90705273949969,97.38717339667458,54.0083135391924
3711,日月光投控,半導體,744.0,1.6393442622950838,10297016535.15,True,97.19070772555376,4.868421052631579,45.66,2026-08-01,False,9.848484848484848,20.388349514563107,0.1179839725002763,100.0,5.102505038169525,9.73871733966746,87.17339667458432,87.41092636579573,98.51543942992875,66.94411414982164,69.95651879195958,68.05225653206651,47.283254156769594
3017,奇鋐,電子零組件,3440.0,-2.961918194640334,10214885251.75,True,94.6949602122016,8.947368421052632,54.34,2026-08-01,False,17.666666666666668,4.71841704718417,-0.012600217887936497,93.35142469470827,-4.9403794444395075,17.992874109263656,56.65083135391924,40.85510688836104,82.42280285035629,30.79667063020214,45.743657166420476,73.99049881235155,54.438836104513065
3081,聯亞,半導體,2960.0,-5.73248407643312,9775507319.75,True,85.47008547008546,18.421052631578945,180.9,2026-08-01,False,30.303030303030305,3.315881326352531,-0.0866873831275324,86.42335766423358,19.041413989825998,30.81947743467934,51.42517814726841,15.08313539192399,66.8646080760095,86.20689655172413,50.079859120321075,94.89311163895488,60.28800475059383
6147,頎邦,半導體,226.0,-2.3758099352051865,9591018879.4,True,97.29442970822281,4.671052631578947,43.61,2026-08-01,False,9.090909090909092,21.179624664879356,0.030000195603345707,73.97708674304418,6.993926702649063,8.729216152019003,88.00475059382423,64.01425178147268,35.98574821852731,71.93816884661118,53.734427118490885,65.67695961995248,30.596793349168646
6182,合晶,半導體,129.0,-4.444444444444439,9187260114.85,True,88.81880733944955,15.131578947368421,19.97,2026-08-01,False,26.515151515151516,18.34862385321101,-0.007306611228781651,68.07387862796834,2.310611652242258,26.959619952494062,85.2731591448931,44.53681710213777,23.871733966745843,57.90725326991677,47.7097166872375,40.85510688836104,26.603325415676963
3026,禾伸堂,電子零組件,877.0,4.529201430274132,8873296156.55,True,98.46153846153847,3.289473684210526,33.22,2026-08-01,False,6.666666666666667,17.402945113788487,-0.0007876380688092792,87.2636815920398,-1.5027807950172303,5.7007125890736345,83.8479809976247,48.33729216152019,68.52731591448931,42.568370986920335,49.79633452992564,55.70071258907363,36.520190023752974
3665,貿聯-KY,電子零組件,2360.0,1.943844492440605,8698355549.25,True,96.49867374005305,5.9868421052631575,53.99,2026-08-01,False,12.0,21.963824289405682,0.00427315335924739,80.27210884353741,-5.133633596617905,11.520190023752969,88.36104513064133,52.01900237529691,50.0,29.845422116527942,46.349131929243825,73.39667458432304,36.63895486935867
2317,鴻海,電腦及週邊,249.0,-1.1904761904761862,8679852026.875,True,82.97082228116712,19.93421052631579,51.98,2026-08-01,False,12.068965517241379,-0.9940357852882704,-0.09645019849526146,80.58252427184466,-0.7797130050127521,11.63895486935867,29.69121140142518,13.30166270783848,51.9002375296912,45.77883472057075,30.462180245776857,72.44655581947742,51.573634204275535
6770,力積電,半導體,72.2,-0.550964187327807,8382445308.900002,True,69.25465838509317,31.18421052631579,76.19,2026-08-01,False,46.21212121212121,-0.27624309392265584,0.036485963920036044,81.39797068771138,4.362752997063481,48.69358669833729,33.966745843230406,67.2209026128266,54.03800475059383,63.376932223543406,53.4592344257063,83.0166270783848,62.945368171021386
2345,智邦,通信網路,2070.0,2.7295285359801413,8340315924.5,True,74.96021220159152,27.00657894736842,59.42,2026-08-01,False,40.38461538461539,5.88235294117647,-0.07743338955294371,75.27272727272727,-4.669953162580242,41.9833729216152,60.80760095011877,17.577197149643705,38.00475059382423,31.747919143876334,38.02416815181565,76.84085510688836,49.00534441805225
2449,京元電子,半導體,304.5,1.6694490818029983,8014123212.65,True,97.93103448275862,3.8157894736842106,31.58,2026-08-01,False,6.0606060606060606,13.40782122905028,0.013727621665129329,86.01694915254238,-0.7419968392903868,5.10688836104513,79.33491686460808,56.294536817102134,66.0332541567696,46.13555291319857,50.58102982254471,53.80047505938242,36.401425178147264
6669,緯穎,電腦及週邊,2240.0,0.0,7861138638.5,True,0.6543075245365322,95.46052631578948,50.36,2026-08-01,False,94.82758620689656,-4.273504273504273,-0.16810778733288173,28.717948717948715,10.568171168934924,95.13064133016627,12.589073634204276,6.413301662707839,0.7125890736342043,78.71581450653984,38.71228404145049,71.25890736342043,63.62826603325416
8358,金居,印刷電路板,535.0,-2.5500910746812377,7833235516.825,True,96.02122015915118,6.7105263157894735,59.71,2026-08-01,False,30.952380952380953,2.8846153846153846,-0.02884598541514363,76.42857142857142,7.06092713604874,31.65083135391924,49.6437054631829,31.947743467933492,41.211401425178146,72.05707491082045,45.30215132420684,76.95961995249407,50.04453681710214
3653,健策,電子零組件,7165.0,5.29022777369581,7782955179.75,True,99.89389920424404,0.4605263157894736,90.9,2026-08-01,False,0.6666666666666667,29.099099099099103,0.002778796786224704,99.44482997918112,11.066785178564217,0.11876484560570072,92.28028503562945,50.712589073634206,96.19952494061758,79.7859690844233,63.81942659598205,86.81710213776722,47.71377672209026
3231,緯創,電腦及週邊,188.5,1.8918918918918948,7515759750.825,True,58.673740053050395,39.80263157894737,166.48,2026-08-01,False,34.48275862068966,1.0723860589812333,-0.04038484760988792,95.2020202020202,72.78317937814658,35.86698337292161,39.78622327790974,26.72209026128266,87.41092636579573,97.6218787158145,57.48162039874485,94.18052256532067,69.41805225653206
8299,群聯,半導體,2060.0,0.0,6876479018.0,True,17.771883289124666,73.38815789473684,376.52,2026-08-01,False,87.12121212121212,-1.1990407673860912,0.017549321357807922,71.52777777777779,24.829780544289576,88.71733966745843,28.028503562945367,58.076009501187656,30.641330166270787,90.1307966706302,59.11879591369849,98.33729216152018,72.41686460807601
1815,富喬,印刷電路板,135.0,1.8867924528301883,6859478033.4,True,56.36722606120435,41.31578947368421,79.21,2026-08-01,False,83.33333333333334,0.0,-0.0432195741419413,100.0,14.65130528085922,85.1543942992874,34.857482185273156,25.415676959619955,98.51543942992875,83.47205707491082,65.48300998980402,83.729216152019,83.1353919239905
8039,台虹,印刷電路板,305.5,0.3284072249589487,6371733841.15,True,99.46949602122017,1.5789473684210527,-13.83,2026-08-01,False,14.285714285714285,3.7351443123938877,-0.04044362723470254,86.66666666666667,-5.009357835462893,13.895486935866982,53.087885985748215,26.60332541567696,67.16152019002375,30.32104637336504,38.213852980136195,7.244655581947744,33.80344418052256
8150,南茂,半導體,128.0,-0.3891050583657574,6165712147.925,True,87.05570291777188,17.30263157894737,33.27,2026-08-01,False,29.545454545454547,41.74972314507199,0.06857816465213795,99.61089494163424,-4.761852656665724,30.04750593824228,96.67458432304038,76.95961995249407,96.67458432304038,31.272294887039237,66.32571788477128,55.819477434679335,46.4667458432304
2481,強茂,電子零組件,172.5,-3.361344537815125,6100422322.7,True,97.60217983651226,4.276315789473684,29.82,2026-08-01,False,8.0,13.114754098360656,0.0067222175455847405,75.82417582417582,0.4305249656342163,7.007125890736342,78.62232779097387,53.087885985748215,39.78622327790974,49.58382877526754,45.61747834412714,52.197149643705465,30.09204275534442
2059,川湖,金屬製品,10615.0,-9.966072943172177,6100078525.25,True,95.54376657824933,7.401315789473683,344.42,2026-08-01,False,14.285714285714285,-15.215654952076676,-0.06808023111727396,73.15644383184011,37.599178371829964,13.895486935866982,0.9501187648456058,19.002375296912113,34.79809976247031,94.17360285374554,32.563936722768105,98.09976247030879,61.46080760095012
3406,玉晶光,消費性電子,1060.0,-2.304147465437789,6057197203.05,True,88.59416445623343,15.263157894736842,0.72,2026-08-01,False,21.052631578947366,4.9504950495049505,-0.0319311554899145,95.4954954954955,-1.5655250992512573,21.43705463182898,57.83847980997625,30.28503562945368,88.47980997624703,42.21165279429251,48.05040656835969,16.7458432304038,42.20605700712589
3324,雙鴻,電子零組件,1520.0,-0.3278688524590123,5918197684.75,True,76.92307692307693,25.624999999999996,67.18,2026-08-01,False,40.666666666666664,13.432835820895523,-0.04236495000816786,88.88888888888889,-14.822379542715325,42.39904988123516,79.45368171021377,25.890736342042754,72.14964370546319,15.101070154577883,46.99883635870655,80.16627078384798,53.81532066508314
2360,致茂,電子設備,2330.0,-2.9166666666666674,5838166150.0,True,95.49071618037135,7.565789473684211,156.3,2026-08-01,False,15.584415584415584,2.869757174392936,0.02118928296311355,88.76190476190476,21.440569939482003,15.795724465558195,49.524940617577194,59.73871733966746,71.85273159144893,87.39595719381688,56.86161424161374,94.06175771971496,58.04631828978622
7769,鴻勁,電子設備,5925.0,0.679694137638065,5634775592.25,True,17.307692307692307,73.94736842105263,91.58,2026-08-01,False,96.1038961038961,-14.992826398852225,-0.09343405597437043,71.73123486682809,-8.069788535505879,96.08076009501187,1.187648456057007,14.014251781472684,31.116389548693586,23.42449464922711,33.16470890609245,87.17339667458432,78.2957244655582
2313,華通,印刷電路板,248.0,0.8130081300812941,5614260993.9,True,95.3315649867374,7.9605263157894735,6.87,2026-08-01,False,33.33333333333333,7.35930735930736,0.031019836046230587,83.08207705192629,-7.742724079834955,34.38242280285036,65.20190023752969,64.4893111638955,58.66983372921615,24.494649227110582,49.44762343212046,24.584323040380045,38.108669833729216
5274,信驊,半導體,17485.0,-1.4929577464788735,5271469032.5,True,89.44297082228117,14.671052631578949,118.42,2026-08-01,False,25.0,-9.027055150884495,-0.03741607315533144,83.64027744558719,23.925709951613655,25.653206650831358,4.86935866983373,28.622327790973873,60.57007125890736,89.06064209274673,41.755121292658615,91.68646080760095,68.26009501187649
8996,高力,其他電製品,1710.0,3.951367781155013,5179117006.5,True,97.66578249336871,4.2105263157894735,112.84,2026-08-01,False,12.5,39.59183673469388,0.012225809623152187,100.0,43.495360752998636,12.173396674584323,95.72446555819477,55.10688836104512,98.51543942992875,95.48156956004756,71.4003519167601,91.09263657957246,51.514251781472694
6223,旺矽,半導體,5575.0,0.8137432188065175,5178291538.0,True,94.53580901856765,9.276315789473683,69.87,2026-08-01,False,17.424242424242426,-3.7963761863675582,-0.017766179373610348,75.54200542005421,2.7248431736557706,17.81472684085511,15.439429928741092,37.05463182897862,38.95486935866984,59.45303210463734,33.7433380123764,80.87885985748218,55.55225653206651
2455,全新,半導體,558.0,-0.17889087656529634,4548436932.1,True,99.62864721485411,1.348684210526316,71.16,2026-08-01,False,1.893939393939394,8.349514563106796,-0.010976003287046796,92.07920792079209,24.551352241799172,0.8907363420427553,68.05225653206651,41.80522565320665,78.74109263657957,89.89298454221165,55.876459141221424,81.353919239905,48.2333729216152
5483,中美晶,半導體,216.5,-3.3482142857142905,4523308239.9,True,87.11622807017544,17.105263157894736,11.68,2026-08-01,False,28.78787878787879,20.27777777777778,0.05892108144707674,77.87769784172663,-3.990261060559435,29.453681710213775,86.81710213776722,73.99049881235155,45.13064133016627,34.244946492271104,53.927374096553976,30.878859857482183,29.66152019002375
6515,穎崴,半導體,5615.0,1.7210144927536142,4507597596.0,True,88.09523809523809,16.11842105263158,233.37,2026-08-01,False,28.030303030303028,-27.07792207792208,-0.17309790157623972,52.01482167670217,7.756406675109332,28.741092636579573,0.35629453681710216,5.819477434679335,4.394299287410926,73.36504161712247,22.535241102521884,96.55581947743468,57.333729216152015
6257,矽格,半導體,283.0,1.7985611510791477,4491907271.875,True,98.19628647214854,3.4868421052631575,28.58,2026-08-01,False,4.545454545454546,35.406698564593306,0.12323053823385563,98.95104895104895,3.180135274738305,3.3847980997624703,94.77434679334917,88.59857482185272,94.89311163895488,61.35552913198573,68.601272097181,50.83135391923991,38.58372921615202
3374,精材,半導體,497.0,0.0,4489809951.15,True,92.98871063576945,10.986842105263158,36.74,2026-08-01,False,20.454545454545457,4.631578947368421,-0.00755364967062749,99.69909729187563,-6.164775487436927,20.902612826603324,56.057007125890735,44.418052256532064,96.91211401425178,27.586206896551722,49.175198623965926,59.38242280285036,55.28503562945369
2301,光寶科,電子零組件,297.5,-0.8333333333333304,4444901718.2,True,99.15119363395225,2.236842105263158,25.2,2026-08-01,False,4.333333333333334,2.2336769759450172,-0.02890328692687556,93.7007874015748,-8.061756046146794,3.0285035629453683,46.080760095011875,31.71021377672209,83.2541567695962,23.543400713436384,37.52340698354239,47.387173396674584,46.89726840855107
2382,廣達,電腦及週邊,325.5,-2.8358208955223896,4398714257.875,True,32.20159151193634,60.69078947368421,177.45,2026-08-01,False,62.06896551724138,-0.7621951219512195,0.026796436858982073,78.05755395683454,40.23723195994049,63.657957244655584,31.235154394299286,62.23277909738717,45.72446555819478,94.76813317479191,59.523697893865744,94.77434679334917,68.23040380047506
6239,力成,半導體,308.0,0.1626016260162677,4369359204.55,True,95.38461538461539,7.8618421052631575,24.46,2026-08-01,False,15.530303030303031,11.796733212341199,-0.006065004466717186,81.26649076517151,-0.7202117592731234,15.617577197149643,76.36579572446556,45.36817102137768,53.919239904988125,46.37336504161712,47.528829777919626,46.37767220902613,34.887173396674584
3450,聯鈞,通信網路,522.0,-2.4299065420560706,4291585069.0,True,79.68307866440294,23.223684210526315,109.76,2026-08-01,False,38.46153846153847,-0.9487666034155597,-0.10600413097154512,82.20472440944881,11.112721280220129,39.90498812351544,30.16627078384798,11.63895486935867,56.65083135391924,79.90487514863258,43.65318405585478,90.49881235154395,64.22209026128266
3529,力旺,半導體,2915.0,-3.316749585406298,4265328819.0,True,61.48541114058356,37.434210526315795,42.77,2026-08-01,False,53.78787878787878,3.185840707964602,-0.06486550336951863,61.95536663124336,4.908327961715017,55.819477434679335,50.5938242280285,19.358669833729216,12.470308788598574,65.51724137931035,40.751904332869195,65.08313539192399,45.69477434679335
3264,欣銓,半導體,256.0,2.400000000000002,4212411270.85,True,97.34748010610079,4.605263157894736,46.57,2026-08-01,False,8.333333333333332,13.777777777777779,-0.03880803361655849,90.14084507042254,1.4388910138896875,7.422802850356295,79.92874109263659,27.790973871733964,74.34679334916865,55.172413793103445,48.93234499139978,68.76484560570071,42.651425178147264
3167,大量,電子設備,1055.0,2.9268292682926855,4191792544.55,True,82.4742268041237,20.394736842105264,152.98,2026-08-01,False,46.75324675324675,12.473347547974413,-0.003925974178001883,100.0,4.476195274243366,49.287410926365794,77.55344418052258,46.43705463182898,98.51543942992875,64.56599286563615,67.27186840685644,93.82422802850357,66.01840855106889
3042,晶技,電子零組件,211.0,0.23752969121140222,4159315205.3,True,98.24933687002653,3.3552631578947367,23.48,2026-08-01,False,7.333333333333333,22.674418604651162,0.0331071973192757,84.73895582329317,1.3553232680898688,6.532066508313539,88.83610451306413,65.43942992874109,63.53919239904988,54.9346016646849,55.856279002770705,45.01187648456057,31.561757719714965
3624,光頡,電子零組件,175.0,9.717868338557988,3988232964.6,True,96.9761273209549,5.3618421052631575,65.76,2026-08-01,False,9.333333333333334,81.15942028985508,0.013106849652802665,99.15014164305948,19.845619181885105,9.144893111638956,98.57482185273159,55.93824228028503,95.24940617577197,86.80142687277052,69.14175805863961,79.69121140142518,46.37767220902613
6805,富世達,電子零組件,2370.0,-3.462321792260692,3851903181.0,True,42.492917847025495,53.223684210526315,29.14,2026-08-01,False,76.66666666666667,9.976798143851507,0.04707039454916783,91.15384615384615,2.8515106536876544,78.85985748218528,72.32779097387173,71.14014251781472,76.60332541567696,59.92865636147443,71.77195455020463,51.42517814726841,58.64014251781472
6442,光聖,通信網路,1785.0,-1.6528925619834656,3784977891.0,True,65.85971446306642,33.61842105263158,152.24,2026-08-01,False,46.15384615384615,5.3097345132743365,-0.03389907373603135,75.31645569620254,84.52506953094839,48.45605700712589,58.90736342042755,29.928741092636578,38.12351543942993,97.97859690844233,54.67885477361246,93.70546318289786,55.34441805225653
2426,鼎元,光電及I/O,103.0,-0.9615384615384581,3782000788.5099998,True,99.18300653594771,2.1052631578947367,38.57,2026-08-01,False,4.054054054054054,5.641025641025641,0.0021251202941893065,90.35087719298247,7.137677896425796,2.7315914489311166,60.21377672209026,50.0,74.82185273159145,72.41379310344827,52.03620280121222,61.40142517814727,44.6852731591449
3532,台勝科,半導體,509.0,-0.7797270955165692,3695885819.25,True,98.03713527851458,3.6513157894736845,29.28,2026-08-01,False,5.303030303030303,27.889447236180903,0.020354309337886133,97.32313575525812,2.0261793138070665,4.275534441805226,92.04275534441805,59.14489311163895,91.80522565320665,56.71819262782402,60.79732023577858,51.66270783847982,38.92517814726841
6531,愛普*,半導體,980.0,-2.0000000000000018,3647883047.15,True,65.51094890510949,33.81578947368421,150.82,2026-08-01,False,48.484848484848484,5.263157894736842,-0.0015304980834286337,82.35294117647058,32.5296259338361,50.83135391923991,58.78859857482185,47.62470308788598,56.888361045130644,92.27110582639715,61.2808244906951,93.46793349168647,60.59976247030879
6446,藥華藥,藥,1195.0,-0.8298755186721962,3605074989.25,True,49.48805460750853,47.96052631578947,105.43,2026-08-01,False,30.434782608695656,-14.94661921708185,-0.08013507372563458,75.39432176656152,7.797676278026088,31.057007125890735,1.3064133016627077,16.152019002375297,38.47980997624703,73.7217598097503,32.14340184318521,89.54869358669833,64.44477434679335
4979,華星光,通信網路,565.0,-2.4179620034542326,3441886514.95,True,92.09694415173867,12.105263157894736,37.45,2026-08-01,False,25.0,-6.6115702479338845,-0.07379142629705525,78.6908077994429,5.402912282689492,25.653206650831358,7.719714964370546,18.28978622327791,46.912114014251785,67.89536266349585,33.29403690324549,59.857482185273156,56.17577197149644
6510,精測,半導體,3320.0,9.933774834437092,3347447046.0,True,76.55172413793103,25.986842105263158,54.27,2026-08-01,False,41.66666666666667,-8.287292817679557,-0.01698206758736501,79.04761904761905,6.158934429694078,43.23040380047506,5.581947743467933,37.52969121140142,47.74346793349169,69.67895362663495,40.75289286309421,73.87173396674585,64.81591448931117
5347,世界,半導體,186.5,-1.8421052631578894,3338359859.325,True,97.87798408488064,3.9473684210526314,40.48,2026-08-01,False,6.8181818181818175,22.697368421052634,0.14101430740075396,84.77272727272728,5.712823940239083,5.938242280285035,88.95486935866982,90.97387173396675,63.657957244655584,68.48989298454221,63.60296672042388,62.94536817102138,35.89667458432304
3605,宏致,電子零組件,163.0,-2.39520958083832,3281113024.075,True,90.29803424223208,13.94736842105263,17.24,2026-08-01,False,25.333333333333336,31.451612903225808,0.00970886521781508,88.8283378746594,-8.378949601191252,26.128266033254157,93.11163895486936,54.513064133016634,71.97149643705463,22.711058263971463,53.68710476443324,36.935866983372925,35.480997624703086
3006,晶豪科,半導體,267.0,-1.2939001848428888,3261457374.95,True,17.81874039938556,73.22368421052632,605.24,2026-08-01,False,86.36363636363636,-10.552763819095476,-0.07943185428832997,85.57692307692307,130.35607996617523,88.06413301662708,3.5629453681710213,16.6270783847981,64.96437054631829,98.81093935790726,54.40589333476434,99.2874109263658,87.18824228028504
6187,萬潤,電子設備,1525.0,-0.6514657980456029,3199248123.25,True,91.29973474801061,12.927631578947368,103.06,2026-08-01,False,25.97402597402597,10.108303249097473,-0.013283250661821323,99.3485342019544,15.205524015636016,26.60332541567696,72.92161520190024,40.49881235154395,95.84323040380048,83.82877526753865,63.93915172809206,89.19239904988123,59.679334916864605
3441,聯一光,消費性電子,249.5,0.20080321285140812,3182342112.0,True,94.33962264150944,9.473684210526317,0.86,2026-08-01,False,15.789473684210526,89.01515151515152,0.0022930815190666458,97.84313725490196,-28.006370249136207,15.973871733966746,99.2874109263658,50.1187648456057,92.51781472684085,7.609988109393578,53.10157006843453,16.864608076009503,31.517220902612827
2337,旺宏,半導體,116.0,-1.6949152542372836,3140599894.0,True,96.39048400328137,6.11842105263158,218.53,2026-08-01,False,12.121212121212121,-7.936507936507936,-0.03906818211489463,62.53369272237197,13.496808902315252,11.817102137767222,6.0570071258907365,27.43467933491687,13.064133016627078,81.92627824019026,28.05983997107843,96.19952494061758,53.75593824228029
3016,嘉晶,半導體,183.5,-5.897435897435899,3038379966.225,True,68.62853970016657,31.710526315789473,57.79,2026-08-01,False,46.96969696969697,80.78817733990148,0.061615120390895464,94.1025641025641,7.659336323912385,49.4061757719715,98.45605700712589,74.82185273159145,84.56057007125891,73.12722948870393,76.07437701413032,75.89073634204276,52.85035629453682
1301,台塑,石化,81.3,7.824933687002633,2853284514.19,True,77.87671232876713,24.86842105263158,6.79,2026-08-01,False,15.789473684210526,24.884792626728117,0.14321944377359203,100.0,3.831982548898794,15.973871733966746,90.38004750593825,91.56769596199526,98.51543942992875,62.425683709869205,71.77254766833963,24.287410926365798,37.099168646080756
6505,台塑化,輕油裂解,110.5,3.2710280373831724,2705060011.4849997,True,26.03516732841747,65.85526315789474,50.29,2026-08-01,False,65.84224598930481,38.819095477386945,0.07158758656158268,100.0,16.591488466245707,67.45843230403801,95.48693586698337,77.67220902612827,98.51543942992875,85.13674197384067,84.85395172018382,71.02137767220903,60.377078384798104
6672,騰輝電子-KY,印刷電路板,555.0,9.90099009900991,2692561706.075,True,99.945085118067,0.19736842105263158,133.24,2026-08-01,False,4.761904761904762,88.77551020408163,0.07262953486085146,100.0,35.8450171135306,3.622327790973872,99.1686460807601,78.02850356294537,98.51543942992875,93.57907253269917,74.58279787946145,92.99287410926365,48.99049881235155
8021,尖點,印刷電路板,557.0,0.17985611510791255,2676535239.55,True,94.43765281173594,9.342105263157894,97.75,2026-08-01,False,38.095238095238095,23.77777777777778,0.06462771637697297,95.86919104991394,0.9439021141647004,39.489311163895486,89.90498812351544,76.36579572446556,89.31116389548693,52.19976218787158,69.454204219047,88.24228028503563,56.78444180522565
3491,昇達科,通信網路,1685.0,-1.1730205278592365,2402773188.25,True,93.41825902335457,10.592105263157894,93.19,2026-08-01,False,19.230769230769234,13.087248322147651,0.023223065770832708,76.5909090909091,4.994722092603283,19.596199524940616,78.50356294536816,60.57007125890736,41.80522565320665,65.75505350772889,53.24602257803033,87.41092636579573,42.57719714964371
3533,嘉澤,電子零組件,1915.0,4.93150684931507,2348612039.75,True,80.37135278514589,22.565789473684212,19.58,2026-08-01,False,37.333333333333336,18.209876543209877,-0.026570359569188625,67.19298245614034,1.098982055716089,38.71733966745843,84.79809976247031,33.0166270783848,22.209026128266032,53.38882282996433,46.42598309330879,40.02375296912114,29.03800475059382
4991,環宇-KY,半導體,511.0,-1.3513513513513487,2340261950.6,True,77.20488466757124,25.263157894736842,45.62,2026-08-01,False,39.39393939393939,3.6511156186612577,-0.031515782479074494,58.73563218390805,14.369221528275482,40.795724465558195,52.73159144893111,30.641330166270787,8.788598574821853,83.115338882283,43.21451670757299,67.93349168646081,41.19655581947744
2357,華碩,電腦及週邊,996.0,0.707785642062686,2309381415.55,True,63.76657824933687,35.328947368421055,51.17,2026-08-01,False,29.310344827586203,2.8925619834710745,0.03263616416814599,97.17073170731707,-2.205030979541803,29.928741092636578,49.8812351543943,65.20190023752969,91.21140142517815,40.428061831153386,55.330267948178424,71.49643705463184,60.68883610451307
6683,雍智科技,半導體,1415.0,-2.076124567474047,2309277770.0,True,93.61585030269676,10.263157894736842,25.74,2026-08-01,False,18.939393939393938,0.7117437722419928,-0.02503700551010117,55.165692007797276,0.852159691380038,19.121140142517813,38.12351543942993,33.729216152019006,6.413301662707839,51.60523186682521,29.79848105269996,48.09976247030879,33.87767220902613
2881,富邦金,金融控股,153.0,-1.6077170418006381,2295302485.475,True,78.6737400530504,23.94736842105263,-48.02,2026-08-01,False,46.15384615384615,2.684563758389262,0.03052612437820742,98.39228295819936,12.253796893601027,48.45605700712589,48.69358669833729,64.25178147268409,93.46793349168647,81.21284185493461,67.21644010495366,1.187648456057007,48.604513064133016
2404,漢唐,電子設備,1305.0,-1.8796992481203034,2285262769.0,True,88.27586206896552,15.723684210526315,59.05,2026-08-01,False,35.064935064935064,23.696682464454977,0.15566737305478762,94.22382671480143,1.143018351291822,36.46080760095012,89.66745843230403,92.99287410926365,85.03562945368171,53.74554102259215,71.58046212375834,76.48456057007125,52.07838479809976
2376,技嘉,電腦及週邊,363.0,-0.6839945280437743,2241307699.65,True,37.188328912466844,56.71052631578948,98.43,2026-08-01,False,53.44827586206896,1.680672268907563,-0.0386601081701913,90.97744360902256,22.879661161603124,55.70071258907363,43.942992874109265,27.909738717339668,76.24703087885986,88.58501783590962,58.477098579058406,88.71733966745843,69.18052256532066
2464,盟立,電子設備,187.0,-3.1088082901554404,2216944047.175,True,98.23493609251369,3.421052631578948,73.71,2026-08-01,False,3.896103896103896,-3.8560411311053984,-0.04159054354234824,84.23423423423422,14.089851795639518,2.6128266033254155,14.964370546318289,26.009501187648453,61.995249406175766,82.52080856123662,37.62055126094091,82.18527315914488,57.957244655581945
2887,台新新光金,金融控股,41.0,-2.7283511269276306,2177932465.67,True,76.71087533156499,25.855263157894736,-44.54,2026-08-01,False,61.53846153846154,-4.205607476635508,-0.03191545565685778,92.34234234234235,-134.31655603917767,63.30166270783848,13.182897862232778,30.403800475059384,79.57244655581948,1.5457788347205708,37.601317287134144,1.5439429928741093,57.80878859857482
2882,國泰金,金融控股,110.0,-2.6548672566371723,2163641448.15,True,73.26259946949602,28.618421052631575,-69.47,2026-08-01,False,69.23076923076923,-3.0837004405286343,0.003878037077938148,95.23809523809523,-9.063619143070817,71.31828978622327,18.052256532066508,51.66270783847982,87.64845605700712,21.284185493460168,49.993179141447385,0.7125890736342043,60.406769596199524
1326,台化,石化,77.6,2.37467018469657,2102918541.81,True,65.46489563567363,33.94736842105263,31.7,2026-08-01,False,36.84210526315789,9.91501416430595,0.08419655580765802,100.0,5.877819352444064,38.42042755344418,72.20902612826603,80.40380047505938,98.51543942992875,68.96551724137932,71.70284216561552,53.919239904988125,54.66152019002375
2891,中信金,金融控股,67.3,-2.037845705967989,2062409609.475,True,94.16445623342176,9.63815789473684,-32.01,2026-08-01,False,15.384615384615385,-1.3196480938416504,0.06060508234355093,92.95580110497237,-9.232593972510696,15.14251781472684,27.672209026128264,74.58432304038006,81.47268408551069,20.92746730083234,43.959840253515644,3.2066508313539197,43.037410926365794
6139,亞翔,電子設備,778.0,-1.143583227445999,1974144178.15,True,53.68700265251989,44.21052631578947,41.69,2026-08-01,False,70.12987012987013,4.8517520215633425,-0.10358212251458605,81.46596858638743,-9.533425880938609,72.32779097387173,57.60095011876485,12.232779097387175,54.27553444180523,20.451843043995243,43.37777953516485,64.13301662707839,58.28384798099763
1560,中砂,半導體,1010.0,-0.9803921568627416,1899438791.2,True,99.73474801061008,0.9210526315789472,30.38,2026-08-01,False,0.7575757575757576,40.86471408647141,0.1356676115038586,97.11538461538461,5.935737392719055,0.23752969121140144,96.31828978622327,90.14251781472684,91.09263657957246,69.08442330558859,69.37507943546451,52.96912114014252,36.99524940617577
2379,瑞昱,半導體,749.0,1.0796221322537214,1887035793.55,True,88.38196286472149,15.526315789473685,28.08,2026-08-01,False,27.27272727272727,8.236994219653178,0.2725263077660313,83.22222222222221,1.007975363820762,27.909738717339668,67.81472684085512,99.1686460807601,59.14489311163895,52.5564803804994,61.31889702621864,50.3562945368171,42.39904988123515
2883,凱基金,金融控股,37.55,-2.467532467532474,1884444084.345,True,54.05835543766578,43.75,-51.73,2026-08-01,False,84.61538461538461,0.6702412868632708,0.0390063254269472,92.83065512978985,-124.62,86.81710213776722,37.88598574821852,67.93349168646081,80.87885985748218,1.78359096313912,55.059806078613576,0.9501187648456058,57.69002375296912
6278,台表科,印刷電路板,248.0,-0.9980039920159722,1862430709.525,True,97.93103448275862,3.8157894736842106,10.87,2026-08-01,False,21.428571428571427,31.56498673740053,0.10249087995764868,99.00199600798403,0.10619151506062963,22.090261282660332,93.23040380047506,84.79809976247031,95.13064133016627,48.51367419738406,68.75261607463122,30.28503562945368,38.56888361045131
8028,昇陽半導體,半導體,285.0,0.0,1853230834.525,True,78.9920424403183,23.55263157894737,25.57,2026-08-01,False,35.60606060606061,20.507399577167018,-0.06149138851344162,79.94389901823283,-6.336567389733805,36.69833729216152,87.41092636579573,20.30878859857482,49.524940617577194,26.991676575505352,44.18693388992292,47.62470308788598,36.60926365795724
3260,威剛,半導體,362.5,-0.6849315068493178,1843305094.65,True,0.0,99.3092105263158,279.81,2026-08-01,False,99.24242424242425,-12.439613526570048,-0.2226512931540171,69.04761904761905,5.422855692855023,97.9809976247031,2.137767220902613,3.32541567695962,25.17814726840855,68.01426872770512,39.3273193037358,97.74346793349169,79.69121140142518
2603,長榮,海運,232.5,0.0,1783007133.225,True,65.20022560631698,34.276315789473685,48.64,2026-08-01,False,27.27272727272727,1.5283842794759825,0.05963930768361705,92.44532803180915,8.06648628738317,27.909738717339668,43.34916864608076,74.22802850356295,80.04750593824228,74.6730083234245,60.041490025730035,69.83372921615202,58.6104513064133
2395,研華,電腦及週邊,727.0,-0.8185538881309684,1773939424.0,True,99.62864721485411,1.348684210526316,87.52,2026-08-01,False,1.7241379310344827,10.6544901065449,0.12892293965405954,98.24324324324324,4.690618343699413,0.7125890736342043,73.75296912114014,89.66745843230403,93.11163895486936,65.04161712247326,64.45725454088421,86.28266033254157,51.58847980997625
1802,台玻,玻璃陶瓷,63.9,-2.7397260273972712,1751708891.3850002,True,66.22950819672131,33.223684210526315,32.59,2026-08-01,False,60.0,6.67779632721202,0.04248284161527027,83.42036553524804,3.243730154279799,61.69833729216152,64.01425178147268,69.59619952494062,59.73871733966746,61.71224732461356,63.35195065257117,54.86935866983374,53.0730403800475
1727,中華化,其他化學,107.0,0.9433962264151052,1734888159.45,True,81.5581253804017,21.44736842105263,62.67,2026-08-01,False,12.5,18.10154525386314,-0.0133868025548955,86.99186991869918,24.54841420886872,12.173396674584323,84.56057007125891,40.26128266033254,67.81472684085512,89.77407847800237,58.91681094500666,78.97862232779097,43.601543942992876
1709,和益,清潔劑,61.0,1.3289036544850363,1693664780.4325001,True,92.09549071618038,12.171052631578947,82.67,2026-08-01,False,40.0,81.54761904761904,-0.012082238565358765,94.86780715396579,3.9698449715490938,41.33016627078385,98.69358669833728,41.33016627078385,86.57957244655582,62.66349583828775,66.11939750494972,84.91686460807601,53.5332541567696
3034,聯詠,半導體,531.0,0.3780718336483968,1636651103.4,True,80.95490716180372,22.039473684210524,26.33,2026-08-01,False,32.57575757575758,-0.5617977528089888,0.1925157337047299,93.65079365079364,2.301469645199706,32.8978622327791,32.18527315914489,96.08076009501187,83.0166270783848,57.78834720570749,60.39377395420563,48.812351543942995,58.135391923990504
2412,中華電,通信網路,146.5,0.6872852233676952,1635761212.75,True,99.6816976127321,1.0526315789473684,25.61,2026-08-01,False,3.8461538461538463,5.39568345323741,0.42238013768934557,100.0,12.046586990740126,2.494061757719715,59.38242280285036,100.0,98.51543942992875,80.97502972651606,68.27339074340298,47.86223277909738,47.37232779097387
3163,波若威,通信網路,689.0,-1.851851851851849,1622082567.95,True,83.9787798408488,19.210526315789473,9.69,2026-08-01,False,34.61538461538461,-5.096418732782369,-0.062468989249112886,53.2046332046332,0.7524595786379216,36.04513064133016,10.570071258907364,19.83372921615202,5.225653206650831,51.36741973840666,24.60840081228941,28.681710213776725,39.84560570071259
2884,玉山金,金融控股,45.0,-1.6393442622950838,1616805107.3749998,True,63.87267904509284,35.19736842105263,19.29,2026-08-01,False,76.92307692307693,-1.2074643249176666,0.029722266732454455,95.13742071881607,2.8448241688974534,79.03800475059383,27.909738717339668,63.77672209026129,87.29216152019002,59.80975029726516,63.56527547512999,39.66745843230404,69.52197149643705
2609,陽明,海運,59.7,1.0152284263959421,1598233267.405,True,78.49162011173185,24.276315789473685,56.17,2026-08-01,False,18.181818181818183,4.18848167539268,0.16042226676006793,90.45454545454545,19.199435295847913,18.40855106888361,54.156769596199524,93.46793349168647,75.29691211401425,86.32580261593341,65.53119377734345,75.17814726840855,53.681710213776725
2615,萬海,海運,111.5,0.0,1578334704.175,True,47.50849377123443,49.53947368421053,65.59,2026-08-01,False,45.45454545454545,-0.4464285714285714,0.002424583868468506,88.14229249011858,16.116824739693975,47.62470308788598,32.8978622327791,50.475059382422806,70.30878859857482,84.78002378121285,57.217287416575104,79.57244655581948,66.15201900237531
3211,順達,電子零組件,388.0,-0.38510911424903815,1565600808.375,True,99.15119363395225,2.236842105263158,17.34,2026-08-01,False,4.333333333333334,3.3288948069241013,0.010084448006826612,82.72921108742004,-2.277779783648036,3.0285035629453683,51.543942992874115,54.63182897862233,57.71971496437055,40.07134363852556,41.399066827467585,37.05463182897862,36.56472684085511
3293,鈊象,資訊服務,788.0,1.025641025641022,1561692361.8,True,53.36870026525199,44.40789473684211,24.8,2026-08-01,False,27.659574468085108,11.299435028248588,0.29129736322487965,96.21489621489621,2.188070838382437,28.50356294536817,75.17814726840855,99.6437054631829,89.90498812351544,57.31272294887039,70.10862534986909,46.55581947743468,47.44655581947744
3044,健鼎,印刷電路板,582.0,0.0,1542125199.0,True,98.9920424403183,2.5657894736842106,65.48,2026-08-01,False,19.047619047619047,20.24793388429752,0.062175201687197625,100.0,10.81432302269993,19.358669833729216,86.69833729216153,75.41567695961994,98.51543942992875,79.19143876337694,71.83591245576328,79.45368171021377,52.65736342042756
8064,東捷,電子設備,133.5,-1.8382352941176516,1527345174.15,True,69.82111944604732,30.92105263157895,-43.5,2026-08-01,False,61.038961038961034,-0.7434944237918215,-0.009835345779864103,77.39130434782608,-20.756644867581567,62.94536817102138,31.353919239904986,42.87410926365796,43.58669833729216,10.344827586206897,38.22098451961668,1.9002375296912115,44.26959619952494
6207,雷科,電子設備,146.0,-1.016949152542368,1521004652.4,True,96.3395225464191,6.184210526315789,35.81,2026-08-01,False,11.688311688311687,25.321888412017167,0.0037441717363828285,88.21752265861026,22.606693099269812,11.163895486935866,90.73634204275535,51.543942992874115,70.54631828978623,88.34720570749109,62.467540903968526,58.55106888361045,37.3812351543943
3693,營邦,電子零組件,736.0,2.506963788300842,1506322983.35,True,91.02409638554217,13.223684210526315,171.01,2026-08-01,False,24.0,10.014947683109119,-0.008369065231332818,100.0,39.37037191490688,24.70308788598575,72.44655581947742,43.58669833729216,98.51543942992875,94.53032104637337,66.75642050381148,94.41805225653206,61.29750593824229
5289,宜鼎,半導體,1250.0,-0.7936507936507908,1476542554.25,True,0.0,99.3092105263158,576.29,2026-08-01,False,99.24242424242425,-8.75912408759124,-0.08401594225559303,62.8140703517588,-60.0861557700789,97.9809976247031,5.225653206650831,15.795724465558195,13.657957244655583,3.2104637336504163,27.174159255043623,99.1686460807601,76.39548693586698
3036,文曄,電子通路,215.5,0.0,1447262524.4,True,53.209549071618035,44.53947368421053,98.21,2026-08-01,False,50.0,13.720316622691293,-0.04112926541468034,71.4759535655058,-28.84031568015881,52.31591448931117,79.80997624703087,26.247030878859857,30.16627078384798,7.491082045184304,39.206054888846836,88.59857482185272,47.81769596199525
8210,勤誠,電子零組件,874.0,0.2293577981651307,1440436312.8,True,69.07161803713528,31.44736842105263,40.54,2026-08-01,False,51.33333333333333,-3.6383682469680267,-0.23006425133441416,56.20578778135048,-19.488222044440462,53.681710213776725,16.152019002375297,2.9691211401425175,7.244655581947744,11.058263971462544,18.221153981940965,63.064133016627075,51.959619952494066
4908,前鼎,通信網路,243.5,-4.133858267716539,1413793856.125,True,97.55968169761273,4.342105263157895,28.93,2026-08-01,False,5.769230769230769,7.032967032967033,-0.015504147106787573,82.96422487223168,-7.83021731780039,4.809976247030879,64.96437054631829,38.71733966745843,58.432304038004744,24.25683709869203,38.23616551950088,51.18764845605701,37.36638954869359
2885,元大金,金融控股,68.3,-2.4285714285714355,1386502388.3799999,True,91.93633952254642,12.269736842105264,57.94,2026-08-01,False,30.76923076923077,-3.257790368271951,-0.008119357357407942,95.52447552447552,-297.1751181440134,31.353919239904986,16.983372921615203,43.942992874109265,88.59857482185272,0.713436385255648,36.31845924854756,76.00950118764845,69.74465558194774
2484,希華,電子零組件,90.6,4.018369690011481,1381586568.37,True,96.9761273209549,5.3618421052631575,25.09,2026-08-01,False,9.333333333333334,31.304347826086946,0.046082897034079896,93.98340248962654,14.826311613408679,9.144893111638956,92.99287410926365,70.66508313539192,84.44180522565321,83.70986920332936,68.19090495705544,47.149643705463184,36.935866983372925
8111,立碁,光電及I/O,93.7,-0.31914893617021045,1356716646.085,True,82.81167108753316,20.13157894736842,-8.8,2026-08-01,False,28.37837837837838,34.82014388489209,0.0015426020654574542,99.36373276776247,0.3237880169128058,28.978622327790976,94.53681710213777,49.6437054631829,95.96199524940617,49.22711058263972,63.66965014503152,9.501187648456057,34.97624703087886
2351,順德,半導體,216.0,-0.917431192660545,1351416240.125,True,90.18567639257294,14.144736842105262,61.22,2026-08-01,False,24.242424242424242,-5.054945054945055,0.041858555910868005,84.04669260700389,5.571813441380179,25.0,10.926365795724466,69.23990498812351,61.63895486935868,68.25208085612367,47.01146130186606,77.90973871733968,63.40558194774347
6426,統新,通信網路,341.0,-1.8705035971222972,1259004204.6,True,67.64946764946765,32.23684210526316,78.21,2026-08-01,False,44.230769230769226,11.074918566775244,-0.05193770768167914,87.10089399744572,0.22624018307587335,46.02137767220903,74.70308788598575,23.040380047505938,67.93349168646081,48.989298454221164,52.137527149276536,83.4916864608076,55.685866983372925
5425,台半,電子零組件,100.5,-3.8277511961722466,1254540096.9099998,True,92.78514588859417,11.31578947368421,22.43,2026-08-01,False,22.0,12.165178571428578,0.029435063022198234,69.79166666666666,3.7714782585418014,22.565320665083135,76.95961995249407,63.42042755344418,26.72209026128266,62.30677764565993,50.3948472155928,43.764845605700714,29.02315914489311
5536,聖暉*,電子設備,1030.0,-1.4354066985645897,1233913731.2,True,89.33687002652519,14.736842105263156,44.54,2026-08-01,False,32.467532467532465,21.034077555816687,-0.015583817627876976,71.77700348432056,20.256255132204156,32.779097387173394,87.76722090261283,38.47980997624703,31.353919239904986,87.03923900118906,55.48385730142546,66.7458432304038,35.77790973871734
6526,達發,半導體,801.0,1.9083969465648831,1226842250.85,True,52.704576976421635,45.0,26.11,2026-08-01,False,62.878787878787875,24.57231726283048,0.19454469018206935,95.13064133016627,6.794157163974102,64.60807600950119,90.14251781472684,96.31828978622327,87.17339667458432,71.3436385255648,81.91718376212008,48.69358669833729,52.58313539192399
2049,上銀,機械,332.5,-2.9197080291970767,1201526514.775,True,73.89920424403184,27.76315789473684,42.3,2026-08-01,False,9.090909090909092,-5.0,-0.008796918734478807,81.19658119658119,6.347071802563555,8.729216152019003,11.045130641330166,43.34916864608076,53.44418052256532,70.15457788347206,37.34445476909346,64.7268408551069,53.963776722090266
1590,亞德客-KY,機械,1205.0,-2.0325203252032575,1193874018.25,True,15.172413793103448,75.78947368421053,43.33,2026-08-01,False,81.81818181818183,-9.737827715355806,-0.14848648308279946,75.54858934169279,-2.9996924610102695,83.78859857482185,3.9192399049881232,7.8384798099762465,39.13301662707839,37.45541022592152,34.426949028557225,65.43942992874109,71.11045130641331
2324,仁寶,電腦及週邊,35.5,-1.6620498614958512,1188475383.9325001,True,72.20159151193634,29.47368421052631,14.5,2026-08-01,False,22.413793103448278,-9.090909090909085,-0.2928526110699814,75.45164718384697,-22.545263336503602,23.040380047505938,4.750593824228028,0.9501187648456058,38.59857482185273,9.512485136741974,15.370430519034855,34.08551068883611,47.74346793349169
2489,瑞軒,光電及I/O,41.0,-0.9661835748792202,1166688675.0949998,True,69.10505836575875,31.38157894736842,23.59,2026-08-01,False,40.54054054054054,4.7254150702426605,-0.029116316891650604,72.56637168141593,-2.8309300507434756,42.280285035629454,56.76959619952494,31.353919239904986,33.4916864608076,38.16884661117717,40.41286670940883,45.36817102137768,41.09263657957245
5314,世紀*,其他,27.15,-1.4519056261343088,1134911265.46,True,6.907894736842106,83.02631578947368,102.52,2026-08-01,False,79.16666666666666,-29.844961240310084,-0.034335161251559,19.532374100719423,-37.48551292588276,81.11638954869359,0.23752969121140144,29.572446555819475,0.4750593824228029,5.231866825208085,23.32665840067107,88.95486935866982,67.57719714964371
2886,兆豐金,金融控股,49.3,-1.0040160642570295,1126557707.4299998,True,77.29442970822281,25.19736842105263,15.55,2026-08-01,False,53.84615384615385,-2.5691699604743166,0.1943217869841854,92.84369114877589,8.486564199146123,56.057007125890735,19.596199524940616,96.19952494061758,80.9976247030879,75.86206896551724,65.7424850520108,35.57007125890736,63.25712589073635
2890,永豐金,金融控股,44.05,-1.3437849944008984,1110774214.77,True,93.63395225464191,10.197368421052632,49.48,2026-08-01,False,23.076923076923077,1.3808975834292159,-0.0024285880981034422,95.8650707290533,-1.0925733780303233,23.634204275534444,41.80522565320665,47.387173396674584,89.19239904988123,43.51961950059453,49.107724375178286,70.19002375296913,60.30285035629454
6285,啟碁,通信網路,256.5,-0.3883495145631022,1106003486.575,True,94.64190981432361,9.078947368421053,81.21,2026-08-01,False,17.307692307692307,8.686440677966102,-0.021979424585000136,80.40752351097179,-3.9226017348550357,17.695961995249405,68.76484560570071,35.273159144893114,50.95011876484561,34.36385255648038,41.40958761343385,84.44180522565321,46.08076009501188
6196,帆宣,電子設備,674.0,0.5970149253731405,1077023101.2,True,97.18832891246684,4.967105263157895,83.89,2026-08-01,False,8.441558441558442,33.99602385685885,0.13938743965161093,99.26362297496318,-18.18831972991157,7.779097387173397,94.06175771971496,90.49881235154395,95.48693586698337,12.247324613555291,60.0147855877942,85.2731591448931,48.61935866983372
4971,IET-KY,半導體,596.0,-1.3245033112582738,1061348492.85,True,93.75433726578764,10.06578947368421,33.03,2026-08-01,False,18.181818181818183,-1.487603305785124,-0.01676422670688463,68.34862385321101,10.890017276665873,18.40855106888361,25.653206650831358,37.76722090261283,24.228028503562946,79.42925089179548,37.097251603537245,55.34441805225653,43.081947743467936
3680,家登,電子設備,571.0,0.7054673721340388,1044834156.25,True,39.7170837867247,54.736842105263165,49.94,2026-08-01,False,77.92207792207793,9.596928982725528,0.0783643813851863,92.6948051948052,-3.2477221803883864,80.04750593824228,71.14014251781472,79.21615201900238,80.64133016627079,36.504161712247324,69.5098584707155,70.66508313539192,65.05344418052258
5475,德宏,印刷電路板,203.0,5.181347150259064,1039780117.65,True,87.78625954198473,16.447368421052634,271.88,2026-08-01,False,52.38095238095239,6.842105263157896,-0.029296656758666283,50.74999999999999,39.882941633994164,54.86935866983374,64.4893111638955,31.235154394299286,3.5629453681710213,94.64922711058263,49.76119934135644,97.26840855106889,47.80285035629454
6415,矽力*-KY,半導體,462.5,1.3143483023001057,1021643136.975,True,43.60742705570292,52.26973684210526,52.54,2026-08-01,False,71.96969696969697,12.804878048780488,-0.0088137931715622,68.7221396731055,2.9204527492004217,74.22802850356295,78.02850356294537,43.23040380047506,24.584323040380045,60.40428061831153,56.095107905135,72.80285035629454,48.39667458432304
4931,新盛力,電子零組件,244.5,-3.168316831683171,1018385390.625,True,74.51108213820078,27.368421052631582,125.87,2026-08-01,False,46.0,1.2422360248447204,-0.04776004407889914,87.32142857142857,-17.622999191592584,48.218527315914486,40.973871733966746,24.46555819477435,68.76484560570071,12.72294887039239,39.029150344149734,92.51781472684085,67.13182897862232
8227,巨有科技,半導體,335.0,-9.946236559139788,1005752454.5,True,30.643402399127588,62.03947368421052,42.25,2026-08-01,False,78.78787878787878,86.11111111111111,0.056568243434638274,90.05376344086021,3.200953887943882,80.64133016627079,98.93111638954869,73.39667458432304,73.99049881235155,61.47443519619501,77.68681102973783,64.60807600950119,55.07719714964371
2305,全友,光電及I/O,64.7,9.847198641765708,992486403.845,True,25.711820534943918,66.05263157894737,239.99,2026-08-01,False,68.91891891891892,94.87951807228914,0.0339248300196558,93.63241678726484,46.618267734044935,70.90261282660333,99.5249406175772,66.270783847981,82.7790973871734,95.95719381688465,83.08692569924392,96.91211401425178,62.76722090261282
3035,智原,半導體,202.0,-3.349282296650713,970997143.975,True,95.38461538461539,7.8618421052631575,29.88,2026-08-01,False,15.530303030303031,15.428571428571427,0.16632596438165723,86.69527896995707,7.740402171272059,15.617577197149643,81.353919239905,94.06175771971496,67.45843230403801,73.24613555291319,66.34756440274415,52.37529691211401,38.52434679334917
6834,天二科技,電子零組件,132.0,5.600000000000005,967592162.95,True,41.49933065595716,53.68421052631579,114.3,2026-08-01,False,77.33333333333333,33.7386018237082,0.012368091194163579,100.0,24.631954920615243,79.45368171021377,93.94299287410927,55.225653206650826,98.51543942992875,90.01189060642093,83.42993156546471,91.56769596199526,68.89845605700712
5351,鈺創,半導體,115.0,0.4366812227074135,964741420.525,True,47.23809523809524,49.80263157894737,525.32,2026-08-01,False,68.18181818181817,-1.7094017094017095,-0.07980452737595693,84.87084870848709,-65.8905142133899,70.19002375296913,24.346793349168646,16.389548693586697,63.77672209026129,2.972651605231867,35.53514789824353,98.69358669833728,77.07838479809976
3131,弘塑,電子設備,2465.0,0.612244897959191,956126172.5,True,73.47480106100795,28.45394736842105,43.35,2026-08-01,False,55.84415584415584,-6.451612903225806,-0.06456551975724721,63.124199743918055,9.69348786125714,58.432304038004744,7.957244655581948,19.47743467933492,13.895486935866982,77.28894173602853,35.410282408963425,65.55819477434679,57.48218527315914
2892,第一金,金融控股,38.65,-0.6426735218509005,945512282.7199999,True,96.76392572944297,5.690789473684211,13.9,2026-08-01,False,7.6923076923076925,2.1136063408190147,0.2283003139766498,94.84662576687116,5.233336815613798,6.828978622327791,45.48693586698337,97.9809976247031,86.46080760095012,67.30083234244947,60.81171041148277,33.3729216152019,45.29394299287411
6715,嘉基,電子零組件,464.0,-4.32989690721649,939417156.5,True,99.6378998189499,1.118421052631579,113.02,2026-08-01,False,2.666666666666667,42.769230769230774,-0.0108194109064947,81.54657293497364,70.63016516923862,1.7814726840855106,96.91211401425178,42.280285035629454,54.750593824228034,97.50297265160523,58.645487641959996,91.33016627078385,37.7375296912114
6290,良維,電子零組件,280.5,-1.405975395430581,918755968.5,True,92.20159151193634,12.039473684210526,18.19,2026-08-01,False,22.666666666666664,6.049149338374291,-0.027509338315426686,76.43051771117166,8.111820686962718,23.159144893111637,61.282660332541575,32.779097387173394,41.33016627078385,75.02972651605232,46.71615907993256,37.88598574821852,35.27315914489311
6451,訊芯-KY,半導體,420.5,-1.4067995310668269,917506702.825,True,91.0979228486647,13.092105263157894,49.81,2026-08-01,False,23.484848484848484,-3.3333333333333335,-0.0002910753392089154,58.08011049723757,17.216582522276703,24.109263657957243,16.6270783847981,48.45605700712589,8.551068883610451,85.4934601664685,36.647385619992036,70.36817102137766,46.600356294536816
2486,一詮,電子零組件,238.5,-0.6249999999999978,913727396.3,True,62.67942583732058,36.31578947368421,46.07,2026-08-01,False,60.0,-2.8513238289205702,-0.0756056882656436,77.68729641693811,4.861479774814086,61.69833729216152,18.883610451306414,17.933491686460805,44.29928741092636,65.39833531510108,41.64261243119123,68.40855106888361,63.88064133016627
3702,大聯大,電子通路,117.5,-2.083333333333337,907369926.05,True,32.891246684350136,60.09868421052632,80.46,2026-08-01,False,69.23076923076923,12.440191387559809,0.1878624827257036,90.38461538461539,-20.587726856917456,71.31828978622327,77.43467933491686,95.60570071258907,74.94061757719716,10.582639714625445,65.97638542511035,84.2042755344418,63.25712589073634
3045,台灣大,通信網路,124.0,1.2244897959183598,894765759.275,True,28.965517241379313,63.881578947368425,8.5,2026-08-01,False,76.92307692307693,5.084745762711865,0.21909382582415382,99.59839357429718,1.0950308904140984,79.03800475059383,58.19477434679335,97.74346793349169,96.55581947743468,53.15101070154577,76.93661544197187,27.315914489311165,61.178741092636585
2377,微星,電腦及週邊,154.5,-0.9615384615384581,886471973.475,True,35.06631299734748,58.453947368421055,-6.06,2026-08-01,False,58.620689655172406,1.3114754098360655,0.11166929212806463,91.42011834319527,-0.9568600368014746,60.33254156769596,41.33016627078385,86.93586698337292,77.19714964370546,44.1141498216409,61.98197485743982,11.63895486935867,51.95961995249406
3094,聯傑,半導體,69.3,2.6666666666666616,874759146.39,True,80.3183023872679,22.63157894736842,30.21,2026-08-01,False,34.090909090909086,68.0,0.0033613446462645476,98.57752489331438,-15.267062406712661,35.62945368171022,98.2185273159145,51.18764845605701,94.06175771971496,14.74435196195006,58.76834782706935,52.73159144893111,46.05106888361044
6538,倉和,光電及I/O,332.5,0.1506024096385561,852429785.125,True,97.37848170398689,4.5394736842105265,55.67,2026-08-01,False,6.756756756756757,3.582554517133956,-0.02055325269442072,74.63524130190797,0.4904942375886563,5.819477434679335,52.49406175771971,36.22327790973871,36.935866983372925,50.05945303210464,36.30642742352306,74.70308788598575,41.24109263657957
6209,今國光,消費性電子,90.1,-0.8800880088008944,849675007.0,True,7.606679035250464,82.69736842105263,106.76,2026-08-01,False,94.73684210526315,16.258064516129025,0.03970243349024817,92.69547325102879,15.684434569866326,94.89311163895488,82.42280285035629,68.28978622327791,80.76009501187649,84.0665873959572,82.08647662408455,90.14251781472684,70.84323040380049
8069,元太,光電及I/O,144.0,-0.6896551724137945,837921845.925,True,19.151193633952253,71.71052631578947,3.29,2026-08-01,False,74.32432432432432,-2.0408163265306123,-0.08534058886706372,57.831325301204814,11.12506883036376,76.36579572446556,23.27790973871734,15.320665083135394,8.31353919239905,80.02378121284185,40.66033819031183,19.596199524940616,45.249406175771966
1785,光洋科,資源回收,103.5,-3.2710280373831724,802425553.095,True,16.074270557029177,74.86842105263159,30.71,2026-08-01,False,59.09090909090909,3.5000000000000004,-0.09684104188796401,55.945945945945944,-18.617531759250184,60.62945368171021,52.01900237529691,13.182897862232778,6.7695961995249405,11.533888228299643,28.8269676694129,53.50356294536817,42.220902612826606
6271,同欣電,半導體,245.5,1.6563146997929712,797672876.55,True,83.76657824933686,19.407894736842106,23.09,2026-08-01,False,31.060606060606062,10.089686098654708,0.08847252165757609,85.3913043478261,4.398783449084604,31.947743467933492,72.80285035629454,81.59144893111639,64.7268408551069,63.85255648038049,62.98428801816637,44.418052256532064,42.07244655581948
8261,富鼎,半導體,180.5,-5.497382198952883,794215483.875,True,75.0132625994695,26.77631578947369,-3.0,2026-08-01,False,43.93939393939394,5.865102639296188,0.0007778654130118865,51.27840909090909,-10.783440444715612,45.605700712589076,60.688836104513065,49.287410926365794,3.9192399049881232,19.024970273483948,35.705231584388,13.420427553444181,25.56413301662708
8086,宏捷科,半導體,154.0,10.000000000000009,793830780.275,True,28.267297457125963,64.40789473684211,12.56,2026-08-01,False,79.54545454545455,40.0,0.02399981339982401,86.03351955307262,-3.1064212143924514,81.71021377672209,95.84323040380048,60.92636579572447,66.3895486935867,36.74197384066588,68.32226650209992,32.066508313539195,46.080760095011875
2801,彰銀,本國銀行,27.95,0.7207207207207134,775863243.8425,True,50.50397877984085,47.03947368421053,21.13,2026-08-01,False,44.44444444444444,2.5688073394495388,-0.020867020589373505,94.42567567567566,8.54502764590155,46.318289786223275,47.74346793349169,35.98574821852731,85.5106888361045,76.21878715814506,58.35539638649836,42.39904988123516,56.62114014251782
6830,汎銓,檢測驗證,530.0,0.0,769758414.2,True,96.79572763684912,5.592105263157895,31.95,2026-08-01,False,16.666666666666664,-7.986111111111111,-0.004008670034097808,54.35897435897436,9.130875648636703,16.7458432304038,5.938242280285035,46.318289786223275,5.819477434679335,76.45659928656362,30.255690403631014,54.156769596199524,42.695961995249405
8042,金山電,電子零組件,138.5,9.92063492063493,767660018.875,True,21.134328358208958,70.06578947368422,38.75,2026-08-01,False,89.33333333333333,22.566371681415927,0.004663187376412519,65.7957244655582,-4.7160855962636745,90.49881235154395,88.71733966745843,52.25653206650831,18.883610451306414,31.391200951248514,56.349499097613126,61.57957244655582,45.56116389548694
3455,由田,電子設備,284.0,1.067615658362997,757078267.325,True,95.75596816976127,6.94078947368421,22.43,2026-08-01,False,12.987012987012985,23.74727668845316,0.0020469233543596857,91.61290322580645,28.085201990821535,12.707838479809977,89.78622327790974,49.8812351543943,77.67220902612827,91.08204518430439,64.22591022450933,43.764845605700714,36.0896674584323
3673,TPK-KY,光電及I/O,74.4,-2.490170380078627,749026164.22,True,18.56763925729443,72.23684210526315,16.14,2026-08-01,False,75.67567567567568,16.43192488262912,-0.04845684306017711,79.14893617021276,2.861611857446155,77.55344418052258,82.6603325415677,24.228028503562946,48.09976247030879,60.04756242568371,58.51782602432913,35.86698337292161,44.71496437054632
1519,華城,電機製品,692.0,-1.4245014245014231,744135083.45,True,70.3380588876772,30.723684210526315,12.5,2026-08-01,False,27.27272727272727,-4.945054945054945,-0.06776817200482786,64.07407407407408,19.698663549530604,27.909738717339668,11.282660332541568,19.121140142517813,15.676959619952493,86.68252080856124,32.13460392418256,31.947743467933492,41.06294536817102
1605,華新,電纜,39.1,-2.0050125313283096,743631977.185,True,50.87533156498674,46.71052631578947,14.97,2026-08-01,False,36.36363636363637,2.6246719160104988,0.10782189310970576,88.26185101580137,-3.160624498870165,37.589073634204276,48.45605700712589,86.10451306413302,70.78384798099762,36.623067776456594,55.91131189258348,34.441805225653205,48.5896674584323
6291,沛亨,半導體,439.0,-6.496272630457933,739781892.7,True,55.50935550935551,41.973684210526315,33.42,2026-08-01,False,59.84848484848485,-5.285868392664509,-0.016065817850122708,64.65390279823269,-8.532240827251165,61.282660332541575,10.21377672209026,38.36104513064133,16.864608076009503,22.35434007134364,29.81528606652526,55.93824228028503,55.967933491686466
6933,AMAX-KY,電腦及週邊,382.0,-0.9079118028534339,737532563.7,True,51.76803394625177,45.921052631578945,191.26,2026-08-01,False,43.103448275862064,20.31496062992126,-0.04340117353116998,96.83143219264892,52.85589548348801,45.13064133016627,86.93586698337292,25.29691211401425,90.73634204275535,96.31391200951248,68.88273489596426,95.36817102137766,61.07482185273159
6197,佳必琪,電子零組件,381.5,2.8301886792452935,718070505.45,True,98.72679045092838,2.8947368421052633,25.35,2026-08-01,False,5.333333333333334,26.955074875207984,0.06229274187192483,100.0,-3.2658466674309174,4.394299287410926,91.44893111638956,75.53444180522565,98.51543942992875,36.1474435196195,61.208111031714886,47.50593824228028,39.7416864608076
3376,新日興,電子零組件,169.5,0.2958579881656709,714219811.55,True,93.15649867374005,10.789473684210527,-10.01,2026-08-01,False,21.333333333333336,-16.707616707616708,-0.23711937755324528,71.51898734177216,-1.6669792669122323,21.852731591448933,0.7125890736342043,2.019002375296912,30.28503562945368,41.97384066587396,19.368639867141535,9.144893111638956,40.142517814726844
3498,陽程,電子設備,225.5,-2.591792656587477,710054549.55,True,34.32835820895522,58.94736842105262,326.05,2026-08-01,False,80.51948051948052,18.997361477572557,-0.028889450703926,95.34883720930233,-37.05546756236794,82.54156769596199,85.62945368171022,31.828978622327792,88.12351543942994,5.35077288941736,58.69485766576946,97.9809976247031,70.7541567695962
6861,睿生光電,醫療耗材,262.5,-2.957486136783738,709268921.05,True,88.59138533178114,15.394736842105264,52.47,2026-08-01,False,2.857142857142857,34.271099744245525,-0.03881588780347575,56.81818181818182,9.656230446294494,1.9002375296912115,94.18052256532067,27.672209026128264,7.4821852731591445,77.17003567181926,41.68103801322371,72.68408551068883,21.97149643705463
1216,統一,飲料乳品,75.6,0.13245033112581073,706636715.0649998,True,7.267904509283819,82.89473684210526,3.79,2026-08-01,False,80.0,-1.4341590612777164,0.0036037399431411727,93.91304347826086,-1.9563643384087497,82.18527315914488,26.128266033254157,51.306413301662715,83.8479809976247,41.02259215219976,56.89810512877724,20.42755344418052,65.08313539192397
3563,牧德,電子設備,730.0,-1.3513513513513487,705132419.95,True,76.28647214854112,26.25,35.68,2026-08-01,False,54.54545454545454,5.0359712230215825,-0.044233505635640304,76.28004179728318,7.965280306168459,56.710213776722085,58.076009501187656,24.70308788598575,40.973871733966746,74.43519619500594,50.97967581857363,58.432304038004744,49.51009501187648
2472,立隆電,電子零組件,243.5,0.0,704892653.9,True,96.28647214854111,6.282894736842105,51.19,2026-08-01,False,13.666666666666666,12.993039443155451,-0.08440495218690722,53.69349503858876,9.982995265435214,13.24228028503563,78.38479809976246,15.558194774346793,5.7007125890736345,77.88347205707491,38.153891561058686,71.61520190023754,28.043349168646085
3090,日電貿,電子通路,174.0,0.0,696931484.15,True,95.64986737400531,7.171052631578948,38.45,2026-08-01,False,5.769230769230769,3.880597014925373,0.011819499398658069,51.17647058823529,-7.363523145766109,4.809976247030879,53.56294536817102,54.86935866983374,3.800475059382423,25.208085612366233,28.45016819135686,61.16389548693587,29.052850356294535
7711,永擎,電腦及週邊,635.0,0.4746835443038,691610567.4,True,72.89719626168224,29.013157894736842,1.66,2026-08-01,False,20.689655172413794,6.902356902356903,-0.02647610742013633,96.21212121212122,-141.2107245082068,21.140142517814727,64.60807600950119,33.1353919239905,89.78622327790974,1.1890606420927468,41.97177887426178,17.695961995249405,41.003562945368174
2618,長榮航,空運,41.4,-1.3110846245530494,691425682.9075,True,30.468248877485564,62.30263157894736,24.92,2026-08-01,False,62.23262032085562,-2.4734982332155577,0.11977668177037239,92.20489977728286,0.6141696259534655,63.77672209026129,19.95249406175772,87.52969121140143,78.97862232779097,50.535077288941736,60.15452139603063,46.79334916864608,67.39904988123516
7734,印能科技,電子設備,2710.0,0.0,690642489.0,True,69.62025316455697,30.986842105263158,-1.27,2026-08-01,False,62.33766233766234,-6.872852233676976,-0.07802261891557966,61.94285714285714,-19.48103925559448,63.895486935866984,7.363420427553444,17.102137767220903,12.351543942992874,11.17717003567182,22.37795182186121,14.84560570071259,45.932304038004744
2356,英業達,電腦及週邊,57.5,-1.0327022375215211,683918182.1099999,True,61.0079575596817,38.223684210526315,35.83,2026-08-01,False,32.758620689655174,-10.15625,-0.188110748691631,67.33021077283372,-18.562820502106227,33.4916864608076,3.681710213776722,4.98812351543943,22.446555819477435,11.652794292508919,15.252174060402021,58.66983372921615,52.73159144893111
5871,中租-KY,租賃,105.5,-0.4716981132075526,683889374.5,True,10.6631299734748,79.14473684210527,-0.68,2026-08-01,False,79.21122994652407,-8.26086956521739,-0.3087951672106191,85.4251012145749,-2.454431814882889,81.23515439429929,5.7007125890736345,0.7125890736342043,64.8456057007126,39.35790725326992,38.37039380219793,15.320665083135394,63.92517814726841
7788,松川精密,電子零組件,305.0,-7.294832826747721,679426067.2,True,39.24050632911392,55.328947368421055,66.41,2026-08-01,False,80.0,4.631217838765009,-0.02164032877269929,83.44733242134062,-10.740089759215948,82.18527315914488,55.93824228028503,35.510688836104514,59.857482185273156,19.14387633769322,50.52711255970017,79.80997624703087,66.47862232779097
2354,鴻準,電子零組件,62.0,-0.16103059581320522,665337823.8549999,True,84.50928381962865,18.88157894736842,58.42,2026-08-01,False,32.666666666666664,-3.875968992248062,0.019744431406938753,84.69945355191257,22.907911006542697,33.1353919239905,14.84560570071259,58.66983372921615,63.18289786223278,88.70392390011891,51.707530623254186,76.12826603325415,64.40023752969121
6199,天品,其他,142.0,1.7921146953405076,645502450.425,True,37.68318213538032,56.44736842105264,171.7,2026-08-01,False,54.166666666666664,47.15025906735752,0.0074891230333764625,100.0,-149.97516094977368,56.294536817102134,97.5059382422803,53.32541567695962,98.51543942992875,1.070154577883472,61.34229694883086,94.53681710213777,62.960213776722085
2221,大甲,基本金屬,192.0,1.3192612137203241,644716522.55,True,99.89389920424404,0.4605263157894736,81.32,2026-08-01,False,2.380952380952381,123.77622377622379,8.11786310333026e-05,97.21518987341771,29.82002408492165,1.6033254156769599,100.0,48.9311163895487,91.56769596199526,91.67657550535078,66.75574265451435,84.67933491686462,44.462589073634206
2834,臺企銀,本國銀行,17.45,-0.5698005698005826,643268493.115,True,58.56763925729444,39.86842105263158,8.82,2026-08-01,False,22.22222222222222,-1.4124293785310735,-0.05015500487239063,93.06666666666666,2.454547543827953,22.86223277909739,26.48456057007126,23.39667458432304,81.94774346793349,58.73959571938169,42.68616142416137,27.790973871733964,51.529097387173394
4939,亞電,印刷電路板,78.3,1.820546163849146,638176093.4100001,True,87.79253636938647,16.38157894736842,45.41,2026-08-01,False,50.0,-12.51396648044693,-0.07304750023837991,83.65384615384616,3.296336664525377,52.31591448931117,2.019002375296912,18.40855106888361,60.688836104513065,61.831153388822834,39.052691485365514,67.6959619952494,69.67042755344418
6168,宏齊,光電及I/O,40.35,-2.6537997587454787,637512611.2899998,True,81.30227001194743,21.644736842105264,18.52,2026-08-01,False,32.432432432432435,41.33099824868652,0.07360378221621318,85.6687898089172,5.8531102724998885,32.66033254156769,96.55581947743468,78.38479809976246,65.20190023752969,68.84661117717003,68.32989230669291,38.18289786223278,34.87232779097387
3675,德微,電子零組件,344.0,-4.311543810848406,634614569.375,True,93.52785145888595,10.328947368421053,31.51,2026-08-01,False,20.666666666666668,25.547445255474454,-0.005102770068623864,76.44444444444444,1.0843244147008093,21.021377672209027,90.97387173396675,45.843230403800476,41.448931116389545,53.03210463733651,50.46390311274046,53.681710213776725,31.294536817102138
5269,祥碩,半導體,1490.0,2.405498281786933,633687212.25,True,4.562334217506631,86.25,-32.51,2026-08-01,False,92.42424242424242,6.428571428571428,0.14414064151171205,93.71069182389937,-1.5396815956321532,92.99287410926365,63.18289786223278,91.68646080760095,83.3729216152019,42.33055885850178,74.71314265056021,2.9691211401425175,54.03800475059383
6691,洋基工程,電子設備,789.0,1.675257731958757,624759864.75,True,82.66897746967071,20.263157894736842,213.7,2026-08-01,False,45.45454545454545,28.292682926829265,0.12776681296102493,98.99623588456713,45.05023774877293,47.62470308788598,92.16152019002375,89.19239904988123,95.01187648456056,95.60047562425684,83.91819488732168,95.84323040380048,61.579572446555815
4938,和碩,電腦及週邊,89.7,-0.33333333333332993,624663882.87,True,87.16180371352785,16.973684210526315,34.11,2026-08-01,False,8.620689655172415,-2.1810250817884405,-0.10463545085302983,91.06598984771573,13.590631358650963,8.194774346793348,22.327790973871732,12.114014251781473,76.36579572446556,82.04518430439953,40.20951192026233,56.65083135391924,54.720902612826606
6727,亞泰金屬,電子設備,530.0,0.7604562737642651,618649552.2,True,94.08866995073892,9.802631578947368,16.55,2026-08-01,False,20.77922077922078,0.7604562737642585,-0.02409700433609253,80.3030303030303,6.376182565937368,21.258907363420427,38.47980997624703,34.204275534441805,50.2375296912114,70.27348394768134,42.8908013026004,36.342042755344416,42.3396674584323
7795,長廣,電子設備,525.0,-3.669724770642202,616458286.625,True,86.20689655172413,17.82894736842105,111.5,2026-08-01,False,37.66233766233766,-5.405405405405405,-0.012518883071918327,78.82882882882883,33.147819099086476,39.19239904988123,9.97624703087886,41.09263657957244,47.387173396674584,92.74673008323424,46.07903722804828,90.85510688836105,66.86460807600952
8103,瀚荃,電子零組件,114.5,-2.9661016949152574,608843665.325,True,89.0185676392573,15.0,51.6,2026-08-01,False,28.000000000000004,-4.184100418410042,-0.030919039110099248,86.74242424242425,7.953424912467781,28.622327790973873,13.420427553444181,30.760095011876487,67.6959619952494,74.31629013079667,42.96302049646813,71.97149643705463,63.71733966745843
2880,華南金,金融控股,45.8,-2.3454157782516027,600635206.95,True,85.51724137931035,18.355263157894736,11.95,2026-08-01,False,38.46153846153847,1.4396456256921342,0.09400109957696644,95.61586638830897,-18.36668074885792,39.90498812351544,42.75534441805225,82.7790973871734,88.71733966745843,12.009512485136742,53.23325641626725,31.47268408551069,54.334916864608076
8027,鈦昇,電子設備,202.5,-2.877697841726623,593613775.875,True,99.43729903536978,1.644736842105263,37.29,2026-08-01,False,1.2987012987012987,14.40677966101695,-0.0065416176179960645,69.11262798634812,-15.486084434031085,0.35629453681710216,80.40380047505938,45.01187648456057,25.415676959619955,14.387633769322235,33.11505644507585,59.73871733966746,26.276722090261284
2542,興富發,建設,39.05,0.6443298969072142,585754679.0625,True,13.687002652519894,77.23684210526316,-20.88,2026-08-01,False,78.57142857142857,-18.134171907756823,-0.03977387468972008,80.02049180327869,-84.93915788943411,80.28503562945369,0.4750593824228029,26.840855106888363,49.6437054631829,2.2592152199762188,31.900774160384792,4.98812351543943,58.61045130641331
7828,創新服務,電子設備,1840.0,2.2222222222222143,581954482.25,True,19.82758620689655,71.11842105263158,192.14,2026-08-01,False,93.5064935064935,-9.582309582309582,-0.0012269033457016337,79.13978494623656,-89.56925383248307,93.82422802850357,4.038004750593824,47.980997624703086,47.980997624703086,2.0214030915576697,39.169126224012246,95.48693586698337,83.31353919239905
2363,矽統,半導體,57.8,-4.777594728171342,576923528.595,True,91.5929203539823,12.5,81.06,2026-08-01,False,22.727272727272727,11.583011583011583,-0.010104272520998207,75.95269382391591,5.082161095349704,23.27790973871734,75.65320665083135,42.63657957244655,39.90498812351544,66.82520808561236,49.659578434224606,84.32304038004752,42.96318289786224
4967,十銓,半導體,269.5,1.6981132075471805,573712223.5,True,0.4641909814323607,96.05263157894737,275.06,2026-08-01,False,97.72727272727273,-3.9215686274509802,-0.07896359299788336,88.50574712643679,138.7902105341802,97.03087885985748,14.608076009501186,16.7458432304038,71.14014251781472,98.92984542211653,59.690957207938744,97.5059382422803,87.76722090261283
4749,新應材,其他化學,759.0,-4.045512010113783,567973424.7,True,10.336538461538462,79.47368421052632,41.95,2026-08-01,False,81.25,-2.6923076923076925,-0.10202460373240331,64.59574468085107,12.252583232697237,83.3729216152019,19.121140142517813,12.707838479809977,16.7458432304038,81.09393579072533,42.60833585173176,64.37054631828978,61.342042755344416
2451,創見,半導體,284.5,-0.8710801393728262,558674784.9,True,0.9549071618037135,94.34210526315789,275.47,2026-08-01,False,96.96969696969697,-0.5244755244755245,0.05111439341204515,78.2668500687758,-46.08875735651844,96.67458432304038,32.541567695961994,72.09026128266032,45.96199524940617,4.280618311533888,50.30980537252056,97.62470308788599,76.92992874109264
4956,光鋐,光電及I/O,42.1,-1.635514018691575,558434798.37,True,90.26086956521739,14.01315789473684,-15.94,2026-08-01,False,18.91891891891892,23.460410557184748,0.009105075517145103,76.96526508226691,-10.598733276879264,19.002375296912113,89.31116389548693,54.27553444180523,42.517814726840854,19.500594530321045,44.92149657827324,6.532066508313539,19.685273159144895
6620,漢達,藥,127.5,2.0000000000000018,546733821.525,True,93.15789473684211,10.723684210526315,-79.92,2026-08-01,False,6.521739130434782,2.82258064516129,-0.03494039259605377,84.71760797342192,-46.22590571495959,5.581947743467933,49.16864608076009,29.334916864608076,63.30166270783848,4.161712247324614,30.30977712879984,0.4750593824228029,30.04750593824228
3583,辛耘,電子設備,736.0,-0.9421265141319024,535675499.15,True,92.62599469496021,11.447368421052632,18.06,2026-08-01,False,22.07792207792208,-0.5405405405405406,-0.09414272609033145,76.19047619047619,10.735753399855742,22.68408551068884,32.4228028503563,13.895486935866982,40.61757719714964,78.95362663495838,37.71471582580403,37.648456057007124,42.13182897862232
2027,大成鋼,基本金屬,48.25,1.0471204188481575,535152432.31000006,True,29.73607038123167,63.026315789473685,46.09,2026-08-01,False,66.66666666666666,-2.2289766970618063,0.07474161303330289,94.6078431372549,0.7777624989143987,68.52731591448931,21.49643705463183,78.62232779097387,86.10451306413302,51.48632580261593,61.24738392536879,68.52731591448931,75.41567695961996
3706,神達,電腦及週邊,80.6,-0.370828182941918,535070598.8349999,True,63.50132625994694,35.46052631578947,119.89,2026-08-01,False,31.03448275862069,-11.719605695509314,-0.0771093505805345,75.32710280373831,36.37255607961896,31.828978622327792,2.6128266033254155,17.695961995249405,38.242280285035626,93.935790725327,36.863167646253046,92.04275534441805,64.87529691211401
6449,鈺邦,電子零組件,271.0,3.632887189292533,531969147.8,True,80.84880636604774,22.171052631578945,21.17,2026-08-01,False,36.666666666666664,20.444444444444446,-0.11536440198215266,58.53131749460043,-5.242596441396191,38.242280285035626,87.29216152019002,9.97624703087886,8.669833729216151,29.25089179548157,34.68628287216045,42.517814726840854,25.53444180522565
4977,眾達-KY,通信網路,172.5,-1.4285714285714235,531905023.425,True,90.6631299734748,13.684210526315791,106.22,2026-08-01,False,28.846153846153843,-0.2890173410404624,0.003948872155600803,63.77079482439926,22.57579030755703,29.572446555819475,33.8479809976247,51.9002375296912,15.439429928741092,88.2282996432818,43.797678931031655,89.90498812351544,50.267220902612834
6789,采鈺,半導體,481.0,-0.9268795056642687,531543127.375,True,68.40077071290945,31.907894736842106,17.99,2026-08-01,False,47.72727272727273,3.8876889848812093,0.044214325903989195,78.72340425531915,-1.4012122900892017,50.2375296912114,53.681710213776725,70.07125890736341,47.03087885985748,42.80618311533888,52.765512157509576,37.52969121140142,45.279097387173394
2467,志聖,電子設備,552.0,-2.987697715289983,523720530.7,True,91.51193633952255,12.631578947368421,60.73,2026-08-01,False,23.376623376623375,-9.508196721311474,-0.11844665193854126,82.63473053892216,-35.115120913058895,23.990498812351543,4.156769596199525,9.619952494061758,57.36342042755345,5.707491082045184,20.16762648244229,77.67220902612827,63.71733966745843
1717,長興,樹脂,74.4,-1.5873015873015706,520405349.61499995,True,92.83819628647215,11.25,20.95,2026-08-01,False,14.285714285714285,2.904564315352709,-0.04899906496878049,87.11943793911007,0.6090719327286891,13.895486935866982,50.0,23.990498812351543,68.17102137767222,50.416171224732466,41.29463567012464,42.16152019002376,43.55700712589074
6643,M31,半導體,489.0,-1.8072289156626509,508509309.875,True,95.73241061130334,7.039473684210526,73.08,2026-08-01,False,13.636363636363635,11.643835616438356,-0.02260857971609779,70.15781922525107,46.82287937297977,13.064133016627078,75.77197149643705,34.91686460807601,27.43467933491687,96.07609988109394,49.45274966743019,81.94774346793349,36.6686460807601
2493,揚博,電子設備,216.5,1.1682242990654235,504051284.375,True,97.50663129973475,4.407894736842105,29.35,2026-08-01,False,5.194805194805195,20.61281337047354,-0.010860370803040819,66.71802773497689,0.23693047263917677,3.9192399049881232,87.64845605700712,42.16152019002376,21.140142517814727,49.10820451843044,40.795512637652834,51.84085510688836,22.31294536817102
2441,超豐,半導體,127.0,0.0,497888985.025,True,96.9761273209549,5.3618421052631575,41.98,2026-08-01,False,10.606060606060606,10.91703056768559,0.10146631750973577,87.58620689655172,3.051775396378652,10.09501187648456,74.46555819477435,84.32304038004752,69.12114014251782,60.879904875148625,59.77693109379457,64.4893111638955,42.309976247030875
2413,環科,電子零組件,57.2,-1.5490533562822706,494166935.39000005,True,17.506874427131073,73.75,2.2,2026-08-01,False,92.0,24.483133841131664,-0.009091910904507002,91.52,-16.314450263129295,92.51781472684085,90.02375296912113,42.99287410926366,77.31591448931117,13.793103448275861,63.328691948562536,18.52731591448931,49.584323040380056
8112,至上,電子通路,85.1,1.6726403823177804,488119006.48,True,9.60212201591512,80.26315789473685,154.83,2026-08-01,False,84.61538461538461,-4.916201117318442,-0.3117751765397101,84.67661691542287,-84.99796792026237,86.81710213776722,11.401425178147269,0.5938242280285035,63.064133016627075,2.140309155766944,32.8033587432674,93.94299287410927,83.10570071258908
6179,亞通,工程承攬,37.8,0.13245033112581073,482536579.8450001,True,74.96503496503496,26.907894736842103,223.28,2026-08-01,False,16.666666666666664,14.199395770392737,-0.009884082109530732,91.19420989143545,-27.032288143800713,16.7458432304038,80.16627078384798,42.75534441805225,76.84085510688836,8.085612366230679,44.918785181084615,96.31828978622327,52.43467933491686
4904,遠傳,通信網路,106.0,0.0,482461791.225,True,62.06896551724138,36.776315789473685,15.65,2026-08-01,False,50.0,1.9230769230769231,0.13040173282185372,94.22222222222221,0.177607928313126,52.31591448931117,44.89311163895487,89.90498812351544,84.91686460807601,48.75148632580262,64.15647303713202,35.74821852731592,57.021971496437054
1409,新纖,人纖,26.05,-0.3824091778202643,480536504.2049999,True,58.9920424403183,39.671052631578945,-8.56,2026-08-01,False,33.33333333333333,6.5439672801636055,0.027499277728129226,82.17665615141956,-28.929844527028237,34.38242280285036,63.657957244655584,62.589073634204276,56.53206650831354,7.37217598097503,44.906739234199755,9.85748218527316,34.27850356294537
8110,華東,半導體,49.25,-0.5050505050505083,475630456.14750004,True,2.010968921389397,90.85526315789474,24.85,2026-08-01,False,96.21212121212122,12.571428571428573,-0.03744552856046439,55.96590909090909,4.976813508861699,96.31828978622327,77.67220902612827,28.38479809976247,6.88836104513064,65.63614744351962,54.97996108015285,46.67458432304038,43.05225653206651
1711,永光,染料及顏料,46.25,1.7601760176017445,469541194.55,True,99.88262910798123,0.6578947368421052,33.16,2026-08-01,False,16.666666666666664,17.088607594936708,0.024704984058878804,74.59677419354838,8.37444195627798,16.7458432304038,83.3729216152019,61.63895486935868,36.81710213776722,75.50535077288941,54.8160345251242,55.463182897862225,31.413301662707838
2634,漢翔,機車船製造,63.2,-0.6289308176100628,467438923.1049999,True,61.697612732095486,37.10526315789473,13.15,2026-08-01,False,25.0,-4.097116843702583,-0.01257272607913083,86.22100954979537,-0.3052431998526668,25.653206650831358,13.657957244655583,40.973871733966746,66.6270783847981,47.205707491082045,38.82356430106677,32.4228028503563,52.76128266033254
3029,零壹,資訊服務,114.5,-0.8658008658008698,454673547.975,True,73.36870026525199,28.55263157894737,44.44,2026-08-01,False,12.76595744680851,2.690582959641256,-0.008002357334628578,91.60000000000001,5.374061428475805,12.470308788598574,48.812351543942995,44.06175771971497,77.55344418052258,67.77645659928656,50.13486376641314,66.3895486935867,51.90023752969121
5880,合庫金,金融控股,26.45,-0.37664783427495685,452841730.9799999,True,44.244031830238725,51.90789473684211,23.6,2026-08-01,False,92.3076923076923,-1.4897579143389277,0.10923145279241925,95.83333333333333,11.720192652703098,92.81472684085512,25.534441805225654,86.34204275534442,88.95486935866982,80.49940546967895,74.82909724595478,45.48693586698337,75.43052256532067
4576,大銀微系統,機械,228.5,-1.5086206896551713,449443854.175,True,41.74698795180723,53.61842105263158,98.05,2026-08-01,False,66.66666666666666,-2.9723991507431,-0.00490795855314218,80.31634446397187,24.46669294007596,68.52731591448931,18.28978622327791,45.96199524940617,50.3562945368171,89.53626634958383,54.53433165471487,88.47980997624703,72.26840855106889
6640,均華,電子設備,1050.0,-2.777777777777779,448616650.5,True,76.97612732095492,25.526315789473685,18.69,2026-08-01,False,53.246753246753244,-13.580246913580247,-0.054732950977934736,59.65909090909091,-76.31929821299234,55.34441805225653,1.66270783847981,22.446555819477435,9.501187648456057,2.3781212841854935,18.266598128571065,38.59857482185273,50.44536817102137
5386,青雲,電子通路,282.5,0.3552397868561208,444712510.55,True,1.1140583554376657,93.78289473684211,1846.21,2026-08-01,False,100.0,9.70873786407767,-0.006866378673707199,47.63912310286678,844.6256106108158,99.1686460807601,71.49643705463184,44.77434679334917,2.375296912114014,99.88109393579072,63.539164155329175,99.6437054631829,57.42280285035629
1504,東元,電機製品,71.7,-2.1828103683492417,438416739.735,True,85.72944297082228,18.157894736842106,16.83,2026-08-01,False,9.090909090909092,1.846590909090905,-0.01091519536988934,60.0,6.565894830593487,8.729216152019003,44.418052256532064,42.042755344418055,9.85748218527316,70.8680142687277,35.183104041393996,36.57957244655582,27.68705463182898
2474,可成,電子零組件,195.5,-1.7587939698492483,429118399.35,True,59.52254641909814,39.276315789473685,-40.46,2026-08-01,False,64.0,-4.634146341463414,-0.150239326698195,76.07003891050583,2.8131967086339102,66.09263657957246,11.995249406175772,7.719714964370546,40.26128266033254,59.571938168846614,37.12816435585959,2.137767220902613,49.12410926365796
6414,樺漢,電腦及週邊,399.0,1.0126582278481067,426174934.575,True,51.88328912466843,45.69078947368421,43.06,2026-08-01,False,39.6551724137931,6.117021276595745,-0.0033166762501815336,79.32405566600397,-8.639275295667971,40.973871733966746,61.75771971496437,46.79334916864608,48.45605700712589,21.997621878715815,43.995723900683785,65.20190023752969,48.218527315914486
2436,偉詮電,半導體,71.2,-1.6574585635359185,424839451.96,True,3.183023872679045,88.22368421052632,32.15,2026-08-01,False,93.93939393939394,6.1102831594635,0.0403271043135229,88.4472049689441,1.0303400204212885,94.06175771971496,61.63895486935868,68.646080760095,71.02137767220903,52.79429250891795,69.63249270605914,54.27553444180523,64.42992874109264
6831,邁科,電子零組件,476.0,-2.4590163934426257,424623884.325,True,5.714285714285714,84.60526315789474,29.1,2026-08-01,False,98.0,-15.0,-0.14409736954360763,49.7907949790795,-0.7817565895040879,97.26840855106889,1.0688836104513064,7.957244655581948,3.2066508313539197,45.65992865636147,31.03222326096351,51.306413301662715,62.67814726840855
1714,和桐,清潔劑,19.95,1.526717557251911,415744833.37749994,True,31.263736263736263,61.18421052631579,56.11,2026-08-01,False,60.0,22.769230769230763,0.031924324976158214,87.6923076923077,-12.857574181811202,61.69833729216152,89.07363420427554,64.96437054631829,69.35866983372921,17.00356718192628,60.41971581168217,74.94061757719716,54.23099762470309
3030,德律,電子設備,313.5,0.0,415427301.85,True,89.70822281167109,14.539473684210527,31.88,2026-08-01,False,31.16883116883117,16.11111111111111,0.048369820875474305,74.73182359952324,8.381447629464908,32.066508313539195,82.18527315914488,71.49643705463184,37.29216152019003,75.62425683709868,59.73292737692093,54.03800475059383,35.30285035629454
6739,竹陞科技,電子設備,1080.0,-1.8181818181818188,414903864.0,True,21.611001964636543,69.60526315789474,96.73,2026-08-01,False,90.9090909090909,-5.676855895196507,-0.04919422988916061,63.1578947368421,-2.386146435452787,91.8646080760095,9.026128266033254,23.871733966745843,14.014251781472684,39.833531510107015,35.72205072007366,88.12351543942994,71.24406175771972
4763,材料*-KY,其他化學,46.65,0.6472491909385036,406162350.1225,True,34.69496021220159,58.81578947368421,20.82,2026-08-01,False,62.5,-5.0864699898270604,-0.08351010667335748,75.60777957860616,6.565083187090194,64.19239904988123,10.807600950118765,15.914489311163896,39.311163895486935,70.74910820451844,40.19495228223385,42.042755344418055,58.684679334916865
2375,凱美,電子零組件,130.5,0.7722007722007707,394389512.15,True,88.27586206896552,15.723684210526315,37.59,2026-08-01,False,28.999999999999996,6.097560975609756,-0.029108400412727175,56.12903225806451,6.290939614406316,29.750593824228027,61.40142517814727,31.47268408551069,7.1258907363420425,69.79785969084423,39.90969070301445,60.09501187648456,33.89251781472684
2353,宏碁,電腦及週邊,31.3,0.0,393609553.1,True,41.2327311370882,53.94736842105263,38.41,2026-08-01,False,50.0,0.8051529790660225,0.07145215956210725,72.11981566820278,19.302127746489393,52.31591448931117,38.836104513064136,77.55344418052258,32.66033254156769,86.4447086801427,57.56210088092166,60.98574821852731,51.781472684085514
2478,大毅,電子零組件,134.5,0.0,391733273.05,True,95.75596816976127,6.94078947368421,43.63,2026-08-01,False,15.333333333333332,11.15702479338843,-0.02445574262538564,55.578512396694215,1.3381313694859784,14.84560570071259,74.82185273159145,34.08551068883611,6.532066508313539,54.577883472057074,36.97258382030215,65.7957244655582,28.08788598574822
5434,崇越,電子通路,596.0,-1.4876033057851235,386663375.1,True,98.93899204244032,2.631578947368421,36.34,2026-08-01,False,1.9230769230769231,12.030075187969924,0.002644882514596802,96.12903225806451,-0.9310010312715065,1.1282660332541568,76.84085510688836,50.5938242280285,89.66745843230403,44.70868014268728,52.58781678863246,59.026128266033254,43.24524940617577
6944,兆聯實業,資源回收,860.0,-5.286343612334798,385942425.2,True,32.33532934131736,60.59210526315789,37.21,2026-08-01,False,50.0,21.813031161473088,0.1620591007730457,80.37383177570094,5.043220043184618,52.31591448931117,88.24228028503563,93.82422802850357,50.5938242280285,66.34958382877527,70.26516617193083,59.61995249406176,43.57185273159145
2466,冠西電,光電及I/O,198.5,9.972299168975063,385767517.275,True,46.99927693420101,50.13157894736842,59.92,2026-08-01,False,56.75675675675676,101.3184584178499,0.03831090089200131,100.0,25.543441590833744,58.78859857482185,99.6437054631829,67.6959619952494,98.51543942992875,90.48751486325803,83.02624406528818,77.07838479809976,58.68467933491686
5309,系統電,汽車組件,67.8,0.8928571428571397,385375528.92999995,True,94.79865771812081,8.75,27.55,2026-08-01,False,11.11111111111111,33.72781065088756,0.05813243883916322,82.88508557457213,7.236634807107922,10.629453681710213,93.82422802850357,73.63420427553444,58.076009501187656,72.65160523186682,61.76310014376054,50.1187648456057,31.25
2421,建準,電子零組件,168.0,-2.0408163265306145,383935427.375,True,55.96816976127321,41.776315789473685,26.03,2026-08-01,False,68.0,0.0,0.06326517763158576,88.65435356200527,0.5860252109888116,70.07125890736341,34.857482185273156,76.00950118764845,71.61520190023754,50.29726516052319,60.57014186820915,48.574821852731596,63.85095011876484
3019,亞光,消費性電子,137.0,-0.7246376811594235,381517763.4,True,63.23607427055703,35.756578947368425,15.29,2026-08-01,False,42.10526315789473,-1.083032490974729,-0.028517085152862005,83.53658536585365,0.8776956714813355,43.64608076009501,28.741092636579573,32.304038004750595,60.33254156769596,51.724137931034484,43.34957818003112,35.15439429928741,52.5979809976247
8033,雷虎,無人載具,170.5,-2.011494252873558,379883541.5,True,66.87956204379562,32.631578947368425,74.96,2026-08-01,False,32.82085561497326,-2.292263610315186,-0.016087312519649954,63.26530612244898,46.589944764778096,33.6104513064133,20.902612826603324,38.242280285035626,14.251781472684085,95.83828775267538,40.569082728682346,82.6603325415677,52.40498812351544
3265,台星科,半導體,238.5,9.907834101382495,378418668.175,True,95.59681697612731,7.269736842105264,3.36,2026-08-01,False,14.393939393939394,43.24324324324324,0.10225407339735729,100.0,-1.1372867162571496,14.370546318289787,97.03087885985748,84.67933491686462,98.51543942992875,43.281807372175976,67.57560137942332,19.95249406175772,33.9519002375297
7792,安葆,電機製品,403.5,-0.7380073800738018,377146371.025,True,66.86746987951807,32.69736842105263,67.72,2026-08-01,False,36.36363636363637,27.488151658767773,0.0519520382753257,89.3687707641196,34.21744574803065,37.589073634204276,91.80522565320665,72.20902612826603,72.92161520190024,93.22235434007135,73.54945899152969,80.28503562945369,49.747624703087894
2605,新興,海運,36.7,0.2732240437158584,375705950.13,True,1.7942583732057416,91.51315789473684,58.75,2026-08-01,False,100.0,0.5479452054794599,0.03787511234788463,84.65974625144176,9.87056100915256,99.1686460807601,37.410926365795724,67.45843230403801,62.94536817102138,77.64565992865636,68.92580657005432,76.24703087885986,75.2375296912114
5439,高技,印刷電路板,260.5,-0.5725190839694694,374213983.5,True,31.246684350132625,61.25000000000001,5.24,2026-08-01,False,92.85714285714286,1.1650485436893203,-0.00602135136330396,59.00339750849377,-5.377227179431063,93.34916864608076,40.736342042755346,45.48693586698337,8.907363420427554,29.131985731272298,43.52235914150386,22.68408551068884,46.051068883610455
6693,廣閎科,半導體,196.5,-0.25380710659898,372432749.725,True,50.0,47.5,114.2,2026-08-01,False,65.9090909090909,4.8,-0.03862310766842399,71.06690777576854,4.1732460251814985,67.57719714964371,57.36342042755345,28.028503562945367,29.334916864608076,63.020214030915575,49.06485040713324,91.44893111638956,57.74940617577197
5340,建榮,印刷電路板,94.4,4.888888888888898,366523673.865,True,16.127320954907162,74.73684210526315,47.77,2026-08-01,False,95.23809523809523,14.424242424242431,-0.03408098926960576,70.44776119402985,7.437722511910231,95.30878859857482,80.52256532066508,29.69121140142518,28.50356294536817,72.88941736028538,61.38310912526373,69.35866983372921,53.162114014251785
5904,寶雅,百貨批發,69.5,-0.8559201141226769,360957362.775,True,34.23855165069223,59.01315789473684,10.32,2026-08-01,False,45.0,-3.0683403068340347,-0.060464910546853184,9.430122116689281,-2.309026883009208,46.912114014251785,18.171021377672208,21.021377672209027,0.23752969121140144,39.95243757431629,25.25889606593214,29.216152019002372,39.54869358669834
4916,事欣科,電腦及週邊,102.0,-0.4878048780487809,359460477.825,True,30.05743458838545,62.69736842105264,82.96,2026-08-01,False,67.24137931034483,7.030430220356772,0.012628968544713827,81.92771084337349,-14.51525706997404,69.35866983372921,64.8456057007126,55.463182897862225,55.87885985748219,15.695600475624257,52.2483837530821,85.03562945368171,61.35688836104512
4770,上品,樹脂,282.0,5.42056074766355,356518365.925,True,99.39707149009475,1.776315789473684,-29.5,2026-08-01,False,7.142857142857142,20.51282051282051,0.06808407373015525,98.42931937172776,-33.25681041794665,6.294536817102138,87.52969121140143,76.84085510688836,93.70546318289786,6.064209274673008,54.08695111859256,3.44418052256532,28.978622327790973
2030,彰源,基本金屬,35.55,-3.2653061224489854,355206850.56750005,True,54.33114035087719,43.28947368421053,57.69,2026-08-01,False,30.952380952380953,49.36974789915965,0.03656393716735129,92.578125,13.431790406491075,31.65083135391924,97.9809976247031,67.3396674584323,80.28503562945369,81.80737217598097,71.81278084849785,75.77197149643705,47.431710213776725
7750,新代,機械,1975.0,-1.0025062656641603,355021973.5,True,22.35294117647059,68.8157894736842,151.07,2026-08-01,False,75.75757575757575,-14.686825053995682,-0.17081149012768237,64.33224755700326,-17.30205071958619,77.67220902612827,1.4251781472684086,6.294536817102138,16.389548693586697,13.079667063020214,22.972227949421146,93.58669833729216,71.55581947743468
2912,統一超,百貨批發,213.0,-0.23419203747072626,349447572.45,True,2.3342175066313,90.0657894736842,4.82,2026-08-01,False,85.0,-1.8433179723502304,0.00886176402570357,85.88709677419355,-1.7161514466800094,87.23277909738717,23.871733966745843,54.156769596199524,65.67695961995248,41.73602853745541,54.53485416354808,22.209026128266032,62.81175771971496
3576,聯合再生,光電及I/O,18.15,-2.4193548387096975,349323712.27250004,True,10.294117647058822,79.53947368421052,-13.03,2026-08-01,False,77.02702702702703,7.396449704142012,0.04277777177377391,67.97752808988764,-29.766281026503997,79.21615201900238,65.32066508313538,69.71496437054631,23.39667458432304,7.015457788347206,48.93278276907087,7.600950118764846,36.22327790973872
4906,正文,通信網路,41.8,-0.9478672985782088,347378173.88500005,True,95.45150501672241,7.697368421052632,56.09,2026-08-01,False,13.461538461538462,15.789473684210515,0.027967713465544688,78.27715355805242,28.39202107463578,12.945368171021377,81.71021377672209,62.70783847980997,46.080760095011875,91.31985731272295,58.952807567057654,74.82185273159145,38.034441805225654
2316,楠梓電,印刷電路板,171.0,-4.469273743016755,336443688.0,True,57.24137931034483,40.85526315789474,61.19,2026-08-01,False,80.95238095238095,8.227848101265822,-0.023018485556486477,72.92110874200426,6.706159014047273,82.83847980997625,67.6959619952494,34.679334916864605,34.204275534441805,71.10582639714626,58.10477573073566,77.79097387173397,56.78444180522566
4722,國精化,樹脂,215.5,-3.7946428571428603,330241664.65,True,87.3209549071618,16.74342105263158,24.14,2026-08-01,False,21.428571428571427,11.658031088082902,-0.01644666898228155,70.30995106035888,-1.9553356724608442,22.090261282660332,75.89073634204276,38.00475059382423,27.909738717339668,41.14149821640904,41.00739703045521,46.080760095011875,30.047505938242278
2399,映泰,電腦及週邊,49.2,-1.501501501501501,329367806.50750005,True,19.8,71.25,40.0,2026-08-01,False,77.58620689655173,7.776560788608991,0.028617621311417513,89.45454545454547,26.53184626931973,79.57244655581948,66.1520190023753,63.18289786223278,73.04038004750593,90.72532699167658,74.53461409192201,62.70783847980997,62.29216152019002
6218,豪勉,資訊服務,56.0,-7.894736842105255,328520347.45500004,True,81.67539267015707,21.25,52.85,2026-08-01,False,8.51063829787234,19.91434689507494,-0.01501649689468628,82.7178729689808,18.985747369152826,7.957244655581948,86.34204275534442,38.95486935866984,57.60095011876485,85.96908442330559,55.36483826233332,72.92161520190024,38.034441805225654
8043,蜜望實,電子通路,146.5,1.0344827586206806,328213585.425,True,62.064896755162245,36.84210526315789,54.48,2026-08-01,False,32.69230769230769,6.159420289855073,-0.005465105976683321,64.67991169977924,-0.8837479289484804,33.31353919239905,62.05463182897862,45.605700712589076,16.983372921615203,45.18430439952438,40.62830981102127,74.10926365795724,40.587885985748215
3717,聯嘉投控,汽車組件,27.75,1.0928961748633892,320980967.38,True,93.93939393939394,9.868421052631579,10.01,2026-08-01,False,13.88888888888889,29.672897196261687,0.009404872137233325,94.54855195911414,,13.420427553444181,92.63657957244655,54.39429928741093,85.98574821852732,,61.60926365795724,28.859857482185276,33.90736342042756
8096,擎亞,電子通路,90.3,0.2219755826859071,315333056.95,True,74.38271604938271,27.434210526315788,269.56,2026-08-01,False,23.076923076923077,-10.594059405940596,0.06303118855694784,53.27433628318584,-139.38383520140871,23.634204275534444,3.44418052256532,75.65320665083135,5.344418052256532,1.3079667063020213,21.876795241497934,97.14964370546319,55.67102137767221
3236,千如,電子零組件,58.9,4.804270462633453,311994833.61499995,True,74.66091245376079,27.302631578947366,19.39,2026-08-01,False,45.33333333333333,35.55811277330264,0.002305326907867324,80.68493150684931,-2.894902174369193,47.26840855106889,94.89311163895488,50.2375296912114,52.37529691211401,37.93103448275862,56.54107625522156,39.78622327790974,36.13420427553444
4551,智伸科,汽車組件,184.0,-1.6042780748663055,311601432.425,True,49.86737400530504,47.63157894736842,33.5,2026-08-01,False,55.55555555555556,12.883435582822086,-0.1398378367029971,65.24822695035462,4.40759617121185,57.83847980997625,78.26603325415678,8.194774346793348,18.171021377672208,63.97146254458978,45.28835426663767,56.11638954869359,38.46496437054632
3014,聯陽,半導體,145.0,-2.684563758389258,308385355.925,True,64.19098143236074,34.93421052631579,5.33,2026-08-01,False,50.75757575757576,11.538461538461538,0.03122742571256772,86.05341246290801,1.0057937680896893,53.56294536817102,75.53444180522565,64.7268408551069,66.5083135391924,52.437574316290124,62.554023176797216,22.921615201900238,41.8646080760095
2428,興勤,電子零組件,282.0,5.617977528089879,307811868.025,True,96.60477453580903,5.822368421052632,51.21,2026-08-01,False,11.333333333333332,11.242603550295858,-0.007130795967060857,82.09606986899564,2.478336369266458,10.807600950118765,75.05938242280284,44.655581947743464,56.41330166270784,58.85850178359097,49.158873753392776,71.73396674584322,40.973871733966746
6214,精誠,資訊服務,192.0,1.3192612137203241,307304414.7,True,57.55968169761273,40.6578947368421,61.91,2026-08-01,False,21.27659574468085,3.783783783783784,0.14060162650474312,98.7146529562982,5.034636909483318,21.73396674584323,53.32541567695962,90.85510688836105,94.53681710213777,66.230677764566,65.33639683557354,78.26603325415678,60.30285035629454
2812,台中銀,本國銀行,18.8,-0.2652519893899252,306618862.145,True,33.262599469496024,59.70394736842105,1.76,2026-08-01,False,88.88888888888889,-3.0927835051546286,-0.10925764343536387,83.92857142857144,-4.867357221207934,90.02375296912113,17.933491686460805,10.807600950118765,61.40142517814727,31.03448275862069,42.240150708493736,17.81472684085511,62.826603325415675
4542,科嶠,電子設備,329.0,-2.3738872403560873,303005407.275,True,86.1556743909685,17.960526315789473,194.65,2026-08-01,False,40.25974025974026,19.636363636363637,-0.015561753944989199,66.59919028340082,60.93200077522113,41.80522565320665,85.98574821852732,38.59857482185273,20.54631828978622,96.78953626634959,56.7450806499445,95.60570071258907,42.99287410926365
2637,慧洋-KY,海運,98.4,1.6528925619834878,302426964.39,True,59.46949602122016,39.3421052631579,34.96,2026-08-01,False,36.36363636363637,0.30581039755352846,0.128426791061548,96.00000000000001,-14.738337951609992,37.589073634204276,36.104513064133016,89.54869358669833,89.54869358669833,15.338882282996433,53.625971230946085,57.71971496437055,62.18824228028504
3147,大綜,資訊服務,308.0,4.406779661016946,299799592.35,True,87.74535809018568,16.513157894736842,233.48,2026-08-01,False,2.127659574468085,41.284403669724774,-0.008239172204071481,88.0,4.9962968266291625,1.4251781472684086,96.43705463182897,43.82422802850356,70.01187648456056,65.87395957193817,55.51445937281994,96.67458432304038,42.9186460807601
2468,華經,資訊服務,40.65,-2.8673835125448077,298568390.11,True,70.61007957559681,30.526315789473685,-28.59,2026-08-01,False,17.02127659574468,25.076923076923073,4.6733678156356986e-05,82.79022403258655,-40.951319400240465,17.458432304038006,90.61757719714964,48.812351543942995,57.95724465558195,4.9940546967895365,43.96793207950042,3.5629453681710213,22.090261282660336
6409,旭隼,電子零組件,868.0,-2.2522522522522515,296203305.0,True,45.03978779840849,51.348684210526315,-3.16,2026-08-01,False,75.33333333333333,-9.394572025052192,-0.054386139791054416,67.28682170542636,-12.616451120210643,77.43467933491686,4.275534441805226,22.802850356294538,22.327790973871732,17.122473246135552,28.792665670604784,12.945368171021377,52.10807600950119
6781,AES-KY,電子零組件,1020.0,-0.4878048780487809,295185653.75,True,25.166543301258326,66.51315789473684,26.64,2026-08-01,False,88.0,-4.225352112676056,-0.08801988599405297,68.0,-0.17879063915250626,89.31116389548693,12.945368171021377,14.489311163895488,23.634204275534444,47.4435196195006,37.56471342508777,49.228028503562946,62.307007125890735
1513,中興電,電機製品,167.0,-0.5952380952380931,295010284.95,True,47.05570291777189,50.0,8.93,2026-08-01,False,63.63636363636363,1.2121212121212122,0.2324861178293673,89.3048128342246,1.9056323049205597,65.43942992874109,40.85510688836104,98.2185273159145,72.80285035629454,56.24256837098692,66.71169657205962,28.028503562945367,56.353919239905
2610,華航,空運,20.15,-0.982800982801002,292979271.5324999,True,24.268292682926827,67.23684210526316,27.22,2026-08-01,False,67.24598930481284,-2.1844660194174894,0.02219793027909484,83.26446280991735,0.09406601990053787,69.47743467933492,22.209026128266032,60.33254156769596,59.50118764845605,48.39476813317479,51.98299163138555,49.7624703087886,64.13301662707839
5876,上海商銀,本國銀行,49.65,0.3030303030302939,291955173.0875,True,44.19098143236074,51.973684210526315,7.06,2026-08-01,False,77.77777777777779,1.8461538461538431,0.25320295035150464,99.39939939939939,-0.36670048199627736,79.80997624703087,44.29928741092636,98.812351543943,96.08076009501187,46.9678953626635,73.19405413191512,24.94061757719715,64.13301662707838
2498,宏達電,消費性電子,42.0,-0.7092198581560183,291137520.2025,True,54.694835680751176,42.76315789473684,-7.71,2026-08-01,False,52.63157894736842,4.4776119402985,-0.08179509459143473,76.92307692307692,-9.36401696417268,54.98812351543943,55.225653206650826,16.033254156769598,42.39904988123516,20.80856123662307,37.890928399343615,10.570071258907364,38.182897862232785
2347,聯強,電子通路,96.4,-0.4132231404958553,290526170.8,True,74.37665782493369,27.532894736842106,122.02,2026-08-01,False,25.0,8.43644544431946,0.25312544031853257,99.27909371781669,-6.096423123426817,25.653206650831358,68.28978622327791,98.69358669833728,95.60570071258907,27.824019024970276,63.21325986200118,92.16152019002375,61.28266033254157
5328,華容,電子零組件,58.3,0.5172413793103292,290409758.895,True,76.83544303797468,25.723684210526315,28.28,2026-08-01,False,41.333333333333336,-1.3536379018612594,-0.018055017570757902,70.75242718446601,-16.31686989950444,42.87410926365796,26.959619952494062,36.81710213776722,28.859857482185276,13.674197384066588,29.836977244034223,50.712589073634206,48.87173396674584
4772,台特化,其他化學,274.5,-0.9025270758122761,289676624.325,True,9.475806451612904,80.39473684210526,18.89,2026-08-01,False,87.5,10.02004008016032,-0.01355304811773457,73.00531914893617,-168.07433285117145,88.89548693586698,72.56532066508314,40.142517814726844,34.56057007125891,0.9512485136741973,47.42302880012201,39.311163895486935,47.55047505938243
2855,統一證,證券,58.6,1.5597920277296229,287597545.49999994,True,4.137931034482759,86.71052631578947,109.88,2026-08-01,False,37.5,12.26053639846743,0.19699150077926814,99.15397631133672,0.37949532567353117,38.95486935866984,77.07838479809976,96.91211401425178,95.36817102137766,49.464922711058264,71.55569238069145,90.61757719714964,61.965558194774346
3141,晶宏,半導體,79.1,-2.944785276073625,285577843.18500006,True,42.98745724059293,52.828947368421055,79.77,2026-08-01,False,72.72727272727273,-17.08595387840672,-0.06082336882234647,77.17073170731706,36.362694672794355,74.94061757719716,0.5938242280285035,20.783847980997624,42.87410926365796,93.81688466111771,46.60185674219979,83.8479809976247,75.26722090261283
6548,長科*,半導體,77.3,-0.7702182284980874,279062602.29,True,93.07774227902024,10.921052631578949,43.66,2026-08-01,False,19.696969696969695,9.490084985835699,-0.033175062970239665,78.79714576962283,4.7508597791696445,19.95249406175772,71.02137767220903,30.16627078384798,47.149643705463184,65.16052318668251,46.69006188199209,65.91448931116389,40.49881235154395
7751,竑騰,電子設備,1620.0,1.2499999999999956,275466533.5,True,66.42066420664207,33.026315789473685,41.32,2026-08-01,False,63.63636363636363,4.854368932038835,0.06787760716685454,59.66850828729282,-11.85728809822433,65.43942992874109,57.71971496437055,76.72209026128266,9.619952494061758,18.192627824019027,45.53876309449502,64.01425178147268,45.33847980997624
8040,九暘,半導體,89.0,-1.3303769401330379,272660540.88,True,98.56938483547926,3.0921052631578947,54.12,2026-08-01,False,3.787878787878788,12.658227848101266,-0.014137087113027708,71.2,10.40773258349332,2.375296912114014,77.79097387173397,39.78622327790974,29.69121140142518,78.35909631391202,45.600560355418985,73.57482185273159,31.962589073634202
4966,譜瑞-KY,半導體,558.0,-1.7605633802816878,267710920.75,True,20.212201591511935,70.82236842105263,0.23,2026-08-01,False,84.84848484848484,2.010968921389397,-0.1367521744393418,64.13793103448275,-2.476921289096739,87.05463182897863,45.01187648456057,8.31353919239905,15.914489311163896,39.23900118906064,39.10670760123256,16.389548693586697,43.58669833729216
9904,寶成,鞋及旅行箱,25.05,0.4008016032064132,267388402.81750003,True,2.0159151193633953,90.78947368421053,4.33,2026-08-01,False,88.88888888888889,1.4170040485830018,-0.05020555716881378,77.79503105590062,4.187574086430414,90.02375296912113,42.517814726840854,23.27790973871734,44.53681710213777,63.13912009512486,52.69908292638839,21.021377672209027,53.26603325415677
1102,亞泥,水泥製造,36.35,1.253481894150421,266485078.26999998,True,22.175066312997345,68.88157894736841,-1.3,2026-08-01,False,42.857142857142854,3.26704545454545,0.24866890494624422,93.2051282051282,2.3735108970591847,44.71496437054632,51.306413301662715,98.57482185273159,82.18527315914488,58.14506539833532,66.98530761648416,14.608076009501186,47.55047505938242
4915,致伸,光電及I/O,63.3,0.6359300476947549,260374166.06,True,55.437665782493376,42.13815789473684,20.38,2026-08-01,False,47.2972972972973,4.628099173553714,-0.017367101337259352,71.20359955005624,1.2800847768432106,49.6437054631829,55.819477434679335,37.29216152019003,29.80997624703088,54.10225921521997,45.33351597606062,41.3895486935867,41.25593824228029
3357,臺慶科,電子零組件,226.5,0.6666666666666599,258924464.925,True,85.53127354935945,18.22368421052632,53.07,2026-08-01,False,31.333333333333336,9.685230024213075,0.034603626616327154,65.08620689655173,-4.8702782490879315,32.304038004750595,71.37767220902613,66.5083135391924,17.577197149643705,30.915576694411417,43.73655951940485,73.04038004750593,37.88598574821853
2485,兆赫,通信網路,41.55,-4.919908466819233,258031894.08250004,True,52.736318407960205,44.93421052631579,38.41,2026-08-01,False,55.769230769230774,4.135338345864658,-0.10271883094454015,50.981595092024534,-45.82467452136963,58.2541567695962,53.919239904988125,12.470308788598574,3.681710213776722,4.399524375743162,26.544988010540557,60.98574821852731,42.25059382422803
2385,群光,光電及I/O,104.0,-0.952380952380949,257664682.125,True,57.40053050397877,40.78947368421053,-23.13,2026-08-01,False,45.94594594594595,-1.4218009478672986,0.12188883380395617,70.98976109215018,-9.513414047524089,48.09976247030879,26.365795724465556,88.24228028503563,29.097387173396676,20.57074910820452,42.47519495228224,4.750593824228028,38.895486935866984
6584,南俊國際,金屬製品,531.0,-1.3011152416356864,257058434.9,True,6.720430107526881,83.42105263157895,37.66,2026-08-01,False,100.0,-11.794019933554816,-0.11252485840178043,65.96273291925466,0.6260286476840236,99.1686460807601,2.494061757719715,10.570071258907364,19.596199524940616,50.65398335315101,36.49659239509576,60.21377672209026,69.12114014251782
2302,麗正,電子零組件,50.1,3.7267080745341685,253820685.725,True,81.94444444444444,20.92105263157895,87.72,2026-08-01,False,36.0,19.856459330143554,0.06183279396107206,90.4332129963899,16.18918352826077,37.05463182897862,86.10451306413302,74.94061757719716,75.05938242280284,84.89892984542212,71.61161494770676,86.46080760095012,53.11757719714964
1477,聚陽,成衣,204.0,0.7407407407407307,253488776.45,True,7.586206896551724,82.76315789473684,-5.12,2026-08-01,False,60.86956521739131,3.0303030303030303,0.09974411576215267,60.26587887740029,-6.208823809760119,62.76722090261283,50.2375296912114,83.8479809976247,10.09501187648456,27.46730083234245,46.88300886005519,11.87648456057007,33.62529691211402
2606,裕民,海運,74.9,0.5369127516778649,250743072.23999995,True,23.713527851458885,67.89473684210526,18.16,2026-08-01,False,72.72727272727273,-3.7275064267352076,0.05368111233220261,93.97741530740277,-8.512799332253998,74.94061757719716,15.795724465558195,72.80285035629454,84.32304038004752,22.59215219976219,54.09087699577193,37.76722090261283,70.30878859857484
1597,直得,機械,142.5,-1.7241379310344862,249446143.0,True,72.51989389920425,29.144736842105264,45.23,2026-08-01,False,12.121212121212121,-0.34965034965034963,-0.021486324700947138,64.47963800904978,-0.846835239012151,11.817102137767222,33.4916864608076,35.86698337292161,16.6270783847981,45.30321046373365,28.621212164005634,67.45843230403801,40.60273159144893
3229,晟鈦,印刷電路板,55.4,-0.5385996409335791,248770315.49500006,True,4.615384615384616,86.15131578947368,80.41,2026-08-01,False,100.0,0.3623188405797024,0.0010706044623144087,82.07407407407408,-5.011702848947124,99.1686460807601,36.342042755344416,49.524940617577194,56.294536817102134,30.202140309155766,54.30646131598792,84.08551068883611,75.80166270783847
6166,凌華,電腦及週邊,125.0,-4.580152671755721,248207567.95,True,16.989485334809075,74.14473684210526,47.83,2026-08-01,False,79.3103448275862,9.170305676855897,0.02477828952195842,75.07507507507508,10.539221254399273,81.47268408551069,70.07125890736341,61.87648456057006,37.648456057007124,78.59690844233056,65.93315841055639,69.59619952494062,54.66152019002375
1809,中釉,玻璃陶瓷,45.45,-2.2580645161290214,245363404.71000004,True,71.55399473222126,30.0,-4.13,2026-08-01,False,20.0,19.291338582677167,-0.02184105346281236,76.25838926174498,-0.971838314840809,20.368171021377673,85.74821852731591,35.39192399049881,40.85510688836104,43.99524375743163,45.27173283699701,12.351543942992874,21.95665083135392
8271,宇瞻,半導體,199.5,-1.2376237623762387,242147791.175,True,0.0,99.3092105263158,177.1,2026-08-01,False,99.24242424242425,-9.111617312072893,-0.21709580582336999,76.58349328214972,-3.813699842877014,97.9809976247031,4.631828978622328,3.44418052256532,41.68646080760095,34.60166468489893,36.469026523678124,94.65558194774347,82.4228028503563
6227,茂綸,電子通路,138.5,-1.4234875444839812,237794011.5,True,52.94429708222812,44.671052631578945,168.86,2026-08-01,False,51.92307692307693,23.660714285714285,0.08253284223232725,97.19298245614036,69.20873829491252,54.21615201900237,89.54869358669833,79.80997624703087,91.33016627078385,97.38406658739595,82.45781094218228,94.29928741092637,62.57422802850356
6155,鈞寶,電子零組件,70.9,-0.8391608391608352,236847869.14000002,True,70.18567639257294,30.855263157894736,50.05,2026-08-01,False,49.333333333333336,25.70921985815604,-0.0010469351628431109,71.9796954314721,9.82720166172708,51.18764845605701,91.21140142517815,48.09976247030879,32.4228028503563,77.40784780023782,60.06589260042762,70.78384798099762,40.795724465558195
6472,保瑞,藥,421.0,-1.6355140186915862,235780547.625,True,91.29973474801061,12.927631578947368,59.22,2026-08-01,False,13.043478260869565,2.0606060606060606,0.09764675211451591,64.37308868501529,24.48348420360181,12.826603325415679,45.24940617577197,83.4916864608076,16.5083135391924,89.65517241379311,49.54623638299615,76.60332541567696,40.172209026128264
2359,所羅門,電子通路,127.0,-0.39215686274509665,234595233.225,True,44.40599769319493,51.71052631578947,-18.15,2026-08-01,False,59.61538461538461,-6.273062730627306,-0.13537109478802134,71.54929577464789,-36.06074072846988,61.04513064133017,8.194774346793348,8.432304038004752,30.878859857482183,5.469678953626635,22.804149567447418,6.0570071258907365,47.44655581947744
5285,界霖,半導體,94.4,-3.476482617586907,234441136.4,True,65.25198938992042,34.14473684210526,19.93,2026-08-01,False,49.24242424242424,9.89522700814901,0.03535470152083474,85.81818181818183,-0.49836580717433776,51.06888361045131,72.09026128266032,66.8646080760095,65.55819477434679,46.84898929845422,60.486187408384424,40.736342042755346,46.31828978622328
4764,雙鍵,其他化學,199.0,-3.6319612590799077,230569399.35,True,58.71496924128503,39.73684210526316,22.75,2026-08-01,False,37.5,-8.924485125858125,-0.09228745348668288,54.59533607681756,-6.975589177614239,38.95486935866984,4.98812351543943,14.133016627078385,6.175771971496437,25.921521997621877,18.034660694061195,44.180522565320665,46.08076009501188
6005,群益證,證券,32.05,-1.5360983102918557,228225730.47250003,True,2.864721485411141,88.94736842105263,45.35,2026-08-01,False,50.0,-1.8376722817764208,-0.17973333217071435,71.1431742508324,-11.86410116262553,52.31591448931117,23.990498812351543,5.10688836104513,29.572446555819475,18.07372175980975,25.81189399566742,67.57719714964371,56.3687648456057
3317,尼克森,半導體,71.5,4.0756914119359555,227624188.025,True,96.60477453580903,5.822368421052632,-27.57,2026-08-01,False,11.363636363636363,26.548672566371685,-0.03897393907130469,67.77251184834124,-26.267243582124124,10.926365795724466,91.33016627078385,27.55344418052256,23.27790973871734,8.442330558858501,32.306043308921346,3.9192399049881232,11.69833729216152
4903,聯光通,通信網路,45.95,-1.7112299465240621,227170766.695,True,29.47368421052631,63.421052631578945,-51.78,2026-08-01,False,75.0,29.43661971830987,0.00293470075356498,86.37218045112782,-22.55968643655264,76.90023752969121,92.51781472684085,50.95011876484561,66.7458432304038,9.3935790725327,59.30151866486284,0.831353919239905,37.98990498812351
3219,倚強科,電子設備,130.0,0.0,224698975.14000002,True,31.21951219512195,61.44736842105263,19.73,2026-08-01,False,85.71428571428571,46.06741573033708,0.03320840541552055,92.52669039145907,-1.5288526000530425,87.52969121140143,97.38717339667458,65.55819477434679,80.16627078384798,42.44946492271106,74.61815901779637,40.49881235154395,52.7019002375297
8155,博智,印刷電路板,326.5,-2.2455089820359264,223590770.85,True,68.38196286472149,31.973684210526315,35.14,2026-08-01,False,73.80952380952381,-4.392386530014641,-0.11286817318492831,71.52245345016429,-4.542364549939748,75.77197149643705,12.232779097387175,10.451306413301662,30.403800475059384,32.22354340071344,32.21668017657974,57.95724465558195,62.975059382422806
3023,信邦,電子零組件,329.0,1.8575851393188847,221748026.075,True,73.79310344827587,27.828947368421055,32.47,2026-08-01,False,46.666666666666664,1.8575851393188854,0.1505209178111915,96.76470588235294,6.125990514623737,49.10926365795725,44.53681710213777,92.51781472684085,90.61757719714964,69.56004756242568,69.26830404930224,54.750593824228034,62.485154394299286
1402,遠東新,人纖,28.4,-0.6993006993007089,221318588.1525,True,13.10344827586207,77.5657894736842,15.2,2026-08-01,False,88.88888888888889,-0.8726003490401396,-0.014298978101297011,93.57495881383853,-0.7457933623721633,90.02375296912113,30.641330166270787,39.548693586698334,82.6603325415677,46.0166468489893,57.778151222529445,34.91686460807601,69.23990498812351
9933,中鼎,工程承攬,43.1,-1.0332950631458004,219384789.18250003,True,1.913613996719519,90.98684210526315,5.25,2026-08-01,False,100.0,10.230179028132993,0.11417013799245314,92.9881337648328,9.285465932441646,99.1686460807601,73.04038004750593,87.17339667458432,81.59144893111639,76.69441141498217,83.53365662978976,22.802850356294538,57.63064133016627
2406,國碩,光電及I/O,30.05,-2.750809061488668,218419187.63750005,True,87.13826366559485,17.039473684210527,86.11,2026-08-01,False,21.62162162162162,11.710037174721197,-0.034445304153285554,71.88995215311006,14.363976429002804,22.327790973871732,76.00950118764845,29.453681710213775,31.71021377672209,82.99643281807371,48.49952409330595,85.98574821852732,41.003562945368174
4961,天鈺,半導體,178.0,-0.5586592178770999,211204885.85,True,78.09018567639258,24.605263157894736,50.15,2026-08-01,False,37.121212121212125,0.28169014084507044,0.16941397379920148,95.6989247311828,14.208943491942527,38.59857482185273,35.98574821852731,94.18052256532067,88.83610451306413,82.63971462544589,68.04813294884215,70.90261282660333,65.58788598574822
6530,創威,通信網路,96.1,-2.138492871690434,210181845.98,True,87.05570291777188,17.30263157894737,10.68,2026-08-01,False,30.76923076923077,-2.43654822335026,-0.017287114210222644,71.98501872659176,-2.195041577220124,31.353919239904986,20.19002375296912,37.410926365795724,32.541567695961994,40.54696789536266,32.4086809899989,29.80997624703088,43.37885985748218
2388,威盛,半導體,70.9,-0.8391608391608352,209379201.66500002,True,35.51344743276283,57.96052631578947,77.39,2026-08-01,False,74.24242424242425,-6.833114323258855,-0.1081506574051636,80.56818181818183,25.82560082836629,76.24703087885986,7.600950118764846,11.163895486935866,51.66270783847982,90.6064209274673,47.45620105010154,83.3729216152019,75.92042755344418
1708,東鹼,其他化學,57.0,-0.5235602094240788,208598552.04500002,True,41.48273910582908,53.815789473684205,33.17,2026-08-01,False,43.75,13.545816733067722,0.10077164321726508,92.38249594813614,12.811506961858019,45.48693586698337,79.69121140142518,84.08551068883611,79.80997624703087,81.45065398335315,74.10485763752574,55.58194774346793,50.29691211401425
1718,中纖,石化,12.2,7.964601769911495,208001372.91749996,True,67.50392464678178,32.30263157894736,4.43,2026-08-01,False,31.57894736842105,17.307692307692296,0.10020761483967573,80.26315789473684,-1.4106913028533965,32.4228028503563,83.6104513064133,83.9667458432304,49.8812351543943,42.687277051129605,58.51370244110478,21.258907363420427,29.988123515439433
3518,柏騰,其他電子,49.5,-1.5904572564612307,204716015.99,True,14.644970414201183,76.44736842105263,-18.87,2026-08-01,False,76.47058823529412,70.10309278350515,0.039207989327767014,98.40954274353876,6.963427961477112,78.38479809976246,98.33729216152018,68.05225653206651,93.58669833729216,71.8192627824019,82.03606158260864,5.938242280285035,44.89311163895488
4760,勤凱,電子零組件,367.0,9.880239520958089,202473277.45,True,89.77149075081611,14.473684210526317,91.54,2026-08-01,False,27.333333333333332,34.67889908256881,-0.003304347732199915,78.41880341880342,13.300981402248837,28.26603325415677,94.41805225653206,46.912114014251785,46.318289786223275,81.6884661117717,59.52059108458711,87.05463182897863,41.80522565320665
3645,達邁,印刷電路板,73.0,-1.749663526244949,201771333.04,True,51.45569620253164,46.11842105263158,-10.96,2026-08-01,False,85.71428571428571,-0.9497964721845357,-0.0694257370939234,62.12765957446808,2.650381190793617,87.52969121140143,29.928741092636578,18.76484560570071,12.589073634204276,59.33412604042806,41.629295516874215,8.669833729216151,44.71496437054632
2312,金寶,電腦及週邊,30.65,-1.2882447665056418,199647324.1975,True,37.52151462994836,56.51315789473684,22.38,2026-08-01,False,51.724137931034484,-2.0766773162939365,-0.02970331558215691,70.6221198156682,-12.390038565232164,54.03800475059383,22.921615201900238,31.116389548693586,28.622327790973873,17.59809750297265,30.85928695902684,43.58669833729216,50.8313539192399
6121,新普,電子零組件,364.0,-1.6216216216216162,197958359.15,True,29.655172413793103,63.190789473684205,4.65,2026-08-01,False,84.0,-3.830911492734478,-0.09570636570505234,77.86096256684492,-4.846832413533232,85.74821852731591,15.201900237529692,13.539192399049881,44.77434679334917,31.153388822829964,38.08340935601492,21.852731591448933,59.29334916864608
3013,晟銘電,電子零組件,97.9,1.661474558670828,197388932.39500004,True,29.042485732403296,63.74999999999999,16.38,2026-08-01,False,86.0,16.825775656324595,-0.07891365863610962,69.92857142857143,-8.627631285882991,87.76722090261283,83.0166270783848,16.864608076009503,26.959619952494062,22.11652794292509,47.344920790485254,36.04513064133016,41.938836104513065
6190,萬泰科,電子零組件,76.5,0.13089005235600304,196536947.14500004,True,96.28647214854111,6.282894736842105,71.82,2026-08-01,False,13.666666666666666,15.909090909090908,0.0285512294896793,83.15217391304348,23.27371612410709,13.24228028503563,81.94774346793349,63.064133016627075,59.026128266033254,88.82282996432818,61.22062299999152,81.59144893111639,42.978028503562946
3162,精確,汽車組件,82.2,-1.0830324909747224,195740975.33499998,True,88.28729281767956,15.592105263157896,101.19,2026-08-01,False,19.444444444444446,18.103448275862082,0.09603104882405984,85.71428571428571,22.038011966037573,19.83372921615202,84.67933491686462,83.0166270783848,65.38004750593825,87.87158145065398,68.15626403359873,88.83610451306413,47.34263657957244
5443,均豪,電子設備,110.5,-2.643171806167399,194404137.0,True,83.60742705570291,19.736842105263158,14.38,2026-08-01,False,42.857142857142854,-3.4934497816593884,-0.043765949997656116,80.36363636363636,-42.25177598402544,44.71496437054632,16.389548693586697,25.05938242280285,50.475059382422806,4.875148632580261,28.302820700387787,33.966745843230406,53.191805225653205
7822,倍利科,電子設備,948.0,-0.21052631578947212,193396854.65,True,22.137404580152673,68.94736842105263,74.62,2026-08-01,False,89.6103896103896,5.450500556173527,0.053377772852544955,51.94520547945205,11.707241881374934,90.97387173396675,59.73871733966746,72.68408551068883,4.275534441805226,80.38049940546968,61.610541686319586,82.42280285035629,54.4833729216152
6282,康舒,電子零組件,43.2,-1.929625425652659,191486243.315,True,65.47779273216689,33.881578947368425,38.47,2026-08-01,False,56.666666666666664,-0.1156069364161784,-0.07791105232458236,61.016949152542374,2.069795654203375,58.66983372921615,34.3230403800475,17.220902612826603,10.807600950118765,56.837098692033294,35.571695272848466,61.282660332541575,49.10926365795725
6957,裕慶-KY,基本金屬,448.0,0.9009009009008917,190810915.2,True,99.82014388489209,0.7894736842105263,-31.15,2026-08-01,False,4.761904761904762,107.40740740740742,0.0632316564506184,100.0,-16.09361017697612,3.622327790973872,99.8812351543943,75.89073634204276,98.51543942992875,13.912009512485138,58.364349645964964,3.32541567695962,26.395486935866984
3005,神基,電子零組件,118.5,0.4237288135593209,189697710.575,True,65.57029177718833,33.75,18.39,2026-08-01,False,56.00000000000001,5.333333333333334,0.20179452050141714,80.88737201365188,-2.6513448762421774,58.55106888361045,59.14489311163895,97.14964370546319,52.850356294536816,38.763376932223544,61.291867785494595,38.00475059382423,47.565320665083135
3221,台嘉碩,電子零組件,55.0,1.1029411764705843,188065162.1375,True,65.22491349480968,34.21052631578947,28.65,2026-08-01,False,57.333333333333336,13.285272914521117,0.035280869269981724,82.95625942684767,-2.992464131494639,59.263657957244654,78.85985748218528,66.7458432304038,58.313539192399055,37.5743162901308,60.15144283047272,50.95011876484561,47.41686460807601
4556,旭然,其他電製品,145.0,0.0,186515208.04000002,True,85.82949308755761,18.092105263157894,18.73,2026-08-01,False,37.5,87.09677419354838,0.007732794085151419,100.0,-14.80686552470959,38.95486935866984,99.04988123515439,53.56294536817102,98.51543942992875,15.219976218787156,61.06062232214223,38.71733966745843,44.284441805225654
2889,國票金,金融控股,16.5,1.2269938650306678,185531213.5075,True,31.140583554376654,61.67763157894737,51.9,2026-08-01,False,100.0,-0.6024096385542254,-0.025999444282756582,93.74999999999999,-4.119396817204667,99.1686460807601,31.828978622327792,33.3729216152019,83.729216152019,33.88822829964328,56.397598153990415,72.32779097387173,80.84916864608076
6588,東典光電,通信網路,107.5,-1.3761467889908285,185315525.8,True,95.98278335724534,6.776315789473684,189.02,2026-08-01,False,7.6923076923076925,-5.286343612334802,-5.2595586067304096e-05,67.39811912225704,72.79668027951719,6.828978622327791,10.09501187648456,48.69358669833729,22.565320665083135,97.74078478002379,37.18473652845131,95.24940617577197,53.637173396674584
1503,士電,電機製品,197.0,-1.253132832080206,183338852.375,True,62.864721485411145,36.18421052631579,-0.38,2026-08-01,False,54.54545454545454,-3.6674816625916873,-0.02302854453294008,73.50746268656717,-1.7586391535563788,56.710213776722085,15.914489311163896,34.56057007125891,35.39192399049881,41.37931034482759,36.791301498894256,15.914489311163896,48.02553444180522
3413,京鼎,電子設備,289.5,0.34662045060658286,182685488.5,True,65.78249336870027,33.68421052631579,23.54,2026-08-01,False,64.93506493506493,2.841918294849023,0.0029640405716003177,75.78534031413614,-7.578599419858829,66.7458432304038,49.287410926365794,51.06888361045131,39.548693586698334,24.732461355529132,46.276658541889674,45.13064133016627,50.534441805225654
2458,義隆,半導體,132.0,-1.4925373134328401,182378728.675,True,24.456233421750664,67.17105263157895,-36.72,2026-08-01,False,81.06060606060606,1.1494252873563218,-0.05979072117722058,69.84126984126983,-22.452387785768728,83.1353919239905,40.49881235154395,21.258907363420427,26.840855106888363,9.63139120095125,36.2730715893589,2.494061757719715,42.99287410926365
8131,福懋科,半導體,68.0,-0.2932551319648091,178085341.68,True,74.37665782493369,27.532894736842106,29.25,2026-08-01,False,44.696969696969695,9.854604200323104,-0.04062698621631477,79.71864009378665,-10.398666552155085,46.67458432304038,71.85273159144893,26.48456057007126,49.049881235154395,19.61950059453032,42.73625166284906,51.543942992874115,43.85391923990499
6112,邁達特,資訊服務,45.05,0.6703910614525022,177465603.79,True,29.49561403508772,63.35526315789474,18.79,2026-08-01,False,48.93617021276596,1.122334455667789,-0.012204190646581837,81.46473779385171,7.971137022115258,50.95011876484561,40.26128266033254,41.211401425178146,54.156769596199524,74.55410225921521,52.22673494115421,38.836104513064136,50.920427553444185
6176,瑞儀,光電及I/O,91.1,0.0,175580827.68,True,77.36954206602769,25.13157894736842,-13.63,2026-08-01,False,36.486486486486484,0.0,-0.09547750335030833,63.48432055749128,-0.9168544984255629,38.00475059382423,34.857482185273156,13.77672209026128,14.608076009501186,44.827586206896555,29.214923417151283,7.363420427553444,31.279691211401424
6829,千附精密,電子設備,210.0,-2.3255813953488413,175377293.625,True,90.02695417789758,14.276315789473685,56.52,2026-08-01,False,29.87012987012987,-12.863070539419086,-0.10532912265670298,75.53956834532374,6.888246620596384,30.403800475059384,1.7814726840855106,11.87648456057007,38.836104513064136,71.58145065398335,30.89586257735249,75.41567695961994,60.718527315914486
6133,金橋,電子零組件,27.05,0.37105751391466324,169850682.58999997,True,13.474240422721268,77.36842105263158,2.15,2026-08-01,False,94.66666666666667,10.408163265306126,0.060287456463720544,91.38513513513513,-6.219236763840513,94.65558194774347,73.27790973871734,74.34679334916865,77.07838479809976,27.348394768133176,69.34141292037248,18.40855106888361,54.21615201900237
9945,潤泰新,建設,29.8,1.7064846416382284,168383033.03000003,True,21.962864721485413,69.3092105263158,37.99,2026-08-01,False,67.85714285714286,6.23885918003565,0.17252581293819477,97.38562091503267,14.801015127719904,69.95249406175772,62.47030878859857,94.65558194774347,91.92399049881234,83.5909631391201,80.51866768720643,60.451306413301666,64.96437054631829
6937,天虹,電子設備,286.5,-2.051282051282055,167583087.275,True,78.33089311859443,24.407894736842106,123.29,2026-08-01,False,51.94805194805194,-0.34782608695652173,0.050589634358471254,81.50782361308677,40.26578519886061,54.39429928741093,33.729216152019006,71.97149643705463,54.63182897862233,94.8870392390012,61.922776018821615,92.39904988123516,66.92399049881236
6148,驊宏資,資訊服務,37.15,0.13477088948785632,160267098.385,True,87.3209549071618,16.74342105263158,95.4,2026-08-01,False,4.25531914893617,31.040564373897695,-0.004301637001775694,84.43181818181817,87.77003007093843,2.8503562945368173,92.87410926365796,46.080760095011875,62.35154394299287,98.5731272294887,60.54597936513765,87.76722090261283,40.02375296912115
3551,世禾,電子設備,198.0,-1.0000000000000009,159319671.975,True,83.44827586206897,19.80263157894737,21.97,2026-08-01,False,44.15584415584416,9.392265193370166,-0.05786269954325206,88.0,-2.441276538246697,45.843230403800476,70.78384798099762,21.61520190023753,70.01187648456056,39.47681331747919,49.546194017415075,43.111638954869356,47.045724465558195
4566,時碩工業,汽車組件,76.0,-1.681759379042691,159056139.91000003,True,75.31541415249589,26.644736842105267,53.95,2026-08-01,False,38.88888888888889,21.212121212121207,0.09234741534581056,98.06451612903226,10.534103661605663,40.38004750593824,88.12351543942994,82.54156769596199,92.75534441805226,78.47800237812127,76.45569548750073,73.27790973871734,54.57244655581948
8926,台汽電,公用事業,61.1,1.326699834162537,158516308.83499998,True,9.708222811671087,80.13157894736842,1263.62,2026-08-01,False,33.33333333333333,6.818181818181815,-0.02398535041247322,74.330900243309,-217.0997972092175,34.38242280285036,64.37054631828978,34.441805225653205,36.342042755344416,0.8323424494649228,34.073831910320536,99.5249406175772,51.46971496437054
6491,晶碩,醫療耗材,403.0,-2.0656136087484844,158044007.075,True,34.87962419260129,58.684210526315795,18.88,2026-08-01,False,34.285714285714285,7.180851063829788,0.19056333812809026,95.04716981132076,-4.532523232612743,35.74821852731592,65.08313539192399,95.96199524940617,86.93586698337292,32.342449464922716,63.21433312338835,39.073634204275535,49.1686460807601
5234,達興材料,光電及I/O,334.0,-0.7429420505200568,156583739.175,True,80.63660477453581,22.30263157894737,18.52,2026-08-01,False,33.78378378378378,12.837837837837837,-0.20169845912675333,72.2943722943723,1.2531639814962503,35.273159144893114,78.14726840855107,4.275534441805226,33.0166270783848,53.983353151010704,40.93918844492898,38.18289786223278,32.0813539192399
9921,巨大,其他,92.8,1.089324618736387,150173293.665,True,91.70378619153675,12.43421052631579,3.21,2026-08-01,False,8.333333333333332,-2.9288702928870265,0.006625585425560086,83.2286995515695,-7.436269782450078,7.422802850356295,18.646080760095014,52.96912114014252,59.38242280285036,24.851367419738406,32.654358994636524,19.418052256532068,41.89429928741093
2645,長榮航太,機車船製造,171.5,-1.1527377521613813,150027000.6,True,31.22119815668203,61.38157894736842,25.97,2026-08-01,False,58.333333333333336,-0.5797101449275363,-0.039737359430974985,68.19085487077535,6.815663639104503,59.97624703087886,32.066508313539195,26.959619952494062,23.990498812351543,71.46254458977408,42.89108373980755,48.45605700712589,50.089073634204276
3031,佰鴻,光電及I/O,33.2,-0.8955223880596885,149503644.8,True,99.84084880636604,0.7236842105263158,27.82,2026-08-01,False,1.3513513513513513,39.49579831932774,-0.011180680653018847,96.23188405797102,-5.179737081747497,0.5938242280285035,95.60570071258907,41.56769596199525,90.02375296912113,29.48870392390012,51.455935559126814,50.2375296912114,36.312351543942995
6811,宏碁資訊,數位雲端,281.0,2.93040293040292,148848118.65,True,40.69306930693069,54.21052631578947,77.11,2026-08-01,False,30.76923076923077,25.44642857142857,0.08166660932416767,100.0,33.623536497935554,31.353919239904986,90.85510688836105,79.45368171021377,98.51543942992875,92.9845422116528,78.63253789601228,83.2541567695962,55.56710213776722
6667,信紘科,電子設備,283.0,1.6157989228007263,146144891.525,True,38.93899204244032,55.5921052631579,69.06,2026-08-01,False,79.22077922077922,13.200000000000001,0.15818580044691394,96.25850340136054,54.06857755774433,81.353919239905,78.74109263657957,93.11163895486936,90.14251781472684,96.43281807372176,87.9563973439605,80.76009501187649,68.37885985748218
2006,東和鋼鐵,基本金屬,85.3,-0.6984866123399436,145220176.295,True,48.88535031847134,48.48684210526316,15.12,2026-08-01,False,45.23809523809524,4.151404151404141,0.12582283497316177,96.38418079096044,2.4462030417427663,47.090261282660336,54.03800475059383,88.95486935866982,90.38004750593825,58.38287752675386,67.76921208492323,34.679334916864605,54.52790973871734
2061,風青,電纜,67.3,-1.6081871345029364,144766081.21499997,True,60.92150170648464,38.35526315789474,42.42,2026-08-01,False,18.181818181818183,42.58474576271185,0.016921930869532042,81.08433734939759,4.02914778372967,18.40855106888361,96.79334916864607,57.83847980997625,53.087885985748215,62.78240190249703,57.782133587150234,64.8456057007126,34.88717339667459
8932,智通*,資訊服務,92.7,2.8856825749167703,142780625.195,True,30.76109936575053,61.973684210526315,12.76,2026-08-01,False,44.680851063829785,0.32467532467532156,-0.05566435940989966,42.328767123287676,6.11732719672663,46.55581947743468,36.22327790973871,22.090261282660332,1.4251781472684086,69.44114149821641,35.14713566306371,32.304038004750595,36.01543942992875
6435,大中,半導體,259.5,0.9727626459143934,142008513.05,True,77.08222811671087,25.42763157894737,25.83,2026-08-01,False,40.15151515151515,5.487804878048781,-0.031639948238418675,61.78571428571429,1.962105810206836,41.68646080760095,59.857482185273156,30.522565320665084,12.232779097387175,56.36147443519619,40.132152369224514,48.33729216152019,35.59976247030879
2476,鉅祥,電子零組件,130.5,-0.760456273764254,141899990.1,True,77.45358090185677,25.032894736842103,41.04,2026-08-01,False,40.0,9.205020920502092,0.14289449005421873,95.95588235294117,-8.693252728371888,41.33016627078385,70.19002375296913,91.33016627078385,89.42992874109264,21.87871581450654,62.8318001700272,63.77672209026129,56.08669833729216
5388,中磊,通信網路,73.0,-1.3513513513513487,140032030.19,True,36.9761273209549,56.776315789473685,45.05,2026-08-01,False,65.38461538461539,-0.6802721088435374,-0.1923597941918006,73.44064386317906,-10.6776396655495,67.16152019002375,31.59144893111639,4.86935866983373,35.15439429928741,19.2627824019025,31.607900898432753,67.3396674584323,59.51603325415677
2207,和泰車,車輛買賣,518.0,-1.520912547528519,137307769.9,True,0.850546780072904,94.60526315789474,10.57,2026-08-01,False,94.6524064171123,-3.177570093457944,0.013993405057464976,83.41384863123994,-14.370130183878977,94.53681710213777,17.577197149643705,56.41330166270784,59.61995249406176,16.05231866825208,48.83991741536063,29.631828978622327,66.55285035629454
2465,麗臺,電腦及週邊,85.7,-3.707865168539326,136204355.27,True,54.281098546042,43.42105263157895,383.26,2026-08-01,False,37.93103448275862,-11.558307533539734,-0.08667440826391007,81.61904761904762,-19.41554666970245,39.311163895486935,2.7315914489311166,15.201900237529692,54.98812351543943,11.296076099881095,24.705771039453655,98.45605700712589,72.50593824228028
6532,瑞耘,電子設備,108.5,-6.866952789699576,134649071.275,True,31.352785145888596,61.05263157894737,74.23,2026-08-01,False,84.4155844155844,10.827374872318686,0.07499444898191317,88.57142857142857,26.898258585036793,86.34204275534442,74.34679334916865,78.74109263657957,71.37767220902613,90.84423305588585,80.33036680120094,82.3040380047506,66.41923990498812
8016,矽創,半導體,291.0,0.5181347150259086,133504932.3,True,58.51458885941645,39.93421052631579,23.69,2026-08-01,False,58.333333333333336,4.676258992805756,0.10284769580931115,80.16528925619835,-4.570613523736036,59.97624703087886,56.294536817102134,84.91686460807601,49.7624703087886,31.866825208085615,56.56338879458624,45.843230403800476,49.82185273159145
5243,乙盛-KY,電子零組件,105.0,8.4710743801653,132530421.19500001,True,67.74535809018568,32.10526315789474,54.12,2026-08-01,False,52.666666666666664,14.628820960698697,-0.028979668139686453,77.77777777777779,7.291430756589733,55.10688836104512,80.64133016627079,31.59144893111639,44.418052256532064,72.77051129607611,56.905646202208096,73.57482185273159,48.114608076009496
6138,茂達,半導體,267.0,-1.2939001848428888,131853685.05,True,53.63395225464191,44.276315789473685,2.5,2026-08-01,False,61.36363636363637,-3.260869565217391,-0.03909042439406153,60.68181818181818,-5.043673737636445,63.18289786223278,16.864608076009503,27.315914489311165,10.570071258907364,30.083234244946492,29.603345186281462,18.883610451306414,43.942992874109265
8464,億豐,五金及家具,366.5,0.2735978112175186,130809794.7,True,18.30238726790451,72.63157894736842,17.76,2026-08-01,False,75.0,-1.3458950201884252,0.12379827627121383,85.63084112149532,2.4525785855651225,76.90023752969121,27.078384798099762,88.71733966745843,65.08313539192399,58.620689655172406,63.27995740846916,37.173396674584325,63.01959619952494
6416,瑞祺電通,電腦及週邊,120.5,2.1186440677966045,130660826.65,True,51.03448275862069,46.64473684210526,109.34,2026-08-01,False,44.827586206896555,14.218009478672986,0.023621430723730085,98.77049180327869,28.852657998805668,46.79334916864608,80.28503562945369,60.688836104513065,94.77434679334917,91.5576694411415,74.8198474274207,90.38004750593825,62.91567695961995
6525,捷敏-KY,半導體,138.0,-2.8169014084507005,128918882.35,True,95.22546419098144,8.125,30.53,2026-08-01,False,16.666666666666664,5.747126436781609,0.014051238793636855,62.44343891402715,3.0750584075158223,16.7458432304038,60.33254156769596,56.53206650831354,12.826603325415679,60.99881093935791,41.48717311423737,53.087885985748215,30.581947743467936
7772,耀穎,半導體,135.0,-6.57439446366782,128569804.425,True,80.95238095238095,22.105263157894736,54.2,2026-08-01,False,33.33333333333333,3.0534351145038165,-0.008311292070314174,42.3861852433281,29.84605493471508,34.38242280285036,50.3562945368171,43.705463182897866,1.5439429928741093,91.79548156956004,44.35672101699989,73.75296912114014,39.830760095011875
3596,智易,通信網路,156.5,-0.31847133757961776,128383594.725,True,15.862068965517242,75.0,1.93,2026-08-01,False,86.53846153846155,0.6430868167202572,-0.2358774994408019,73.82075471698113,-2.6123800183418444,88.30166270783847,37.76722090261283,2.375296912114014,35.74821852731592,39.00118906064209,40.638717622104664,18.171021377672208,51.11342042755344
3580,友威科,電子設備,102.5,-0.9661835748792313,127946662.80499999,True,97.18832891246684,4.967105263157895,26.86,2026-08-01,False,8.441558441558442,19.883040935672515,0.03286336131130799,90.7079646017699,28.6319196145556,7.779097387173397,86.22327790973871,65.32066508313538,75.53444180522565,91.43876337693222,65.25924911244107,49.524940617577194,36.653800475059384
1773,勝一,其他化學,175.5,-0.8474576271186418,127930237.4,True,74.21750663129973,27.69736842105263,44.62,2026-08-01,False,25.0,7.01219512195122,0.09773389447285388,90.0,11.732810478089043,25.653206650831358,64.7268408551069,83.6104513064133,73.75296912114014,80.61831153388823,65.67235589347598,66.8646080760095,50.38598574821853
6664,群翊,電子設備,373.5,-1.1904761904761862,126173232.475,True,94.85411140583554,8.585526315789474,32.28,2026-08-01,False,18.181818181818183,4.768583450210379,0.15148379544306365,77.8125,5.011389880204803,18.40855106888361,57.24465558194775,92.87410926365796,44.655581947743464,65.99286563614744,55.835152699676044,54.63182897862233,40.112826603325416
1722,台肥,藥,41.45,0.3631961259080052,125197874.32749999,True,97.24137931034483,4.802631578947368,-11.28,2026-08-01,False,4.3478260869565215,-6.95847362514028,-0.23143643582530007,81.75542406311637,-7.2804665936733155,3.2066508313539197,7.244655581947744,2.8503562945368173,55.34441805225653,25.564803804994057,18.842176913017813,8.551068883610451,39.96437054631829
1609,大亞,電纜,38.25,-1.9230769230769273,124465050.92249998,True,43.60742705570292,52.26973684210526,34.84,2026-08-01,False,45.45454545454545,1.7287234042553155,0.10590149950332538,80.86680761099366,11.825359880035723,47.62470308788598,44.06175771971497,85.62945368171022,52.73159144893111,80.7372175980975,62.15694470726796,57.482185273159146,53.44418052256532
1795,美時,藥,180.5,-1.0958904109588996,124182824.1,True,9.86737400530504,79.86842105263158,81.68,2026-08-01,False,60.86956521739131,0.0,-0.07291209188535523,49.72451790633609,-22.012255925570287,62.76722090261283,34.857482185273156,18.52731591448931,3.0878859857482186,9.750297265160523,25.798040450656806,84.79809976247031,53.948931116389545
2352,佳世達,光電及I/O,28.55,-1.211072664359858,124063604.0,True,94.85411140583554,8.585526315789474,11.82,2026-08-01,False,9.45945945945946,-0.34904013961604846,0.05881678853409955,80.64971751412429,6.7098262853367805,9.382422802850355,33.6104513064133,73.87173396674585,52.13776722090261,71.22473246135553,48.04542155165353,31.116389548693586,39.75653206650831
4739,康普,其他化學,87.2,-0.22883295194507935,124012565.08,True,6.281833616298811,83.88157894736842,34.4,2026-08-01,False,93.75,6.211936662606588,-0.05542759005526379,67.07692307692308,-57.969082854675825,93.94299287410927,62.35154394299287,22.327790973871732,21.73396674584323,3.329369797859691,40.73713286693536,57.00712589073634,52.58313539192399
6716,應廣,半導體,138.5,-9.771986970684043,123365631.35,True,61.94968553459119,36.90789473684211,111.75,2026-08-01,False,53.03030303030303,17.372881355932204,0.04935508376336487,90.22801302931596,20.282324396708262,55.225653206650826,83.729216152019,71.85273159144893,74.58432304038006,87.15814506539834,74.51001381117943,90.97387173396675,59.263657957244654
3311,閎暉,電子零組件,46.9,-0.9503695881731833,121400952.6075,True,50.453172205438065,47.171052631578945,104.38,2026-08-01,False,72.0,48.65293185419968,0.07349169425335132,94.46122860020141,56.334195135893104,74.40617577197149,97.8622327790974,78.14726840855107,85.62945368171022,96.6706302021403,86.54315216869409,89.42992874109264,62.900831353919244
9914,美利達,其他,67.8,0.5934718100890191,121354053.41499999,True,30.900243309002434,61.8421052631579,-20.71,2026-08-01,False,58.333333333333336,-11.948051948051951,-0.17577942313645392,62.48847926267281,-11.61129893196398,59.97624703087886,2.375296912114014,5.581947743467933,12.945368171021377,18.430439952437574,19.861859961983953,5.10688836104513,43.91330166270784
6788,華景電,電子設備,375.5,-0.3978779840848823,121200250.875,True,64.42622950819671,34.73684210526316,20.38,2026-08-01,False,66.23376623376623,7.902298850574713,-0.024734782260854016,71.79732313575525,-9.029114766390176,67.6959619952494,67.10213776722091,33.966745843230406,31.47268408551069,21.40309155766944,44.32812424977617,41.3895486935867,43.36401425178147
2439,美律,消費性電子,80.6,2.414231257941535,120807567.05999999,True,46.63129973474801,50.526315789473685,-6.7,2026-08-01,False,68.42105263157895,5.913272010512484,0.17701524833746454,71.32743362831859,-4.421576806019418,70.36817102137766,61.16389548693587,95.01187648456056,30.04750593824228,33.055885850178356,57.92946695625894,11.163895486935866,37.60391923990498
6205,詮欣,電子零組件,70.6,-1.8080667593880495,118573036.60499999,True,82.3342175066313,20.592105263157894,24.99,2026-08-01,False,35.333333333333336,9.119010819165366,-0.049779365067144546,71.89409368635437,0.4830427469404306,36.57957244655582,69.95249406175772,23.51543942992874,31.828978622327792,49.94054696789536,42.36340630569308,46.912114014251785,36.34204275534442
6191,精成科,印刷電路板,87.9,0.45714285714286707,118303433.925,True,89.07161803713528,14.93421052631579,20.45,2026-08-01,False,45.23809523809524,7.588739290085683,0.13945956882266736,66.84410646387833,3.883582725808491,47.090261282660336,65.67695961995248,90.61757719714964,21.258907363420427,62.544589774078474,57.43765904745228,41.68646080760095,36.0896674584323
3227,原相,半導體,187.0,0.2680965147453085,116163064.6,True,33.315649867374006,59.473684210526315,10.13,2026-08-01,False,76.51515151515152,0.2680965147453083,-0.23691229049260543,76.63934426229508,-8.119610075737766,78.50356294536816,35.86698337292161,2.137767220902613,41.92399049881235,23.305588585017837,36.347578524604515,29.097387173396676,53.41448931116389
9958,世紀鋼,基本金屬,89.1,0.11235955056179137,115722383.495,True,0.15915119363395225,97.92763157894737,91.07,2026-08-01,False,100.0,-1.109877913429523,0.08501463717482899,52.41176470588235,8.962113546185407,99.1686460807601,28.50356294536817,80.52256532066508,4.631828978622328,76.33769322235435,57.83285930955401,86.93586698337292,65.55819477434679
2329,華泰,半導體,44.5,-1.9823788546255439,115572873.48499998,True,50.46210720887245,47.10526315789474,4.76,2026-08-01,False,65.15151515151516,4.215456674473061,0.054242681902867865,63.662374821173096,1.3518399106864876,66.8646080760095,54.513064133016634,72.92161520190024,15.201900237529692,54.81569560047562,52.86337664978633,22.090261282660332,37.410926365795724
5469,瀚宇博,印刷電路板,80.2,-0.3726708074534124,115487846.76999998,True,94.80106100795756,8.68421052631579,26.41,2026-08-01,False,35.714285714285715,12.798874824191293,-0.0038760568562914966,71.92825112107624,4.456926320343335,36.87648456057007,77.90973871733968,46.55581947743468,32.066508313539195,64.20927467300832,51.523565148378395,48.9311163895487,34.99109263657957
5864,致和證,證券,39.45,0.12690355329949554,114907891.37,True,2.704485488126649,89.47368421052632,112.92,2026-08-01,False,62.5,5.906040268456383,-0.003450239907253272,73.60074626865672,270.44822109770337,64.19239904988123,60.92636579572447,46.67458432304038,35.510688836104514,99.40546967895362,61.34190153674085,91.21140142517815,57.49703087885985
2105,正新,輪胎,30.35,0.0,113418376.07250002,True,11.936339522546419,78.28947368421053,4.64,2026-08-01,False,40.0,-0.8169934640522877,-0.15099496993848102,84.30555555555556,-6.0432875295792305,41.33016627078385,30.997624703087883,7.600950118764846,62.11401425178147,28.061831153388823,34.02091729956137,21.73396674584323,48.54513064133017
6425,易發,電子設備,72.1,-1.5027322404371657,113351283.18499999,True,43.728813559322035,52.17105263157895,93.96,2026-08-01,False,75.32467532467533,15.175718849840244,-0.01794962510393774,70.34146341463415,-21.63277701569882,77.31591448931117,81.23515439429929,36.935866983372925,28.028503562945367,9.869203329369798,46.67692855185972,87.52969121140143,52.90973871733967
6224,聚鼎,電子零組件,79.9,-0.37406483790523026,112814604.155,True,91.51193633952255,12.631578947368421,36.5,2026-08-01,False,23.333333333333332,-5.555555555555543,0.10492797705365088,84.10526315789474,4.8357912573644235,23.871733966745843,9.263657957244655,85.2731591448931,61.75771971496437,65.2794292508918,49.08914000694794,59.14489311163895,58.87767220902613
2845,遠東銀,本國銀行,12.95,-0.38461538461539435,112377387.71749997,True,48.59416445623342,48.68421052631579,5.07,2026-08-01,False,55.55555555555556,-5.474452554744526,-0.10472916327447518,94.18181818181817,-5.146678764137718,57.83847980997625,9.619952494061758,11.995249406175772,84.79809976247031,29.72651605231867,38.79565950500056,22.565320665083135,63.895486935866984
2633,台灣高鐵,陸運,25.7,-0.1941747572815511,111584981.59750001,True,10.39787798408488,79.34210526315789,-1.57,2026-08-01,False,79.41176470588235,-1.5325670498084372,-0.38547798638276326,89.54703832752612,-3.3947369499808833,81.59144893111639,25.05938242280285,0.23752969121140144,73.27790973871734,35.79072532699168,43.19139922216793,14.133016627078385,60.98574821852732
2034,允強,基本金屬,24.05,-0.41407867494822614,111432387.3425,True,82.20211161387631,20.657894736842106,26.75,2026-08-01,False,16.666666666666664,14.797136038186165,0.07351623072615573,96.9758064516129,-3.4002741234588,16.7458432304038,80.76009501187649,78.26603325415678,90.85510688836105,35.6718192627824,60.4597795295161,49.4061757719715,44.06175771971496
3691,碩禾,光電及I/O,103.5,-0.48076923076922906,111130654.475,True,23.870967741935484,67.76315789473685,75.84,2026-08-01,False,71.62162162162163,6.372045220966087,-0.0010047519609974295,61.06194690265486,7.139626778607706,73.99049881235155,62.70783847980997,48.218527315914486,10.926365795724466,72.53269916765755,53.6751859142916,82.7790973871734,51.24703087885986
3033,威健,電子通路,41.55,-0.3597122302158362,110946032.2875,True,24.509283819628646,66.97368421052632,56.84,2026-08-01,False,73.07692307692307,-4.041570438799077,-0.15434409263721485,74.73021582733811,-6.493563266668183,75.3562945368171,14.133016627078385,7.363420427553444,37.173396674584325,26.516052318668255,32.1084361169403,75.53444180522565,68.48277909738718
3380,明泰,通信網路,30.3,-1.941747572815522,110069554.36499998,True,94.72277889111557,8.81578947368421,66.88,2026-08-01,False,15.384615384615385,1.3377926421404756,-0.037935329581426244,72.92418772563177,43.48230017383226,15.14251781472684,41.448931116389545,28.147268408551067,34.3230403800475,95.36266349583829,42.88488424311065,79.92874109263659,46.98634204275535
3587,閎康,檢測驗證,243.0,-1.2195121951219523,110004087.3,True,94.5859872611465,9.210526315789473,17.78,2026-08-01,False,33.33333333333333,-1.2195121951219512,-0.10602688277392612,61.36363636363637,1.9972714474497746,34.38242280285036,27.790973871733964,11.520190023752969,11.401425178147269,56.48038049940547,28.315078475178005,37.29216152019003,38.82125890736342
6016,康和證,證券,23.95,-0.2083333333333326,109891055.94750002,True,1.3431013431013432,93.15789473684211,215.39,2026-08-01,False,75.0,3.4557235421166337,0.03445428236122116,66.52777777777777,308.7215317804633,76.90023752969121,51.9002375296912,66.3895486935867,20.42755344418052,99.64328180737218,63.05217180090436,95.96199524940617,60.347387173396676
6658,聯策,電子設備,214.5,5.9259259259259345,109611633.85,True,41.77215189873418,53.48684210526316,104.05,2026-08-01,False,76.62337662337663,25.072886297376094,0.031187780892794607,83.46303501945526,9.4351362933713,78.74109263657957,90.49881235154395,64.60807600950119,60.09501187648456,76.81331747919144,74.15126207066012,89.31116389548693,59.412114014251785
4707,磐亞,清潔劑,32.8,0.6134969325153339,107964006.5,True,97.93103448275862,3.8157894736842106,-46.25,2026-08-01,False,20.0,15.901060070671367,0.012098309810710608,72.88888888888889,-35.44772485948417,20.368171021377673,81.82897862232778,54.98812351543943,34.08551068883611,5.58858501783591,39.37187377316338,1.4251781472684086,18.5124703087886
2548,華固,建設,91.8,0.6578947368421018,106321176.39999999,True,19.25729442970822,71.57894736842105,139.53,2026-08-01,False,71.42857142857143,-2.959830866807608,-0.17944929090582493,69.54545454545455,152.97563874048745,73.51543942992875,18.40855106888361,5.225653206650831,26.247030878859857,99.0487514863258,44.48908521412977,93.23040380047506,68.646080760095
6603,富強鑫,機械,29.55,2.604166666666674,106038328.6075,True,61.30681818181818,37.96052631578947,-11.7,2026-08-01,False,39.39393939393939,18.436873747494996,0.0023187457507141177,86.02620087336244,-27.556288229528207,40.795724465558195,85.39192399049881,50.3562945368171,66.1520190023753,7.8478002378121285,50.108752446612314,8.432304038004752,32.49703087885986
6206,飛捷,電腦及週邊,133.5,-0.743494423791824,105646867.2,True,51.830238726790455,45.85526315789474,62.18,2026-08-01,False,41.37931034482759,-0.3731343283582089,0.05820528501605967,84.49367088607595,19.960294951046762,42.99287410926366,33.3729216152019,73.75296912114014,62.70783847980997,86.92033293697978,59.9493872524791,78.62232779097387,62.7375296912114
2393,億光,光電及I/O,67.8,-0.2941176470588225,105433709.68000002,True,39.41644562334218,55.13157894736842,14.1,2026-08-01,False,63.51351351351351,8.306709265175712,0.19470350696103017,91.869918699187,0.060265669533462685,65.08313539192399,67.93349168646081,96.43705463182897,78.38479809976246,48.15695600475624,71.19908716294648,33.6104513064133,52.28622327790974
2103,台橡,橡膠原料,29.2,0.6896551724137945,103498265.0,True,20.73654390934844,70.39473684210526,21.79,2026-08-01,False,70.38770053475936,13.39805825242718,0.16990758750705356,100.0,-9.728036266514515,72.56532066508314,79.21615201900238,94.41805225653206,98.51543942992875,20.332936979785966,73.00958027006646,42.99287410926366,58.71437054631829
8422,可寧衛*,資源回收,25.55,-0.1953125,103418451.905,True,97.0291777188329,5.197368421052632,105.85,2026-08-01,False,4.545454545454546,-3.947368421052634,-0.1088063391658437,10.22,33.83023928661463,3.3847980997624703,14.489311163895488,10.926365795724466,0.35629453681710216,93.10344827586206,24.45204357441232,89.66745843230403,44.729809976247026
2033,佳大,基本金屬,52.2,-1.8796992481203034,102893883.7,True,93.49480968858131,10.394736842105264,9.66,2026-08-01,False,11.904761904761903,105.1080550098232,0.03178546224523898,98.1203007518797,21.548429546670025,11.34204275534442,99.7624703087886,64.8456057007126,92.87410926365796,87.51486325802615,71.26781825730595,28.50356294536817,33.23931116389549
8050,廣積,電腦及週邊,60.4,-0.330033003300334,102880777.04,True,47.48010610079575,49.67105263157895,94.48,2026-08-01,False,46.55172413793103,9.222423146473782,0.12174311061911386,87.53623188405797,11.061291411895397,48.9311163895487,70.42755344418052,88.12351543942994,69.0023752969121,79.66706302021403,71.23032471805706,87.64845605700712,58.788598574821854
6719,力智,半導體,192.0,1.3192612137203241,102861879.35,True,16.92844677137871,74.21052631578947,-15.97,2026-08-01,False,88.63636363636364,4.632152588555858,-0.054441451446056485,61.44,-4.304364377054393,89.66745843230403,56.17577197149644,22.68408551068884,11.87648456057007,33.53151010701546,42.78706211641497,6.413301662707839,37.94536817102138
3022,威強電,電腦及週邊,90.3,-0.4410143329658278,102143741.66999999,True,74.6949602122016,27.171052631578945,84.98,2026-08-01,False,18.96551724137931,4.513888888888879,0.11076015919273813,79.91150442477876,5.356778742363687,19.239904988123516,55.463182897862225,86.69833729216153,49.287410926365794,67.65755053507729,55.669277327918074,85.62945368171022,49.673396674584325
3048,益登,電子通路,57.0,6.741573033707859,101016870.805,True,56.56934306569343,41.25,50.31,2026-08-01,False,44.230769230769226,9.615384615384617,-0.08961594426562018,75.79787234042553,-4.693168482715237,46.02137767220903,71.25890736342043,14.370546318289787,39.66745843230404,31.62901307966706,40.58946057317807,71.14014251781472,46.39251781472684
6175,立敦,電子零組件,77.9,1.1688311688311748,100452556.69000001,True,94.27055702917771,9.539473684210527,68.94,2026-08-01,False,19.333333333333332,10.65340909090909,-0.07983792205207361,66.86695278969957,17.759785661996794,19.71496437054632,73.63420427553444,16.270783847980997,21.377672209026127,85.61236623067776,43.32199818675313,80.64133016627079,37.0249406175772
8091,翔名,電子設備,230.0,-1.498929336188437,100083496.0,True,91.35278514588859,12.796052631578947,71.52,2026-08-01,False,24.675324675324674,7.728337236533958,-0.039513405889712507,77.96610169491525,-4.49784400151546,25.17814726840855,66.0332541567696,27.078384798099762,45.48693586698337,32.580261593341255,39.271396736720504,81.47268408551069,46.526128266033254
2374,佳能,消費性電子,66.2,-0.6006006006005871,99713549.935,True,19.82414068745004,71.1842105263158,34.7,2026-08-01,False,89.47368421052632,-1.7804154302670665,0.04468712565375067,69.97885835095138,-4.560264549815301,90.73634204275535,24.109263657957243,70.19002375296913,27.078384798099762,32.10463733650416,48.84373031765713,57.36342042755345,62.767220902612834
1514,亞力,電機製品,102.5,-0.9661835748792313,99562047.0,True,63.92572944297083,35.13157894736842,-26.52,2026-08-01,False,45.45454545454545,0.49019607843137253,0.1428985298205207,68.56187290969899,-33.08085576252097,47.62470308788598,37.173396674584325,91.44893111638956,24.46555819477435,6.183115338882283,41.37914088250331,4.156769596199525,34.76840855106889
2402,毅嘉,印刷電路板,61.0,-1.4539579967689842,97704831.28,True,87.30074388947928,16.842105263157894,16.42,2026-08-01,False,57.14285714285714,11.721611721611719,0.0904700443849759,78.5070785070785,-4.291681094840438,59.14489311163895,76.12826603325415,82.06650831353919,46.67458432304038,33.650416171224734,59.532933590539486,36.22327790973871,41.47862232779097
2201,裕隆,汽車製造,28.9,0.0,97581483.37999998,True,78.85075818036712,23.684210526315788,-2.02,2026-08-01,False,23.72994652406417,-5.090311986863713,-0.17802944144910932,66.66666666666666,2.646307405860895,24.228028503562946,10.688836104513063,5.344418052256532,20.843230403800476,59.21521997621879,24.06394660807036,13.77672209026128,37.039786223277915
3592,瑞鼎,半導體,235.5,-0.21186440677966045,96029388.2,True,64.08695652173914,35.0,22.85,2026-08-01,False,51.515151515151516,7.780320366132723,-0.019870773957433,82.63157894736842,4.379561432119967,53.919239904988125,66.270783847981,36.57957244655582,57.12589073634204,63.49583828775267,55.47826504472393,44.29928741092636,47.26840855106888
3704,合勤控,通信網路,39.1,-0.8871989860583018,94553157.8075,True,30.16759776536313,62.565789473684205,28.11,2026-08-01,False,71.15384615384616,0.5141388174807271,-0.16270406425558512,77.57936507936508,6.700358915894427,72.80285035629454,37.29216152019003,6.7695961995249405,44.06175771971497,70.98692033293698,46.382657225732295,50.475059382422806,57.51187648456057
6202,盛群,半導體,58.9,-3.284072249589487,93997400.88000001,True,73.0255164034022,28.881578947368418,43.73,2026-08-01,False,45.45454545454545,3.5149384885764503,0.04213821778843127,79.91858887381275,5.252771961450463,47.62470308788598,52.13776722090261,69.47743467933492,49.4061757719715,67.41973840665874,57.21316383335075,66.0332541567696,52.73159144893112
2355,敬鵬,印刷電路板,45.2,1.3452914798206317,93421350.42249998,True,42.833607907743,52.960526315789465,13.43,2026-08-01,False,88.09523809523809,7.875894988066837,0.033660686959863816,67.46268656716418,2.1709512021638133,89.42992874109264,66.8646080760095,65.7957244655582,22.68408551068884,57.19381688466112,60.393632735602054,33.0166270783848,44.56650831353919
5464,霖宏,印刷電路板,94.6,1.2847965738757905,92540157.92500001,True,99.91823385118562,0.2631578947368421,19.56,2026-08-01,False,7.142857142857142,25.630810092961486,-0.010350492223008217,87.99999999999999,-11.721536129932336,6.294536817102138,91.09263657957246,42.517814726840854,69.83372921615202,18.311533888228297,45.61005024557916,39.90498812351544,31.235154394299286
1319,東陽,汽車組件,80.8,1.0000000000000009,91773037.92999999,True,21.16710875331565,70.0,7.4,2026-08-01,False,69.44444444444444,2.2784810126582244,0.2108734611821364,70.26086956521739,-3.63282549361033,71.73396674584322,46.318289786223275,97.26840855106889,27.790973871733964,35.07728894173603,55.637785579321076,25.771971496437057,44.74465558194774
7749,意騰-KY,半導體,364.0,-6.9053708439897665,91131266.25,True,4.024767801857585,86.8421052631579,60.5,2026-08-01,False,93.18181818181817,2.535211267605634,-0.024083596083801284,66.91176470588235,4.618265240837218,93.58669833729216,47.50593824228028,34.3230403800475,21.49643705463183,64.92271105826397,52.36696501450315,77.55344418052258,61.282660332541575
6438,迅得,電子設備,164.5,-0.6042296072507503,90278029.5,True,80.42440318302387,22.5,15.54,2026-08-01,False,50.649350649350644,7.868852459016394,0.19509038657610434,88.91891891891892,9.60975948053521,53.32541567695962,66.6270783847981,96.67458432304038,72.32779097387173,77.05112960761,73.20119979325597,35.39192399049881,48.604513064133016
6120,達運,光電及I/O,13.7,-2.1428571428571463,90038892.7125,True,3.850385038503851,86.97368421052632,-3.09,2026-08-01,False,87.83783783783784,12.295081967213116,-0.022385838273954902,85.09316770186334,-11.508506231137957,89.07363420427554,77.19714964370546,35.03562945368171,64.01425178147268,18.668252080856124,56.797783432798305,13.064133016627078,47.23871733966746
2915,潤泰全,百貨批發,58.9,0.6837606837606813,89433958.69500002,True,37.771883289124666,56.348684210526315,-15.65,2026-08-01,False,30.0,2.6132404181184667,0.1220402891031479,95.3074433656958,-8.53843132215297,30.522565320665084,48.218527315914486,88.36104513064133,88.00475059382423,22.235434007134362,55.46846447363589,6.65083135391924,44.23990498812351
6174,安碁,電子零組件,64.0,9.965635738831601,89158823.02250001,True,61.80371352785146,37.03947368421053,32.84,2026-08-01,False,61.33333333333333,47.46543778801844,0.04725312569359291,100.0,-0.6543631638502347,63.064133016627075,97.62470308788599,71.25890736342043,98.51543942992875,46.4922711058264,75.39109080073771,55.166270783847985,54.780285035629454
3088,艾訊,電腦及週邊,132.0,-1.4925373134328401,88510002.85,True,88.96551724137932,15.06578947368421,78.53,2026-08-01,False,6.896551724137931,9.090909090909092,0.06369574815826436,85.71428571428571,13.924415429634223,6.0570071258907365,69.83372921615202,76.12826603325415,65.38004750593825,82.40190249702735,59.96019047565251,83.6104513064133,46.30344418052257
6265,方土昶,電子通路,49.2,0.10172939979655737,87264185.78,True,1.2195121951219512,93.48684210526315,465.95,2026-08-01,False,98.07692307692307,-8.550185873605939,-0.15830675952819573,76.99530516431925,-330.0132569222132,97.44655581947742,5.463182897862233,7.1258907363420425,42.63657957244655,0.47562425683709864,30.629566656593074,98.57482185273159,83.29869358669833
6902,GOGOLOOK,資訊服務,136.5,-1.0869565217391353,86918391.525,True,8.0,82.03947368421053,29.55,2026-08-01,False,76.59574468085107,7.480314960629922,0.024542420766288205,77.33711048158641,-2.730223642172522,78.62232779097387,65.55819477434679,61.40142517814727,43.46793349168646,38.525564803805,57.51508920779188,52.01900237529691,52.13776722090262
3135,凌航,半導體,157.5,0.31847133757962887,86801449.55,True,2.1052631578947367,90.65789473684211,237.79,2026-08-01,False,95.45454545454545,-7.894736842105263,-0.06367688795813417,60.46065259117083,40.411838093366896,95.66508313539192,6.175771971496437,19.71496437054632,10.332541567695962,95.00594530321045,45.37886126966822,96.79334916864607,74.15380047505938
6245,立端,電腦及週邊,88.0,0.8018327605956443,86625870.98,True,95.96816976127322,6.842105263157896,38.36,2026-08-01,False,3.4482758620689653,10.970996216897861,0.19014173809104842,96.2800875273523,-13.301764811820355,2.2565320665083135,74.58432304038006,95.84323040380048,90.26128266033254,16.884661117717002,55.966005857747675,60.80760095011877,44.685273159144884
5498,凱崴,印刷電路板,54.1,-1.2773722627737127,86205269.8125,True,84.32,18.947368421052634,87.52,2026-08-01,False,59.523809523809526,0.9328358208955223,-0.0064849211437272925,65.1022864019254,-2.744958982686896,60.92636579572447,39.073634204275535,45.13064133016627,17.695961995249405,38.28775267538644,40.22287120016042,86.28266033254157,56.45783847980998
8240,華宏,光電及I/O,54.5,-2.1543985637342944,84286316.41499999,True,93.10344827586206,10.855263157894738,-12.59,2026-08-01,False,14.864864864864865,4.20650095602295,-0.016919136776065987,72.86096256684492,-3.2531988499635567,14.608076009501186,54.27553444180523,37.648456057007124,33.966745843230406,36.385255648038054,35.376813599916396,7.957244655581948,25.56413301662708
1229,聯華,油脂飼料,39.95,0.7566204287515976,84265589.55,True,24.93368700265252,66.74342105263158,-13.13,2026-08-01,False,50.0,-4.196642685851319,-0.06505453996337347,79.26587301587303,-29.74432057300924,52.31591448931117,13.30166270783848,19.239904988123516,48.33729216152019,7.13436385255648,28.065827639869962,7.4821852731591445,48.70843230403801
8070,長華*,電子通路,50.5,-1.9417475728155331,84148873.61749999,True,93.66347177848775,10.131578947368421,37.57,2026-08-01,False,9.615384615384617,1.0,0.06857880235134992,77.3353751914242,2.896218716928331,9.619952494061758,39.37054631828978,77.07838479809976,43.34916864608076,60.285374554102255,45.940685362126864,59.97624703087886,43.3937054631829
8454,富邦媒,數位雲端,241.0,-1.4314928425357865,84102631.125,True,16.657824933687003,74.3421052631579,7.8,2026-08-01,False,53.84615384615385,0.6263048016701461,0.04504623005490627,53.61512791991101,1.2909329462799413,56.057007125890735,37.52969121140142,70.30878859857482,5.463182897862233,54.22116527942925,44.71596702263169,26.543942992874108,37.63361045130642
6231,系微,資訊服務,232.5,-0.8528784648187626,83578039.0,True,62.228116710875334,36.71052631578947,6.39,2026-08-01,False,19.148936170212767,-1.0638297872340425,-0.07784715069155108,66.71449067431851,0.896238760377404,19.47743467933492,29.097387173396676,17.339667458432302,21.021377672209027,51.843043995243754,27.755782195723334,23.51543942992874,33.729216152019006
4973,廣穎,半導體,149.0,9.963099630996307,82926195.075,True,11.206403659233848,78.88157894736842,204.03,2026-08-01,False,90.9090909090909,0.6756756756756757,0.05250991590169961,70.95238095238095,-5.794409089330969,91.8646080760095,38.00475059382423,72.44655581947742,28.978622327790976,28.53745541022592,51.96639844546561,95.72446555819477,69.64073634204276
3289,宜特,檢測驗證,142.5,0.0,82846214.125,True,89.89037758830695,14.407894736842106,-7.9,2026-08-01,False,50.0,3.260869565217391,0.04396681735161607,67.6959619952494,-3.54135694494291,52.31591448931117,51.12826603325416,69.83372921615202,22.921615201900238,35.315101070154576,46.302925202154434,10.451306413301662,33.64014251781473
6284,佳邦,電子零組件,78.9,-1.374999999999993,82623493.25500001,True,78.83289124668435,23.782894736842106,-0.77,2026-08-01,False,38.666666666666664,1.6752577319587778,-0.03743520464581067,63.62903225806452,-2.9604662089490743,40.26128266033254,43.705463182897866,28.50356294536817,15.08313539192399,37.69322235434007,33.04933330697253,15.201900237529692,31.710213776722092
3515,華擎,電腦及週邊,218.5,-0.22831050228310223,82534270.0,True,30.610079575596817,62.10526315789474,3.32,2026-08-01,False,65.51724137931035,-1.3544018058690745,0.019430535412816183,64.74074074074075,-57.435355720306546,67.3396674584323,26.840855106888363,58.55106888361045,17.102137767220903,3.4482758620689653,34.65640101564419,19.71496437054632,44.32897862232779
6903,巨漢,電子設備,326.5,-0.1529051987767538,81845482.425,True,47.61061946902655,49.40789473684211,122.7,2026-08-01,False,74.02597402597402,5.32258064516129,0.0005888054202862992,75.23041474654379,-26.46427601233107,76.12826603325415,59.026128266033254,49.16864608076009,37.88598574821852,8.323424494649228,46.10649012458305,92.28028503562945,61.817102137767215
3479,安勤,電腦及週邊,133.5,-0.743494423791824,81661787.65,True,81.53846153846153,21.513157894736842,35.43,2026-08-01,False,17.24137931034483,8.979591836734693,0.1349219311826278,85.3035143769968,7.779046233300885,17.577197149643705,69.71496437054631,90.02375296912113,64.4893111638955,73.60285374554103,63.08161587974954,58.313539192399055,42.666270783847985
8081,致新,半導體,262.0,-0.19047619047618536,81340962.625,True,55.49071618037136,42.03947368421053,10.57,2026-08-01,False,60.60606060606061,5.432595573440644,0.13610810279857527,76.7203513909224,1.3121097901125403,62.29216152019003,59.61995249406176,90.26128266033254,42.16152019002376,54.34007134363853,61.73499764164933,29.631828978622327,43.61638954869359
3305,昇貿,印刷電路板,110.5,0.454545454545463,78524898.325,True,36.12732095490716,57.46710526315789,47.4,2026-08-01,False,90.47619047619048,6.763285024154589,0.030879262224813454,65.97014925373135,-13.476904307414522,91.56769596199526,64.13301662707839,64.37054631828978,19.71496437054632,16.646848989298455,51.28661445344163,69.23990498812351,54.09738717339667
9941,裕融,租賃,76.6,0.3931847968545288,78450590.07499999,True,2.2281167108753315,90.36184210526315,1.87,2026-08-01,False,90.40775401069519,-5.432098765432106,-0.12654047720829964,76.2189054726368,1.8262679471991994,91.44893111638956,9.73871733966746,9.026128266033254,40.736342042755346,56.00475624256838,41.3909750014828,18.052256532066508,60.12470308788599
9939,宏全,塑膠製品,128.0,0.39215686274509665,76967659.25,True,28.381962864721483,64.34210526315789,7.08,2026-08-01,False,64.3048128342246,-0.38910505836575876,-0.020841881823376724,88.58131487889274,1.0111131704410434,66.6270783847981,33.2541567695962,36.104513064133016,71.49643705463184,52.675386444708685,52.03151434357356,25.05938242280285,57.482185273159146
6122,擎邦,工程承攬,63.0,5.175292153589317,76911346.07000001,True,54.97267759562842,42.63157894736842,13.59,2026-08-01,False,33.33333333333333,24.752475247524753,0.1506113494144861,98.59154929577466,-3.060573226284781,34.38242280285036,90.26128266033254,92.63657957244655,94.18052256532067,36.979785969084425,69.68811871400692,33.1353919239905,42.85926365795724
3535,晶彩科,電子設備,92.5,0.6528835690968293,76479322.16,True,72.08717518860017,29.736842105263158,38.91,2026-08-01,False,58.44155844155844,3.699551569506723,0.043987807991562274,62.2895622895623,-380.19879056047193,60.21377672209026,52.96912114014252,69.95249406175772,12.707838479809977,0.356718192627824,39.23998971928565,61.995249406175766,45.48693586698337
3138,耀登,通信網路,99.6,-2.352941176470591,76358041.84,True,60.36801132342534,38.68421052631579,-8.24,2026-08-01,False,51.92307692307693,9.210526315789464,-0.13464279174357993,45.79310344827586,-2.1189735403350154,54.21615201900237,70.30878859857482,8.551068883610451,2.019002375296912,40.66587395957193,35.15217716721129,10.09501187648456,24.005344418052253
5284,jpp-KY,電子零組件,282.0,-1.5706806282722474,75723146.6,True,58.42572062084257,40.0,13.17,2026-08-01,False,65.33333333333333,-8.88529886914378,-0.05039905097342475,61.30434782608696,-13.664772046246641,66.9833729216152,5.10688836104513,23.159144893111637,11.163895486935866,16.527942925089178,24.588248917559405,32.541567695961994,51.395486935866984
2401,凌陽,半導體,26.0,-1.7013232514177634,75510765.27250001,True,91.84149184149184,12.368421052631579,40.95,2026-08-01,False,21.96969696969697,4.62776659959758,-0.02201228297901133,74.49856733524356,3.0200679996015225,22.446555819477435,55.70071258907363,35.15439429928741,36.57957244655582,60.76099881093936,42.128446793066736,63.657957244655584,41.74584323040381
6244,茂迪,光電及I/O,22.3,-2.1929824561403466,75509501.41499999,True,47.62611275964392,49.34210526315789,-0.41,2026-08-01,False,55.4054054054054,-2.1929824561403506,-0.10876039791937281,61.432506887052355,-31.254303220594323,57.482185273159146,21.971496437054633,11.045130641330166,11.75771971496437,6.777645659928656,21.80683554528739,15.795724465558195,40.76603325415677
4949,有成精密,光電及I/O,85.3,1.6686531585220488,75141093.905,True,44.668587896253605,51.64473684210527,107.59,2026-08-01,False,59.45945945945946,11.503267973856206,0.03929431681220845,78.98148148148148,15.950306229414096,60.80760095011877,75.41567695961994,68.17102137767222,47.62470308788598,84.30439952437574,67.26468037993453,90.26128266033254,55.81947743467934
8289,泰藝,電子零組件,60.9,9.927797833935026,74452286.715,True,75.35070140280561,26.513157894736842,67.15,2026-08-01,False,44.0,40.80924855491329,0.006389133788247448,80.44914134742403,14.272732303847185,45.72446555819478,96.19952494061758,52.850356294536816,51.42517814726841,82.75862068965517,65.79162912605456,80.04750593824228,45.24940617577197
8383,千附,電子設備,69.0,-2.2662889518413554,73515386.18,True,28.6871023713129,64.07894736842105,73.6,2026-08-01,False,88.31168831168831,6.646058732612051,0.030243841822626242,76.32743362831857,-43.467626833301736,89.54869358669833,63.895486935866984,64.13301662707839,41.09263657957244,4.756242568370987,52.68521525951743,82.06650831353919,62.20308788598575
3615,安可,光電及I/O,42.9,-2.3890784982935287,71212246.35999998,True,7.776904948939513,82.30263157894737,-46.65,2026-08-01,False,79.72972972972973,20.336605890603085,-0.02505644973338627,70.44334975369459,-5.749251881007851,81.82897862232778,87.05463182897863,33.6104513064133,28.38479809976247,28.656361474435194,51.90704426638348,1.3064133016627077,31.11638954869358
1215,卜蜂,油脂飼料,106.5,1.4285714285714235,70829820.7,True,16.180371352785148,74.67105263157895,1.31,2026-08-01,False,62.5,-3.1818181818181817,-0.23190624711775015,65.13761467889908,-4.706670032660682,64.19239904988123,17.458432304038006,2.7315914489311166,18.052256532066508,31.510107015457788,26.788957270074928,17.399049881235154,45.54631828978622
7765,中華資安,數位雲端,236.0,0.42553191489360653,69442116.175,True,25.954198473282442,65.92105263157895,3.35,2026-08-01,False,46.15384615384615,8.009153318077804,0.016027929130205777,78.66666666666666,-3.046866524987054,48.45605700712589,67.45843230403801,57.60095011876485,46.79334916864608,37.21759809750297,51.50527733921556,19.83372921615202,36.9061757719715
8436,大江,藥,103.0,0.4878048780487809,69297844.25,True,1.8567639257294428,91.15131578947368,2.05,2026-08-01,False,86.95652173913044,-5.5045871559633035,-0.08794503760572957,64.77987421383648,10.295885900012827,88.47980997624703,9.501187648456057,14.608076009501186,17.339667458432302,78.24019024970274,41.63378626846786,18.28978622327791,53.6520190023753
6432,今展科,電子零組件,66.2,0.0,68880400.06500001,True,69.60212201591513,31.05263157894737,-11.79,2026-08-01,False,50.0,15.936952714535904,-0.013366229753510416,76.1795166858458,-21.218816336942545,52.31591448931117,82.06650831353919,40.38004750593824,40.38004750593824,10.107015457788346,45.04990665450304,8.31353919239905,29.735748218527316
2328,廣宇,電子零組件,48.05,-0.3112033195020847,68761712.08500001,True,99.78779840848806,0.855263157894737,19.67,2026-08-01,False,1.3333333333333335,4.456521739130428,0.16139119183481604,77.87682333873582,7.9029624599423585,0.4750593824228029,55.10688836104512,93.58669833729216,45.01187648456057,74.19738406658739,53.67558132638161,40.38004750593824,32.690023752969125
3617,碩天,電子零組件,241.5,-1.6293279022403295,67920168.2,True,17.354910714285715,73.81578947368422,13.31,2026-08-01,False,92.66666666666666,-1.4285714285714286,0.07043249810527105,92.88461538461539,-4.187385970071974,93.11163895486936,26.247030878859857,77.31591448931117,81.353919239905,33.769322235434004,62.35956515967588,32.779097387173394,70.24940617577198
3689,湧德,電子零組件,117.5,-0.4237288135593209,67474682.825,True,43.55437665782493,52.368421052631575,62.07,2026-08-01,False,76.0,6.334841628959276,0.11982305759892252,82.74647887323944,-4.473504411307182,77.90973871733968,62.589073634204276,87.64845605700712,57.83847980997625,32.69916765755054,63.736983175215585,78.50356294536816,62.91567695961996
7714,創泓科技,數位雲端,170.0,0.8902077151335286,67377061.1,True,57.41626794258373,40.723684210526315,15.11,2026-08-01,False,15.384615384615385,9.32475884244373,0.027009849911952086,81.92771084337349,-51.24942470452443,15.14251781472684,70.66508313539192,62.35154394299287,55.87885985748219,3.804994054696789,41.56859976105812,34.56057007125891,33.729216152019006
2020,美亞,基本金屬,24.15,-1.0245901639344246,67117311.68749999,True,67.16180371352786,32.43421052631579,-37.05,2026-08-01,False,23.809523809523807,10.779816513761457,-0.036245744323626504,89.77695167286245,-5.15321538488104,24.406175771971498,73.99049881235155,28.859857482185276,73.39667458432304,29.607609988109395,46.05216332778815,2.375296912114014,31.54691211401425
4912,聯德控股-KY,電子零組件,109.5,0.0,66746614.42,True,93.79310344827586,10.0,32.22,2026-08-01,False,20.0,8.955223880597014,0.08294209702660407,95.21739130434783,-18.414639512234373,20.368171021377673,69.59619952494062,80.16627078384798,87.52969121140143,11.771700356718192,53.886406579657184,54.39429928741093,48.17399049881236
3467,台灣精材,電子設備,70.5,-0.98314606741573,66138826.415,True,47.745358090185675,49.14473684210526,49.81,2026-08-01,False,72.72727272727273,37.426900584795334,-0.010351306856722363,81.5028901734104,14.493627787362449,74.94061757719716,95.13064133016627,42.39904988123516,54.513064133016634,83.35315101070154,70.06730478646335,70.36817102137766,51.1728028503563
8182,加高,電子零組件,45.7,4.337899543378998,65943486.52749999,True,90.23872679045093,14.078947368421051,13.68,2026-08-01,False,26.0,18.240620957309197,0.04169064589032211,77.45762711864407,3.1060378706680964,26.72209026128266,84.91686460807601,69.0023752969121,43.705463182897866,61.23662306777645,57.11668328338902,33.2541567695962,29.69121140142518
6689,伊雲谷,數位雲端,62.6,-0.15948963317384823,65232117.570000015,True,4.86815415821501,85.98684210526316,20.28,2026-08-01,False,69.23076923076923,2.6229508196721336,-0.016559922309604364,73.21637426900584,-2.032737227990662,71.31828978622327,48.33729216152019,37.88598574821852,34.91686460807601,40.78478002378122,46.648642465563846,41.211401425178146,49.777315914489314
6613,朋億*,電子設備,286.0,-1.379310344827589,64659833.825,True,95.59681697612731,7.269736842105264,186.82,2026-08-01,False,14.285714285714285,10.638297872340425,0.184506124672807,73.33333333333333,62.95511824741669,13.895486935866982,73.51543942992875,95.48693586698337,35.03562945368171,97.02734839476813,62.9921680162458,95.01187648456056,42.60688836104512
1608,華榮,電纜,36.55,-1.3495276653171406,63865513.4125,True,1.8401015228426396,91.3157894736842,17.9,2026-08-01,False,90.9090909090909,-0.2728512960436601,0.06193046477963636,90.13563501849569,-6.739049913324347,91.8646080760095,34.08551068883611,75.17814726840855,74.22802850356295,26.2782401902497,60.32690694541336,37.410926365795724,67.35451306413302
2233,宇隆,汽車組件,164.0,-2.3809523809523836,63572709.025,True,86.57824933687003,17.63157894736842,21.27,2026-08-01,False,25.0,1.8633540372670807,0.015134098014475624,42.988204456094365,11.694659355502973,25.653206650831358,44.77434679334917,57.00712589073634,1.66270783847981,80.26159334126041,41.87179610293141,42.63657957244655,31.294536817102134
2101,南港,輪胎,30.0,0.8403361344537785,63299661.775,True,0.7598784194528876,95.06578947368422,84.2,2026-08-01,False,100.0,-2.1207177814029317,-0.10804486083975336,76.04562737642586,-67.64648016640457,99.1686460807601,22.624703087885987,11.282660332541568,40.142517814726844,2.853745541022592,35.21445457138742,85.39192399049881,75.51959619952493
2009,第一銅,基本金屬,39.6,-0.7518796992481147,63255055.81,True,19.16829109811566,71.64473684210526,30.27,2026-08-01,False,76.19047619047619,-2.463054187192118,-0.04882924285440342,72.1311475409836,7.889367439041369,78.20665083135393,20.071258907363422,24.109263657957243,32.779097387173394,74.07847800237812,45.84894975724522,52.850356294536816,60.94121140142518
6690,安碁資訊,數位雲端,178.0,0.0,62898656.75,True,5.746445497630331,84.53947368421053,8.21,2026-08-01,False,65.38461538461539,9.876543209876543,0.005322350011604128,94.68085106382979,0.09304209926705376,67.16152019002375,71.97149643705463,52.49406175771971,86.22327790973871,48.275862068965516,65.22524367270047,27.078384798099762,52.1229216152019
3010,華立,電子通路,132.5,0.37878787878788955,62144178.55,True,74.96021220159152,27.00657894736842,23.63,2026-08-01,False,21.153846153846153,4.330708661417323,0.08206516475501192,93.30985915492957,0.6302633915772589,21.61520190023753,54.63182897862233,79.69121140142518,82.3040380047506,50.89179548156956,57.826815153321036,45.665083135391924,48.738123515439426
2515,中工,營造,11.95,-1.6460905349794275,61985008.779999994,True,32.51989389920424,60.39473684210527,28.84,2026-08-01,False,33.33333333333333,0.4201680672268818,0.033695149724753425,65.30054644808743,28.097435231726312,34.38242280285036,36.57957244655582,66.0332541567696,18.28978622327791,91.20095124851368,49.29719737559348,51.06888361045131,41.79038004750594
6870,騰雲,數位雲端,319.0,0.9493670886076,61047719.925,True,35.53162853297443,57.89473684210527,34.14,2026-08-01,False,34.61538461538461,9.433962264150944,0.024687817633128457,94.79940564635957,-7.362285291832698,36.04513064133016,70.90261282660333,61.520190023752974,86.34204275534442,25.326991676575506,56.02739358472128,56.76959619952494,52.06353919239905
4743,合一,藥,48.1,2.123142250530785,60807992.28750001,True,51.449275362318836,46.18421052631579,-39.4,2026-08-01,False,28.26086956521739,2.4494142705005295,0.014167376439913488,64.3048128342246,-18.411362929694246,28.859857482185276,46.912114014251785,56.65083135391924,16.270783847980997,11.890606420927467,32.116838623852956,2.2565320665083135,25.1187648456057
1736,喬山,家電製品,123.0,0.8196721311475308,59836707.175,True,0.39727582292849034,96.51315789473685,22.66,2026-08-01,False,89.47368421052632,-2.766798418972332,0.07240781310284114,71.9298245614035,-1.655695957142676,90.73634204275535,19.002375296912113,77.90973871733968,32.18527315914489,42.092746730083235,52.38529518924705,44.00237529691211,61.98040380047506
1808,潤隆,建設,32.55,0.6182380216383176,59672335.53250001,True,19.679633867276888,71.3157894736842,33032.93,2026-08-01,False,69.64285714285714,-6.599713055954101,-0.014745953655082371,81.68130489335005,-33310.52150251586,71.97149643705463,7.8384798099762465,39.311163895486935,55.10688836104512,0.11890606420927466,34.86938691355444,100.0,79.80997624703087
6782,視陽,醫療耗材,230.0,-1.0752688172043001,59550449.275,True,10.503751339764202,79.27631578947368,64.05,2026-08-01,False,60.0,-1.0752688172043012,0.024737514421873583,92.18436873747495,21.649800336407985,61.69833729216152,28.859857482185276,61.75771971496437,78.85985748218528,87.75267538644471,63.78568947158823,79.21615201900238,72.72862232779097
6023,元大期,期貨,84.1,-0.4733727810650956,59377318.83,True,0.6896551724137931,95.36184210526316,22.66,2026-08-01,False,95.4211229946524,1.4475271411338824,0.11103121884328043,77.87037037037037,-45.54321844689808,95.48693586698337,42.87410926365796,86.81710213776722,44.89311163895487,4.5184304399524375,54.917937869463174,44.00237529691211,60.3770783847981
7712,博盛半導體,半導體,173.5,0.28901734104045396,59211585.2,True,64.03712296983758,35.06578947368421,55.5,2026-08-01,False,52.27272727272727,15.666666666666668,0.017124626203027953,81.26463700234193,-0.5524799337165334,54.750593824228034,81.59144893111639,57.95724465558195,53.80047505938242,46.730083234244944,58.96596914091075,74.46555819477435,50.3562945368171
2419,仲琦,通信網路,27.0,-1.098901098901106,57594409.01500001,True,95.51904406273339,7.5,245.59,2026-08-01,False,11.538461538461538,1.1235955056179803,0.038302967403621505,71.52317880794702,165.23262244748395,11.045130641330166,40.38004750593824,67.57719714964371,30.522565320665084,99.16765755053508,49.73851963362246,97.03087885985748,49.55463182897862
6177,達麗,建設,45.95,0.10893246187364536,57411351.13000001,True,3.789126853377265,87.17105263157895,-8.72,2026-08-01,False,83.92857142857143,-3.769633507853397,-0.16446374912880124,82.64388489208633,-603.213663606157,85.62945368171022,15.676959619952493,6.65083135391924,57.482185273159146,0.23781212841854932,33.13544841143193,9.619952494061758,59.263657957244654
6204,艾華,電子零組件,111.5,0.0,57232372.35,True,96.18037135278514,6.4144736842105265,17.03,2026-08-01,False,14.666666666666666,26.993166287015953,-0.001436609745096679,89.2,-2.9007871630097064,14.489311163895488,91.56769596199526,47.74346793349169,72.68408551068883,37.81212841854934,52.859337797724116,36.69833729216152,33.07600950118764
4541,晟田,機車船製造,58.8,-0.5076142131979822,57155898.705,True,0.93603744149766,94.4078947368421,23.57,2026-08-01,False,91.66666666666666,-2.4875621890547266,-0.003160014416593058,77.67503302509907,-16.899195835628454,92.39904988123516,19.83372921615202,47.03087885985748,44.180522565320665,13.198573127229487,43.32855072995896,45.24940617577197,65.49881235154395
5432,新門,電子零組件,179.5,-7.948717948717954,56621306.525,True,34.235368156073,59.078947368421055,3.66,2026-08-01,False,81.33333333333333,10.802469135802468,0.0128427479883655,91.81585677749361,-14.458931741659015,83.4916864608076,74.22802850356295,55.70071258907363,78.26603325415678,15.81450653983353,61.500193469486895,20.30878859857482,51.959619952494066
4720,德淵,樹脂,25.55,9.892473118279565,56375760.7025,True,77.18832891246684,25.32894736842105,25.12,2026-08-01,False,28.57142857142857,38.10810810810811,0.029696285418125554,86.02693602693603,0.21957024380835932,29.216152019002372,95.24940617577197,63.657957244655584,66.270783847981,48.870392390011894,60.65293833548456,47.26840855106889,36.87648456057008
3049,精金,光電及I/O,12.0,-1.6393442622950727,56265043.4225,True,90.08264462809917,14.210526315789473,-72.22,2026-08-01,False,20.27027027027027,-4.0,-0.02012686144489183,66.66666666666666,-1.8206947217626634,20.783847980997624,14.370546318289787,36.46080760095012,20.843230403800476,41.26040428061831,26.74376731693126,0.5938242280285035,31.962589073634206
2483,百容,半導體,38.3,-1.4157014157014314,56214599.330000006,True,96.18037135278514,6.4144736842105265,34.59,2026-08-01,False,12.878787878787879,20.06269592476489,-0.049376743391028086,54.79256080114448,-0.7630320968794209,12.589073634204276,86.46080760095012,23.75296912114014,6.294536817102138,45.89774078478002,34.99902559163534,57.24465558194775,22.41686460807601
3312,弘憶股,電子通路,50.9,-1.1650485436893177,56183382.885000005,True,61.47715196599363,37.565789473684205,35.19,2026-08-01,False,36.53846153846153,1.5968063872255431,0.01802003793910862,69.53551912568305,-4.0465615545425635,38.12351543942993,43.46793349168646,58.432304038004744,26.128266033254157,34.126040428061835,40.05561188608742,58.076009501187656,44.71496437054632
3066,李洲,光電及I/O,27.15,0.5555555555555536,54964687.1375,True,1.6993464052287581,91.64473684210527,18.89,2026-08-01,False,95.94594594594594,13.361169102296449,0.04691850174261108,89.90066225165563,16.00818417639429,95.84323040380048,78.97862232779097,71.02137767220903,73.63420427553444,84.5422116527943,80.80392926642585,39.311163895486935,57.45249406175772
6753,龍德造船,機車船製造,131.0,0.0,53747991.125,True,0.11494252873563218,98.09210526315789,40.14,2026-08-01,False,100.0,-2.6022304832713754,-0.043078834590360986,81.11455108359134,1.5359148468564285,99.1686460807601,19.358669833729216,25.653206650831358,53.32541567695962,55.64803804994055,50.630795258444174,62.826603325415675,73.99049881235155
4951,精拓科,半導體,88.3,-0.450958286358516,53717150.895,True,23.894736842105264,67.69736842105263,3.16,2026-08-01,False,82.57575757575758,11.349306431273645,-0.05460216163954414,63.07142857142857,6.292221062910498,84.32304038004752,75.29691211401425,22.565320665083135,13.77672209026128,69.91676575505352,53.17575220089193,19.239904988123516,35.510688836104514
4585,達明,機器人,292.0,0.5163511187607606,53629070.95,True,2.4193548387096775,90.0,-6.11,2026-08-01,False,90.04010695187165,-1.6835016835016834,0.09434609242045945,66.4391353811149,-25.973744764420655,91.21140142517815,24.46555819477435,82.89786223277909,20.071258907363422,8.680142687277051,45.46524468947441,11.520190023752969,49.584323040380056
5534,長虹,建設,72.2,0.8379888268156499,53387171.29,True,64.77453580901856,34.53947368421053,88.58,2026-08-01,False,26.785714285714285,-4.8748353096179216,-0.44051572048870413,82.98850574712644,-72.2808769855025,27.315914489311165,11.63895486935867,0.11876484560570072,58.55106888361045,2.7348394768133173,20.071908512939864,86.69833729216153,65.23159144893111
5009,榮剛,基本金屬,33.65,2.9051987767583887,53092651.4875,True,51.35278514588859,46.31578947368421,38.9,2026-08-01,False,38.095238095238095,2.591463414634151,-0.062093815966736,83.8107098381071,16.066352380611885,39.489311163895486,47.980997624703086,19.95249406175772,61.16389548693587,84.66111771700356,50.64956321085914,61.87648456057006,53.637173396674584
6146,耕興,檢測驗證,191.5,5.509641873278226,52894925.05,True,42.70557029177719,53.0921052631579,10.46,2026-08-01,False,100.0,6.388888888888888,0.09043737659167553,80.29350104821803,-0.8194496355007832,99.1686460807601,62.94536817102138,81.94774346793349,50.1187648456057,45.422116527942926,67.92052781865272,29.334916864608076,53.919239904988125
2897,王道銀行,本國銀行,10.7,0.46948356807510194,52417020.76,True,45.03978779840849,51.348684210526315,7.89,2026-08-01,False,66.66666666666666,-2.2831050228310503,-0.0794797413884801,95.1111111111111,-5.22339981567425,68.52731591448931,21.140142517814727,16.5083135391924,87.05463182897863,29.369797859690845,44.52004033203318,26.72209026128266,65.29097387173397
8114,振樺電,電腦及週邊,177.5,0.0,52376092.95,True,31.140583554376654,61.67763157894737,38.75,2026-08-01,False,63.793103448275865,-1.3888888888888888,-0.030295534911139066,66.47940074906367,5.664072788169335,65.7957244655582,26.60332541567696,30.878859857482183,20.30878859857482,68.37098692033294,42.39153705152502,61.57957244655582,55.27019002375296
2617,台航,海運,32.05,-0.15576323987540608,52328771.7275,True,33.262599469496024,59.70394736842105,22.29,2026-08-01,False,63.63636363636363,-0.9273570324575092,0.15899817700955365,95.24517087667161,-8.931930168246065,65.43942992874109,30.28503562945368,93.34916864608076,87.76722090261283,21.521997621878715,59.67257054575341,43.34916864608076,66.56769596199524
1210,大成,油脂飼料,51.3,0.0,51796821.755,True,15.490716180371352,75.39473684210526,13.42,2026-08-01,False,75.0,-2.2857142857142914,-0.17159288926764288,87.24489795918367,-2.2766380966305846,76.90023752969121,21.021377672209027,5.938242280285035,68.40855106888361,40.19024970273484,42.49173165076074,32.8978622327791,64.29631828978623
7777,能率亞洲,創投,37.1,-0.5361930294906059,51500901.0025,True,5.7591623036649215,84.47368421052632,-187.37,2026-08-01,False,84.49197860962568,-1.3297872340425532,0.014440927597717885,83.55855855855856,-22.57835154681308,86.57957244655582,27.494061757719717,56.888361045130644,60.451306413301666,9.274673008323424,48.137594934206255,0.11876484560570072,54.913895486935864
3526,凡甲,電子零組件,275.5,-0.3616636528028905,51348693.5,True,56.28647214854111,41.51315789473684,38.84,2026-08-01,False,67.33333333333333,-0.5415162454873645,-0.15915167438605404,69.74683544303798,2.200618069373995,69.59619952494062,32.304038004750595,7.007125890736342,26.48456057007126,57.431629013079665,38.56471060071569,61.75771971496437,56.38361045130642
2520,冠德,建設,37.35,0.9459459459459474,51288360.417500004,True,80.78602620087337,22.236842105263158,-26.5,2026-08-01,False,14.285714285714285,1.494565217391316,0.08818825630823447,97.39243807040417,-33.616294351934606,13.895486935866982,43.111638954869356,81.47268408551069,92.04275534441805,5.945303210463734,47.29357370622576,4.334916864608076,41.79038004750594
8255,朋程,電子零組件,150.5,-1.6339869281045805,51264746.025,True,39.57559681697613,55.03289473684211,4.61,2026-08-01,False,78.66666666666666,7.885304659498208,0.11070054236793633,70.16317016317016,0.7418891676556898,80.40380047505938,66.9833729216152,86.46080760095012,27.55344418052256,51.24851367419738,62.529987770468935,21.555819477434678,40.63242280285036
2501,國建,建設,20.65,0.24271844660193054,50912564.4225,True,3.819628647214854,87.10526315789474,60.18,2026-08-01,False,82.14285714285714,-7.8125,-0.3484231186697356,76.48148148148147,24.088834407749253,84.2042755344418,6.413301662707839,0.35629453681710216,41.56769596199525,89.179548156956,44.3442231705836,77.43467933491686,74.19833729216151
2727,王品,餐飲飯店,237.5,1.7130620985010614,50708948.125,True,4.456654456654457,86.38157894736842,11.31,2026-08-01,False,72.0,3.260869565217391,0.08266997407212945,95.38152610441767,-3.0534418338324443,74.40617577197149,51.12826603325416,79.92874109263659,88.24228028503563,37.098692033293695,66.1608310432383,30.760095011876487,60.57007125890736
1907,永豐餘,造紙,28.45,0.5300353356890497,49320521.86,True,54.58885941644562,42.828947368421055,6.03,2026-08-01,False,33.33333333333333,-2.4013722126929653,-0.043115029087240526,91.18589743589743,-2.6270685314983053,34.38242280285036,20.42755344418052,25.534441805225654,76.72209026128266,38.882282996432814,39.189758261994406,23.27790973871734,53.48871733966746
3416,融程電,電腦及週邊,182.0,7.692307692307687,49138285.925,True,67.37400530503979,32.36842105263158,16.65,2026-08-01,False,25.862068965517242,13.395638629283487,0.02838543275120601,92.85714285714286,-4.52162369583705,26.48456057007126,79.09738717339667,62.826603325415675,81.23515439429929,32.461355529131986,56.421012198462975,36.46080760095012,41.270783847981
2211,長榮鋼,基本金屬,79.7,-0.12531328320801727,48662761.099999994,True,24.2152466367713,67.36842105263158,11.85,2026-08-01,False,69.04761904761905,-4.206730769230769,-0.23523883730604206,65.86776859504133,-20.61619346544284,71.02137767220903,13.064133016627078,2.494061757719715,19.121140142517813,10.46373365041617,23.232889247897965,31.353919239904986,52.10807600950119
1617,榮星,電纜,24.1,0.6263048016701633,48277168.04000001,True,58.11863391252247,40.19736842105263,46.89,2026-08-01,False,27.27272727272727,37.32193732193733,0.022230893583811806,90.26217228464421,4.607194674442773,27.909738717339668,95.01187648456056,60.451306413301666,74.70308788598575,64.80380499405469,64.57596289904846,69.0023752969121,44.150831353919244
2069,運錩,基本金屬,24.65,-1.5968063872255578,47895429.7725,True,51.22859270290394,46.44736842105263,18.86,2026-08-01,False,40.476190476190474,10.044642857142858,0.03596157889478442,92.32209737827715,9.908258533589603,42.16152019002376,72.68408551068883,66.9833729216152,79.45368171021377,77.76456599286563,67.80944526508145,38.95486935866984,46.97149643705464
6108,競國,印刷電路板,25.6,-1.348747591522148,47610073.3575,True,99.54068241469817,1.513157894736842,45.69,2026-08-01,False,11.904761904761903,15.056179775280906,0.10193666647097312,98.46153846153847,-6.0475245571407825,11.34204275534442,80.9976247030879,84.56057007125891,93.82422802850357,27.94292508917955,59.73347812947486,68.17102137767222,48.08491686460808
8936,國統,金屬製品,54.0,1.6949152542372836,47606804.27499999,True,15.649867374005305,75.29605263157895,12.34,2026-08-01,False,71.42857142857143,7.784431137724549,0.2543813840557674,77.92207792207793,-0.7912695288676144,73.51543942992875,66.3895486935867,98.93111638954869,45.36817102137768,45.541022592152196,65.94905962531881,31.828978622327792,46.080760095011875
2820,華票,票券公司,16.85,0.0,47321694.78,True,0.42440318302387264,96.25,54.67,2026-08-01,False,96.2566844919786,-0.8823529411764622,0.2874031013755692,94.39775910364145,38.724953800765675,96.43705463182897,30.522565320665084,99.5249406175772,85.39192399049881,94.41141498216409,81.25757990854683,74.22802850356295,81.38361045130641
2495,普安,光電及I/O,37.85,0.5312084993359889,46932604.325,True,27.189781021897808,65.26315789473685,106.21,2026-08-01,False,67.56756756756756,4.9930651872399565,0.049283377084979804,70.35315985130111,35.964279407680266,69.83372921615202,57.95724465558195,71.73396674584322,28.26603325415677,93.69797859690844,64.29779049372848,89.78622327790974,57.482185273159146
2850,新產,產險,164.5,0.6116207951070374,46855202.25,True,94.16445623342176,9.63815789473684,4.71,2026-08-01,False,20.0,4.444444444444445,0.05678234299913078,97.62611275964392,1.3515553588537363,20.368171021377673,54.98812351543943,73.51543942992875,92.28028503562945,54.69678953626635,59.169761707728334,21.971496437054633,44.90795724465558
2504,國產,預拌混凝土,31.95,1.2678288431061668,46583612.4625,True,20.968600319318785,70.19736842105263,-8.07,2026-08-01,False,70.18716577540107,1.107594936708854,-0.1712669397754803,80.58007566204287,2.367008988833737,72.44655581947742,40.02375296912114,6.0570071258907365,51.78147268408551,58.026159334126035,45.66698958654017,10.332541567695962,48.63420427553444
7744,崴寶,電子零組件,506.0,-5.0656660412757955,46530276.05,True,33.17307692307692,59.80263157894738,86.43,2026-08-01,False,82.0,-3.2504780114722758,0.05626636649885676,83.22368421052632,-19.902724512091254,84.08551068883611,17.102137767220903,73.27790973871734,59.263657957244654,10.820451843043994,48.909933599012604,86.10451306413302,78.08788598574822
6215,和椿,電子設備,93.3,-3.814432989690719,46492344.86,True,59.04509283819629,39.60526315789474,132.82,2026-08-01,False,68.83116883116884,-2.4058577405857715,-0.014967781781226807,69.11111111111111,65.98342476256819,70.78384798099762,20.30878859857482,39.073634204275535,25.29691211401425,97.14625445897741,50.521887471367926,92.87410926365796,67.16152019002375
6015,宏遠證,證券,18.15,1.9662921348314377,46263159.407500006,True,9.472049689440993,80.46052631578947,140.5,2026-08-01,False,25.0,1.680672268907547,-0.0332728573504887,79.25764192139738,86.47723962241287,25.653206650831358,43.82422802850356,30.04750593824228,48.218527315914486,98.33531510107015,49.215756606912365,93.34916864608076,55.849168646080756
3209,全科,電子通路,46.55,0.10752688172042113,46040302.355000004,True,8.169761273209549,81.77631578947368,27.44,2026-08-01,False,86.53846153846155,2.646085997794919,-0.20657604753122963,57.18673218673218,-54.477738056991754,88.30166270783847,48.574821852731596,3.800475059382423,7.8384798099762465,3.686087990487515,30.44030548408325,50.0,49.391330166270784
3581,博磊,電子設備,110.5,-2.643171806167399,45902016.225,True,70.25246981339188,30.789473684210527,-27.74,2026-08-01,False,59.74025974025974,4.739336492890995,-0.05743608379664695,39.464285714285715,-74.95474515582787,61.16389548693587,56.947743467933485,21.852731591448933,0.9501187648456058,2.4970273483947683,28.682303331911733,3.681710213776722,27.21199524940618
6840,東研信超,檢測驗證,94.5,-0.5263157894736858,45797814.375,True,47.03703703703704,50.065789473684205,10.8,2026-08-01,False,83.33333333333334,1.3948497854077222,0.020228969063315293,87.5,-4.45678713563515,85.1543942992874,42.042755344418055,59.026128266033254,68.88361045130641,32.81807372175981,57.584992416560986,30.04750593824228,60.510688836104514
5292,華懋,電子設備,243.0,0.0,45778325.675,True,97.27793696275072,4.736842105263158,8.9,2026-08-01,False,6.493506493506493,11.724137931034482,-0.03915462096898935,91.69811320754717,7.858268708671165,5.463182897862233,76.24703087885986,27.197149643705465,78.02850356294537,73.84066587395958,52.15530657146651,27.909738717339668,33.788598574821854
6962,奕力-KY,半導體,32.0,-2.7355623100303927,45281073.7775,True,75.88495575221239,26.38157894736842,7.16,2026-08-01,False,42.42424242424242,2.4,0.1491911977527114,69.48968512486428,-3.0870715101483075,44.00237529691211,46.79334916864608,92.16152019002375,26.009501187648453,36.86087990487515,49.16552514962111,25.356294536817103,37.1437054631829
3290,東浦,電子零組件,55.8,9.842519685039374,45108873.410000004,True,7.613636363636364,82.63157894736842,79.8,2026-08-01,False,96.66666666666667,23.17880794701987,-0.058457896109405064,78.26086956521739,-6.324320333481978,96.55581947743468,89.19239904988123,21.49643705463183,45.843230403800476,27.110582639714625,56.03969372509257,83.9667458432304,59.29334916864608
8147,正淩,電子零組件,139.0,-2.1126760563380254,44850710.75,True,69.27144535840188,31.11842105263158,95.98,2026-08-01,False,50.66666666666667,1.4598540145985401,-0.06416838343466766,72.96587926509186,42.48073241847052,53.44418052256532,42.99287410926366,19.596199524940616,34.441805225653205,95.12485136741974,49.11998214996851,87.88598574821853,58.19477434679335
4766,南寶,樹脂,354.5,-1.3908205841446475,44777999.325,True,49.283819628647215,48.026315789473685,14.17,2026-08-01,False,42.857142857142854,2.4566473988439306,0.23943825292996948,90.43367346938776,-1.7458902160701744,44.71496437054632,47.149643705463184,98.45605700712589,75.17814726840855,41.49821640903686,61.39940575211616,33.8479809976247,51.647862232779104
3550,聯穎,電子零組件,23.9,-2.6476578411405383,44621643.157500006,True,98.67211440245148,3.026315789473684,33.66,2026-08-01,False,6.0,5.518763796909493,0.021530549751726122,64.16107382550335,-3.0294308496013187,4.98812351543943,60.09501187648456,60.09501187648456,16.033254156769598,37.33650416171225,35.70958111737808,56.294536817102134,29.30522565320665
2838,聯邦銀,本國銀行,20.4,-0.487804878048792,44595996.942499995,True,55.01326259946949,42.56578947368421,3.88,2026-08-01,False,33.33333333333333,-4.225352112676066,-0.11361499547358699,82.5910931174089,10.761783201306532,34.38242280285036,12.826603325415679,10.332541567695962,57.00712589073634,79.07253269916765,38.724245257173195,20.665083135391924,49.807007125890735
6221,晉泰,資訊服務,29.65,-1.3311148086522562,44571764.332499996,True,32.360742705570296,60.526315789473685,21.48,2026-08-01,False,42.5531914893617,40.189125295508276,0.01789796966432085,54.403669724770644,38.48124293617275,44.180522565320665,95.96199524940617,58.313539192399055,5.938242280285035,94.29250891795482,59.73736164107315,42.87410926365796,24.25771971496437
7728,光焱科技,電子設備,631.0,-0.9419152276295084,44352058.55,True,52.820512820512825,44.86842105263158,137.33,2026-08-01,False,71.42857142857143,0.47770700636942676,-0.03651376646179635,70.34559643255295,36.56355204736063,73.51543942992875,37.05463182897862,28.741092636579573,28.147268408551067,94.05469678953627,52.30262581871485,93.11163895486936,64.42992874109264
4755,三福化,其他化學,127.0,-0.39215686274509665,44200701.5,True,64.88063660477454,34.473684210526315,10.88,2026-08-01,False,31.25,10.434782608695652,-0.035275601441568445,74.92625368731564,-2.254383516127513,32.18527315914489,73.39667458432304,29.097387173396676,37.52969121140142,40.309155766944116,42.50363637904203,30.403800475059384,31.680522565320665
5228,鈺鎧,電子零組件,61.3,9.856630824372758,43898356.355,True,59.69827586206896,39.078947368421055,70.25,2026-08-01,False,63.33333333333333,47.710843373493965,0.007644242060946412,80.44619422572178,7.884700160703709,64.96437054631829,97.74346793349169,53.44418052256532,51.306413301662715,73.95957193816885,68.28360084844137,81.11638954869359,49.91092636579573
6670,復盛應用,其他,279.0,1.8248175182481674,43740731.275,True,50.82228116710875,46.776315789473685,45.02,2026-08-01,False,33.33333333333333,0.0,0.03209060464866294,92.84525790349417,19.033474293380117,34.38242280285036,34.857482185273156,65.08313539192399,81.11638954869359,86.08799048751486,60.30548408325119,67.2209026128266,61.965558194774346
5608,四維航,海運,16.5,-0.30211480362538623,43681261.707499996,True,94.9074074074074,8.421052631578947,39.15,2026-08-01,False,9.090909090909092,-4.3478260869565215,0.09927102303224299,79.51807228915662,4.042886295361811,8.729216152019003,12.351543942992874,83.729216152019,48.574821852731596,62.9013079667063,43.257221213293754,62.23277909738717,51.79631828978623
2480,敦陽科,資訊服務,165.0,-1.4925373134328401,43554885.95,True,87.05570291777188,17.30263157894737,20.16,2026-08-01,False,6.382978723404255,6.109324758842444,0.16955216110518564,96.49122807017544,1.1002346255796063,5.344418052256532,61.520190023752974,94.29928741092637,90.49881235154395,53.5077288941736,61.03408734653069,41.09263657957244,43.85391923990499
3028,增你強,電子通路,63.6,0.7923930269413626,43500467.055,True,18.037135278514587,73.09210526315789,87.95,2026-08-01,False,78.84615384615384,2.086677367576251,-0.027263244996732997,75.35545023696683,-2.4364978768882963,80.81947743467933,45.36817102137768,32.8978622327791,38.36104513064133,39.59571938168847,47.408455040233186,86.57957244655582,65.0979809976247
4968,立積,半導體,96.7,-0.5144032921810648,43417033.83499999,True,14.417379855167873,76.77631578947368,-2.44,2026-08-01,False,90.15151515151516,8.65168539325843,0.08887993252809033,60.4375,-0.7202699434906681,91.33016627078385,68.52731591448931,81.71021377672209,10.21377672209026,46.25445897740785,59.60718633229867,13.657957244655583,36.6686460807601
3114,好德,電子通路,38.35,-3.0341340075853207,43411045.81,True,52.254641909814325,45.5921052631579,3.85,2026-08-01,False,53.84615384615385,27.83333333333334,0.012949247767579287,66.46447140381282,2.133289927482068,56.057007125890735,91.92399049881234,55.819477434679335,20.19002375296912,56.95600475624257,56.18930071371882,20.54631828978622,26.217339667458432
1440,南紡,人纖,14.35,2.8673835125448077,42944440.9375,True,99.91610738255034,0.3289473684210526,-4.23,2026-08-01,False,11.11111111111111,5.514705882352941,0.09093380292930033,91.98717948717949,-4.407325689892116,10.629453681710213,59.97624703087886,82.3040380047506,78.62232779097387,33.17479191438763,52.94137168454024,12.232779097387175,35.377078384798104
2208,台船,機車船製造,18.55,0.2702702702702675,42892421.7125,True,3.5294117647058822,87.5657894736842,55.64,2026-08-01,False,83.33333333333334,-1.3297872340425532,-0.07861046952245411,76.18069815195072,25.41743098412412,85.1543942992874,27.494061757719717,16.983372921615203,40.49881235154395,90.36860879904876,52.09985002584301,74.58432304038006,68.18586698337293
3708,上緯投控,樹脂,94.1,-2.1829521829521914,42781930.96999999,True,0.3183023872679045,96.90789473684211,534.57,2026-08-01,False,100.0,-5.522088353413655,-0.10757343288531687,71.55893536121673,302.4199200937247,99.1686460807601,9.382422802850355,11.401425178147269,30.997624703087883,99.52437574316289,50.094898901601695,98.812351543943,79.89904988123516
6509,聚和,其他化學,50.7,0.5952380952380931,42586876.097500004,True,30.76923076923077,61.90789473684211,20.02,2026-08-01,False,68.75,11.184210526315793,0.15026402195618394,88.17391304347827,6.517959282598159,70.66508313539192,74.94061757719716,92.39904988123516,70.42755344418052,70.51129607609988,75.78872002282093,40.973871733966746,51.781472684085514
5471,松翰,半導體,50.8,-1.740812379110257,42328722.434999995,True,59.57559681697613,39.21052631578947,20.44,2026-08-01,False,57.57575757575758,-7.636363636363641,0.005349820545631442,75.14792899408285,-14.841979864161605,59.50118764845605,6.65083135391924,52.612826603325416,37.76722090261283,14.982164090368608,34.30284611973643,41.56769596199525,58.04631828978622
6419,京晨科,光電及I/O,158.5,-3.9393939393939426,42022915.15,True,3.36,87.82894736842105,365.7,2026-08-01,False,89.1891891891892,6.375838926174497,0.029576085262120817,81.49100257069408,-29.074861791893284,90.38004750593825,62.826603325415675,63.53919239904988,54.39429928741093,7.253269916765754,55.6786824869161,98.2185273159145,70.04156769596202
3564,其陽,電腦及週邊,66.9,9.852216748768484,42020579.995000005,True,92.51336898395722,11.578947368421053,47.82,2026-08-01,False,5.172413793103448,38.796680497925315,0.003886193813098921,100.0,-4.943729308666022,3.800475059382423,95.36817102137766,51.78147268408551,98.51543942992875,30.677764565992867,56.028664552153444,69.47743467933492,44.10629453681711
6579,研揚,電腦及週邊,151.0,-1.3071895424836555,41616591.25,True,28.063660477453585,64.67105263157895,26.58,2026-08-01,False,70.6896551724138,2.3728813559322033,0.06421890754199443,82.28882833787466,-7.366091241433757,72.68408551068883,46.55581947743468,76.24703087885986,56.76959619952494,25.089179548156952,55.46914232293305,49.049881235154395,57.98693586698337
3402,漢科,電子設備,139.5,0.0,41527585.3,True,97.13527851458886,5.065789473684211,32.84,2026-08-01,False,10.38961038961039,13.877551020408163,0.32142521952118663,88.29113924050634,-0.331014309278153,9.97624703087886,80.04750593824228,99.7624703087886,70.90261282660333,47.08680142687277,61.555127506277174,55.166270783847985,38.999406175771966
1434,福懋,成衣,19.45,2.638522427440626,41398394.88,True,52.46684350132625,45.19736842105263,-7.17,2026-08-01,False,30.434782608695656,9.269662921348306,0.17538599392747073,99.48849104859335,-3.784430281308396,31.057007125890735,70.54631828978623,94.89311163895488,96.31828978622327,34.720570749108205,65.50705951799266,10.926365795724466,41.938836104513065
6679,鈺太,半導體,196.5,-1.2562814070351758,40725791.725,True,3.10077519379845,88.42105263157895,0.32,2026-08-01,False,94.6969696969697,-1.5037593984962405,-0.02973210967728731,56.87409551374819,-6.005218556602578,94.77434679334917,25.29691211401425,30.997624703087883,7.600950118764846,28.299643281807374,37.393895402204706,16.5083135391924,48.39667458432304
1723,中碳,其他化學,84.3,3.5626535626535505,40576744.315000005,True,81.16710875331566,21.842105263157897,46.94,2026-08-01,False,18.75,0.4767580452920041,-0.20378501992422093,93.66666666666667,5.192841368146695,18.883610451306414,36.935866983372925,4.038004750593824,83.1353919239905,67.18192627824018,42.03496007750077,69.12114014251782,58.55106888361045
6234,高僑,電子設備,39.5,-5.502392344497597,40561206.3525,True,91.09707064905227,13.157894736842104,68.4,2026-08-01,False,27.27272727272727,15.160349854227414,-0.02157161786648449,63.70967741935484,13.697158346379076,27.909738717339668,81.11638954869359,35.74821852731592,15.320665083135394,82.28299643281808,48.47560166186052,80.52256532066508,35.65914489311164
9938,百和,其他紡織,39.55,1.0217113665389466,40553652.71999999,True,36.12732095490716,57.46710526315789,-3.18,2026-08-01,False,57.38636363636363,-1.9826517967782014,-0.03755456881685861,65.48013245033111,-14.520963737012488,59.38242280285036,23.51543942992874,28.26603325415677,18.76484560570071,15.576694411414982,29.10108710081031,12.826603325415679,41.8646080760095
8121,越峰,電子零組件,34.4,-0.721500721500723,40445380.2025,True,99.68421052631578,0.9868421052631579,25.76,2026-08-01,False,2.0,27.4074074074074,-0.12358439624722285,63.23529411764706,-4.566670393261191,1.3064133016627077,91.68646080760095,9.263657957244655,14.133016627078385,31.98573127229489,29.67505599317632,48.218527315914486,17.992874109263656
1904,正隆,造紙,25.0,-0.990099009900991,40431239.035000004,True,49.17771883289125,48.1578947368421,23.12,2026-08-01,False,50.0,2.24948875255624,0.05526804094640904,97.0873786407767,8.50223866944771,52.31591448931117,46.19952494061758,73.15914489311164,90.97387173396675,76.09988109393579,67.74966743018858,44.53681710213777,60.406769596199524
6163,華電網,通信網路,43.85,2.333722287047846,40307810.8125,True,64.35013262599469,34.868421052631575,-26.5,2026-08-01,False,48.07692307692308,7.872078720787215,-0.04359306204226253,59.17678812415655,-55.17484675945852,50.712589073634206,66.7458432304038,25.17814726840855,9.026128266033254,3.56718192627824,31.045977952951613,4.334916864608076,24.331947743467932
4771,望隼,醫療耗材,203.0,0.0,39785077.2,True,1.6051364365971106,92.03947368421052,70.64,2026-08-01,False,80.0,-4.0189125295508275,0.04581855051165887,92.69406392694064,32.77885859274407,82.18527315914488,14.251781472684085,70.54631828978623,80.52256532066508,92.5089179548157,68.0029712394192,81.23515439429929,82.42280285035629
1563,巧新,汽車組件,79.3,-1.6129032258064502,39246418.690000005,True,88.14432989690721,16.05263157894737,2.46,2026-08-01,False,22.22222222222222,2.8534370946822345,0.08277148537029042,98.38709677419355,-9.490579319353998,22.86223277909739,49.4061757719715,80.04750593824228,93.34916864608076,20.689655172413794,53.27094766156115,18.76484560570071,46.39251781472684
3059,華晶科,消費性電子,38.1,-1.167315175097261,39215057.11,True,29.49602122015915,63.28947368421053,8.25,2026-08-01,False,84.21052631578947,-1.0389610389610353,0.054490934034552775,74.70588235294117,2.921964659603515,86.10451306413302,29.334916864608076,73.04038004750593,37.05463182897862,60.523186682520816,57.21152569754929,27.197149643705465,55.25534441805226
4105,東洋,藥,80.9,0.7471980074719831,39166666.475,True,7.745358090185676,82.36842105263158,14.86,2026-08-01,False,63.04347826086957,5.201560468140442,0.1949754782529297,93.74275782155273,1.0524391729762659,64.7268408551069,58.432304038004744,96.55581947743468,83.6104513064133,52.91319857312723,71.24772285001738,34.3230403800475,56.057007125890735
3663,鑫科,資源回收,61.6,-1.4399999999999968,38923352.480000004,True,89.15401301518439,14.868421052631579,2.9,2026-08-01,False,18.181818181818183,0.9836065573770515,-0.005109662612782962,67.17557251908397,-8.286469263259299,18.40855106888361,39.19239904988123,45.72446555819478,22.090261282660332,23.067776456599287,29.69669068324385,19.002375296912113,30.077197149643705
8109,博大,電子零組件,136.0,0.7407407407407307,38706934.275,True,88.27586206896552,15.723684210526315,56.12,2026-08-01,False,28.999999999999996,5.836575875486381,0.21647546079322189,84.21052631578947,10.219394461885102,29.750593824228027,60.57007125890736,97.38717339667458,61.87648456057006,78.12128418549345,65.5411214451747,75.05938242280284,51.529097387173394
3388,崇越電,電子通路,87.0,1.1627906976744207,38452729.355000004,True,73.47480106100795,28.45394736842105,0.69,2026-08-01,False,26.923076923076923,2.3529411764705883,0.013107009471176597,71.900826446281,-12.373354692072267,27.43467933491687,46.43705463182898,56.057007125890735,31.947743467933492,17.717003567181926,35.9186976255504,16.6270783847981,32.39311163895487
2206,三陽工業,機車船製造,63.6,0.7923930269413626,38365825.7,True,39.62864721485411,54.93421052631579,-0.22,2026-08-01,False,41.66666666666667,-0.15698587127158778,0.10740189664584128,98.14814814814815,6.293462692538508,43.23040380047506,34.204275534441805,85.86698337292161,92.99287410926365,70.03567181926277,65.26604172727298,16.033254156769598,54.51306413301663
6925,意藍,資訊服務,71.3,0.1404494382022392,38329467.720000006,True,39.221556886227546,55.39473684210526,-4.41,2026-08-01,False,34.04255319148936,44.040404040404034,-0.020294066211980575,57.96747967479674,-2.8458344159678752,35.510688836104514,97.26840855106889,36.342042755344416,8.432304038004752,38.049940546967896,43.12067694549809,11.995249406175772,14.667458432304038
4123,晟德,藥,31.35,0.8038585209003246,38220257.345,True,82.03971119133574,20.789473684210527,61.53,2026-08-01,False,15.217391304347828,3.1250000000000098,0.04167916126702816,63.5258358662614,34.949025671618344,14.726840855106888,50.475059382422806,68.88361045130641,14.84560570071259,93.46016646848989,48.478256571607716,78.14726840855107,39.311163895486935
4721,美琪瑪,其他化學,81.9,-0.4860267314702238,37801778.695,True,11.781946072684644,78.35526315789474,72.35,2026-08-01,False,75.0,14.866760168302958,0.07433053317598738,81.0891089108911,46.340859820909316,76.90023752969121,80.87885985748218,78.50356294536816,53.20665083135392,95.71938168846611,77.04173857047232,81.71021377672209,57.73456057007126
2527,宏璟,建設,51.1,0.7889546351084853,37689483.230000004,True,46.59936238044634,50.59210526315789,4.18,2026-08-01,False,39.285714285714285,17.877739331026525,0.16344927317893265,98.64864864864865,-129.08268137835782,40.61757719714964,84.2042755344418,93.94299287410927,94.41805225653206,1.6646848989298455,62.96951655223253,20.902612826603324,42.93349168646081
6279,胡連,汽車組件,116.0,0.0,37315685.525,True,2.440318302387268,89.9342105263158,29.82,2026-08-01,False,97.22222222222221,2.2026431718061676,0.03837290717130578,83.45323741007195,-6.586333798744242,96.79334916864607,45.96199524940617,67.81472684085512,59.97624703087886,26.397146254458974,59.38869290884903,52.197149643705465,65.75118764845605
6712,長聖,生物科技,161.5,0.0,37075647.825,True,50.59856344772547,46.8421052631579,21.1,2026-08-01,False,47.12566844919786,3.5256410256410255,0.15854785382007208,88.25136612021858,1.7992374094302086,49.524940617577194,52.25653206650831,93.23040380047506,70.66508313539192,55.8858501783591,64.3125619596623,42.280285035629454,52.55344418052256
6477,安集,光電及I/O,33.7,-0.4431314623338234,36383506.317499995,True,94.6949602122016,8.947368421052632,-17.3,2026-08-01,False,10.81081081081081,-1.461988304093567,-0.061222919163087364,79.5749704840614,0.9122767848602074,10.332541567695962,25.890736342042754,20.42755344418052,48.69358669833729,51.96195005945303,31.461273622341913,6.175771971496437,34.82779097387173
6605,帝寶,汽車組件,136.5,-0.727272727272732,36273444.175,True,7.639257294429708,82.56578947368422,28.25,2026-08-01,False,88.88888888888889,0.7380073800738007,0.2566709773985477,81.25,9.257464016727273,90.02375296912113,38.242280285035626,99.04988123515439,53.681710213776725,76.57550535077289,71.51462601077215,50.5938242280285,64.01425178147268
6412,群電,電子零組件,73.0,-1.3513513513513487,36217969.285,True,29.177718832891248,63.651315789473685,-19.67,2026-08-01,False,85.0,-2.2757697456492676,-0.11145948322570358,68.86792452830188,-8.525140446567335,87.23277909738717,21.258907363420427,10.688836104513063,24.70308788598575,22.473246135552913,33.27137131737186,5.581947743467933,49.0647268408551
6261,久元,半導體,76.4,-1.9255455712451908,36177969.2,True,56.3395225464191,41.38157894736842,-0.62,2026-08-01,False,59.09090909090909,-2.3017902813299194,0.020911603269473267,57.22846441947566,-9.128330366130594,60.62945368171021,20.783847980997624,59.61995249406176,7.957244655581948,21.16527942925089,34.031155648320485,15.617577197149643,40.85510688836104
7810,捷創科技,電子設備,245.0,-1.4084507042253502,36153934.975,True,18.421052631578945,72.36842105263158,119.81,2026-08-01,False,94.8051948051948,11.87214611872146,0.13951098753902255,72.48520710059172,4.458876659328936,95.01187648456056,76.48456057007125,90.73634204275535,33.2541567695962,64.3281807372176,71.9630233208402,91.92399049881234,60.926365795724465
8438,昶昕,資源回收,80.9,-0.9791921664626613,36131483.58,True,61.36567834681043,37.82894736842105,44.48,2026-08-01,False,36.36363636363637,18.970588235294127,-0.07434470291817459,75.962441314554,0.004754779717373481,37.589073634204276,85.5106888361045,18.171021377672208,40.02375296912114,47.80023781212842,45.818954925846114,66.5083135391924,39.65261282660333
3709,鑫聯大投控,電子通路,66.2,0.3030303030303161,35832724.425,True,2.9177718832891246,88.68421052631578,76.06,2026-08-01,False,94.23076923076923,6.774193548387101,-0.00017035945481338186,71.259418729817,-7.158793191806055,94.29928741092637,64.25178147268409,48.574821852731596,29.928741092636578,25.802615933412604,52.57144955247825,82.89786223277909,60.71852731591449
2597,潤弘,營造,164.0,-0.9063444108761365,35373972.1,True,63.07692307692307,36.118421052631575,40.91,2026-08-01,False,20.0,-4.093567251461988,0.09084588876326968,80.3921568627451,25.247698570457032,20.368171021377673,13.77672209026128,82.18527315914488,50.83135391923991,90.24970273483947,51.482244584972634,63.53919239904988,55.24049881235155
6104,創惟,半導體,87.3,-0.22857142857143353,35270415.915,True,40.09163802978236,54.53947368421053,3.37,2026-08-01,False,73.48484848484848,-5.621621621621625,-0.16025489841737547,77.2566371681416,-1.1350155840300795,75.65320665083135,9.144893111638956,6.88836104513064,43.23040380047506,43.40071343638526,35.66351560889225,20.071258907363422,57.45249406175772
3178,公準,電子設備,67.5,0.5961251862891315,35192953.720000006,True,94.88074461896451,8.486842105263158,7.49,2026-08-01,False,16.883116883116884,13.445378151260504,-0.006144843725984081,88.93280632411067,-16.337675950741684,17.339667458432302,79.57244655581948,45.24940617577197,72.44655581947742,13.555291319857313,45.6326734658717,25.890736342042754,34.026128266033254
9802,鈺齊-KY,鞋及旅行箱,65.9,0.0,35015894.915,True,27.10875331564987,65.32894736842105,35.31,2026-08-01,False,55.55555555555556,-7.443820224719097,-0.12397528265738417,57.30434782608697,8.101653856865912,57.83847980997625,6.7695961995249405,9.144893111638956,8.076009501187649,74.79191438763377,31.32417860199231,58.19477434679335,54.334916864608076
6188,廣明,光電及I/O,62.5,0.0,34845303.595000006,True,45.83333333333333,50.72368421052632,-20.58,2026-08-01,False,58.108108108108105,-3.8461538461538463,-0.10054320378499607,52.96610169491526,-14.581426730037382,59.73871733966746,15.08313539192399,12.826603325415679,4.98812351543943,15.457788347205708,21.61887358393045,5.225653206650831,38.71733966745843
4716,大立,樹脂,19.75,1.5424164524421524,34686628.379999995,True,62.36323851203501,36.51315789473684,23.7,2026-08-01,False,35.714285714285715,16.176470588235293,0.020752550221174268,81.61157024793388,8.49118041118041,36.87648456057007,82.3040380047506,59.38242280285036,54.86935866983374,75.98097502972652,61.882655813546265,45.96199524940617,38.85095011876484
5465,富驊,電子零組件,32.75,-2.3845007451564704,34589860.0875,True,66.41909814323608,33.0921052631579,-4.37,2026-08-01,False,53.333333333333336,35.051546391752574,0.00494608678950744,94.38040345821325,10.735147932235723,55.52256532066509,94.65558194774347,52.37529691211401,85.2731591448931,78.83472057074911,73.33226477923297,12.114014251781473,39.56353919239905
8074,鉅橡,印刷電路板,56.5,-2.5862068965517238,34330490.285000004,True,81.64456233421751,21.31578947368421,14.76,2026-08-01,False,64.28571428571429,7.6190476190476195,-0.053613383453719486,60.94929881337649,-7.164313825771417,66.3895486935867,65.7957244655582,22.921615201900238,10.688836104513063,25.68370986920333,38.29588686695231,34.204275534441805,36.37173396674584
8213,志超,印刷電路板,38.35,1.724137931034475,34274501.285000004,True,99.20424403183023,2.0394736842105265,35.05,2026-08-01,False,16.666666666666664,17.818740399385575,0.08190439441684715,91.7464114832536,1.8856365773594845,16.7458432304038,83.9667458432304,79.57244655581948,78.14726840855107,56.123662306777646,62.91119326895648,57.83847980997625,42.19121140142518
8105,凌巨,光電及I/O,15.0,-0.990099009900991,34266093.269999996,True,53.77176015473888,43.94736842105263,-10.43,2026-08-01,False,50.0,-0.6622516556291367,-0.04104612585869618,59.64214711729623,-7.944821245310317,52.31591448931117,31.71021377672209,26.365795724465556,9.382422802850355,23.781212841854934,28.71111192704082,8.907363420427554,34.723871733966746
3577,泓格,電腦及週邊,106.0,-3.6363636363636376,33975380.85,True,27.0026525198939,65.46052631578947,34.05,2026-08-01,False,72.41379310344827,-2.3041474654377883,0.036387768659506874,65.83850931677019,-23.779021448309145,74.58432304038006,20.665083135391924,67.10213776722091,19.002375296912113,9.036860879904875,38.078156023961974,56.53206650831354,57.36342042755345
2491,吉祥全,家電製品,38.85,-2.1410579345088165,33809741.82,True,0.40774719673802245,96.44736842105263,10.9,2026-08-01,False,84.21052631578947,-4.310344827586206,-0.019652888517304984,68.88297872340426,2.540079609151782,86.10451306413302,12.470308788598574,36.69833729216152,24.82185273159145,58.97740784780024,43.81448394485695,30.522565320665084,57.24465558194774
3004,豐達科,機車船製造,120.5,-0.4132231404958664,33581327.075,True,62.43386243386243,36.44736842105264,62.3,2026-08-01,False,16.666666666666664,-0.4132231404958678,-0.025151959719641487,75.54858934169279,8.335022307261234,16.7458432304038,33.1353919239905,33.4916864608076,39.13301662707839,75.38644470868014,39.57847659019209,78.74109263657957,50.37114014251782
5474,聰泰,電腦及週邊,159.5,-0.9316770186335366,33557158.7,True,83.81962864721486,19.342105263157894,-33.52,2026-08-01,False,10.344827586206897,4.590163934426229,0.025009029392823495,80.55555555555556,-33.94778560122264,9.85748218527316,55.58194774346793,61.995249406175766,51.543942992874115,5.826397146254459,36.96100389480909,2.8503562945368173,27.167458432304038
6150,撼訊,電腦及週邊,64.0,-1.538461538461533,33513121.910000004,True,65.36030341340076,34.078947368421055,-21.27,2026-08-01,False,27.586206896551722,8.658743633276742,0.020027198391239898,68.96551724137932,-9.735597285597285,28.38479809976247,68.646080760095,58.78859857482185,24.94061757719715,20.214030915576693,40.19482518549063,4.86935866983373,22.387173396674587
9917,中保科,保全,106.5,0.0,33419411.225,True,1.0079575596816976,94.07894736842105,4.4,2026-08-01,False,94.11764705882352,0.0,-0.028800003819059335,87.29508196721312,0.4340458759357837,94.18052256532067,34.857482185273156,32.18527315914489,68.646080760095,49.70273483947681,55.9144187018621,21.140142517814727,62.27731591448931
3169,亞信,半導體,106.5,-2.2935779816513735,33219391.325,True,61.37931034482759,37.76315789473684,9.62,2026-08-01,False,55.3030303030303,3.3980582524271843,0.17334810856536798,86.58536585365853,-11.531153952793654,57.36342042755345,51.78147268408551,94.77434679334917,66.9833729216152,18.549346016646847,57.890391768650034,28.38479809976247,50.2375296912114
6263,普萊德,通信網路,176.0,-1.1235955056179803,33206976.775,True,92.41379310344827,11.842105263157894,-8.43,2026-08-01,False,23.076923076923077,10.344827586206897,0.03376355751412855,93.36870026525199,-19.638255964093176,23.634204275534444,73.15914489311164,66.1520190023753,82.54156769596199,10.93935790725327,51.28525875484733,9.97624703087886,35.74821852731591
6651,全宇昕,半導體,141.5,-0.7017543859649145,32499843.85,True,75.3265602322206,26.57894736842105,62.34,2026-08-01,False,43.18181818181818,-0.7017543859649122,0.12102877475070757,83.72781065088756,16.26527385361331,45.24940617577197,31.47268408551069,87.88598574821853,60.92636579572447,85.01783590963139,62.11045554297141,78.85985748218528,63.39073634204276
8390,金益鼎,資源回收,90.9,-0.9803921568627305,32424415.659999996,True,18.30238726790451,72.63157894736842,49.44,2026-08-01,False,54.54545454545454,-7.150153217568947,-0.2347962443824985,70.1930501930502,-6.900338324533813,56.710213776722085,7.007125890736342,2.6128266033254155,27.672209026128264,26.040428061831157,24.008560671748654,70.07125890736341,61.861638954869356
6983,華洋精機,電子設備,374.5,-1.963350785340312,32228226.45,True,86.17021276595744,17.894736842105264,7.13,2026-08-01,False,38.961038961038966,8.866279069767442,-0.00853783761955857,70.13108614232209,-25.960907940293513,40.49881235154395,69.23990498812351,43.46793349168646,27.315914489311165,8.799048751486325,37.86432281443028,25.17814726840855,30.93824228028504
2630,亞航,機車船製造,45.2,-0.7683863885839637,32012517.975,True,67.85913918390162,32.03947368421053,-27.23,2026-08-01,False,8.333333333333332,-7.755102040816321,-0.013972408940004864,72.55216693418942,1.1461997805757278,7.422802850356295,6.532066508313539,39.90498812351544,33.3729216152019,53.86444708680143,28.21944523683772,4.038004750593824,34.57541567695962
3021,鴻名,電子零組件,27.1,-3.0411449016100156,32007566.2425,True,83.87267904509284,19.27631578947368,-14.0,2026-08-01,False,34.0,7.968127490039841,-0.01488187267298987,67.75,-2.4259809357352164,35.39192399049881,67.3396674584323,39.19239904988123,23.159144893111637,39.71462544589774,40.95955216756435,7.1258907363420425,24.58432304038005
4746,台耀,藥,48.95,1.8730489073881529,31917161.922500003,True,30.193720774883097,62.5,25.69,2026-08-01,False,43.47826086956522,7.4643249176729,0.18165479232114773,74.27921092564492,15.984943563233353,45.36817102137768,65.43942992874109,95.36817102137766,36.22327790973871,84.42330558858502,65.36447109396404,47.980997624703086,41.03325415676959
3217,優群,電子零組件,127.0,-1.1673151750972721,31679473.675,True,5.623342175066313,84.70394736842105,-19.77,2026-08-01,False,98.66666666666667,-4.868913857677903,-0.011836415407748343,61.35265700483091,-12.606722468406367,97.74346793349169,11.75771971496437,41.448931116389545,11.282660332541568,17.24137931034483,35.89483168154639,5.463182897862233,50.68289786223278
2543,皇昌,營造,39.6,1.1494252873563315,31510245.910000004,True,23.299748110831235,68.02631578947368,51.51,2026-08-01,False,53.333333333333336,1.4084507042253631,0.121602684955258,50.51020408163265,-32.04494811523447,55.52256532066509,42.280285035629454,88.00475059382423,3.44418052256532,6.4209274673008325,39.13454178799698,71.85273159144893,47.13479809976247
1810,和成,玻璃陶瓷,23.4,0.0,31418584.665,True,18.129404228058938,72.96052631578948,4.61,2026-08-01,False,80.0,-2.500000000000006,0.08728373447776047,68.5212298682284,8.280748609404522,82.18527315914488,19.71496437054632,81.23515439429929,24.346793349168646,75.26753864447086,56.549944783525994,21.555819477434678,52.093230403800476
3338,泰碩,電子零組件,68.5,-2.8368794326241176,31150371.085,True,99.62864721485411,1.348684210526316,62.0,2026-08-01,False,3.3333333333333335,0.43988269794720986,0.08321975212372676,77.22660653889515,21.18679253361909,2.137767220902613,36.69833729216152,80.28503562945369,43.111638954869356,87.27705112960761,49.90196604539896,78.38479809976246,46.73396674584323
6922,宸曜,電腦及週邊,203.0,-0.4901960784313708,30792222.8,True,5.524079320113314,84.80263157894737,58.98,2026-08-01,False,86.20689655172413,5.181347150259067,0.04839288635555514,90.22222222222223,-3.5830037944871833,87.88598574821853,58.313539192399055,71.61520190023754,74.46555819477435,35.1961950059453,65.49529600831495,76.36579572446556,70.10095011876484
6994,富威電力,公用事業,30.2,-0.16528925619835322,30784788.442500003,True,3.349282296650718,87.89473684210526,-24.75,2026-08-01,False,66.66666666666666,-14.204545454545464,-0.08493420888825153,29.753694581280786,-46.49801916799633,68.52731591448931,1.5439429928741093,15.439429928741092,0.831353919239905,4.0428061831153395,18.07696978769195,4.513064133016627,43.081947743467936
2348,海悅,建設,71.3,0.9915014164306069,30755801.055,True,90.76923076923077,13.486842105263158,540.56,2026-08-01,False,5.357142857142857,-0.834492350486799,0.0658583008782726,81.20728929384966,-49.59394727018605,4.513064133016627,30.878859857482183,76.60332541567696,53.56294536817102,3.9239001189060643,33.89641897865057,98.93111638954869,56.53206650831354
5209,新鼎,工程承攬,181.0,4.6242774566473965,30672813.45,True,18.83289124668435,71.90789473684211,92.18,2026-08-01,False,66.66666666666666,18.30065359477124,0.096544826260512,97.57412398921834,79.30186398439166,68.52731591448931,85.03562945368171,83.3729216152019,92.16152019002375,97.85969084423306,85.39141560352594,87.29216152019002,65.73634204275535
4953,緯軟,資訊服務,117.0,-0.8474576271186418,30537871.35,True,8.541114058355438,81.48026315789474,26.64,2026-08-01,False,74.46808510638297,-0.847457627118644,-0.244458363795456,81.81818181818183,-5.719751070702124,76.48456057007125,30.760095011876487,1.66270783847981,55.463182897862225,28.77526753864447,38.629162771386845,49.228028503562946,62.60391923990498
5452,佶優,電子通路,30.45,-2.4038461538461564,30470946.57,True,59.1380250954719,39.473684210526315,13.91,2026-08-01,False,40.38461538461539,15.55977229601517,-0.04123625001710789,77.18631178707224,3.768990312281206,41.9833729216152,81.47268408551069,26.128266033254157,42.99287410926366,62.18787158145065,50.95301374621887,33.4916864608076,34.24881235154395
4583,台灣精銳,機械,417.0,0.24038461538462563,30421109.8,True,52.46511627906977,45.26315789473684,23.63,2026-08-01,False,54.54545454545454,-9.935205183585314,-0.0288122717066183,51.291512915129154,-1.2773866018288729,56.710213776722085,3.800475059382423,32.066508313539195,4.038004750593824,43.04399524375743,27.93183942879899,45.665083135391924,50.65320665083135
2731,雄獅,旅行社,145.0,0.694444444444442,30365870.575,True,21.577123050259967,69.67105263157895,6.99,2026-08-01,False,66.66666666666666,1.3986013986013985,0.03366754458489777,78.80434782608695,0.3448374718543983,68.52731591448931,42.16152019002376,65.91448931116389,47.26840855106889,49.34601664684899,54.64355012271896,24.82185273159145,49.61401425178147
6890,來億-KY,鞋及旅行箱,152.0,-2.564102564102566,30349313.15,True,15.04424778761062,75.85526315789474,3.13,2026-08-01,False,77.77777777777779,-6.172839506172839,-0.29802240711007155,52.595155709342556,0.4670378952117007,79.80997624703087,8.432304038004752,0.831353919239905,4.750593824228028,49.82164090368609,28.729173786437933,19.121140142517813,48.812351543942995
3430,奇鈦科,其他化學,111.0,-1.7699115044247815,29976687.9,True,86.63967611336032,17.56578947368421,-1.75,2026-08-01,False,6.25,4.716981132075472,0.02448622148535612,60.49046321525886,-26.825246048500805,5.225653206650831,56.53206650831354,61.282660332541575,10.451306413301662,8.204518430439952,28.339240978249514,14.014251781472684,18.289786223277908
2031,新光鋼,基本金屬,45.95,0.10893246187364536,29795912.154999994,True,12.014345487148836,78.09210526315789,18.59,2026-08-01,False,83.33333333333334,2.452619843924195,0.22674924692692539,98.4994640943194,-2.736354739117573,85.1543942992874,47.03087885985748,97.8622327790974,93.94299287410927,38.40665873959572,72.47943151038946,38.36104513064133,67.60688836104514
5291,邑昇,印刷電路板,62.2,-3.265940902021769,29577401.040000003,True,68.42105263157895,31.842105263157894,61.41,2026-08-01,False,71.42857142857143,-6.184012066365,0.04610496212436613,78.93401015228427,-7.7748568976868455,73.51543942992875,8.31353919239905,70.78384798099762,47.50593824228028,24.37574316290131,44.8989016017014,78.02850356294537,72.68408551068885
3060,銘異,光電及I/O,28.75,-1.3722126929674006,29560834.9925,True,67.66467065868264,32.171052631578945,46.39,2026-08-01,False,41.891891891891895,10.789980732177266,-0.008997451025686574,69.02761104441777,2.4520861042722046,43.46793349168646,74.10926365795724,43.111638954869356,25.05938242280285,58.50178359096314,48.85000042365581,68.646080760095,40.76603325415677
7768,頌勝科技,樹脂,300.0,-0.16638935108153063,28429983.025,True,27.358490566037734,65.13157894736842,6.36,2026-08-01,False,64.28571428571429,8.892921960072595,0.023883714078388053,61.412487205731836,-0.6282441868347908,66.3895486935867,69.47743467933492,60.80760095011877,11.520190023752969,46.611177170035674,50.96119030336581,23.39667458432304,32.957244655581945
2614,東森,百貨批發,15.35,-0.6472491909385036,28428096.605,True,11.947626841243862,78.22368421052632,-6.45,2026-08-01,False,75.0,-15.426997245179058,-0.09574657203136315,64.90486257928119,-6.400962240153458,76.90023752969121,0.831353919239905,13.420427553444181,17.458432304038006,26.7538644470868,27.072863150700023,11.282660332541568,51.20249406175772
6165,浪凡,數位雲端,47.9,0.3141361256544517,28420593.107499998,True,28.04878048780488,64.73684210526316,5.86,2026-08-01,False,42.30769230769231,0.6302521008403301,0.08623116469551054,85.38324420677361,-4.3472664359861595,43.82422802850356,37.648456057007124,80.64133016627079,64.60807600950119,33.41260404280618,52.026938860817765,23.040380047505938,48.45605700712589
6913,鴻呈,電子零組件,129.5,-3.3582089552238847,28386269.25,True,2.658486707566462,89.53947368421052,25.04,2026-08-01,False,99.33333333333333,-0.7662835249042145,-0.2119970325923608,79.6923076923077,-26.15009718565905,98.2185273159145,31.116389548693586,3.5629453681710213,48.9311163895487,8.561236623067776,38.07804304907911,47.03087885985748,65.76603325415677
3287,廣寰科,電腦及週邊,43.45,10.000000000000009,28343785.9675,True,2.292441140024783,90.13157894736842,6.02,2026-08-01,False,91.37931034482759,22.22222222222224,0.02736568892621468,100.0,5.961298437598267,92.16152019002375,88.47980997624703,62.47030878859857,98.51543942992875,69.32223543400713,82.18986276376104,23.159144893111637,56.339073634204276
4127,天良,藥,40.55,-5.477855477855487,28232665.585,True,46.97720515361744,50.19736842105264,40.83,2026-08-01,False,32.608695652173914,-34.59677419354839,-0.08781034743653271,43.932827735644636,5.031536734448146,33.0166270783848,0.11876484560570072,14.726840855106888,1.7814726840855106,66.11177170035671,23.151095432707923,63.42042755344418,49.5249406175772
6292,迅德,電子零組件,66.9,-2.761627906976727,28159417.564999998,True,55.80901856763926,41.875,30.69,2026-08-01,False,68.66666666666667,1.8264840182648445,0.08707524125844177,93.96067415730337,5.05938770632449,70.54631828978623,44.180522565320665,80.9976247030879,84.08551068883611,66.58739595719382,69.27947444084495,53.32541567695962,65.94418052256533
5607,遠雄港,貨運倉儲,52.8,0.5714285714285561,28159170.284999996,True,23.28912466843501,68.0921052631579,33.5,2026-08-01,False,71.42857142857143,-3.825136612021861,-0.036089876762150475,92.3076923076923,-2.6811252597010977,73.51543942992875,15.320665083135394,28.978622327790976,79.27553444180523,38.64447086801427,47.146946430134925,56.11638954869359,73.39667458432305
3483,力致,電子零組件,79.0,0.0,27823322.544999998,True,89.92042440318302,14.342105263157896,-32.24,2026-08-01,False,26.666666666666668,1.282051282051282,0.06044841371788111,69.2982456140351,-9.994756003342637,27.137767220902614,41.211401425178146,74.46555819477435,25.653206650831358,19.85731272294887,37.66504924292706,3.0878859857482186,28.66686460807601
2612,中航,海運,62.5,1.296596434359798,27786965.475,True,45.53666312433581,50.85526315789474,27.16,2026-08-01,False,54.54545454545454,-2.34375,0.1954981732861042,83.78016085790885,8.10818843593157,56.710213776722085,20.54631828978622,96.79334916864607,61.04513064133017,74.91082045184304,62.00116646566552,49.6437054631829,61.71318289786223
4167,松瑞藥,藥,22.0,7.579462102689494,27347902.330000002,True,2.7387120651369354,89.27631578947368,22.3,2026-08-01,False,82.6086956521739,16.40211640211641,0.19752067333691448,100.0,18.405747772744952,84.44180522565321,82.54156769596199,97.03087885985748,98.51543942992875,85.73127229488703,89.65219270125769,43.46793349168646,60.970902612826606
2427,三商電,資訊服務,22.9,-0.21786492374727962,27268975.435000002,True,36.657824933687,57.03947368421053,74.78,2026-08-01,False,38.297872340425535,3.8548752834467024,0.04005516822654629,78.42465753424658,43.25364135450921,39.66745843230404,53.44418052256532,68.40855106888361,46.43705463182898,95.24375743162902,60.64020041744219,82.54156769596199,53.80047505938242
2204,中華,汽車製造,51.6,0.0,27137804.690000005,True,11.443530291697831,78.61842105263158,-3.04,2026-08-01,False,78.67647058823529,-3.1894934333958647,-0.1972648244058163,83.09178743961353,-8.80931477068654,80.52256532066508,17.339667458432302,4.394299287410926,58.78859857482185,21.640903686087988,36.53720686548363,13.24228028503563,58.80344418052256
4303,信立,石化,31.65,0.956937799043045,26330191.257500004,True,4.23728813559322,86.57894736842105,52.27,2026-08-01,False,84.21052631578947,-11.220196353436187,-0.007616167528371216,41.53543307086614,32.55384210355251,86.10451306413302,3.0878859857482186,44.29928741092636,1.187648456057007,92.39001189060642,45.41386936149421,72.56532066508314,64.19239904988123
6761,穩得,檢測驗證,166.5,-1.1869436201780381,26083562.125,True,79.71500419111483,23.157894736842106,20.72,2026-08-01,False,66.66666666666666,-4.857142857142857,-0.015436897403730913,72.3913043478261,8.133811288061011,68.52731591448931,11.87648456057007,38.836104513064136,33.1353919239905,75.1486325802616,45.50478589847512,41.92399049881235,57.92755344418052
2072,世紀風電,基本金屬,131.0,0.3831417624521105,25956809.25,True,10.526315789473683,79.21052631578948,84.84,2026-08-01,False,85.71428571428571,0.0,0.020624916467018684,41.71974522292994,-12.361210857151818,87.52969121140143,34.857482185273156,59.263657957244654,1.3064133016627077,17.8359096313912,40.15863085739463,85.5106888361045,59.87232779097387
6757,台灣虎航,空運,53.3,0.1879699248120259,25746402.135,True,17.354196301564723,73.88157894736842,22.01,2026-08-01,False,73.93048128342245,-3.7906137184115547,-0.10298062939437642,69.67320261437908,-3.442401089457096,75.89073634204276,15.558194774346793,12.351543942992874,26.365795724465556,35.55291319857313,33.14383679648422,43.23040380047506,57.482185273159146
2453,凌群,資訊服務,53.1,-0.37523452157597337,25710430.955000002,True,49.708222811671085,47.828947368421055,10.05,2026-08-01,False,29.78723404255319,2.509652509652518,0.06206270271643328,83.09859154929578,3.004678627492811,30.28503562945368,47.387173396674584,75.29691211401425,58.90736342042755,60.64209274673008,54.503715461460025,28.978622327790976,42.695961995249405
6125,廣運,電子設備,51.2,2.1956087824351433,25703475.985,True,82.44972577696527,20.460526315789473,-1.49,2026-08-01,False,48.05194805194805,2.1956087824351327,0.08121067723166167,67.72486772486774,-9.863179402769156,50.5938242280285,45.843230403800476,79.33491686460808,23.040380047505938,20.09512485136742,43.781495279062085,14.370546318289787,35.540380047505934
3213,茂訊,電腦及週邊,123.5,0.0,25642111.25,True,68.48806366047745,31.776315789473685,6.49,2026-08-01,False,24.137931034482758,0.40650406504065045,-0.012628363774277129,86.66666666666667,-21.148002043952737,24.82185273159145,36.46080760095012,40.736342042755346,67.16152019002375,10.225921521997622,35.881288817463656,23.75296912114014,44.81888361045131
5288,豐祥-KY,機車船製造,188.5,-0.2645502645502673,25556467.875,True,39.09814323607427,55.46052631578947,60.1,2026-08-01,False,50.0,1.3440860215053763,0.1384827141157804,95.44303797468355,-1.3994435561049272,52.31591448931117,41.68646080760095,90.38004750593825,88.36104513064133,42.92508917954816,63.13371142260797,77.31591448931117,69.07660332541568
6862,三集瑞-KY,電子零組件,146.5,-1.3468013468013518,25323842.475,True,72.47899159663865,29.276315789473685,0.95,2026-08-01,False,48.0,6.159420289855073,0.06193029863277232,64.25438596491229,-8.30582364257234,50.475059382422806,62.05463182897862,75.05938242280284,16.152019002375297,22.94887039239001,45.33799260579392,16.983372921615203,30.38895486935867
2636,台驊控股,貨運倉儲,70.1,0.0,25300818.27,True,78.6737400530504,23.94736842105263,85.48,2026-08-01,False,14.285714285714285,2.0378457059679644,0.21707776200540937,93.96782841823055,27.64377007607778,13.895486935866982,45.13064133016627,97.62470308788599,84.2042755344418,90.96313912009512,66.36364920169123,85.74821852731591,59.679334916864605
6894,衛司特,資源回收,362.0,-0.27548209366391463,25285656.775,True,50.28901734104046,47.30263157894737,67.83,2026-08-01,False,40.909090909090914,6.470588235294119,0.11366304456756718,88.50855745721272,7.078497981203419,42.5771971496437,63.30166270783848,87.05463182897863,71.25890736342043,72.17598097502973,67.2736760049822,80.40380047505938,57.73456057007126
6143,振曜,光電及I/O,77.0,-1.6602809706257937,25111737.575,True,5.464190981432361,85.0,-12.97,2026-08-01,False,83.78378378378379,-8.659549228944243,-0.1420326481529711,56.00000000000001,-20.57532434102841,85.5106888361045,5.344418052256532,8.076009501187649,7.007125890736342,10.70154577883472,23.32795761182395,7.719714964370546,48.72327790973871
3694,海華,通信網路,51.0,-1.7341040462427681,25106856.41,True,32.53173012692051,60.32894736842105,-1.87,2026-08-01,False,69.23076923076923,3.2388663967611366,0.07517112461999965,65.13409961685824,7.59616590192764,71.31828978622327,50.89073634204275,78.85985748218528,17.933491686460805,73.00832342449465,58.40213974428135,13.895486935866982,38.06413301662708
5392,能率,電子零組件,38.2,-1.9255455712451908,24969565.307499997,True,38.49416755037115,55.92105263157895,15.14,2026-08-01,False,80.66666666666666,-7.1688942891858956,-0.19283399366135986,72.6235741444867,1.5123590600630763,82.6603325415677,6.88836104513064,4.750593824228028,33.729216152019006,55.29131985731273,36.66396468405162,34.79809976247031,61.074821852731596
2903,遠百,百貨批發,22.15,0.9111617312072884,24923699.29,True,35.0132625994695,58.58552631578947,-0.64,2026-08-01,False,40.0,-1.336302895322943,-0.250590253235209,90.77868852459017,0.9423906298864523,41.33016627078385,27.197149643705465,1.5439429928741093,75.65320665083135,52.080856123662315,39.561064336371416,15.439429928741092,51.3064133016627
4536,拓凱,其他,159.0,0.6329113924050667,24787041.0,True,40.95490716180371,54.07894736842105,7.74,2026-08-01,False,50.0,-2.1538461538461537,0.17896810837183186,83.46456692913385,-4.98200089831928,52.31591448931117,22.446555819477435,95.24940617577197,60.21377672209026,30.439952437574313,52.133121128845026,26.247030878859857,54.082541567695955
6953,家碩,電子設備,255.0,-0.7782101167315147,24580058.65,True,32.76450511945392,60.19736842105263,36.66,2026-08-01,False,83.11688311688312,8.742004264392325,-0.011089412219083683,87.17948717948718,2.2215726192626093,84.79809976247031,68.88361045130641,41.68646080760095,68.28978622327791,57.55053507728894,64.24169846438892,59.263657957244654,60.86698337292161
3003,健和興,電子零組件,58.0,-0.8547008547008517,24506809.075000003,True,73.74005305039788,27.89473684210526,59.31,2026-08-01,False,47.333333333333336,-1.1925042589437866,0.015413658831073922,80.44382801664356,-3.505824655069574,49.7624703087886,28.147268408551067,57.36342042755345,51.18764845605701,35.43400713436385,44.37896294706279,76.72209026128266,62.381235154394304
6708,天擎,半導體,69.2,1.0218978102189746,24443115.9975,True,76.72727272727272,25.789473684210527,37.74,2026-08-01,False,40.909090909090914,82.10526315789475,0.016050897629003275,94.92455418381344,16.944330852195048,42.5771971496437,98.812351543943,57.71971496437055,86.69833729216153,85.25564803804994,74.21264979763376,60.33254156769596,47.698931116389545
6469,大樹,醫藥通路,66.4,2.6275115919629055,24358756.604999997,True,2.2811671087533156,90.23026315789474,7.23,2026-08-01,False,55.55555555555556,-2.0648967551622293,-0.021622488313948616,56.51063829787234,4.529516873447646,57.83847980997625,23.159144893111637,35.62945368171022,7.363420427553444,64.68489892984543,37.7350795484394,25.534441805225654,41.89429928741093
6117,迎廣,電子零組件,66.3,-2.500000000000002,24282071.435,True,9.236947791164658,80.65789473684211,2.45,2026-08-01,False,96.0,5.910543130990408,-0.07779750656506719,69.78947368421052,8.438524192712983,95.96199524940617,61.04513064133017,17.458432304038006,26.60332541567696,75.74316290130797,55.36240930235185,18.646080760095014,45.041567695961994
6126,信音,電子零組件,31.9,-1.5432098765432056,24274925.8925,True,95.06631299734748,8.355263157894736,57.25,2026-08-01,False,16.666666666666664,10.76388888888888,0.010242990473348743,74.18604651162791,-4.434506000154734,16.7458432304038,73.87173396674585,54.750593824228034,36.104513064133016,32.936979785969086,42.881932774295954,75.65320665083135,38.65795724465558
1582,信錦,電子零組件,71.1,-0.8368200836820217,24233701.95,True,83.66047745358091,19.638157894736842,1.6,2026-08-01,False,34.66666666666667,-1.523545706371203,0.02206474606909321,59.497907949790786,-3.2582434607343234,36.22327790973871,25.17814726840855,60.21377672209026,9.144893111638956,36.26634958382878,33.40528891914105,17.577197149643705,34.441805225653205
2753,八方雲集,餐飲飯店,185.0,0.5434782608695565,24045405.525,True,6.087662337662338,84.07894736842105,9.29,2026-08-01,False,64.0,3.35195530726257,0.2360696956827313,85.25345622119815,-0.8872924684456738,66.09263657957246,51.66270783847982,98.33729216152018,64.13301662707839,45.0653983353151,65.05821030839319,28.147268408551067,51.67755344418052
4736,泰博,醫療耗材,134.5,2.281368821292773,24034334.25,True,1.5915119363395225,92.13815789473684,42.69,2026-08-01,False,82.85714285714286,8.032128514056225,0.14712356778448168,92.43986254295532,31.73492107967187,84.67933491686462,67.57719714964371,91.92399049881234,79.92874109263659,92.0332936979786,83.22851147118718,64.96437054631829,65.49881235154395
6799,來頡,半導體,91.4,-0.10928961748633004,23993388.525000002,True,17.537313432835823,73.68421052631578,1.85,2026-08-01,False,87.87878787878788,16.730523627075364,0.15098588623148987,81.9730941704036,-6.229802882623581,89.19239904988123,82.7790973871734,92.75534441805226,56.057007125890735,27.2294887039239,69.6026673369843,17.933491686460805,45.10095011876484
5013,強新,基本金屬,53.0,0.5692599620493288,23676143.832500003,True,98.93730074388948,2.697368421052632,23.35,2026-08-01,False,7.142857142857142,89.28571428571429,0.0016077360475700725,100.0,-5.62587944371645,6.294536817102138,99.40617577197149,49.7624703087886,98.51543942992875,28.894173602853744,56.574559186128944,44.77434679334917,37.54453681710214
3078,僑威,電子零組件,46.55,0.9761388286333883,23649382.237500004,True,76.07427055702918,26.31578947368421,-49.34,2026-08-01,False,42.66666666666667,2.9867256637168014,0.08625815369039305,59.60307298335468,2.8301814613700813,44.29928741092636,50.1187648456057,80.76009501187649,9.263657957244655,59.690844233055884,48.82652989174182,1.0688836104513064,26.128266033254157
2905,三商,百貨批發,17.65,-0.28248587570621764,23630331.445000004,True,14.348206474190725,77.03947368421052,7187.4,2026-08-01,False,70.0,-3.28767123287672,0.08713236918583923,93.6339522546419,4663.35352448985,72.20902612826603,16.7458432304038,81.11638954869359,82.89786223277909,100.0,70.59382422802851,99.8812351543943,84.5605700712589
3152,璟德,電子零組件,243.0,0.20618556701030855,23388879.6,True,47.58620689655172,49.473684210526315,39.63,2026-08-01,False,74.0,4.741379310344827,0.012593402543153756,74.884437596302,9.84357405254054,76.00950118764845,57.12589073634204,55.34441805225653,37.410926365795724,77.52675386444709,60.68349804129796,62.47030878859857,54.69121140142518
5299,杰力,半導體,98.1,-1.4070351758794009,23380957.63,True,21.273209549071616,69.86842105263158,-3.24,2026-08-01,False,84.0909090909091,6.514657980456026,0.1900341331622582,69.3286219081272,1.3911480717151647,85.86698337292161,63.53919239904988,95.72446555819477,25.771971496437057,55.05350772889417,65.1912241110995,12.707838479809977,40.20190023752969
5263,智崴,其他電子,96.1,5.142231947483578,23155213.575,True,71.49253731343283,30.065789473684212,216.56,2026-08-01,False,30.213903743315505,-8.038277511961727,-0.05560314343572781,76.88,85.25827154098522,30.641330166270787,5.819477434679335,22.209026128266032,42.280285035629454,98.09750297265161,39.80952434749944,96.08076009501187,65.7957244655582
4510,高鋒,機械,41.65,-0.5966587112171795,23093199.190000005,True,66.01248884924175,33.48684210526316,39.03,2026-08-01,False,24.242424242424242,-5.981941309255076,0.09359393647140599,76.70349907918968,11.365528665324266,25.0,8.669833729216151,82.6603325415677,42.042755344418055,80.14268727705112,47.70312177845061,62.11401425178147,55.12173396674584
2243,宏旭-KY,汽車組件,59.3,-0.6700167504187671,22990571.48,True,96.13259668508287,6.513157894736842,106.44,2026-08-01,False,8.333333333333332,30.47304730473046,-0.028187193377246237,89.84848484848484,87.17517976330697,7.422802850356295,92.75534441805226,32.4228028503563,73.51543942992875,98.45422116527944,60.9141221427946,90.02375296912113,44.55166270783848
7556,意德士,電子設備,290.0,2.473498233215543,22960320.8,True,87.11018711018711,17.17105263157895,44.72,2026-08-01,False,36.36363636363637,17.88617886178862,0.12462213894279017,90.9090909090909,22.736104857378976,37.589073634204276,84.32304038004752,88.83610451306413,76.00950118764845,88.46611177170035,75.04476629733294,66.9833729216152,49.0647268408551
8415,大國鋼,基本金屬,35.2,-0.28328611898015277,22890157.445,True,14.376657824933686,76.97368421052632,38.11,2026-08-01,False,80.95238095238095,-4.9932523616734,-0.09553244073420808,91.07373868046574,0.9634293687685798,82.83847980997625,11.163895486935866,13.657957244655583,76.48456057007125,52.318668252080855,47.29271227274396,60.57007125890736,77.18230403800474
2362,藍天,電腦及週邊,46.75,0.10706638115631772,22849857.415,True,0.42440318302387264,96.25,12.1,2026-08-01,False,98.27586206896551,-1.6824395373291212,-0.048237693100109516,90.07707129094412,0.6693685539758558,97.62470308788599,24.584323040380045,24.346793349168646,74.10926365795724,51.010701545778836,54.33515693623415,31.71021377672209,69.71496437054631
3537,堡達,電子通路,56.9,1.0657193605683846,22495137.714999996,True,60.742705570291776,38.55263157894736,6.6,2026-08-01,False,38.46153846153847,6.1567164179104426,0.034918461246117756,63.50446428571429,-7.416365744039986,39.90498812351544,61.87648456057006,66.6270783847981,14.726840855106888,24.97027348394768,41.62113308158763,24.109263657957243,29.216152019002376
4534,慶騰,機械,30.75,3.015075376884413,22330822.9675,True,43.42379958246347,52.5,39.44,2026-08-01,False,60.60606060606061,6.401384083044988,0.02886930944836862,72.60920897284532,-25.21682949406474,62.29216152019003,63.064133016627075,63.30166270783848,33.6104513064133,8.9179548156956,46.2372726733529,62.35154394299287,48.79750593824228
4532,瑞智,家電製品,24.4,-0.8130081300813163,21995572.250000004,True,24.986737400530505,66.64473684210527,21.41,2026-08-01,False,63.1578947368421,2.7368421052631517,0.0419073679033707,83.84879725085909,0.012755872507113963,64.8456057007126,49.049881235154395,69.35866983372921,61.282660332541575,47.91914387633769,58.49119219569509,42.75534441805225,54.958432304038006
5457,宣德,電子零組件,23.3,-2.3060796645702375,21622792.165,True,66.15384615384615,33.35526315789474,-18.96,2026-08-01,False,54.666666666666664,-12.734082397003741,-0.09166966478380661,47.69703172978505,-12.568101652682799,57.12589073634204,1.9002375296912115,14.251781472684085,2.494061757719715,17.360285374554103,18.626451374198233,5.819477434679335,40.88479809976247
1231,聯華食,其他食品,77.9,-0.12820512820511665,21285110.244999997,True,33.52785145888594,59.309210526315795,6.89,2026-08-01,False,33.33333333333333,-3.1094527363184077,-0.10013992721401864,67.15517241379311,1.0987534496945335,34.38242280285036,17.81472684085511,12.945368171021377,21.971496437054633,53.269916765755056,28.076786203507304,24.70308788598575,40.81057007125891
1455,集盛,人纖,10.25,-5.092592592592604,21160802.2285,True,49.85294117647059,47.69736842105263,-0.8,2026-08-01,False,55.55555555555556,3.535353535353532,0.06888240713558264,93.18181818181817,3.562616839936312,57.83847980997625,52.37529691211401,77.19714964370546,82.06650831353919,61.950059453032104,66.2854988264734,15.08313539192399,50.65320665083136
6561,是方,通信網路,308.5,-1.4376996805111841,21094579.4,True,1.0079575596816976,94.07894736842105,16.38,2026-08-01,False,96.15384615384616,-3.5937499999999996,-0.0041327532511459975,78.49872773536896,1.514121451529153,96.19952494061758,16.270783847980997,46.19952494061758,46.55581947743468,55.41022592152199,52.12717582563456,36.04513064133016,65.63242280285036
4114,健喬,藥,30.15,3.253424657534243,20754321.250000004,True,25.62334217506631,66.15131578947368,49.88,2026-08-01,False,47.82608695652174,1.8581081081080986,0.12829252911098388,87.6453488372093,3.095072681390647,50.3562945368171,44.655581947743464,89.42992874109264,69.23990498812351,61.117717003567186,62.95988544346877,70.54631828978623,61.37173396674584
2535,達欣工,營造,91.4,1.5555555555555545,20582583.845000003,True,36.23342175066313,57.36842105263158,44.17,2026-08-01,False,26.666666666666668,2.5813692480359274,0.07602032858734242,94.51913133402276,15.924446181324601,27.137767220902614,47.86223277909738,78.97862232779097,85.86698337292161,84.18549346016647,64.8062198321758,66.270783847981,57.85332541567696
5508,永信建,建設,53.8,-0.18552875695733162,20555129.055,True,83.66047745358091,19.638157894736842,633.65,2026-08-01,False,8.928571428571429,-1.102941176470591,-0.003138873717254089,67.08229426433915,255.8993826250716,8.432304038004752,28.622327790973873,47.149643705463184,21.852731591448933,99.28656361474435,41.06871414812702,99.40617577197149,50.26722090261282
2471,資通,資訊服務,51.0,-0.390625,20146031.955000002,True,15.70291777188329,75.13157894736841,7.16,2026-08-01,False,61.702127659574465,3.2388663967611366,0.07175124248594586,93.06569343065694,2.428733523920358,63.42042755344418,50.89073634204275,77.79097387173397,81.82897862232778,58.263971462544596,66.43901757041866,25.356294536817103,54.92874109263658
3297,杭特,光電及I/O,32.55,-3.698224852071008,20074915.494999997,True,6.153846153846154,84.01315789473685,10.48,2026-08-01,False,81.08108108108108,20.110701107011053,0.008769694644477364,64.0748031496063,-14.407314449047753,83.2541567695962,86.57957244655582,54.03800475059383,15.795724465558195,15.933412604042807,51.12017420726936,29.453681710213775,35.48099762470309
3556,禾瑞亞,半導體,65.7,0.1524390243902607,20055163.66,True,59.89389920424403,39.01315789473684,36.27,2026-08-01,False,56.81818181818182,16.90391459074733,0.06159344645382799,81.71641791044776,-23.193397912442748,58.90736342042755,83.2541567695962,74.70308788598575,55.225653206650826,9.155766944114148,56.24920564535489,58.90736342042755,47.44655581947743
1227,佳格,其他食品,27.8,0.3610108303249149,19977919.0425,True,25.62334217506631,66.15131578947368,10.7,2026-08-01,False,44.44444444444444,-2.626970227670753,-0.20735522691858316,81.88512518409425,5.075213851286595,46.318289786223275,19.239904988123516,3.681710213776722,55.70071258907363,66.70630202140309,38.329383919720044,29.928741092636578,53.1769596199525
2420,新巨,電子零組件,56.6,0.0,19867201.065,True,60.265251989389924,38.75,33.83,2026-08-01,False,62.66666666666667,5.4003724394785815,0.1486306889776963,86.67687595712098,12.78103850734814,64.4893111638955,59.50118764845605,92.04275534441805,67.3396674584323,81.33174791914387,72.94093390686916,56.41330166270784,57.1852731591449
2010,春源,基本金屬,22.7,0.22075055187638082,19695187.23,True,3.6074270557029178,87.36842105263159,-6.24,2026-08-01,False,95.23809523809523,1.3392857142857175,0.029986788806689438,87.984496124031,-3.7000563320095905,95.30878859857482,41.56769596199525,63.895486935866984,69.59619952494062,34.95838287752676,61.06531077978089,11.401425178147269,58.684679334916865
2641,正德,海運,17.2,-0.28985507246377384,19568406.255000003,True,22.939262472885034,68.22368421052632,-41.24,2026-08-01,False,81.81818181818183,-4.178272980501393,-0.010957689767908022,77.47747747747748,-31.510456710665068,83.78859857482185,13.539192399049881,41.92399049881235,43.82422802850356,6.658739595719382,37.9469498193814,2.019002375296912,54.02315914489311
2108,南帝,橡膠原料,30.2,1.5126050420168013,19516320.6925,True,52.41379310344828,45.39473684210527,41.83,2026-08-01,False,45.655080213903744,3.6020583190394535,0.09234568518447164,93.93468118195956,6.378533582972864,47.980997624703086,52.612826603325416,82.42280285035629,83.9667458432304,70.3923900118906,67.47515258670116,64.25178147268409,60.89667458432304
2836,高雄銀,本國銀行,12.05,-0.4132231404958553,19376880.005000003,True,32.20159151193634,60.69078947368421,-1.54,2026-08-01,False,100.0,-1.632653061224484,-0.2410275857123161,92.6923076923077,-16.023151198865047,99.1686460807601,24.82185273159145,1.9002375296912115,80.40380047505938,14.030915576694412,44.06509047875931,14.251781472684085,67.25059382422803
3015,全漢,電子零組件,51.7,-1.7110266159695797,19312561.615000002,True,55.278514588859416,42.23684210526316,1.3,2026-08-01,False,69.33333333333334,-1.3358778625954117,0.002791108414149674,69.11764705882354,6.892119808471971,71.61520190023754,27.315914489311165,50.83135391923991,25.534441805225654,71.70035671819262,49.399453766441376,17.220902612826603,46.76365795724466
7805,威聯通,電腦及週邊,505.0,2.538071065989844,19250882.75,True,8.900523560209423,80.98684210526315,19.25,2026-08-01,False,84.48275862068965,-0.5905511811023622,0.04121929462273153,61.58536585365854,-1.0635972665632316,86.46080760095012,31.947743467933492,68.76484560570071,11.995249406175772,43.63852556480381,48.56143432911278,39.548693586698334,51.51425178147268
1909,榮成,造紙,10.2,0.49261083743841194,19232353.0325,True,78.97286821705426,23.61842105263158,23.17,2026-08-01,False,16.666666666666664,-5.116279069767449,-0.11520857140888284,89.08296943231441,-6.027672912296577,16.7458432304038,10.451306413301662,10.09501187648456,72.56532066508314,28.180737217598097,27.60764388057425,44.655581947743464,55.87885985748218
4416,三圓,建設,12.25,-2.777777777777779,19116523.112499997,True,2.0583190394511153,90.72368421052632,3633.03,2026-08-01,False,92.85714285714286,1.6597510373443924,0.04009983441980822,20.976027397260275,512.5474317886528,93.34916864608076,43.58669833729216,68.52731591448931,0.5938242280285035,99.76218787158146,61.163838999494445,99.7624703087886,62.52969121140143
3485,敘豐,電子設備,221.5,-0.8948545861297563,18806357.8,True,29.906542056074763,62.89473684210526,29.91,2026-08-01,False,87.01298701298701,6.490384615384616,0.06303700641345338,57.309184993531694,-0.29102263443702014,88.59857482185272,63.42042755344418,75.77197149643705,8.194774346793348,47.324613555291315,56.66207235476372,52.49406175771971,46.4667458432304
5222,全訊,通信網路,102.0,-0.9708737864077666,18545750.825,True,84.03990024937656,19.078947368421055,59.94,2026-08-01,False,32.69230769230769,-1.9230769230769231,0.017705249452139662,64.76190476190476,47.64793066825973,33.31353919239905,23.75296912114014,58.19477434679335,17.220902612826603,96.19500594530321,45.735438243692464,77.19714964370546,50.99465558194774
1612,宏泰,電纜,34.35,-1.997146932952909,18451798.9875,True,13.156498673740053,77.5,19.6,2026-08-01,False,72.72727272727273,-1.0086455331412143,0.17836634898704443,84.5018450184502,14.347872745782642,74.94061757719716,29.453681710213775,95.13064133016627,62.826603325415675,82.87752675386444,69.04581413937146,40.142517814726844,62.11401425178148
6186,新潤,建設,28.9,-0.17271157167529916,18350035.975,True,27.9322853688029,64.80263157894737,-100.0,2026-08-01,False,58.92857142857143,-5.245901639344267,0.04808394734892243,48.166666666666664,-0.9375934765746052,60.451306413301666,10.332541567695962,71.37767220902613,2.7315914489311166,44.351961950059454,37.84901471780286,0.23752969121140144,38.27197149643706
2607,榮運,貨運倉儲,56.5,1.4362657091561815,18316394.785,True,27.53315649867374,65.0,49.39,2026-08-01,False,64.28571428571429,6.203007518796986,0.28235979104314246,95.27824620573357,10.921945987997333,66.3895486935867,62.23277909738717,99.40617577197149,87.88598574821853,79.54815695600476,79.09252925343374,69.95249406175772,65.49881235154395
1712,興農,藥,39.95,0.25094102885823144,18269707.8625,True,61.43236074270557,37.69736842105263,-2.71,2026-08-01,False,23.91304347826087,-2.203182374541,-0.20309574780398656,84.72958642629905,-10.347958174804932,24.584323040380045,21.852731591448933,4.156769596199525,63.42042755344418,19.738406658739596,26.750531688042457,13.539192399049881,44.92280285035629
1515,力山,家電製品,28.1,-1.0563380281690016,18161651.32,True,52.46835443037975,45.131578947368425,-7.59,2026-08-01,False,42.10526315789473,-6.333333333333329,0.021368564066771286,62.65328874024526,-8.721597360133197,43.64608076009501,8.076009501187649,59.857482185273156,13.182897862232778,21.759809750297265,29.304456011817173,10.688836104513063,39.860451306413296
6743,安普新,消費性電子,35.5,-0.6993006993006978,18106597.34,True,38.210624417520975,56.11842105263158,12.68,2026-08-01,False,78.94736842105263,22.413793103448278,0.12320999932547788,99.3006993006993,-18.195512612504917,80.9976247030879,88.59857482185272,88.47980997624703,95.72446555819477,12.128418549346016,73.18577872174568,32.18527315914489,55.07719714964371
6873,泓德能源,光電及I/O,66.1,1.5360983102918668,18024106.645,True,96.10983981693364,6.644736842105263,-27.72,2026-08-01,False,8.108108108108109,-3.2210834553440746,0.020113720676169285,47.725631768953065,-29.77401726877147,7.1258907363420425,17.220902612826603,58.90736342042755,2.6128266033254155,6.896551724137931,18.55270701941191,3.800475059382423,24.07957244655582
6189,豐藝,電子通路,49.3,-0.2024291497975783,17987665.630000003,True,47.214854111405835,49.868421052631575,11.83,2026-08-01,False,55.769230769230774,5.229455709711837,0.3505138959035427,87.10247349823321,4.433218837390284,58.2541567695962,58.66983372921615,99.8812351543943,68.05225653206651,64.09036860879905,69.78957015881444,31.235154394299286,49.71793349168646
8163,達方,光電及I/O,29.85,-0.16722408026754731,17903144.71,True,92.46684350132625,11.710526315789474,11.18,2026-08-01,False,16.216216216216218,-0.9950248756218811,-0.043965871411214184,65.89403973509934,1.702756836744145,16.152019002375297,29.572446555819475,24.94061757719715,19.239904988123516,55.76694411414982,29.134386447533053,30.641330166270787,34.11520190023753
5521,工信,營造,11.05,-0.45045045045044585,17826239.1025,True,27.54901960784314,64.9342105263158,-12.63,2026-08-01,False,40.0,4.739336492890995,0.05302999687563577,40.40219378427788,-9.186421813126142,41.33016627078385,56.947743467933485,72.56532066508314,1.0688836104513064,21.046373365041617,38.59169747585868,7.8384798099762465,23.322446555819482
3218,大學光,醫藥通路,133.0,-0.3745318352059934,17794667.05,True,0.0,99.3092105263158,9.38,2026-08-01,False,88.88888888888889,-2.9197080291970803,-0.31211333543850184,84.44444444444444,-5.885472358553169,90.02375296912113,18.76484560570071,0.4750593824228029,62.589073634204276,28.418549346016647,40.05425618749312,28.26603325415677,65.52850356294536
2365,昆盈,光電及I/O,27.5,-1.2567324955116699,17719896.29,True,51.275239107332624,46.381578947368425,35.95,2026-08-01,False,51.35135135135135,-3.3391915641476246,0.0874097222321361,65.47619047619048,22.448711698579196,53.80047505938242,16.5083135391924,81.353919239905,18.646080760095014,88.10939357907253,51.68363643552948,58.78859857482185,53.681710213776725
8473,山林水,資源回收,39.8,-0.7481296758104827,17548340.3675,True,1.0269576379974326,93.94736842105263,4.98,2026-08-01,False,86.36363636363636,0.7594936708860687,-0.001827731229904522,71.07142857142857,-16.77223033821904,88.06413301662708,38.36104513064133,47.50593824228028,29.453681710213775,13.317479191438764,43.34045545824024,22.446555819477435,50.400831353919244
6517,保勝光學,消費性電子,66.0,-3.649635036496346,17473639.575,True,64.89130434782608,34.4078947368421,70.09,2026-08-01,False,36.84210526315789,0.7633587786259541,0.08692800646699846,80.38976857490864,13.008119807958934,38.42042755344418,38.59857482185273,80.87885985748218,50.712589073634206,81.56956004756243,58.036002270795144,80.9976247030879,57.88301662707838
6909,創控,電子設備,43.5,0.46189376443419583,17444882.1275,True,33.33333333333333,59.4078947368421,29.35,2026-08-01,False,81.81818181818183,8.88610763454317,0.015240580553178522,65.11976047904191,34.53792288486096,83.78859857482185,69.35866983372921,57.12589073634204,17.81472684085511,93.34126040428062,64.28582927800576,51.84085510688836,46.02137767220903
5426,振發,電子零組件,29.25,-3.14569536423841,17434484.36,True,50.51617343427392,46.973684210526315,45.87,2026-08-01,False,71.33333333333334,5.215827338129494,0.1267514585521595,73.77049180327869,2.2314329974826848,73.04038004750593,58.55106888361045,89.07363420427554,35.62945368171022,57.66944114149821,62.79279559172007,68.28978622327791,54.6021377672209
2425,承啟,電腦及週邊,35.75,-2.3224043715847076,17393234.29,True,35.2224253503961,58.35526315789473,118.46,2026-08-01,False,56.896551724137936,-3.897849462365599,0.10125139484908938,67.58034026465029,-94.08371857918273,59.026128266033254,14.726840855106888,84.2042755344418,22.802850356294538,1.9024970273483945,36.532518407844975,91.80522565320665,64.72684085510689
2106,建大,輪胎,16.8,0.5988023952095967,17262116.585,True,49.256395002974415,48.0921052631579,8.08,2026-08-01,False,20.0,-0.884955752212381,-0.2237415439742182,79.05882352941177,-7.888957793639602,20.368171021377673,30.403800475059384,3.2066508313539197,47.86223277909738,23.90011890606421,25.148194802590517,26.959619952494062,41.19655581947744
4128,中天,藥,15.55,1.3029315960912058,17089868.74,True,21.74688057040998,69.53947368421053,-1.29,2026-08-01,False,52.17391304347826,4.013377926421414,0.14156503244507576,69.41964285714286,-3.872742859821128,54.63182897862233,53.80047505938242,91.09263657957246,25.890736342042754,34.48275862068966,51.979687116061925,14.726840855106888,35.36223277909739
3528,安馳,電子通路,86.0,0.7025761124121788,17043857.550000004,True,2.970822281167109,88.61842105263158,43.13,2026-08-01,False,92.3076923076923,5.781057810578109,0.051966232068991924,61.42857142857143,-11.245564991181297,92.81472684085512,60.451306413301666,72.32779097387173,11.63895486935867,18.7871581450654,51.20398744849051,65.32066508313538,52.33076009501187
3558,神準,通信網路,135.5,1.1194029850746245,16939915.525,True,99.94694960212202,0.09868421052631579,36.8,2026-08-01,False,1.9230769230769231,9.7165991902834,0.28152874349995505,87.98701298701299,21.563626646782993,1.1282660332541568,71.61520190023754,99.2874109263658,69.71496437054631,87.63376932223544,65.87592251052784,59.50118764845605,39.682304038004744
3548,兆利,電子零組件,73.8,-0.5390835579514919,16918541.275,True,94.6949602122016,8.947368421052632,-8.16,2026-08-01,False,17.666666666666668,-9.22509225092251,0.024024755223544178,63.62068965517241,-9.899194861155873,17.992874109263656,4.513064133016627,61.04513064133017,14.964370546318289,19.976218787158146,23.69833164341738,10.21377672209026,34.66448931116389
6026,福邦證,證券,15.8,-0.3154574132492094,16633294.127499998,True,19.42823803967328,71.44736842105263,231.78,2026-08-01,False,12.5,2.5974025974025996,0.23088285308627882,81.86528497409327,-313.5539322500939,12.173396674584323,48.09976247030879,98.09976247030879,55.58194774346793,0.5945303210463734,42.90987993594324,96.43705463182897,54.023159144893114
9907,統一實,金屬製品,14.8,0.0,16399087.657499999,True,39.57559681697613,55.03289473684211,-10.05,2026-08-01,False,42.857142857142854,-2.950819672131143,-0.06114503861889015,73.44913151364764,-4.089558041890069,44.71496437054632,18.52731591448931,20.665083135391924,35.273159144893114,34.00713436385256,30.63753138583464,9.026128266033254,42.62173396674585
1623,大東電,電纜,194.0,-0.512820512820511,16347657.45,True,14.117647058823529,77.10526315789473,-7.31,2026-08-01,False,54.54545454545454,-4.901960784313726,-0.07585639179306038,57.05882352941176,-14.255619002872086,56.710213776722085,11.520190023752969,17.81472684085511,7.719714964370546,16.171224732461358,21.987214067632415,10.807600950118765,40.929334916864605
6585,鼎基,樹脂,99.2,-5.52380952380952,16345786.709999999,True,8.911819887429644,80.92105263157895,12.09,2026-08-01,False,92.85714285714286,-10.630630630630627,-0.1969815260013845,65.91362126245848,-39.17359570096413,93.34916864608076,3.32541567695962,4.513064133016627,19.47743467933492,5.112960760998811,25.155608779278147,31.59144893111639,60.273159144893114
2707,晶華,餐飲飯店,176.0,0.5714285714285783,16337427.6,True,14.748010610079575,76.25,7.58,2026-08-01,False,52.0,-1.1235955056179776,-0.13003153323680927,90.95607235142118,-1.7257253611456136,54.513064133016634,28.26603325415677,8.788598574821853,76.12826603325415,41.61712247324614,41.86261689369911,26.009501187648453,57.096199524940616
6568,宏觀,半導體,129.0,-7.5268817204301115,16334517.25,True,32.891246684350136,60.09868421052632,24.35,2026-08-01,False,77.27272727272727,-4.089219330855019,-0.09987453499612119,47.08029197080292,1.1206292937620255,79.33491686460808,13.895486935866982,13.064133016627078,2.2565320665083135,53.62663495838288,32.43554076839867,46.19952494061758,53.473871733966746
3444,利機,電子通路,78.3,0.0,16315590.160000002,True,81.48541114058355,21.578947368421055,27.29,2026-08-01,False,15.384615384615385,-5.776173285198553,0.04688447316987947,66.63829787234043,0.5609408224276891,15.14251781472684,8.907363420427554,70.90261282660333,20.665083135391924,50.178359096313905,33.15918725869271,49.8812351543943,44.19536817102137
6156,松上,印刷電路板,23.8,1.7094017094017255,16292593.1,True,99.89053092501369,0.5921052631578948,55.16,2026-08-01,False,9.523809523809524,17.82178217821783,0.02852145229558262,74.375,1.3252916649367918,9.501187648456057,84.08551068883611,62.94536817102138,36.46080760095012,54.4589774078478,49.49037030342229,74.34679334916865,34.05581947743468
7709,榮田,機械,81.6,-2.508960573476715,16172565.704999998,True,63.13131313131313,35.98684210526316,18.89,2026-08-01,False,30.303030303030305,-11.304347826086962,-0.058470121603394876,61.12359550561798,32.81315601811699,30.81947743467934,2.9691211401425175,21.377672209026127,11.045130641330166,92.62782401902497,31.767845088840623,39.311163895486935,44.551662707838474
1442,名軒,建設,26.65,-0.5597014925373234,15978203.5625,True,38.71499176276771,55.723684210526315,64.57,2026-08-01,False,46.42857142857143,-11.3144758735441,-0.10257520729141675,71.73620457604308,30.31131538715271,48.812351543942995,2.8503562945368173,12.589073634204276,31.235154394299286,91.91438763376932,37.48026470015054,79.33491686460808,64.13301662707838
3588,通嘉,半導體,53.2,-4.316546762589923,15974927.434999999,True,51.75186674325101,45.98684210526316,39.76,2026-08-01,False,63.63636363636363,1.5267175572519165,-0.028087636328405653,70.09222661396575,-4.954926938350624,65.43942992874109,43.23040380047506,32.541567695961994,27.197149643705465,30.558858501783593,39.79348191413344,62.589073634204276,52.99881235154395
2331,精英,電腦及週邊,18.8,-1.0526315789473606,15934144.2775,True,22.039473684210524,69.07894736842105,-20.16,2026-08-01,False,75.86206896551724,-1.0526315789473648,0.06521746494230547,62.77128547579299,-17.576733853623363,77.79097387173397,29.216152019002372,76.48456057007125,13.539192399049881,12.841854934601665,41.97454675889183,5.344418052256532,41.8646080760095
8088,品安,半導體,43.8,-1.462317210348718,15680279.602500001,True,49.69529085872576,47.89473684210526,72.94,2026-08-01,False,66.66666666666666,1.3888888888888755,-0.06185317826784908,59.91792065663475,33.334315032434795,68.52731591448931,41.92399049881235,20.071258907363422,9.73871733966746,92.86563614744352,46.62538376155521,81.82897862232778,54.54275534441805
2025,千興,基本金屬,13.6,0.7407407407407307,15639755.154999997,True,72.80927835051546,29.078947368421055,102.53,2026-08-01,False,21.428571428571427,8.366533864541823,0.1051574283480027,88.88888888888889,-17.858735662843415,22.090261282660332,68.17102137767222,85.39192399049881,72.14964370546319,12.48513674197384,52.057597419653675,89.07363420427554,53.78562945368171
9911,櫻花,五金及家具,81.3,0.0,15364697.104999999,True,21.485411140583555,69.76973684210527,6.79,2026-08-01,False,66.66666666666666,-0.48959608323134113,-0.19578039265606395,88.08234019501626,-0.9372793440372771,68.52731591448931,32.779097387173394,4.631828978622328,70.19002375296913,44.589774078478,44.14360802234643,24.287410926365798,57.5564133016627
6725,矽科宏晟,電子設備,213.5,-1.6129032258064502,15298501.425,True,20.43010752688172,70.59210526315789,-12.39,2026-08-01,False,92.20779220779221,-4.260089686098654,-0.0012841132488561815,52.20048899755502,-8.359354439815553,92.63657957244655,12.707838479809977,47.86223277909738,4.513064133016627,22.829964328180736,36.109935858510255,8.194774346793348,48.15914489311164
1201,味全,飲料乳品,11.55,0.8733624454148492,15146848.645000001,True,29.914984059511156,62.82894736842105,1.31,2026-08-01,False,60.0,-4.545454545454537,-0.2808665605121562,75.49019607843137,-3.3778942883896144,61.69833729216152,12.114014251781473,1.0688836104513064,38.71733966745843,35.90963139120095,29.901641242610737,17.399049881235154,51.42517814726841
4162,智擎,藥,57.2,2.508960573476715,15101732.735,True,24.721485411140584,66.90789473684211,-6.98,2026-08-01,False,50.0,1.4184397163120643,-0.01751650392978702,77.5067750677507,-17.41815628214877,52.31591448931117,42.63657957244655,37.173396674584325,43.942992874109265,12.960760998810938,37.805928921852455,11.045130641330166,41.16686460807601
2546,根基,營造,107.5,-0.9216589861751112,15010236.175,True,12.73209549071618,77.89473684210526,-24.41,2026-08-01,False,73.33333333333333,2.380952380952381,0.006743433637214291,92.27467811158799,-32.86867174906602,75.53444180522565,46.67458432304038,53.20665083135392,79.09738717339667,6.302021403091558,52.16301710722164,4.631828978622328,53.14726840855107
3024,憶聲,家電製品,13.95,1.086956521739113,14924104.682500001,True,98.56763925729443,3.1578947368421053,-44.12,2026-08-01,False,5.263157894736842,1.08695652173912,0.0008697925326319959,78.37078651685393,-14.862808988764048,4.097387173396674,39.90498812351544,49.4061757719715,46.19952494061758,14.863258026159334,30.894266807132105,1.66270783847981,28.013657957244657
1558,伸興,機械,107.5,-1.3761467889908285,14915103.775,True,42.38726790450929,53.289473684210535,18.63,2026-08-01,False,63.63636363636363,1.4150943396226416,0.05928643122484246,94.2982456140351,1.5253709932065824,65.43942992874109,42.39904988123516,74.10926365795724,85.1543942992874,55.529131985731276,64.52625395059043,38.47980997624703,61.6686460807601
6546,正基,通信網路,61.5,0.0,14756903.995,True,23.966165413533837,67.63157894736842,15.55,2026-08-01,False,84.61538461538461,1.151315789473689,0.14176937452331065,68.33333333333333,5.940703479078765,86.81710213776722,40.61757719714964,91.21140142517815,24.109263657957243,69.20332936979786,62.39173475757002,35.57007125890736,51.469714964370546
5251,天鉞電,光電及I/O,29.8,-4.180064308681675,14500404.0475,True,8.09968847352025,81.9078947368421,9.69,2026-08-01,False,78.37837837837837,16.86274509803922,0.008149925599039123,71.54861944777912,-4.396989788781646,80.16627078384798,83.1353919239905,53.80047505938242,30.760095011876487,33.29369797859691,56.231186151538864,28.681710213776725,39.11817102137768
6411,晶焱,半導體,77.5,-1.5247776365946653,14481160.135000002,True,47.267904509283824,49.73684210526316,3.4,2026-08-01,False,67.42424242424242,-1.6497461928933976,0.04183795478209775,67.98245614035088,-6.453736152344513,69.71496437054631,24.70308788598575,69.12114014251782,23.51543942992874,26.634958382877528,42.73791804237123,20.19002375296912,47.179334916864605
1307,三芳,石化,31.3,-0.6349206349206327,14382386.919999998,True,3.183023872679045,88.22368421052632,10.83,2026-08-01,False,89.47368421052632,2.1207177814029436,-0.04257119996683991,83.68983957219251,-0.1553399835826319,90.73634204275535,45.605700712589076,25.771971496437057,60.80760095011877,47.681331747919145,54.12058938996388,30.16627078384798,59.026128266033254
9927,泰銘,基本金屬,62.0,-0.8000000000000007,14378040.935000002,True,22.823779193205944,68.42105263157895,25.59,2026-08-01,False,71.42857142857143,-10.79136690647482,-0.22385805489244842,86.7132867132867,-21.463740438457645,73.51543942992875,3.2066508313539197,3.0878859857482186,67.57719714964371,9.988109393579073,31.47505655805073,47.74346793349169,71.40736342042754
2442,新美齊,建設,14.0,0.0,14318446.040000001,True,1.0838562464346835,93.88157894736841,19.87,2026-08-01,False,94.64285714285714,-12.2257053291536,-0.1546955275904956,52.83018867924528,-138.09472127496693,94.41805225653206,2.2565320665083135,7.244655581947744,4.86935866983373,1.426872770511296,22.04309426906663,40.61757719714964,59.412114014251785
9925,新保,保全,39.4,0.0,14303863.41,True,1.8037135278514589,91.41447368421053,6.57,2026-08-01,False,91.47727272727273,-0.5050505050505122,-0.2442670383407743,94.93975903614458,2.607518594457469,92.28028503562945,32.66033254156769,1.7814726840855106,86.81710213776722,59.096313912009514,54.52710126221187,23.990498812351543,67.60688836104512
6768,志強-KY,鞋及旅行箱,63.8,-1.6949152542373058,14220111.15,True,31.278195488721806,61.118421052631575,6.86,2026-08-01,False,44.44444444444444,0.15698587127157662,0.007961844312366989,51.86991869918699,0.6269298386073991,46.318289786223275,35.62945368171022,53.681710213776725,4.156769596199525,50.77288941736029,38.11182253905401,24.46555819477435,34.82779097387173
1529,樂事綠能,電機製品,15.65,-0.31847133757960666,14152756.072499996,True,20.119305856832973,70.98684210526316,8.01,2026-08-01,False,72.72727272727273,-0.9493670886075972,0.10431029021677957,53.687821612349914,23.369939410407042,74.94061757719716,30.04750593824228,85.1543942992874,5.581947743467933,88.94173602853745,56.93324031734644,26.840855106888363,44.328978622327796
3628,盈正,電子零組件,71.5,-1.2430939226519389,14152195.895000001,True,18.779840848806366,72.03947368421053,8.64,2026-08-01,False,90.0,4.8387096774193505,0.02091067779682876,71.85929648241206,-12.304213486047875,91.09263657957246,57.482185273159146,59.50118764845605,31.59144893111639,17.954815695600477,51.524454825580904,27.55344418052256,48.18883610451307
7703,銳澤,電子設備,202.0,-1.9417475728155331,13980982.825,True,90.47619047619048,13.88157894736842,83.26,2026-08-01,False,28.57142857142857,1.0,0.1280481229822412,80.80000000000001,22.225654788092108,29.216152019002372,39.37054631828978,89.31116389548693,52.49406175771971,87.99048751486326,59.676482301072404,85.1543942992874,56.87351543942992
3356,奇偶,光電及I/O,66.7,-1.3313609467455523,13915617.569999998,True,1.647183846971307,91.84210526315789,20.63,2026-08-01,False,97.2972972972973,11.912751677852352,-0.2653261725411864,97.23032069970847,-6.117038074543373,96.91211401425178,76.60332541567696,1.187648456057007,91.68646080760095,27.705112960760996,58.81893233086953,41.80522565320665,63.4501187648456
6024,群益期,期貨,58.7,-1.1784511784511675,13877716.73,True,0.15915119363395225,97.92763157894737,7.8,2026-08-01,False,97.96122994652407,-4.084967320261438,-0.13357031904233735,90.03067484662577,-63.18413532862712,97.14964370546319,14.014251781472684,8.669833729216151,73.87173396674585,3.0915576694411415,39.3594041704678,26.543942992874108,70.88776722090262
3594,磐儀,電腦及週邊,46.25,-0.21574973031284195,13779290.1625,True,35.93200468933177,57.763157894736835,50.51,2026-08-01,False,55.172413793103445,-2.2198731501057023,-0.07200350083725986,77.08333333333334,2.012493172331723,57.24465558194775,21.61520190023753,18.646080760095014,42.75534441805225,56.59928656361475,39.37211384478946,71.37767220902613,62.44061757719715
2816,旺旺保,產險,40.8,0.7407407407407307,13710638.1875,True,1.5206812652068127,92.36842105263158,19.61,2026-08-01,False,100.0,4.214559386973177,0.10191831866617423,99.63369963369962,19.505837381474826,99.1686460807601,54.39429928741093,84.44180522565321,96.79334916864607,86.56361474435195,84.27234290136445,40.26128266033254,70.45724465558195
7786,東方風能,海運,116.0,-0.42918454935622075,13629151.2,True,2.7906976744186047,89.07894736842105,8.57,2026-08-01,False,90.9090909090909,0.8695652173913043,0.14992387184554085,46.21513944223107,-8.034470222908535,91.8646080760095,38.95486935866984,92.28028503562945,2.137767220902613,23.662306777645657,49.77996729377141,27.43467933491687,45.62054631828978
4571,鈞興-KY,機械,151.5,-1.3029315960912058,13598581.525,True,60.67677946324388,38.61842105263158,-4.01,2026-08-01,False,42.42424242424242,-2.258064516129032,-0.06032179646295731,65.30172413793103,-16.55067736437527,44.00237529691211,21.377672209026127,21.140142517814727,18.40855106888361,13.436385255648037,23.67302526965692,12.470308788598574,38.37589073634204
2530,華建,建設,20.05,0.24999999999999467,13519508.157499999,True,45.07819687212511,51.24999999999999,-99.87,2026-08-01,False,41.07142857142857,1.0075566750629685,-0.11412368740533617,63.853503184713375,-0.9375187556722722,42.75534441805225,39.548693586698334,10.21377672209026,15.558194774346793,44.470868014268724,30.509375503091274,0.35629453681710216,29.780285035629454
2417,圓剛,電腦及週邊,37.5,-1.055408970976246,13359068.842500001,True,33.300395256917,59.539473684210535,-14.55,2026-08-01,False,60.3448275862069,-2.0887728459529953,-0.014299928676464114,65.90509666080844,-17.66305399064468,62.11401425178147,22.802850356294538,39.42992874109264,19.358669833729216,12.604042806183116,31.261901197816194,6.7695961995249405,41.35985748218528
6235,華孚,電子零組件,36.1,-1.6348773841961872,13316574.945,True,56.69914738124239,41.05263157894737,7.3,2026-08-01,False,66.66666666666666,-5.989583333333326,0.014246124130800822,48.78378378378378,5.545540072419328,68.52731591448931,8.551068883610451,56.76959619952494,2.8503562945368173,68.13317479191439,40.966302416815175,25.653206650831358,47.119952494061764
6208,日揚,電子設備,78.3,-1.8796992481203034,13225490.31,True,88.59416445623343,15.263157894736842,7.77,2026-08-01,False,33.76623376623377,2.890932982917218,0.10749474644145751,73.86792452830188,-1.696251552268489,35.15439429928741,49.7624703087886,85.98574821852732,35.86698337292161,41.85493460166468,49.72490616023792,26.365795724465556,36.90617577197149
1713,國化,染料及顏料,44.95,0.4469273743016755,13180060.727500001,True,14.429708222811671,76.71052631578948,-8.6,2026-08-01,False,66.66666666666666,3.6908881199538666,-0.033978249103964235,85.29411764705883,-1.152903073953774,68.52731591448931,52.850356294536816,29.80997624703088,64.37054631828978,43.162901307966706,51.744219216462696,9.73871733966746,47.44655581947743
1737,臺鹽,其他食品,30.0,0.16694490818029983,13053611.690000001,True,12.095490716180372,77.96052631578947,-3.88,2026-08-01,False,77.77777777777779,-2.1207177814029317,-0.26447746244120474,92.3076923076923,-0.9744533648289577,79.80997624703087,22.624703087885987,1.3064133016627077,79.27553444180523,43.876337693222354,45.378592954321434,12.589073634204276,62.2624703087886
7722,LINEPAY,數位雲端,264.0,-2.2222222222222254,13037565.1,True,2.914798206278027,88.75,8.66,2026-08-01,False,73.07692307692307,-3.1192660550458715,-0.08756004517479958,44.97444633730835,-3.339986372057407,75.3562945368171,17.695961995249405,14.84560570071259,1.9002375296912115,36.02853745541022,29.165327443576103,27.672209026128264,46.80819477434679
7780,大研生醫*,藥,16.55,2.4767801857585203,12970580.815000001,True,6.513409961685824,83.61842105263158,38.14,2026-08-01,False,69.56521739130434,0.0,0.00374341163480369,8.710526315789474,2.1682097913960376,71.85273159144893,34.857482185273156,51.42517814726841,0.11876484560570072,57.07491082045184,43.065813518009605,60.688836104513065,49.45071258907363
2102,泰豐,輪胎,16.4,-0.9063444108761476,12953075.0925,True,1.257861635220126,93.35526315789474,29.99,2026-08-01,False,80.0,-7.865168539325855,-0.23646529257470975,77.90973871733966,24.325670409562097,82.18527315914488,6.294536817102138,2.2565320665083135,45.24940617577197,89.29845422116529,45.056840487938516,52.612826603325416,68.43824228028504
2397,友通,電腦及週邊,65.1,2.68138801261828,12930125.72,True,82.12201591511936,20.723684210526315,48.01,2026-08-01,False,15.517241379310345,8.862876254180598,0.12991309188427716,91.94915254237289,4.459132580297521,15.439429928741092,69.0023752969121,89.78622327790974,78.50356294536816,64.44708680142688,63.43573565007159,69.71496437054631,48.663895486935864
4164,承業醫,醫療耗材,28.0,-0.7092198581560294,12913267.9125,True,57.77188328912467,40.526315789473685,15.42,2026-08-01,False,14.285714285714285,8.527131782945734,-0.0611514713147666,60.15037593984963,18.457508606850215,13.895486935866982,68.40855106888361,20.54631828978622,9.97624703087886,85.85017835909632,39.7353563369024,35.273159144893114,22.68408551068884
5493,三聯,電子設備,91.3,1.2195121951219523,12879198.274999999,True,81.06100795755968,21.907894736842103,44.53,2026-08-01,False,49.35064935064935,9.735576923076916,0.17189276616903543,90.84577114427861,14.472049881264383,51.306413301662715,71.73396674584322,94.53681710213777,75.89073634204276,83.23424494649228,75.34043568763575,66.6270783847981,55.52256532066509
1459,聯發,人纖,18.4,0.8219178082191636,12819017.9875,True,20.448179271708682,70.52631578947368,-14.25,2026-08-01,False,66.66666666666666,17.948717948717942,0.008682188255774492,89.53771289537713,-7.869310390586986,68.52731591448931,84.44180522565321,53.919239904988125,73.15914489311164,24.019024970273485,60.81330618170316,6.88836104513064,41.033254156769594
2547,日勝生,建設,9.74,0.6198347107438051,12816660.455500001,True,81.9543509272468,20.855263157894736,81.23,2026-08-01,False,12.5,-2.208835341365468,-0.0682918151077289,83.96551724137932,-43.9276456656918,12.173396674584323,21.73396674584323,18.883610451306414,61.520190023752974,4.637336504161712,23.78970007992973,84.56057007125891,59.130047505938236
4533,協易機,機械,25.45,-0.19607843137254832,12702741.305,True,61.62726772952172,37.17105263157895,4.93,2026-08-01,False,33.33333333333333,0.7920792079207893,0.1062655886532306,61.696969696969695,0.0456594353035662,34.38242280285036,38.71733966745843,85.74821852731591,12.114014251781473,48.03804994054697,43.80000903799063,22.327790973871732,32.52672209026128
3051,力特,光電及I/O,22.25,-0.8908685968819552,12653744.412500001,True,40.74349442379182,54.14473684210527,14.16,2026-08-01,False,60.810810810810814,4.705882352941177,0.11474880918040056,72.24025974025975,-12.459142142912938,62.589073634204276,56.41330166270784,87.29216152019002,32.8978622327791,17.47919143876338,51.33431809772892,33.729216152019006,43.20071258907363
3703,欣陸,營造,19.5,0.7751937984496138,12624845.0325,True,25.42652724270776,66.38157894736842,15.27,2026-08-01,False,46.666666666666664,-1.7632241813602085,-0.25072822068415884,80.91286307053942,15.32476346487656,49.10926365795725,24.228028503562946,1.4251781472684086,52.96912114014252,83.94768133174792,42.33585455613581,35.03562945368171,53.22149643705464
3705,永信,藥,59.1,2.961672473867605,12578999.849999998,True,92.46684350132625,11.710526315789474,4.59,2026-08-01,False,10.869565217391305,5.347593582887701,0.10384985600177214,99.49494949494951,9.480892325498168,10.451306413301662,59.263657957244654,85.03562945368171,96.43705463182897,76.93222354340071,65.62397439989154,21.377672209026127,42.25059382422803
5236,凌陽創新,半導體,125.0,-0.7936507936507908,12405853.375,True,23.851030110935024,67.82894736842105,13.22,2026-08-01,False,83.33333333333334,-7.063197026022305,-0.16684255122272929,67.02412868632707,5.051712918834028,85.1543942992874,7.1258907363420425,6.532066508313539,21.61520190023753,66.46848989298454,37.37920866743301,32.66033254156769,58.07600950118764
4909,新復興,印刷電路板,37.0,0.27100271002711285,12397150.547500001,True,59.61538461538461,39.14473684210527,-43.85,2026-08-01,False,76.19047619047619,4.372355430183348,-0.01275650279402742,53.00859598853869,-18.149894816282252,78.20665083135393,54.750593824228034,40.61757719714964,5.10688836104513,12.366230677764566,38.209588178308266,1.7814726840855106,32.586104513064136
2364,倫飛,電腦及週邊,64.4,-0.3095975232197956,12363240.15,True,0.27932960893854747,97.03947368421053,32.6,2026-08-01,False,100.0,-1.9786910197869059,-0.0749897480652759,73.09875141884223,-15.457569019589045,99.1686460807601,23.634204275534444,18.052256532066508,34.679334916864605,14.625445897740786,38.03197754059328,54.98812351543943,66.30047505938242
1565,精華,醫療耗材,97.5,0.20554984583762703,12309252.545,True,21.114058355437663,70.13157894736842,-12.47,2026-08-01,False,42.857142857142854,-1.1156186612576007,-0.022813331604692393,72.76119402985076,0.6839570054187298,44.71496437054632,28.38479809976247,34.79809976247031,33.8479809976247,51.12960760998811,38.57509016807838,8.076009501187649,39.56353919239905
4306,炎洲,石化,14.55,0.34482758620690834,12242019.455,True,61.29418813660875,38.026315789473685,6.51,2026-08-01,False,47.368421052631575,-3.6423841059602577,-0.10543591051666845,87.91540785498489,-7.344758925039242,49.94061757719715,16.033254156769598,11.75771971496437,69.47743467933492,25.44589774078478,34.53098477381016,23.871733966745843,56.81413301662708
1232,大統益,油脂飼料,154.5,0.32467532467532756,12141235.65,True,6.790450928381962,83.125,34.56,2026-08-01,False,87.5,-1.5923566878980893,-0.08439847578957549,91.69139465875371,3.765997700304922,88.89548693586698,24.94061757719715,15.676959619952493,77.90973871733968,62.06896551724138,53.89835367351954,57.12589073634204,74.7476247030879
6841,長佳智能,醫療耗材,56.7,1.6129032258064724,12049393.925,True,73.07692307692307,28.749999999999996,86.02,2026-08-01,False,8.571428571428571,6.578947368421052,0.08934532273264617,79.63483146067416,54.48304228445909,8.076009501187649,63.77672209026129,81.82897862232778,48.812351543942995,96.55172413793103,59.809157179130146,85.86698337292161,44.74465558194774
8045,達運光電,通信網路,57.1,2.146690518783556,11875217.120000001,True,28.733031674208142,63.94736842105263,23.41,2026-08-01,False,78.84615384615384,16.768916155419227,-0.027838641998258296,62.67837541163557,13.625558086669495,80.81947743467933,82.89786223277909,32.66033254156769,13.30166270783848,82.1640903686088,58.36868505709468,44.89311163895487,39.0290973871734
6417,韋僑,通信網路,103.5,-1.8957345971563955,11756416.15,True,0.583554376657825,95.69078947368422,34.27,2026-08-01,False,98.07692307692307,-0.9569377990430622,-0.15367072371619167,70.64846416382252,5.279138620674011,97.44655581947742,29.80997624703088,7.4821852731591445,28.741092636579573,67.53864447086801,46.203690889423,56.888361045130644,63.31650831353919
1611,中電,家電製品,11.35,0.4424778761061843,11740630.3625,True,31.183368869936036,61.51315789473685,0.09,2026-08-01,False,57.89473684210527,-2.575107296137345,-0.17777871489741814,75.66666666666666,4.387491134751773,59.61995249406176,19.47743467933492,5.463182897862233,39.42992874109264,63.614744351961946,37.5210486328627,16.270783847980997,48.96080760095012
3303,岱稜,石化,50.7,1.7051153460381219,11620534.9125,True,17.665782493368702,73.51973684210526,-1.41,2026-08-01,False,68.42105263157895,-1.3618677042801473,-0.11928223549700054,80.60413354531002,-27.68048174304426,70.36817102137766,26.72209026128266,9.501187648456057,52.01900237529691,7.728894173602854,33.267869096003224,14.489311163895488,52.538598574821854
3622,洋華,光電及I/O,46.2,-1.8065887353878707,11562464.87,True,2.709883103081828,89.40789473684211,-35.95,2026-08-01,False,93.24324324324324,-6.854838709677416,-0.20391765351431299,63.28767123287672,-15.46681985382141,93.70546318289786,7.4821852731591445,3.9192399049881232,14.370546318289787,14.506539833531509,26.796794902573282,2.6128266033254155,50.801662707838474
3623,富晶通,光電及I/O,29.9,1.0135135135135087,11503908.254999999,True,82.78481012658227,20.19736842105263,96.27,2026-08-01,False,29.72972972972973,21.052631578947366,0.04564865744374693,93.73040752351098,85.78892495491746,30.16627078384798,87.88598574821853,70.42755344418052,83.4916864608076,98.21640903686088,74.0375810947831,88.00475059382423,53.44418052256532
6642,富致,電子零組件,77.6,-1.896333754740831,11452723.600000001,True,61.85747663551402,36.973684210526315,51.86,2026-08-01,False,60.66666666666667,1.041666666666663,0.03365917372046095,84.43960826985854,-6.748009745516029,62.47030878859857,39.66745843230404,65.67695961995248,62.47030878859857,26.159334126040427,51.28887395109882,72.20902612826603,64.37054631828978
2832,台產,產險,56.8,-0.35087719298245723,11421565.864999998,True,16.60477453580902,74.40789473684211,11.73,2026-08-01,False,60.0,-2.0689655172413843,0.0054283111022552346,92.35772357723577,7.105473981962198,61.69833729216152,23.040380047505938,52.73159144893111,79.69121140142518,72.294887039239,57.89128144585254,30.997624703087883,62.33669833729216
5225,東科-KY,消費性電子,56.1,5.451127819548862,11419602.65,True,59.92037159920371,38.94736842105263,-8.97,2026-08-01,False,47.368421052631575,2.5594149908592296,0.21656626671504528,49.42731277533039,-15.637813401955917,49.94061757719715,47.62470308788598,97.5059382422803,2.9691211401425175,14.149821640903687,42.438040337681926,9.382422802850355,28.66686460807601
1342,八貫,塑膠製品,101.0,0.0,11277762.96,True,14.79663394109397,76.05263157894737,62.83,2026-08-01,False,76.06951871657755,-1.4634146341463417,-0.016324965120070704,85.95744680851064,2.865748516591296,78.02850356294537,25.771971496437057,38.12351543942993,65.91448931116389,60.166468489892985,53.60098965997385,79.09738717339667,74.31710213776722
1104,環泥,水泥製造,26.85,0.0,11256495.95,True,19.46949602122016,71.38157894736842,-14.18,2026-08-01,False,71.42857142857143,-2.185792349726768,-0.17547867012972912,81.98473282442748,-8.259857561351097,73.51543942992875,22.090261282660332,5.7007125890736345,56.17577197149644,23.18668252080856,36.13377355879354,7.007125890736342,53.6520190023753
4137,麗豐-KY,化妝美容,77.2,1.0471204188481575,10956338.305,True,9.177718832891246,80.78947368421052,-10.71,2026-08-01,False,50.0,0.12970168612193067,-0.13000424894021895,66.26609442060087,-15.59443534382181,52.31591448931117,35.510688836104514,8.907363420427554,19.83372921615202,14.26872770511296,26.167284733421646,8.788598574821853,36.35688836104513
6277,宏正,光電及I/O,79.8,2.176696542893719,10926966.834999999,True,84.03183023872678,19.144736842105264,17.1,2026-08-01,False,25.675675675675674,2.1766965428937297,0.07712713108396561,91.19999999999999,-10.60859007808995,26.247030878859857,45.72446555819478,79.09738717339667,76.95961995249407,19.381688466111772,49.48203840581143,36.81710213776722,48.57482185273159
1522,堤維西,汽車組件,26.4,1.7341040462427681,10882654.5575,True,77.08222811671087,25.42763157894737,-3.04,2026-08-01,False,36.11111111111111,-1.4925373134328437,-0.04411641816345363,50.0,-27.27564977614347,37.173396674584325,25.415676959619955,24.82185273159145,3.32541567695962,7.966706302021404,19.74060966895535,13.24228028503563,32.0813539192399
6732,昇佳電子,半導體,152.0,-0.6535947712418277,10843555.875,True,46.69260700389105,50.46052631578948,-9.17,2026-08-01,False,69.6969696969697,3.754266211604096,0.11074629195832818,71.02803738317756,5.146620155744635,72.09026128266032,53.20665083135392,86.57957244655582,29.216152019002372,67.06302021403091,61.63113135872068,9.263657957244655,39.340855106888355
2228,劍麟,汽車組件,74.0,0.13531799729362692,10826124.33,True,73.58090185676393,28.157894736842103,-0.62,2026-08-01,False,41.66666666666667,-1.9867549668874174,0.013554447077403749,66.3677130044843,-0.978803088625525,43.23040380047506,23.39667458432304,56.17577197149644,19.95249406175772,43.75743162901308,37.30255520941306,15.617577197149643,38.85095011876484
6967,汎瑋材料,其他電子,71.9,-2.043596730245234,10826061.675,True,7.302231237322515,82.82894736842105,1.12,2026-08-01,False,82.82085561497327,2.7142857142857224,0.1465497144007165,82.92964244521337,-18.99220153097818,84.56057007125891,48.9311163895487,91.80522565320665,58.19477434679335,11.414982164090368,58.98133372497959,17.102137767220903,52.73159144893112
2505,國揚,建設,17.0,0.0,10790011.605,True,24.49683726279471,67.03947368421052,24.46,2026-08-01,False,62.5,-1.4492753623188406,-0.12135513539694973,85.0,61.13197100246592,64.19239904988123,26.009501187648453,9.382422802850355,63.895486935866984,96.90844233055887,52.07765046136118,46.37767220902613,62.11401425178148
3716,中化控股,藥,34.15,1.4858841010401136,10745377.864999998,True,5.46875,84.9342105263158,-1.19,2026-08-01,False,71.73913043478261,0.4411764705882311,-0.17125888547519053,93.0517711171662,-0.17325060099188128,74.10926365795724,36.81710213776722,6.175771971496437,81.71021377672209,47.56242568370987,49.27495544553057,14.964370546318289,58.4916864608076
4119,旭富,藥,54.4,1.4925373134328401,10562419.28,True,92.86125503742085,11.18421052631579,187.52,2026-08-01,False,8.695652173913043,1.115241635687735,0.07117950492903669,90.81803005008348,68.57808876723043,8.31353919239905,40.142517814726844,77.43467933491686,75.77197149643705,97.26516052318668,59.78557367233329,95.13064133016627,59.76840855106889
5258,虹堡,電腦及週邊,41.9,-0.5931198102016588,10551048.334999999,True,10.359536867763559,79.40789473684211,3.21,2026-08-01,False,81.03448275862068,-5.4176072234762955,-0.11632092137288086,54.557291666666664,-13.736723640426813,83.0166270783848,9.85748218527316,9.73871733966746,6.0570071258907365,16.409036860879905,25.015774118019213,19.418052256532068,49.65855106888361
4104,佳醫,醫療耗材,72.0,0.0,10523087.665,True,49.07161803713528,48.28947368421053,32.25,2026-08-01,False,22.857142857142858,1.2658227848101347,0.16167623502655662,84.30913348946135,10.048904868016766,23.39667458432304,41.09263657957244,93.70546318289786,62.23277909738717,78.00237812128418,59.68598631309294,54.513064133016634,49.76247030878861
6498,久禾光,消費性電子,73.5,-1.342281879194629,10513459.215,True,5.294117647058823,85.26315789473684,-19.26,2026-08-01,False,100.0,4.403409090909082,-0.08720211622332981,65.33333333333333,-14.091579652976513,99.1686460807601,54.86935866983374,14.964370546318289,18.52731591448931,16.290130796670628,40.763964401614416,5.7007125890736345,42.13182897862232
8341,日友,資源回收,73.8,0.27173913043478937,10421345.290000001,True,0.10610079575596816,98.25657894736842,3.97,2026-08-01,False,95.45454545454545,-1.0723860589812295,-0.11588248588859602,80.65573770491802,-5.5321871188120255,95.66508313539192,28.978622327790976,9.85748218527316,52.25653206650831,29.013079667063018,43.15415987640547,20.783847980997624,59.931710213776725
5381,光譜,電機製品,21.6,-1.8181818181818077,10195266.585,True,16.041979010494753,74.9342105263158,-35.87,2026-08-01,False,81.81818181818183,-9.243697478991592,0.012838411034046445,63.436123348017624,-31.543938199129645,83.78859857482185,4.394299287410926,55.58194774346793,14.489311163895488,6.539833531510107,32.95879806022126,2.7315914489311166,49.153800475059384
4952,凌通,半導體,48.65,-1.4184397163120588,10097530.725000001,True,78.6737400530504,23.94736842105263,44.89,2026-08-01,False,36.36363636363637,0.10288065843620814,0.10831595430768867,80.41322314049587,-2.517797530486675,37.589073634204276,35.39192399049881,86.22327790973871,51.06888361045131,39.12009512485137,49.8786508539489,67.10213776722091,55.09204275534442
1568,倉佑,汽車組件,31.25,-0.31897926634769647,10078184.7925,True,28.093076049943242,64.53947368421052,6.41,2026-08-01,False,63.888888888888886,7.944732297063906,-0.049601977314016714,62.75100401606426,-7.859327948573457,65.91448931116389,67.2209026128266,23.634204275534444,13.420427553444181,24.137931034482758,38.86559095749037,23.634204275534444,33.93705463182898
