stock_id,name,industry,close,adv20,listed_ok,pe_hist_pct,value_pct,revenue_yoy,rev_month,bear_regime,value_ind_pct,momentum20,chip20_turnover,high52_prox,rev_accel,value_ind_pct_pool_pct,momentum20_pool_pct,chip20_turnover_pool_pct,high52_prox_pool_pct,rev_accel_pool_pct,composite,revenue_yoy_pool_pct,c2_score
2330,台積電,半導體,2350.0,89673758124.0,True,95.96730245231608,10.340041637751561,67.87,2026-06-01,False,19.6,0.4273504273504274,-0.11979658011779905,93.62549800796812,29.383333333333333,19.324473975636767,68.10631229235881,5.537098560354374,93.90919158361018,90.47619047619048,55.47065337763013,83.88888888888889,57.25406053894425
2327,國巨*,電子零組件,625.0,48758336462.85,True,97.54768392370572,4.961832061068702,38.91,2026-06-01,False,9.090909090909092,-38.42364532019704,-0.020499565982232057,54.824561403508774,2.7733333333333334,7.530454042081949,0.9966777408637874,33.222591362126245,8.305647840531561,45.9579180509413,19.20265780730897,68.22222222222221,45.76541159099298
2408,南亞科,半導體,436.0,37362061181.375,True,94.4765045342127,13.324080499653018,621.34,2026-06-01,False,22.400000000000002,-2.89532293986637,-0.04525250760155125,86.33663366336634,-68.26333333333332,22.369878183831673,59.3576965669989,20.81949058693245,81.06312292358804,3.10077519379845,37.3421926910299,99.0,60.76882613510521
2454,聯發科,半導體,3680.0,37000931959.0,True,97.71117166212534,4.094378903539209,2.8,2026-06-01,False,7.199999999999999,-5.154639175257731,-0.037065065864565504,79.3103448275862,1.583333333333333,5.647840531561462,50.60908084163898,24.031007751937985,65.61461794019934,40.97452934662237,37.37541528239203,19.88888888888889,35.135566629752674
3037,欣興,印刷電路板,848.0,25927648948.85,True,94.87738419618529,12.630117973629423,36.31,2026-06-01,False,20.51282051282051,-13.025641025641024,-0.06647038595196364,78.15668202764977,4.20333333333334,20.930232558139537,27.131782945736433,13.842746400885936,62.347729789590254,51.71650055370986,35.1937984496124,66.33333333333333,55.61987818383167
2344,華邦電,半導體,160.0,25230492196.625,True,64.19753086419753,47.2588480222068,189.88,2026-06-01,False,68.0,-22.518159806295397,-0.06897128674046095,72.07207207207207,5.190000000000026,68.21705426356588,9.966777408637874,13.178294573643413,47.176079734219265,54.37430786267996,38.582502768549276,95.66666666666667,75.27325581395348
3481,群創,光電及I/O,47.35,24480453200.8825,True,90.2994011976048,19.70853573907009,17.25,2026-06-01,False,26.153846153846157,-27.15384615384615,-0.0006756183463436514,66.78420310296191,4.143333333333333,26.245847176079735,4.87264673311185,47.39756367663344,32.115171650055366,51.49501661129568,32.42524916943522,43.0,49.122093023255815
2303,聯電,半導體,126.0,22758500412.475,True,87.19346049046321,24.011103400416378,22.85,2026-06-01,False,40.8,-23.170731707317074,-0.05351862202555633,70.58823529411765,5.706666666666667,39.756367663344406,8.527131782945736,17.718715393133998,42.74640088593577,57.14285714285714,33.17829457364341,50.0,55.99390919158361
4958,臻鼎-KY,印刷電路板,470.5,22101354028.425,True,97.3841961852861,5.586398334489938,32.83,2026-06-01,False,10.256410256410255,-18.879310344827584,-0.023095349765692365,72.8328173374613,5.476666666666663,9.080841638981173,16.943521594684384,30.89700996677741,49.28017718715393,55.924695459579176,32.42524916943522,62.77777777777778,51.04881875230713
8046,南電,印刷電路板,1075.0,20906997360.5,True,90.41769041769042,19.430950728660655,50.03,2026-06-01,False,41.02564102564102,-4.444444444444445,0.003052145059470244,75.97173144876325,8.256666666666668,40.19933554817276,52.823920265780735,50.60908084163898,57.36434108527132,64.23034330011073,53.04540420819491,75.72222222222223,55.115494647471394
2308,台達電,電子零組件,1755.0,19897863500.0,True,95.25885558583106,11.79736294240111,55.43,2026-06-01,False,20.97902097902098,-3.0386740331491713,-0.06022742308203022,69.64285714285714,7.763333333333335,21.15171650055371,58.58250276854928,15.83610188261351,39.8671096345515,62.901439645625686,39.66777408637874,78.77777777777779,45.30352528608343
1303,南亞,石化,174.0,17293443795.9,True,79.70501474926253,33.865371269951424,31.79,2026-06-01,False,43.75,17.56756756756757,0.001278808556193844,76.48351648351648,4.263333333333328,42.30343300110742,96.29014396456257,49.05869324473976,58.139534883720934,52.04872646733112,59.568106312292365,61.22222222222222,41.343761535621994
6182,合晶,半導體,116.0,16108562382.575,True,98.642266824085,2.081887578070784,14.11,2026-06-01,False,2.4,-2.928870292887029,0.007364615754593427,61.21372031662269,4.426666666666668,1.3289036544850499,59.136212624584715,53.156146179402,18.272425249169437,52.602436323366554,36.89922480620155,37.0,24.366279069767444
3711,日月光投控,半導體,608.0,15885434668.25,True,98.11215991116046,3.0534351145038165,32.86,2026-06-01,False,4.8,-3.79746835443038,-0.051488202906071916,83.63136176066025,5.976666666666663,3.211517165005537,55.81395348837209,18.49390919158361,75.96899224806202,58.139534883720934,42.325581395348834,62.94444444444445,46.57775009228499
6770,力積電,半導體,61.9,12918397163.539999,True,80.13468013468014,33.24080499653019,68.75,2026-06-01,False,51.2,-20.945083014048528,-0.07723517428930776,69.7857948139797,15.393333333333338,50.71982281284607,13.178294573643413,12.513842746400886,39.97785160575858,78.29457364341084,38.93687707641196,84.33333333333334,65.46317829457365
2317,鴻海,電腦及週邊,253.0,12065448711.95,True,94.11444141689374,14.260929909784872,52.11,2026-06-01,False,17.543859649122805,1.8108651911468814,-0.009002563044642047,81.87702265372168,11.636666666666663,16.943521594684384,72.97895902547066,41.08527131782946,72.75747508305648,71.09634551495017,54.972314507198234,77.22222222222223,48.48606496862311
6488,環球晶,半導體,1065.0,11836369498.5,True,98.9100817438692,1.7349063150589867,-1.63,2026-06-01,False,0.8,13.782051282051283,0.026243213844230076,70.29702970297029,3.3899999999999997,0.22148394241417496,94.35215946843853,65.11627906976744,41.6389811738649,48.6157253599114,49.988925802879294,14.666666666666666,15.543743078626802
2383,台光電,印刷電路板,4815.0,11036211330.75,True,97.22070844686648,6.419153365718251,120.69,2026-06-01,False,12.82051282051282,-8.372978116079924,-0.02933337363570887,79.19407894736842,11.043333333333337,11.960132890365449,39.756367663344406,27.796234772978963,65.22702104097453,70.21040974529346,42.990033222591364,92.66666666666666,57.524363233665554
3189,景碩,印刷電路板,710.0,10623367189.65,True,79.71391417425228,33.795975017349065,32.27,2026-06-01,False,69.23076923076923,-10.915934755332497,-0.0425199788999959,79.68574635241302,1.5899999999999999,69.10299003322258,33.00110741971207,21.59468438538206,66.44518272425249,41.08527131782946,46.24584717607973,61.88888888888889,66.10898855666298
2409,友達,光電及I/O,23.9,10595084986.805,True,94.21296296296296,14.018043025676613,13.83,2026-06-01,False,20.0,-14.490161001788913,0.004616142236625656,73.08868501529051,11.18,20.044296788482836,24.58471760797342,51.60575858250277,50.055370985603545,70.43189368770764,43.34440753045404,36.22222222222222,45.434293097083795
3017,奇鋐,電子零組件,2400.0,10087124983.5,True,87.73841961852861,23.039555863983345,66.11,2026-06-01,False,39.86013986013986,6.430155210643015,0.04797777093015577,81.49405772495756,-0.013333333333335418,38.31672203765227,84.60686600221484,73.421926910299,71.20708748615725,35.548172757475086,60.620155038759684,83.33333333333334,52.062569213732004
3008,大立光,消費性電子,4090.0,9828518932.25,True,97.54768392370572,4.961832061068702,-10.46,2026-06-01,False,5.0,-13.347457627118645,-0.08992601599331182,78.72954764196342,-29.35666666666667,3.3776301218161686,26.46733111849391,10.299003322259136,63.78737541528239,6.423034330011074,22.070874861572534,6.888888888888889,36.89664082687338
6669,緯穎,電腦及週邊,5745.0,9497663440.25,True,62.5560538116592,48.854961832061065,29.79,2026-06-01,False,59.64912280701754,34.228971962616825,0.0737758158676897,99.22279792746113,3.9166666666666643,58.80398671096345,99.1140642303433,81.28460686600222,98.67109634551495,50.498338870431894,77.67441860465117,58.666666666666664,54.25692137320044
3231,緯創,電腦及週邊,177.0,9138299138.15,True,71.17166212534059,41.464260929909784,53.85,2026-06-01,False,50.877192982456144,15.686274509803921,0.1275707002742942,91.23711340206185,-14.509999999999998,50.3875968992248,95.34883720930233,89.59025470653378,90.14396456256921,12.73532668881506,67.64119601328903,78.33333333333333,55.879014396456256
8299,群聯,半導體,1820.0,9088316684.75,True,71.00817438692098,41.67244968771686,301.0,2026-06-01,False,64.8,-21.21212121212121,-0.038494164341300714,63.19444444444444,21.379999999999995,64.562569213732,12.624584717607974,23.366555924695458,22.369878183831673,85.16057585825027,41.61683277962347,97.55555555555556,67.96585455887782
6213,聯茂,印刷電路板,307.0,8895271331.875,True,98.69209809264305,2.012491325468425,47.94,2026-06-01,False,5.128205128205128,-11.3997113997114,-0.04650101151219477,77.52525252525253,17.596666666666664,3.6544850498338874,31.22923588039867,20.70874861572536,60.68660022148394,81.06312292358804,39.46843853820597,74.5,51.90296234772978
5483,中美晶,半導體,204.0,8752595425.35,True,91.37542277339347,17.834836918806385,7.61,2026-06-01,False,31.2,24.390243902439025,0.043503559708918345,73.38129496402878,3.2700000000000005,31.450719822812843,98.00664451827242,71.31782945736434,50.94130675526024,48.06201550387597,59.95570321151716,28.111111111111107,28.124123292727944
6274,台燿,印刷電路板,1255.0,8632518849.0,True,97.11171662125341,7.0437196391394865,107.72,2026-06-01,False,15.384615384615385,-20.569620253164558,0.024342729183123774,66.05263157894737,-3.673333333333332,14.451827242524917,14.06423034330011,64.11960132890366,30.454042081949055,26.02436323366556,29.82281284606866,91.66666666666666,55.62707641196013
2449,京元電子,半導體,276.0,8620208088.0,True,97.16621253405995,6.766134628730049,28.64,2026-06-01,False,11.200000000000001,-10.38961038961039,-0.055426098766169045,77.96610169491525,-4.630000000000003,10.188261351052049,34.10852713178294,17.05426356589147,61.79401993355482,24.14174972314507,29.45736434108527,56.99999999999999,48.71843853820598
3443,創意,半導體,4050.0,8592370809.0,True,96.51226158038148,8.917418459403192,103.72,2026-06-01,False,16.8,-8.3710407239819,-0.010105844042317019,70.68062827225131,-27.180000000000007,16.389811738648948,39.8671096345515,40.64230343300111,43.078626799557036,6.976744186046512,29.390919158361022,91.0,52.65033222591362
3026,禾伸堂,電子零組件,585.0,8329694222.2,True,97.71117166212534,4.094378903539209,33.9,2026-06-01,False,4.545454545454546,-19.753086419753085,0.053540346981362966,58.2089552238806,8.446666666666665,2.934662236987818,15.282392026578073,75.1937984496124,12.513842746400886,64.6733111849391,34.11960132890365,64.11111111111111,41.069306016980434
3661,世芯-KY,半導體,3460.0,8104584450.75,True,60.817438692098094,49.8265093684941,15.39,2026-06-01,False,73.6,-10.594315245478036,-0.062026211812251625,64.37209302325581,32.18000000000001,72.97895902547066,33.33333333333333,15.614617940199334,25.47065337763012,91.58361018826136,47.79623477297896,39.22222222222223,51.084625322997425
2313,華通,印刷電路板,199.5,8012355428.625,True,94.00544959128065,14.50381679389313,20.96,2026-06-01,False,28.205128205128204,-10.337078651685392,-0.027569329158726133,66.83417085427136,10.586666666666668,28.460686600221486,34.33001107419712,28.792912513842744,32.55813953488372,69.43521594684385,38.71539313399778,47.77777777777778,43.61664820967147
8150,南茂,半導體,89.9,7853521903.495,True,88.11989100817439,22.553782095766827,37.23,2026-06-01,False,36.8,-7.794871794871789,-0.014305998056663645,73.38775510204081,8.169999999999998,36.10188261351052,41.86046511627907,37.32004429678849,51.05204872646733,64.00885935769656,46.0686600221484,67.22222222222223,53.12892211148026
3105,穩懋,半導體,355.0,7196515657.725,True,77.66624843161857,35.73907009021513,29.55,2026-06-01,False,55.2,-16.27358490566038,-0.0016200222977312483,57.53646677471637,-10.029999999999998,54.59579180509413,21.816168327796234,46.84385382059801,11.517165005537098,16.168327796234774,30.188261351052045,57.88888888888889,50.546419342930974
2382,廣達,電腦及週邊,322.0,7079524564.4,True,64.08719346049047,47.397640527411525,102.87,2026-06-01,False,57.89473684210527,-11.049723756906078,0.023548169842312103,77.21822541966426,-3.11666666666666,57.032115171650055,32.668881506090806,63.565891472868216,59.579180509413064,28.68217054263566,48.30564784053156,90.77777777777779,68.68004798818754
2345,智邦,通信網路,2240.0,6983074864.75,True,94.98637602179836,12.421929215822345,61.16,2026-06-01,False,19.565217391304348,-5.88235294117647,-0.025437714115182704,81.45454545454545,3.9566666666666706,19.047619047619047,47.840531561461795,29.900332225913623,71.09634551495017,50.60908084163898,43.69878183831672,81.22222222222221,55.88141380583241
6239,力成,半導體,279.0,6902490938.55,True,96.18528610354224,9.680777238029146,21.71,2026-06-01,False,18.4,-11.146496815286625,-0.006095881891582053,73.61477572559367,-6.433333333333334,18.05094130675526,32.33665559246955,44.29678848283499,52.159468438538205,19.712070874861574,33.311184939091916,48.77777777777778,46.66288298265042
3374,精材,半導體,345.0,6745801458.975,True,92.16166564605021,16.793893129770993,61.01,2026-06-01,False,28.000000000000004,23.43470483005367,-0.004738617197964035,82.53588516746412,17.686666666666667,28.07308970099668,97.45293466223698,45.29346622369878,73.97563676633445,81.28460686600222,65.21594684385381,81.0,46.39894795127353
6147,頎邦,半導體,155.0,6214758811.875,True,96.73024523160763,8.570437196391396,27.06,2026-06-01,False,15.2,-28.406466512702078,0.02563095024634496,50.736497545008184,3.6233333333333313,13.953488372093023,3.6544850498338874,64.89479512735326,4.761904761904762,49.83388704318937,27.419712070874862,55.44444444444444,42.626338132152085
2360,致茂,電子設備,2100.0,5725007816.5,True,96.78474114441417,8.396946564885496,73.02,2026-06-01,False,12.676056338028168,3.194103194103194,-0.015284532310352605,80.0,-38.646666666666675,11.738648947951273,76.85492801771872,36.76633444075305,67.27574750830566,4.87264673311185,39.50166112956811,85.55555555555556,46.92875599852344
3665,貿聯-KY,電子零組件,2150.0,5679329763.75,True,97.54768392370572,4.961832061068702,63.79,2026-06-01,False,9.090909090909092,15.902964959568733,0.04557212318104474,73.12925170068027,22.563333333333333,7.530454042081949,95.5703211517165,72.53599114064231,50.16611295681063,86.37873754152824,62.436323366555925,82.11111111111111,36.0593392395718
6223,旺矽,半導體,5720.0,5533211643.25,True,97.3841961852861,5.586398334489938,65.07,2026-06-01,False,9.6,-12.0,-0.009709434516911674,77.50677506775068,6.576666666666661,8.305647840531561,29.568106312292358,40.753045404208194,60.46511627906976,60.68660022148394,39.95570321151716,82.77777777777777,55.49510889627169
2368,金像電,印刷電路板,895.0,5505556867.25,True,89.27294398092968,21.44344205412908,78.22,2026-06-01,False,46.15384615384615,-24.789915966386555,-0.010262749702598859,59.86622073578596,3.576666666666668,45.071982281284605,7.198228128460686,40.420819490586936,14.950166112956811,49.501661129568106,31.428571428571427,87.0,59.95598006644518
3042,晶技,電子零組件,158.5,5282625144.45,True,96.94822888283379,7.702984038861901,19.98,2026-06-01,False,16.083916083916083,-17.875647668393782,-0.022970358432502436,63.65461847389559,9.346666666666668,15.39313399778516,17.829457364341085,31.118493909191585,23.477297895902545,66.44518272425249,30.85271317829457,46.44444444444444,41.87135474344777
1326,台化,石化,65.0,5246658061.66,True,93.72958850424558,14.850798056904926,11.59,2026-06-01,False,12.5,19.926199261992615,-0.01684644899736282,90.6555090655509,-6.833333333333332,11.517165005537098,96.78848283499445,35.76965669988926,89.03654485049833,19.324473975636767,50.48726467331118,33.33333333333333,34.27464008859357
5347,世界,半導體,157.0,5068608104.75,True,97.05722070844686,7.286606523247745,33.57,2026-06-01,False,12.8,-22.277227722772277,-0.05064824283634848,71.36363636363636,12.693333333333332,11.84939091915836,10.409745293466225,19.047619047619047,45.40420819490587,73.64341085271317,32.070874861572534,63.66666666666667,52.62763012181617
8039,台虹,印刷電路板,216.0,4989019996.975,True,99.78201634877384,0.4510756419153366,-6.57,2026-06-01,False,2.564102564102564,57.09090909090909,0.0274294959291032,84.375,-4.130000000000001,1.4396456256921373,99.77851605758582,66.00221483942414,76.85492801771872,25.027685492801773,53.82059800664452,9.88888888888889,22.10123661867848
5274,信驊,半導體,14695.0,4901226222.25,True,93.73297002724796,14.781401804302568,67.47,2026-06-01,False,25.6,-5.891770733269293,-0.030356888317397267,76.23865110246433,-5.1299999999999955,25.802879291251386,47.729789590254704,27.242524916943523,57.80730897009967,23.089700996677742,36.3344407530454,83.77777777777777,54.91454411221853
2059,川湖,金屬製品,8275.0,4773077084.25,True,99.83651226158038,0.24288688410825815,220.52,2026-06-01,False,14.285714285714285,18.38340486409156,-9.328637554588092e-05,95.60947429231658,63.28333333333333,13.178294573643413,96.67774086378738,48.17275747508305,95.79180509413068,96.3455149501661,70.03322259136212,96.44444444444444,52.18420081210779
3081,聯亞,半導體,1805.0,4713229860.0,True,84.77226376614549,27.342123525329633,128.14,2026-06-01,False,42.4,-11.302211302211303,-0.0710955050623806,57.120253164556964,7.35333333333331,41.306755260243634,31.67220376522702,12.956810631229235,10.852713178294573,62.45847176079734,31.84939091915836,93.33333333333333,53.455149501661126
6139,亞翔,電子設備,762.0,4526004294.1,True,77.00272479564033,36.22484385843164,49.7,2026-06-01,False,50.70422535211267,-13.211845102505695,-0.11266085776597724,79.79057591623037,-24.816666666666663,50.16611295681063,26.799557032115175,6.64451827242525,66.66666666666666,7.862679955703211,31.627906976744185,75.22222222222223,66.31386120339609
8358,金居,印刷電路板,371.0,4415916219.2,True,93.13351498637601,15.7529493407356,43.37,2026-06-01,False,35.8974358974359,-34.91228070175438,-0.053733805585217675,53.0,3.18333333333333,35.326688815060905,1.550387596899225,17.60797342192691,6.533776301218161,47.39756367663344,21.683277962347727,71.11111111111111,52.85529715762274
5289,宜鼎,半導體,1330.0,4278977249.75,True,63.869209809264305,47.6058292852186,696.31,2026-06-01,False,69.6,-17.133956386292834,-0.03191257398012824,66.83417085427136,56.23666666666668,69.76744186046511,19.379844961240313,26.46733111849391,32.55813953488372,96.23477297895903,48.88150609080842,99.22222222222223,70.54198966408268
7769,鴻勁,電子設備,6110.0,4216660611.75,True,55.06329113924051,53.57390700902152,106.54,2026-06-01,False,73.23943661971832,-6.0,-0.01666695999577606,73.97094430992736,5.8700000000000045,72.64673311184939,46.95459579180509,35.991140642303435,53.156146179402,57.696566998892585,53.289036544850504,91.22222222222223,67.51762643041712
6505,台塑化,輕油裂解,77.9,4206982638.96,True,45.359019264448335,61.27689104788342,18.46,2026-06-01,False,61.25617501764291,45.607476635514026,0.09535519300926676,83.58369098712447,-7.656666666666663,60.68660022148394,99.66777408637874,85.27131782945736,75.74750830564784,18.383167220376524,67.95127353266889,44.333333333333336,45.27491694352159
6446,藥華藥,藥,1195.0,4200669788.25,True,61.38059701492538,49.47952810548231,94.88,2026-06-01,False,28.888888888888886,3.463203463203463,-0.03350895681618345,78.10457516339869,4.313333333333333,29.2358803986711,77.74086378737542,25.692137320044296,62.23698781838317,52.38095238095239,49.457364341085274,89.77777777777777,50.877445551864156
2301,光寶科,電子零組件,212.0,4119099442.225,True,97.60217983651226,4.441360166551006,36.98,2026-06-01,False,6.643356643356643,5.2109181141439205,0.044866871138083596,84.8,6.629999999999999,5.038759689922481,81.72757475083057,72.20376522702104,77.74086378737542,60.797342192691026,59.501661129568106,66.88888888888889,41.98523440383906
2379,瑞昱,半導體,762.0,4112810521.35,True,89.20980926430518,21.512838306731435,20.6,2026-06-01,False,34.4,2.9729729729729732,-0.0142498983797184,84.66666666666667,2.6833333333333336,34.33001107419712,76.30121816168328,37.43078626799557,77.51937984496125,45.625692137320044,54.24141749723144,47.333333333333336,45.72037652270211
2634,漢翔,機車船製造,61.8,4043414822.0149994,True,92.42506811989101,16.30811936155448,7.23,2026-06-01,False,8.333333333333332,25.609756097560965,0.01415162869954695,86.43356643356643,-5.553333333333331,6.256921373200443,98.2281284606866,57.80730897009967,81.17386489479512,22.03765227021041,53.10077519379845,27.555555555555557,29.189553340716127
2881,富邦金,金融控股,130.0,3932714848.5,True,88.50136239782016,22.033310201249133,155.03,2026-05-01,False,46.15384615384615,-2.9850746268656714,0.08799117102336086,93.86281588447653,-16.25,45.071982281284605,59.02547065337763,83.2779623477298,94.13067552602436,11.627906976744185,58.62679955703211,94.77777777777779,68.73874123292728
3653,健策,電子零組件,3525.0,3891990884.5,True,96.34877384196186,9.195003469812631,57.64,2026-06-01,False,17.482517482517483,3.524229074889868,0.02538839327150003,64.73829201101928,16.869999999999997,16.832779623477297,78.18383167220377,64.6733111849391,26.688815060908084,80.28792912513842,53.333333333333336,79.33333333333333,36.167774086378735
3532,台勝科,半導體,379.5,3880431100.8,True,98.85558583106267,1.8736988202637055,23.71,2026-06-01,False,1.6,12.946428571428573,0.014339045905173648,72.56214149139579,2.986666666666668,0.6644518272425249,93.57696566998892,57.91805094130675,48.17275747508305,46.84385382059801,49.435215946843854,50.66666666666667,26.48172757475083
4979,華星光,通信網路,448.5,3832070234.95,True,89.9888765294772,20.194309507286608,27.68,2026-06-01,False,30.434782608695656,-2.287581699346405,-0.0026886259447324594,62.46518105849582,8.850000000000001,30.34330011074197,61.01882613510521,46.51162790697674,20.59800664451827,65.22702104097453,44.73975636766335,56.00000000000001,36.480620155038764
2484,希華,電子零組件,73.1,3785456435.3550005,True,99.1825613079019,1.35322692574601,-1.4,2026-06-01,False,0.6993006993006993,-4.8177083333333375,-0.008481617864417203,75.82987551867218,-2.5166666666666666,0.11074197120708748,51.71650055370986,41.52823920265781,56.58914728682171,30.121816168327797,36.013289036544855,15.222222222222223,30.051402731635292
2472,立隆電,電子零組件,260.5,3596925954.55,True,97.60217983651226,4.441360166551006,36.2,2026-06-01,False,6.643356643356643,-30.71808510638298,0.0216432118357628,57.44211686879823,9.306666666666668,5.038759689922481,2.768549280177187,62.347729789590254,11.295681063122924,66.33444075304541,29.557032115171648,66.0,44.89147286821706
2891,中信金,金融控股,63.0,3568293823.565,True,94.11444141689374,14.260929909784872,-17.9,2026-06-01,False,38.46153846153847,-10.384068278805117,0.07056045877183607,87.01657458563535,-499.2299999999999,37.37541528239203,34.21926910299003,80.39867109634552,82.72425249169434,1.2181616832779625,47.18715393133998,4.333333333333334,47.553433001107415
2357,華碩,電腦及週邊,760.0,3507947330.9,True,54.93188010899183,53.92088827203331,55.63,2026-06-01,False,71.9298245614035,8.416547788873038,0.20526406932184843,81.63265306122449,18.75,71.76079734219269,88.15060908084163,96.3455149501661,71.98228128460687,82.39202657807309,82.12624584717608,78.88888888888889,58.6203396087117
2882,國泰金,金融控股,98.5,3503620508.175,True,81.63487738419619,31.36710617626648,-42.04,2026-06-01,False,76.92307692307693,-7.0754716981132075,0.14005632804576562,85.28138528138528,-122.87666666666667,76.19047619047619,43.90919158361019,90.58693244739756,78.7375415282392,1.7718715393133997,58.23920265780731,2.0,53.25470653377631
5371,中光電,光電及I/O,80.6,3457238813.0200005,True,98.96457765667574,1.5961138098542678,-11.35,2026-06-01,False,3.076923076923077,12.100139082058398,-0.011209069554527426,61.52671755725191,-15.18,2.104097452934662,92.24806201550388,39.756367663344406,18.93687707641196,12.070874861572536,33.02325581395349,6.388888888888888,8.79545035068291
6271,同欣電,半導體,183.5,3404991250.15,True,80.21798365122615,33.03261623872311,10.56,2026-06-01,False,50.4,-28.03921568627451,-0.01013395527578012,63.82608695652174,4.19,50.055370985603545,3.875968992248062,40.53156146179402,24.031007751937985,51.60575858250277,34.01993355481728,31.88888888888889,50.52482465854559
2492,華新科,電子零組件,272.0,3294691861.475,True,97.32970027247957,5.794587092297016,25.84,2026-06-01,False,13.286713286713287,-49.629629629629626,0.011842683128988268,44.08427876823339,6.386666666666667,12.29235880398671,0.33222591362126247,56.58914728682171,1.7718715393133997,59.800664451827245,26.157253599114064,52.83333333333333,41.64133444075304
6442,光聖,通信網路,1330.0,3183040338.5,True,63.484945547725815,47.883414295628036,1.65,2026-06-01,False,60.86956521739131,-20.833333333333336,-0.017797986658488918,56.118143459915615,-32.17,60.35437430786268,13.565891472868216,34.772978959025465,9.30232558139535,5.647840531561462,24.728682170542633,18.666666666666668,43.68936877076412
2404,漢唐,電子設備,1115.0,3178632345.0,True,90.40871934604905,19.53504510756419,50.9,2026-06-01,False,33.80281690140845,-16.791044776119403,-0.015127154086343091,80.50541516245488,-28.48000000000001,34.10852713178294,20.26578073089701,36.87707641196013,68.43853820598007,6.755260243632337,33.289036544850504,76.55555555555556,64.70921004060538
6515,穎崴,半導體,6395.0,3168402454.0,True,93.188622754491,15.614156835530881,287.9,2026-06-01,False,26.400000000000002,-21.916971916971917,-0.05658638346561654,59.24038906901343,135.16666666666666,26.578073089701,11.517165005537098,16.832779623477297,14.174972314507198,98.33887043189368,33.48837209302326,97.44444444444444,56.67008121077888
3260,威剛,半導體,402.0,3118019435.875,True,8.841099163679809,87.92505204718945,212.06,2026-06-01,False,95.19999999999999,1.1320754716981132,0.00537256029751322,76.57142857142857,14.72333333333333,95.12735326688815,70.98560354374308,52.38095238095239,58.3610188261351,77.29789590254707,70.83056478405315,96.22222222222221,69.68124769287559
8033,雷虎,無人載具,186.0,3060258717.1,True,66.1567877629063,45.87092297015961,19.63,2026-06-01,False,45.942131263232184,32.38434163701068,0.05793344079315065,69.01669758812616,14.129999999999999,44.85049833887043,99.00332225913621,76.9656699889258,38.095238095238095,75.74750830564784,66.93244739756366,46.0,32.48560354374308
2412,中華電,通信網路,140.5,3044376850.8,True,97.05722070844686,7.286606523247745,11.4,2026-06-01,False,5.434782608695652,-1.7482517482517483,0.05150765002147844,95.90443686006826,3.2666666666666675,3.9867109634551494,62.901439645625686,74.4186046511628,96.01328903654485,47.95127353266888,57.054263565891475,33.111111111111114,42.55241786637136
6531,愛普*,半導體,773.0,2936077372.5,True,78.85821831869511,34.90631505898681,59.48,2026-06-01,False,54.400000000000006,-21.91919191919192,0.01867353598747176,64.95798319327731,-21.086666666666666,53.70985603543743,11.406423034330011,60.68660022148394,27.131782945736433,9.191583610188262,32.42524916943522,80.44444444444444,62.469915097822074
3211,順達,電子零組件,374.0,2910034421.725,True,93.02452316076294,15.82234559333796,20.63,2026-06-01,False,28.671328671328673,-4.102564102564102,-0.02964644547747288,79.74413646055437,11.156666666666666,28.903654485049834,54.37430786267996,27.464008859357698,66.55592469545958,70.32115171650055,49.52380952380952,47.44444444444444,47.13242894056848
3034,聯詠,半導體,518.0,2890735587.55,True,94.3324250681199,13.671061762664817,18.96,2026-06-01,False,24.0,1.768172888015717,0.14682498938583696,91.35802469135803,9.136666666666668,23.864894795127352,72.86821705426357,91.47286821705426,90.58693244739756,65.55924695459579,68.87043189368771,45.111111111111114,46.67368032484311
1802,台玻,玻璃陶瓷,52.5,2863448470.945,True,89.36416184971098,21.235253296322,27.0,2026-06-01,False,16.666666666666664,-20.454545454545457,-0.0399471073973205,68.5378590078329,9.943333333333332,15.946843853820598,14.61794019933555,22.702104097452935,36.98781838316722,67.88482834994463,31.627906976744185,55.222222222222214,48.38473606496862
8261,富鼎,半導體,216.5,2791803551.45,True,96.8392370572207,8.327550312283137,16.09,2026-06-01,False,14.399999999999999,-11.270491803278688,0.018560190879223244,61.50568181818182,8.59,13.399778516057587,31.893687707641195,60.57585825027686,18.826135105204873,65.00553709856035,37.94019933554817,41.11111111111111,35.3608342561831
2377,微星,電腦及週邊,146.5,2754755522.175,True,47.084468664850135,60.02775850104094,-9.23,2026-06-01,False,80.7017543859649,11.406844106463879,0.14580412061914838,94.51612903225806,9.176666666666666,81.06312292358804,91.80509413067553,91.25138427464009,94.79512735326688,65.78073089700996,84.93909191583609,8.222222222222223,48.068844592100405
2887,台新新光金,金融控股,34.95,2719577827.3325,True,87.57493188010899,23.490631505898683,329.5,2026-06-01,False,53.84615384615385,9.561128526645781,0.11202961897105272,94.84396200814112,-110.59999999999997,52.99003322259136,90.14396456256921,87.48615725359912,95.34883720930233,1.9933554817275747,65.59246954595793,98.0,64.04872646733112
5351,鈺創,半導體,83.6,2657667929.4800005,True,73.05263157894737,39.76405274115198,657.48,2026-06-01,False,61.6,-4.238258877434139,-0.013589271550236499,80.0,97.47333333333336,61.35105204872646,53.48837209302325,38.205980066445186,67.27574750830566,97.56367663344408,63.57696566998892,99.11111111111111,68.56238464377999
3167,大量,電子設備,595.0,2618636857.65,True,79.30424528301887,34.420541290770295,139.66,2026-06-01,False,49.29577464788733,-22.22222222222222,-0.0034535566046601045,62.56572029442692,14.940000000000012,47.95127353266888,10.741971207087486,46.06866002214839,21.040974529346624,77.63012181616833,40.68660022148394,93.77777777777779,63.00701365817645
2356,英業達,電腦及週邊,63.8,2568822363.3499994,True,77.65667574931881,35.80846634281748,61.62,2026-06-01,False,40.35087719298245,0.7898894154818327,0.019719869197678937,74.70725995316158,17.13666666666667,39.53488372093023,69.8781838316722,61.461794019933556,54.37430786267996,80.62015503875969,61.17386489479513,81.44444444444444,51.36886304909561
3450,聯鈞,通信網路,438.0,2538421859.95,True,82.58590564938847,30.326162387231086,88.18,2026-06-01,False,36.95652173913043,-17.358490566037734,-0.035046046110736126,71.56862745098039,26.98333333333334,36.32336655592469,19.158361018826135,24.8062015503876,45.84717607973422,89.3687707641196,43.10077519379845,88.88888888888889,62.975267626430416
2481,強茂,電子零組件,137.0,2500556301.425,True,97.6470588235294,4.302567661346287,27.37,2026-06-01,False,5.594405594405594,-21.714285714285715,-0.04216668936796171,60.21978021978022,10.773333333333333,4.097452934662237,11.738648947951273,21.816168327796234,15.39313399778516,69.9889258028793,24.606866002214836,55.666666666666664,40.854651162790695
3006,晶豪科,半導體,212.0,2453828265.325,True,73.48242811501598,39.41707147814018,328.35,2026-06-01,False,60.8,-6.607929515418502,0.00985721553504271,79.25233644859813,3.5600000000000023,60.13289036544851,45.29346622369878,55.03875968992248,65.4485049833887,49.390919158361015,55.060908084163906,97.77777777777777,69.51642672572905
8028,昇陽半導體,半導體,311.0,2437946883.2,True,91.60762942779292,17.557251908396946,33.62,2026-06-01,False,30.4,8.93169877408056,0.06478411736304403,87.23702664796635,-3.3133333333333397,30.23255813953488,89.14728682170544,78.95902547065337,83.72093023255815,27.57475083056478,61.92691029900332,63.77777777777778,47.14599483204134
2603,長榮,海運,203.5,2406610077.3,True,65.2930934416715,46.56488549618321,30.01,2026-06-01,False,27.27272727272727,12.430939226519337,0.23256965771464053,85.86497890295358,8.033333333333331,27.51937984496124,92.80177187153932,97.89590254706533,79.734219269103,63.67663344407531,72.32558139534885,59.44444444444444,43.474067921742346
6187,萬潤,電子設備,1035.0,2378925348.55,True,86.10354223433242,25.468424705065928,87.06,2026-06-01,False,46.478873239436616,-3.7209302325581395,-0.007823403234904195,74.46043165467626,34.73666666666667,45.51495016611295,56.367663344407525,42.524916943521596,53.820598006644516,92.02657807308971,58.05094130675526,88.66666666666667,57.90863787375415
2375,凱美,電子零組件,131.0,2365711557.125,True,94.22343324250681,13.879250520471894,18.39,2026-06-01,False,25.174825174825177,-33.67088607594937,0.020239422987756543,56.344086021505376,11.676666666666666,25.581395348837212,1.9933554817275747,61.683277962347724,9.634551495016613,71.59468438538205,34.097452934662236,44.111111111111114,44.33342561830934
3491,昇達科,通信網路,1155.0,2305761697.25,True,93.23882224645584,15.544760582928522,89.38,2026-06-01,False,26.08695652173913,-13.805970149253731,-0.02662927842134553,52.5,12.510000000000005,26.135105204872644,25.581395348837212,29.12513842746401,6.2015503875969,73.20044296788483,32.04872646733112,89.22222222222223,48.99437061646364
5328,華容,電子零組件,67.2,2266388410.2500005,True,92.74509803921569,16.13462873004858,63.54,2026-06-01,False,29.37062937062937,-4.273504273504273,-0.012404509786433177,81.55339805825243,30.199999999999996,29.457364341085274,53.37763012181617,38.9811738648948,71.53931339977852,90.69767441860465,56.81063122923589,82.0,57.404761904761905
6285,啟碁,通信網路,249.5,2247516742.725,True,96.94822888283379,7.702984038861901,84.37,2026-06-01,False,8.695652173913043,5.720338983050848,-0.015924097052825176,78.21316614420063,39.42333333333334,6.64451827242525,82.83499446290143,36.434108527131784,62.56921373200443,93.24473975636766,56.34551495016611,88.1111111111111,43.62246216315984
4991,環宇-KY,半導體,433.5,2199622554.55,True,79.91266375545851,33.37959750173491,55.06,2026-06-01,False,52.0,-14.497041420118343,-0.007194294134425881,49.82758620689655,-4.056666666666665,51.55038759689923,24.473975636766333,43.18936877076412,4.4296788482834994,25.47065337763012,29.82281284606866,78.66666666666666,52.54318936877076
2618,長榮航,空運,41.95,2188048260.865,True,21.53744201457919,78.00138792505204,26.58,2026-06-01,False,77.91107974594213,-4.223744292237431,0.2932888425902716,93.42984409799556,4.053333333333331,77.51937984496125,53.59911406423035,99.44629014396456,93.35548172757476,51.05204872646733,74.99446290143965,53.77777777777778,67.76338132152085
2455,全新,半導體,326.5,2184009208.325,True,94.38692098092642,13.566967383761277,23.55,2026-06-01,False,23.200000000000003,-6.17816091954023,-0.01686376456055553,73.53603603603604,-12.38666666666666,23.477297895902545,46.51162790697674,35.65891472868217,51.60575858250277,13.953488372093023,34.24141749723145,50.55555555555556,44.78174603174603
2486,一詮,電子零組件,227.5,2171310618.7,True,72.9235880398671,39.90284524635669,35.04,2026-06-01,False,62.23776223776224,1.1111111111111112,-0.012646364524180798,74.1042345276873,5.850000000000001,61.57253599114064,70.87486157253599,38.87043189368771,53.37763012181617,57.58582502768549,56.456256921373196,65.0,52.26882613510521
3163,波若威,通信網路,743.0,2150953521.95,True,89.75476839237058,20.610687022900763,-11.53,2026-06-01,False,32.608695652173914,3.194444444444444,0.020334488803539788,57.374517374517374,-23.176666666666666,32.89036544850498,76.9656699889258,61.79401993355482,11.074197120708748,8.305647840531561,38.20598006644518,6.111111111111111,18.27750092284976
6173,信昌電,電子零組件,181.0,2144071320.025,True,97.76566757493188,3.8861901457321304,29.08,2026-06-01,False,3.4965034965034967,-34.42028985507246,-0.0004334836346622468,51.64051355206848,4.056666666666668,2.3255813953488373,1.8826135105204873,47.61904761904761,5.537098560354374,51.162790697674424,21.705426356589147,57.55555555555556,40.88390550018457
3324,雙鴻,電子零組件,930.0,2087784047.0,True,61.198910081743875,49.68771686328938,62.13,2026-06-01,False,72.02797202797203,-4.123711340206185,-0.019967593872508814,72.65625,-3.463333333333331,71.98228128460687,54.263565891472865,33.5548172757475,48.6157253599114,27.02104097452935,47.08748615725359,81.66666666666667,62.000276854928025
3045,台灣大,通信網路,113.5,2071063178.975,True,20.326975476839237,79.2852185981957,6.57,2026-06-01,False,84.78260869565217,-4.219409282700422,0.19572303204312488,94.1908713692946,2.4833333333333334,85.60354374307863,53.70985603543743,95.79180509413068,94.35215946843853,44.85049833887043,74.86157253599114,26.055555555555554,63.07535068290882
2395,研華,電腦及週邊,577.0,2053906065.95,True,99.78201634877384,0.4510756419153366,73.39,2026-06-01,False,2.631578947368421,26.67398463227223,0.04449653451314919,96.16666666666667,26.68999999999999,1.6057585825027685,98.56035437430786,71.98228128460687,96.3455149501661,88.92580287929125,71.48394241417498,85.77777777777777,46.292174234034704
6257,矽格,半導體,215.5,2051039988.5,True,97.87465940054496,3.678001387925052,21.0,2026-06-01,False,6.4,-3.7946428571428568,-0.017550493800459487,78.93772893772893,-2.083333333333332,4.87264673311185,55.924695459579176,34.99446290143965,64.11960132890366,31.007751937984494,38.183831672203766,47.888888888888886,40.239110372831306
2885,元大金,金融控股,64.7,2046186578.83,True,97.9291553133515,3.4698126301179735,,2026-06-01,False,15.384615384615385,-2.413273001508287,0.02603099633345048,90.4895104895105,487.2633333333334,14.451827242524917,60.57585825027686,65.00553709856035,88.4828349944629,99.33554817275747,65.5703211517165,,47.45293466223699
2376,技嘉,電腦及週邊,349.5,2028395850.75,True,48.88283378746594,59.264399722414986,68.55,2026-06-01,False,78.94736842105263,9.389671361502346,-0.011362673828252888,87.59398496240601,19.486666666666665,78.46068660022148,89.81173864894795,39.53488372093023,84.49612403100775,83.2779623477298,75.11627906976744,84.11111111111111,64.3140457733481
1815,富喬,印刷電路板,75.2,2028064827.725,True,54.932502596054,53.85149201943095,46.36,2026-06-01,False,87.17948717948718,-22.233712512926576,-0.005285462886726786,59.21259842519685,-3.4466666666666725,87.70764119601328,10.520487264673312,44.96124031007752,14.06423034330011,27.131782945736433,36.87707641196013,73.22222222222223,66.11840162421558
8996,高力,其他電製品,995.0,2015599632.1,True,83.10626702997274,29.875086745315755,37.56,2026-06-01,False,50.0,-27.37226277372263,-0.04274912930101815,62.57861635220125,-16.979999999999997,49.16943521594684,4.4296788482834994,21.483942414174972,21.15171650055371,11.074197120708748,21.461794019933556,67.44444444444444,58.33397932816537
2890,永豐金,金融控股,39.6,1928090684.6925004,True,98.9100817438692,1.7349063150589867,50.94,2026-06-01,False,7.6923076923076925,1.149425287356329,0.14793770845396464,94.51073985680192,-22.723333333333343,5.813953488372093,71.20708748615725,91.58361018826136,94.6843853820598,8.527131782945736,54.36323366555924,76.66666666666667,51.48947951273533
8043,蜜望實,電子通路,143.0,1918500127.325,True,73.25227963525836,39.62526023594726,48.37,2026-06-01,False,55.10204081632652,-22.493224932249323,-0.004620092594942879,63.13465783664459,3.4566666666666634,54.48504983388705,10.077519379844961,45.51495016611295,22.148394241417495,49.16943521594684,36.27906976744186,74.83333333333333,60.34731450719822
1785,光洋科,資源回收,107.0,1892245147.6,True,49.59128065395095,58.848022206800835,70.84,2026-06-01,False,52.38095238095239,-21.897810218978105,0.014768937223680965,57.83783783783784,-0.9566666666666634,51.93798449612403,11.627906976744185,58.3610188261351,12.181616832779623,33.665559246954594,33.5548172757475,85.0,59.37292358803987
2883,凱基金,金融控股,30.7,1868815432.975,True,94.55040871934605,13.046495489243581,,2026-06-01,False,30.76923076923077,2.6755852842809387,0.2156052579165829,99.51377633711506,-55.833333333333314,30.952380952380953,75.74750830564784,97.00996677740864,98.89258028792912,3.9867109634551494,61.31782945736434,,51.365817644887414
8021,尖點,印刷電路板,390.5,1825823589.4,True,94.8297604035309,12.699514226231784,90.11,2026-06-01,False,23.076923076923077,-27.009345794392527,0.010942327722725442,67.21170395869191,10.25,23.25581395348837,5.094130675526024,55.70321151716501,33.5548172757475,68.43853820598007,37.20930232558139,89.33333333333333,60.262458471760795
6415,矽力*-KY,半導體,449.0,1823498421.1,True,55.96730245231608,52.94934073560028,37.77,2026-06-01,False,76.8,-21.503496503496503,-0.023166244675356062,66.71619613670133,5.270000000000003,75.96899224806202,12.181616832779623,30.67552602436323,31.782945736434108,54.81727574750831,41.08527131782946,67.77777777777779,65.83702473237356
3264,欣銓,半導體,206.0,1815449257.075,True,94.16893732970027,14.122137404580155,36.56,2026-06-01,False,24.8,-3.9627039627039626,0.004729107736704075,80.1556420233463,4.123333333333335,24.363233665559246,54.928017718715395,51.71650055370986,67.55260243632335,51.38427464008859,49.98892580287929,66.66666666666666,50.91362126245846
2645,長榮航太,機車船製造,194.0,1797424578.675,True,84.96332518337408,26.78695350451076,13.01,2026-06-01,False,33.33333333333333,13.78299120234604,0.0421225504066716,77.13717693836978,1.2100000000000009,33.5548172757475,94.46290143964563,70.7641196013289,59.46843853820598,39.64562569213732,59.57918050941307,35.44444444444444,33.50119970468808
3036,文曄,電子通路,203.5,1789037320.2,True,64.25068119891009,47.18945176960444,188.09,2026-06-01,False,65.3061224489796,-5.56844547563805,-0.08765521110208851,67.49585406301824,48.26333333333332,65.22702104097453,49.16943521594684,10.741971207087486,34.21926910299003,94.90586932447398,50.85271317829457,95.55555555555556,61.45810262089332
3533,嘉澤,電子零組件,1955.0,1787022196.5,True,90.84468664850137,18.702290076335878,17.26,2026-06-01,False,33.56643356643357,-7.1258907363420425,-0.06329029558004501,68.59649122807018,3.4433333333333334,33.99778516057586,43.63233665559247,14.839424141749724,37.098560354374314,48.94795127353267,35.703211517165,43.111111111111114,42.643779992617205
8069,元太,光電及I/O,184.5,1771069018.725,True,36.51226158038147,67.03678001387925,-0.62,2026-06-01,False,75.38461538461539,-5.384615384615385,-0.024890365183433995,67.95580110497238,3.4466666666666663,75.08305647840533,49.944629014396455,30.121816168327797,35.437430786267996,49.05869324473976,47.929125138427466,16.5,44.26896456256922
3529,力旺,半導體,2430.0,1764739300.75,True,48.93732970027248,59.19500346981263,47.05,2026-06-01,False,81.6,-16.923076923076923,-0.01895221007535382,51.64718384697131,23.043333333333333,82.05980066445183,20.044296788482836,34.21926910299003,5.647840531561462,86.82170542635659,45.75858250276855,73.77777777777777,60.36028054632705
3706,神達,電腦及週邊,91.2,1762463243.9899998,True,72.09809264305177,40.73560027758501,80.93,2026-06-01,False,49.122807017543856,9.221556886227548,0.04746495100617151,85.23364485981308,26.89666666666667,47.729789590254704,89.70099667774086,73.31118493909192,78.40531561461795,89.03654485049833,75.63676633444075,87.83333333333333,56.06686046511628
2884,玉山金,金融控股,36.4,1747750410.6650002,True,28.337874659400548,72.38029146426092,25.3,2026-06-01,False,100.0,5.354558610709121,0.23251815810034573,98.51150202976994,-7.326666666666664,98.67109634551495,82.281284606866,97.78516057585826,98.00664451827242,18.826135105204873,79.1140642303433,52.22222222222223,66.6546696197859
4904,遠傳,通信網路,107.5,1736988707.655,True,85.2316076294278,26.231783483691878,15.9,2026-06-01,False,34.78260869565217,0.46728971962616817,0.09118667536213018,95.55555555555556,2.243333333333334,34.55149501661129,68.43853820598007,84.1638981173865,95.68106312292359,43.96456256921373,65.35991140642304,40.11111111111111,50.47628276116647
2886,兆豐金,金融控股,49.4,1719699635.06,True,84.35967302452316,27.86259541984733,1.53,2026-06-01,False,69.23076923076923,7.042253521126761,0.15688068285088366,100.0,-28.51,69.10299003322258,86.15725359911407,93.13399778516057,99.55703211517165,6.64451827242525,70.91915836101883,18.555555555555557,50.26458102620893
2324,仁寶,電腦及週邊,37.15,1705476807.5600002,True,99.1825613079019,1.35322692574601,58.38,2026-06-01,False,7.017543859649122,6.752873563218395,0.05517165067192809,78.95855472901168,26.313333333333333,5.426356589147287,85.71428571428571,75.85825027685493,64.23034330011073,88.70431893687709,63.98671096345515,79.88888888888889,40.957825765965296
3016,嘉晶,半導體,94.2,1699097697.8049998,True,71.50199885779554,41.082581540596806,41.17,2026-06-01,False,62.4,-24.337349397590362,-0.006415386738424303,61.770491803278695,4.07,61.683277962347724,7.751937984496124,43.85382059800664,19.269102990033225,51.27353266888151,36.76633444075304,70.0,60.8001107419712
6805,富世達,電子零組件,1455.0,1698409958.0,True,8.841463414634147,87.8556557945871,32.66,2026-06-01,False,97.9020979020979,-11.28048780487805,-0.048276256176559486,65.68848758465012,-10.31666666666667,96.56699889258029,31.782945736434108,19.93355481727575,28.792912513842744,15.725359911406422,38.56035437430786,62.33333333333333,63.97757475083056
3702,大聯大,電子通路,116.0,1620903923.075,True,70.68119891008175,42.15822345593338,131.85,2026-06-01,False,61.224489795918366,8.92018779342723,-0.043291459979131634,93.92712550607287,47.349999999999994,60.57585825027686,89.03654485049833,21.15171650055371,94.24141749723145,94.79512735326688,71.96013289036544,93.55555555555556,64.83407161314139
3044,健鼎,印刷電路板,390.5,1586132126.8,True,92.86103542234332,16.030534351145036,41.97,2026-06-01,False,38.46153846153847,-23.12992125984252,-0.12529677356333827,68.15008726003491,2.8233333333333306,37.37541528239203,8.748615725359912,4.761904761904762,35.65891472868217,46.29014396456257,26.566998892580283,70.55555555555556,58.71031746031746
1717,長興,樹脂,61.3,1581904657.4499998,True,94.16893732970027,14.122137404580155,16.21,2026-06-01,False,16.666666666666664,-11.798561151079141,0.002203877833854084,71.7798594847775,1.5166666666666675,15.946843853820598,30.34330011074197,49.83388704318937,46.40088593576966,40.753045404208194,36.65559246954596,41.22222222222222,43.30666297526763
8112,至上,電子通路,84.3,1557684480.175,True,56.23978201634877,52.7411519777932,231.17,2026-06-01,False,69.38775510204081,-7.565789473684216,-0.040111080296032706,83.88059701492537,51.06666666666666,69.32447397563676,42.414174972314505,22.591362126245848,76.41196013289037,95.23809523809523,61.19601328903654,96.77777777777777,75.0250092284976
3413,京鼎,電子設備,329.0,1523902878.475,True,89.80926430517712,20.437196391394867,39.75,2026-06-01,False,36.61971830985916,10.033444816053512,0.11259330948855285,86.12565445026178,18.826666666666668,35.880398671096344,90.69767441860465,87.70764119601328,80.5094130675526,82.61351052048727,75.48172757475083,68.77777777777779,48.61747877445552
1216,統一,飲料乳品,77.1,1515461719.645,True,42.0708446866485,63.497571131158914,4.6,2026-06-01,False,80.0,3.351206434316354,0.12631893107721898,93.22853688029019,1.4133333333333336,80.1218161683278,77.63012181616833,89.4795127353267,92.69102990033223,40.08859357696567,76.00221483942414,22.88888888888889,54.51790328534515
2451,創見,半導體,272.0,1478333570.85,True,0.10899182561307902,98.99375433726578,381.55,2026-06-01,False,99.2,-2.333931777378815,-0.11185613848348286,74.82806052269602,-100.38666666666666,97.12070874861573,60.90808416389811,6.866002214839424,54.48504983388705,2.2148394241417497,44.31893687707641,98.44444444444444,72.28552971576227
6409,旭隼,電子零組件,1000.0,1453824229.75,True,32.47956403269755,69.74323386537127,5.72,2026-06-01,False,86.7132867132867,2.3541453428863868,0.0501176691873547,77.51937984496125,8.01,87.48615725359912,74.3078626799557,73.97563676633445,60.57585825027686,63.45514950166113,71.96013289036544,24.22222222222222,49.49409376153562
3131,弘塑,電子設備,2780.0,1398026620.5,True,86.86648501362397,24.70506592643997,15.21,2026-06-01,False,45.07042253521127,-16.012084592145015,-0.013014724458283814,71.19078104993598,9.203333333333333,43.63233665559247,22.369878183831673,38.53820598006645,44.18604651162791,66.00221483942414,42.945736434108525,38.666666666666664,51.028792912513836
6207,雷科,電子設備,108.5,1385288088.825,True,97.76566757493188,3.8861901457321304,-2.51,2026-06-01,False,5.633802816901409,-25.17241379310345,-0.0013853897946546402,65.55891238670695,-12.8,4.318936877076411,6.64451827242525,46.95459579180509,28.57142857142857,13.732004429678849,20.044296788482836,13.666666666666666,34.978128460686605
2892,第一金,金融控股,34.8,1376146879.8725,True,95.91280653950953,10.51353226925746,9.73,2026-06-01,False,23.076923076923077,6.584992343032154,0.15203378969287973,100.0,-19.740000000000002,23.25581395348837,85.16057585825027,92.46954595791806,99.55703211517165,9.966777408637874,62.08194905869325,30.88888888888889,42.13528977482466
4931,新盛力,電子零組件,203.0,1344846956.425,True,87.8032345013477,22.970159611380986,145.09,2026-06-01,False,39.16083916083916,-12.311015118790497,-0.006150372076521435,72.62969588550983,4.719999999999999,37.98449612403101,28.68217054263566,44.07530454042082,48.39424141749723,53.70985603543743,42.56921373200443,94.33333333333334,63.00747508305648
6414,樺漢,電腦及週邊,469.0,1344186758.45,True,99.12806539509536,1.4920194309507286,56.97,2026-06-01,False,8.771929824561402,29.737206085753805,0.1452429202796868,93.24055666003976,18.843333333333334,6.755260243632337,98.89258028792912,91.0299003322259,92.80177187153932,82.72425249169434,74.44075304540421,79.0,44.91611295681063
1519,華城,電機製品,727.0,1332849780.55,True,77.80269058295964,35.60027758501041,-25.78,2026-06-01,False,27.27272727272727,-6.794871794871795,-0.062342970958727775,67.31481481481481,-16.203333333333333,27.51937984496124,44.96124031007752,15.39313399778516,33.99778516057586,11.738648947951273,26.72203765227021,3.0,29.88898117386489
1409,新纖,人纖,22.6,1322190089.8425,True,74.27792915531334,38.93129770992366,13.44,2026-06-01,False,33.33333333333333,-13.409961685823754,-0.034059627489701344,71.29337539432177,-11.100000000000003,33.5548172757475,26.356589147286826,25.359911406423034,44.96124031007752,15.060908084163898,29.058693244739754,35.888888888888886,47.01208933185677
2467,志聖,電子設備,532.0,1319094009.3,True,95.3133514986376,11.658570437196392,94.08,2026-06-01,False,18.30985915492958,-5.0,0.010976687600786926,79.64071856287424,8.876666666666665,17.829457364341085,50.94130675526024,55.81395348837209,66.11295681063123,65.33776301218161,51.20708748615725,89.66666666666666,55.666943521594675
3035,智原,半導體,200.5,1317042020.7,True,98.25613079019074,2.9840388619014573,26.57,2026-06-01,False,4.0,-2.9055690072639226,0.030072870028663393,86.05150214592274,47.11,2.436323366555925,59.2469545957918,67.109634551495,80.28792912513842,94.46290143964563,60.708748615725355,53.666666666666664,44.2859911406423
6278,台表科,印刷電路板,157.0,1304573528.575,True,84.74114441416893,27.480916030534353,9.24,2026-06-01,False,56.41025641025641,-17.585301837270343,-0.06240635431816914,63.691683569979716,4.046666666666667,55.81395348837209,18.6046511627907,15.282392026578073,23.588039867109632,50.94130675526024,32.84606866002215,30.444444444444446,47.81044665928387
3293,鈊象,資訊服務,719.0,1291445100.15,True,51.4441416893733,57.04371963913949,17.18,2026-06-01,False,38.63636363636363,-3.48993288590604,0.0933624539688238,85.29062870699882,2.553333333333333,37.652270210409746,57.14285714285714,84.71760797342192,78.8482834994463,45.182724252491695,60.70874861572537,42.888888888888886,50.561646363971946
3583,辛耘,電子設備,749.0,1255157329.55,True,96.18528610354224,9.680777238029146,-2.67,2026-06-01,False,15.492957746478872,-7.758620689655173,0.029278763215851124,77.53623188405797,-5.876666666666667,14.728682170542637,42.08194905869325,66.55592469545958,60.797342192691026,21.15171650055371,41.06312292358804,13.555555555555557,36.749907715023994
2441,超豐,半導體,119.0,1248028646.85,True,97.60217983651226,4.441360166551006,33.15,2026-06-01,False,8.0,-11.524163568773234,-0.00786066050213323,82.06896551724138,10.73,5.980066445182724,30.89700996677741,42.414174972314505,73.421926910299,69.8781838316722,44.51827242524917,63.11111111111111,52.90402362495386
2458,義隆,半導體,166.0,1243533611.075,True,82.99727520435968,29.979181124219288,7.13,2026-06-01,False,46.400000000000006,-3.488372093023256,0.05651859436863691,87.83068783068782,1.4500000000000002,45.40420819490587,57.25359911406424,76.63344407530454,84.9390919158361,40.420819490586936,60.93023255813954,27.333333333333332,50.10575858250277
6672,騰輝電子-KY,印刷電路板,221.0,1234338467.35,True,97.57199322416714,4.718945176960444,68.12,2026-06-01,False,7.6923076923076925,-24.315068493150687,-0.05142726914962943,70.15873015873015,21.439999999999998,5.813953488372093,7.862679955703211,18.6046511627907,41.41749723145072,85.27131782945736,31.794019933554818,84.0,55.8421926910299
5434,崇越,電子通路,543.0,1207789011.05,True,99.34604904632153,1.1450381679389312,32.86,2026-06-01,False,2.0408163265306123,10.816326530612246,0.05924471526869362,91.10738255033557,10.23,0.8859357696566998,91.25138427464009,77.74086378737542,89.92248062015504,68.32779623477298,65.62569213732004,62.94444444444445,40.62536913990402
6510,精測,半導體,2660.0,1186821162.75,True,76.566757493188,36.84941013185288,40.19,2026-06-01,False,56.00000000000001,-18.153846153846153,-0.05141795003684629,63.33333333333333,5.356666666666662,55.26024363233666,17.718715393133998,18.715393133997786,22.702104097452935,55.26024363233666,33.93133997785161,69.0,57.3109080841639
5425,台半,電子零組件,82.8,1184002222.8400002,True,95.53133514986376,11.172796668979876,9.46,2026-06-01,False,20.27972027972028,-27.685589519650655,0.01662256853323518,57.49999999999999,1.5066666666666677,20.59800664451827,4.318936877076411,59.91140642303433,11.406423034330011,40.53156146179402,27.353266888150607,30.555555555555557,39.56026208933186
6191,精成科,印刷電路板,88.4,1183371404.2499998,True,84.95912806539509,26.85634975711312,10.28,2026-06-01,False,53.84615384615385,-12.03980099502487,0.0020046052957157215,60.34129692832765,7.086666666666666,52.99003322259136,29.457364341085274,49.501661129568106,15.503875968992247,62.01550387596899,41.8936877076412,31.77777777777778,42.703580657069026
3680,家登,電子設備,450.5,1178863535.9,True,54.977628635346754,53.78209576682858,37.93,2026-06-01,False,74.64788732394366,-7.399794450154163,-0.027376664013798395,73.13311688311688,2.3866666666666703,73.86489479512736,42.967884828349945,28.903654485049834,50.27685492801772,44.518272425249165,48.1063122923588,67.88888888888889,62.265688445921
3406,玉晶光,消費性電子,517.0,1176482607.9,True,39.618528610354225,65.09368494101318,4.51,2026-06-01,False,60.0,-26.142857142857146,-0.019488315071634284,66.79586563307494,-15.343333333333332,59.3576965669989,5.869324473975636,33.88704318936877,32.22591362126246,11.960132890365449,28.660022148394244,22.61111111111111,52.08134920634921
6781,AES-KY,電子零組件,990.0,1171018201.25,True,28.516525749423522,72.24149895905622,25.58,2026-06-01,False,88.81118881118881,-10.407239819004525,-0.000562432118611397,66.0,4.579999999999998,89.14728682170544,33.99778516057586,47.50830564784053,30.34330011074197,53.0454042081949,50.80841638981174,52.44444444444445,59.484311554079
8210,勤誠,電子零組件,1120.0,1170043090.75,True,86.92098092643052,24.63566967383761,98.03,2026-06-01,False,41.95804195804196,-8.94308943089431,-0.011959818607142484,72.02572347266882,51.373333333333335,40.863787375415285,37.2093023255814,39.09191583610188,47.06533776301218,95.45957918050941,51.93798449612403,90.0,60.17995570321152
8042,金山電,電子零組件,117.5,1164105992.875,True,20.36923076923077,79.1117279666898,51.3,2026-06-01,False,94.4055944055944,-34.903047091412745,-0.019293009763772,55.819477434679335,12.136666666666663,94.57364341085271,1.6611295681063125,33.99778516057586,8.859357696566999,72.64673311184939,42.347729789590254,76.77777777777777,69.63741232927279
5536,聖暉*,電子設備,1105.0,1153528741.25,True,94.27792915531336,13.775156141568356,24.9,2026-06-01,False,23.943661971830984,-15.32567049808429,0.08420229538953646,77.00348432055749,2.2766666666666637,23.69878183831672,23.145071982281284,82.39202657807309,59.3576965669989,44.07530454042082,46.53377630121817,51.66666666666667,52.89451827242525
2351,順德,半導體,160.5,1151302198.025,True,95.96730245231608,10.340041637751561,51.72,2026-06-01,False,19.6,-18.3206106870229,0.0890291744043291,70.08733624454149,14.29,19.324473975636767,17.386489479512733,83.72093023255815,41.08527131782946,76.30121816168328,47.563676633444075,77.11111111111111,55.03359173126615
6719,力智,半導體,222.5,1146613505.075,True,28.01094890510949,72.58848022206801,-3.56,2026-06-01,False,86.4,-16.35338345864662,-0.008160343873973071,71.2,4.866666666666665,87.15393133997786,21.483942414174972,41.97120708748616,44.40753045404208,54.0420819490587,49.81173864894795,12.444444444444445,55.63049095607235
3090,日電貿,電子通路,156.0,1116116445.325,True,97.3841961852861,5.586398334489938,32.37,2026-06-01,False,4.081632653061225,-49.67741935483871,0.05634099218146716,45.88235294117647,5.533333333333335,2.547065337763012,0.22148394241417496,76.52270210409745,2.990033222591362,56.58914728682171,27.774086378737543,62.11111111111111,41.856681432262825
1590,亞德客-KY,機械,1440.0,1097496894.5,True,63.97820163487739,47.46703678001388,44.88,2026-06-01,False,58.06451612903226,5.88235294117647,0.09202543934799956,92.90322580645162,8.046666666666667,57.25359911406424,83.33333333333334,84.38538205980066,92.24806201550388,63.89811738648948,76.22369878183832,72.33333333333334,59.62541528239203
6282,康舒,電子零組件,46.8,1089148291.115,True,82.45125348189416,30.46495489243581,28.28,2026-06-01,False,53.84615384615385,-13.493530499075792,-0.05271366486191663,66.10169491525424,-1.4133333333333304,52.99003322259136,26.02436323366556,18.272425249169437,30.78626799557032,31.782945736434108,31.971207087486153,56.666666666666664,53.604651162790695
4938,和碩,電腦及週邊,87.4,1084973520.505,True,99.29155313351498,1.2491325468424705,15.89,2026-06-01,False,5.263157894736842,7.901234567901241,0.1904250036780185,88.73096446700508,11.676666666666666,3.7652270210409746,87.59689922480621,95.34883720930233,86.48947951273533,71.59468438538205,68.95902547065337,40.0,35.66445182724252
6789,采鈺,半導體,461.5,1083195146.025,True,68.52226720647774,44.136016655100626,15.55,2026-06-01,False,67.2,-6.199186991869919,0.04035495399939513,75.53191489361703,5.193333333333333,67.44186046511628,46.40088593576966,70.21040974529346,56.14617940199336,54.48504983388705,58.93687707641195,39.611111111111114,54.19956626061278
1560,中砂,半導體,690.0,1061467409.05,True,98.09264305177112,3.1922276197085355,16.39,2026-06-01,False,5.6000000000000005,-1.849217638691323,-0.02947447215495268,89.72691807542262,-1.2733333333333334,4.208194905869324,62.56921373200443,27.57475083056478,87.48615725359912,32.55813953488372,42.87929125138427,41.66666666666667,42.69795127353267
6196,帆宣,電子設備,510.0,1052047840.5,True,98.09264305177112,3.1922276197085355,120.99,2026-06-01,False,4.225352112676056,-3.954802259887006,0.041684810248603085,86.4406779661017,43.58333333333333,2.6578073089700998,55.03875968992248,70.43189368770764,81.28460686600222,93.90919158361018,60.66445182724253,92.77777777777779,55.42035806570691
5871,中租-KY,租賃,120.0,1045762209.75,True,36.23978201634878,67.17557251908397,-0.82,2026-06-01,False,67.1136203246295,5.726872246696035,0.14289449293854753,97.16599190283401,0.31000000000000016,67.22037652270211,82.94573643410853,90.80841638981174,96.78848283499445,36.65559246954596,74.88372093023256,15.88888888888889,49.238002953119235
2363,矽統,半導體,54.6,1043958932.5250002,True,23.703703703703706,76.12768910478835,74.8,2026-06-01,False,88.8,-20.408163265306115,-0.05529747049584325,71.74770039421814,-8.783333333333331,89.03654485049833,14.728682170542637,17.386489479512733,46.29014396456257,17.386489479512733,36.9656699889258,86.33333333333333,76.73283499446289
2610,華航,空運,21.25,1031544270.1175001,True,14.025157232704402,83.69188063844553,28.82,2026-06-01,False,83.6273817925194,-8.405172413793101,0.016428733105657435,87.80991735537191,4.473333333333336,84.49612403100775,39.53488372093023,59.3576965669989,84.82834994462901,52.823920265780735,64.20819490586932,57.44444444444444,71.80850867478775
6138,茂達,半導體,318.0,1029351853.75,True,84.19618528610354,28.20957668285913,11.1,2026-06-01,False,44.0,-4.360902255639098,-0.0780160168034742,72.27272727272728,-2.3500000000000014,42.691029900332225,53.156146179402,12.4031007751938,47.50830564784053,30.454042081949055,37.24252491694352,32.88888888888889,42.48301956441492
4916,事欣科,電腦及週邊,102.0,1022929651.585,True,30.71852340145023,71.13115891741846,80.52,2026-06-01,False,84.21052631578947,6.583072100313476,-0.054290869691234686,81.92771084337349,2.1566666666666663,84.88372093023256,85.04983388704319,17.497231450719823,72.97895902547066,43.63233665559247,60.80841638981174,87.55555555555556,65.0921004060539
2609,陽明,海運,51.1,1017086685.0649998,True,81.83791606367583,31.089521165857043,20.18,2026-06-01,False,18.181818181818183,1.996007984031936,0.05008460851906314,77.42424242424242,1.4199999999999982,17.60797342192691,73.97563676633445,73.86489479512736,60.243632336655594,40.19933554817276,53.17829457364341,46.77777777777778,37.66343669250646
2474,可成,電子零組件,188.5,1012197694.7,True,97.27520435967303,5.968077723802915,-55.07,2026-06-01,False,13.986013986013987,-5.75,-0.056260975925182366,73.34630350194551,-8.549999999999997,12.73532668881506,48.39424141749723,16.943521594684384,50.71982281284607,17.497231450719823,29.258028792912512,1.2222222222222223,29.07078257659653
6197,佳必琪,電子零組件,312.0,1009242946.225,True,97.54768392370572,4.961832061068702,45.21,2026-06-01,False,9.090909090909092,-14.285714285714285,-0.021223808508613197,83.53413654618474,14.46,7.530454042081949,24.8062015503876,32.668881506090806,75.52602436323367,76.52270210409745,43.41085271317829,72.55555555555556,57.701458102620904
3715,定穎投控,印刷電路板,114.0,1001212541.475,True,93.62745098039215,15.058986814712005,45.48,2026-06-01,False,33.33333333333333,-32.34421364985163,-0.1110397589195629,56.01965601965602,-3.123333333333335,33.5548172757475,2.436323366555925,7.087486157253599,9.191583610188262,28.57142857142857,16.16832779623477,72.77777777777777,53.2719638242894
3605,宏致,電子零組件,91.0,976278149.35,True,89.91486574983628,20.333102012491324,29.81,2026-06-01,False,34.96503496503497,22.972972972972975,0.06437283809719815,96.29629629629629,9.256666666666668,34.66223698781838,97.2314507198228,78.8482834994463,96.4562569213732,66.11295681063123,74.66223698781839,58.77777777777777,48.16620524178663
2353,宏碁,電腦及週邊,30.1,974957920.5600002,True,77.51091703056768,35.94725884802221,-3.02,2026-06-01,False,42.10526315789473,-5.642633228840117,0.06897361022642273,69.35483870967742,-36.976666666666674,40.97452934662237,48.72646733111849,79.6234772978959,39.09191583610188,5.094130675526024,42.70210409745293,13.111111111111112,36.11277224067922
2049,上銀,機械,323.0,974776941.725,True,85.88555858310627,25.850104094378906,31.62,2026-06-01,False,22.58064516129032,5.211726384364821,0.0438702181102752,78.87667887667888,4.793333333333333,22.702104097452935,81.83831672203765,71.42857142857143,64.00885935769656,53.820598006644516,58.75968992248062,60.88888888888889,41.440383905500184
2493,揚博,電子設備,210.0,960866344.375,True,98.41961852861036,2.4635669673837612,32.06,2026-06-01,False,1.4084507042253522,-22.794117647058822,0.053747288821542165,64.71494607087827,14.10666666666667,0.4429678848283499,9.191583610188262,75.41528239202658,26.578073089701,75.63676633444075,37.452934662236984,61.611111111111114,44.86014211886305
6290,良維,電子零組件,233.0,947369974.275,True,91.1716621253406,18.11242192921582,-2.32,2026-06-01,False,32.16783216783217,-22.462562396006653,-0.018675143273668975,63.48773841961853,-5.643333333333333,32.44739756367663,10.188261351052049,34.44075304540421,22.92358803986711,21.92691029900332,24.385382059800666,14.11111111111111,39.8234588409007
2478,大毅,電子零組件,128.5,928666257.6,True,97.82016348773843,3.747397640527411,35.76,2026-06-01,False,2.797202797202797,-41.05504587155963,0.016563199471125556,53.099173553719005,14.489999999999998,1.8826135105204873,0.7751937984496124,59.800664451827245,6.755260243632337,76.63344407530454,29.169435215946844,65.66666666666666,43.38233665559247
8096,擎亞,電子通路,140.0,925931147.25,True,85.95505617977528,25.676613462873004,433.49,2026-06-01,False,24.489795918367346,-3.4482758620689653,-0.08852572453808752,82.59587020648968,230.37333333333333,24.14174972314507,57.36434108527132,10.631229235880399,74.19712070874863,99.00332225913621,53.06755260243633,98.55555555555556,59.88252122554449
4541,晟田,機車船製造,66.8,923989011.515,True,66.88311688311688,45.315752949340734,58.68,2026-06-01,False,58.333333333333336,40.63157894736841,0.004898301831292633,88.24306472919417,20.836666666666666,57.475083056478404,99.55703211517165,51.93798449612403,85.60354374307863,84.9390919158361,75.90254706533776,80.11111111111111,55.90817644887413
1718,中纖,石化,10.25,917450134.3700001,True,71.89097103918229,40.804996530187374,1.92,2026-06-01,False,62.5,-8.071748878923769,0.0190485880854057,67.4342105263158,-3.1766666666666667,62.01550387596899,40.97452934662237,61.01882613510521,34.10852713178294,28.349944629014395,45.293466223698786,18.777777777777775,43.48181985972683
6525,捷敏-KY,半導體,142.0,903430767.55,True,98.63760217983652,2.1859819569743233,19.84,2026-06-01,False,3.2,-2.73972602739726,0.036396704606930105,64.25339366515837,0.8133333333333326,2.2148394241417497,59.800664451827245,69.32447397563676,25.13842746400886,38.31672203765227,38.95902547065337,46.111111111111114,28.41592838685862
2880,華南金,金融控股,41.4,900410722.3875,True,86.4850136239782,25.12144344205413,,2026-06-01,False,61.53846153846154,12.195121951219514,0.1502130812654986,100.0,17.623333333333335,61.12956810631229,92.46954595791806,92.02657807308971,99.55703211517165,81.17386489479512,85.27131782945737,,56.072351421188635
2615,萬海,海運,84.0,897289712.1450001,True,50.0,58.63983344899375,32.7,2026-06-01,False,45.45454545454545,9.517601043024767,0.22711933644678498,92.81767955801105,9.816666666666666,44.13067552602436,90.03322259136213,97.56367663344408,92.13732004429679,67.77408637873754,78.32779623477299,62.5,52.18369324473976
6683,雍智科技,半導體,1155.0,889196759.75,True,94.73684210526315,12.768910478834142,24.55,2026-06-01,False,20.8,-32.05882352941177,0.06296580712376744,45.02923976608187,5.273333333333333,21.040974529346624,2.547065337763012,78.62679955703211,2.3255813953488373,54.928017718715395,31.8936877076412,51.16666666666667,42.99653931339978
3357,臺慶科,電子零組件,212.0,879364568.125,True,86.84416601409553,24.77446217904233,57.44,2026-06-01,False,42.65734265734265,-29.45091514143095,0.012340713596917675,60.91954022988506,20.563333333333333,41.52823920265781,3.211517165005537,57.032115171650055,17.497231450719823,84.49612403100775,40.753045404208194,79.22222222222223,58.75904392764858
2912,統一超,百貨批發,239.5,876319011.325,True,9.318801089918257,87.12699514226232,6.31,2026-06-01,False,85.0,7.399103139013453,0.1141312646994611,91.23809523809524,0.8233333333333341,85.88039867109634,86.48947951273533,88.03986710963456,90.2547065337763,38.42746400885936,77.81838316722039,25.11111111111111,53.68918420081211
3227,原相,半導體,198.5,871586008.975,True,47.13896457765668,59.958362248438576,21.05,2026-06-01,False,82.39999999999999,-6.588235294117648,0.07505883401310694,77.38791423001949,9.186666666666666,82.94573643410853,45.40420819490587,81.3953488372093,60.02214839424141,65.89147286821705,67.13178294573643,48.0,61.39091915836102
4764,雙鍵,其他化學,294.5,867310422.3,True,85.56263269639066,26.092990978487162,22.36,2026-06-01,False,25.0,6.896551724137931,0.05494987772639967,80.79561042524006,-6.230000000000004,24.916943521594686,86.04651162790698,75.74750830564784,69.32447397563676,20.155038759689923,55.23809523809524,49.22222222222222,39.35428202288668
4966,譜瑞-KY,半導體,615.0,865459267.5,True,28.719346049046322,72.1027064538515,12.23,2026-06-01,False,85.6,1.151315789473684,-0.08083335936093612,70.6896551724138,9.026666666666667,86.15725359911407,71.31782945736434,12.070874861572536,43.18936877076412,65.4485049833887,55.63676633444076,34.333333333333336,48.0905315614618
8016,矽創,半導體,293.5,837472467.975,True,83.21525885558583,29.736294240111032,26.61,2026-06-01,False,45.6,-5.627009646302251,0.09166964099865045,80.85399449035813,-7.960000000000001,44.518272425249165,48.94795127353267,84.27464008859357,69.43521594684385,18.05094130675526,53.04540420819491,54.11111111111111,54.77916205241786
2630,亞航,機車船製造,51.2,827275917.325,True,50.48878665899943,58.01526717557252,-30.49,2026-06-01,False,75.0,22.634730538922163,-0.0023511813295694246,70.42640990371389,-2.950000000000003,74.47397563676633,97.12070874861573,46.62236987818383,42.19269102990033,29.346622369878183,57.95127353266887,2.666666666666667,30.5531561461794
6753,龍德造船,機車船製造,138.0,825577839.2,True,39.268292682926834,65.30187369882027,33.41,2026-06-01,False,83.33333333333334,13.580246913580247,0.02177541740453272,67.81326781326781,-3.2033333333333402,84.21926910299004,93.90919158361018,62.56921373200443,34.66223698781838,28.12846068660022,60.69767441860465,63.33333333333333,47.07641196013289
1504,東元,電機製品,67.5,822307640.795,True,90.35422343324251,19.63913948646773,0.15,2026-06-01,False,9.090909090909092,-0.5891016200294634,-0.03892724981081208,56.48535564853556,-7.933333333333334,7.530454042081949,65.4485049833887,23.25581395348837,10.077519379844961,18.161683277962346,24.89479512735327,17.055555555555554,17.303755998523442
2359,所羅門,電子通路,144.5,820382612.625,True,81.59144893111639,31.43650242886884,35.56,2026-06-01,False,36.734693877551024,14.229249011857709,0.03995747923525439,86.78678678678679,-5.473333333333329,35.991140642303435,94.6843853820598,69.9889258028793,82.05980066445183,22.48062015503876,61.04097452934663,65.55555555555556,47.23052787006276
2347,聯強,電子通路,88.6,814614760.7,True,89.3732970027248,21.165857043719637,135.45,2026-06-01,False,20.408163265306122,-4.5258620689655205,0.031167906217663806,93.26315789473684,19.44999999999999,20.70874861572536,52.71317829457365,67.66334440753046,93.02325581395348,83.05647840531562,63.43300110741971,93.66666666666667,63.671373200442964
6831,邁科,電子零組件,630.0,809368168.95,True,25.624999999999996,74.80916030534351,29.3,2026-06-01,False,90.20979020979021,-20.95357590966123,-0.021475420349252188,65.89958158995816,31.23,91.0299003322259,13.067552602436322,32.22591362126246,30.011074197120706,91.0299003322259,51.472868217054256,57.666666666666664,66.41002214839423
3030,德律,電子設備,296.5,793163295.575,True,92.31607629427792,16.585704371963914,0.43,2026-06-01,False,28.169014084507044,-5.873015873015873,-0.10659254758945609,70.67938021454113,-25.466666666666665,28.349944629014395,47.95127353266888,7.308970099667775,42.967884828349945,7.751937984496124,26.86600221483942,17.666666666666668,35.25830564784053
6548,長科*,半導體,68.2,785899864.3,True,97.59299781181619,4.6495489243580845,37.63,2026-06-01,False,8.799999999999999,-19.858989424206808,-0.02099361713482398,69.52089704383283,4.700000000000003,6.866002214839424,15.060908084163898,32.89036544850498,39.53488372093023,53.59911406423035,29.590254706533777,67.55555555555556,49.723883351790334
2801,彰銀,本國銀行,24.7,781849589.73,True,43.97820163487739,62.456627342123525,9.51,2026-06-01,False,100.0,5.555555555555559,0.05876171798775026,100.0,-4.789999999999999,98.67109634551495,82.50276854928018,77.51937984496125,99.55703211517165,24.031007751937985,76.4562569213732,30.666666666666664,61.59800664451828
2352,佳世達,光電及I/O,28.75,767456033.2774999,True,97.76566757493188,3.8861901457321304,-0.62,2026-06-01,False,6.153846153846154,-1.87713310580205,-0.023131096948611426,81.21468926553672,0.7766666666666667,4.540420819490587,62.23698781838317,30.78626799557032,70.65337763012181,38.095238095238095,41.2624584717608,16.5,32.364202657807304
7734,印能科技,電子設備,3430.0,753026628.25,True,91.88405797101449,17.071478140180428,-6.43,2026-06-01,False,29.577464788732392,12.643678160919542,0.08819914376609717,78.4,-69.60666666666667,29.568106312292358,93.13399778516057,83.38870431893687,62.7906976744186,2.990033222591362,54.37430786267995,10.0,27.3062015503876
4749,新應材,其他化學,773.0,745447951.3,True,7.650273224043716,88.61901457321305,24.61,2026-06-01,False,93.75,-11.85860889395667,-0.034009462112975807,65.7872340425532,17.063333333333333,94.01993355481729,30.121816168327797,25.47065337763012,29.457364341085274,80.39867109634552,51.8936877076412,51.33333333333333,61.172203765227025
5439,高技,印刷電路板,234.0,737325387.175,True,38.41961852861036,66.06523247744622,22.13,2026-06-01,False,92.3076923076923,-22.644628099173552,-0.04885519738924855,53.00113250283126,-13.399999999999995,93.02325581395348,9.634551495016613,19.601328903654487,6.64451827242525,13.399778516057587,28.460686600221482,49.111111111111114,59.78608342561831
2312,金寶,電腦及週邊,31.95,736273769.86,True,57.649143532191374,52.047189451769604,32.7,2026-06-01,False,66.66666666666666,-4.626865671641793,0.022454334273364945,73.61751152073734,25.663333333333334,66.61129568106313,52.38095238095239,63.01218161683278,52.27021040974529,88.4828349944629,64.5514950166113,62.5,57.25013842746401
8271,宇瞻,半導體,218.0,731744818.5,True,0.05449591280653951,99.27133934767522,200.65,2026-06-01,False,100.0,10.1010101010101,-0.05007410850991169,83.6852207293666,-61.316666666666634,98.67109634551495,90.80841638981174,19.269102990033225,76.0797342192691,3.433001107419712,57.652270210409746,96.11111111111111,70.01338132152085
1102,亞泥,水泥製造,33.1,729661782.1,True,49.64577656675749,58.778625954198475,-2.21,2026-06-01,False,28.57142857142857,-7.412587412587408,-0.16366564330523306,81.72839506172839,2.003333333333334,28.737541528239202,42.857142857142854,2.3255813953488373,72.31450719822813,42.63565891472868,37.77408637873754,14.333333333333334,43.13205980066445
3023,信邦,電子零組件,291.5,729515245.525,True,53.18801089918256,55.75988896599584,17.59,2026-06-01,False,75.52447552447552,-4.893964110929853,-0.08391244047294548,86.62704309063894,0.8933333333333309,75.41528239202658,51.27353266888151,11.517165005537098,81.50609080841639,38.648947951273534,51.672203765227025,43.22222222222222,62.21751568844592
7828,創新服務,電子設備,1585.0,728488196.75,True,48.484848484848484,59.403192227619705,255.83,2026-06-01,False,83.09859154929578,-23.42995169082126,0.08860572367480377,68.17204301075269,-10611.286666666667,83.61018826135106,8.305647840531561,83.61018826135106,35.880398671096344,0.22148394241417496,42.325581395348834,97.11111111111111,77.07401255075673
6691,洋基工程,電子設備,696.0,727646400.5,True,88.31521739130434,22.345593337959752,115.19,2026-06-01,False,42.25352112676056,-12.23203026481715,-0.12443310543616619,87.32747804265998,27.10666666666667,41.19601328903654,29.014396456256918,5.094130675526024,84.0531561461794,89.59025470653378,49.78959025470653,92.11111111111111,72.08647102251753
2027,大成鋼,基本金屬,44.55,724236485.6999999,True,51.1178247734139,57.39070090215128,43.73,2026-06-01,False,64.86486486486487,11.654135338345862,0.1599236295049905,100.0,2.4199999999999946,64.6733111849391,92.02657807308971,93.7984496124031,99.55703211517165,44.629014396456256,78.93687707641195,71.33333333333334,60.88427464008859
6435,大中,半導體,260.0,723580975.55,True,91.71662125340599,17.34906315058987,21.6,2026-06-01,False,29.599999999999998,-21.686746987951807,-0.008159003451706295,61.904761904761905,2.503333333333334,29.67884828349945,11.960132890365449,42.08194905869325,19.4905869324474,44.96124031007752,29.634551495016616,48.44444444444444,46.413436692506465
3005,神基,電子零組件,112.5,721581634.175,True,62.6158038147139,48.68147120055517,28.59,2026-06-01,False,71.32867132867133,17.1875,0.10992000410055772,68.18181818181817,11.260000000000002,70.98560354374308,96.12403100775194,87.26467331118494,36.04651162790697,70.54263565891473,72.19269102990033,56.888888888888886,41.94924326319675
8064,東捷,電子設備,104.5,718198147.225,True,67.26084373143196,44.96877168632894,15.95,2026-06-01,False,66.19718309859155,-22.01492537313433,-0.032486108780083844,60.57971014492753,5.953333333333333,65.78073089700996,11.074197120708748,26.356589147286826,16.27906976744186,58.028792912513836,35.50387596899225,40.33333333333333,52.8297342192691
1513,中興電,電機製品,158.5,712637705.225,True,50.40871934604905,58.15405968077724,8.31,2026-06-01,False,54.54545454545454,-9.686609686609685,-0.005982263035871293,84.75935828877004,2.380000000000001,53.98671096345515,35.326688815060905,44.40753045404208,77.63012181616833,44.40753045404208,51.15171650055371,28.888888888888886,56.29475821336287
1810,和成,玻璃陶瓷,26.5,701175312.03,True,18.663136995367307,80.43025676613463,-11.91,2026-06-01,False,66.66666666666666,36.59793814432991,0.002644164593105114,77.59882869692534,-3.6333333333333346,66.61129568106313,99.2248062015504,50.16611295681063,61.12956810631229,26.245847176079735,60.67552602436323,5.777777777777778,33.5734588409007
8131,福懋科,半導體,64.6,700013771.07,True,87.46594005449592,23.73351839000694,60.87,2026-06-01,False,39.2,-7.0503597122302235,-0.023063405165473966,75.7327080890973,10.529999999999994,38.095238095238095,44.07530454042082,31.007751937984494,56.47840531561462,69.32447397563676,47.79623477297896,80.88888888888889,57.8468069398302
1605,華新,電纜,32.65,683797950.8675,True,64.74114441416894,46.911866759195,29.34,2026-06-01,False,10.0,-7.768361581920905,-0.11163458592541131,73.7020316027088,19.866666666666667,8.693244739756366,41.97120708748616,6.976744186046512,52.71317829457365,84.0531561461794,38.88150609080842,57.77777777777777,44.30324843115541
5314,世紀*,其他,56.7,681523492.76,True,20.533642691415313,78.97293546148508,167.87,2026-06-01,False,63.63636363636363,2.5316455696202635,-0.008537566927040904,39.37500000000001,13.219999999999999,63.34440753045404,75.1937984496124,41.41749723145072,0.8859357696566998,74.3078626799557,51.02990033222591,95.22222222222221,46.06469176818014
4967,十銓,半導體,223.5,676965127.3,True,0.411522633744856,97.77931991672449,35.0,2026-06-01,False,98.4,-15.660377358490566,-0.023479978400437036,73.39901477832512,-40.39999999999999,96.67774086378738,22.92358803986711,30.454042081949055,51.162790697674424,4.651162790697675,41.17386489479513,64.88888888888889,72.45145810262089
3673,TPK-KY,光電及I/O,61.4,672046180.745,True,17.9291553133515,80.98542678695351,7.03,2026-06-01,False,86.15384615384616,-19.73856209150327,-0.013730535214645725,65.31914893617021,3.6100000000000003,87.04318936877077,15.39313399778516,37.87375415282392,27.906976744186046,49.72314507198228,43.58803986710963,27.111111111111114,56.667035806570695
2428,興勤,電子零組件,240.0,664398078.5,True,97.54768392370572,4.961832061068702,46.62,2026-06-01,False,9.090909090909092,-19.05564924114671,0.02526312954504151,69.86899563318777,14.716666666666661,7.530454042081949,16.500553709856035,64.45182724252491,40.08859357696567,77.18715393133998,41.15171650055371,73.66666666666667,51.19629014396457
1402,遠東新,人纖,27.45,656309240.9649999,True,44.141689373297005,62.00555170020819,12.06,2026-06-01,False,83.33333333333334,-3.684210526315792,0.18644749422580975,93.84615384615384,-3.2200000000000006,84.21926910299004,56.69988925802879,95.23809523809523,94.01993355481729,28.017718715393137,71.63898117386489,34.0,63.88482834994463
5876,上海商銀,本國銀行,47.0,652357486.4125,True,64.14168937329701,47.32824427480916,-4.39,2026-06-01,False,66.66666666666666,10.849056603773588,0.23637267163941791,100.0,-2.3066666666666666,66.61129568106313,91.69435215946844,98.11738648947951,99.55703211517165,30.564784053156146,77.30897009966777,11.555555555555555,46.50738279808047
6121,新普,電子零組件,377.0,651858760.05,True,53.13351498637602,55.898681471200554,11.5,2026-06-01,False,76.22377622377621,-9.265944645006016,0.08496711025894443,80.64171122994652,4.8500000000000005,75.85825027685493,36.10188261351052,82.83499446290143,68.88150609080841,53.931339977851614,63.52159468438538,33.22222222222222,60.46502399409376
8932,智通*,資訊服務,109.0,648428398.25,True,51.22767857142857,57.25190839694656,-3.5,2026-06-01,False,40.909090909090914,-1.8018018018018018,-0.0910790315710099,45.13457556935818,-12.586666666666668,40.08859357696567,62.67995570321152,9.966777408637874,2.436323366555925,13.842746400885936,25.802879291251383,12.555555555555555,23.100129198966407
3033,威健,電子通路,48.95,645414727.9075,True,79.78201634877384,33.691880638445525,54.45,2026-06-01,False,40.816326530612244,-0.10204081632652481,0.009197579791306632,88.03956834532374,21.970000000000006,39.8671096345515,66.11295681063123,54.48504983388705,85.27131782945736,85.60354374307863,66.26799557032116,78.44444444444446,59.36747877445552
3563,牧德,電子設備,669.0,645294281.3,True,76.07629427792915,37.404580152671755,15.62,2026-06-01,False,56.33802816901409,-0.8888888888888888,-0.02108335342250504,69.90595611285266,7.449999999999999,55.70321151716501,64.78405315614619,32.779623477297896,40.365448504983384,62.7906976744186,51.28460686600222,39.77777777777778,42.765596160944995
6175,立敦,電子零組件,81.7,641457879.3700001,True,97.49318801089917,5.23941707147814,43.96,2026-06-01,False,11.188811188811188,-26.396396396396394,-0.01561133402990474,70.12875536480688,15.67666666666667,10.077519379844961,5.647840531561462,36.65559246954596,41.306755260243634,78.51605758582502,34.44075304540421,71.61111111111111,54.33688630490956
6944,兆聯實業,資源回收,786.0,635254111.9,True,25.352112676056336,75.01734906315059,29.98,2026-06-01,False,71.42857142857143,-19.4672131147541,-0.06968282551105048,73.45794392523365,-6.783333333333335,71.2624584717608,16.057585825027683,13.067552602436322,51.38427464008859,19.4905869324474,34.25249169435216,59.166666666666664,66.43895348837209
6727,亞泰金屬,電子設備,381.0,628803420.875,True,90.73668854850474,18.875780707841777,-23.9,2026-06-01,False,32.3943661971831,-4.150943396226415,0.0031605922572258156,57.72727272727273,-51.019999999999996,32.668881506090806,54.15282392026578,50.71982281284607,12.070874861572536,4.208194905869324,30.764119601328908,3.111111111111111,23.424510889627168
2834,臺企銀,本國銀行,18.2,623950976.9125001,True,70.02724795640327,42.64399722414989,-7.72,2026-06-01,False,55.55555555555556,2.5352112676056295,0.030290443799865327,99.72602739726028,-14.620000000000001,54.928017718715395,75.30454042081949,67.44186046511628,99.00332225913621,12.4031007751938,61.81616832779624,9.333333333333334,46.990033222591364
3376,新日興,電子零組件,184.5,614085946.15,True,97.22070844686648,6.419153365718251,-4.76,2026-06-01,False,14.685314685314685,-5.141388174807198,-0.1316219152998832,69.88636363636364,5.746666666666666,13.510520487264674,50.71982281284607,4.318936877076411,40.19933554817276,57.25359911406424,33.200442967884825,11.38888888888889,28.594730527870063
9904,寶成,鞋及旅行箱,24.3,605879866.19,True,22.833787465940055,76.61346287300486,-3.26,2026-06-01,False,88.88888888888889,-3.9525691699604746,-0.12276641642601716,75.46583850931677,-3.513333333333333,89.3687707641196,55.14950166112956,5.204872646733112,55.81395348837209,26.688815060908084,46.44518272425249,12.666666666666668,50.6749723145072
6449,鈺邦,電子零組件,239.0,604866375.525,True,83.10626702997274,29.875086745315755,23.29,2026-06-01,False,52.44755244755245,-29.705882352941178,0.02123466768972347,51.61987041036718,2.669999999999998,52.04872646733112,2.990033222591362,62.23698781838317,5.426356589147287,45.51495016611295,33.64341085271318,50.22222222222222,51.17681801402732
4763,材料*-KY,其他化學,49.7,593592161.58,True,17.60217983651226,81.3324080499653,-10.11,2026-06-01,False,81.25,14.252873563218396,0.013886044875769376,61.056511056511056,14.663333333333338,81.61683277962348,94.79512735326688,57.696566998892585,17.718715393133998,76.9656699889258,65.75858250276855,7.333333333333333,27.96843853820598
1514,亞力,電機製品,105.5,592695108.775,True,68.01089918256132,44.482997918112424,39.69,2026-06-01,False,45.45454545454545,-10.970464135021098,-0.030770286322209708,70.5685618729097,23.363333333333333,44.13067552602436,32.89036544850498,26.910299003322258,42.63565891472868,87.15393133997786,46.74418604651163,68.66666666666667,55.63565891472869
3019,亞光,消費性電子,133.5,585527468.025,True,21.852861035422343,77.44621790423317,13.14,2026-06-01,False,85.0,-4.301075268817205,-0.06296184152715534,77.84256559766763,-3.3299999999999983,85.88039867109634,53.266888150609084,14.950166112956811,61.683277962347724,27.464008859357698,48.648947951273534,35.66666666666667,57.49086378737542
5386,青雲,電子通路,248.0,562467397.65,True,0.05449591280653951,99.27133934767522,442.3,2026-06-01,False,100.0,-52.307692307692314,-0.005550839338480315,41.8212478920742,22.183333333333394,98.67109634551495,0.11074197120708748,44.518272425249165,1.2181616832779625,85.93576965669989,46.09080841638981,98.66666666666667,74.61129568106313
3221,台嘉碩,電子零組件,50.5,559717175.0025,True,85.89511754068717,25.746009715475367,26.6,2026-06-01,False,46.15384615384615,-12.780656303972366,-0.01618264279210241,76.1689291101056,8.286666666666669,45.071982281284605,27.353266888150607,36.32336655592469,57.58582502768549,64.34108527131784,46.135105204872644,53.94444444444444,57.31224621631598
3236,千如,電子零組件,42.75,547999753.8050001,True,83.46055979643766,29.354614850798054,11.93,2026-06-01,False,51.74825174825175,-36.666666666666664,-0.011636032406678784,58.56164383561644,-5.733333333333334,51.27353266888151,1.2181616832779625,39.31339977851606,13.178294573643413,21.483942414174972,25.293466223698783,33.88888888888889,49.28063861203396
1503,士電,電機製品,202.0,543223037.975,True,72.47956403269755,40.28452463566967,-10.58,2026-06-01,False,36.36363636363637,-13.49036402569593,-0.03972636739911275,75.3731343283582,-20.68,35.603543743078625,26.135105204872644,22.92358803986711,55.592469545957925,9.413067552602437,29.933554817275745,6.666666666666667,42.93189368770764
1476,儒鴻,成衣,341.5,539257931.375,True,6.811989100817439,89.24358084663429,14.42,2026-06-01,False,84.21052631578947,8.240887480190175,0.13269382811450012,75.55309734513274,10.63,84.88372093023256,87.92912513842747,90.03322259136213,56.25692137320044,69.54595791805093,77.7297895902547,37.55555555555555,47.69176818014027
1714,和桐,清潔劑,14.45,532567155.59000003,True,61.29943502824858,49.61832061068702,73.41,2026-06-01,False,60.0,-22.10242587601079,-0.1005456037730577,63.51648351648351,-3.2466666666666697,59.3576965669989,10.96345514950166,8.527131782945736,23.034330011074196,27.906976744186046,25.957918050941306,85.88888888888889,64.32936507936508
8081,致新,半導體,259.0,519960246.275,True,61.689373297002724,49.20194309507286,7.19,2026-06-01,False,72.8,-14.380165289256198,-0.010299620761343461,75.84187408491947,7.376666666666667,72.42524916943522,24.695459579180508,40.310077519379846,56.69988925802879,62.67995570321152,51.362126245847186,27.444444444444443,57.96853082318198
2385,群光,光電及I/O,106.0,518628525.625,True,63.269754768392374,48.160999306037475,-5.48,2026-06-01,False,56.92307692307692,3.9215686274509802,0.04570341760833919,72.35494880546075,3.1499999999999986,56.367663344407525,78.7375415282392,72.64673311184939,47.95127353266888,47.23145071982282,60.586932447397565,10.888888888888888,34.117571059431526
7795,長廣,電子設備,402.5,508196744.875,True,75.0,38.30673143650243,62.55,2026-06-01,False,60.56338028169014,-12.59500542888165,0.0064491349759413785,60.43543543543544,29.019999999999996,59.91140642303433,27.906976744186046,52.93466223698782,15.725359911406422,90.36544850498339,49.3687707641196,81.77777777777779,57.37689184200813
5475,德宏,印刷電路板,132.0,507581986.875,True,89.45147679324894,20.95766828591256,160.08,2026-06-01,False,43.58974358974359,-45.56701030927835,0.13583846537737088,33.0,-5.1299999999999955,42.08194905869325,0.4429678848283499,90.14396456256921,0.33222591362126247,23.089700996677742,31.218161683277962,94.88888888888889,59.21502399409377
8926,台汽電,公用事業,63.5,506570664.29499996,True,1.08991825613079,95.80152671755725,1719.48,2026-06-01,False,90.9090909090909,-16.666666666666668,-0.12096382138764022,77.25060827250608,712.66,91.58361018826136,20.930232558139537,5.426356589147287,59.68992248062015,99.55703211517165,55.437430786267996,99.77777777777777,82.53026947212993
6472,保瑞,藥,396.5,503417029.6,True,86.4850136239782,25.12144344205413,39.22,2026-06-01,False,15.555555555555555,-3.762135922330097,-0.03641688203285106,47.944377267230955,21.906666666666666,14.839424141749724,56.14617940199336,24.363233665559246,3.5437430786267994,85.49280177187154,36.87707641196014,68.33333333333333,32.64258028792912
1708,東鹼,其他化學,52.5,502222918.1049999,True,48.68957483983692,59.333795975017345,3.25,2026-06-01,False,56.25,-1.8691588785046727,-0.050897501415558905,85.08914100486223,-17.959999999999997,55.53709856035437,62.347729789590254,18.93687707641196,78.07308970099668,10.631229235880399,45.10520487264672,20.77777777777778,48.01005906238464
7788,松川精密,電子零組件,207.5,500669343.075,True,80.74866310160428,32.40804996530187,65.66,2026-06-01,False,56.64335664335665,-17.0,-0.042018038795233595,71.06164383561644,23.953333333333333,56.035437430786274,19.712070874861574,21.92691029900332,44.07530454042082,87.59689922480621,45.86932447397564,83.0,65.84966777408637
6202,盛群,半導體,53.3,493058337.71000004,True,80.82706766917293,32.26925746009716,30.93,2026-06-01,False,49.6,-16.588419405320817,0.004808459747048737,72.32021709633649,16.116666666666667,48.17275747508305,21.15171650055371,51.82724252491694,47.729789590254704,79.06976744186046,49.59025470653378,60.44444444444444,58.79881875230713
2388,威盛,半導體,73.9,482894361.83500004,True,82.72383354350568,30.18736988202637,34.01,2026-06-01,False,47.199999999999996,4.231311706629055,-0.028159571510317886,83.97727272727273,-34.943333333333335,46.06866002214839,79.40199335548172,28.349944629014395,76.63344407530454,5.3156146179401995,47.15393133997785,64.44444444444444,51.93613879660391
1477,聚陽,成衣,218.0,477949877.3,True,19.673024523160763,79.59750173490632,0.53,2026-06-01,False,78.94736842105263,0.9259259259259258,0.034271708929075786,64.40177252584934,-6.003333333333334,78.46068660022148,70.43189368770764,68.43853820598007,25.692137320044296,20.81949058693245,52.76854928017718,17.888888888888886,37.90245478036175
1795,美時,藥,184.0,477094727.1,True,8.337874659400544,88.27203331020125,225.46,2026-06-01,False,71.11111111111111,0.546448087431694,-0.018781005428212524,50.688705234159784,108.40666666666667,70.7641196013289,69.10299003322258,34.33001107419712,4.651162790697675,98.11738648947951,55.39313399778515,96.55555555555554,50.71696197858988
3317,尼克森,半導體,74.3,470498934.6250001,True,97.32970027247957,5.794587092297016,16.07,2026-06-01,False,10.4,-17.44444444444445,-0.0036392218030414096,70.42654028436019,11.469999999999999,9.191583610188262,19.047619047619047,45.84717607973422,42.30343300110742,70.98560354374308,37.47508305647841,40.833333333333336,43.32018272425249
5880,合庫金,金融控股,25.95,458116318.3275,True,59.836512261580374,50.1734906315059,-8.4,2026-06-01,False,84.61538461538461,5.060728744939271,0.3286001893155415,98.48197343453509,-39.89,85.3266888150609,81.3953488372093,99.77851605758582,97.89590254706533,4.761904761904762,73.83167220376524,8.777777777777777,52.65125507567368
2476,鉅祥,電子零組件,118.5,456758104.025,True,95.14986376021798,12.005551700208189,53.76,2026-06-01,False,23.076923076923077,-5.952380952380952,-4.366579565433097e-05,87.13235294117648,11.39,23.25581395348837,47.39756367663344,48.28349944629014,83.05647840531562,70.87486157253599,54.57364341085272,78.22222222222223,59.28423772609819
6829,千附精密,電子設備,190.5,448686531.95,True,93.79115710253998,14.712005551700209,69.4,2026-06-01,False,25.352112676056336,-11.188811188811188,0.00030785696852752556,68.5251798561151,24.46666666666667,25.692137320044296,32.115171650055366,48.39424141749723,36.87707641196013,87.92912513842747,46.201550387596896,84.44444444444444,53.724621631598374
6739,竹陞科技,電子設備,1045.0,446326401.75,True,42.0479302832244,63.56696738376127,101.13,2026-06-01,False,85.91549295774648,1.4563106796116505,0.01066236064569741,61.111111111111114,0.9299999999999926,86.60022148394242,72.09302325581395,55.592469545957925,18.05094130675526,38.87043189368771,54.24141749723145,90.44444444444444,55.75064599483204
6176,瑞儀,光電及I/O,87.2,442182468.755,True,42.45231607629428,63.28938237335184,-15.03,2026-06-01,False,73.84615384615385,-0.5701254275940707,0.04320466141447561,60.555555555555564,-3.2733333333333317,73.20044296788483,65.55924695459579,71.09634551495017,16.168327796234774,27.796234772978963,50.7641196013289,5.111111111111112,32.230158730158735
6291,沛亨,半導體,371.0,441958972.0,True,70.42354630294328,42.40111034004164,52.99,2026-06-01,False,65.60000000000001,-43.18529862174579,0.0038185944674781224,54.63917525773196,15.920000000000002,65.4485049833887,0.6644518272425249,51.162790697674424,8.084163898117387,78.95902547065337,40.86378737541528,77.77777777777779,62.66149870801034
8383,千附,電子設備,84.6,441572798.8,True,88.74329958308516,21.790423317140874,200.07,2026-06-01,False,39.436619718309856,39.60396039603959,0.06263724510002286,93.58407079646017,105.24666666666666,38.205980066445186,99.44629014396456,78.51605758582502,93.68770764119601,98.00664451827242,81.57253599114064,96.0,57.11184939091916
2316,楠梓電,印刷電路板,155.0,439837394.825,True,37.32970027247956,66.48160999306037,27.83,2026-06-01,False,94.87179487179486,-32.608695652173914,-0.080301202312254,66.09808102345416,-19.236666666666665,94.79512735326688,2.3255813953488373,12.181616832779623,30.67552602436323,10.188261351052049,30.03322259136212,56.111111111111114,69.8140457733481
2105,正新,輪胎,30.8,436424790.93999994,True,18.310626702997276,80.84663428174879,15.01,2026-06-01,False,80.0,4.761904761904769,0.2833911224747867,75.49019607843138,6.286666666666665,80.1218161683278,80.5094130675526,99.1140642303433,55.924695459579176,59.41306755260244,75.01661129568107,38.44444444444444,48.495385751199706
6166,凌華,電腦及週邊,150.0,435439554.75,True,51.16676152532727,57.32130464954892,25.89,2026-06-01,False,75.43859649122807,5.633802816901409,0.09528650577914374,90.09009009009009,-30.279999999999994,75.1937984496124,82.72425249169434,85.16057585825027,87.98449612403101,6.0908084163898115,67.43078626799556,53.0,58.36351052048727
5904,寶雅,百貨批發,668.0,432851934.8,True,99.94550408719346,0.06939625260235947,8.35,2026-06-01,False,5.0,5.031446540880504,-0.12174957609745211,90.63772048846675,-6.406666666666668,3.3776301218161686,81.28460686600222,5.3156146179401995,88.92580287929125,19.82281284606866,39.74529346622371,28.999999999999996,35.0047065337763
4542,科嶠,電子設備,311.5,421873881.325,True,90.14084507042254,19.91672449687717,102.05,2026-06-01,False,35.2112676056338,-16.263440860215052,-0.04070970249093057,63.056680161943326,46.39,35.10520487264673,21.92691029900332,22.48062015503876,22.03765227021041,94.35215946843853,39.18050941306755,90.66666666666666,56.470653377630114
6526,達發,半導體,576.0,421107701.5,True,38.74813710879285,65.78764746703678,14.4,2026-06-01,False,84.0,-7.987220447284344,0.0818802164685368,76.49402390438247,0.5333333333333332,84.71760797342192,41.41749723145072,82.05980066445183,58.25027685492802,37.32004429678849,60.753045404208194,37.44444444444445,59.74870801033592
1609,大亞,電纜,36.4,419156077.1650001,True,52.31607629427793,56.76613462873005,22.67,2026-06-01,False,30.0,3.116147308781874,0.03468992842916514,76.95560253699789,2.3766666666666687,29.955703211517164,76.63344407530454,68.54928017718716,59.136212624584715,44.29678848283499,55.71428571428571,49.666666666666664,40.531284606866
5388,中磊,通信網路,90.6,416460078.56,True,94.44141689373296,13.39347675225538,70.83,2026-06-01,False,21.73913043478261,18.276762402088774,0.20326877063876753,81.99095022624434,2.056666666666672,21.816168327796234,96.56699889258029,96.23477297895903,73.20044296788483,42.967884828349945,66.15725359911406,84.88888888888889,45.83462532299741
3289,宜特,檢測驗證,147.5,415775844.575,True,89.38442211055276,21.09646079111728,-1.56,2026-06-01,False,40.0,-4.838709677419355,-0.013303039315334995,70.07125890736341,0.14666666666666628,38.87043189368771,51.60575858250277,38.42746400885936,40.863787375415285,36.10188261351052,41.17386489479513,14.888888888888888,35.75433739387228
3576,聯合再生,光電及I/O,17.85,415630466.6475,True,21.379310344827587,78.41776544066622,-9.51,2026-06-01,False,84.61538461538461,8.18181818181819,0.09484864473857454,66.85393258426967,-16.286666666666665,85.3266888150609,87.81838316722038,84.9390919158361,32.89036544850498,11.517165005537098,60.498338870431894,8.0,34.59966777408638
6209,今國光,消費性電子,69.2,415063827.01,True,1.2269938650306749,95.48924358084663,73.31,2026-06-01,False,95.0,-14.883148831488308,-0.019666954875150706,71.19341563786008,3.026666666666671,94.90586932447398,23.809523809523807,33.77630121816168,44.29678848283499,46.95459579180509,48.74861572535991,85.66666666666667,75.26495016611295
8091,翔名,電子設備,233.5,414344232.05,True,97.16621253405995,6.766134628730049,71.7,2026-06-01,False,8.450704225352112,-8.431372549019608,-0.0017324073962984756,79.15254237288136,8.63666666666667,6.423034330011074,39.31339977851606,46.733111849390916,64.89479512735326,65.11627906976744,44.49612403100775,85.22222222222223,54.30666297526763
6834,天二科技,電子零組件,91.4,413309858.77,True,58.39311334289814,51.42262317834837,66.46,2026-06-01,False,73.42657342657343,-24.462809917355365,0.0012368456467718538,69.24242424242425,13.999999999999993,72.86821705426357,7.641196013289036,48.837209302325576,38.648947951273534,75.08305647840533,48.6157253599114,83.44444444444444,71.83010335917312
2542,興富發,建設,43.5,407774856.3725,True,35.585831062670295,67.52255378209576,16.47,2026-06-01,False,57.6271186440678,1.3986013986014019,0.05878965690525569,93.04812834224599,-2052.976666666667,56.810631229235874,71.76079734219269,77.63012181616833,92.35880398671097,0.33222591362126247,59.77851605758582,41.77777777777778,54.796603912882986
4971,IET-KY,半導體,433.0,401857782.825,True,91.30122214234365,18.043025676613464,-6.26,2026-06-01,False,32.0,-9.12906610703043,0.0037501309534239864,49.65596330275229,-12.943333333333332,32.281284606866,36.76633444075305,51.05204872646733,4.208194905869324,13.621262458471762,27.585825027685495,10.444444444444445,27.54189737910668
2489,瑞軒,光電及I/O,30.05,396705565.6825,True,66.15384615384615,45.94031922276197,23.43,2026-06-01,False,53.84615384615385,-28.706998813760375,0.0028901868509567112,53.1858407079646,7.866666666666667,52.99003322259136,3.433001107419712,50.3875968992248,6.866002214839424,63.12292358803987,35.35991140642303,50.33333333333333,51.6890919158361
4722,國精化,樹脂,204.5,391194945.725,True,95.96730245231608,10.340041637751561,26.94,2026-06-01,False,8.333333333333332,-29.360967184801385,-0.007454782206273161,66.721044045677,19.116666666666667,6.256921373200443,3.322259136212625,42.63565891472868,31.893687707641195,82.83499446290143,33.388704318936874,55.111111111111114,47.484865263935035
3479,安勤,電腦及週邊,147.5,389352190.55,True,87.68392370572207,23.178348369188065,27.85,2026-06-01,False,24.561403508771928,3.508771929824561,0.011182488466505594,94.24920127795528,11.8,24.25249169435216,77.8516057585825,56.035437430786274,94.46290143964563,71.98228128460687,64.91694352159467,56.222222222222214,49.271502399409385
3693,營邦,電子零組件,494.5,388680697.75,True,93.47826086956522,15.267175572519085,74.98,2026-06-01,False,26.573426573426573,2.4870466321243523,0.02406735401006996,67.92582417582418,38.11666666666667,26.799557032115175,74.97231450719822,63.89811738648948,35.21594684385382,93.02325581395348,58.781838316722045,86.44444444444444,43.3719084533038
6584,南俊國際,金屬製品,519.0,381082085.5,True,29.394812680115272,71.82512144344206,40.64,2026-06-01,False,71.42857142857143,-26.69491525423729,-0.07315368735070067,64.472049689441,-0.27666666666666373,71.2624584717608,5.537098560354374,12.846068660022148,26.02436323366556,34.883720930232556,30.110741971207084,69.44444444444444,65.29854189737911
5469,瀚宇博,印刷電路板,71.4,374435570.6449999,True,87.57493188010899,23.490631505898683,15.36,2026-06-01,False,48.717948717948715,-18.306636155606405,-0.10230557424802397,64.03587443946189,7.023333333333333,47.50830564784053,17.497231450719823,8.084163898117387,24.363233665559246,61.79401993355482,31.84939091915836,39.111111111111114,48.37135474344777
3624,光頡,電子零組件,76.8,370943699.475,True,86.4850136239782,25.12144344205413,28.72,2026-06-01,False,44.05594405594406,-44.74820143884892,0.042483007638552374,43.51274787535411,1.879999999999999,42.857142857142854,0.5537098560354374,70.87486157253599,1.550387596899225,41.86046511627907,31.539313399778518,57.111111111111114,50.24123292727944
1727,中華化,其他化學,76.0,369981123.05499995,True,85.18518518518519,26.3705759888966,19.24,2026-06-01,False,31.25,-13.636363636363635,-0.028042798866930424,72.72727272727273,-4.219999999999999,31.616832779623476,25.692137320044296,28.460686600221486,48.89258028792913,24.916943521594686,31.91583610188261,45.55555555555556,50.09320782576597
3455,由田,電子設備,185.5,368969188.55,True,96.89373297002724,7.98056904927134,-30.02,2026-06-01,False,11.267605633802818,-16.252821670428894,0.011733387024523359,59.83870967741935,-23.83,10.299003322259136,22.03765227021041,56.47840531561462,14.839424141749724,8.084163898117387,22.347729789590254,2.888888888888889,26.497416020671835
7750,新代,機械,2060.0,366120860.25,True,66.82926829268293,45.45454545454545,151.4,2026-06-01,False,51.61290322580645,2.7431421446384037,-0.04982167789167565,67.10097719869707,39.890000000000015,51.05204872646733,75.85825027685493,19.379844961240313,33.222591362126245,93.35548172757476,54.57364341085272,94.55555555555556,50.74298634182355
6005,群益證,證券,35.6,365845897.79249996,True,33.950953678474114,68.52879944482999,101.2,2026-06-01,False,37.5,-5.82010582010581,-0.20032813952986128,79.02330743618204,-84.91333333333334,36.65559246954596,48.06201550387597,1.4396456256921373,64.34108527131784,2.547065337763012,30.609080841638978,90.55555555555556,60.872554448135844
5443,均豪,電子設備,97.0,360992219.565,True,69.15531335149863,43.75433726578765,-10.09,2026-06-01,False,64.7887323943662,-2.2177419354838737,0.037165866163536385,70.54545454545455,-0.2833333333333332,64.45182724252491,61.240310077519375,69.43521594684385,42.524916943521596,34.772978959025465,54.48504983388703,7.444444444444444,38.29521963824289
2399,映泰,電腦及週邊,37.5,351353442.0375,True,57.05263157894736,52.25537820957668,-10.32,2026-06-01,False,68.42105263157895,-22.68041237113402,-0.06442770824057653,68.18181818181817,-30.26,68.32779623477298,9.413067552602437,14.507198228128459,36.04651162790697,6.2015503875969,26.899224806201552,7.222222222222221,50.545865633074925
9914,美利達,其他,78.0,351267485.58,True,41.46800501882058,64.05274115197778,-5.51,2026-06-01,False,54.54545454545454,5.978260869565226,0.059461755482304555,65.82278481012658,-5.013333333333333,53.98671096345515,83.61018826135106,77.8516057585825,29.568106312292358,23.477297895902545,53.69878183831672,10.777777777777779,27.680601698043557
2302,麗正,電子零組件,41.5,349558887.575,True,83.84982121573302,28.79944482997918,45.71,2026-06-01,False,49.65034965034965,-11.889596602972402,-0.01725194450788628,74.90974729241877,14.056666666666665,48.28349944629014,30.011074197120706,35.437430786267996,54.59579180509413,75.41528239202658,48.74861572535991,72.88888888888889,61.43927648578811
4576,大銀微系統,機械,196.5,347836940.05,True,46.273291925465834,60.4441360166551,62.56,2026-06-01,False,77.41935483870968,-1.99501246882793,-0.02441424753880681,69.06854130052724,12.266666666666673,76.74418604651163,61.683277962347724,30.34330011074197,38.205980066445186,72.75747508305648,55.946843853820596,81.88888888888889,58.7889442598745
8086,宏捷科,半導體,121.5,336689011.65,True,20.90188909201706,78.69535045107564,16.05,2026-06-01,False,90.4,-13.829787234042554,-0.09379666071754812,67.87709497206704,-18.09,91.14064230343301,25.47065337763012,9.191583610188262,34.99446290143965,10.520487264673312,34.263565891472865,40.666666666666664,60.3327796234773
4551,智伸科,汽車組件,182.0,336514766.575,True,87.52043596730246,23.59472588480222,30.66,2026-06-01,False,27.77777777777778,-19.11111111111111,0.009906847576328743,64.53900709219859,5.399999999999999,27.906976744186046,16.27906976744186,55.26024363233666,26.356589147286826,55.592469545957925,36.27906976744187,60.111111111111114,49.52390180878553
8454,富邦媒,數位雲端,244.5,334031583.925,True,17.00272479564033,81.54059680777237,6.5,2026-06-01,False,44.0,-24.88479262672811,0.014818821810933866,54.39377085650723,2.526666666666667,42.691029900332225,6.976744186046512,58.4717607973422,7.862679955703211,45.071982281284605,32.21483942414174,25.77777777777778,42.33868586194168
2812,台中銀,本國銀行,20.75,333273796.4925,True,79.56403269754769,34.004163775156144,16.56,2026-06-01,False,22.22222222222222,4.797979797979794,0.30867908801631394,87.0020964360587,-21.686666666666664,22.03765227021041,80.62015503875969,99.55703211517165,82.61351052048727,8.970099667774086,58.75968992248063,41.94444444444444,41.49386304909561
6903,巨漢,電子設備,343.5,325727570.675,True,56.50485436893204,52.532963219986115,163.86,2026-06-01,False,70.4225352112676,-7.036535859269283,0.018932135524318296,79.14746543778803,-66.15666666666667,70.21040974529346,44.29678848283499,60.90808416389811,64.78405315614619,3.322259136212625,48.70431893687708,95.11111111111111,71.45219638242894
8155,博智,印刷電路板,304.5,321370554.0,True,81.14441416893733,32.06106870229007,31.9,2026-06-01,False,64.1025641025641,-17.029972752043594,-0.005454847874345943,66.70317634173057,1.6166666666666671,63.89811738648948,19.4905869324474,44.73975636766335,31.67220376522702,41.19601328903654,40.199335548172755,61.33333333333333,59.35326688815061
3675,德微,電子零組件,240.0,318460125.1,True,96.89373297002724,7.98056904927134,29.99,2026-06-01,False,16.783216783216783,-33.24061196105703,-0.0031866462974039778,53.333333333333336,5.486666666666665,16.27906976744186,2.2148394241417497,46.179401993355484,6.976744186046512,56.035437430786274,25.537098560354377,59.333333333333336,45.093576965669996
6284,佳邦,電子零組件,79.5,318063793.035,True,89.04632152588556,21.616932685634975,6.58,2026-06-01,False,37.06293706293706,-17.014613778705634,-0.10233620082471935,64.11290322580645,12.003333333333334,36.434108527131784,19.601328903654487,7.973421926910299,24.916943521594686,72.31450719822813,32.248062015503876,26.222222222222225,41.99298634182355
8182,加高,電子零組件,40.25,315248860.545,True,97.71117166212534,4.094378903539209,5.56,2026-06-01,False,4.545454545454546,-24.90671641791045,-0.0055323093721467405,68.22033898305084,-1.0399999999999991,2.934662236987818,6.866002214839424,44.629014396456256,36.32336655592469,33.27796234772979,24.806201550387595,24.0,39.09800664451827
4973,廣穎,半導體,142.5,314230996.85,True,53.26662742789876,55.378209576682856,197.3,2026-06-01,False,77.60000000000001,-20.833333333333336,0.004299881903005617,67.85714285714286,33.77000000000001,76.85492801771872,13.565891472868216,51.49501661129568,34.883720930232556,91.9158361018826,53.74307862679956,95.77777777777777,73.48763381321521
4977,眾達-KY,通信網路,133.5,309325133.575,True,71.17166212534059,41.464260929909784,8.08,2026-06-01,False,56.52173913043478,-18.84498480243161,0.02067678205849663,49.35304990757856,23.523333333333333,55.924695459579176,17.16500553709856,61.904761904761905,4.097452934662237,87.37541528239203,45.293466223698786,28.77777777777778,42.908730158730165
3014,聯陽,半導體,131.0,308114526.2,True,58.36512261580381,51.526717557251914,-1.12,2026-06-01,False,75.2,-15.210355987055015,-0.008396075364149646,77.74480712166172,3.4033333333333333,74.97231450719822,23.366555924695458,41.6389811738649,61.35105204872646,48.72646733111849,50.011074197120706,15.555555555555555,57.12809154669619
8422,可寧衛*,資源回收,25.7,301488497.4375,True,95.47683923705722,11.276891047883414,50.34,2026-06-01,False,14.285714285714285,-9.026548672566374,-0.0651938934679816,10.280000000000001,-29.14666666666666,13.178294573643413,36.98781838316722,14.174972314507198,0.22148394241417496,6.533776301218161,14.219269102990035,76.11111111111111,38.13076781100037
8110,華東,半導體,41.4,300246534.96999997,True,11.81646763042112,85.56557945870922,16.26,2026-06-01,False,93.60000000000001,-27.368421052631582,-0.09355292821557834,47.04545454545455,-0.8199999999999967,93.68770764119601,4.540420819490587,9.30232558139535,3.211517165005537,33.88704318936877,28.92580287929125,41.333333333333336,58.42303433001108
6640,均華,電子設備,942.0,299870814.5,True,75.5858310626703,37.92505204718945,0.33,2026-06-01,False,59.154929577464785,-3.877551020408163,-0.08718216011871052,53.52272727272728,-32.76666666666667,58.25027685492802,55.48172757475083,10.96345514950166,7.308970099667775,5.537098560354374,27.50830564784053,17.333333333333336,31.85271317829458
5471,松翰,半導體,54.9,298308401.65,True,92.37057220708446,16.481609993060374,47.67,2026-06-01,False,27.200000000000003,-6.153846153846156,0.0018514011117977923,81.2130177514793,14.20666666666667,27.242524916943523,46.62236987818383,49.390919158361015,70.54263565891473,75.96899224806202,53.95348837209302,74.22222222222223,56.34625322997416
6491,晶碩,醫療耗材,338.0,293432382.225,True,30.369026013309135,71.26995142262318,33.94,2026-06-01,False,45.45454545454545,4.968944099378882,0.2407598217183997,89.41798941798942,3.756666666666664,44.13067552602436,81.17386489479512,98.2281284606866,87.26467331118494,50.27685492801772,72.21483942414174,64.33333333333333,53.63870431893688
6155,鈞寶,電子零組件,55.0,292713220.75,True,89.31880108991825,21.30464954892436,47.94,2026-06-01,False,36.36363636363637,-36.120789779326365,0.012587440788570364,55.83756345177665,12.403333333333329,35.603543743078625,1.3289036544850499,57.14285714285714,8.970099667774086,73.08970099667775,35.22702104097453,74.5,54.436184939091916
2354,鴻準,電子零組件,56.2,291992076.06,True,87.02997275204359,24.288688410825817,10.66,2026-06-01,False,41.25874125874126,2.367941712204015,0.022492206632625675,73.65661861074706,37.10666666666667,40.310077519379846,74.4186046511628,63.12292358803987,52.38095238095239,92.80177187153932,64.60686600221484,32.111111111111114,37.59588409007014
6477,安集,光電及I/O,36.55,286527140.0675,True,96.09053497942386,9.854267869535045,-10.45,2026-06-01,False,13.846153846153847,23.479729729729716,0.009406458909360874,79.9781181619256,-14.206666666666667,12.513842746400886,97.56367663344408,54.59579180509413,67.109634551495,13.067552602436322,48.97009966777408,7.000000000000001,22.264950166112953
3088,艾訊,電腦及週邊,141.5,286507252.025,True,98.9100817438692,1.7349063150589867,48.37,2026-06-01,False,10.526315789473683,4.044117647058823,0.09110816463534702,91.88311688311688,-6.060000000000002,9.30232558139535,78.95902547065337,84.0531561461794,91.36212624584718,20.59800664451827,56.854928017718706,74.83333333333333,49.13468992248062
3305,昇貿,印刷電路板,108.0,286007742.225,True,63.705722070844686,47.74462179042332,76.0,2026-06-01,False,82.05128205128204,-16.602316602316602,-0.08672685926935433,64.4776119402985,6.819999999999993,82.83499446290143,21.040974529346624,11.184939091915837,26.135105204872644,61.12956810631229,40.46511627906977,86.55555555555556,68.62117017349576
2374,佳能,消費性電子,68.1,285912531.67499995,True,25.7285595337219,74.73976405274115,18.97,2026-06-01,False,80.0,-8.957219251336902,0.010306838630258257,63.64485981308411,-17.47,80.1218161683278,37.098560354374314,55.48172757475083,23.366555924695458,10.96345514950166,41.40642303433002,45.27777777777778,52.91689737910668
7751,竑騰,電子設備,1255.0,282499641.5,True,55.203619909502265,53.43511450381679,67.24,2026-06-01,False,71.83098591549296,-7.037037037037037,-0.05295017623341187,46.224677716390424,3.710000000000001,71.6500553709856,44.18604651162791,18.05094130675526,3.10077519379845,50.055370985603545,37.40863787375415,83.66666666666667,53.557862679955704
2855,統一證,證券,45.0,278237589.13250005,True,39.89100817438692,64.74670367800138,199.02,2026-06-01,False,25.0,-10.0,-0.033464359134059485,76.14213197969542,-344.1766666666666,24.916943521594686,34.883720930232556,25.802879291251386,57.475083056478404,1.3289036544850499,28.881506090808422,95.88888888888889,60.849298634182354
3135,凌航,半導體,160.0,278037333.2,True,3.404255319148936,92.15822345593338,150.02,2026-06-01,False,96.8,-13.978494623655912,0.012037495621262535,61.42034548944337,-180.75333333333336,95.90254706533776,25.13842746400886,56.69988925802879,18.715393133997786,1.550387596899225,39.60132890365448,94.44444444444444,70.98098929494279
4915,致伸,光電及I/O,65.1,277617782.16,True,50.190735694822884,58.396946564885496,27.58,2026-06-01,False,63.07692307692307,-11.428571428571436,-0.021495697614512168,73.2283464566929,9.693333333333332,62.56921373200443,31.007751937984494,32.115171650055366,50.498338870431894,67.33111849390919,48.70431893687707,55.77777777777778,59.4593946105574
3498,陽程,電子設備,108.0,274613352.2,True,52.05761316872428,56.97432338653713,50.69,2026-06-01,False,78.87323943661971,-4.424778761061947,-0.06483757646917052,67.5,-34.510000000000005,78.29457364341084,52.93466223698782,14.396456256921372,34.33001107419712,5.426356589147287,37.07641196013289,76.22222222222223,58.978036175710585
4707,磐亞,清潔劑,31.8,274592884.1,True,99.12806539509536,1.4920194309507286,30.81,2026-06-01,False,20.0,15.426497277676951,0.005646883175388222,70.66666666666667,38.58,20.044296788482836,95.23809523809523,52.49169435215947,42.857142857142854,93.13399778516057,60.753045404208194,60.333333333333336,31.99916943521595
3577,泓格,電腦及週邊,136.0,273372742.225,True,87.24795640326975,23.941707147814018,85.37,2026-06-01,False,26.31578947368421,15.254237288135593,-0.012810197900991147,84.472049689441,24.516666666666673,26.411960132890368,95.12735326688815,38.759689922480625,77.0764119601329,88.03986710963456,65.08305647840533,88.33333333333333,49.17358803986711
2485,兆赫,通信網路,40.6,271695974.45750004,True,90.95840867992767,18.45940319222762,80.93,2026-06-01,False,28.26086956521739,-22.222222222222225,0.10221730465540346,49.8159509202454,37.43000000000001,28.57142857142857,10.631229235880399,86.60022148394242,4.318936877076411,92.9125138427464,44.606866002214836,87.83333333333333,52.523117386489474
8255,朋程,電子零組件,146.5,268622934.6,True,54.550408719346045,54.19847328244275,5.78,2026-06-01,False,74.12587412587412,-16.28571428571429,-0.056689339071506896,68.29836829836829,11.653333333333332,73.421926910299,21.59468438538206,16.72203765227021,36.434108527131784,71.42857142857143,43.9202657807309,24.444444444444443,53.17644887412329
8227,巨有科技,半導體,150.5,268347452.85,True,18.685121107266436,80.36086051353227,88.44,2026-06-01,False,91.2,-19.518716577540108,-0.03257509707985044,60.44176706827309,-35.25,91.9158361018826,15.83610188261351,26.245847176079735,15.83610188261351,5.204872646733112,31.0077519379845,89.0,70.22895902547066
5285,界霖,半導體,76.5,266967579.96000004,True,81.19891008174388,31.852879944482996,14.12,2026-06-01,False,48.8,-23.346693386773545,0.05193294912999313,69.54545454545455,-6.213333333333333,47.61904761904761,8.416389811738648,74.75083056478405,39.64562569213732,20.26578073089701,38.13953488372093,37.111111111111114,53.98984865263935
6658,聯策,電子設備,155.5,265528162.975,True,47.95763993948563,59.541984732824424,51.6,2026-06-01,False,84.50704225352112,-26.995305164319248,0.002421878707901705,60.505836575875485,42.21333333333334,85.16057585825027,5.204872646733112,49.944629014396455,16.057585825027683,93.68770764119601,50.011074197120706,76.88888888888889,68.22554448135843
9939,宏全,塑膠製品,129.0,265025994.55,True,65.99455040871935,46.21790423317141,12.13,2026-06-01,False,46.224417784050814,0.0,0.08531748659788303,86.86868686868688,-0.033333333333333215,45.29346622369878,66.38981173864894,83.05647840531562,82.33665559246954,35.326688815060905,62.48062015503875,34.11111111111111,48.837855297157624
2233,宇隆,汽車組件,205.0,260291619.725,True,94.98637602179836,12.421929215822345,7.58,2026-06-01,False,16.666666666666664,-4.205607476635514,0.06905915296259925,53.73525557011796,1.96,15.946843853820598,53.820598006644516,79.84496124031007,7.530454042081949,42.414174972314505,39.91140642303432,28.000000000000004,24.41417497231451
2495,普安,光電及I/O,36.65,256366415.97750005,True,80.23839397741531,32.96321998612075,40.29,2026-06-01,False,41.53846153846154,-27.137176938369777,0.000619286324622524,68.12267657992565,-14.446666666666673,40.53156146179402,4.983388704318937,48.50498338870432,35.548172757475086,12.956810631229235,28.504983388704318,69.22222222222221,60.07964193429309
2329,華泰,半導體,44.45,256143058.41000003,True,50.095359186268276,58.50104094378904,3.62,2026-06-01,False,80.0,-16.760299625468157,-0.177628167750442,63.59084406294706,-0.4233333333333329,80.1218161683278,20.487264673311184,1.7718715393133997,23.25581395348837,34.55149501661129,32.03765227021041,21.333333333333336,51.05592469545958
3022,威強電,電腦及週邊,91.7,255887751.23000002,True,99.78201634877384,0.4510756419153366,79.97,2026-06-01,False,2.631578947368421,12.79212792127922,0.09508830098267965,97.24284199363733,23.75333333333333,1.6057585825027685,93.35548172757476,85.04983388704319,97.00996677740864,87.48615725359912,72.90143964562569,87.33333333333333,48.1483942414175
2436,偉詮電,半導體,58.2,254284907.88000003,True,10.95367847411444,85.91256072172104,18.28,2026-06-01,False,94.39999999999999,-17.796610169491515,-0.01997416218516452,72.29813664596274,-6.676666666666666,94.46290143964563,17.940199335548172,33.44407530454042,47.61904761904761,19.601328903654487,42.61351052048727,43.77777777777778,66.97988187523072
2637,慧洋-KY,海運,82.3,250259744.19,True,64.79564032697547,46.77307425399028,57.92,2026-06-01,False,36.36363636363637,14.783821478382139,0.2588045373803047,97.16646989374262,16.24666666666667,35.603543743078625,95.01661129568106,98.33887043189368,96.89922480620154,79.51273532668881,81.07419712070876,79.55555555555556,54.260428202288665
9958,世紀鋼,基本金屬,109.0,249694931.375,True,0.8719346049046321,96.32199861207495,64.09,2026-06-01,False,100.0,-2.6785714285714284,-0.008029211380561035,53.69458128078818,22.360000000000007,98.67109634551495,60.02214839424141,42.30343300110742,7.419712070874862,86.04651162790698,58.89258028792913,82.22222222222221,57.07272056109265
8114,振樺電,電腦及週邊,217.5,249490179.1,True,44.141689373297005,62.00555170020819,19.14,2026-06-01,False,82.45614035087719,17.56756756756757,0.13110472284226432,76.71957671957672,27.78,83.05647840531562,96.29014396456257,89.92248062015504,58.80398671096345,90.03322259136213,83.62126245847176,45.44444444444444,47.753691399040235
4739,康普,其他化學,81.8,246868270.84499997,True,19.336051252184042,80.08327550312283,113.79,2026-06-01,False,75.0,-22.830188679245285,-0.06821548485926068,62.92307692307693,-3.203333333333333,74.47397563676633,9.080841638981173,13.510520487264674,21.705426356589147,28.23920265780731,29.40199335548173,91.88888888888889,69.7468623108158
2466,冠西電,光電及I/O,93.9,246783887.625,True,45.61140285071268,60.99930603747398,53.03,2026-06-01,False,67.6923076923077,61.896551724137936,0.06626986297864645,76.9672131147541,55.50666666666667,67.88482834994463,99.88925802879291,79.51273532668881,59.2469545957918,96.01328903654485,80.5094130675526,77.88888888888889,51.2828534514581
9921,巨大,其他,85.5,245234463.60999998,True,96.21993127147766,9.576682859125608,15.98,2026-06-01,False,9.090909090909092,11.76470588235294,0.02334805641810086,72.15189873417721,9.766666666666666,7.530454042081949,92.13732004429679,63.45514950166113,47.39756367663344,67.66334440753046,55.63676633444076,40.55555555555556,25.83656330749354
8464,億豐,五金及家具,379.0,243535506.325,True,33.787465940054496,68.80638445523942,11.73,2026-06-01,False,80.0,8.131241084165477,0.041871245611792826,75.87587587587588,8.493333333333334,80.1218161683278,87.70764119601328,70.54263565891473,56.810631229235874,64.89479512735326,72.01550387596899,33.666666666666664,45.722868217054256
4908,前鼎,通信網路,143.0,243353820.95,True,96.40326975476839,9.090909090909092,29.72,2026-06-01,False,10.869565217391305,-22.702702702702705,0.04158166990327733,48.722316865417376,5.316666666666666,9.523809523809524,9.30232558139535,70.32115171650055,3.9867109634551494,55.03875968992248,29.63455149501661,58.333333333333336,40.63538205980066
6538,倉和,光電及I/O,126.5,242175369.675,True,96.85569904548007,8.258154059680777,46.5,2026-06-01,False,10.76923076923077,6.302521008403361,-0.028205872577109655,81.08974358974359,41.57,9.413067552602437,84.27464008859357,28.23920265780731,69.8781838316722,93.57696566998892,57.07641196013289,73.44444444444444,42.11526393503138
8936,國統,金屬製品,53.1,242058432.41500002,True,11.553133514986376,85.63497571131158,21.24,2026-06-01,False,100.0,-9.693877551020401,-0.007443930487736779,76.62337662337663,7.333333333333332,98.67109634551495,35.21594684385382,42.74640088593577,58.58250276854928,62.347729789590254,59.51273532668881,48.22222222222222,67.56496862310816
3147,大綜,資訊服務,230.0,240851193.275,True,97.27520435967303,5.968077723802915,334.53,2026-06-01,False,2.272727272727273,-25.925925925925924,-0.056813110261537965,65.71428571428571,-77.82,1.2181616832779625,5.980066445182724,16.611295681063122,29.12513842746401,2.6578073089700998,11.118493909191583,98.11111111111111,55.61858619416759
2421,建準,電子零組件,131.5,239293865.475,True,31.498637602179834,70.68008327550312,18.65,2026-06-01,False,87.41258741258741,-4.014598540145985,-0.03794551585074116,69.39313984168865,2.4599999999999973,88.03986710963456,54.59579180509413,23.69878183831672,39.42414174972315,44.73975636766335,50.09966777408638,44.83333333333333,54.42538759689922
2498,宏達電,消費性電子,41.6,238279888.5875,True,53.45744680851063,55.031228313671065,-8.53,2026-06-01,False,45.0,-3.0303030303030236,-0.026077633804674722,55.83892617449665,2.8066666666666666,43.521594684385384,58.80398671096345,29.568106312292358,9.080841638981173,46.179401993355484,37.43078626799557,8.666666666666668,25.616279069767444
3441,聯一光,消費性電子,70.7,238208683.425,True,85.37291817523534,26.162387231089525,73.63,2026-06-01,False,25.0,-15.430622009569369,-0.031653637509979494,76.1853448275862,18.72333333333333,24.916943521594686,23.034330011074196,26.578073089701,57.696566998892585,82.281284606866,42.90143964562569,86.0,61.39479512735327
3592,瑞鼎,半導體,239.0,238078050.075,True,71.0909090909091,41.568355308813324,18.59,2026-06-01,False,64.0,-9.297912713472485,0.008564244008489852,67.89772727272727,1.913333333333334,63.78737541528239,35.880398671096344,53.931339977851614,35.10520487264673,42.08194905869325,46.15725359911407,44.666666666666664,51.91971207087486
8070,長華*,電子通路,47.1,237665027.3375,True,96.33479212253829,9.299097848716169,32.82,2026-06-01,False,10.204081632653061,-12.290502793296092,-0.03565315766116382,72.12863705972435,3.716666666666665,8.970099667774086,28.792912513842744,24.473975636766333,47.286821705426355,50.16611295681063,31.937984496124027,62.66666666666667,47.53266888150609
6190,萬泰科,電子零組件,71.2,235561156.74500003,True,97.43869209809264,5.378209576682859,28.78,2026-06-01,False,12.237762237762238,-12.745098039215677,-0.02555454046892937,77.3913043478261,-4.079999999999998,10.908084163898117,27.464008859357698,29.789590254706532,60.13289036544851,25.359911406423034,30.730897009966775,57.22222222222222,50.199796973052784
3596,智易,通信網路,185.0,234019518.95,True,53.2425068119891,55.517002081887576,3.96,2026-06-01,False,65.21739130434783,1.9283746556473829,0.10134204280333767,74.14829659318637,0.8433333333333328,65.11627906976744,73.64341085271317,86.26799557032115,53.48837209302325,38.53820598006645,63.41085271317829,21.666666666666668,41.656976744186046
5309,系統電,汽車組件,52.6,233318041.05000004,True,83.80035026269702,29.07702984038862,4.19,2026-06-01,False,33.33333333333333,-14.748784440842789,-0.07707974966697397,64.30317848410758,-4.853333333333333,33.5548172757475,24.14174972314507,12.624584717607974,25.249169435215947,23.809523809523807,23.875968992248062,22.0,39.165559246954594
6715,嘉基,電子零組件,398.0,232745056.375,True,95.70628500311139,11.034004163775156,-9.2,2026-06-01,False,19.58041958041958,-12.527472527472527,-0.19277164813326128,69.94727592267135,6.39666666666667,19.158361018826135,28.12846068660022,1.550387596899225,40.64230343300111,59.91140642303433,29.878183831672203,8.333333333333332,35.00138427464009
3551,世禾,電子設備,183.5,232651582.675,True,88.39237057220708,22.276197085357392,26.06,2026-06-01,False,40.845070422535215,-3.421052631578948,-0.0061172866184654555,81.55555555555556,6.196666666666665,39.97785160575858,57.475083056478404,44.18604651162791,71.6500553709856,59.02547065337763,54.46290143964562,53.22222222222223,51.843761535622
3704,合勤控,通信網路,46.25,230793351.785,True,78.79564381806534,35.04510756419153,47.87,2026-06-01,False,50.0,7.55813953488372,0.019053671710890764,92.77833500501504,7.073333333333338,49.16943521594684,86.93244739756368,61.12956810631229,92.02657807308971,61.904761904761905,70.23255813953489,74.33333333333333,57.149224806201545
6788,華景電,電子設備,341.5,228720497.95,True,58.80341880341881,50.79805690492714,6.32,2026-06-01,False,69.01408450704226,-19.075829383886255,-0.017796488546503498,65.2963671128107,-4.546666666666667,68.88150609080841,16.389811738648948,34.883720930232556,27.796234772978963,24.25249169435216,34.44075304540421,25.222222222222225,51.37753783684016
2402,毅嘉,印刷電路板,56.7,225349145.58500004,True,75.70960698689956,37.751561415683554,21.7,2026-06-01,False,76.92307692307693,-11.544461778471128,-0.06832607324358109,72.97297297297297,4.876666666666665,76.19047619047619,30.78626799557032,13.399778516057587,49.72314507198228,54.15282392026578,44.85049833887043,48.66666666666667,60.94850498338871
3059,華晶科,消費性電子,40.35,224902736.34249997,True,39.40054495912806,65.23247744621791,3.02,2026-06-01,False,65.0,-16.546018614270942,0.04453937769913793,64.04761904761905,-3.563333333333333,64.95016611295681,21.262458471760798,72.09302325581395,24.473975636766333,26.46733111849391,41.84939091915836,20.444444444444446,47.1515319306017
6712,長聖,生物科技,148.0,224109343.5,True,36.65835411471321,66.96738376127689,16.08,2026-06-01,False,80.0,0.3389830508474576,0.017221094085924045,79.14438502673798,-6.359999999999999,80.1218161683278,67.55260243632335,60.02214839424141,64.6733111849391,20.044296788482836,58.48283499446289,41.0,54.56063122923588
6214,精誠,資訊服務,145.5,223689501.625,True,32.80653950953678,69.50034698126302,76.9,2026-06-01,False,59.09090909090909,13.671875,0.20023516468455077,92.08860759493672,26.556666666666672,58.028792912513836,94.13067552602436,96.12403100775194,91.47286821705426,88.81506090808416,85.71428571428571,86.8888888888889,60.564968623108165
1319,東陽,汽車組件,73.0,219686209.25499997,True,20.0,79.52810548230396,3.04,2026-06-01,False,91.66666666666666,-5.562742561448896,-0.09056958729869587,63.47826086956522,5.883333333333334,92.58028792912513,49.28017718715393,10.077519379844961,22.812846068660022,57.91805094130675,46.53377630121816,20.555555555555554,46.6671280915467
1809,中釉,玻璃陶瓷,36.9,217500494.92249998,True,66.85032139577594,45.38514920194309,4.54,2026-06-01,False,50.0,-22.88401253918496,0.017270861246894628,61.91275167785234,6.256666666666667,49.16943521594684,8.970099667774086,60.13289036544851,19.601328903654487,59.2469545957918,39.42414174972315,22.77777777777778,45.64461055740125
4760,勤凱,電子零組件,241.0,217385331.2,True,82.94183445190157,30.11797362942401,64.8,2026-06-01,False,53.14685314685315,-23.49206349206349,0.009930179159899495,51.49572649572649,0.5633333333333326,52.49169435215947,8.194905869324474,55.370985603543744,5.204872646733112,37.54152823920266,31.76079734219269,82.66666666666667,58.0420819490587
2606,裕民,海運,62.8,214723989.225,True,32.207084468664846,69.98612074947953,35.52,2026-06-01,False,63.63636363636363,5.369127516778517,0.22370727713861555,86.62068965517241,-3.136666666666663,63.34440753045404,82.39202657807309,97.45293466223698,81.3953488372093,28.460686600221486,70.60908084163898,65.44444444444444,56.94804355850867
3694,海華,通信網路,59.4,213890940.55,True,37.38769868693849,66.41221374045801,-4.76,2026-06-01,False,69.56521739130434,6.642728904847389,-0.027740677279870906,57.11538461538461,1.083333333333334,69.65669988925804,85.49280177187154,28.68217054263566,10.631229235880399,39.31339977851606,46.75526024363235,11.38888888888889,26.546004060538944
6174,安碁,電子零組件,43.6,213876748.99,True,65.55858310626704,46.39139486467731,26.9,2026-06-01,False,67.13286713286713,-19.55719557195572,0.011388997877990572,69.2063492063492,-2.0500000000000007,67.33111849390919,15.725359911406422,56.25692137320044,38.53820598006645,31.118493909191585,41.794019933554814,55.00000000000001,61.28599114064231
6643,M31,半導體,435.5,213865079.8,True,97.09026128266032,7.147814018043026,-23.52,2026-06-01,False,12.0,-5.326086956521739,0.030276255833885754,62.48206599713056,-19.939999999999998,10.686600221483943,50.16611295681063,67.33111849390919,20.70874861572536,9.7452934662237,31.727574750830563,3.2222222222222223,21.112864525655226
9945,潤泰新,建設,26.35,211467480.76000002,True,44.52316076294278,61.762664816099935,29.57,2026-06-01,False,47.45762711864407,-0.9398496240601504,-0.007108180288265124,82.47261345852895,-23.879999999999995,46.29014396456257,64.34108527131784,43.30011074197121,73.86489479512736,7.973421926910299,47.15393133997786,57.99999999999999,53.45348837209302
2355,敬鵬,印刷電路板,40.8,211171719.55249998,True,42.68774703557312,62.94240111034004,4.44,2026-06-01,False,89.74358974358975,-21.083172147001942,0.016552337374525217,60.895522388059696,0.04999999999999982,90.47619047619048,12.73532668881506,59.68992248062015,17.386489479512733,35.880398671096344,43.23366555924695,22.22222222222222,54.337393872277595
1434,福懋,成衣,18.5,208256079.45499998,True,72.91553133514986,39.97224149895906,-1.45,2026-06-01,False,26.31578947368421,10.77844311377246,-0.005245475583542066,94.62915601023018,-1.1366666666666665,26.411960132890368,91.14064230343301,45.071982281284605,95.01661129568106,32.89036544850498,58.1063122923588,15.0,36.321982281284605
3265,台星科,半導體,161.5,208108828.025,True,91.77111716621253,17.279666897987507,3.58,2026-06-01,False,28.799999999999997,-8.238636363636363,-0.05865316590483405,83.4625322997416,-17.596666666666664,29.014396456256918,40.19933554817276,16.27906976744186,75.41528239202658,10.852713178294573,34.35215946843854,21.11111111111111,46.335363602805465
2103,台橡,橡膠原料,22.2,207601349.57750002,True,81.865889212828,30.950728660652327,40.24,2026-06-01,False,31.051517290049404,9.629629629629626,0.04705488472696926,86.71874999999999,9.513333333333332,31.33997785160576,90.47619047619048,73.20044296788483,81.72757475083057,66.99889258028793,68.74861572535991,69.11111111111111,47.92561830933924
6432,今展科,電子零組件,76.3,206026509.15500003,True,96.1307901907357,9.784871616932685,18.87,2026-06-01,False,18.181818181818183,1.7333333333333294,-0.01075678096458602,87.80207134637513,1.2633333333333319,17.60797342192691,72.75747508305648,39.97785160575858,84.71760797342192,39.756367663344406,50.963455149501655,45.0,43.642026578073086
6579,研揚,電腦及週邊,169.5,203876053.75,True,84.85013623978202,26.995142262317835,47.1,2026-06-01,False,28.07017543859649,12.624584717607974,0.07170964628261978,92.37057220708446,12.86333333333333,28.23920265780731,93.02325581395348,80.84163898117387,91.80509413067553,73.86489479512736,73.55481727574752,73.88888888888889,50.227482465854564
2393,億光,光電及I/O,64.5,203685767.54999998,True,46.212534059945504,60.51353226925747,10.58,2026-06-01,False,66.15384615384615,-4.5857988165680394,-0.22125540198847926,83.76623376623377,4.623333333333333,65.66998892580288,52.49169435215947,1.2181616832779625,76.19047619047619,53.266888150609084,49.76744186046511,32.0,55.3421926910299
2006,東和鋼鐵,基本金屬,73.0,201890469.45499998,True,43.18429661941112,62.80360860513532,9.01,2026-06-01,False,67.56756756756756,4.584527220630377,0.21458344084100572,87.52997601918464,5.550000000000001,67.66334440753046,79.95570321151716,96.78848283499445,84.38538205980066,56.810631229235874,77.12070874861573,30.0,50.52325581395348
5864,致和證,證券,32.75,200291524.82000002,True,13.710777626193723,84.10825815405968,107.08,2026-06-01,False,75.0,-26.238738738738736,-0.1351891941437223,61.100746268656714,-724.4033333333332,74.47397563676633,5.758582502768549,4.097452934662237,17.940199335548172,0.8859357696566998,20.631229235880397,91.55555555555556,69.55278700627538
6693,廣閎科,半導體,172.5,200288030.35,True,84.19753086419753,28.105482303955586,106.98,2026-06-01,False,43.2,-21.945701357466064,0.008669968114564242,62.38698010849909,4.36666666666666,41.86046511627907,11.295681063122924,54.0420819490587,20.376522702104097,52.49169435215947,36.013289036544855,91.44444444444444,60.596437799926164
3402,漢科,電子設備,130.0,199968581.425,True,91.33514986376022,17.973629424011104,29.9,2026-06-01,False,30.985915492957744,-7.473309608540925,0.029388537500368017,82.27848101265823,7.363333333333333,31.22923588039867,42.524916943521596,66.66666666666666,73.64341085271317,62.56921373200443,55.326688815060905,59.0,55.336932447397565
5284,jpp-KY,電子零組件,285.0,199917958.425,True,67.16077537058153,45.176960444136014,32.06,2026-06-01,False,65.73426573426573,-19.718309859154928,-0.034884047064813184,61.95652173913043,-11.283333333333331,65.55924695459579,15.503875968992247,25.249169435215947,19.82281284606866,14.728682170542637,28.172757475083056,61.611111111111114,57.87232373569583
7822,倍利科,電子設備,865.0,199319221.4,True,8.641975308641975,88.13324080499653,50.72,2026-06-01,False,97.1830985915493,-22.421524663677133,-0.029270095091098954,47.397260273972606,-18.78,96.12403100775194,10.299003322259136,27.906976744186046,3.322259136212625,10.409745293466225,29.612403100775197,76.44444444444444,66.39793281653746
3587,閎康,檢測驗證,246.5,197074970.925,True,94.38692098092642,13.566967383761277,11.01,2026-06-01,False,20.0,-11.17117117117117,-0.018426033633054617,62.247474747474755,-9.126666666666667,20.044296788482836,32.22591362126246,34.55149501661129,20.155038759689923,17.05426356589147,24.80620155038759,32.72222222222222,35.173911037283126
2633,台灣高鐵,陸運,26.05,196692596.69249997,True,16.51226158038147,81.67938931297711,2.77,2026-06-01,False,81.65137614678899,0.0,0.03764820417120902,90.76655052264809,-1.4033333333333329,82.17054263565892,66.38981173864894,69.65669988925804,89.25802879291251,31.893687707641195,67.87375415282392,19.77777777777778,56.20413436692507
2483,百容,半導體,36.15,196662465.92000002,True,71.22615803814713,41.360166551006245,34.28,2026-06-01,False,63.2,-35.098743267504496,0.044937999431212676,51.71673819742488,13.446666666666669,62.7906976744186,1.4396456256921373,72.31450719822813,5.758582502768549,74.52934662236987,43.366555924695454,64.55555555555556,57.91629752676265
3028,增你強,電子通路,64.1,195753687.265,True,41.525885558583106,63.91394864677308,65.62,2026-06-01,False,79.59183673469387,-20.766378244746615,-0.09393869930556122,75.94786729857819,-25.85666666666667,79.18050941306755,13.732004429678849,9.080841638981173,57.25359911406424,7.530454042081949,33.35548172757475,82.88888888888889,76.39774824658545
1597,直得,機械,128.5,191514817.225,True,85.01362397820164,26.682859125607216,45.25,2026-06-01,False,25.806451612903224,-7.885304659498208,0.015585180971991375,58.144796380090504,-10.616666666666667,25.91362126245847,41.52823920265781,58.91472868217055,12.4031007751938,15.503875968992247,30.85271317829457,72.66666666666667,42.363787375415285
6206,飛捷,電腦及週邊,124.0,190090390.6,True,73.40599455040872,39.48646773074254,26.29,2026-06-01,False,47.368421052631575,-1.1952191235059761,0.025503645394915543,86.11111111111111,-12.376666666666665,46.179401993355484,63.67663344407531,64.78405315614619,80.39867109634552,14.06423034330011,53.82059800664452,53.44444444444445,54.08647102251753
2207,和泰車,車輛買賣,498.0,189851067.95,True,7.080200501253133,89.03539208882721,48.36,2026-06-01,False,89.06139731827805,3.5343035343035343,0.11948112000969434,80.19323671497585,17.78333333333333,89.70099667774086,78.29457364341084,88.81506090808416,67.88482834994463,81.3953488372093,81.21816168327796,74.66666666666667,63.48947951273533
6215,和椿,電子設備,95.9,187797527.14,True,63.16076294277929,48.230395558639835,30.49,2026-06-01,False,67.6056338028169,-3.1313131313131257,-0.004996636581428797,61.277955271565496,-21.26,67.77408637873754,58.4717607973422,45.182724252491695,18.383167220376524,9.080841638981173,39.77851605758583,59.88888888888889,46.893595422665186
6664,群翊,電子設備,371.0,186812141.25,True,96.56675749318802,8.813324080499653,19.32,2026-06-01,False,14.084507042253522,0.8152173913043478,-0.010735478614373632,77.29166666666667,7.020000000000001,12.956810631229235,69.9889258028793,40.08859357696567,59.800664451827245,61.683277962347724,48.90365448504983,45.77777777777778,37.13658176448874
8111,立碁,光電及I/O,63.3,185466837.69750002,True,95.36784741144415,11.554476058292853,2.34,2026-06-01,False,18.461538461538463,22.2007722007722,-0.006653423538314421,78.24474660074165,6.076666666666666,18.161683277962346,97.00996677740864,43.521594684385384,62.67995570321152,58.58250276854928,55.99114064230342,19.22222222222222,25.763473606496863
1515,力山,家電製品,32.45,181030597.97,True,80.06535947712419,33.31020124913255,6.37,2026-06-01,False,25.0,6.393442622950829,0.021803823358534813,72.35228539576366,7.956666666666666,24.916943521594686,84.38538205980066,62.67995570321152,47.840531561461795,63.34440753045404,56.633444075304546,25.444444444444443,28.454134366925068
3048,益登,電子通路,49.85,179472338.70499998,True,70.82810539523211,41.98473282442748,60.1,2026-06-01,False,59.183673469387756,-20.87301587301587,-0.04328316225519369,66.28989361702128,12.090000000000003,58.3610188261351,13.399778516057587,21.262458471760798,31.33997785160576,72.53599114064231,39.379844961240316,80.66666666666666,64.24197120708749
2328,廣宇,電子零組件,45.15,178692381.2375,True,97.16621253405995,6.766134628730049,-0.74,2026-06-01,False,15.384615384615385,-5.9375000000000036,-0.06251248843018743,72.82258064516128,4.680000000000001,14.451827242524917,47.50830564784053,15.171650055370986,49.16943521594684,53.48837209302325,35.9579180509413,16.22222222222222,33.08379475821336
3015,全漢,電子零組件,55.1,177702428.97,True,62.67029972752044,48.57737682165163,-14.01,2026-06-01,False,70.62937062937063,-7.705192629815747,0.0149627724152549,73.66310160427808,-1.83,70.32115171650055,42.30343300110742,58.693244739756366,52.49169435215947,31.450719822812843,51.05204872646733,5.555555555555555,46.516242155777036
3004,豐達科,機車船製造,135.0,177322076.425,True,86.93570451436389,24.566273421235255,46.56,2026-06-01,False,25.0,5.88235294117647,0.027418082382603133,84.63949843260188,5.426666666666669,24.916943521594686,83.33333333333334,65.89147286821705,77.40863787375415,55.81395348837209,61.47286821705427,73.55555555555556,48.13695090439276
2605,新興,海運,31.6,177280983.91,True,22.688039457459926,76.75225537820958,51.62,2026-06-01,False,81.81818181818183,7.8498293515358375,0.11704244305939546,72.89504036908882,31.009999999999998,82.55813953488372,87.48615725359912,88.37209302325581,49.390919158361015,90.80841638981174,79.72314507198229,77.0,55.3657253599114
3689,湧德,電子零組件,110.0,176361605.225,True,45.177111716621255,61.34628730048577,72.66,2026-06-01,False,81.81818181818183,-2.2222222222222223,0.01619501085632447,77.46478873239437,26.946666666666665,82.55813953488372,61.12956810631229,59.136212624584715,60.35437430786268,89.25802879291251,70.48726467331119,85.44444444444444,66.80684754521964
6509,聚和,其他化學,46.75,174801516.48250002,True,33.950953678474114,68.52879944482999,8.49,2026-06-01,False,62.5,-1.1627906976744127,-0.004461225341585721,81.30434782608695,4.216666666666667,62.01550387596899,63.78737541528239,45.73643410852713,70.87486157253599,51.82724252491694,58.84828349944629,29.333333333333332,49.609080841638985
2465,麗臺,電腦及週邊,79.0,174539402.73499998,True,70.82601054481546,42.05412907702984,543.89,2026-06-01,False,52.63157894736842,10.027855153203348,0.0469904218948831,88.26815642458101,258.88,52.159468438538205,90.58693244739756,73.08970099667775,85.71428571428571,99.2248062015504,80.15503875968992,98.88888888888889,61.543927648578816
3617,碩天,電子零組件,212.5,173383652.4,True,70.55109070034443,42.33171408743927,25.6,2026-06-01,False,64.33566433566433,1.9184652278177456,0.0299428704849566,82.84600389863547,9.496666666666666,64.00885935769656,73.5326688815061,66.99889258028793,74.64008859357698,66.77740863787376,69.19158361018826,52.55555555555556,54.417958656330754
4772,台特化,其他化學,247.0,173095729.45,True,1.345291479820628,95.35045107564191,272.73,2026-06-01,False,100.0,-5.182341650671785,-0.00015476244494968023,65.69148936170212,31.383333333333354,98.67109634551495,50.3875968992248,48.06201550387597,28.903654485049834,91.14064230343301,63.433001107419706,97.33333333333334,68.63012181616833
6412,群電,電子零組件,82.0,172271622.79500002,True,71.00817438692098,41.67244968771686,-0.77,2026-06-01,False,63.63636363636363,-7.344632768361582,-0.03499203490658673,70.995670995671,6.843333333333334,63.34440753045404,43.30011074197121,24.916943521594686,43.74307862679956,61.35105204872646,47.33111849390919,16.055555555555557,44.96073274270948
6732,昇佳電子,半導體,168.5,172068612.325,True,76.13941018766755,37.335183900069396,-14.88,2026-06-01,False,57.599999999999994,4.3343653250774,-0.03330611961119255,65.69200779727096,1.8400000000000016,56.69988925802879,79.6234772978959,25.91362126245847,29.014396456256918,41.74972314507198,46.600221483942406,5.222222222222222,27.828257659653005
6937,天虹,電子設備,276.0,164783929.625,True,89.41548183254343,21.02706453851492,64.17,2026-06-01,False,38.028169014084504,10.4,0.015439474056116169,78.52062588904694,28.663333333333334,37.098560354374314,91.0299003322259,58.80398671096345,63.23366555924695,90.2547065337763,68.0841638981174,82.33333333333334,47.90891472868218
2548,華固,建設,99.4,164501846.825,True,24.35967302452316,75.71131158917417,-88.82,2026-06-01,False,72.88135593220339,-3.0243902439024333,-0.11423514026660601,75.30303030303031,-12615.72,72.53599114064231,58.91472868217055,6.533776301218161,55.48172757475083,0.11074197120708748,38.715393133997786,0.33333333333333337,42.359080841638985
1709,和益,清潔劑,25.95,162549069.4275,True,70.02724795640327,42.64399722414989,70.14,2026-06-01,False,40.0,23.27790973871733,0.07988453757469753,92.34875444839858,43.870000000000005,38.87043189368771,97.34219269102991,81.83831672203765,91.69435215946844,94.01993355481729,80.7530454042082,84.66666666666667,54.47231450719823
4566,時碩工業,汽車組件,73.3,160546793.26,True,95.65707839819515,11.103400416377514,44.39,2026-06-01,False,13.88888888888889,23.817567567567558,0.05131204760469251,99.05405405405405,24.436666666666667,12.624584717607974,97.89590254706533,74.3078626799557,98.56035437430786,87.81838316722038,74.24141749723144,71.88888888888889,46.294481358434844
3094,聯傑,半導體,35.55,160472224.79500002,True,89.04632152588556,21.616932685634975,74.09,2026-06-01,False,35.199999999999996,-10.45340050377835,-0.0414072724040807,78.5635359116022,36.64333333333334,34.99446290143965,33.88704318936877,22.259136212624583,63.34440753045404,92.69102990033223,49.435215946843854,86.22222222222223,62.66851236618679
1210,大成,油脂飼料,58.1,159926147.025,True,42.01634877384196,63.67106176266481,12.17,2026-06-01,False,40.0,5.253623188405794,0.1514654553063902,93.55877616747182,3.286666666666667,38.87043189368771,81.94905869324474,92.13732004429679,93.57696566998892,48.28349944629014,70.96345514950166,34.22222222222222,46.18014027316353
2305,全友,光電及I/O,31.85,154524813.09750003,True,42.56086564472498,63.08119361554476,142.33,2026-06-01,False,72.3076923076923,-9.25925925925926,-0.0684385145627498,74.6776084407972,35.253333333333345,72.09302325581395,36.21262458471761,13.2890365448505,54.263565891472865,92.24806201550388,53.621262458471755,94.11111111111111,71.06376891842008
6143,振曜,光電及I/O,93.8,154247180.565,True,27.629427792915536,72.93546148507981,30.63,2026-06-01,False,78.46153846153847,3.646408839779002,-0.037706346178260755,61.71052631578947,17.939999999999998,77.9623477297896,78.40531561461795,23.809523809523807,19.158361018826135,81.50609080841639,56.16832779623478,60.0,44.67884828349945
4766,南寶,樹脂,328.5,153662043.8,True,64.46866485013624,47.05065926439973,12.82,2026-06-01,False,50.0,-3.3823529411764706,0.1515345137850173,74.9144811858609,-0.5566666666666666,49.16943521594684,57.58582502768549,92.35880398671097,54.706533776301214,33.99778516057586,57.563676633444075,35.11111111111111,45.350313768918426
3663,鑫科,資源回收,66.0,153430986.97,True,96.87848383500557,8.119361554476058,22.76,2026-06-01,False,9.523809523809524,-8.839779005524868,-0.00823530168476592,71.97382769901853,19.596666666666668,8.194905869324474,37.76301218161684,41.86046511627907,46.95459579180509,83.49944629014396,43.65448504983389,49.888888888888886,41.818844592100405
6861,睿生光電,醫療耗材,207.0,152817614.25,True,90.60568603213845,19.014573213046496,12.61,2026-06-01,False,15.151515151515152,-31.683168316831683,0.08960178698604167,44.8051948051948,-26.95666666666667,13.842746400885936,2.6578073089700998,83.83167220376522,1.9933554817275747,7.087486157253599,21.882613510520486,34.66666666666667,36.96124031007752
2515,中工,營造,11.9,152269165.89749998,True,32.09809264305177,70.09021512838306,-14.32,2026-06-01,False,50.0,-8.1081081081081,-0.03656209531204476,65.02732240437157,-46.123333333333335,49.16943521594684,40.863787375415285,24.25249169435216,27.464008859357698,4.318936877076411,29.21373200442968,5.444444444444444,35.30352528608343
2845,遠東銀,本國銀行,13.4,152187785.035,True,87.68392370572207,23.178348369188065,20.15,2026-06-01,False,11.11111111111111,3.0769230769230793,0.19329817413582043,95.37366548042704,-4.456666666666667,9.800664451827243,76.52270210409745,95.45957918050941,95.5703211517165,24.473975636766333,60.365448504983384,46.666666666666664,43.87873754152824
5243,乙盛-KY,電子零組件,86.5,151902386.35,True,52.58855585831063,56.28036086051353,38.27,2026-06-01,False,76.92307692307693,-12.449392712550605,0.009825817470936332,64.07407407407408,29.560000000000002,76.19047619047619,28.349944629014395,54.928017718715395,24.58471760797342,90.58693244739756,54.928017718715395,68.0,60.10631229235881
2727,王品,餐飲飯店,225.5,150908741.65,True,4.030226700251889,91.6030534351145,16.59,2026-06-01,False,70.83333333333334,-8.519269776876268,-0.089543769457691,90.56224899598394,1.6766666666666676,70.54263565891473,38.648947951273534,10.409745293466225,88.70431893687709,41.41749723145072,49.94462901439646,42.11111111111111,65.67727943890735
3526,凡甲,電子零組件,310.0,150130182.575,True,75.5858310626703,37.92505204718945,29.72,2026-06-01,False,60.13986013986013,1.9736842105263157,-0.10651556039905812,78.48101265822784,-0.9833333333333343,59.800664451827245,73.75415282392026,7.419712070874862,63.01218161683278,33.5548172757475,47.50830564784052,58.333333333333336,51.84800664451827
2867,三商壽,壽險,9.31,148995605.97100002,True,91.66666666666666,17.418459403192227,154.94,2026-05-01,False,17.572335920959777,10.833333333333336,0.3132897276410996,97.89695057833859,144.58666666666667,17.05426356589147,91.58361018826136,99.66777408637874,97.45293466223698,98.44961240310077,80.84163898117387,94.66666666666667,54.397563676633446
5234,達興材料,光電及I/O,329.5,147591007.275,True,83.97820163487738,28.556557945870924,21.77,2026-06-01,False,40.0,-12.71523178807947,-0.11691864547439612,71.32034632034632,10.176666666666666,38.87043189368771,27.685492801771872,5.980066445182724,45.182724252491695,68.10631229235881,37.165005537098565,48.888888888888886,51.314138058324104
1229,聯華,油脂飼料,41.7,147276910.1125,True,24.6866485013624,75.53782095766829,-52.01,2026-06-01,False,50.0,-1.7667844522968195,-0.09268291878618565,82.73809523809524,-16.593333333333334,49.16943521594684,62.7906976744186,9.523809523809524,74.3078626799557,11.184939091915837,41.395348837209305,1.3333333333333335,40.50498338870432
7714,創泓科技,數位雲端,157.5,145498638.225,True,70.92391304347827,41.84594031922276,122.9,2026-06-01,False,12.0,25.49800796812749,0.008007618384451845,75.90361445783132,78.05666666666667,10.686600221483943,98.11738648947951,53.48837209302325,56.92137320044297,97.00996677740864,63.244739756367665,92.88888888888889,40.59486895533407
1215,卜蜂,油脂飼料,105.5,144713201.55,True,5.61307901907357,89.93754337265788,8.69,2026-06-01,False,90.0,-7.456140350877193,0.01206272432202125,64.52599388379205,6.216666666666667,90.69767441860465,42.74640088593577,56.92137320044297,26.245847176079735,59.136212624584715,55.14950166112958,29.555555555555557,50.93816906607604
8050,廣積,電腦及週邊,61.3,144180529.93,True,95.858310626703,10.687022900763358,143.6,2026-06-01,False,14.035087719298245,17.88461538461538,0.06997622015439672,97.3015873015873,93.13999999999999,12.846068660022148,96.4562569213732,80.06644518272425,97.12070874861573,97.45293466223698,76.78848283499447,94.22222222222221,51.933185677371725
5299,杰力,半導體,91.0,144088661.175,True,82.17983651226159,30.673143650242885,-4.2,2026-06-01,False,48.0,-23.52941176470588,-0.02789444366676646,64.31095406360424,-3.43,47.00996677740864,8.084163898117387,28.57142857142857,25.359911406423034,27.353266888150607,27.27574750830565,11.666666666666666,43.98809523809524
4961,天鈺,半導體,159.0,144036615.875,True,75.47683923705722,38.13324080499653,24.76,2026-06-01,False,59.599999999999994,-3.6363636363636362,0.07054918689652477,84.57446808510637,17.59,58.63787375415283,56.92137320044297,80.28792912513842,77.18715393133998,80.95238095238095,70.79734219269103,51.55555555555556,57.61480251015135
2915,潤泰全,百貨批發,51.5,143491248.195,True,67.46594005449592,44.829979181124216,12.84,2026-06-01,False,20.0,-0.9615384615384616,-0.009001580209562852,91.63701067615658,22.96333333333333,20.044296788482836,64.11960132890366,41.19601328903654,91.0299003322259,86.71096345514951,60.620155038759684,35.22222222222222,45.544204503506826
4526,東台,機械,30.3,142229377.1,True,53.19609967497292,55.6557945870923,26.68,2026-06-01,False,74.19354838709677,-22.00772200772201,-0.007416865029858954,67.78523489932886,4.550000000000001,73.5326688815061,11.184939091915837,42.967884828349945,34.55149501661129,52.93466223698782,43.0343300110742,54.666666666666664,62.89147286821705
3013,晟銘電,電子零組件,84.9,140542206.265,True,26.522593320235753,73.90700902151283,26.51,2026-06-01,False,89.5104895104895,-17.572815533980577,0.05743083316867444,60.642857142857146,3.5500000000000043,90.2547065337763,18.715393133997786,76.85492801771872,16.389811738648948,49.28017718715393,50.29900332225914,53.55555555555556,60.37117017349575
8289,泰藝,電子零組件,43.6,138284030.5775,True,86.59295093296475,24.91325468424705,29.88,2026-06-01,False,43.35664335664335,-25.47008547008547,0.008498757841938862,57.59577278731837,21.75333333333333,41.97120708748616,6.533776301218161,53.820598006644516,11.738648947951273,85.38205980066445,39.889258028792916,58.88888888888889,51.51624215577704
6104,創惟,半導體,92.8,138020551.5,True,50.29481132075472,58.2234559333796,5.66,2026-06-01,False,79.2,-3.834196891191713,0.02803779041007777,66.76258992805755,5.636666666666667,78.7375415282392,55.592469545957925,66.33444075304541,32.00442967884828,57.032115171650055,57.94019933554817,24.11111111111111,44.81515319306017
4169,泰宗,藥,223.0,137661962.825,True,79.41176470588235,34.21235253296322,4.01,2026-06-01,False,20.0,16.75392670157068,0.04419271951651226,79.50089126559715,3.26,20.044296788482836,95.90254706533776,71.76079734219269,66.00221483942414,47.840531561461795,60.310077519379846,21.777777777777775,27.98043558508675
6265,方土昶,電子通路,48.0,136754253.90749997,True,20.021413276231264,79.4587092297016,1209.51,2026-06-01,False,91.83673469387756,-8.045977011494259,-0.0003586174002307966,75.11737089201877,152.2833333333333,92.69102990033223,41.08527131782946,47.729789590254704,55.14950166112956,98.56035437430786,67.04318936877077,99.44444444444444,76.5499261720192
7777,能率亞洲,創投,40.0,135802168.815,True,65.24822695035462,46.63428174878557,-77.03,2026-06-01,False,46.64784756527876,-4.761904761904762,-0.01998650667014804,90.09009009009009,-717.8233333333333,45.625692137320044,51.82724252491694,33.33333333333333,87.98449612403101,0.9966777408637874,43.95348837209302,0.6666666666666667,45.6124031007752
8222,寶一,機車船製造,37.75,135516533.37,True,70.95096582466567,41.7765440666204,-10.36,2026-06-01,False,50.0,10.380116959064319,-0.022750832755079203,64.419795221843,-9.203333333333333,49.16943521594684,90.91915836101883,31.33997785160576,25.91362126245847,16.943521594684384,42.857142857142854,7.111111111111111,22.818752307124395
6517,保勝光學,消費性電子,67.3,135416951.745,True,96.89655172413794,7.84177654406662,6.14,2026-06-01,False,15.0,0.2980625931445646,-0.0007328734141468519,81.97320341047504,22.126666666666665,13.676633444075303,67.22037652270211,47.286821705426355,73.08970099667775,85.8250276854928,57.419712070874866,25.0,36.13648947951273
6613,朋億*,電子設備,307.0,133890772.9,True,98.36512261580381,2.6717557251908395,120.45,2026-06-01,False,2.8169014084507045,-10.755813953488373,-0.021424855045108483,78.71794871794872,42.78666666666666,1.9933554817275747,33.111849390919154,32.33665559246955,63.67663344407531,93.7984496124031,44.98338870431894,92.55555555555556,56.27842377260982
3141,晶宏,半導體,67.5,133534264.53,True,78.93192488262912,34.767522553782094,10.85,2026-06-01,False,53.6,-5.594405594405594,-0.0030412694464578113,81.1298076923077,-2.5666666666666664,52.71317829457365,49.05869324473976,46.29014396456257,69.9889258028793,29.789590254706532,49.56810631229236,32.388888888888886,51.508074935400515
2365,昆盈,光電及I/O,29.55,132393674.65249999,True,67.74017467248909,44.691186675919504,-17.28,2026-06-01,False,52.307692307692314,-7.0754716981132075,0.02693484263159347,58.399209486166,-26.586666666666666,51.82724252491694,43.90919158361019,65.55924695459579,13.067552602436322,7.198228128460686,36.31229235880399,4.555555555555555,31.385289774824656
3010,華立,電子通路,117.5,132337082.6,True,77.05722070844688,36.12074947952811,13.92,2026-06-01,False,43.87755102040816,-3.6885245901639343,-0.020700962583039093,82.74647887323944,-4.3100000000000005,42.46954595791805,56.58914728682171,33.00110741971207,74.4186046511628,24.695459579180508,46.23477297895903,36.333333333333336,49.15808416389812
8105,凌巨,光電及I/O,16.8,132195513.21000001,True,95.85858585858585,10.617626648161,-8.9,2026-06-01,False,15.384615384615385,-25.827814569536418,0.014767049051029185,66.79920477137178,-3.0166666666666675,14.451827242524917,6.2015503875969,58.25027685492802,32.33665559246955,29.12513842746401,28.07308970099668,8.444444444444445,37.2578442229605
6023,元大期,期貨,87.0,131210738.32000001,True,4.4141689373297,91.32546842470506,86.15,2026-06-01,False,91.39026111503176,-12.562814070351758,-0.004468477412003178,80.55555555555556,35.92000000000001,92.24806201550388,28.017718715393137,45.625692137320044,68.66002214839423,92.46954595791806,65.40420819490586,88.55555555555556,80.36148025101514
2439,美律,消費性電子,83.9,129897263.285,True,69.42779291553134,43.33795975017349,0.15,2026-06-01,False,35.0,-6.36160714285713,-0.2216063378828597,69.91666666666667,-1.3266666666666667,34.772978959025465,46.06866002214839,1.1074197120708749,40.53156146179402,32.22591362126246,30.941306755260246,17.055555555555554,36.57285898855666
5009,榮剛,基本金屬,33.45,129763366.20249999,True,53.84196185286103,54.6148507980569,12.93,2026-06-01,False,59.45945945945946,0.753012048192771,0.15953656994456983,83.31257783312579,7.766666666666667,58.4717607973422,69.65669988925804,93.68770764119601,75.1937984496124,63.01218161683278,72.0044296788483,35.333333333333336,49.83554817275747
6670,復盛應用,其他,273.0,128605935.95,True,78.52861035422343,35.18390006939625,7.85,2026-06-01,False,31.818181818181817,8.764940239043826,0.19654567960972155,90.8485856905158,-15.083333333333334,32.05980066445183,88.81506090808416,95.90254706533776,89.4795127353267,12.29235880398671,63.709856035437426,28.555555555555557,40.319952011812475
1563,巧新,汽車組件,62.0,126224329.61500001,True,94.40298507462687,13.462873004857737,21.46,2026-06-01,False,19.444444444444446,-3.72670807453417,-0.02168727077687325,87.32394366197182,6.146666666666668,18.93687707641196,56.25692137320044,31.893687707641195,83.94241417497231,58.91472868217055,49.988925802879294,48.333333333333336,48.738925802879294
4585,達明,機器人,302.5,126208296.1,True,7.07070707070707,89.10478834142957,41.88,2026-06-01,False,89.13196894848271,2.3688663282571913,0.012626633573898174,37.8125,13.466666666666665,89.81173864894795,74.52934662236987,57.25359911406424,0.6644518272425249,74.64008859357698,59.3798449612403,70.44444444444444,46.59782207456626
3645,達邁,印刷電路板,68.5,125577219.43999998,True,64.77124183006536,46.84247050659264,2.7,2026-06-01,False,79.48717948717949,-21.354764638346722,0.10501868342971094,58.29787234042553,-3.5566666666666666,78.95902547065337,12.4031007751938,86.82170542635659,12.73532668881506,26.578073089701,43.49944629014397,19.555555555555557,49.71170173495755
1773,勝一,其他化學,160.0,123264191.925,True,58.31062670299727,51.63081193615545,20.49,2026-06-01,False,50.0,-3.0303030303030303,-0.03977517746950165,82.05128205128204,-6.406666666666666,49.16943521594684,58.693244739756366,22.812846068660022,73.31118493909192,19.93355481727575,44.784053156146186,47.22222222222222,52.75239940937615
3416,融程電,電腦及週邊,173.0,122129081.0,True,90.46321525885558,19.257460097154755,24.3,2026-06-01,False,21.052631578947366,5.81039755351682,0.14412255179516967,85.22167487684729,-20.05,21.262458471760798,83.05647840531562,90.91915836101883,78.29457364341084,9.634551495016613,56.633444075304546,50.888888888888886,41.84736064968622
3594,磐儀,電腦及週邊,57.9,121733308.8625,True,82.487922705314,30.395558639833446,43.85,2026-06-01,False,33.33333333333333,26.281352235550703,0.007929412113532128,98.63713798977852,-5.313333333333333,33.5548172757475,98.33887043189368,53.266888150609084,98.2281284606866,22.702104097452935,61.21816168327797,71.44444444444444,51.22212993724622
2889,國票金,金融控股,15.7,121727301.52999997,True,58.63760217983651,50.936849410131856,100.04,2026-06-01,False,92.3076923076923,6.081081081081071,0.15820292027585975,89.20454545454545,-1196.24,93.02325581395348,83.72093023255815,93.46622369878183,87.04318936877077,0.6644518272425249,71.58361018826136,90.22222222222223,71.64193429309708
3093,港建*,電子設備,47.35,120220686.76500002,True,96.94822888283379,7.702984038861901,92.31,2026-06-01,False,9.859154929577464,-33.309859154929576,0.0012703697434793483,62.63227513227514,86.42333333333333,8.527131782945736,2.104097452934662,48.94795127353267,21.373200442967885,97.12070874861573,35.61461794019933,89.55555555555556,54.33794758213362
3029,零壹,資訊服務,104.0,118056900.625,True,68.11989100817438,44.41360166551006,13.58,2026-06-01,False,22.727272727272727,8.559498956158668,0.19917441528198257,81.56862745098039,-4.813333333333334,22.868217054263564,88.26135105204872,96.01328903654485,71.76079734219269,23.920265780730897,60.56478405315615,36.0,35.59191583610188
3535,晶彩科,電子設備,87.7,117412630.37,True,95.2755905511811,11.72796668979875,160.85,2026-06-01,False,19.718309859154928,-21.69642857142857,0.04389900291048518,59.057239057239066,-634.9433333333334,19.4905869324474,11.84939091915836,71.53931339977852,13.732004429678849,1.1074197120708749,23.5437430786268,95.0,54.09330011074197
5498,凱崴,印刷電路板,47.25,115614493.6,True,93.66666666666667,14.989590562109644,80.28,2026-06-01,False,30.76923076923077,-18.53448275862069,0.03748961700178668,56.8592057761733,6.533333333333346,30.952380952380953,17.275747508305646,69.54595791805093,10.409745293466225,60.46511627906976,37.7297895902547,87.44444444444444,52.88270579549649
8109,博大,電子零組件,126.0,115312237.85,True,98.09264305177112,3.1922276197085355,36.23,2026-06-01,False,2.097902097902098,7.6923076923076925,-0.0469055785647414,78.0185758513932,9.693333333333335,0.9966777408637874,87.26467331118494,20.376522702104097,61.904761904761905,67.44186046511628,47.5968992248062,66.22222222222223,35.464747139165745
6188,廣明,光電及I/O,70.6,114194911.07000001,True,47.23788049605411,59.81956974323387,-1.9,2026-06-01,False,64.61538461538461,-3.814713896457781,0.021076252268249773,54.3076923076923,10.319999999999999,64.34108527131784,55.70321151716501,62.12624584717608,7.751937984496124,68.77076411960132,51.738648947951276,14.555555555555555,32.73634182355113
6426,統新,通信網路,171.5,113557211.375,True,96.07173356105892,10.131852879944484,103.04,2026-06-01,False,15.217391304347828,-11.139896373056994,0.01997738203575872,59.44540727902946,19.836666666666673,14.06423034330011,32.44739756367663,61.57253599114064,14.396456256921372,83.94241417497231,41.284606866002214,90.88888888888889,46.72554448135843
6438,迅得,電子設備,143.0,112902047.875,True,76.34877384196184,37.196391394864676,-3.13,2026-06-01,False,53.52112676056338,-1.718213058419244,0.009656808319180067,68.9156626506024,-16.326666666666668,52.602436323366554,63.01218161683278,54.706533776301214,37.87375415282392,11.406423034330011,43.920265780730894,13.0,35.116002214839426
6890,來億-KY,鞋及旅行箱,175.5,112738735.75,True,32.81553398058252,69.39625260235948,-3.2,2026-06-01,False,66.66666666666666,-21.476510067114095,0.048241868790871834,60.726643598615915,0.6566666666666667,66.61129568106313,12.29235880398671,73.5326688815061,16.72203765227021,37.652270210409746,41.36212624584718,12.88888888888889,45.98246585455888
2646,星宇航空,空運,21.6,112439214.54999998,True,80.18867924528303,33.10201249132547,40.81,2026-06-01,False,33.098094565984475,1.8867924528301987,0.14258166544670045,81.81818181818183,3.4366666666666674,33.111849390919154,73.31118493909192,90.69767441860465,72.53599114064231,48.837209302325576,63.69878183831671,69.66666666666667,50.50083056478405
6416,瑞祺電通,電腦及週邊,102.0,112127985.60499999,True,49.863760217983646,58.70922970159611,58.62,2026-06-01,False,77.19298245614034,29.277566539923942,0.02668485345951427,95.77464788732394,36.00666666666666,76.41196013289037,98.78183831672203,65.33776301218161,95.90254706533776,92.58028792912513,85.80287929125139,80.0,63.38316722037653
2504,國產,預拌混凝土,31.9,111921325.47749999,True,15.527610716238382,82.58154059680777,-18.57,2026-06-01,False,82.49823570924488,-2.743902439024386,-0.06232526777042521,80.45397225725095,-6.93,83.16722037652269,59.579180509413064,15.503875968992247,68.32779623477298,19.158361018826135,49.14728682170542,4.111111111111112,49.00673680324843
6757,台灣虎航,空運,55.5,111237740.465,True,10.719754977029096,85.98195697432338,27.12,2026-06-01,False,85.95624558927312,-11.341853035143771,-0.14060876659473584,63.13993174061433,2.0166666666666657,86.71096345514951,31.33997785160576,3.7652270210409746,22.259136212624583,42.74640088593577,37.36434108527132,55.55555555555556,58.29641934293097
3515,華擎,電腦及週邊,205.5,111207637.125,True,23.37874659400545,76.33587786259542,47.6,2026-06-01,False,91.22807017543859,-11.422413793103448,0.0015967958999581098,60.88888888888889,52.74,92.02657807308971,31.118493909191585,49.28017718715393,17.275747508305646,95.68106312292359,57.076411960132894,74.11111111111111,63.073735695828724
3031,佰鴻,光電及I/O,23.15,110153250.24750002,True,85.12261580381471,26.43997224149896,27.04,2026-06-01,False,32.30769230769231,-21.258503401360546,-0.03264950968964409,67.10144927536231,1.3533333333333317,32.55813953488372,12.513842746400886,26.02436323366556,33.33333333333333,39.8671096345515,28.859357696566995,55.333333333333336,52.17774086378738
6259,百徽,電子通路,31.1,109306727.745,True,66.2914691943128,45.66273421235253,82.68,2026-06-01,False,63.26530612244898,-25.864123957091778,-0.011350324309240996,73.00469483568075,35.080000000000005,62.901439645625686,6.0908084163898115,39.64562569213732,49.83388704318937,92.13732004429679,50.1218161683278,88.0,73.66112956810632
6224,聚鼎,電子零組件,56.1,108304253.68499999,True,91.93460490463215,17.002081887578072,14.7,2026-06-01,False,30.76923076923077,-24.999999999999993,0.0040420307830164575,59.05263157894737,13.25,30.952380952380953,6.755260243632337,51.27353266888151,13.621262458471762,74.4186046511628,35.40420819490587,38.166666666666664,43.99626245847176
3709,鑫聯大投控,電子通路,73.0,106477201.69,True,9.04632152588556,87.61276891047883,72.07,2026-06-01,False,93.87755102040816,-5.317769130998696,0.0031934139753897937,78.57911733046285,44.513333333333335,94.24141749723145,50.27685492801772,50.83056478405316,63.45514950166113,94.24141749723145,70.60908084163898,85.33333333333334,73.18826135105205
4532,瑞智,家電製品,24.4,105569165.30499999,True,29.645776566757494,71.68632893823734,28.8,2026-06-01,False,62.5,2.5210084033613356,0.04210674006073575,83.84879725085909,12.366666666666667,62.01550387596899,75.08305647840533,70.65337763012181,76.30121816168328,72.86821705426357,71.38427464008859,57.333333333333336,55.141749723145075
3217,優群,電子零組件,152.0,104642978.725,True,12.370572207084468,85.07980569049272,2.42,2026-06-01,False,96.5034965034965,-16.483516483516482,-0.1641833633325819,73.42995169082126,11.92,95.68106312292359,21.373200442967885,2.2148394241417497,51.27353266888151,72.09302325581395,48.52713178294573,19.333333333333332,61.22868217054263
3556,禾瑞亞,半導體,61.6,103335986.59,True,75.47683923705722,38.13324080499653,66.86,2026-06-01,False,59.599999999999994,-8.605341246290807,-0.017168353603914537,76.61691542288557,35.61,58.63787375415283,38.42746400885936,35.548172757475086,58.4717607973422,92.35880398671097,56.688815060908084,83.55555555555556,65.5594315245478
4534,慶騰,機械,36.75,103132907.3625,True,76.45687645687646,36.9882026370576,112.04,2026-06-01,False,38.70967741935484,23.73737373737374,0.014617732883328412,86.77685950413223,52.79666666666667,37.76301218161684,97.67441860465115,58.028792912513836,81.83831672203765,95.79180509413068,74.21926910299003,91.77777777777779,53.426172019195285
3213,茂訊,電腦及週邊,126.5,102159776.1,True,95.80381471389646,10.82581540596808,6.05,2026-06-01,False,15.789473684210526,4.11522633744856,0.1496552621174144,88.7719298245614,-30.186666666666664,14.950166112956811,79.18050941306755,91.9158361018826,86.60022148394242,6.312292358803987,55.791805094130666,24.77777777777778,36.78691399040237
2206,三陽工業,機車船製造,63.1,101219380.03,True,54.986376021798364,53.71269951422624,-13.38,2026-06-01,False,66.66666666666666,2.601626016260165,0.15283769902732328,94.60269865067467,-3.876666666666667,66.61129568106313,75.52602436323367,92.69102990033223,94.90586932447398,25.692137320044296,71.08527131782947,5.666666666666666,47.91445182724253
1232,大統益,油脂飼料,153.5,99498052.15,True,16.294277929155314,82.02637057598889,16.3,2026-06-01,False,60.0,8.865248226950355,0.037826605112120874,91.0979228486647,6.526666666666667,59.3576965669989,88.92580287929125,69.76744186046511,89.81173864894795,60.35437430786268,73.64341085271317,41.5,50.4359080841639
3257,虹冠電,半導體,51.2,98487831.7,True,25.940054495912808,74.35808466342817,-42.5,2026-06-01,False,87.2,-21.592649310872886,-0.0228055230913637,65.38952745849298,3.280000000000001,87.81838316722038,12.070874861572536,31.22923588039867,28.12846068660022,48.17275747508305,41.48394241417497,1.8888888888888888,51.44121447028424
1736,喬山,家電製品,133.5,98320003.625,True,12.383177570093459,85.01040943789036,14.49,2026-06-01,False,81.25,12.658227848101266,0.02403008212875978,72.95081967213115,6.9799999999999995,81.61683277962348,93.24473975636766,63.78737541528239,49.6124031007752,61.57253599114064,69.96677740863787,37.888888888888886,43.968346253229974
1623,大東電,電纜,219.0,98305496.325,True,46.666666666666664,60.23594725884802,13.63,2026-06-01,False,40.0,4.038004750593824,0.011317741120887223,64.41176470588236,22.886666666666667,38.87043189368771,78.8482834994463,56.14617940199336,25.802879291251386,86.60022148394242,57.253599114064244,36.11111111111111,30.48403469915098
3078,僑威,電子零組件,52.3,97599689.82000001,True,48.392370572207085,59.472588480222065,-57.6,2026-06-01,False,79.02097902097903,0.5769230769230715,-0.11521654373641861,54.7071129707113,-5.680000000000007,78.62679955703211,69.43521594684385,6.312292358803987,8.194905869324474,21.705426356589147,36.85492801771871,1.1111111111111112,29.62440014765596
6244,茂迪,光電及I/O,23.5,94789078.61999999,True,85.82434514637904,26.023594725884802,65.82,2026-06-01,False,30.76923076923077,-9.615384615384617,-0.05920803966533268,64.7382920110193,26.919999999999995,30.952380952380953,35.548172757475086,16.168327796234774,26.799557032115175,89.14728682170544,39.72314507198229,83.11111111111111,51.328719084533034
4105,東洋,藥,76.8,94004932.265,True,8.71934604904632,87.99444829979181,15.28,2026-06-01,False,68.88888888888889,2.9490616621983956,0.06250768496003944,88.99188876013905,5.413333333333332,68.77076411960132,76.19047619047619,78.40531561461795,86.71096345514951,55.70321151716501,73.156146179402,38.88888888888889,54.545035068290886
3312,弘憶股,電子通路,47.75,94001497.5875,True,88.264192139738,22.48438584316447,41.82,2026-06-01,False,22.448979591836736,-19.204737732656515,-0.005362019541674306,65.23224043715847,14.84333333333333,22.48062015503876,16.168327796234774,44.85049833887043,27.57475083056478,77.51937984496125,37.718715393134,70.33333333333334,51.05509413067553
3430,奇鈦科,其他化學,111.5,93893372.225,True,92.96375266524521,15.96113809854268,58.37,2026-06-01,False,12.5,-20.921985815602838,0.006281214260281961,60.76294277929155,32.22,11.517165005537098,13.2890365448505,52.71317829457365,17.05426356589147,91.69435215946844,37.25359911406423,79.77777777777779,48.76504245108896
5340,建榮,印刷電路板,68.9,93526832.43499999,True,12.752043596730244,84.66342817487855,25.75,2026-06-01,False,100.0,-20.713463751438432,0.06902798425960559,51.417910447761194,5.510000000000002,98.67109634551495,13.842746400885936,79.734219269103,4.983388704318937,56.367663344407525,50.71982281284607,52.666666666666664,60.619601328903656
1722,台肥,藥,46.7,93473367.16250001,True,95.42234332425068,11.415683553088133,-10.47,2026-06-01,False,8.88888888888889,-1.059322033898305,0.1146718231442512,86.16236162361623,-9.423333333333334,6.976744186046512,64.00885935769656,88.26135105204872,80.73089700996677,16.72203765227021,51.33997785160576,6.777777777777779,32.619139904023626
6231,系微,資訊服務,223.5,93224233.5,True,70.68119891008175,42.15822345593338,16.86,2026-06-01,False,20.454545454545457,-20.462633451957295,0.05875475468821087,64.13199426111909,2.2333333333333343,20.81949058693245,14.507198228128459,77.40863787375415,25.027685492801773,43.74307862679956,36.30121816168328,42.22222222222222,43.390550018457
6962,奕力-KY,半導體,32.15,92120475.7775,True,76.3681592039801,37.12699514226232,-0.33,2026-06-01,False,56.8,-12.158469945355199,-0.10979165163830192,65.01516683518706,-3.6566666666666667,56.14617940199336,29.2358803986711,7.198228128460686,27.353266888150607,26.135105204872644,29.213732004429676,16.77777777777778,42.76033591731266
6862,三集瑞-KY,電子零組件,142.0,92009627.275,True,81.2206572769953,31.783483691880637,-1.04,2026-06-01,False,55.24475524475524,-24.46808510638298,-0.06732872234704397,62.28070175438597,27.34666666666667,54.706533776301214,7.530454042081949,13.621262458471762,20.26578073089701,89.70099667774086,37.16500553709856,15.777777777777777,45.804909560723516
7712,博盛半導體,半導體,141.5,91685941.0,True,62.99212598425197,48.369188063844554,49.37,2026-06-01,False,70.39999999999999,-27.249357326478147,-0.021996746288524646,66.27634660421545,31.043333333333333,70.09966777408638,4.761904761904762,31.67220376522702,31.22923588039867,90.91915836101883,45.736434108527135,75.1111111111111,67.91952750092285
8103,瀚荃,電子零組件,78.5,91578819.97999999,True,80.5449591280654,32.61623872310896,45.04,2026-06-01,False,57.34265734265735,-17.54201680672269,-0.06524764831408408,61.328125,15.376666666666662,56.58914728682171,18.826135105204873,14.06423034330011,18.49390919158361,78.18383167220377,37.23145071982282,72.44444444444444,57.175341454411225
1608,華榮,電纜,29.5,91310917.08500001,True,5.5701179554390565,90.00693962526024,13.35,2026-06-01,False,90.0,-10.06097560975609,-0.1536941424751024,72.74969173859434,3.6099999999999994,90.69767441860465,34.66223698781838,2.6578073089700998,49.05869324473976,49.6124031007752,45.33776301218161,35.77777777777777,60.21797711332595
2851,中再保,產險,35.35,91153439.6925,True,1.4713896457765667,94.89937543372658,1113.15,2026-05-01,False,100.0,-4.8452220726783235,0.14553769282657947,87.1763255240444,553.9733333333334,98.67109634551495,51.49501661129568,91.14064230343301,83.2779623477298,99.44629014396456,84.80620155038761,99.33333333333333,82.4468438538206
3537,堡達,電子通路,54.4,89361655.48,True,90.40871934604905,19.53504510756419,26.88,2026-06-01,False,18.367346938775512,-27.27272727272727,0.018122911862842334,60.71428571428572,18.793333333333333,17.940199335548172,4.651162790697675,60.46511627906976,16.611295681063122,82.50276854928018,36.434108527131784,54.888888888888886,46.197305278700625
6168,宏齊,光電及I/O,23.4,87917978.365,True,89.28571428571429,21.374045801526716,6.73,2026-06-01,False,27.692307692307693,-22.64462809917356,-0.0872551943581131,65.91549295774648,0.026666666666667282,27.796234772978963,9.523809523809524,10.852713178294573,30.121816168327797,35.76965669988926,22.812846068660026,26.666666666666668,43.76522702104098
6146,耕興,檢測驗證,193.0,87371276.575,True,51.38964577656676,57.11311589174185,12.74,2026-06-01,False,80.0,1.5789473684210527,0.05013987749680824,80.92243186582809,0.7166666666666668,80.1218161683278,72.53599114064231,74.08637873754152,69.65669988925804,37.76301218161684,66.83277962347731,34.88888888888889,53.03285345145811
3209,全科,電子通路,57.2,87079893.895,True,93.40599455040872,15.405968077723802,170.41,2026-06-01,False,12.244897959183673,-4.983388704318937,-0.1279256659593318,70.27027027027027,74.96,11.074197120708748,51.05204872646733,4.4296788482834994,41.52823920265781,96.67774086378738,40.95238095238095,95.33333333333334,49.220930232558146
2323,中環,光電及I/O,10.3,86203367.91,True,0.9746588693957114,95.97501734906315,38.84,2026-06-01,False,96.92307692307692,-5.5045871559633,-0.03939007141318898,78.6259541984733,20.763333333333335,96.01328903654485,49.6124031007752,23.145071982281284,63.565891472868216,84.71760797342192,63.41085271317829,68.11111111111111,69.51947212993724
4123,晟德,藥,38.4,85529331.435,True,3.402646502835539,92.22761970853574,2.93,2026-06-01,False,77.77777777777779,3.2258064516128915,0.05188041150906461,77.81155015197568,-10.186666666666667,77.24252491694352,77.0764119601329,74.64008859357698,61.461794019933556,15.946843853820598,61.273532668881515,20.0,45.406976744186046
9941,裕融,租賃,82.4,84535149.43,True,9.91825613079019,86.67591950034698,-4.0,2026-06-01,False,86.66196189131969,4.834605597964392,0.21448814975656671,75.9447004608295,-1.3000000000000003,87.37541528239203,80.95238095238095,96.67774086378738,57.14285714285714,32.33665559246955,70.8970099667774,11.777777777777777,43.83591731266149
3152,璟德,電子零組件,232.0,84500271.525,True,5.449591280653951,90.21512838306731,23.54,2026-06-01,False,99.3006993006993,11.538461538461538,-0.16760525182785097,71.49460708782742,9.26,97.2314507198228,91.9158361018826,2.104097452934662,45.51495016611295,66.22369878183831,60.598006644518264,50.44444444444445,50.3187523071244
2101,南港,輪胎,33.15,83751251.5025,True,4.739336492890995,90.97848716169327,328.25,2026-06-01,False,100.0,6.420545746388444,0.1586821297897937,74.66216216216216,115.70000000000002,98.67109634551495,84.49612403100775,93.57696566998892,54.15282392026578,98.2281284606866,85.82502768549281,97.66666666666667,66.49861572535991
3290,東浦,電子零組件,59.6,83132594.17500001,True,13.976608187134504,83.76127689104788,88.72,2026-06-01,False,95.8041958041958,-10.510510510510501,-0.05051856706647078,83.5904628330996,3.9766666666666737,95.45957918050941,33.665559246954594,19.158361018826135,75.85825027685493,50.71982281284607,54.97231450719822,89.11111111111111,81.69084533038023
4968,立積,半導體,98.0,83002762.16499999,True,21.3070115724983,78.48716169326856,-1.09,2026-06-01,False,89.60000000000001,-11.312217194570136,-0.10576379512436364,58.85885885885885,-2.8600000000000003,90.36544850498339,31.561461794019934,7.530454042081949,13.399778516057587,29.568106312292358,34.48504983388705,15.666666666666668,46.967607973421934
2527,宏璟,建設,46.75,82784565.53,True,45.633187772925766,60.86051353226926,365.12,2026-06-01,False,44.06779661016949,15.861214374225522,0.10607948343120331,92.57425742574257,245.64666666666665,42.967884828349945,95.45957918050941,86.93244739756368,91.9158361018826,99.1140642303433,83.27796234772977,98.33333333333333,59.43936877076412
9938,百和,其他紡織,47.15,82521702.14250001,True,49.04632152588556,59.12560721721027,21.21,2026-06-01,False,59.13902611150318,9.017341040462425,-0.011063705865989336,78.06291390728477,14.043333333333333,58.139534883720934,89.3687707641196,39.8671096345515,62.12624584717608,75.30454042081949,64.96124031007751,48.11111111111111,44.75203026947213
4770,上品,樹脂,223.0,82471235.1,True,89.55895589558955,20.8882720333102,-6.95,2026-06-01,False,25.0,6.190476190476191,0.12386796272869717,69.90595611285266,-10.746666666666666,24.916943521594686,84.0531561461794,89.25802879291251,40.365448504983384,15.282392026578073,50.775193798449614,9.666666666666666,22.723975636766333
2427,三商電,資訊服務,23.2,82247304.75999999,True,62.6158038147139,48.68147120055517,-11.68,2026-06-01,False,27.27272727272727,6.666666666666663,0.009724156438048002,70.83969465648855,6.399999999999999,27.51937984496124,85.60354374307863,54.81727574750831,43.30011074197121,60.02214839424141,54.25249169435216,6.0,22.803986710963454
6605,帝寶,汽車組件,132.5,82126786.175,True,34.11444141689373,68.35530881332407,4.45,2026-06-01,False,77.77777777777779,-3.2846715328467155,-0.09607846034674869,75.49857549857549,6.38,77.24252491694352,58.028792912513836,8.748615725359912,56.035437430786274,59.68992248062015,51.94905869324474,22.333333333333332,49.39562569213732
4721,美琪瑪,其他化學,72.4,81944347.445,True,14.432367149758454,83.41429562803609,-19.35,2026-06-01,False,87.5,-17.63367463026166,-0.1370020174772893,71.6831683168317,-2.9733333333333327,88.15060908084163,18.49390919158361,3.875968992248062,46.06866002214839,29.2358803986711,37.16500553709856,3.888888888888889,54.90356220007382
3162,精確,汽車組件,64.1,81695736.24999999,True,46.54970760233918,60.37473976405274,58.73,2026-06-01,False,69.44444444444444,-18.963337547408347,0.07346241110131349,66.84045881126171,32.019999999999996,69.43521594684385,16.72203765227021,81.17386489479512,32.779623477297896,91.47286821705426,58.31672203765227,80.22222222222221,66.42875599852343
6411,晶焱,半導體,79.8,81390341.73,True,79.83651226158038,33.518390006939626,9.84,2026-06-01,False,52.800000000000004,-17.64705882352942,-0.06586907500176069,70.0,-4.109999999999998,52.38095238095239,18.383167220376524,13.953488372093023,40.753045404208194,25.13842746400886,30.121816168327797,31.222222222222225,51.49326319675157
2731,雄獅,旅行社,146.0,80599075.325,True,13.677536231884059,84.17765440666204,-0.46,2026-06-01,False,100.0,-1.3513513513513513,-0.10066199171258139,79.34782608695652,-6.833333333333332,98.67109634551495,63.34440753045404,8.305647840531561,65.78073089700996,19.324473975636767,51.08527131782945,16.666666666666664,54.443521594684384
1723,中碳,其他化學,86.4,80320661.94500001,True,93.84196185286103,14.607911172796669,32.12,2026-06-01,False,6.25,3.3492822966507316,0.11050394742033101,96.00000000000001,-11.700000000000003,4.706533776301218,77.51937984496125,87.37541528239203,96.12403100775194,14.61794019933555,56.0686600221484,61.77777777777778,46.27224067921742
3615,安可,光電及I/O,37.0,80077551.455,True,54.865085854456254,54.05968077723803,-45.11,2026-06-01,False,58.46153846153847,-26.732673267326735,0.00915747691131586,60.75533661740559,-9.353333333333332,57.696566998892585,5.426356589147287,54.37430786267996,16.943521594684384,16.832779623477297,30.254706533776307,1.6666666666666667,42.720099667774086
4162,智擎,藥,65.8,79114898.77000001,True,31.498637602179834,70.68008327550312,33.92,2026-06-01,False,42.22222222222222,13.644214162348876,0.05948291320842483,82.55959849435382,6.030000000000001,41.08527131782946,94.01993355481729,77.9623477297896,74.08637873754152,58.3610188261351,69.1029900332226,64.22222222222223,46.34348468069399
6133,金橋,電子零組件,20.8,79008634.6225,True,20.491803278688526,79.04233171408744,15.35,2026-06-01,False,93.7062937062937,-3.703703703703707,-0.006555248687542578,71.84801381692574,8.033333333333333,93.7984496124031,56.47840531561462,43.74307862679956,46.51162790697674,63.78737541528239,60.86378737541528,39.0,55.7079180509413
8436,大江,藥,115.5,78288021.05,True,9.318801089918257,87.12699514226232,-14.6,2026-06-01,False,64.44444444444444,0.8733624454148471,-0.12495449931576463,72.64150943396226,-11.153333333333332,64.11960132890366,70.21040974529346,4.87264673311185,48.50498338870432,14.950166112956811,40.53156146179402,5.333333333333334,36.93687707641196
5222,全訊,通信網路,115.0,77225139.2,True,95.836947094536,10.756419153365718,-4.97,2026-06-01,False,17.391304347826086,-1.7094017094017095,0.030426044436324122,70.98765432098766,-14.48,16.72203765227021,63.12292358803987,67.55260243632335,43.63233665559247,12.846068660022148,40.775193798449614,11.11111111111111,27.08564045773348
2201,裕隆,汽車製造,27.65,76973762.655,True,80.63175394846218,32.47744621790423,-8.06,2026-06-01,False,32.533521524347215,3.171641791044768,0.16571614590309156,63.7831603229527,-5.696666666666667,32.779623477297896,76.74418604651163,94.24141749723145,23.809523809523807,21.59468438538206,49.833887043189364,9.222222222222221,22.266795865633075
4952,凌通,半導體,48.5,76908098.33500001,True,96.34877384196186,9.195003469812631,50.03,2026-06-01,False,17.599999999999998,-10.516605166051665,-0.05153356927370693,80.16528925619835,23.143333333333334,17.16500553709856,33.5548172757475,18.383167220376524,67.66334440753046,86.93244739756368,44.73975636766335,75.72222222222223,56.74893872277593
3708,上緯投控,樹脂,98.4,76614429.85499999,True,0.10899182561307902,98.99375433726578,61.7,2026-06-01,False,100.0,-9.308755760368658,-0.035126226112728386,66.26262626262627,5.150000000000013,98.67109634551495,35.76965669988926,24.695459579180508,31.118493909191585,54.263565891472865,48.90365448504984,81.55555555555556,68.8938722775932
5522,遠雄,建設,66.5,76572926.91,True,7.901907356948229,88.41082581540597,2513.5,2026-06-01,False,88.13559322033898,3.744149765990649,0.1385120924809865,80.90024330900243,1364.0166666666667,88.70431893687709,78.51605758582502,90.36544850498339,69.54595791805093,99.88925802879291,85.40420819490586,99.8888888888889,69.90577703949798
2072,世紀風電,基本金屬,152.5,74196127.05,True,21.686746987951807,77.65440666204026,101.11,2026-06-01,False,89.1891891891892,-7.29483282674772,-0.12779006126635636,48.56687898089172,14.266666666666652,89.92248062015504,43.41085271317829,4.540420819490587,3.875968992248062,76.19047619047619,43.588039867109636,90.33333333333333,60.18023255813954
4949,有成精密,光電及I/O,66.5,74155731.315,True,44.107744107744104,62.10964607911173,68.69,2026-06-01,False,70.76923076923077,-18.902439024390244,0.039581021165911,61.57407407407407,22.53666666666666,70.43189368770764,16.832779623477297,69.8781838316722,19.047619047619047,86.26799557032115,52.49169435215947,84.22222222222221,64.2172388335179
6199,天品,其他,100.0,73877805.01,True,42.51626898047722,63.15058986814712,476.98,2026-06-01,False,50.0,0.5025125628140703,0.022360576633885968,80.32128514056225,-95.69333333333327,49.16943521594684,68.54928017718716,62.901439645625686,67.99557032115172,2.436323366555925,50.21040974529346,98.77777777777777,61.84837578442229
6811,宏碁資訊,數位雲端,232.5,73542981.125,True,27.8125,72.86606523247745,6.56,2026-06-01,False,24.0,13.970588235294118,0.1780222357964206,88.40304182509506,-13.88666666666667,23.864894795127352,94.57364341085271,94.6843853820598,86.04651162790698,13.178294573643413,62.46954595791806,25.88888888888889,35.30666297526763
6279,胡連,汽車組件,115.5,73055507.2,True,8.991825613079019,87.78625954198473,41.2,2026-06-01,False,100.0,-0.8583690987124464,0.09225867951282342,76.74418604651163,13.993333333333336,98.67109634551495,65.00553709856035,84.60686600221484,58.91472868217055,74.97231450719822,76.43410852713178,70.11111111111111,65.67284976005907
4755,三福化,其他化學,115.0,72760191.0,True,82.01634877384197,30.811936155447604,15.63,2026-06-01,False,37.5,-13.533834586466165,-0.1445172959529731,67.84660766961652,16.653333333333332,36.65559246954596,25.802879291251386,3.322259136212625,34.772978959025465,79.95570321151716,36.10188261351052,39.88888888888889,46.37864525655223
2838,聯邦銀,本國銀行,20.45,72756207.09,True,74.82288828337875,38.51492019430951,-2.49,2026-06-01,False,33.33333333333333,-8.908685968819599,-0.11923444944868031,82.79352226720647,-42.973333333333336,33.5548172757475,37.32004429678849,5.647840531561462,74.52934662236987,4.540420819490587,31.118493909191578,13.88888888888889,46.16325212255445
6163,華電網,通信網路,41.0,72546111.1575,True,72.26158038147139,40.59680777238029,61.38,2026-06-01,False,54.347826086956516,-13.502109704641347,0.09699075848990851,55.3306342780027,31.44666666666667,53.48837209302325,25.91362126245847,85.71428571428571,8.637873754152823,91.25138427464009,53.00110741971207,81.33333333333333,54.38648947951273
9917,中保科,保全,110.5,72483897.35,True,4.904632152588556,90.83969465648855,2.56,2026-06-01,False,90.89625970359916,4.739336492890995,0.16379571755975894,90.57377049180327,0.29666666666666686,91.25138427464009,80.28792912513842,94.13067552602436,88.81506090808416,36.544850498338874,78.20598006644516,19.444444444444446,54.80574012550757
1582,信錦,電子零組件,69.4,72369782.22,True,86.15803814713897,25.39902845246357,-9.5,2026-06-01,False,45.45454545454545,-16.786570743405274,-0.026173502775982394,58.07531380753138,-2.37,44.13067552602436,20.376522702104097,29.346622369878183,12.29235880398671,30.34330011074197,27.297895902547065,8.11111111111111,36.03940568475453
6620,漢達,藥,89.0,71549499.23,True,69.28571428571428,43.58084663428175,-21.75,2026-06-01,False,24.444444444444443,-5.016008537886876,-0.017847338068494385,59.136212624584715,23.26333333333333,24.031007751937985,50.83056478405316,34.66223698781838,13.953488372093023,87.04318936877077,42.10409745293466,3.4444444444444446,22.649593946105576
4536,拓凱,其他,165.5,70415307.975,True,45.55858310626703,61.06870229007634,10.04,2026-06-01,False,45.45454545454545,0.9146341463414633,0.11246017508610792,84.87179487179488,5.533333333333332,44.13067552602436,70.32115171650055,87.59689922480621,77.8516057585825,56.47840531561462,67.27574750830564,31.555555555555554,45.80417128091547
6208,日揚,電子設備,82.5,68907553.42,True,96.07629427792915,10.027758501040944,22.5,2026-06-01,False,16.901408450704224,-15.210688591983553,-0.03383158168945386,77.83018867924528,10.226666666666667,16.500553709856035,23.25581395348837,25.581395348837212,61.57253599114064,68.21705426356588,39.02547065337763,49.333333333333336,51.037652270210415
6994,富威電力,公用事業,40.45,68677480.77250001,True,1.0869565217391304,95.90562109646079,26.62,2026-06-01,False,100.0,-13.475935828877,0.07155744494526818,39.85221674876848,-4.876666666666669,98.67109634551495,26.245847176079735,80.73089700996677,0.9966777408637874,23.69878183831672,46.06866002214839,54.27777777777778,56.9249261720192
5452,佶優,電子通路,26.1,68504022.14,True,91.47504206393718,17.696044413601665,6.69,2026-06-01,False,16.3265306122449,-17.535545023696674,-0.07591362814330725,66.15969581749049,0.1966666666666672,15.614617940199334,18.93687707641196,12.73532668881506,30.89700996677741,36.32336655592469,22.901439645625693,26.333333333333332,38.477021040974535
6667,信紘科,電子設備,243.0,68167950.8,True,28.065395095367844,72.51908396946564,-2.5,2026-06-01,False,90.14084507042254,-6.538461538461539,-0.05301555963311026,80.73089700996677,-5.23,90.91915836101883,45.84717607973422,17.940199335548172,69.21373200442967,22.92358803986711,49.3687707641196,13.777777777777779,57.01587301587302
7749,意騰-KY,半導體,357.5,67943212.8,True,0.7326007326007326,96.73837612768911,64.48,2026-06-01,False,97.6,-14.268585131894485,-0.08699742369788545,51.962209302325576,5.259999999999998,96.4562569213732,24.916943521594686,11.074197120708748,5.980066445182724,54.706533776301214,38.62679955703212,82.44444444444444,64.99095607235142
3303,岱稜,石化,51.5,67272422.475,True,56.02179836512261,52.81054823039556,48.97,2026-06-01,False,75.0,-8.849557522123893,-0.06410357394364247,81.87599364069953,19.409999999999997,74.47397563676633,37.652270210409746,14.61794019933555,72.64673311184939,82.94573643410853,56.4673311184939,75.0,71.1171096345515
6235,華孚,電子零組件,38.75,67030515.89249998,True,21.482412060301506,78.0707841776544,-3.96,2026-06-01,False,92.3076923076923,-1.89873417721519,-0.08131816470449169,50.587467362924286,2.3400000000000007,93.02325581395348,62.12624584717608,11.960132890365449,4.540420819490587,44.18604651162791,43.1672203765227,11.88888888888889,36.83157991878922
6261,久元,半導體,81.7,66946428.84999999,True,87.35694822888284,23.83761276891048,33.71,2026-06-01,False,40.0,-10.022026431718057,0.11464522320335921,61.198501872659186,20.843333333333334,38.87043189368771,34.772978959025465,88.15060908084163,18.161683277962346,85.04983388704319,53.00110741971207,63.888888888888886,46.53700627537837
8163,達方,光電及I/O,31.35,66391483.160000004,True,97.22070844686648,6.419153365718251,1.08,2026-06-01,False,9.230769230769232,-23.161764705882344,-0.057451026465783914,69.20529801324504,-7.923333333333332,8.084163898117387,8.637873754152823,16.500553709856035,38.42746400885936,18.272425249169437,17.984496124031004,18.333333333333332,39.051771871539316
8088,品安,半導體,46.6,64857429.500000015,True,59.43019943019942,50.38167938931297,1.02,2026-06-01,False,74.4,-25.677830940988837,-0.05533395481092884,63.7482900136799,-19.90666666666667,73.75415282392026,6.312292358803987,17.275747508305646,23.69878183831672,9.856035437430787,26.17940199335548,18.22222222222222,52.34071613141381
6761,穩得,檢測驗證,151.5,64850256.95,True,79.79002624671917,33.587786259541986,0.86,2026-06-01,False,60.0,-16.758241758241756,-0.0831953027581567,65.8695652173913,2.2399999999999998,59.3576965669989,20.59800664451827,11.627906976744185,29.789590254706532,43.85382059800664,33.04540420819491,18.0,46.637320044296786
6933,AMAX-KY,電腦及週邊,161.0,64218488.475,True,13.850837138508371,83.9000693962526,26.6,2026-06-01,False,92.98245614035088,17.09090909090909,-0.010601257183482886,65.4471544715447,-23.383333333333326,93.35548172757476,96.01328903654485,40.19933554817276,28.349944629014395,8.194905869324474,53.22259136212625,53.94444444444444,44.909145441122185
2903,遠百,百貨批發,22.3,64171919.152499996,True,17.71117166212534,81.08952116585705,-2.42,2026-06-01,False,65.0,-3.671706263498911,0.0853166790532828,91.39344262295083,-2.09,64.95016611295681,56.810631229235874,82.94573643410853,90.69767441860465,30.89700996677741,65.26024363233667,14.000000000000002,53.2093023255814
6234,高僑,電子設備,35.45,64017138.025,True,94.91425192193968,12.560721721027065,-15.81,2026-06-01,False,22.535211267605636,-20.51569506726457,-0.014334957333588513,57.17741935483871,-22.45,22.591362126245848,14.285714285714285,37.098560354374314,10.96345514950166,8.637873754152823,18.715393133997786,4.888888888888889,31.03949796973053
2204,中華,汽車製造,51.8,63767402.925,True,34.731934731934736,68.00832755031229,6.71,2026-06-01,False,67.88990825688074,-5.818181818181823,0.029801975525608496,80.9375,4.243333333333334,68.10631229235881,48.17275747508305,66.77740863787376,69.76744186046511,51.93798449612403,60.95238095238095,26.444444444444443,54.036360280546326
6651,全宇昕,半導體,122.5,63033237.075,True,83.35843373493977,29.424011103400417,19.46,2026-06-01,False,44.800000000000004,-16.94915254237288,0.03153637936907052,72.48520710059172,6.140000000000001,43.41085271317829,19.93355481727575,67.77408637873754,48.06201550387597,58.80398671096345,47.5968992248062,45.88888888888889,54.357050572166855
6957,裕慶-KY,基本金屬,235.5,63024253.85,True,97.23320158102767,6.176266481609993,33.53,2026-06-01,False,5.405405405405405,26.61290322580645,0.08120342163731568,93.08300395256917,-2.469999999999999,3.875968992248062,98.44961240310077,81.94905869324474,92.46954595791806,30.23255813953488,61.395348837209305,63.44444444444445,40.335086747877455
1342,八貫,塑膠製品,110.0,62884021.4,True,72.52906976744185,40.18043025676614,40.14,2026-06-01,False,40.29640084685956,-0.9009009009009009,0.04259480093600359,93.61702127659575,-0.4799999999999969,39.42414174972315,64.562569213732,70.98560354374308,93.7984496124031,34.44075304540421,60.64230343300111,68.88888888888889,59.38722775932078
6679,鈺太,半導體,221.0,62744861.8,True,18.223234624145785,80.91603053435115,9.93,2026-06-01,False,92.0,-16.917293233082706,0.055204636780752006,63.96526772793053,-1.0700000000000003,92.80177187153932,20.155038759689923,75.96899224806202,24.14174972314507,33.00110741971207,49.21373200442968,31.333333333333336,57.03045404208195
3580,友威科,電子設備,80.8,62528490.83999999,True,97.22070844686648,6.419153365718251,-2.83,2026-06-01,False,7.042253521126761,-11.982570806100219,0.026864448708924012,71.50442477876105,-20.806666666666665,5.537098560354374,29.67884828349945,65.4485049833887,45.73643410852713,9.30232558139535,31.140642303432998,13.444444444444445,33.759782207456624
2520,冠德,建設,35.3,62139335.32249999,True,91.35802469135803,17.90423317140874,52.31,2026-06-01,False,8.47457627118644,3.5190615835776997,0.08421016806463838,69.3516699410609,-4.896666666666668,6.533776301218161,78.07308970099668,82.50276854928018,38.9811738648948,23.588039867109632,45.93576965669989,77.44444444444444,36.22157622739019
9907,統一實,金屬製品,15.1,62137333.654999994,True,21.798365122615802,77.55031228313672,-6.1,2026-06-01,False,85.71428571428571,1.0033444816053536,0.11386161902345464,74.93796526054591,9.593333333333335,86.37873754152824,70.65337763012181,87.92912513842747,54.928017718715395,67.109634551495,73.39977851605758,10.555555555555555,45.302233296419345
3588,通嘉,半導體,53.8,62134518.794999994,True,87.04908338261383,24.149895905621097,46.38,2026-06-01,False,41.6,-24.860335195530723,-0.006224868405605998,70.88274044795783,18.636666666666667,40.64230343300111,7.087486157253599,43.96456256921373,43.41085271317829,82.17054263565892,43.455149501661126,73.33333333333333,62.57475083056478
4903,聯光通,通信網路,38.8,61976395.7275,True,4.807692307692308,90.9090909090909,4.66,2026-06-01,False,93.47826086956522,-4.668304668304682,-0.034986772752573614,72.93233082706766,-20.279999999999998,93.57696566998892,52.27021040974529,25.13842746400886,49.501661129568106,9.523809523809524,46.002214839424134,23.0,53.45210409745293
6782,視陽,醫療耗材,184.5,61350905.575,True,0.22650056625141565,98.33448993754337,45.95,2026-06-01,False,100.0,-2.8947368421052633,0.027059009950159356,78.51063829787233,25.663333333333338,98.67109634551495,59.46843853820598,65.66998892580288,63.12292358803987,88.59357696566998,75.10520487264674,73.11111111111111,68.85917312661499
4114,健喬,藥,29.5,61103980.47499999,True,24.6866485013624,75.53782095766829,30.68,2026-06-01,False,55.55555555555556,-2.6402640264026425,0.01609651871474443,75.15923566878982,11.643333333333334,54.928017718715395,60.13289036544851,59.02547065337763,55.26024363233666,71.20708748615725,60.110741971207084,60.22222222222222,52.56939830195644
5488,松普,電子零組件,13.35,60844772.1475,True,63.7885462555066,47.67522553782096,79.28,2026-06-01,False,69.23076923076923,5.9523809523809526,0.022970154114865644,74.58100558659218,15.296666666666674,69.10299003322258,83.49944629014396,63.34440753045404,54.0420819490587,78.07308970099668,69.6124031007752,87.1111111111111,56.68918420081211
3581,博磊,電子設備,112.0,60594116.75,True,76.18510158013544,37.265787647467036,95.44,2026-06-01,False,54.929577464788736,-20.56737588652482,0.060628096610399744,40.0,47.166666666666664,54.263565891472865,14.174972314507198,78.07308970099668,1.1074197120708749,94.57364341085271,48.438538205980066,89.88888888888889,57.771225544481354
8074,鉅橡,印刷電路板,54.4,60554697.08,True,86.7574931880109,24.84385843164469,22.99,2026-06-01,False,51.28205128205128,-17.325227963525837,-0.017475274028863185,58.68392664509169,-1.1466666666666683,50.83056478405316,19.269102990033225,35.21594684385382,13.2890365448505,32.779623477297896,30.276854928017723,50.11111111111111,48.74040236249539
2413,環科,電子零組件,40.5,60360423.739999995,True,53.506243996157544,54.684247050659266,33.55,2026-06-01,False,74.82517482517483,-14.826498422712927,-0.1333826748934441,64.8,3.2366666666666646,73.97563676633445,24.031007751937985,4.208194905869324,26.910299003322258,47.61904761904761,35.348837209302324,63.55555555555556,60.102620893318566
2211,長榮鋼,基本金屬,88.6,60208010.11500001,True,24.145962732919255,75.91950034698127,47.25,2026-06-01,False,83.78378378378379,-5.341880341880342,-0.09393941635547887,73.22314049586777,25.536666666666665,84.60686600221484,50.055370985603545,8.970099667774086,50.3875968992248,88.37209302325581,56.47840531561462,74.0,64.73477297895903
2753,八方雲集,餐飲飯店,177.5,59824764.725,True,3.4686971235194584,92.01943095072866,10.85,2026-06-01,False,75.0,-6.578947368421052,-0.008099930255181314,81.79723502304147,0.14999999999999858,74.47397563676633,45.51495016611295,42.19269102990033,72.42524916943522,36.21262458471761,54.16389811738649,32.388888888888886,58.44329088224437
7711,永擎,電腦及週邊,302.0,58920599.05,True,58.536585365853654,51.14503816793893,140.79,2026-06-01,False,64.91228070175438,-5.77223088923557,0.005232609164893604,56.44859813084112,102.89333333333332,64.78405315614619,48.28349944629014,52.159468438538205,9.966777408637874,97.89590254706533,54.61794019933554,93.88888888888889,55.08905500184571
6799,來頡,半導體,81.8,58197663.86,True,25.83170254403131,74.60097154753643,6.47,2026-06-01,False,88.0,-15.84362139917696,-0.0034576928360861544,73.36322869955157,0.4033333333333333,88.42746400885936,22.812846068660022,45.9579180509413,50.83056478405316,36.87707641196013,48.9811738648948,25.61111111111111,60.5140734588409
6245,立端,電腦及週邊,83.0,58162958.125,True,97.49318801089917,5.23941707147814,14.08,2026-06-01,False,12.280701754385964,8.638743455497375,0.0995851256002229,90.80962800875272,-5.803333333333333,11.184939091915837,88.4828349944629,86.04651162790698,89.3687707641196,21.373200442967885,59.291251384274645,36.77777777777778,37.21216315983758
6725,矽科宏晟,電子設備,290.0,58019618.625,True,50.73529411764706,57.737682165163086,15.91,2026-06-01,False,81.69014084507043,-8.661417322834646,-0.0466419090574451,70.90464547677261,18.61,82.281284606866,38.31672203765227,20.59800664451827,43.521594684385384,82.05980066445183,53.35548172757475,40.22222222222222,56.927094868955336
6177,達麗,建設,47.9,57963073.24250001,True,14.568040654997178,83.13671061762665,1322.16,2026-06-01,False,83.05084745762711,4.928806133625411,0.1581439421750799,86.15107913669064,743.4366666666667,83.49944629014396,81.06312292358804,93.35548172757476,80.62015503875969,99.66777408637874,87.64119601328903,99.55555555555556,70.65300849021779
2836,高雄銀,本國銀行,12.9,56943750.620000005,True,55.04087193460491,53.64330326162388,14.7,2026-06-01,False,88.88888888888889,5.306122448979594,0.1094519958836621,100.0,1.953333333333335,89.3687707641196,82.17054263565892,87.15393133997786,99.55703211517165,42.30343300110742,80.11074197120709,38.166666666666664,61.23048172757474
6909,創控,電子設備,41.45,56771244.760000005,True,69.8961937716263,43.02567661346287,-32.1,2026-06-01,False,61.97183098591549,-24.63636363636363,-0.048004434950985955,62.05089820359282,-56.766666666666666,61.461794019933556,7.419712070874862,20.155038759689923,19.93355481727575,3.875968992248062,22.569213732004428,2.4444444444444446,44.105020302694726
5228,鈺鎧,電子零組件,41.0,55600358.595000006,True,71.49758454106279,41.151977793199165,35.09,2026-06-01,False,62.93706293706294,-34.50479233226837,0.05272543148643762,53.805774278215225,-14.57333333333333,62.347729789590254,1.7718715393133997,74.97231450719822,7.641196013289036,12.513842746400886,31.849390919158356,65.11111111111111,58.33204134366925
2897,王道銀行,本國銀行,10.3,55594204.4175,True,61.74386920980927,49.13254684247051,14.1,2026-06-01,False,77.77777777777779,-1.904761904761898,0.073119045641094,96.71361502347419,-13.699999999999998,77.24252491694352,62.01550387596899,81.06312292358804,96.56699889258029,13.2890365448505,66.03543743078626,36.888888888888886,62.17072720561093
6277,宏正,光電及I/O,78.9,55250142.71999999,True,99.61852861035423,0.7633587786259541,35.12,2026-06-01,False,1.5384615384615385,14.513788098693759,0.06391052763978693,97.4074074074074,16.173333333333332,0.5537098560354374,94.90586932447398,78.7375415282392,97.34219269102991,79.29125138427464,70.16611295681062,65.22222222222223,42.0530638612034
4720,德淵,樹脂,19.55,54658480.03249999,True,58.52861035422343,51.24913254684247,25.06,2026-06-01,False,58.333333333333336,-12.723214285714276,0.014622448202218545,65.82491582491583,5.506666666666668,57.475083056478404,27.57475083056478,58.139534883720934,29.67884828349945,56.25692137320044,45.8250276854928,51.77777777777778,52.83923957179772
4556,旭然,其他電製品,117.0,54333268.175,True,85.11269276393831,26.50936849410132,14.45,2026-06-01,False,25.0,67.14285714285714,0.008168812696024196,88.30188679245283,12.559999999999999,24.916943521594686,100.0,53.70985603543743,85.8250276854928,73.421926910299,67.5747508305648,37.666666666666664,37.102159468438536
4771,望隼,醫療耗材,187.5,53577487.3,True,8.202443280977311,88.34142956280361,31.26,2026-06-01,False,81.81818181818183,0.0,0.09725017905832962,87.20930232558139,-5.956666666666667,82.55813953488372,66.38981173864894,85.8250276854928,83.38870431893687,20.930232558139537,67.81838316722038,60.55555555555555,65.0281469176818
2597,潤弘,營造,163.0,53460400.525,True,68.22888283378747,44.274809160305345,2.95,2026-06-01,False,18.75,-0.6097560975609756,0.04436589492378858,79.90196078431373,-10.32,18.49390919158361,65.33776301218161,71.87153931339978,66.88815060908084,15.614617940199334,47.64119601328904,20.22222222222222,35.06662975267626
6270,倍微,電子通路,30.1,53380985.23,True,85.01362397820164,26.682859125607216,29.73,2026-06-01,False,26.53061224489796,-29.590643274853797,-0.09294194156775992,70.4093567251462,14.256666666666666,26.688815060908084,3.10077519379845,9.413067552602437,41.97120708748616,76.0797342192691,31.450719822812847,58.55555555555556,56.02870062753784
6125,廣運,電子設備,49.55,52654131.69,True,84.00383141762453,28.452463566967385,22.57,2026-06-01,False,47.88732394366197,-13.070175438596495,0.013241436864229126,57.01956271576524,-30.28,46.84385382059801,27.02104097452935,57.36434108527132,10.520487264673312,5.980066445182724,29.54595791805094,49.44444444444444,44.9469361387966
1904,正隆,造紙,21.55,52241749.38,True,61.63487738419619,49.27133934767522,-2.09,2026-06-01,False,49.32956951305575,1.4117647058823564,0.07107930573143977,90.1673640167364,-11.196666666666667,48.06201550387597,71.87153931339978,80.62015503875969,88.15060908084163,14.839424141749724,60.70874861572535,14.444444444444443,44.69638242894057
2497,怡利電,汽車組件,52.8,52208001.970000006,True,22.690437601296594,76.68285912560722,52.52,2026-06-01,False,88.88888888888889,-4.000000000000005,0.046602834284800096,79.04191616766467,14.313333333333333,89.3687707641196,54.706533776301214,72.97895902547066,64.45182724252491,76.41196013289037,71.58361018826136,77.66666666666666,69.19518272425249
2480,敦陽科,資訊服務,158.0,51973934.225,True,86.97547683923705,24.496877168632896,14.66,2026-06-01,False,11.363636363636363,3.2679738562091507,0.276961118995407,87.05234159779614,1.6633333333333358,10.409745293466225,77.29789590254707,98.78183831672203,82.83499446290143,41.306755260243634,62.12624584717607,38.0,38.48671096345515
2417,圓剛,電腦及週邊,40.95,51723703.6425,True,83.26403326403326,29.632199861207493,4.96,2026-06-01,False,31.57894736842105,-3.9859320046893223,-0.011429419135922719,71.96836555360282,-5.543333333333334,31.893687707641195,54.81727574750831,39.42414174972315,46.84385382059801,22.148394241417495,39.02547065337763,23.333333333333332,36.81339977851606
1907,永豐餘,造紙,28.05,51385990.669999994,True,58.2016348773842,51.70020818875781,12.66,2026-06-01,False,51.729004940014114,3.888888888888892,0.1864030201683327,96.06164383561644,3.1833333333333336,51.162790697674424,78.62679955703211,95.12735326688815,96.23477297895903,47.50830564784053,73.73200442967884,34.77777777777778,50.88713547434478
8438,昶昕,資源回收,65.0,50662580.85,True,62.46472248353716,48.924358084663425,40.99,2026-06-01,False,42.857142857142854,-29.881337648327943,0.05627695357463141,61.03286384976526,-1.3866666666666632,41.6389811738649,2.8792912513842746,76.41196013289037,17.60797342192691,32.00442967884828,34.10852713178295,69.88888888888889,56.564138058324104
8147,正淩,電子零組件,125.5,50355100.15,True,38.559322033898304,65.99583622484386,14.91,2026-06-01,False,85.3146853146853,-8.394160583941606,-0.1156207658953549,65.87926509186352,5.833333333333334,86.04651162790698,39.64562569213732,6.0908084163898115,29.900332225913623,57.475083056478404,43.83167220376523,38.333333333333336,53.65863787375415
2348,海悅,建設,77.8,49946478.21999999,True,97.11171662125341,7.0437196391394865,247.66,2026-06-01,False,5.084745762711865,10.826210826210819,0.12274004348909236,74.44976076555024,210.90666666666667,3.5437430786267994,91.36212624584718,89.03654485049833,53.70985603543743,98.89258028792912,67.30897009966777,97.0,40.72286821705426
6585,鼎基,樹脂,121.0,49913783.7,True,79.52755905511812,34.073560027758504,91.44,2026-06-01,False,41.66666666666667,-6.2015503875969,0.008036415513101558,80.39867109634552,32.449999999999996,40.753045404208194,46.29014396456257,53.59911406423035,68.21705426356588,91.80509413067553,60.132890365448496,89.44444444444444,63.031100036914
4127,天良,藥,77.4,49104712.905,True,99.37434827945776,1.040943789035392,41.38,2026-06-01,False,4.444444444444445,20.00000000000001,0.06960746743296019,93.25301204819277,-3.68333333333333,2.768549280177187,96.89922480620154,79.95570321151716,92.9125138427464,25.91362126245847,59.689922480620154,70.22222222222221,42.251015134736065
6205,詮欣,電子零組件,60.7,48854758.08,True,86.32152588555859,25.260235947258845,34.36,2026-06-01,False,44.75524475524475,-18.19407008086253,0.09954784818976833,61.812627291242364,31.92,43.30011074197121,17.60797342192691,85.93576965669989,19.379844961240313,91.36212624584718,51.517165005537095,64.66666666666666,52.43466223698782
6530,創威,通信網路,74.5,47878118.805,True,78.80108991825612,34.97571131158917,8.41,2026-06-01,False,47.82608695652174,-11.938534278959805,0.012057839236396218,55.80524344569289,-8.876666666666665,46.733111849390916,29.900332225913623,56.810631229235874,8.748615725359912,17.16500553709856,31.871539313399772,29.22222222222222,38.700904392764855
6179,亞通,工程承攬,24.35,47753163.677499995,True,93.18840579710145,15.68355308813324,229.22,2026-06-01,False,16.666666666666664,-5.984555984555974,-0.026078959161689452,68.20728291316527,89.10999999999999,15.946843853820598,47.176079734219265,29.457364341085274,36.21262458471761,97.2314507198228,45.20487264673311,96.66666666666667,50.41251384274641
3003,健和興,電子零組件,60.0,47334393.075,True,97.43869209809264,5.378209576682859,36.15,2026-06-01,False,12.237762237762238,-8.675799086757994,-0.01994579145042813,85.47008547008546,-1.056666666666672,10.908084163898117,38.205980066445186,33.665559246954594,79.29125138427464,33.111849390919154,39.03654485049834,65.83333333333333,54.45667220376522
6204,艾華,電子零組件,71.4,47178981.33,True,88.88283378746594,21.721027064538514,8.99,2026-06-01,False,37.76223776223776,-37.91304347826087,0.01167836142691348,57.120000000000005,0.9666666666666668,36.87707641196013,1.1074197120708749,56.367663344407525,10.741971207087486,39.09191583610188,28.83720930232558,29.888888888888886,44.10012919896641
2243,宏旭-KY,汽車組件,48.0,47035337.61,True,33.97435897435898,68.42470506592645,-40.08,2026-06-01,False,80.55555555555556,-9.433962264150944,-0.11789055078727433,72.72727272727273,-37.516666666666666,80.95238095238095,35.65891472868217,5.758582502768549,48.89258028792913,4.983388704318937,35.24916943521595,2.111111111111111,49.07428940568476
8390,金益鼎,資源回收,93.1,46873556.805,True,31.444141689373296,70.78417765440666,43.96,2026-06-01,False,66.66666666666666,-10.480769230769237,-0.23810513378924517,71.89189189189189,12.810000000000006,66.61129568106313,33.77630121816168,0.5537098560354374,46.62236987818383,73.75415282392026,44.263565891472865,71.61111111111111,62.7671188630491
1612,宏泰,電纜,31.15,46543066.857499994,True,17.6566757493188,81.22831367106176,-11.28,2026-06-01,False,60.0,-15.924426450742239,-0.3121685870229654,76.62976629766297,-3.4966666666666653,59.3576965669989,22.702104097452935,0.22148394241417496,58.693244739756366,26.799557032115175,33.55481727574751,6.555555555555556,50.476098191214476
2362,藍天,電腦及週邊,44.05,46452198.1625,True,52.479564032697546,56.627342123525324,30.25,2026-06-01,False,73.68421052631578,4.631828978622318,-0.029369019435817954,84.8747591522158,13.166666666666668,73.08970099667775,80.06644518272425,27.685492801771872,77.9623477297896,73.97563676633445,66.5559246954596,59.55555555555555,57.635289774824656
6841,長佳智能,醫療耗材,57.0,46219305.91500001,True,26.65505226480836,73.62942401110341,6.13,2026-06-01,False,48.484848484848484,-2.0618556701030974,0.0300775022558804,68.84057971014494,-6.066666666666667,47.39756367663344,61.461794019933556,67.22037652270211,37.76301218161684,20.487264673311184,46.866002214839426,24.88888888888889,37.1469176818014
5426,振發,電子零組件,25.1,45596394.0525,True,59.23022095509622,50.58986814712006,44.52,2026-06-01,False,72.72727272727273,-22.887864823348682,-0.04873327483257604,63.30390920554856,19.45666666666667,72.25913621262458,8.859357696566999,19.82281284606866,22.591362126245848,83.16722037652269,41.33997785160575,72.11111111111111,64.52556293835363
2547,日勝生,建設,10.15,45077484.06249999,True,81.43491124260355,31.5058986814712,141.99,2026-06-01,False,11.864406779661017,-6.8807339449541285,0.08362514698150318,87.50000000000001,77.05333333333334,10.520487264673312,44.518272425249165,82.281284606866,84.27464008859357,96.89922480620154,63.69878183831672,94.0,61.06921373200443
3138,耀登,通信網路,97.5,45025928.7,True,68.15847395451212,44.344205412907705,-1.44,2026-06-01,False,58.69565217391305,-15.948275862068966,0.0964166349782278,44.827586206896555,-8.786666666666667,57.80730897009967,22.591362126245848,85.38205980066445,2.2148394241417497,17.275747508305646,37.054263565891475,15.11111111111111,38.13547434477667
6227,茂綸,電子通路,116.5,44664720.75,True,77.05722070844688,36.12074947952811,84.61,2026-06-01,False,43.87755102040816,0.0,0.029863667618831392,85.97785977859779,44.263333333333335,42.46954595791805,66.38981173864894,66.88815060908084,79.95570321151716,94.13067552602436,69.96677740863788,88.22222222222223,61.06441491325213
9802,鈺齊-KY,鞋及旅行箱,74.3,44479507.025000006,True,27.520435967302454,73.14365024288688,15.45,2026-06-01,False,77.77777777777779,2.4827586206896513,0.18194972475386229,64.6086956521739,13.6,77.24252491694352,74.86157253599114,94.90586932447398,26.46733111849391,74.75083056478405,69.64562569213732,39.33333333333333,42.0454042081949
3218,大學光,醫藥通路,139.0,44028527.95,True,5.940054495912807,89.72935461485079,17.08,2026-06-01,False,66.66666666666666,6.513409961685824,0.10146273677587775,65.72104018912529,6.756666666666666,66.61129568106313,84.82834994462901,86.37873754152824,29.2358803986711,60.90808416389811,65.59246954595793,42.72222222222222,38.43526208933186
3114,好德,電子通路,31.65,43906474.85,True,53.13351498637602,55.898681471200554,-16.21,2026-06-01,False,71.42857142857143,-39.13461538461539,0.058661687756681194,54.852686308492196,-9.556666666666668,71.2624584717608,0.8859357696566998,77.29789590254707,8.416389811738648,16.389811738648948,34.85049833887043,4.777777777777778,45.89267257290513
5534,長虹,建設,79.3,43698590.105000004,True,87.02997275204359,24.288688410825817,124.21,2026-06-01,False,10.16949152542373,0.7623888182973244,0.14916439431451683,91.14942528735632,-72.57666666666667,8.859357696566999,69.76744186046511,91.80509413067553,90.03322259136213,2.8792912513842746,52.66888150609081,93.11111111111111,55.55906238464378
5490,同亨,電腦及週邊,32.7,43316320.957499996,True,55.693069306930695,53.15752949340735,50.22,2026-06-01,False,70.17543859649122,13.541666666666675,0.05418604192078546,89.95873452544704,14.523333333333333,69.9889258028793,93.7984496124031,75.52602436323367,87.81838316722038,76.74418604651163,80.7751937984496,76.0,60.00221483942414
1617,榮星,電纜,17.95,42940546.537499994,True,59.60469425571341,50.24288688410826,39.58,2026-06-01,False,20.0,4.057971014492749,0.03569011947421139,67.22846441947566,5.873333333333328,20.044296788482836,79.06976744186046,69.10299003322258,33.77630121816168,57.80730897009967,51.96013289036544,68.55555555555556,35.8265965300849
2543,皇昌,營造,39.0,42867992.50000001,True,26.72301690507152,73.49063150589869,105.33,2026-06-01,False,62.5,1.8276762402088846,0.11880825752744605,45.348837209302324,20.789999999999992,62.01550387596899,73.08970099667775,88.70431893687709,2.547065337763012,84.82834994462901,62.23698781838317,91.11111111111111,45.64599483204134
6026,福邦證,證券,14.25,42178283.5475,True,28.004807692307693,72.65787647467037,1448.39,2026-06-01,False,50.0,-13.897280966767376,-0.049367613154326875,73.83419689119171,809.6866666666667,49.16943521594684,25.249169435215947,19.4905869324474,52.823920265780735,99.77851605758582,49.30232558139535,99.66666666666667,69.10271317829458
4953,緯軟,資訊服務,123.0,42088228.0,True,27.247956403269757,73.21304649548924,37.07,2026-06-01,False,63.63636363636363,0.40816326530612246,0.0965669072281395,86.01398601398601,3.9933333333333323,63.34440753045404,67.99557032115172,85.49280177187154,80.17718715393134,50.83056478405316,69.56810631229236,67.11111111111111,60.6592838685862
6263,普萊德,通信網路,149.5,42035347.225,True,81.3623978201635,31.60999306037474,4.21,2026-06-01,False,41.30434782608695,-7.142857142857142,-0.025775003005273432,79.3103448275862,-3.7233333333333336,40.420819490586936,43.521594684385384,29.67884828349945,65.61461794019934,25.802879291251386,41.007751937984494,22.11111111111111,46.156238464378006
2850,新產,產險,158.0,41963033.175,True,99.40054495912807,0.9368494101318527,2.09,2026-05-01,False,20.0,12.857142857142856,0.13779895227575797,100.0,-26.413333333333334,20.044296788482836,93.46622369878183,90.2547065337763,99.55703211517165,7.419712070874862,62.1483942414175,18.944444444444443,36.26988741232927
2331,精英,電腦及週邊,19.2,41755722.552499995,True,66.25850340136054,45.73213046495489,25.84,2026-06-01,False,56.14035087719298,-6.796116504854378,-0.014155886596118708,64.10684474123539,18.476666666666667,55.370985603543744,44.85049833887043,37.54152823920266,24.8062015503876,81.94905869324474,48.903654485049834,52.83333333333333,47.04000553709856
3338,泰碩,電子零組件,63.6,41718637.46999999,True,94.60490463215258,12.873004857737683,20.83,2026-06-01,False,23.776223776223777,-7.826086956521737,-0.007419611767269103,71.70236753100339,15.096666666666664,23.588039867109632,41.6389811738649,42.857142857142854,46.179401993355484,77.8516057585825,46.42303433001107,47.66666666666667,43.94878183831672
2009,第一銅,基本金屬,37.3,41013630.1825,True,58.62995298858294,51.07564191533657,15.46,2026-06-01,False,54.054054054054056,-1.971090670170828,0.0007731818300920246,67.94171220400729,1.8866666666666685,53.266888150609084,61.904761904761905,48.72646733111849,35.326688815060905,41.97120708748616,48.23920265780731,39.44444444444444,41.53331487633813
2415,錩新,消費性電子,32.2,41011775.83,True,34.234234234234236,68.28591256072171,9.2,2026-06-01,False,70.0,-6.801736613603457,0.006433600377479558,77.31092436974791,2.8500000000000005,69.8781838316722,44.73975636766335,52.823920265780735,59.91140642303433,46.51162790697674,54.77297895902548,30.333333333333336,53.84579180509413
6189,豐藝,電子通路,48.45,40888936.5375,True,92.9700272479564,15.891741845940318,4.49,2026-06-01,False,14.285714285714285,-4.059405940594054,0.15530350059943704,75.94043887147336,2.92,13.178294573643413,54.48504983388705,93.02325581395348,57.032115171650055,46.733111849390916,52.89036544850499,22.444444444444443,34.542451088962714
6870,騰雲,數位雲端,258.0,40860574.85,True,23.953823953823957,75.98889659958363,54.55,2026-06-01,False,32.0,0.38910505836575876,-0.0415513391194794,78.18181818181819,-9.50333333333333,32.281284606866,67.88482834994463,22.03765227021041,62.45847176079734,16.611295681063122,40.25470653377629,78.55555555555556,51.352620893318566
4583,台灣精銳,機械,579.0,40788776.1,True,56.68292682926829,52.463566967383755,29.98,2026-06-01,False,67.74193548387096,0.5208333333333333,0.027873961726444053,71.21771217712177,6.006666666666668,67.99557032115172,68.88150609080841,66.22369878183831,44.629014396456256,58.25027685492802,61.19601328903654,59.166666666666664,50.727436323366554
6015,宏遠證,證券,16.1,40428496.712500006,True,24.717285945072696,75.43372657876475,270.84,2026-06-01,False,62.5,-7.471264367816076,-0.17374120831236553,70.3056768558952,-1343.4433333333336,62.01550387596899,42.63565891472868,1.9933554817275747,41.74972314507198,0.5537098560354374,29.789590254706532,97.22222222222221,64.58794758213364
1436,華友聯,建設,37.3,39979332.88,True,19.455040871934603,79.84038861901456,-79.41,2026-06-01,False,81.35593220338984,-16.273849607182942,-0.06405937656331462,45.76687116564417,-59.349999999999994,81.83831672203765,21.705426356589147,14.728682170542637,2.8792912513842746,3.6544850498338874,24.961240310077518,0.4444444444444444,40.86415651531931
1231,聯華食,其他食品,91.0,39977878.92999999,True,55.36784741144414,53.29632199861207,6.95,2026-06-01,False,44.44444444444444,4.477611940298514,-0.007083625321839429,59.09090909090909,5.35,43.078626799557036,79.84496124031007,43.41085271317829,13.842746400885936,55.14950166112956,47.06533776301218,26.88888888888889,25.99132521225545
5511,德昌,營造,73.8,39851771.4,True,21.03542234332425,78.62595419847328,3.9,2026-06-01,False,75.0,-4.527813712807244,-0.10479479993387535,91.79104477611939,-3.47,74.47397563676633,52.602436323366554,7.641196013289036,91.14064230343301,26.910299003322258,50.55370985603543,21.555555555555557,58.64193429309709
4746,台耀,藥,51.6,39665847.7,True,41.879751209398755,63.77515614156836,0.29,2026-06-01,False,37.77777777777778,1.574803149606308,0.08660954651577188,72.57383966244727,10.406666666666666,36.98781838316722,72.42524916943522,83.16722037652269,48.28349944629014,68.9922480620155,61.97120708748615,17.22222222222222,32.51707272056109
3046,建碁,電腦及週邊,54.7,39445662.53,True,26.50334075723831,73.9764052741152,53.63,2026-06-01,False,87.71929824561403,8.96414342629482,0.07284721408170257,85.46875,3.3766666666666723,88.26135105204872,89.25802879291251,80.95238095238095,79.18050941306755,48.50498338870432,77.23145071982282,78.11111111111111,64.07373569582872
3066,李洲,光電及I/O,22.25,39352620.72,True,97.97297297297297,3.4004163775156147,49.95,2026-06-01,False,4.615384615384616,1.1363636363636365,0.018895817856496792,73.67549668874173,-2.213333333333331,3.10077519379845,71.09634551495017,60.797342192691026,52.602436323366554,30.67552602436323,43.65448504983389,75.33333333333333,39.98504983388704
3024,憶聲,家電製品,13.05,39338640.552499995,True,98.36512261580381,2.6717557251908395,-36.91,2026-06-01,False,6.25,8.750000000000007,-0.027066147132388564,73.31460674157303,18.189999999999998,4.706533776301218,88.70431893687709,29.014396456256918,50.60908084163898,81.72757475083057,50.95238095238095,2.3333333333333335,17.23615725359911
4533,協易機,機械,25.75,39158457.2175,True,97.11701526286038,6.939625260235947,0.49,2026-06-01,False,9.67741935483871,-5.677655677655681,0.0263449703023655,62.42424242424243,-5.079999999999999,8.416389811738648,48.6157253599114,65.22702104097453,20.487264673311184,23.25581395348837,33.200442967884825,17.77777777777778,24.516426725729055
2539,櫻花建,建設,41.4,38972436.965,True,34.55040871934605,68.14712005551701,79.55,2026-06-01,False,61.016949152542374,8.661417322834637,0.19556590252158346,59.82658959537572,-272.97666666666663,60.46511627906976,88.59357696566998,95.68106312292359,14.728682170542637,1.4396456256921373,52.181616832779625,87.22222222222223,43.45561092654117
6603,富強鑫,機械,25.9,38940854.0525,True,63.450292397660824,47.952810548230396,22.71,2026-06-01,False,61.29032258064516,13.100436681222707,0.03358736857467993,75.40029112081513,20.463333333333335,60.797342192691026,93.68770764119601,68.21705426356588,55.70321151716501,84.27464008859357,72.53599114064231,49.77777777777778,43.147655961609445
4571,鈞興-KY,機械,153.5,38779949.425,True,62.68028846153846,48.507980569049266,5.51,2026-06-01,False,64.51612903225806,-5.538461538461538,-0.1407630149492062,66.16379310344827,-2.1966666666666663,64.23034330011073,49.390919158361015,3.6544850498338874,31.007751937984494,30.78626799557032,35.81395348837209,23.88888888888889,42.43401624215578
7722,LINEPAY,數位雲端,293.5,38651708.825,True,12.121212121212121,85.35739070090214,14.16,2026-06-01,False,52.0,-8.28125,0.06572913544202717,39.18558077436582,-0.09999999999999964,51.55038759689923,39.97785160575858,79.29125138427464,0.7751937984496124,35.10520487264673,41.33997785160575,37.22222222222222,37.392488002953115
3528,安馳,電子通路,84.7,38592765.89,True,82.94277929155314,30.04857737682165,57.4,2026-06-01,False,34.69387755102041,-12.409513960703206,-0.08612810679345553,60.5,-11.756666666666668,34.44075304540421,28.57142857142857,11.295681063122924,15.946843853820598,14.507198228128459,20.952380952380953,79.11111111111111,50.23181985972684
6165,浪凡,數位雲端,49.55,38131679.29,True,25.254237288135595,75.22553782095767,18.44,2026-06-01,False,28.000000000000004,6.102783725910052,0.06598272857038552,82.99832495812394,7.880000000000001,28.07308970099668,83.83167220376522,79.40199335548172,74.75083056478405,63.23366555924695,65.85825027685493,44.22222222222222,40.80361757105943
6164,華興,光電及I/O,11.9,37981908.247499995,True,96.29337539432177,9.368494101318529,28.04,2026-06-01,False,12.307692307692308,-5.928853754940711,-0.0046773569786568185,68.39080459770116,25.056666666666665,11.295681063122924,47.61904761904761,45.40420819490587,36.65559246954596,88.15060908084163,45.8250276854928,56.333333333333336,39.16638981173865
1227,佳格,其他食品,29.2,37938595.34500001,True,56.83923705722071,52.39417071478141,-1.57,2026-06-01,False,33.33333333333333,0.5163511187607525,0.05535788793857264,86.00883652430043,-1.2466666666666668,33.5548172757475,68.66002214839423,76.0797342192691,80.06644518272425,32.668881506090806,58.20598006644518,14.777777777777779,39.934754521963825
2221,大甲,基本金屬,48.5,37920078.80499999,True,98.58310626702998,2.2900763358778624,34.65,2026-06-01,False,2.7027027027027026,6.593406593406594,-0.014317602062676914,83.04794520547945,11.006666666666664,1.7718715393133997,85.38205980066445,37.2093023255814,74.86157253599114,70.09966777408638,53.86489479512736,64.77777777777777,39.007290513104465
3558,神準,通信網路,127.5,37653176.5,True,96.07629427792915,10.027758501040944,5.74,2026-06-01,False,13.043478260869565,-3.7735849056603774,0.028082841962475135,71.22905027932961,15.183333333333334,12.181616832779623,56.035437430786274,66.44518272425249,44.73975636766335,77.9623477297896,51.47286821705427,24.333333333333336,31.304817275747506
6873,泓德能源,光電及I/O,85.3,37640317.339999996,True,84.34466019417476,28.036086051353227,42.53,2026-06-01,False,36.92307692307693,7.430730478589409,0.14890043784543344,44.54308093994778,51.13666666666666,36.21262458471761,86.60022148394242,91.69435215946844,1.8826135105204873,95.34883720930233,62.347729789590254,70.88888888888889,30.595976375046142
5291,邑昇,印刷電路板,51.2,37322243.615,True,82.35625704622322,30.53435114503817,40.5,2026-06-01,False,58.97435897435898,-8.407871198568866,-0.05541830617930692,64.97461928934011,-1.0399999999999991,57.91805094130675,39.42414174972315,17.16500553709856,27.242524916943523,33.27796234772979,35.00553709856035,69.33333333333334,53.76744186046511
6573,虹揚-KY,電子零組件,18.3,37046025.72750001,True,21.38364779874214,78.34836918806386,6.57,2026-06-01,False,93.00699300699301,-7.808564231738038,0.011025973954401991,65.47406082289804,14.186666666666667,93.46622369878183,41.74972314507198,55.924695459579176,28.460686600221486,75.85825027685493,59.09191583610188,26.055555555555554,51.558185677371725
5292,華懋,電子設備,166.5,36898278.075,True,51.388888888888886,57.18251214434421,-8.28,2026-06-01,False,80.28169014084507,-19.951923076923077,-0.29378676197810466,62.83018867924528,-10.99,80.84163898117387,14.950166112956811,0.33222591362126247,21.59468438538206,15.171650055370986,26.578073089700997,9.11111111111111,49.149317091177565
6126,信音,電子零組件,30.8,36562891.152499996,True,93.62397820163487,15.128383067314367,59.02,2026-06-01,False,25.874125874125873,-13.846153846153845,-0.1153925694705928,71.62790697674419,4.4466666666666725,26.02436323366556,25.359911406423034,6.2015503875969,45.9579180509413,52.71317829457365,31.25138427464009,80.33333333333333,56.73892580287929
8462,柏文,其他,158.5,36558933.075,True,4.536489151873767,91.18667591950035,20.11,2026-06-01,False,90.9090909090909,16.544117647058822,0.28104389411258257,93.5103244837758,-0.18666666666666742,91.58361018826136,95.79180509413068,99.00332225913621,93.46622369878183,34.99446290143965,82.96788482834995,46.55555555555556,58.95339608711703
1307,三芳,石化,31.45,36339646.239999995,True,14.059945504087192,83.58778625954199,11.11,2026-06-01,False,93.75,-8.442503639010194,-0.14465521276691135,84.0909090909091,1.5099999999999998,94.01993355481729,39.09191583610188,3.211517165005537,76.74418604651163,40.64230343300111,50.74197120708749,33.0,66.16805094130676
8473,山林水,資源回收,43.7,36222333.245000005,True,3.978779840848806,91.74184594031922,18.1,2026-06-01,False,85.71428571428571,-9.147609147609144,0.03493509978604016,78.03571428571429,4.586666666666666,86.37873754152824,36.65559246954596,68.66002214839423,62.01550387596899,53.156146179402,61.37320044296788,43.55555555555555,63.823551125876705
3356,奇偶,光電及I/O,59.2,36017124.394999996,True,0.9279475982532752,96.11380985426787,24.09,2026-06-01,False,98.46153846153847,3.3158813263525406,0.027871150701230654,90.65849923430322,10.523333333333332,96.78848283499445,77.40863787375415,66.11295681063123,89.14728682170544,69.21373200442967,79.734219269103,50.77777777777778,64.82622739018089
8476,台境*,資源回收,21.5,35848833.667500004,True,76.76470588235294,36.36363636363637,66.05,2026-06-01,False,28.57142857142857,-9.66386554621849,-0.0786265613703887,86.86868686868688,74.47333333333333,28.737541528239202,35.437430786267996,12.29235880398671,82.33665559246954,96.56699889258029,51.074197120708746,83.22222222222221,64.71474713916574
6922,宸曜,電腦及週邊,183.5,34598336.525,True,58.6890243902439,50.867453157529496,39.41,2026-06-01,False,63.1578947368421,8.579881656804734,0.09658036209666414,81.19469026548673,-12.003333333333337,62.67995570321152,88.37209302325581,85.60354374307863,70.21040974529346,14.396456256921372,64.25249169435216,68.44444444444444,53.2406792174234
8478,東哥遊艇,機車船製造,153.0,34579924.8,True,1.6348773841961852,94.79528105482305,76.33,2026-06-01,False,100.0,4.436860068259386,0.10167168779836937,66.09071274298056,92.47333333333333,98.67109634551495,79.734219269103,86.48947951273533,30.564784053156146,97.34219269102991,78.56035437430788,86.66666666666667,59.0420819490587
5474,聰泰,電腦及週邊,146.5,34483499.425,True,89.80926430517712,20.437196391394867,16.3,2026-06-01,False,22.807017543859647,-9.846153846153847,0.019594160074066273,69.59619952494062,16.776666666666667,23.034330011074196,35.10520487264673,61.35105204872646,39.756367663344406,80.17718715393134,47.884828349944634,41.5,42.296373200442964
5508,永信建,建設,51.0,34478991.385000005,True,96.51226158038148,8.917418459403192,329.34,2026-06-01,False,6.779661016949152,-4.850746268656718,0.08849142085246557,47.66355140186916,166.54333333333332,5.3156146179401995,51.38427464008859,83.49944629014396,3.433001107419712,98.67109634551495,48.46068660022148,97.88888888888889,38.81330749354005
5521,工信,營造,10.3,34310186.3175,True,27.52577319587629,73.07425399028452,-0.66,2026-06-01,False,56.25,1.4778325123152742,0.007957262410746348,37.6599634369287,-7.48,55.53709856035437,72.20376522702104,53.37763012181617,0.5537098560354374,18.49390919158361,40.033222591362126,16.333333333333332,25.055094130675528
3388,崇越電,電子通路,73.5,34108918.145,True,74.6049046321526,38.65371269951422,18.97,2026-06-01,False,51.02040816326531,-12.5,0.12042451179645894,60.74380165289256,-6.023333333333337,50.498338870431894,28.23920265780731,88.92580287929125,16.832779623477297,20.70874861572536,41.04097452934663,45.27777777777778,46.09242340346991
6821,聯寶,電子零組件,42.5,33982117.045,True,73.86804657179819,39.27827897293546,2.18,2026-06-01,False,60.83916083916085,-28.45117845117845,-0.04222686593663605,59.02777777777778,2.0866666666666673,60.243632336655594,3.5437430786267994,21.705426356589147,13.510520487264674,43.18936877076412,28.43853820598007,19.11111111111111,47.33038021410114
1712,興農,藥,39.35,33792715.385,True,68.8283378746594,43.92782789729355,4.08,2026-06-01,False,26.666666666666668,1.1568123393316267,-0.0481857171476816,83.45705196182396,-4.223333333333333,26.910299003322258,71.42857142857143,20.044296788482836,75.30454042081949,24.8062015503876,43.69878183831672,21.88888888888889,38.16878922111481
4951,精拓科,半導體,80.7,33634342.15,True,15.666666666666668,82.37335183900069,-3.71,2026-06-01,False,92.80000000000001,-14.603174603174601,0.0021813561403283698,57.64285714285714,-2.5533333333333337,93.24473975636766,24.25249169435216,49.72314507198228,11.84939091915836,29.900332225913623,41.79401993355482,12.222222222222221,48.265965300849025
3483,力致,電子零組件,77.8,33288575.560000002,True,51.06267029972752,57.46009715475364,-18.47,2026-06-01,False,77.62237762237763,-9.953703703703713,0.046056181886173546,58.27715355805243,-8.08,76.9656699889258,34.99446290143965,72.75747508305648,12.624584717607974,17.940199335548172,43.056478405315616,4.222222222222222,39.704503506829084
6101,寬魚國際,電視廣播,38.75,33098500.087499995,True,7.160493827160494,88.96599583622485,-65.59,2026-06-01,False,88.9908256880734,-18.848167539267017,-0.024446599452730703,81.15183246073299,-105.89333333333335,89.59025470653378,17.05426356589147,30.23255813953488,70.09966777408638,2.104097452934662,41.816168327796234,0.8888888888888888,60.88113695090439
5381,光譜,電機製品,23.6,33068112.7425,True,21.962616822429908,77.30742539902845,16.56,2026-06-01,False,63.63636363636363,-16.01423487544484,-0.019165761890008903,69.30983847283407,-5.830000000000002,63.34440753045404,22.259136212624583,34.10852713178294,38.87043189368771,21.262458471760798,35.968992248062015,41.94444444444444,55.4750369139904
5288,豐祥-KY,機車船製造,194.5,32317488.925,True,87.02997275204359,24.288688410825817,71.59,2026-06-01,False,16.666666666666664,10.826210826210826,0.0518623703848118,98.48101265822785,16.613333333333337,15.946843853820598,91.47286821705426,74.52934662236987,97.78516057585826,79.734219269103,71.89368770764119,85.11111111111111,51.84256183093393
2414,精技,電子通路,57.2,31508365.625,True,96.73024523160763,8.570437196391396,87.26,2026-06-01,False,8.16326530612245,-2.555366269165247,-0.08497496632559944,88.54489164086688,27.406666666666673,6.0908084163898115,60.35437430786268,11.406423034330011,86.37873754152824,89.92248062015504,50.83056478405316,88.77777777777777,55.223237356958286
5236,凌陽創新,半導體,148.0,31483509.625,True,50.082508250825086,58.57043719639139,12.78,2026-06-01,False,80.80000000000001,-12.42603550295858,-0.10069313226425046,79.35656836461126,-7.076666666666666,81.17386489479512,28.460686600221486,8.194905869324474,65.89147286821705,18.93687707641196,40.53156146179403,35.0,63.40116279069767
6716,應廣,半導體,82.4,31328382.834999997,True,62.4025974025974,48.99375433726579,60.58,2026-06-01,False,72.0,-13.263157894736835,-0.001085400711127728,70.1276595744681,16.156666666666673,71.87153931339978,26.688815060908084,47.176079734219265,41.19601328903654,79.18050941306755,53.22259136212625,80.77777777777779,66.78912882982651
2031,新光鋼,基本金屬,40.95,31120783.419999998,True,31.79297597042514,70.29840388619014,7.82,2026-06-01,False,78.37837837837837,6.225680933852155,0.21725637344445822,91.30434782608697,0.5166666666666684,77.74086378737542,84.1638981173865,97.12070874861573,90.47619047619048,37.2093023255814,77.34219269102991,28.444444444444443,53.12440014765596
6485,點序,半導體,64.4,31059400.619999997,True,94.50757575757575,13.1852879944483,-6.63,2026-06-01,False,21.6,-20.981595092024534,0.0354476236795721,51.72690763052209,3.7633333333333328,21.59468438538206,12.956810631229235,68.88150609080841,5.869324473975636,50.3875968992248,31.937984496124034,9.777777777777779,31.07124400147656
6122,擎邦,工程承攬,50.4,31034605.329999994,True,40.337078651685395,64.53851492019432,20.25,2026-06-01,False,50.0,6.7796610169491425,0.05313465657646209,80.38277511961722,24.19333333333333,49.16943521594684,85.8250276854928,75.08305647840533,68.10631229235881,87.70764119601328,73.17829457364341,47.0,44.612679955703214
7805,威聯通,電腦及週邊,603.0,30884493.5,True,9.929078014184398,86.60652324774463,28.11,2026-06-01,False,94.73684210526315,-8.21917808219178,-0.03807490914270556,73.53658536585365,13.176666666666668,94.6843853820598,40.310077519379846,23.588039867109632,51.82724252491694,74.19712070874863,56.92137320044297,56.44444444444444,65.66149870801034
1808,潤隆,建設,32.15,30881117.949999996,True,26.089517078916373,74.25399028452463,162537.27,2026-06-01,False,69.49152542372882,5.065359477124173,0.17412452751036436,80.67754077791717,77044.36666666665,69.54595791805093,81.50609080841639,94.35215946843853,68.9922480620155,100.0,82.87929125138427,100.0,64.25802879291251
2636,台驊控股,貨運倉儲,65.9,30577277.735000003,True,72.64305177111716,40.04163775156142,25.18,2026-06-01,False,35.714285714285715,-3.3724340175953036,-0.0073898513314528,90.27397260273973,9.733333333333333,35.21594684385382,57.696566998892585,43.078626799557036,88.26135105204872,67.55260243632335,58.3610188261351,52.11111111111111,54.47296050203026
3284,太普高,印刷,21.2,30248178.0,True,8.548931383577054,88.20263705759889,13.11,2026-06-01,False,88.21453775582216,-27.768313458262355,0.021678496490465375,68.71961102106968,14.6,88.81506090808416,4.208194905869324,62.45847176079734,37.54152823920266,76.85492801771872,53.975636766334446,35.55555555555556,64.42598744924327
6768,志強-KY,鞋及旅行箱,72.0,29902660.15,True,35.234375,67.80013879250521,5.2,2026-06-01,False,55.55555555555556,-6.8564036222509674,-0.01193130411917606,58.2995951417004,2.146666666666667,54.928017718715395,44.629014396456256,39.202657807308974,12.846068660022148,43.41085271317829,39.00332225913621,23.555555555555554,36.67515688445921
5410,國眾,電子通路,36.9,29774282.425000004,True,44.19618528610354,61.901457321304655,11.87,2026-06-01,False,75.51020408163265,-16.704288939051917,0.0028878230642587852,76.875,-99.25333333333333,75.30454042081949,20.81949058693245,50.27685492801772,59.02547065337763,2.3255813953488373,41.55038759689923,33.77777777777778,61.82207456626061
7703,銳澤,電子設備,179.0,29732516.525,True,40.04854368932039,64.67730742539904,25.14,2026-06-01,False,87.32394366197182,-10.723192019950124,-0.11241359512503968,61.93771626297578,10.686666666666667,87.92912513842747,33.222591362126245,6.755260243632337,19.712070874861574,69.65669988925804,43.455149501661126,51.888888888888886,56.57687338501292
6186,新潤,建設,42.25,29539591.202499997,True,11.845386533665836,85.49618320610686,-97.85,2026-06-01,False,86.4406779661017,2.3002421307506125,0.12892019837707933,59.675141242937855,-10.73333333333332,87.26467331118494,74.19712070874863,89.70099667774086,14.61794019933555,15.39313399778516,56.23477297895904,0.1111111111111111,31.949150978220743
1568,倉佑,汽車組件,28.6,29382596.245000005,True,49.06542056074766,59.056210964607914,18.2,2026-06-01,False,63.888888888888886,-23.631508678237655,0.10395980965472895,57.42971887550201,-0.5399999999999991,63.67663344407531,7.973421926910299,86.71096345514951,11.184939091915837,34.21926910299003,40.75304540420821,43.666666666666664,52.638704318936874
4167,松瑞藥,藥,20.4,29234555.615000002,True,21.983089930822445,77.16863289382373,-0.18,2026-06-01,False,57.77777777777777,7.651715039577834,0.15774083056499813,93.36384439359267,14.023333333333333,56.92137320044297,87.04318936877077,93.24473975636766,93.24473975636766,75.1937984496124,81.12956810631229,16.88888888888889,45.00295311923219
2468,華經,資訊服務,34.65,29173335.852500003,True,55.095367847411445,53.50451075641915,49.98,2026-06-01,False,31.818181818181817,0.434782608695648,0.013718721597181927,56.25,47.343333333333334,32.05980066445183,68.21705426356588,57.58582502768549,9.523809523809524,94.6843853820598,52.414174972314505,75.55555555555556,37.23052787006276
5258,虹堡,電腦及週邊,52.2,29095663.05,True,70.58453802639849,42.26231783483692,20.75,2026-06-01,False,54.385964912280706,12.137486573576812,0.12385696661994501,65.3316645807259,-5.52,53.59911406423035,92.35880398671097,89.14728682170544,28.017718715393137,22.259136212624583,57.076411960132894,47.55555555555556,34.20339608711702
6419,京晨科,光電及I/O,134.5,29091625.775,True,50.5,57.94587092297016,344.15,2026-06-01,False,61.53846153846154,-3.237410071942446,0.0013036384478001745,69.1516709511568,-3.060000000000059,61.12956810631229,58.139534883720934,49.16943521594684,38.31672203765227,28.903654485049834,47.13178294573643,98.22222222222223,59.88224437061647
2108,南帝,橡膠原料,27.95,28623273.005000003,True,90.95367847411444,18.52879944482998,31.78,2026-06-01,False,18.7014820042343,3.518518518518516,0.06564902526429171,86.93623639191291,0.11333333333333329,18.272425249169437,77.9623477297896,79.18050941306755,82.50276854928018,35.991140642303435,58.781838316722045,61.111111111111114,45.98098929494278
2420,新巨,電子零組件,56.9,28501309.95,True,82.23433242506812,30.60374739764053,10.73,2026-06-01,False,54.54545454545454,-5.481727574750837,-0.06505483525985278,87.13629402756509,8.393333333333334,53.98671096345515,49.72314507198228,14.285714285714285,83.16722037652269,64.562569213732,53.14507198228129,32.22222222222222,54.91325212255445
7786,東方風能,海運,128.0,28398562.525,True,27.878787878787882,72.72727272727273,18.58,2026-06-01,False,72.72727272727273,2.4,0.17933555895717282,43.986254295532646,-17.613333333333337,72.25913621262458,74.75083056478405,94.79512735326688,1.6611295681063125,10.741971207087486,50.84163898117386,44.55555555555556,35.9312476928756
8415,大國鋼,基本金屬,38.2,28163228.9675,True,32.752043596730246,69.60444136016655,36.57,2026-06-01,False,75.67567567567568,9.612625538020088,0.18628884589442635,100.0,11.29333333333333,75.52602436323367,90.36544850498339,95.01661129568106,99.55703211517165,70.65337763012181,86.22369878183831,66.77777777777779,62.87384643779993
8183,精星,印刷電路板,30.25,28136263.647499997,True,35.258855585831064,67.73074253990285,64.66,2026-06-01,False,97.43589743589743,-6.3467492260061835,-0.016344392055346345,74.41574415744158,27.953333333333326,96.3455149501661,46.179401993355484,36.21262458471761,53.59911406423035,90.14396456256921,64.49612403100775,82.55555555555556,71.58019564414913
5306,桂盟,自行車組件,91.1,27740718.080000002,True,58.03814713896458,51.76960444136016,31.67,2026-06-01,False,51.799576570218775,7.556080283353,0.04394464172013103,91.83467741935483,15.810000000000002,51.38427464008859,86.82170542635659,71.6500553709856,91.25138427464009,78.7375415282392,75.96899224806201,61.0,54.20348837209302
2707,晶華,餐飲飯店,179.5,27687324.975,True,17.6566757493188,81.22831367106176,13.94,2026-06-01,False,50.0,0.5602240896358543,0.35260405126905875,88.20638820638821,8.363333333333333,49.16943521594684,69.21373200442967,100.0,85.49280177187154,64.45182724252491,73.6655592469546,36.44444444444444,50.47323735695829
6577,勁豐,電腦及週邊,89.5,27641123.355,True,79.34604904632153,34.35114503816794,4.97,2026-06-01,False,38.59649122807017,23.789764868603047,0.06106784380584915,94.8093220338983,3.633333333333333,37.54152823920266,97.78516057585826,78.29457364341084,95.23809523809523,49.944629014396455,71.76079734219269,23.444444444444446,39.609726836471026
6532,瑞耘,電子設備,68.8,27568825.115000002,True,7.3569482288828345,88.75780707841776,18.65,2026-06-01,False,98.59154929577466,-20.278099652375438,0.016461921983178245,60.35087719298245,-8.220000000000006,96.89922480620154,14.839424141749724,59.46843853820598,15.614617940199334,17.718715393133998,40.908084163898124,44.83333333333333,60.626937984496124
1218,泰山,油脂飼料,15.8,27038942.247500002,True,13.200221852468108,84.38584316446912,-11.86,2026-06-01,False,80.0,-10.985915492957743,-0.11767413725343853,80.61224489795919,-9.556666666666667,80.1218161683278,32.779623477297896,5.869324473975636,68.77076411960132,16.500553709856035,40.80841638981174,5.888888888888888,55.50046142488003
2535,達欣工,營造,86.3,26925893.570000004,True,57.82016348773842,51.873698820263705,19.94,2026-06-01,False,25.0,-8.48356309650053,-0.10276433960340606,89.24508790072389,19.6,24.916943521594686,38.87043189368771,7.751937984496124,87.15393133997786,83.61018826135106,48.460686600221486,46.33333333333333,54.883444075304546
9911,櫻花,五金及家具,82.8,26828080.259999998,True,31.28065395095368,70.92297015961138,6.72,2026-06-01,False,90.0,0.24213075060533032,0.14586417225050258,89.70747562296857,-0.5533333333333337,90.69767441860465,66.99889258028793,91.36212624584718,87.37541528239203,34.10852713178294,74.10852713178295,26.555555555555554,59.407438169066076
4163,鐿鈦,醫療耗材,123.0,26298034.425,True,95.47683923705722,11.276891047883414,7.69,2026-06-01,False,6.0606060606060606,1.2345679012345678,-0.022538484312076276,90.44117647058823,-4.333333333333333,4.4296788482834994,71.53931339977852,31.450719822812843,88.37209302325581,24.58471760797342,44.07530454042082,28.333333333333332,37.39894795127353
4137,麗豐-KY,化妝美容,95.1,26073778.68,True,12.806539509536785,84.59403192227619,22.6,2026-06-01,False,83.33333333333334,-11.94444444444445,-0.22385034423023895,81.63090128755364,18.44,84.21926910299004,29.789590254706532,0.7751937984496124,71.87153931339978,81.83831672203765,53.69878183831672,49.55555555555556,68.96419342930972
3564,其陽,電腦及週邊,47.6,26017857.759999998,True,90.99816289038579,18.3206106870229,30.33,2026-06-01,False,19.298245614035086,12.264150943396233,0.02069496460716386,76.40449438202248,12.68,18.715393133997786,92.58028792912513,62.01550387596899,58.028792912513836,73.5326688815061,60.97452934662236,59.77777777777777,35.98541897379107
6024,群益期,期貨,64.7,25968418.145000003,True,38.85558583106267,65.5794587092297,124.15,2026-06-01,False,65.49047282992237,7.119205298013252,0.07602429548343145,99.23312883435584,169.84,65.33776301218161,86.26799557032115,81.50609080841639,98.78183831672203,98.78183831672203,86.13510520487264,93.0,67.71290143964562
4306,炎洲,石化,14.45,25950401.93,True,84.80543545398395,27.133934767522554,19.9,2026-06-01,False,31.25,-9.119496855345918,-0.01442052271093398,87.31117824773413,-8.09333333333333,31.616832779623476,36.87707641196013,36.98781838316722,83.83167220376522,17.829457364341085,41.42857142857143,46.22222222222222,56.198412698412696
2397,友通,電腦及週邊,57.5,25936702.715,True,83.81471389645777,28.97293546148508,31.37,2026-06-01,False,29.82456140350877,0.5244755244755195,0.2200445567247879,69.36067551266586,-0.8733333333333313,29.789590254706532,68.9922480620155,97.2314507198228,39.202657807308974,33.77630121816168,53.798449612403104,60.66666666666667,40.16666666666667
6561,是方,通信網路,322.0,25853247.75,True,0.544959128065395,97.4323386537127,10.18,2026-06-01,False,100.0,-3.303303303303303,0.051252393414553496,70.53669222343922,15.64,98.67109634551495,57.91805094130675,74.19712070874863,42.414174972314505,78.40531561461795,70.32115171650057,31.666666666666664,53.708471760797345
2540,愛山林,建設,54.3,25699588.555,True,99.34604904632153,1.1450381679389312,-49.07,2026-06-01,False,1.694915254237288,2.64650283553875,0.26353388018716856,63.5831381733021,3.2433333333333323,0.7751937984496124,75.63676633444075,98.44961240310077,23.145071982281284,47.729789590254704,49.14728682170542,1.4444444444444444,12.431985972683648
3669,圓展,光電及I/O,42.55,25557492.5225,True,67.95640326975477,44.552394170714784,2.95,2026-06-01,False,50.76923076923077,27.014925373134318,0.017430005019125675,98.72389791183294,-1.8533333333333335,50.27685492801772,98.67109634551495,60.243632336655594,98.33887043189368,31.33997785160576,67.77408637873754,20.22222222222222,42.54171280915466
6642,富致,電子零組件,75.5,25557183.494999997,True,91.81708784596871,17.210270645385148,52.49,2026-06-01,False,31.46853146853147,-5.388471177944859,-0.0306767789538024,82.15451577801957,23.520000000000003,31.782945736434108,49.83388704318937,27.02104097452935,73.5326688815061,87.26467331118494,53.887043189368775,77.55555555555556,58.2593207825766
8076,伍豐,電腦及週邊,23.55,24986489.925,True,76.99724517906336,36.29424011103401,8.5,2026-06-01,False,45.614035087719294,-2.685950413223135,-0.017549530088383964,82.34265734265735,-23.05333333333333,44.629014396456256,59.91140642303433,35.10520487264673,73.75415282392026,8.416389811738648,44.36323366555924,29.444444444444446,46.97905131044666
3628,盈正,電子零組件,66.5,24388133.1,True,11.389645776566757,85.77376821651632,30.27,2026-06-01,False,97.2027972027972,-3.2023289665211103,-0.012847379250261814,66.83417085427136,13.780000000000001,96.23477297895903,58.25027685492802,38.648947951273534,32.55813953488372,74.86157253599114,60.110741971207084,59.66666666666667,57.55232558139535
6863,永道-KY,通信網路,125.5,23875627.77,True,99.8766954377312,0.13879250520471895,80.81,2026-06-01,False,2.1739130434782608,39.13525498891352,0.048972141582519654,79.17981072555204,14.076666666666668,1.1074197120708749,99.33554817275747,73.64341085271317,65.11627906976744,75.52602436323367,62.945736434108525,87.66666666666667,38.63870431893689
2641,正德,海運,17.25,23802328.9125,True,20.5685618729097,78.90353920888272,4.73,2026-06-01,False,90.9090909090909,-1.9886363636363715,-0.0410906428841336,76.32743362831857,0.9333333333333336,91.58361018826136,61.79401993355482,22.369878183831673,57.91805094130675,38.9811738648948,54.529346622369886,23.11111111111111,52.704688076781096
4303,信立,石化,43.7,23641294.9,True,54.3800539083558,54.406662040249834,-10.0,2026-06-01,False,81.25,-2.3463687150837926,0.02186199593468777,52.33532934131737,-14.543333333333333,81.61683277962348,60.797342192691026,62.7906976744186,6.0908084163898115,12.624584717607974,44.78405315614618,7.666666666666666,33.644241417497234
3130,一零四,數位雲端,206.0,23456221.45,True,1.4713896457765667,94.89937543372658,7.87,2026-06-01,False,80.0,-6.575963718820861,-0.5783728530887278,88.41201716738198,-1.3333333333333348,80.1218161683278,45.625692137320044,0.11074197120708748,86.26799557032115,32.115171650055366,48.84828349944629,28.666666666666668,62.35769656699889
4736,泰博,醫療耗材,131.0,22910037.825,True,15.749318801089917,82.23455933379597,2.09,2026-06-01,False,60.60606060606061,6.504065040650407,0.2866360494432609,91.28919860627178,8.469999999999999,60.02214839424141,84.71760797342192,99.2248062015504,90.36544850498339,64.78405315614619,79.82281284606867,18.944444444444443,46.153608342561824
2617,台航,海運,28.8,22846999.915,True,33.5149863760218,69.11866759195003,37.28,2026-06-01,False,54.54545454545454,-1.2006861063464764,0.1390462848022008,86.22754491017965,10.713333333333335,53.98671096345515,63.45514950166113,90.47619047619048,80.84163898117387,69.76744186046511,71.70542635658916,67.33333333333333,59.67663344407531
7792,安葆,電機製品,215.0,22814349.3,True,4.310344827586207,91.39486467730742,28.27,2026-06-01,False,81.81818181818183,-14.85148514851485,0.09215084098132342,52.95566502463054,16.66,82.55813953488372,23.920265780730897,84.49612403100775,6.423034330011074,80.06644518272425,55.49280177187154,56.55555555555556,55.40411590992986
3484,崧騰,電子零組件,48.5,22760197.5225,True,45.44959128065395,61.20749479528106,9.04,2026-06-01,False,81.11888111888112,-4.901960784313726,0.027176845483316822,85.84070796460178,10.169999999999998,81.3953488372093,51.162790697674424,65.78073089700996,79.51273532668881,67.99557032115172,69.16943521594683,30.11111111111111,59.964101144333696
5519,隆大,建設,27.95,22678097.275,True,19.564032697547685,79.66689798750868,3.45,2026-06-01,False,79.66101694915254,-17.794117647058826,-0.273376931469498,79.17847025495752,-19.540000000000006,79.29125138427464,18.05094130675526,0.4429678848283499,65.00553709856035,10.077519379844961,34.57364341085271,21.0,61.811461794019934
2387,精元,光電及I/O,38.5,22672672.835,True,69.98880179171333,42.88688410825816,-17.57,2026-06-01,False,49.23076923076923,-0.9009009009009046,0.06078913222891579,83.24324324324324,-4.503333333333332,47.840531561461795,64.45182724252491,78.18383167220377,75.08305647840533,24.363233665559246,57.984496124031,4.444444444444445,40.729051310446664
2250,IKKA-KY,汽車組件,62.0,22556235.785000004,True,34.76874003189793,67.93893129770993,-3.65,2026-06-01,False,75.0,1.9736842105263206,-0.030801916219129716,57.674418604651166,5.539999999999999,74.47397563676633,73.86489479512736,26.799557032115175,11.960132890365449,56.69988925802879,48.75968992248062,12.333333333333334,31.225636766334436
3051,力特,光電及I/O,22.65,22452646.6125,True,77.91505791505791,35.46148507980569,42.47,2026-06-01,False,44.61538461538462,-14.528301886792457,-0.04500573667644723,73.53896103896103,18.016666666666666,43.18936877076412,24.363233665559246,20.930232558139537,51.93798449612403,81.61683277962348,44.40753045404209,70.77777777777777,60.38547434477667
3169,亞信,半導體,100.5,22344307.205000002,True,57.71117166212534,51.977793199167245,31.41,2026-06-01,False,76.0,-4.739336492890995,-0.0028600256645689263,81.70731707317073,19.83,75.63676633444075,52.04872646733112,46.40088593576966,72.20376522702104,83.83167220376522,66.02436323366555,60.77777777777777,64.14239571797711
1256,鮮活果汁-KY,飲料乳品,184.5,22235865.1,True,25.122615803814714,75.29493407356003,52.28,2026-06-01,False,100.0,4.23728813559322,0.003377296316918,88.06682577565633,8.233333333333341,98.67109634551495,79.51273532668881,50.94130675526024,85.38205980066445,64.11960132890366,75.72535991140641,77.33333333333333,70.46843853820599
2607,榮運,貨運倉儲,47.55,22114110.2475,True,19.509536784741144,79.73629424011104,25.41,2026-06-01,False,85.71428571428571,-1.8575851393188971,0.024565650004097068,80.18549747048904,5.366666666666667,86.37873754152824,62.45847176079734,64.23034330011073,67.77408637873754,55.370985603543744,67.24252491694351,52.33333333333333,61.00692137320044
6741,91APP*-KY,數位雲端,55.3,22078909.035,True,0.0794912559618442,99.16724496877168,32.45,2026-06-01,False,100.0,-11.235955056179776,0.28840949779179925,62.485875706214685,0.393333333333338,98.67109634551495,32.00442967884828,99.33554817275747,20.81949058693245,36.76633444075305,57.51937984496125,62.22222222222222,62.427094868955336
7744,崴寶,電子零組件,408.5,22057941.15,True,32.91139240506329,69.32685634975712,128.13,2026-06-01,False,86.01398601398601,-7.369614512471655,-0.03677991722993751,67.1875,15.870000000000005,86.93244739756368,43.18936877076412,24.14174972314507,33.44407530454042,78.8482834994463,53.311184939091916,93.22222222222221,67.60234403839054
4912,聯德控股-KY,電子零組件,83.6,21947116.925,True,95.20435967302451,11.86675919500347,53.33,2026-06-01,False,21.678321678321677,-0.1194743130227103,-0.009389098077785865,72.69565217391303,15.083333333333336,21.705426356589147,66.00221483942414,40.863787375415285,48.72646733111849,77.74086378737542,51.007751937984494,78.0,45.60741971207087
6568,宏觀,半導體,141.0,21728368.75,True,52.86103542234333,56.10687022900763,11.01,2026-06-01,False,78.4,-12.149532710280374,0.032548387446982796,51.45985401459854,2.073333333333334,77.8516057585825,29.346622369878183,68.10631229235881,5.094130675526024,43.078626799557036,44.69545957918051,32.72222222222222,46.58033407161314
4741,泓瀚,染料及顏料,45.7,21645833.552500002,True,95.42234332425068,11.415683553088133,32.28,2026-06-01,False,20.0,-18.971631205673752,-0.05752173272432592,56.41975308641975,4.676666666666666,20.044296788482836,16.611295681063122,16.389811738648948,9.856035437430787,53.37763012181617,23.255813953488374,62.0,43.82225913621262
3652,精聯,電腦及週邊,31.4,21434511.6625,True,27.862380146644107,72.7966689798751,-1.21,2026-06-01,False,85.96491228070175,-20.606826801517066,-0.021245634301475504,73.53629976580795,-26.45666666666667,86.82170542635659,13.953488372093023,32.55813953488372,51.71650055370986,7.308970099667775,38.471760797342185,15.333333333333332,59.97951273532669
1584,精剛,基本金屬,18.75,21334391.637500003,True,78.96253602305475,34.69812630117974,-3.21,2026-06-01,False,27.027027027027028,0.2673796791443888,0.09023803902845322,67.0840787119857,10.263333333333335,27.131782945736433,67.109634551495,83.94241417497231,33.111849390919154,68.54928017718716,55.96899224806201,12.777777777777777,26.47794389073459
3546,宇峻,資訊服務,74.5,21315609.560000002,True,81.3623978201635,31.60999306037474,44.44,2026-06-01,False,15.909090909090908,-8.700980392156858,-0.09249260874418873,85.14285714285714,-1.5833333333333357,15.060908084163898,38.095238095238095,9.634551495016613,78.18383167220377,31.67220376522702,34.52934662236988,72.0,56.78737541528239
3490,單井,電子設備,27.75,21200235.11,True,10.423728813559322,86.05135322692574,-3.75,2026-06-01,False,95.77464788732394,-8.866995073891623,-0.08272251146254865,63.793103448275865,-18.79,95.34883720930233,37.54152823920266,11.738648947951273,23.920265780730897,10.299003322259136,35.76965669988926,12.11111111111111,48.459671465485414
8213,志超,印刷電路板,30.9,21005651.572499998,True,96.23978201634877,9.437890353920888,26.05,2026-06-01,False,17.94871794871795,-13.32398316970547,-0.22579157189675375,73.92344497607655,11.65,17.386489479512733,26.578073089701,0.6644518272425249,53.0454042081949,71.31782945736434,33.798449612403104,53.11111111111111,49.241232927279434
5515,建國,營造,43.6,20983514.6475,True,2.561307901907357,93.61554476058292,24.55,2026-06-01,False,93.75,7.7873918417799715,0.1009780707012346,98.53107344632768,6.376666666666669,94.01993355481729,87.37541528239203,86.15725359911407,98.11738648947951,59.579180509413064,85.0498338870432,51.16666666666667,63.98214285714286
6913,鴻呈,電子零組件,123.0,20803917.125,True,42.59681093394077,63.0117973629424,61.08,2026-06-01,False,83.21678321678321,4.680851063829787,-0.016841863943016688,78.84615384615384,20.479999999999997,83.94241417497231,80.17718715393134,35.880398671096344,63.89811738648948,84.38538205980066,69.65669988925804,81.11111111111111,62.19361387966039
5607,遠雄港,貨運倉儲,49.6,20524551.904999997,True,29.155313351498634,71.96391394864678,37.01,2026-06-01,False,78.57142857142857,-1.1952191235059788,0.019143533304839824,89.04847396768402,-0.023333333333333428,78.07308970099668,63.565891472868216,61.240310077519375,86.82170542635659,35.437430786267996,65.02768549280178,67.0,67.08222591362126
2442,新美齊,建設,19.2,20378773.8375,True,13.211978860833822,84.31644691186676,220.09,2026-06-01,False,84.7457627118644,1.3192612137203166,0.15152886037273802,64.0,97.56333333333332,85.49280177187154,71.6500553709856,92.24806201550388,24.25249169435216,97.67441860465115,74.26356589147285,96.33333333333334,58.60714285714286
2423,固緯,電子設備,73.6,20245819.095,True,95.04087193460491,12.248438584316448,26.66,2026-06-01,False,21.12676056338028,0.13605442176869975,-0.0003298006901927061,86.79245283018867,6.286666666666665,21.373200442967885,66.66666666666666,47.840531561461795,82.17054263565892,59.41306755260244,55.49280177187154,54.55555555555556,47.858157991878926
3219,倚強科,電子設備,61.7,19992734.585,True,25.920577617328522,74.46217904233171,26.07,2026-06-01,False,91.54929577464789,-13.09859154929577,-0.031460278180638464,56.347031963470315,-5.513333333333332,92.46954595791806,26.910299003322258,26.688815060908084,9.7452934662237,22.369878183831673,35.63676633444075,53.333333333333336,57.15946843853821
3703,欣陸,營造,20.8,19987137.085,True,26.259196378041878,74.11519777931991,-5.55,2026-06-01,False,68.75,-2.5761124121779893,0.09418647685943574,85.24590163934427,-1.6233333333333326,68.54928017718716,60.243632336655594,84.82834994462901,78.62679955703211,31.561461794019934,64.76190476190474,10.666666666666668,49.39977851605759
2745,五福,旅行社,93.9,19942285.994999997,True,16.455696202531644,81.74878556557947,5.98,2026-06-01,False,83.33333333333334,-12.242990654205602,-0.11454375884864383,70.07462686567165,-7.366666666666669,84.21926910299004,28.903654485049834,6.423034330011074,40.97452934662237,18.6046511627907,35.8250276854928,24.666666666666668,55.23920265780731
1720,生達,藥,57.4,19863224.075,True,6.212534059945504,89.59056210964607,9.11,2026-06-01,False,73.33333333333333,-8.452950558213724,-0.01725512826259095,87.5,6.4799999999999995,72.75747508305648,38.9811738648948,35.326688815060905,84.1638981173865,60.13289036544851,58.272425249169444,30.22222222222222,62.040605389442604
3548,兆利,電子零組件,76.0,19744865.990000002,True,97.54768392370572,4.961832061068702,7.06,2026-06-01,False,9.090909090909092,-8.433734939759036,0.0710555169912139,60.079051383399204,17.073333333333334,7.530454042081949,39.202657807308974,80.5094130675526,15.282392026578073,80.5094130675526,44.606866002214836,27.22222222222222,27.708102620893317
8045,達運光電,通信網路,60.7,19407361.91,True,36.98979591836735,66.75919500346981,6.34,2026-06-01,False,73.91304347826086,3.2312925170068127,-0.047791921327144896,45.63909774436091,-30.76,73.31118493909192,77.18715393133998,20.26578073089701,2.768549280177187,5.758582502768549,35.858250276854925,25.333333333333336,31.056478405315612
1104,環泥,水泥製造,26.7,19399035.207499996,True,32.80653950953678,69.50034698126302,-18.91,2026-06-01,False,71.42857142857143,0.564971751412424,-0.15014101122162918,81.5267175572519,-10.273333333333333,71.2624584717608,69.32447397563676,2.990033222591362,71.31782945736434,15.83610188261351,46.14617940199335,4.0,44.31395348837209
6112,邁達特,資訊服務,40.55,19268586.73,True,77.90304396843291,35.53088133240805,-2.29,2026-06-01,False,18.181818181818183,-3.9099526066350845,-0.0467542908762421,71.01576182136601,-15.11,17.60797342192691,55.370985603543744,20.487264673311184,43.85382059800664,12.181616832779623,29.900332225913623,14.222222222222221,30.07825765965301
3555,博士旺,數位雲端,156.0,19056050.875,True,21.108179419525065,78.55655794587092,119.54,2026-06-01,False,40.0,-11.11111111111111,0.03581957228112979,56.52173913043478,-1165.88,38.87043189368771,32.55813953488372,69.21373200442967,10.188261351052049,0.7751937984496124,30.321151716500548,92.44444444444444,52.23624953857512
5432,新門,電子零組件,117.0,18977404.0,True,47.303443794671864,59.75017349063151,18.54,2026-06-01,False,79.72027972027972,-28.000000000000004,-0.06283424860375209,63.24324324324324,25.06,79.40199335548172,3.9867109634551494,15.060908084163898,22.48062015503876,88.26135105204872,41.83831672203765,44.44444444444444,60.58508674787744
9925,新保,保全,40.2,18965761.389999997,True,47.19346049046321,59.88896599583623,3.31,2026-06-01,False,59.91531404375441,-0.6180469715698393,0.227359648226894,96.86746987951807,0.5066666666666668,58.91472868217055,65.22702104097453,97.67441860465115,96.67774086378738,37.098560354374314,71.11849390919159,20.88888888888889,52.81358434846807
2530,華建,建設,20.15,18932134.115000002,True,6.460945033751206,89.45176960444135,-96.97,2026-06-01,False,91.52542372881356,9.214092140921405,0.07860001876595009,61.06060606060606,0.7666666666666799,92.35880398671097,89.59025470653378,81.61683277962348,17.829457364341085,37.98449612403101,63.875968992248055,0.2222222222222222,30.205057216685123
8499,鼎炫-KY,其他電子,261.0,18867100.0,True,91.4441416893733,17.765440666204025,116.29,2026-06-01,False,17.925194071983064,-13.0,-0.061743092195117755,65.57788944723619,17.143333333333345,17.275747508305646,27.242524916943523,15.725359911406422,28.68217054263566,80.73089700996677,33.9313399778516,92.22222222222223,52.734403839055005
7780,大研生醫*,藥,17.2,18860316.395,True,1.8957345971563981,94.37890353920888,37.7,2026-06-01,False,84.44444444444444,-3.9106145251396613,-0.038466163772886634,4.444444444444444,1.9266666666666694,85.04983388704319,55.26024363233666,23.477297895902545,0.11074197120708748,42.19269102990033,41.21816168327797,67.66666666666666,49.391749723145075
5457,宣德,電子零組件,30.15,18762954.0325,True,92.26158038147139,16.655100624566273,2.95,2026-06-01,False,30.069930069930066,-11.32352941176471,-0.17387917444473502,58.31721470019342,2.62,30.121816168327797,31.450719822812843,1.8826135105204873,12.956810631229235,45.29346622369878,24.341085271317827,20.22222222222222,32.9625322997416
2612,中航,海運,51.7,18723047.67,True,18.61353711790393,80.49965301873698,11.7,2026-06-01,False,100.0,0.38834951456311234,0.005015521103770654,69.30294906166222,0.7799999999999976,98.67109634551495,67.77408637873754,52.04872646733112,38.759689922480625,38.205980066445186,59.09191583610188,33.55555555555556,50.8030638612034
6220,岳豐,電子零組件,27.5,18720297.54,True,84.79415670650731,27.203331020124917,57.98,2026-06-01,False,47.55244755244755,-25.474254742547426,-0.035538381967968394,60.70640176600441,14.756666666666668,46.40088593576966,6.423034330011074,24.58471760797342,16.500553709856035,77.40863787375415,34.263565891472865,79.66666666666666,59.03626799557031
6763,綠界科技*,數位雲端,42.55,18643757.4775,True,0.2827521206409048,98.1263011797363,14.37,2026-06-01,False,96.0,-8.494623655913983,0.022523809944972006,62.665684830633275,1.4233333333333338,95.5703211517165,38.759689922480625,63.23366555924695,21.483942414174972,40.310077519379846,51.871539313399786,37.333333333333336,53.906976744186046
7728,光焱科技,電子設備,614.0,18638787.2,True,54.41176470588235,54.33726578764747,114.18,2026-06-01,False,76.05633802816901,-6.54490106544901,-0.006558708137487882,68.45039018952063,75.94,75.74750830564784,45.73643410852713,43.63233665559247,36.76633444075305,96.78848283499445,59.73421926910298,92.0,64.69435215946844
5608,四維航,海運,13.65,18637497.582500003,True,90.96989966555184,18.390006939625263,21.83,2026-06-01,False,9.090909090909092,-3.1914893617021227,-0.03954551138974614,65.78313253012048,10.283333333333331,7.530454042081949,58.3610188261351,23.034330011074196,29.346622369878183,68.66002214839423,37.38648947951273,49.0,31.879014396456256
8341,日友,資源回收,77.4,18610809.270000003,True,5.885558583106267,89.79875086745317,6.99,2026-06-01,False,80.95238095238095,-0.896286811779755,0.21518578266050375,84.59016393442623,-16.006666666666668,81.28460686600222,64.6733111849391,96.89922480620154,77.29789590254707,11.84939091915836,66.40088593576965,27.0,55.22729789590255
6423,億而得,半導體,70.5,18596709.6,True,90.63670411985018,18.945176960444137,171.65,2026-06-01,False,32.800000000000004,-10.532994923857865,-0.1485566137909304,56.17529880478087,97.95666666666666,33.00110741971207,33.44407530454042,3.10077519379845,9.413067552602437,97.78516057585826,35.348837209302324,95.44444444444444,51.10363602805464
6996,力領科技,半導體,177.5,18569786.675,True,44.529262086513995,61.69326856349757,49.96,2026-06-01,False,83.2,-8.031088082901555,-0.01413118239229663,87.65432098765432,6.829999999999998,83.72093023255815,41.306755260243634,37.652270210409746,84.60686600221484,61.240310077519375,61.70542635658914,75.44444444444444,75.61637135474345
2453,凌群,資訊服務,51.9,18566723.764999997,True,46.049046321525886,60.65232477446217,5.79,2026-06-01,False,43.18181818181818,-6.148282097649184,-0.04874247900243908,81.2206572769953,0.5366666666666662,41.74972314507198,46.733111849390916,19.712070874861574,70.7641196013289,37.43078626799557,43.2779623477298,24.555555555555557,47.584071613141376
1586,和勤,電子零組件,18.05,18400603.9375,True,90.0,20.09021512838307,25.16,2026-06-01,False,34.26573426573427,-8.142493638676834,0.04348390490483654,59.375,12.536666666666665,34.21926910299003,40.64230343300111,71.20708748615725,14.285714285714285,73.31118493909192,46.73311184939091,52.0,39.965669988925804
6494,九齊,半導體,48.7,18362985.5075,True,96.68074834037417,8.674531575294935,45.81,2026-06-01,False,16.0,-22.575516693163745,-0.02831951958981893,70.37572254335261,-7.060000000000002,15.227021040974527,9.856035437430787,28.12846068660022,41.86046511627907,19.047619047619047,22.823920265780732,73.0,55.057862679955704
6465,威潤,通信網路,50.7,18318282.84,True,4.918032786885246,90.70090215128384,42.29,2026-06-01,False,91.30434782608695,-22.59541984732824,-0.051280074184849325,71.20786516853933,-55.34000000000001,92.13732004429679,9.7452934662237,18.826135105204873,44.518272425249165,4.097452934662237,33.864894795127356,70.66666666666667,74.39424141749723
2015,豐興,基本金屬,64.5,18179049.099999998,True,69.15531335149863,43.75433726578765,-9.73,2026-06-01,False,40.54054054054054,7.142857142857138,0.34286875654582705,91.48936170212765,-0.5099999999999998,39.64562569213732,86.37873754152824,99.88925802879291,90.80841638981174,34.33001107419712,70.21040974529346,7.888888888888888,37.99104835732743
6546,正基,通信網路,59.9,18117130.4,True,40.828402366863905,64.26092990978486,-0.77,2026-06-01,False,67.3913043478261,-12.170087976539595,-0.15212148028613198,66.55555555555556,1.98,67.55260243632335,29.12513842746401,2.768549280177187,31.561461794019934,42.524916943521596,34.706533776301214,16.055555555555557,46.51112033960871
6134,萬旭,電子零組件,27.35,18021371.2825,True,44.32835820895523,61.832061068702295,36.38,2026-06-01,False,82.51748251748252,-16.7427701674277,-0.0892370458292993,68.71859296482413,-12.200000000000003,83.2779623477298,20.70874861572536,10.520487264673312,37.43078626799557,14.285714285714285,33.244739756367665,66.44444444444444,66.61111111111111
2491,吉祥全,家電製品,28.2,17964123.025,True,34.26423200859291,68.21651630811935,7.63,2026-06-01,False,50.0,-27.784891165172855,0.008888318107126893,64.0909090909091,2.833333333333333,49.16943521594684,4.097452934662237,54.15282392026578,24.695459579180508,46.40088593576966,35.703211517165,28.22222222222222,49.497416020671835
6756,威鋒電子,半導體,95.0,17889165.02,True,63.95864106351551,47.53643303261624,50.06,2026-06-01,False,68.8,0.3167898627243898,-0.021535120122417335,84.44444444444444,22.88,68.66002214839423,67.44186046511628,32.00442967884828,76.9656699889258,86.48947951273533,66.31229235880399,75.88888888888889,63.51818014027316
2106,建大,輪胎,18.0,17851938.732499998,True,96.7504598405886,8.466342817487856,11.6,2026-06-01,False,20.0,6.824925816023731,0.08478559208545841,78.43137254901961,5.493333333333333,20.044296788482836,85.93576965669989,82.72425249169434,62.901439645625686,56.14617940199336,61.55038759689923,33.44444444444444,32.61360280546327
2030,彰源,基本金屬,17.3,17769363.3725,True,61.44306651634723,49.41013185287994,33.89,2026-06-01,False,51.35135135135135,-7.73333333333333,-0.01363880833664608,85.85607940446651,6.933333333333334,50.94130675526024,42.19269102990033,38.095238095238095,79.6234772978959,61.461794019933556,54.46290143964562,64.0,63.09302325581395
3438,類比科,半導體,54.5,17580861.725,True,68.82530120481928,43.99722414989591,-6.39,2026-06-01,False,66.4,-22.142857142857142,-0.05294887026797188,68.9873417721519,5.760000000000001,66.00221483942414,10.852713178294573,18.161683277962346,37.98449612403101,57.36434108527132,38.073089700996675,10.222222222222223,50.8390550018457
7556,意德士,電子設備,218.0,17530397.25,True,69.7056712132089,43.16446911866759,8.78,2026-06-01,False,63.38028169014085,-19.852941176470587,-0.10059368979158541,68.3385579937304,-3.9800000000000004,63.01218161683278,15.171650055370986,8.416389811738648,36.544850498338874,25.581395348837212,29.7452934662237,29.666666666666668,53.51301218161683
2248,華勝-KY,汽車組件,61.5,17529344.85,True,85.97014925373134,25.607217210270644,106.59,2026-06-01,False,30.555555555555557,12.431444241316266,0.05480583231403904,93.18181818181817,40.68333333333334,30.564784053156146,92.9125138427464,75.63676633444075,92.58028792912513,93.46622369878183,77.03211517165006,91.33333333333333,55.39147286821705
6292,迅德,電子零組件,52.4,17524088.457500003,True,84.90463215258856,26.925746009715475,20.24,2026-06-01,False,46.85314685314685,-9.185441941074531,-0.03061436411183305,74.96423462088697,-22.33666666666667,45.84717607973422,36.434108527131784,27.131782945736433,55.03875968992248,8.748615725359912,34.64008859357696,46.88888888888889,52.835179032853446
1522,堤維西,汽車組件,28.2,17196645.094999995,True,97.22070844686648,6.419153365718251,70.02,2026-06-01,False,11.11111111111111,-5.5276381909547805,-0.09513956202646832,53.40909090909091,15.720000000000006,9.800664451827243,49.501661129568106,8.859357696566999,7.198228128460686,78.62679955703211,30.79734219269103,84.55555555555556,38.01319675156884
8249,菱光,光電及I/O,43.15,17073671.802500002,True,53.46049046321526,54.927133934767525,12.5,2026-06-01,False,60.0,-9.253417455310197,-0.05341136879309736,67.21183800623052,-1.2933333333333348,59.3576965669989,36.32336655592469,17.829457364341085,33.665559246954594,32.44739756367663,35.924695459579176,34.55555555555556,47.81386120339609
2906,高林,貿易,13.4,17044711.997500002,True,20.326975476839237,79.2852185981957,5.23,2026-06-01,False,79.2166549047283,-5.633802816901401,-0.04144898359184844,85.8974358974359,2.796666666666667,78.8482834994463,48.837209302325576,22.148394241417495,79.84496124031007,46.06866002214839,55.14950166112957,23.666666666666668,58.38067552602436
6192,巨路,電子通路,114.0,17038565.75,True,80.49046321525886,32.68563497571132,16.94,2026-06-01,False,38.775510204081634,-4.201680672268908,0.07044546741814817,85.39325842696628,5.2233333333333345,37.87375415282392,53.931339977851614,80.17718715393134,79.06976744186046,54.59579180509413,61.129568106312284,42.333333333333336,51.33637873754152
3444,利機,電子通路,71.4,16967904.835,True,83.97820163487738,28.556557945870924,17.06,2026-06-01,False,30.612244897959183,-19.685039370078737,0.023858343670897925,60.765957446808514,12.083333333333332,30.67552602436323,15.614617940199334,63.67663344407531,17.16500553709856,72.42524916943522,39.91140642303433,42.55555555555556,43.6953672942045
5530,龍巖,靈骨塔,48.35,16843111.9925,True,86.53950953678475,24.98265093684941,-8.33,2026-06-01,False,25.052928722653494,2.545068928950165,0.23586780128674076,80.7178631051753,0.45000000000000107,25.47065337763012,75.41528239202658,98.00664451827242,69.10299003322258,36.98781838316722,60.99667774086379,9.0,32.039590254706525
8011,台通,通信網路,16.2,16836077.6575,True,37.02239789196311,66.68979875086745,-31.36,2026-06-01,False,71.73913043478261,-4.70588235294118,-0.10032198188397962,64.92985971943888,-6.173333333333332,71.53931339977852,52.159468438538205,8.637873754152823,27.02104097452935,20.376522702104097,35.946843853820596,2.555555555555556,37.239110372831306
3306,鼎天,通信網路,45.0,16504240.925000003,True,19.455040871934603,79.84038861901456,1.15,2026-06-01,False,86.95652173913044,-1.098901098901099,0.005738644931155699,65.40697674418605,-0.9866666666666672,87.59689922480621,63.89811738648948,52.602436323366554,28.23920265780731,33.44407530454042,53.15614617940199,18.444444444444443,42.59560723514212
1734,杏輝,藥,31.55,16367964.357499998,True,29.440905874026896,71.7557251908397,3.78,2026-06-01,False,46.666666666666664,-1.4062499999999978,0.1550069903081013,93.34319526627219,-3.4466666666666668,45.73643410852713,63.23366555924695,92.9125138427464,93.13399778516057,27.242524916943523,64.45182724252491,21.444444444444443,49.270302694721295
1789,神隆,藥,19.6,16257182.4375,True,94.60490463215258,12.873004857737683,-3.91,2026-06-01,False,11.11111111111111,-1.9999999999999927,0.057364531746030255,69.38053097345134,4.306666666666667,9.800664451827243,61.57253599114064,76.74418604651163,39.31339977851606,52.27021040974529,47.94019933554817,12.0,24.885382059800666
5609,中菲行,貨運倉儲,79.4,16205797.879999999,True,57.82016348773842,51.873698820263705,35.26,2026-06-01,False,57.14285714285714,4.199475065616801,0.2728629814654976,94.63647199046484,6.496666666666666,56.47840531561462,79.29125138427464,98.67109634551495,95.12735326688815,60.243632336655594,77.96234772978958,65.33333333333333,59.41196013289037
3687,歐買尬,數位雲端,69.3,16193350.26,True,5.123216601815823,90.49271339347675,15.55,2026-06-01,False,60.0,-5.970149253731351,0.014885667593239556,81.52941176470588,1.5566666666666666,59.3576965669989,47.286821705426355,58.58250276854928,71.42857142857143,40.863787375415285,55.50387596899225,39.611111111111114,55.77763935031378
9942,茂順,汽車組件,123.0,16146810.825,True,72.37057220708448,40.458015267175576,26.64,2026-06-01,False,52.77777777777778,5.579399141630901,0.08441141153825267,98.00796812749005,9.506666666666668,52.27021040974529,82.61351052048727,82.61351052048727,97.56367663344408,66.88815060908084,76.38981173864894,54.44444444444444,55.416205241786635
4164,承業醫,醫療耗材,27.15,16144524.45,True,63.378746594005456,48.091603053435115,-38.16,2026-06-01,False,21.21212121212121,-8.277027027027037,-0.0919956705372799,52.51450676982591,-59.44333333333333,21.483942414174972,40.08859357696567,9.856035437430787,6.312292358803987,3.5437430786267994,16.256921373200445,2.2222222222222223,22.48246585455888
1784,訊聯,生物科技,59.6,16063441.995000001,True,28.446866485013622,72.31089521165856,5.37,2026-06-01,False,100.0,-8.588957055214726,-0.05952441797009601,51.6017316017316,-5.913333333333333,98.67109634551495,38.53820598006645,16.057585825027683,5.3156146179401995,21.040974529346624,35.92469545957918,23.77777777777778,47.30657069029162
5450,南良,其他化學,16.0,15986615.634999996,True,85.82535885167464,25.954198473282442,21.66,2026-06-01,False,18.75,9.589041095890414,0.009870360578096312,85.33333333333334,4.296666666666667,18.49390919158361,90.2547065337763,55.14950166112956,78.95902547065337,52.159468438538205,59.00332225913621,48.55555555555556,38.93844592100406
5225,東科-KY,消費性電子,72.8,15900665.854999999,True,53.260123541523676,55.447605829285216,17.8,2026-06-01,False,50.0,1.6759776536312891,0.02535555160165314,62.48927038626609,11.693333333333335,49.16943521594684,72.64673311184939,64.562569213732,20.930232558139537,71.76079734219269,55.81395348837209,43.333333333333336,35.19656699889258
3229,晟鈦,印刷電路板,38.8,15861327.285,True,80.95238095238095,32.13046495489243,99.09,2026-06-01,False,66.66666666666666,-8.813160987074031,-0.022456020319497703,71.32352941176471,27.370000000000005,66.61129568106313,37.87375415282392,31.561461794019934,45.29346622369878,89.81173864894795,54.23034330011073,90.11111111111111,66.03552971576227
6275,元山,電子零組件,43.2,15750579.177499998,True,50.799086757990864,57.59888965995836,-6.28,2026-06-01,False,78.32167832167832,-9.148264984227119,-0.09035397444503408,71.05263157894738,2.746666666666667,77.63012181616833,36.544850498338874,10.188261351052049,43.96456256921373,45.84717607973422,42.83499446290144,10.333333333333334,48.84579180509412
8240,華宏,光電及I/O,41.3,15691405.282500003,True,92.09809264305177,16.897987508674532,-7.7,2026-06-01,False,22.30769230769231,-19.493177387914233,0.1748929208952783,55.213903743315505,-2.546666666666667,22.259136212624583,15.946843853820598,94.46290143964563,8.527131782945736,30.011074197120706,34.24141749723145,9.444444444444445,31.07096714654854
4104,佳醫,醫療耗材,70.7,15689418.785,True,57.49318801089919,52.185981956974324,16.07,2026-06-01,False,27.27272727272727,2.911208151382824,0.2799579773303715,79.97737556561086,6.08,27.51937984496124,76.0797342192691,98.89258028792912,66.99889258028793,58.693244739756366,65.63676633444075,40.833333333333336,39.81796788482835
8083,瑞穎,機械,157.0,15420927.85,True,5.831062670299728,89.86814712005553,-8.87,2026-06-01,False,96.7741935483871,-8.187134502923977,-0.021718444147797184,87.22222222222223,1.6966666666666654,95.79180509413068,40.53156146179402,31.782945736434108,83.49944629014396,41.52823920265781,58.62679955703212,8.555555555555555,61.82881136950905
6117,迎廣,電子零組件,68.3,15400980.760000002,True,6.553911205073996,89.38237335183901,-11.35,2026-06-01,False,98.6013986013986,-4.741980474198055,-0.037148131423087837,70.41237113402062,-7.3533333333333335,97.00996677740864,51.93798449612403,23.920265780730897,42.08194905869325,18.715393133997786,46.73311184939092,6.388888888888888,48.38570505721668
6894,衛司特,資源回收,327.5,15258274.95,True,66.66666666666666,45.52394170714781,44.54,2026-06-01,False,38.095238095238095,-7.092198581560284,-0.14327130734742366,80.07334963325184,-30.663333333333334,37.2093023255814,43.74307862679956,3.433001107419712,67.44186046511628,5.869324473975636,31.539313399778518,72.22222222222221,58.28257659653008
5210,寶碩,資訊服務,29.25,15152080.569999998,True,12.335958005249344,85.21859819569744,-20.73,2026-06-01,False,77.27272727272727,-2.5,-0.008371343541470178,87.96992481203007,-43.39,76.578073089701,60.46511627906976,41.74972314507198,85.16057585825027,4.4296788482834994,53.67663344407531,3.6666666666666665,51.23504983388705
3311,閎暉,電子零組件,34.5,15068256.907500003,True,14.599686028257459,83.06731436502429,14.07,2026-06-01,False,95.1048951048951,-6.63058186738837,-0.013464580482948347,83.53510895883778,3.1499999999999986,95.01661129568106,45.182724252491695,38.31672203765227,75.63676633444075,47.23145071982282,60.27685492801773,36.666666666666664,65.53433001107419
5312,寶島科,醫藥通路,91.4,15050837.065000001,True,83.21525885558583,29.736294240111032,9.54,2026-06-01,False,11.11111111111111,1.895206243032333,-0.008875168942970283,66.95970695970696,-4.100000000000001,9.800664451827243,73.421926910299,41.306755260243634,33.00110741971207,25.249169435215947,36.55592469545958,30.777777777777775,25.03940568475452
1616,億泰,電纜,19.25,14974169.4725,True,29.24071082390953,71.89451769604442,32.05,2026-06-01,False,50.0,-11.697247706422022,-0.08157446160689628,48.00498753117207,20.28333333333333,49.16943521594684,30.454042081949055,11.84939091915836,3.6544850498338874,84.1638981173865,35.858250276854925,61.44444444444444,45.953580657069026
4555,氣立,機械,45.95,14870094.027499998,True,90.44776119402985,19.36155447605829,24.67,2026-06-01,False,12.903225806451612,0.43715846994536145,0.024146501516713097,79.08777969018934,7.290000000000003,12.070874861572536,68.32779623477298,64.00885935769656,64.562569213732,62.23698781838317,54.24141749723145,51.44444444444445,39.937523071244
5489,彩富,光電及I/O,44.95,14865103.847500002,True,72.23880597014926,40.66620402498265,14.48,2026-06-01,False,47.69230769230769,-28.079999999999995,0.005257157124142258,66.29793510324484,0.7400000000000002,46.62236987818383,3.7652270210409746,52.27021040974529,31.450719822812843,37.87375415282392,34.39645625692137,37.77777777777778,53.021410114433365
1529,樂事綠能,電機製品,18.25,14814811.074999997,True,3.288740245261984,92.36641221374046,4.51,2026-06-01,False,90.9090909090909,-16.091954022988507,-0.02860748525184416,62.60720411663808,-25.77666666666667,91.58361018826136,22.148394241417495,28.017718715393137,21.262458471760798,7.641196013289036,34.13067552602436,22.61111111111111,53.327196382428944
2905,三商,百貨批發,16.15,14807075.427499998,True,84.35498627630376,27.966689798750867,-19.95,2026-05-01,False,15.0,9.121621621621607,0.2125440970813532,94.44444444444443,-111.84666666666666,13.676633444075303,89.4795127353267,96.56699889258029,94.57364341085271,1.8826135105204873,59.2358803986711,3.7777777777777777,30.637135474344774
2511,太子,建設,8.53,14747578.298000002,True,59.237057220708444,50.52047189451769,76.56,2026-06-01,False,30.508474576271187,5.831265508684849,0.15256915188434192,89.78947368421052,55.986666666666665,30.454042081949055,83.16722037652269,92.58028792912513,87.59689922480621,96.12403100775194,77.98449612403101,86.77777777777777,55.41537467700258
6148,驊宏資,資訊服務,28.8,14547001.61,True,65.9400544959128,46.28730048577377,-2.86,2026-06-01,False,25.0,-6.493506493506493,-0.009114635762316655,48.484848484848484,11.316666666666668,24.916943521594686,45.9579180509413,40.97452934662237,3.7652270210409746,70.7641196013289,37.27574750830565,13.333333333333334,24.01439645625692
5203,訊連,資訊服務,68.9,14538150.735,True,12.060301507537687,85.4267869535045,-9.77,2026-06-01,False,79.54545454545455,2.8358208955223967,0.046118022344974745,64.39252336448598,2.0166666666666675,79.06976744186046,75.96899224806202,72.86821705426357,25.581395348837212,42.857142857142854,59.26910299003322,7.777777777777778,34.114987080103354
4807,日成-KY,其他,39.05,14488795.452499997,True,83.7579617834395,29.14642609299098,29.72,2026-06-01,False,22.727272727272727,3.0343007915567246,0.032448130069657334,86.77777777777777,-12.21,22.868217054263564,76.41196013289037,67.99557032115172,81.94905869324474,14.174972314507198,52.67995570321152,58.333333333333336,46.68466223698782
2488,漢平,消費性電子,49.7,14483761.775,True,58.36512261580381,51.526717557251914,36.22,2026-06-01,False,40.0,-8.133086876155266,0.016411028472963794,90.52823315118398,5.396666666666665,38.87043189368771,40.753045404208194,59.2469545957918,88.59357696566998,55.48172757475083,56.58914728682171,66.11111111111111,63.20551864156515
4129,聯合,醫療耗材,88.1,14353098.25,True,9.427792915531336,86.91880638445524,17.08,2026-06-01,False,78.78787878787878,-0.45197740112994994,-0.0920653840749467,67.25190839694656,1.0299999999999976,78.18383167220377,65.78073089700996,9.7452934662237,33.88704318936877,39.202657807308974,45.35991140642304,42.72222222222222,47.2530915466962
2545,皇翔,建設,33.3,14275409.7375,True,73.0349344978166,39.83344899375434,-77.31,2026-06-01,False,22.033898305084744,-11.671087533156513,-0.15202095673599567,73.91786903440621,-56.77666666666667,21.92691029900332,30.564784053156146,2.8792912513842746,52.93466223698782,3.7652270210409746,22.414174972314505,0.5555555555555556,36.21308600959764
3021,鴻名,電子零組件,21.35,14232555.225,True,84.35967302452316,27.86259541984733,-15.75,2026-06-01,False,48.25174825174825,-20.484171322160147,0.03497010249660029,53.37500000000001,-9.61,47.176079734219265,14.396456256921372,68.77076411960132,7.087486157253599,16.27906976744186,30.74197120708748,5.0,36.216777408637874
6735,美達科技,電子設備,66.0,14196507.4,True,76.49253731343283,36.91880638445524,15.24,2026-06-01,False,52.112676056338024,-24.657534246575338,0.11317687341588427,45.51724137931035,-66.24333333333334,51.71650055370986,7.308970099667775,87.81838316722038,2.6578073089700998,3.211517165005537,30.54263565891473,38.77777777777778,46.46077888519749
6743,安普新,消費性電子,30.9,14032533.865,True,43.6950146627566,62.59541984732825,29.71,2026-06-01,False,55.00000000000001,-0.8025682182985555,-0.013838749093017,88.41201716738196,22.483333333333334,54.37430786267996,65.11627906976744,37.76301218161684,86.15725359911407,86.15725359911407,65.91362126245848,58.111111111111114,58.38159837578443
2247,汎德永業,車輛買賣,225.5,13716688.625,True,67.02203269367448,45.246356696738374,-6.99,2026-06-01,False,45.377558221594924,-2.380952380952381,0.1606618296599302,67.51497005988024,13.173333333333334,43.74307862679956,60.68660022148394,93.90919158361018,34.44075304540421,74.08637873754152,61.37320044296788,9.555555555555555,31.763196751568845
4133,亞諾法,醫療耗材,21.8,13637313.204999998,True,95.1276102088167,12.074947952810549,-6.41,2026-06-01,False,9.090909090909092,7.654320987654324,-0.0252234653979183,75.17241379310346,-2.9133333333333336,7.530454042081949,87.15393133997786,30.011074197120706,55.370985603543744,29.457364341085274,41.90476190476191,10.11111111111111,21.464654854189735
2546,根基,營造,96.8,13629089.885,True,69.26430517711172,43.65024288688411,44.27,2026-06-01,False,12.5,4.761904761904753,0.08278933646286434,98.47405900305188,14.67333333333334,11.517165005537098,80.39867109634552,82.17054263565892,97.67441860465115,77.0764119601329,69.76744186046513,71.77777777777777,50.14267257290513
1524,耿鼎,汽車組件,26.3,13605463.447500002,True,66.43051771117166,45.59333795975017,9.81,2026-06-01,False,58.333333333333336,-8.041958041958045,-0.0010976308349106246,73.56643356643356,-0.33000000000000007,57.475083056478404,41.19601328903654,47.06533776301218,52.04872646733112,34.66223698781838,46.48947951273532,31.11111111111111,49.859726836471026
6417,韋僑,通信網路,118.0,13493014.1,True,21.634877384196187,77.79319916724496,26.62,2026-06-01,False,82.6086956521739,-8.880308880308881,0.03407327021493184,80.54607508532423,2.626666666666665,83.38870431893687,37.43078626799557,68.32779623477298,68.54928017718716,45.40420819490587,60.6201550387597,54.27777777777778,67.19624400147656
6161,捷波,電腦及週邊,50.4,13445333.665000001,True,82.0708446866485,30.742539902845245,42.67,2026-06-01,False,35.08771929824561,0.19880715705765692,0.0020407386391348365,77.53846153846153,-5.263333333333335,34.883720930232556,66.88815060908084,49.6124031007752,60.90808416389811,22.812846068660022,47.02104097452934,71.0,49.97591362126246
6574,霈方,化妝美容,124.5,13421056.925,True,14.604904632152587,82.99791811242193,73.91,2026-06-01,False,66.66666666666666,13.698630136986301,0.04023261165387795,91.54411764705883,27.096666666666664,66.61129568106313,94.24141749723145,70.09966777408638,90.91915836101883,89.4795127353267,82.2702104097453,86.11111111111111,62.35003691399041
2832,台產,產險,56.6,13381810.68,True,49.20980926430518,58.986814712005554,7.27,2026-06-01,False,40.0,1.433691756272409,0.053727308518351724,98.95104895104895,-10.106666666666666,38.87043189368771,71.98228128460687,75.30454042081949,98.44961240310077,16.057585825027683,60.13289036544851,27.77777777777778,48.27888519748984
2364,倫飛,電腦及週邊,70.7,13376976.145,True,25.32561505065123,75.15614156835531,60.06,2026-06-01,False,89.47368421052632,9.44272445820435,0.20590972454823228,59.91525423728814,21.990000000000002,90.08859357696566,89.92248062015504,96.4562569213732,15.060908084163898,85.71428571428571,75.4485049833887,80.55555555555556,48.94564414913252
7765,中華資安,數位雲端,229.0,13314755.75,True,14.622641509433961,82.92852185981957,6.47,2026-06-01,False,48.0,4.805491990846682,-0.06020494801629651,65.24216524216524,-21.74,47.00996677740864,80.73089700996677,15.946843853820598,27.685492801771872,8.859357696566999,36.04651162790698,25.61111111111111,29.893918420081214
2528,皇普,建設,22.0,13212681.6775,True,25.90420332355816,74.53157529493407,-5.37,2026-06-01,False,71.1864406779661,5.26315789473685,0.1631117599354454,68.75,-139.34666666666666,70.87486157253599,82.05980066445183,94.01993355481729,37.652270210409746,1.6611295681063125,57.253599114064244,11.0,34.36683277962348
3501,維熹,電子零組件,40.4,13109786.360000001,True,98.36512261580381,2.6717557251908395,4.76,2026-06-01,False,1.3986013986013985,0.9999999999999963,0.058333306297634,68.70748299319727,11.716666666666665,0.33222591362126247,70.54263565891473,77.18715393133998,37.32004429678849,71.87153931339978,51.45071982281284,23.22222222222222,22.58296419342931
2534,宏盛,建設,17.4,13060919.83,True,79.50953678474114,34.142956280360856,-66.02,2026-06-01,False,15.254237288135593,4.819277108433717,0.10843121351986655,71.31147540983606,16.52333333333334,14.174972314507198,80.84163898117387,87.04318936877077,45.071982281284605,79.6234772978959,61.35105204872648,0.7777777777777778,19.795773348098926
6654,天正國際,電子設備,172.0,12912769.25,True,93.54838709677419,15.197779319916723,240.8,2026-06-01,False,26.76056338028169,-7.027027027027027,-0.13566885560392533,75.6043956043956,72.33333333333334,27.02104097452935,44.40753045404208,3.9867109634551494,56.367663344407525,96.4562569213732,45.647840531561464,96.88888888888889,58.96751568844592
3530,晶相光,半導體,56.8,12865880.71,True,35.571054925893634,67.59195003469813,24.34,2026-06-01,False,84.8,-15.976331360946745,-0.1595014210517091,71.89873417721519,-5.670000000000002,85.71428571428571,22.48062015503876,2.547065337763012,46.733111849390916,21.816168327796234,35.858250276854925,51.0,65.24169435215947
4569,六方科-KY,電子零組件,157.0,12767033.15,True,64.6896551724138,46.98126301179737,10.89,2026-06-01,False,68.53146853146853,-5.7057057057057055,0.024695999621437772,73.0232558139535,2.1466666666666665,68.43853820598007,48.50498338870432,64.34108527131784,49.944629014396455,43.30011074197121,54.905869324473976,32.55555555555556,50.608434846806944
6241,鑫永洋,通信網路,16.4,12669758.3,True,54.90196078431373,53.99028452463567,-1.18,2026-06-01,False,63.04347826086957,7.540983606557368,0.05619428955136744,87.23404255319149,-5.3566666666666665,62.45847176079734,86.71096345514951,76.30121816168328,83.61018826135106,22.591362126245848,66.3344407530454,15.444444444444445,43.70053525286083
4549,桓達,儀器設備,96.0,12535104.440000001,True,88.44686648501362,22.20680083275503,3.61,2026-06-01,False,22.300635144671844,-3.3232628398791513,0.03191806931021899,65.97938144329896,12.0,22.148394241417495,57.80730897009967,67.88482834994463,30.23255813953488,72.20376522702104,50.055370985603545,21.22222222222222,28.948966408268735
5493,三聯,電子設備,79.6,12482875.704999998,True,88.28337874659401,22.414989590562108,19.3,2026-06-01,False,43.66197183098591,-12.623490669593854,-0.10251199013288109,79.20398009950247,2.873333333333335,42.19269102990033,27.796234772978963,7.862679955703211,65.33776301218161,46.62236987818383,37.96234772978959,45.666666666666664,56.35022148394242
1565,精華,醫療耗材,93.5,12359014.770000001,True,34.65940054495913,68.07772380291465,-16.8,2026-06-01,False,42.42424242424242,-0.9533898305084806,0.044951232264018315,56.838905775075986,-0.09333333333333371,41.41749723145072,64.23034330011073,72.42524916943522,10.299003322259136,35.21594684385382,44.71760797342192,4.666666666666667,23.038205980066447
6902,GOGOLOOK,資訊服務,120.5,12328612.775,True,1.090909090909091,95.69743233865371,36.46,2026-06-01,False,95.45454545454545,-10.074626865671641,-0.021369284326635984,81.69491525423729,8.023333333333333,95.23809523809523,34.55149501661129,32.44739756367663,72.09302325581395,63.565891472868216,59.579180509413064,66.55555555555556,74.83379475821336
4506,崇友,其他電製品,120.5,12261704.675,True,68.77384196185287,44.066620402498266,12.28,2026-06-01,False,75.0,0.8368200836820083,0.17525960876634714,90.9433962264151,6.556666666666667,74.47397563676633,70.09966777408638,94.57364341085271,89.59025470653378,60.57585825027686,77.8626799557032,34.44444444444444,57.10225175341454
1702,南僑,油脂飼料,33.3,12243477.967500001,True,99.40054495912807,0.9368494101318527,2.76,2026-06-01,False,10.0,6.559999999999991,0.1544509861742405,81.41809290953545,3.3366666666666664,8.693244739756366,84.9390919158361,92.80177187153932,70.98560354374308,48.39424141749723,61.162790697674424,19.666666666666664,28.601605758582505
1442,名軒,建設,30.35,12222139.797500001,True,38.56578204404291,65.9264399722415,26.79,2026-06-01,False,55.932203389830505,12.407407407407414,0.11771803666528732,42.447552447552454,49.52666666666667,55.14950166112956,92.69102990033223,88.4828349944629,1.4396456256921373,95.01661129568106,66.55592469545958,54.77777777777778,29.66897379106681
8048,德勝,通信網路,52.4,12210996.145,True,79.78201634877384,33.691880638445525,130.48,2026-06-01,False,45.65217391304348,-14.23895253682488,-0.22378215067619747,71.29251700680271,51.7,44.73975636766335,25.027685492801773,0.9966777408637874,44.85049833887043,95.5703211517165,42.23698781838317,93.44444444444444,64.50175341454411
1786,科妍,醫療耗材,50.3,12196740.2925,True,37.05722070844686,66.6204024982651,0.95,2026-06-01,False,36.36363636363637,-4.3726235741444945,0.018044317718834496,42.44725738396624,0.2433333333333333,35.603543743078625,53.0454042081949,60.35437430786268,1.3289036544850499,36.434108527131784,37.35326688815061,18.11111111111111,25.49953857511997
1732,毛寶,清潔劑,27.35,12133016.372499999,True,13.809812235009087,83.96946564885496,10.02,2026-06-01,False,80.0,5.192307692307698,0.050023923509102994,81.88622754491018,1.373333333333333,80.1218161683278,81.61683277962348,73.75415282392026,72.86821705426357,39.97785160575858,69.66777408637874,31.444444444444446,50.704411221853086
7721,微程式,數位雲端,63.1,12126415.169999998,True,67.21991701244814,45.107564191533655,18.31,2026-06-01,False,16.0,-10.113960113960117,-0.016497850287002527,68.66158868335147,-28.433333333333334,15.227021040974527,34.44075304540421,36.10188261351052,37.2093023255814,6.866002214839424,25.968992248062015,43.888888888888886,40.47111480251015
6150,撼訊,電腦及週邊,55.3,12019919.3,True,59.24426450742241,50.45107564191533,-30.19,2026-06-01,False,61.40350877192983,-8.745874587458752,0.01647779658545966,59.5905172413793,20.733333333333338,60.90808416389811,37.98449612403101,59.579180509413064,14.507198228128459,84.60686600221484,51.517165005537095,2.7777777777777777,35.05214101144333
6923,中台,資源回收,77.6,11846147.725,True,53.27313769751692,55.308813324080496,40.72,2026-06-01,False,47.61904761904761,6.5934065934065895,0.003037423706453472,62.07999999999999,9.626666666666665,46.51162790697674,85.27131782945736,50.498338870431894,20.044296788482836,67.22037652270211,53.90919158361019,69.55555555555556,37.710040605389445
1604,聲寶,家電製品,23.3,11729247.747499999,True,69.42779291553134,43.33795975017349,6.76,2026-06-01,False,37.5,1.0845986984815619,0.26355820399594465,91.015625,6.7700000000000005,36.65559246954596,70.7641196013289,98.56035437430786,89.70099667774086,61.01882613510521,71.33997785160577,26.77777777777778,45.592561830933924
4933,友輝,光電及I/O,55.7,11696698.014999999,True,27.029972752043598,73.35183900069396,-21.16,2026-06-01,False,81.53846153846153,-14.961832061068698,-0.020651352528305755,71.50192554557124,-8.533333333333335,81.94905869324474,23.588039867109632,33.111849390919154,45.625692137320044,17.60797342192691,40.3765227021041,3.5555555555555554,51.885566629752674
7810,捷創科技,電子設備,194.5,11680170.075,True,0.7142857142857143,96.94656488549617,116.46,2026-06-01,False,100.0,0.516795865633075,0.0006941932372142697,57.544378698224854,19.64666666666666,98.67109634551495,68.77076411960132,48.6157253599114,11.627906976744185,83.72093023255815,62.28128460686601,92.33333333333333,58.465393133997786
6895,宏碩系統,電子設備,121.0,11621039.825,True,13.943661971830986,83.83067314365024,-43.64,2026-06-01,False,94.36619718309859,-17.687074829931973,-0.023274566836557566,35.5359765051395,-3.5700000000000003,94.35215946843853,18.161683277962346,30.564784053156146,0.4429678848283499,26.356589147286826,33.97563676633444,1.7777777777777777,44.60280546327058
2537,聯上發,建設,11.05,11556457.925,True,79.36962750716332,34.28174878556558,57.68,2026-06-01,False,16.94915254237288,1.8433179723502402,0.12543801504956886,89.11290322580645,-1771.9133333333332,16.611295681063122,73.20044296788483,89.3687707641196,86.93244739756368,0.4429678848283499,53.31118493909192,79.44444444444444,52.4469361387966
8099,大世科,資訊服務,58.0,11479662.815,True,42.17983651226158,63.358778625954194,85.46,2026-06-01,False,45.45454545454545,0.3460207612456797,-0.00032899849947076927,68.15511163337251,50.166666666666664,44.13067552602436,67.66334440753046,47.95127353266888,35.76965669988926,95.12735326688815,58.128460686600214,88.44444444444444,50.17035806570689
9935,慶豐富,五金及家具,19.35,11420508.245,True,18.46414455110107,80.70784177654406,17.01,2026-06-01,False,100.0,2.380952380952396,0.11863800509991564,89.79118329466358,2.7300000000000004,98.67109634551495,74.64008859357698,88.59357696566998,87.70764119601328,45.73643410852713,79.06976744186048,42.44444444444444,63.54577334809892
1558,伸興,機械,89.5,11351602.41,True,53.35149863760218,55.17002081887578,7.56,2026-06-01,False,70.96774193548387,-0.5555555555555556,-0.029970287917891372,85.64593301435407,1.8399999999999999,70.65337763012181,65.66998892580288,27.353266888150607,79.40199335548172,41.6389811738649,56.943521594684384,27.88888888888889,53.06856773717239
6953,家碩,電子設備,216.5,11228499.725,True,38.80597014925373,65.71825121443442,27.62,2026-06-01,False,88.73239436619718,-3.5634743875278394,0.006686695924560979,74.01709401709402,19.5,88.92580287929125,57.032115171650055,53.0454042081949,53.266888150609084,83.38870431893687,67.13178294573643,55.888888888888886,60.26236618678479
2471,資通,資訊服務,48.6,11179251.834999999,True,33.678474114441414,68.97987508674531,0.37,2026-06-01,False,56.81818181818182,-5.9961315280464245,-0.22383601042205165,88.36363636363636,-3.0899999999999994,56.25692137320044,47.06533776301218,0.8859357696566998,85.93576965669989,28.792912513842744,43.78737541528239,17.444444444444446,53.142949427833145
5315,光聯,光電及I/O,19.1,11167412.2275,True,27.084468664850135,73.2824427480916,-8.35,2026-06-01,False,80.0,-16.95652173913043,-0.21489282235145854,74.46393762183237,1.0866666666666678,80.1218161683278,19.82281284606866,1.3289036544850499,53.931339977851614,39.42414174972315,38.925802879291254,8.88888888888889,55.779808047249915
6498,久禾光,消費性電子,78.2,11158350.67,True,0.0,99.68771686328938,8.38,2026-06-01,False,100.0,-17.684210526315784,-0.01364118115387151,59.92337164750958,-16.576666666666668,98.67109634551495,18.272425249169437,37.98449612403101,15.171650055370986,11.295681063122924,36.27906976744186,29.11111111111111,56.17035806570691
6776,展碁國際,電子通路,54.0,11134942.525,True,75.9659969088099,37.473976405274115,50.7,2026-06-01,False,46.93877551020408,0.7462686567164152,0.00896024991493201,73.46938775510205,1.1300000000000026,45.9579180509413,69.54595791805093,54.263565891472865,51.49501661129568,39.53488372093023,52.159468438538205,76.33333333333333,51.060077519379846
1532,勤美,機械,22.9,10986217.935,True,69.31754089114496,43.51145038167939,20.39,2026-06-01,False,48.38709677419355,1.5521064301552012,0.004066408085358104,81.20567375886525,3.09,47.286821705426355,72.31450719822813,51.38427464008859,70.43189368770764,47.06533776301218,57.69656699889258,47.11111111111111,48.128829826504244
6690,安碁資訊,數位雲端,162.5,10940063.425,True,0.3663003663003663,97.91811242192921,7.25,2026-06-01,False,88.0,0.30864197530864196,-0.04326605139051262,86.66666666666667,-3.296666666666667,88.42746400885936,67.33111849390919,21.373200442967885,81.61683277962348,27.685492801771872,57.28682170542636,27.666666666666668,57.594961240310084
3705,永信,藥,53.8,10859634.264999999,True,96.45776566757493,9.021512838306732,-21.98,2026-06-01,False,6.666666666666667,0.18621973929235439,0.13023664028751009,83.15301391035548,-13.076666666666666,5.204872646733112,66.77740863787376,89.81173864894795,74.97231450719822,13.510520487264674,50.055370985603545,3.3333333333333335,29.183277962347727
1219,福壽,油脂飼料,11.65,10842383.959999999,True,52.944675788221296,56.00277585010409,0.4,2026-06-01,False,30.0,-6.048387096774193,0.0579449616109283,79.79452054794521,2.15,29.955703211517164,46.84385382059801,77.0764119601329,66.77740863787376,43.521594684385384,52.83499446290144,17.555555555555554,41.86120339608712
5706,鳳凰,旅行社,45.5,10820437.534999998,True,17.23057644110276,81.47120055517001,-2.89,2026-06-01,False,66.66666666666666,-11.650485436893204,-0.026444746595622796,77.64505119453925,5.566666666666665,66.61129568106313,30.67552602436323,29.2358803986711,61.240310077519375,56.92137320044297,48.93687707641196,13.222222222222221,52.59957548911038
6790,永豐實,造紙,39.0,10806158.3325,True,37.69230769230769,66.34281748785565,-4.83,2026-06-01,False,66.2667607621736,-2.743142144638407,0.01371823538676908,95.23809523809523,-5.046666666666667,65.89147286821705,59.68992248062015,57.475083056478404,95.45957918050941,23.366555924695458,60.37652270210409,11.222222222222221,53.22083794758213
5512,力麒,建設,7.83,10759729.503000002,True,59.97659449970744,50.10409437890354,9.76,2026-06-01,False,28.8135593220339,-0.8860759493670921,0.06501726149900879,86.23348017621146,17.336666666666666,29.12513842746401,64.89479512735326,79.06976744186046,80.95238095238095,80.84163898117387,66.97674418604652,31.0,44.04568106312292
3540,曜越,電子零組件,21.5,10729303.877500001,True,80.32786885245902,32.89382373351839,-10.01,2026-06-01,False,58.04195804195804,-9.282700421940927,-0.01574786342663057,54.568527918781726,10.436666666666666,57.14285714285714,35.991140642303435,36.544850498338874,7.973421926910299,69.10299003322258,41.351052048726466,7.555555555555555,34.170173495754895
1537,廣隆,電子零組件,127.5,10680296.2,True,83.48773841961852,29.285218598195694,14.05,2026-06-01,False,51.048951048951054,2.0,0.22181115715275831,87.93103448275862,9.416666666666668,50.60908084163898,74.08637873754152,97.34219269102991,85.04983388704319,66.55592469545958,74.72868217054263,36.55555555555556,49.532022886674056
4119,旭富,藥,51.7,10626363.692499999,True,90.51570835803201,19.153365718251216,36.15,2026-06-01,False,13.333333333333334,16.179775280898884,0.07985955357876182,83.92857142857143,55.30333333333333,12.4031007751938,95.68106312292359,81.72757475083057,76.52270210409745,95.90254706533776,72.44739756367665,65.83333333333333,39.769518272425245
6967,汎瑋材料,其他電子,70.4,10622320.63,True,14.446952595936793,83.27550312283137,40.83,2026-06-01,False,83.20395201129146,-0.1418439716311976,-0.043302835044682096,81.19953863898502,12.38333333333333,83.83167220376522,65.89147286821705,21.040974529346624,70.32115171650055,72.97895902547066,62.81284606866002,69.77777777777779,64.50978220745662
3276,宇環,印刷電路板,15.6,10598234.557500001,True,77.61790567545962,35.87786259541985,70.58,2026-06-01,False,74.35897435897436,-5.167173252279634,0.0521672413359273,85.24590163934425,10.32,73.64341085271317,50.498338870431894,74.86157253599114,78.51605758582502,68.88150609080841,69.28017718715394,84.77777777777777,71.60972683647103
1611,中電,家電製品,11.95,10540332.8475,True,96.22124863088719,9.507286606523248,-11.41,2026-06-01,False,18.75,-6.640625000000011,-0.12447836950610368,79.66666666666666,-3.053333333333333,18.49390919158361,45.071982281284605,4.983388704318937,66.33444075304541,29.014396456256918,32.7796234772979,6.222222222222222,36.49464747139166
1615,大山,電纜,43.25,10529273.4525,True,9.155313351498638,87.47397640527412,28.36,2026-06-01,False,80.0,-2.149321266968332,0.002450656103242415,79.6500920810313,9.476666666666667,80.1218161683278,61.35105204872646,50.055370985603545,66.22369878183831,66.66666666666666,64.88372093023256,56.777777777777786,60.44306016980437
2755,揚秦,餐飲飯店,104.0,10525789.125,True,17.426470588235293,81.40180430256765,18.34,2026-06-01,False,54.166666666666664,-26.76056338028169,-0.16313717731481256,61.35693215339233,0.9199999999999982,53.37763012181617,5.3156146179401995,2.436323366555925,18.6046511627907,38.759689922480625,23.698781838316723,44.0,52.66666666666667
1580,新麥,機械,112.0,10514596.025,True,2.997275204359673,92.92158223455932,3.17,2026-06-01,False,100.0,-8.19672131147541,-0.1429703456385538,74.91638795986621,9.153333333333334,98.67109634551495,40.420819490586936,3.5437430786267994,54.81727574750831,65.66998892580288,52.62458471760798,20.666666666666668,58.43355481727575
2762,世界健身-KY,其他,87.5,10489458.569999998,True,10.132890365448505,86.39833448993754,8.88,2026-06-01,False,77.27272727272727,8.292079207920795,-0.034987623147200046,97.33036707452725,0.0066666666666659324,76.578073089701,88.03986710963456,25.027685492801773,97.2314507198228,35.65891472868217,64.50719822812846,29.777777777777775,53.886858619416756
2070,精湛,儀器設備,51.9,10435701.555,True,92.74509803921569,16.13462873004858,33.17,2026-06-01,False,16.266760762173607,-14.918032786885249,0.05578266871750827,62.985436893203875,7.170000000000002,15.503875968992247,23.69878183831672,76.19047619047619,21.816168327796234,62.12624584717608,39.8671096345515,63.22222222222222,44.2108711701735
1419,新紡,成衣,69.5,10424949.4,True,2.670299727520436,93.40735600277586,17.98,2026-06-01,False,89.47368421052632,6.106870229007633,0.19498982650640054,87.09273182957394,-1.9766666666666666,90.08859357696566,83.94241417497231,95.5703211517165,82.94573643410853,31.22923588039867,76.75526024363234,43.44444444444445,58.13409007013658
7709,榮田,機械,68.4,10281144.61,True,84.39306358381504,27.758501040943788,-57.9,2026-06-01,False,29.03225806451613,-21.016166281755186,-0.06676343295259551,51.23595505617978,-77.56666666666666,29.346622369878183,12.846068660022148,13.732004429678849,4.87264673311185,2.768549280177187,12.713178294573645,1.0,30.59330011074197
6591,動力-KY,電子零組件,45.05,10183487.72,True,28.610354223433244,72.17210270645386,-48.64,2026-06-01,False,88.11188811188812,-15.000000000000005,-0.12531401564562392,44.82587064676616,6.076666666666661,88.59357696566998,23.477297895902545,4.651162790697675,2.104097452934662,58.4717607973422,35.45957918050941,1.5555555555555556,42.19398301956441
4561,健椿,機械,35.8,10174926.422500001,True,87.68392370572207,23.178348369188065,43.42,2026-06-01,False,19.35483870967742,-7.373868046571802,0.03558155744420087,63.0281690140845,16.19333333333333,18.826135105204873,43.078626799557036,68.9922480620155,21.92691029900332,79.40199335548172,46.44518272425249,71.22222222222221,42.224160206718345
3607,谷崧,電子零組件,14.2,10170493.639999999,True,23.333333333333332,76.40527411519777,15.11,2026-06-01,False,90.9090909090909,-11.801242236024857,-0.032639669270530726,77.59562841530054,16.62,91.58361018826136,30.23255813953488,26.135105204872644,61.01882613510521,79.84496124031007,57.76301218161683,38.55555555555556,65.23135843484681
6115,鎰勝,電子零組件,46.0,10011641.07,True,73.2425068119891,39.69465648854962,15.96,2026-06-01,False,61.53846153846154,-4.166666666666666,-0.17963160298371136,92.18436873747495,-2.746666666666666,61.12956810631229,54.0420819490587,1.6611295681063125,91.58361018826136,29.67884828349945,47.61904761904763,40.44444444444444,59.778885197489856
