stock_id,name,industry,close,day_change_pct,adv20,listed_ok,pe_hist_pct,value_pct,revenue_yoy,rev_month,bear_regime,value_ind_pct,momentum20,chip20_turnover,high52_prox,rev_accel,value_ind_pct_pool_pct,momentum20_pool_pct,chip20_turnover_pool_pct,high52_prox_pool_pct,rev_accel_pool_pct,composite,revenue_yoy_pool_pct,c2_score
2330,台積電,半導體,2410.0,1.048218029350112,48046706160.0,True,78.4640171858217,23.616600790513832,67.87,2026-06-01,False,33.33333333333333,0.2079002079002079,0.0232226653206746,96.01593625498009,29.383333333333333,33.81839348079162,38.9988358556461,58.55646100116414,92.66589057043073,90.20979020979021,62.849874223564555,83.04093567251462,67.63159596702272
2408,南亞科,半導體,496.0,-4.24710424710425,42091984518.825,True,60.0,37.8129117259552,621.34,2026-06-01,False,53.03030303030303,11.46067415730337,0.05575453261613948,91.68207024029574,-68.26333333333332,54.36554132712457,76.71711292200233,70.66356228172293,84.28405122235158,3.263403263403263,57.85873420332094,98.83040935672514,65.19072224604973
2454,聯發科,半導體,4415.0,3.274853801169586,33969667435.5,True,99.89258861439313,0.1976284584980237,2.8,2026-06-01,False,0.7575757575757576,10.375,0.022643240376299858,95.15086206896551,1.583333333333333,0.11641443538998836,74.97089639115251,58.09080325960419,91.38533178114086,40.675990675990676,53.04788730865564,19.415204678362574,33.98651362593523
2327,國巨*,電子零組件,562.0,4.074074074074074,27778459215.65,True,96.2406015037594,5.599472990777339,38.91,2026-06-01,False,10.526315789473683,-2.768166089965398,-0.068348786215075,49.29824561403508,2.7733333333333334,9.138533178114086,26.30966239813737,20.256111757857976,3.4924330616996504,45.51282051282051,20.941912181725918,66.4327485380117,38.188513094922016
3037,欣興,印刷電路板,902.0,-7.29701952723536,26519058623.7,True,85.60687432867884,16.897233201581027,36.31,2026-06-01,False,48.837209302325576,-6.9143446852425186,0.11254115946227566,76.4406779661017,4.20333333333334,49.708963911525025,16.298020954598368,85.68102444703143,49.708963911525025,50.815850815850816,50.44256480810613,64.32748538011695,61.86184806214216
2344,華邦電,半導體,174.0,-2.7932960893854775,26310142053.7,True,43.5016835016835,51.11989459815547,189.88,2026-06-01,False,69.6969696969697,2.9585798816568047,-0.016949182973180675,78.37837837837837,5.190000000000026,70.54714784633295,52.15366705471478,40.39580908032596,54.36554132712457,53.26340326340326,54.145113714380294,94.97076023391813,66.93244558816521
1303,南亞,石化,225.5,-5.052631578947365,20876776720.95,True,65.73751451800233,32.87220026350462,31.79,2026-06-01,False,26.31578947368421,27.401129943502823,-0.005132102401206148,94.94736842105263,4.263333333333328,26.251455180442374,92.78230500582072,45.28521536670547,91.0360884749709,51.16550116550117,61.30411303868813,58.83040935672514,45.83391200157942
2308,台達電,電子零組件,1825.0,5.491329479768781,20059340306.25,True,92.4812030075188,10.408432147562582,55.43,2026-06-01,False,19.736842105263158,10.606060606060606,-0.05977016948825249,72.42063492063492,7.763333333333335,18.975552968568103,75.43655413271246,23.050058207217695,40.74505238649593,61.88811188811189,44.019065916621216,77.42690058479532,40.427737951786725
2303,聯電,半導體,130.0,3.1746031746031855,17497479861.0,True,75.08055853920516,26.21870882740448,22.85,2026-06-01,False,38.63636363636363,6.557377049180328,-0.0019049151037319784,72.82913165266106,5.706666666666667,38.882421420256115,65.30849825378347,47.147846332945285,41.67636786961583,55.94405594405595,49.791837964131325,47.83625730994152,40.771637086507496
4958,臻鼎-KY,印刷電路板,463.0,-8.678500986193294,17159087748.4,True,95.48872180451127,6.587615283267458,32.83,2026-06-01,False,23.25581395348837,-5.122950819672131,-0.05393632874747963,71.671826625387,5.476666666666663,23.166472642607683,19.90686845168801,24.679860302677533,37.834691501746214,54.89510489510489,32.096599558764865,60.23391812865497,50.33205345533021
6770,力積電,半導體,68.5,-2.6988636363636465,15497240661.02,True,69.08212560386472,30.698287220026348,68.75,2026-06-01,False,43.93939393939394,3.6308623298033376,0.01689640146401418,77.22660653889515,15.393333333333338,44.0046565774156,55.18044237485448,55.878928987194406,51.571594877764845,77.15617715617715,56.7583599946813,83.50877192982456,55.976145252537634
3008,大立光,消費性電子,7400.0,-5.2496798975672165,15196983263.5,True,99.83888292158969,0.32938076416337286,-10.46,2026-06-01,False,5.263157894736842,61.74863387978142,0.016315967106710884,94.75032010243278,-29.35666666666667,3.783469150174622,98.9522700814901,55.529685681024446,90.80325960419093,6.293706293706294,51.072478162117285,6.315789473684211,25.487562036639915
3189,景碩,印刷電路板,819.0,-3.3057851239669422,15138956058.05,True,76.03833865814697,25.230566534914363,32.27,2026-06-01,False,65.11627906976744,-1.0869565217391304,0.020487537791361227,89.60612691466083,1.5899999999999999,65.54132712456344,33.41094295692666,57.15948777648428,79.51105937136205,40.79254079254079,55.28307160437545,59.41520467836258,67.76416205434035
8046,南電,印刷電路板,1055.0,-12.083333333333336,14121265955.5,True,77.70392749244714,24.176548089591567,50.03,2026-06-01,False,62.7906976744186,-0.4716981132075472,-0.031690063821501614,74.55830388692578,8.256666666666668,63.56228172293365,35.85564610011641,33.64377182770664,46.56577415599534,63.51981351981352,48.62945746531311,74.32748538011697,62.149973789732385
3017,奇鋐,電子零組件,3570.0,7.85498489425982,13979781193.0,True,96.99248120300751,4.314888010540185,66.11,2026-06-01,False,6.578947368421052,30.76923076923077,0.11783999794472746,100.0,-0.013333333333335418,5.122235157159487,94.17927823050059,86.61233993015134,98.19557625145518,36.13053613053613,64.04799313996054,82.45614035087719,47.89866838224782
3443,創意,半導體,5810.0,-1.4418999151823542,12854371905.5,True,98.65735767991407,3.1620553359683794,103.72,2026-06-01,False,3.0303030303030303,32.346241457858774,0.05839057415929047,94.85714285714286,-27.180000000000007,1.979045401629802,94.52852153667055,71.36204889406287,90.91967403958091,6.75990675990676,53.10983932637017,90.52631578947368,47.22412842350346
2383,台光電,印刷電路板,5415.0,-0.5509641873278182,12060693792.0,True,95.11278195488721,7.246376811594203,120.69,2026-06-01,False,25.581395348837212,3.241182078169685,0.03461031169255032,85.2755905511811,11.043333333333337,25.49476135040745,53.66705471478463,63.91152502910361,71.82770663562282,69.8135198135198,56.94291350868766,92.16374269005848,58.95478899032604
3105,穩懋,半導體,449.5,-4.259850905218321,11801207475.7,True,74.70697100555212,26.35046113306983,29.55,2026-06-01,False,39.39393939393939,19.54787234042553,0.01620975220597071,72.85251215559157,-10.029999999999998,39.69732246798603,87.89289871944122,55.413271245634455,41.90919674039581,16.200466200466202,48.222631074784736,55.55555555555556,37.31729401112405
3081,聯亞,半導體,3170.0,-6.627393225331368,11599177654.5,True,87.31642189586115,15.151515151515152,128.14,2026-06-01,False,27.27272727272727,46.75925925925926,0.0465985054086865,92.55474452554745,7.35333333333331,27.41559953434226,97.55529685681024,67.75320139697322,86.84516880093132,61.18881118881119,68.15161555557366,92.8654970760234,52.392742138621685
8358,金居,印刷電路板,500.0,-0.5964214711729587,11284064068.85,True,94.03866809881848,8.596837944664031,43.37,2026-06-01,False,30.23255813953488,43.06151645207439,-0.05382821752073324,71.42857142857143,3.18333333333333,30.267753201396975,97.20605355064028,24.912689173457508,36.9615832363213,46.73659673659674,47.21693517968256,69.35672514619883,34.84500200831921
6669,緯穎,電腦及週邊,2565.0,-1.7241379310344862,11037940070.0,True,0.0,98.5836627140975,29.79,2026-06-01,False,98.30508474576271,-58.46153846153847,-0.12184213254087145,32.88461538461539,3.9166666666666643,97.38067520372526,0.23282887077997672,10.71012805587893,0.8149010477299184,49.417249417249415,31.7111565190727,56.14035087719298,63.52577456446704
8299,群聯,半導體,2015.0,-2.421307506053272,10856505293.0,True,15.789473684210526,74.44005270092227,301.0,2026-06-01,False,85.60606060606061,9.214092140921409,-0.028141938300623278,69.96527777777779,21.379999999999995,86.26309662398137,73.22467986030267,35.389988358556465,33.64377182770664,84.4988344988345,62.604074233876325,97.19298245614036,60.968792761881424
2368,金像電,印刷電路板,1045.0,-11.063829787234047,10792619283.25,True,82.9325513196481,18.84057971014493,78.22,2026-06-01,False,53.48837209302325,11.170212765957446,-0.04727980348546129,69.89966555183946,3.576666666666668,54.94761350407451,76.13504074505238,27.706635622817227,33.41094295692666,48.6013986013986,48.16032628605389,86.19883040935673,49.60558653132638
2317,鴻海,電腦及週邊,256.0,1.9920318725099584,10702794685.975,True,88.56068743286788,14.031620553359684,52.11,2026-06-01,False,10.16949152542373,-0.9671179883945842,0.0103941467034734,82.84789644012946,11.636666666666663,8.847497089639116,34.22584400465657,52.73573923166472,65.07566938300349,70.62937062937063,46.302824067666904,75.78947368421053,53.87169903804914
8039,台虹,印刷電路板,297.5,-5.103668261563,10701814587.55,True,99.51664876476907,1.5480895915678523,-6.57,2026-06-01,False,2.3255813953488373,35.22727272727273,-0.01544419858321868,84.39716312056737,-4.130000000000001,1.3969732246798603,95.34342258440046,40.74505238649593,69.26658905704308,25.757575757575758,46.50192260203901,9.35672514619883,21.16921621088033
3711,日月光投控,半導體,588.0,-0.1697792869269965,10666864304.85,True,94.14660831509846,8.234519104084322,32.86,2026-06-01,False,15.909090909090908,-0.8431703204047217,-0.015347647150993803,80.88033012379643,5.976666666666663,14.78463329452852,34.57508731082654,40.9778812572759,59.25494761350407,57.10955710955711,41.34042131713842,60.4093567251462,49.96846258058806
2301,光寶科,電子零組件,308.0,-2.2222222222222254,10379333670.525,True,99.67776584317937,1.0869565217391304,36.98,2026-06-01,False,1.9736842105263157,23.694779116465863,0.06133921593036227,97.00787401574803,6.629999999999999,1.1641443538998837,90.57043073341094,72.52619324796274,93.83003492433062,59.44055944055944,63.506272540032725,64.91228070175438,42.33400731164349
6488,環球晶,半導體,981.0,1.4477766287487093,10010094047.95,True,96.50912996777659,4.940711462450593,-1.63,2026-06-01,False,5.303030303030303,12.5,-0.035690093308917856,64.75247524752476,3.3899999999999997,3.958090803259604,78.23050058207218,31.199068684516877,21.42025611175786,47.785547785547784,36.51869279343086,13.91812865497076,15.266493746979009
3481,群創,光電及I/O,48.5,-1.1213047910295537,10000880081.075,True,82.48259860788863,19.433465085639,17.25,2026-06-01,False,28.000000000000004,1.4644351464435208,-0.015469178911989205,68.40620592383638,4.143333333333333,27.939464493597203,44.935972060535505,40.62863795110594,28.870779976717113,50.46620046620046,38.56821098963124,40.8187134502924,38.173246465017804
3661,世芯-KY,半導體,4220.0,0.4761904761904745,9588810218.5,True,78.94736842105263,22.95783926218709,15.39,2026-06-01,False,31.818181818181817,16.897506925207757,0.029927201793242545,78.51162790697674,32.18000000000001,32.246798603026775,85.44819557625145,62.28172293364377,54.59837019790454,91.37529137529138,65.19007573722358,37.19298245614035,34.647488920205056
3231,緯創,電腦及週邊,198.0,6.738544474393526,9502862027.625,True,61.00966702470462,37.05533596837945,53.85,2026-06-01,False,35.59322033898305,2.5906735751295336,0.005545848625033534,100.0,-14.509999999999998,36.08847497089639,49.708963911525025,50.756693830034926,98.19557625145518,12.82051282051282,49.51404435688487,76.95906432748538,65.38353790957798
2492,華新科,電子零組件,298.5,1.8771331058020424,9101486584.325,True,87.54027926960258,15.085638998682477,25.84,2026-06-01,False,28.947368421052634,15.028901734104046,-0.07809270742831513,48.379254457050244,6.386666666666667,29.452852153667052,82.53783469150174,17.694994179278233,3.026775320139697,58.5081585081585,38.24412297054905,50.8187134502924,25.190126558149352
6213,聯茂,印刷電路板,517.0,-3.5447761194029814,8901542184.45,True,98.60365198711062,3.227931488801054,47.94,2026-06-01,False,11.627906976744185,51.61290322580645,0.05970597125417351,88.67924528301887,17.596666666666664,10.360884749708964,98.0209545983702,71.71129220023282,78.1140861466822,79.95337995337995,67.63211952967484,72.92397660818713,40.84449822655203
2337,旺宏,半導體,121.5,-1.2195121951219523,8769902472.775,True,98.41137123745818,3.491436100131752,216.09,2026-06-01,False,3.787878787878788,3.404255319148936,0.015654737693513103,65.49865229110512,34.22333333333333,2.211874272409779,54.249126891734576,55.18044237485448,23.166472642607683,91.84149184149184,45.32988160461967,95.67251461988305,41.70043366079148
6274,台燿,印刷電路板,1365.0,-3.1914893617021267,8553158359.75,True,94.95166487647691,7.542819499341238,107.72,2026-06-01,False,27.906976744186046,-7.142857142857142,-0.06601281339754327,71.84210526315789,-3.673333333333332,27.823050058207215,15.715948777648428,21.071012805587895,38.766006984866124,26.806526806526808,26.036509086567293,91.11111111111111,60.496054844134
3653,健策,電子零組件,5875.0,1.8197573656845822,8034147551.25,True,99.30182599355531,2.140974967061924,57.64,2026-06-01,False,3.289473684210526,35.36866359447004,0.07317028020296627,99.8300764655905,16.869999999999997,2.0954598370197903,95.80908032596042,75.78579743888241,96.27473806752037,79.13752913752914,69.82052096138243,78.24561403508771,45.20168290341686
2313,華通,印刷電路板,249.5,0.20080321285140812,7468664228.95,True,95.54242749731472,6.521739130434782,20.96,2026-06-01,False,20.930232558139537,14.449541284403669,0.023301237867642922,83.58458961474037,10.586666666666668,20.372526193247964,81.9557625145518,58.67287543655413,66.82188591385332,68.88111888111888,59.34083378786522,45.380116959064324,37.654691637903454
3665,貿聯-KY,電子零組件,2145.0,-1.1520737327188946,7258012598.5,True,93.55531686358755,9.354413702239789,63.79,2026-06-01,False,16.447368421052634,-8.9171974522293,-0.1242434666631343,72.95918367346938,22.563333333333333,15.017462165308498,10.71012805587893,10.244470314318974,42.374854481955765,85.66433566433567,32.80225013635957,81.40350877192982,57.021424340828794
2059,川湖,金屬製品,13860.0,-0.036062026685901305,7169686199.75,True,99.30182599355531,2.140974967061924,220.52,2026-06-01,False,14.285714285714285,46.356916578669484,0.033049506477626334,95.52033080634045,63.28333333333333,13.038416763678695,97.43888242142026,63.21303841676368,91.85098952270081,96.27039627039628,72.36234467899195,95.90643274853801,50.839239153374315
6182,合晶,半導體,111.0,0.4524886877828038,7134106722.525,True,88.61127251597908,13.899868247694336,14.11,2026-06-01,False,26.515151515151516,6.730769230769231,-0.057450211228903175,58.575197889182064,4.426666666666668,26.542491268917345,65.8905704307334,23.51571594877765,10.477299185098952,51.515151515151516,35.58824566973577,35.08771929824561,26.554234830382125
2345,智邦,通信網路,2100.0,-1.869158878504673,6797266263.0,True,78.14178302900108,24.04479578392622,61.16,2026-06-01,False,40.38461538461539,-11.949685534591195,-0.1117028161355023,76.36363636363637,3.9566666666666706,41.15250291036088,7.217694994179278,12.456344586728754,49.47613504074505,49.53379953379953,31.967295413162695,80.23391812865496,65.9112152713954
3450,聯鈞,通信網路,580.0,-3.6544850498338888,6687803891.7,True,81.07798165137615,20.61923583662714,88.18,2026-06-01,False,38.46153846153847,22.105263157894736,0.04208340648480389,91.33858267716536,26.98333333333334,38.70779976717113,89.75552968568103,66.12339930151339,83.81839348079161,89.16083916083916,73.51319227919926,88.0701754385965,55.21020975021955
1815,富喬,印刷電路板,118.5,-9.541984732824426,6626020021.445,True,54.74747474747475,41.699604743083,46.36,2026-06-01,False,76.74418604651163,41.239570917759224,0.0994720211075758,90.45801526717557,-3.4466666666666725,77.64842840512223,96.85681024447031,82.42142025611176,81.25727590221187,27.855477855477854,73.2078825326788,71.57894736842105,58.40696035782122
4979,華星光,通信網路,629.0,0.8012820512820484,6412301920.7,True,96.54427645788337,4.874835309617918,27.68,2026-06-01,False,9.615384615384617,27.84552845528455,0.0651966123643539,87.60445682451254,8.850000000000001,8.20721769499418,92.89871944121072,73.45750873108265,75.78579743888241,64.6853146853147,63.00691159829694,53.80116959064327,36.223866320827284
6223,旺矽,半導體,5155.0,-2.5519848771266562,5951922008.5,True,94.19978517722879,8.069828722002635,65.07,2026-06-01,False,14.393939393939394,-17.45396317053643,-0.12014359793687696,69.85094850948511,6.576666666666661,13.271245634458673,2.7939464493597206,10.826542491268917,33.17811408614668,59.32400932400932,23.87877159704866,81.98830409356725,56.410929341203214
3026,禾伸堂,電子零組件,701.0,2.186588921282806,5936280178.25,True,97.47583243823846,3.8866930171278,33.9,2026-06-01,False,5.921052631578947,28.153564899451556,-0.05440036271997424,69.75124378109453,8.446666666666665,4.540162980209546,93.24796274738067,24.447031431897557,33.061699650756694,63.98601398601399,43.85657415925169,61.75438596491228,26.527071462124464
6446,藥華藥,藥,1310.0,0.3831417624521105,5925700262.25,True,54.88454706927176,41.567852437417656,94.88,2026-06-01,False,28.26086956521739,-1.8726591760299627,-0.0004904979405249611,82.64984227129337,4.313333333333333,28.172293364377182,29.918509895227007,47.962747380675204,64.37718277066357,51.28205128205128,44.34255693859884,89.12280701754386,62.9384433143394
2455,全新,半導體,528.0,-2.583025830258301,5905318281.925,True,99.40923737916219,1.9104084321475625,23.55,2026-06-01,False,1.5151515151515151,36.08247422680412,0.0363075893046034,97.41697416974169,-12.38666666666666,0.6984866123399301,96.04190919674039,64.61001164144355,94.64493597206054,14.102564102564102,54.019581505029706,48.421052631578945,36.930641504809756
2382,廣達,電腦及週邊,345.0,2.3738872403560762,5658175381.55,True,44.25349087003222,50.59288537549407,102.87,2026-06-01,False,49.152542372881356,13.486842105263158,0.09168152759487196,82.73381294964028,-3.11666666666666,49.825378346915016,80.09313154831199,80.79161816065192,64.84284051222352,29.13752913752914,60.93809954112631,90.29239766081871,56.21687124291131
2449,京元電子,半導體,262.0,-3.1423290203327126,5497935468.4,True,96.02577873254565,5.797101449275362,28.64,2026-06-01,False,6.8181818181818175,6.0728744939271255,-0.04084391111861499,74.01129943502825,-4.630000000000003,5.471478463329453,63.56228172293365,29.68568102444703,45.28521536670547,24.825174825174827,33.765966280518086,54.61988304093567,35.45357378700923
3374,精材,半導體,430.0,2.5029797377830842,5091920950.7,True,92.34939759036145,10.540184453227932,61.01,2026-06-01,False,19.696969696969695,37.38019169329074,0.006281699437649676,100.0,17.686666666666667,18.859138533178115,96.27473806752037,50.9895227008149,98.19557625145518,80.1864801864802,68.90109114788976,80.0,50.194994179278225
5274,信驊,半導體,17470.0,-1.4386459802538831,5037567264.0,True,90.49409237379163,12.450592885375494,67.47,2026-06-01,False,25.0,9.051186017478152,0.051893856839144506,90.63553826199741,-5.1299999999999955,24.738067520372525,72.75902211874272,69.26658905704308,82.07217694994179,23.36829836829837,54.44083080287969,82.92397660818713,54.243799739939675
6187,萬潤,電子設備,1305.0,-2.6119402985074647,5012002166.0,True,85.28464017185821,16.99604743083004,87.06,2026-06-01,False,29.87012987012987,21.962616822429908,0.04802159293652491,91.25874125874127,34.73666666666667,30.034924330616995,89.52270081490104,68.21885913853319,83.58556461001164,91.95804195804196,72.66401817042097,87.83625730994153,52.98351135891728
6147,頎邦,半導體,182.5,0.0,4927472123.575,True,96.45542427497314,5.0395256916996045,27.06,2026-06-01,False,6.0606060606060606,15.141955835962145,-0.06244398786352238,59.738134206219314,3.6233333333333313,4.656577415599535,82.65424912689173,22.235157159487777,12.339930151338766,48.95104895104895,34.16739256087335,53.333333333333336,21.918897943344977
3260,威剛,半導體,400.5,-2.9090909090909056,4649970946.35,True,0.1763668430335097,95.38866930171278,212.06,2026-06-01,False,97.72727272727273,1.1363636363636365,0.05603918991756959,76.28571428571429,14.72333333333333,96.74039580908033,43.42258440046566,70.77997671711293,48.894062863795114,76.10722610722611,67.18884917953604,95.55555555555556,74.44185745699133
6442,光聖,通信網路,1755.0,-2.228412256267409,4608647197.25,True,64.86146095717883,33.6627140974967,1.65,2026-06-01,False,44.230769230769226,28.102189781021895,-0.008610570927768525,74.0506329113924,-32.17,44.9941792782305,93.0151338766007,43.655413271245635,45.63445867287544,5.594405594405594,46.578718138671576,18.01169590643275,28.906299995234495
2615,萬海,海運,115.0,2.678571428571419,4551301818.49,True,51.80722891566265,43.873517786561266,32.7,2026-06-01,False,45.45454545454545,34.66042154566743,0.14051200672403136,90.9090909090909,9.816666666666666,46.274738067520374,94.87776484284052,90.22118742724098,82.77066356228173,67.36596736596736,76.3020642531702,59.94152046783626,48.52728931369946
3324,雙鴻,電子零組件,1485.0,3.4843205574912828,4543392899.1,True,76.20837808807734,25.065876152832672,62.13,2026-06-01,False,39.473684210526315,53.8860103626943,0.131478698273751,100.0,-3.463333333333331,39.81373690337602,98.37019790454016,89.05704307334109,98.19557625145518,27.73892773892774,70.63509637432803,80.7017543859649,55.085217409063986
2609,陽明,海運,58.2,1.2173913043478368,4501885447.135,True,78.35344215755855,23.715415019762844,20.18,2026-06-01,False,18.181818181818183,15.019762845849804,0.10474157384789291,88.18181818181819,1.4199999999999982,17.403958090803258,82.42142025611176,83.70197904540163,77.0663562281723,40.0932400932401,60.13739074274581,44.44444444444444,39.12333462682706
2324,仁寶,電腦及週邊,41.6,4.785894206549113,4482224819.502501,True,88.39957035445757,14.42687747035573,58.38,2026-06-01,False,11.864406779661017,12.58457374830852,0.056839259645182647,88.41657810839533,26.313333333333333,10.71012805587893,78.69615832363212,71.0128055878929,77.53201396973225,88.34498834498834,65.2592188564249,78.71345029239765,47.06485849859418
2360,致茂,電子設備,2030.0,2.784810126582271,4433185566.75,True,93.39419978517724,9.58498023715415,73.02,2026-06-01,False,18.181818181818183,7.6923076923076925,0.0025458477625837296,77.33333333333333,-38.646666666666675,17.403958090803258,68.74272409778813,49.12689173457509,51.920838183934805,4.778554778554779,38.394593377131216,84.7953216374269,46.34434845359421
6805,富世達,電子零組件,2200.0,4.2654028436019065,4309579965.75,True,31.478770131771594,60.73781291172595,32.66,2026-06-01,False,83.55263157894737,37.5,0.042476326437632245,93.81663113006397,-10.31666666666667,84.16763678696158,96.39115250291036,66.23981373690337,88.82421420256111,15.734265734265735,70.27141659272044,59.76608187134504,59.09169508948934
8996,高力,其他電製品,1300.0,2.7667984189723382,4295029038.5,True,91.83673469387756,11.29776021080369,37.56,2026-06-01,False,12.5,25.60386473429952,-0.10300533744568927,81.76100628930818,-16.979999999999997,11.350407450523866,91.85098952270081,13.736903376018628,61.35040745052387,11.072261072261073,37.87219377440565,65.49707602339181,36.58672535043468
2603,長榮,海運,233.0,-0.6396588486140775,4287705718.8,True,66.11428571428571,32.54281949934124,30.01,2026-06-01,False,27.27272727272727,13.658536585365855,0.31262959265321083,92.6441351888668,8.033333333333331,27.41559953434226,80.55878928987195,99.30151338766007,86.9615832363213,62.7039627039627,71.38828963043166,57.07602339181287,47.72360421815112
2481,強茂,電子零組件,156.0,5.405405405405395,4152385024.45,True,96.90949227373068,4.413702239789196,27.37,2026-06-01,False,7.236842105263158,16.417910447761194,-0.06092023539674199,68.57142857142857,10.773333333333333,5.820721769499418,84.63329452852155,22.58440046565774,29.220023282887077,69.58041958041959,42.36777192539707,53.567251461988306,25.993675496463315
6239,力成,半導體,276.5,-0.5395683453237377,4116486738.875,True,93.01825993555317,9.881422924901186,21.71,2026-06-01,False,18.939393939393938,7.797270955165692,-0.053045005170501085,72.95514511873351,-6.433333333333334,18.277066356228172,69.26658905704308,25.145518044237487,42.258440046565774,19.813519813519815,34.952226663518864,46.198830409356724,34.3669369387769
5483,中美晶,半導體,183.5,2.5139664804469275,4073491852.175,True,78.51193781232648,23.45191040843215,7.61,2026-06-01,False,32.57575757575758,3.089887640449438,-0.05568912055309224,66.00719424460432,3.2700000000000005,32.82887077997672,53.08498253783469,23.981373690337602,23.748544819557626,47.2027972027972,36.16931380610077,26.198830409356727,32.42281586776409
3406,玉晶光,消費性電子,1055.0,0.4761904761904745,3932764940.05,True,88.45327604726101,14.262187088274045,4.51,2026-06-01,False,15.789473684210526,97.93621013133207,0.08881982651698976,100.0,-15.343333333333332,14.610011641443538,99.88358556461002,80.09313154831199,98.19557625145518,12.121212121212121,60.98070342540657,21.75438596491228,33.66909707330025
5289,宜鼎,半導體,1360.0,-4.225352112676061,3899098457.25,True,0.26852846401718583,94.59815546772069,696.31,2026-06-01,False,96.96969696969697,-7.167235494880546,-0.054307444741416085,68.34170854271356,56.23666666666668,96.39115250291036,15.599534342258439,24.563445867287545,28.52153667054715,96.15384615384616,52.24590310736994,99.06432748538012,77.0943705791448
2409,友達,光電及I/O,26.8,1.5151515151515138,3835142607.3900003,True,99.77553310886644,0.461133069828722,13.83,2026-06-01,False,1.3333333333333335,9.611451942740294,-0.02150097878814361,81.95718654434249,11.18,0.5820721769499418,73.80675203725262,38.18393480791618,62.28172293364377,70.04662004662005,48.98022040047651,34.385964912280706,30.86075199640545
2357,華碩,電腦及週邊,1025.0,1.4851485148514865,3802273965.2,True,66.59505907626209,32.2463768115942,55.63,2026-06-01,False,30.508474576271187,22.315035799522672,0.250294571978248,100.0,18.75,30.73341094295693,89.87194412107101,97.43888242142026,98.19557625145518,81.35198135198135,79.51835901777694,77.6608187134503,54.17946544669785
2464,盟立,電子設備,211.0,4.455445544554459,3786744375.225,True,99.87654320987654,0.2635046113306983,43.05,2026-06-01,False,1.2987012987012987,24.11764705882353,0.05427830728394708,100.0,10.726666666666667,0.46565774155995343,90.91967403958091,69.965075669383,98.19557625145518,69.34731934731934,65.77866060985967,69.23976608187135,44.245331508826396
2426,鼎元,光電及I/O,104.5,0.0,3643155242.3199997,True,99.75020815986679,0.5270092226613966,19.41,2026-06-01,False,2.666666666666667,67.2,0.025310982386150427,97.20930232558139,15.116666666666667,1.7462165308498252,99.18509895227008,59.48777648428405,94.29569266589057,76.8065268065268,66.30426228796426,43.39181286549707,35.06215577749185
3006,晶豪科,半導體,278.5,-1.0657193605683846,3601467017.875,True,19.468334636434715,70.81686429512516,328.35,2026-06-01,False,84.0909090909091,16.527196652719663,0.015513119738589458,98.75886524822694,3.5600000000000023,84.51688009313155,84.86612339930151,55.06402793946449,95.45983701979046,48.484848484848484,73.67834338730731,97.42690058479532,73.13437357460396
6173,信昌電,電子零組件,260.5,0.0,3460140489.7,True,97.6906552094522,3.820816864295125,29.08,2026-06-01,False,5.263157894736842,57.878787878787875,-0.014908958853492145,74.32239657631953,4.056666666666668,3.783469150174622,98.60302677532013,41.327124563445864,45.86728754365541,50.116550116550115,47.93949162982923,55.2046783625731,26.56310207027075
3532,台勝科,半導體,399.0,3.3678756476683835,3459657016.325,True,97.0998925886144,4.216073781291173,23.71,2026-06-01,False,4.545454545454546,26.066350710900476,-0.014506412111840332,76.2906309751434,2.986666666666668,3.143189755529686,92.08381839348078,41.67636786961583,49.12689173457509,46.386946386946384,46.48344282802956,48.53801169590643,27.181068698132606
7769,鴻勁,電子設備,5980.0,4.728546409807355,3427896453.75,True,15.135135135135137,74.90118577075098,106.54,2026-06-01,False,90.9090909090909,-8.422664624808576,0.03387420436232837,72.39709443099274,5.8700000000000045,91.32712456344588,11.525029103608848,63.56228172293365,40.51222351571595,56.526806526806524,52.690693086502165,90.76023391812865,77.76863822342041
3211,順達,電子零組件,386.0,-1.5306122448979553,3364558290.75,True,99.46294307196563,1.6798418972332017,20.63,2026-06-01,False,2.631578947368421,18.952234206471495,-0.005112206615190267,82.30277185501066,11.156666666666666,1.629802095459837,86.9615832363213,45.401629802095464,63.09662398137369,69.93006993006993,53.403941809064044,45.02923976608187,30.698520651648522
8150,南茂,半導體,90.1,-0.11086474501109667,3218894466.82,True,86.4124597207304,16.205533596837945,37.23,2026-06-01,False,28.030303030303028,4.161849710982652,-0.02842416367409854,73.55102040816325,8.169999999999998,28.055878928987195,56.69383003492433,35.15715948777648,44.0046565774156,63.17016317016317,45.41633763985335,65.26315789473685,45.15746584155383
2634,漢翔,機車船製造,65.0,-2.108433734939763,3158109008.195,True,63.53383458646616,34.84848484848485,7.23,2026-06-01,False,15.384615384615385,2.3622047244094486,-0.006691489271533159,88.67667121418827,-5.553333333333331,14.086146682188591,49.0104772991851,44.58672875436554,77.9976717112922,22.377622377622377,41.61172936493075,25.84795321637427,42.23032357766749
3042,晶技,電子零組件,173.5,-3.6111111111111094,3076185129.475,True,95.75725026852847,6.192358366271409,19.98,2026-06-01,False,12.5,-1.977401129943503,-0.01815847869199219,69.67871485943775,9.346666666666668,11.350407450523866,29.336437718277065,39.81373690337602,32.596041909196735,66.2004662004662,35.85941803636798,44.09356725146199,39.67589472322638
3533,嘉澤,電子零組件,1685.0,-1.1730205278592365,3009831854.5,True,69.01181525241675,30.86297760210804,17.26,2026-06-01,False,50.0,-13.810741687979538,-0.19486109167760118,59.122807017543856,3.4433333333333334,51.222351571594885,5.238649592549476,3.841676367869616,11.29220023282887,48.01864801864802,23.922705156698175,40.93567251461988,49.552893681623544
2376,技嘉,電腦及週邊,361.0,-0.13831258644536604,2962392653.625,True,35.9828141783029,57.47694334650857,68.55,2026-06-01,False,62.71186440677966,5.555555555555555,0.03831136394062675,90.47619047619048,19.486666666666665,63.445867287543656,61.81606519208381,65.30849825378347,81.37369033760187,82.51748251748252,70.89232071769906,83.27485380116958,66.56958655855783
6515,穎崴,半導體,7075.0,0.35460992907800915,2874679852.75,True,91.85619955979458,11.133069828722004,287.9,2026-06-01,False,22.727272727272727,2.7596223674655045,0.028408954701528672,65.53960166743863,135.16666666666666,22.467986030267753,50.756693830034926,61.11757857974389,23.28288707799767,98.13519813519814,51.15206873064848,97.07602339181285,48.01755066751084
3163,波若威,通信網路,775.0,1.1749347258485532,2868276051.05,True,87.16433941997852,15.217391304347828,-11.53,2026-06-01,False,32.69230769230769,7.340720221606649,-0.03534156703617331,59.84555984555985,-23.176666666666666,33.119906868451686,67.63678696158324,31.431897555296857,12.572759022118744,8.041958041958042,30.560661689881716,5.6725146198830405,20.932098387217557
2395,研華,電腦及週邊,711.0,2.7456647398844014,2843937160.6,True,99.73147153598282,0.7575757575757576,73.39,2026-06-01,False,1.694915254237288,12.322274881516588,0.07552224781369309,100.0,26.68999999999999,0.8149010477299184,77.76484284051223,76.83352735739231,98.19557625145518,88.6946386946387,68.46069723834566,85.02923976608187,51.568718556188685
6531,愛普*,半導體,911.0,-4.806687565308254,2804637443.0,True,64.46637877853178,33.860342555994734,59.48,2026-06-01,False,48.484848484848484,6.549707602339182,0.03526106981564269,76.55462184873949,-21.086666666666666,49.59254947613504,65.19208381839347,64.14435389988358,50.291036088474975,8.974358974358974,47.63887645144921,79.41520467836257,53.526676606144775
3167,大量,電子設備,803.0,3.746770025839785,2755254037.55,True,79.04817179338363,22.793148880105402,139.66,2026-06-01,False,45.45454545454545,24.496124031007753,-0.03204436702339826,84.43743427970557,14.940000000000012,46.274738067520374,91.1525029103609,33.41094295692666,69.49941792782305,76.45687645687646,63.35889566390149,93.21637426900585,54.45950683849709
3529,力旺,半導體,2385.0,-0.41753653444676075,2608195454.25,True,38.775510204081634,55.434782608695656,47.05,2026-06-01,False,73.48484848484848,-9.315589353612168,-0.10432020305576348,50.690754516471834,23.043333333333333,74.0395809080326,9.662398137369035,13.38766006984866,4.423748544819558,86.48018648018649,37.59871482805127,72.16374269005847,60.24116850138539
2881,富邦金,金融控股,150.5,4.878048780487809,2567633385.625,True,78.62513426423202,23.386034255599473,155.03,2026-05-01,False,61.53846153846154,16.216216216216218,0.1199875518548025,100.0,-16.25,62.28172293364377,84.16763678696158,86.84516880093132,98.19557625145518,11.655011655011654,68.62902328560071,94.15204678362574,67.61542729544078
5347,世界,半導體,150.0,0.33444816053511683,2508989755.7,True,93.5016111707841,9.4532279314888,33.57,2026-06-01,False,18.181818181818183,-4.45859872611465,-0.04025797414120509,68.18181818181817,12.693333333333332,17.403958090803258,21.42025611175786,29.918509895227007,28.055878928987195,72.84382284382285,33.928485174119636,61.28654970760235,46.33153265390874
5351,鈺創,半導體,112.5,-3.8461538461538436,2474216616.725,True,45.61752988047809,48.88010540184453,657.48,2026-06-01,False,65.9090909090909,16.580310880829018,0.055730465353411515,83.02583025830258,97.47333333333336,66.35622817229336,84.98253783469151,70.54714784633295,65.77415599534342,97.43589743589743,77.01919345691174,98.94736842105263,61.52380368849947
4991,環宇-KY,半導體,497.0,-6.226415094339622,2450481846.525,True,76.75070028011206,24.769433465085637,55.06,2026-06-01,False,35.60606060606061,5.970149253731343,-0.04019996303617853,57.12643678160919,-4.056666666666665,36.20488940628638,63.21303841676368,30.034924330616995,8.381839348079161,26.107226107226104,32.788383521794465,77.30994152046785,39.670907964517426
3491,昇達科,通信網路,1505.0,4.152249134948094,2441818570.75,True,92.74583557227297,10.210803689064559,89.38,2026-06-01,False,21.153846153846153,17.120622568093385,-0.039322138003883164,68.4090909090909,12.510000000000005,20.779976717112923,85.68102444703143,30.50058207217695,28.987194412107105,72.6107226107226,47.7119000518302,88.42105263157895,38.12679982844188
2377,微星,電腦及週邊,161.5,4.193548387096779,2437763271.35,True,38.07733619763695,56.060606060606055,-9.23,2026-06-01,False,59.32203389830508,6.95364238410596,0.06033602485289164,95.56213017751479,9.176666666666666,60.18626309662398,66.82188591385332,72.17694994179278,92.08381839348078,65.38461538461539,71.33070654607324,7.602339181286549,48.262633689384494
2049,上銀,機械,363.0,3.125,2416400171.225,True,78.8936627282492,23.122529644268774,31.62,2026-06-01,False,11.76470588235294,-0.547945205479452,0.05524769875934576,88.64468864468864,4.793333333333333,10.593713620488941,35.389988358556465,70.31431897555296,77.88125727590221,52.680652680652685,49.37198618223066,58.47953216374269,52.89112867539434
3036,文曄,電子通路,192.5,2.941176470588225,2412499522.675,True,40.65520945220194,53.16205533596838,188.09,2026-06-01,False,59.61538461538461,-14.444444444444443,-0.15329027500108117,63.847429519071305,48.26333333333332,60.30267753201397,4.772991850989523,7.217694994179278,19.557625145518045,94.98834498834499,37.367866902209165,94.85380116959064,67.48527799903329
8021,尖點,印刷電路板,420.0,-8.496732026143794,2385303105.0,True,90.51456912585245,12.384716732542818,90.11,2026-06-01,False,37.2093023255814,6.0606060606060606,-0.02883724599085239,72.28915662650603,10.25,37.834691501746214,63.445867287543656,34.807916181606515,40.162980209545985,68.06526806526807,48.86334464914209,88.53801169590643,50.772454029913746
2486,一詮,電子零組件,256.0,-11.111111111111116,2264318048.275,True,63.36311941510967,35.046113306982875,35.04,2026-06-01,False,58.55263157894737,17.162471395881006,-0.017646828597656324,83.38762214983714,5.850000000000001,59.60419091967404,85.79743888242142,40.046565774155994,66.58905704307334,56.41025641025641,61.68950180591624,62.807017543859644,50.8007066560464
6451,訊芯-KY,半導體,449.0,-10.199999999999998,2220006385.05,True,91.93742478941034,11.001317523056652,40.55,2026-06-01,False,21.96969696969697,4.4186046511627906,-0.00484513465326128,62.01657458563537,26.33333333333333,21.653084982537834,57.62514551804424,45.75087310826543,15.832363213038416,88.46153846153845,45.864601056684876,67.71929824561404,36.89490023078651
3090,日電貿,電子通路,176.5,4.747774480712175,2129132260.55,True,95.91836734693877,5.961791831357049,32.37,2026-06-01,False,7.6923076923076925,20.068027210884352,-0.043986555822857924,51.911764705882355,5.533333333333335,6.228172293364377,88.47497089639114,28.870779976717113,5.587892898719441,55.59440559440559,36.95124433191954,59.53216374269006,20.718314509595686
6139,亞翔,電子設備,736.0,2.0804438280166426,2094286252.8,True,46.723952738990334,48.28722002635046,49.7,2026-06-01,False,71.42857142857143,-8.0,-0.13613420004543267,77.06806282722512,-24.816666666666663,72.35157159487777,13.038416763678695,8.614668218859139,51.222351571594885,7.575757575757576,30.56055314495361,73.91812865497076,71.11340876444117
2891,中信金,金融控股,68.4,2.7027027027027195,2076248176.0999997,True,95.3813104189044,6.884057971014493,-17.9,2026-06-01,False,7.6923076923076925,3.636363636363645,0.0029264038892761594,94.47513812154696,-499.2299999999999,6.228172293364377,55.29685681024446,49.243306169965074,90.33760186263096,1.282051282051282,40.47759768365123,3.8596491228070176,36.28214161713947
2887,台新新光金,金融控股,41.5,0.7281553398058138,2035378811.2325,True,78.67883995703545,23.3201581027668,329.5,2026-06-01,False,53.84615384615385,16.246498599439764,0.10825785209342252,100.0,-110.59999999999997,55.29685681024446,84.40046565774156,84.51688009313155,98.19557625145518,2.097902097902098,64.90153618209497,97.6608187134503,66.6881965293521
1326,台化,石化,69.8,-4.120879120879117,1988423685.1850002,True,63.928112965340176,34.51910408432148,11.59,2026-06-01,False,36.84210526315789,19.112627986348116,0.08522284865973717,93.94347240915208,-6.833333333333332,37.36903376018626,87.31082654249127,79.27823050058207,89.28987194412107,19.172494172494172,62.48409138397498,31.11111111111111,42.61479756823179
2882,國泰金,金融控股,115.0,5.504587155963292,1967528982.97,True,75.24167561761547,25.922266139657445,-42.04,2026-06-01,False,69.23076923076923,14.427860696517413,0.05138108058767792,99.56709956709958,-122.87666666666667,69.84866123399301,81.72293364377182,69.15017462165308,96.04190919674039,1.8648018648018647,63.72569611219203,1.6374269005847955,46.451265921886595
1802,台玻,玻璃陶瓷,59.1,-2.796052631578938,1931418474.4599998,True,64.12556053811659,34.4532279314888,27.0,2026-06-01,False,50.0,9.647495361781083,0.05087023344140053,77.15404699738903,9.943333333333332,51.222351571594885,73.9231664726426,68.91734575087311,51.33876600698487,67.48251748251748,62.576829456922596,53.09941520467836,45.43434157765388
3293,鈊象,資訊服務,709.0,0.14124293785311437,1913906756.2,True,43.44790547798066,51.18577075098815,17.18,2026-06-01,False,28.888888888888886,-8.751608751608751,-0.13785599574988722,84.10438908659549,2.553333333333333,29.336437718277065,11.059371362048893,8.265424912689173,68.45168800931314,44.988344988344984,32.42025339813465,40.70175438596491,56.85762718787655
2451,創見,半導體,284.5,-4.04721753794266,1911894157.5,True,0.5370569280343717,92.72068511198947,381.55,2026-06-01,False,96.21212121212122,0.7079646017699115,0.07643676042218538,78.2668500687758,-100.38666666666666,96.15832363213038,41.79278230500582,77.18277066356228,54.13271245634459,2.331002331002331,54.31951827760908,98.24561403508771,76.68596695463921
3044,健鼎,印刷電路板,488.5,-2.689243027888444,1900765195.125,True,96.34801288936627,5.270092226613966,41.97,2026-06-01,False,18.6046511627907,22.58469259723965,-0.017154077827026673,85.25305410122164,2.8233333333333306,17.81140861466822,89.988358556461,40.162980209545985,71.71129220023282,45.8041958041958,53.09564707702076,68.65497076023391,42.047328254668486
3034,聯詠,半導體,524.0,-3.4990791896869267,1868987864.75,True,80.9344790547798,20.816864295125164,18.96,2026-06-01,False,29.545454545454547,-4.7272727272727275,0.1798998818524496,92.41622574955908,9.136666666666668,29.80209545983702,20.954598370197903,94.41210710128057,86.14668218859138,65.15151515151516,59.293399654284414,42.69005847953216,59.42105943944067
1301,台塑,石化,66.0,-1.19760479041916,1855712367.0550003,True,73.06889352818372,27.931488801054016,-2.69,2026-06-01,False,15.789473684210526,17.857142857142858,0.07673938701685526,97.34513274336284,-6.453333333333333,14.610011641443538,86.14668218859138,77.29918509895228,94.52852153667055,19.696969696969695,58.456274032525485,12.514619883040936,33.876617718140906
2359,所羅門,電子通路,142.0,-1.730103806228378,1838263807.625,True,49.79544126241964,45.98155467720685,35.56,2026-06-01,False,50.0,-2.0689655172413794,0.005129366200328973,80.0,-5.473333333333329,51.222351571594885,28.754365541327125,50.52386495925495,58.0325960419092,22.843822843822846,42.2754001915818,63.50877192982456,61.00233850050038
4931,新盛力,電子零組件,251.0,0.40000000000000036,1807906479.95,True,75.7114493712773,25.625823451910406,145.09,2026-06-01,False,41.44736842105263,26.13065326633166,0.02827942042200084,89.64285714285715,4.719999999999999,41.67636786961583,92.31664726426077,61.0011641443539,79.86030267753202,52.44755244755245,65.46040688066299,93.80116959064327,55.75529821838259
8210,勤誠,電子零組件,986.0,1.8595041322314154,1729778042.85,True,73.63050483351236,27.503293807641633,98.03,2026-06-01,False,47.368421052631575,-15.726495726495726,-0.07714749945373643,63.40836012861736,51.373333333333335,48.19557625145518,3.958090803259604,18.39348079161816,17.927823050058205,95.45454545454545,36.78590327018732,89.47368421052632,62.90974817719502
3441,聯一光,消費性電子,143.0,2.508960573476693,1723237951.2150002,True,83.80681818181817,18.511198945981555,73.63,2026-06-01,False,21.052631578947366,67.44730679156908,0.004008908928369544,100.0,18.72333333333333,20.547147846332944,99.30151338766007,49.94179278230501,98.19557625145518,81.23543123543124,69.8442923006369,85.26315789473684,51.176092151216224
2379,瑞昱,半導體,713.0,-4.1666666666666625,1721120013.0,True,80.98818474758325,20.685111989459813,20.6,2026-06-01,False,28.78787878787879,-5.0599201065246335,-0.0014999305220620642,79.22222222222223,2.6833333333333336,28.870779976717113,20.372526193247964,47.38067520372526,56.344586728754365,45.22144522144522,39.63800266477798,44.91228070175438,52.43878030349448
4971,IET-KY,半導體,624.0,-6.726457399103136,1715253479.175,True,94.35825105782793,7.971014492753622,-6.26,2026-06-01,False,13.636363636363635,35.064935064935064,-0.04800415809366618,71.55963302752293,-12.943333333333332,12.339930151338766,95.11059371362049,27.357392316647267,37.25261932479628,13.636363636363635,37.13937982855329,9.824561403508772,16.07662929150583
6510,精測,半導體,3350.0,-2.4745269286754024,1714392120.75,True,76.96025778732546,24.50592885375494,40.19,2026-06-01,False,34.84848484848485,21.59709618874773,-0.08704806613132447,79.76190476190477,5.356666666666662,35.50640279394645,89.40628637951106,16.181606519208383,57.392316647264266,54.312354312354316,50.5597933304569,67.2514619883041,42.685973762500936
2356,英業達,電腦及週邊,67.5,1.3513513513513598,1681509505.9550002,True,73.03974221267454,28.030303030303028,61.62,2026-06-01,False,25.423728813559322,2.739726027397256,0.1261862405391156,79.03981264637002,17.13666666666667,25.378346915017463,50.52386495925495,88.12572759022119,55.878928987194406,79.48717948717949,59.8788095877735,80.46783625730994,52.800311800066716
2886,兆豐金,金融控股,49.55,1.122448979591839,1652608143.8674998,True,78.83995703544576,23.18840579710145,1.53,2026-06-01,False,46.15384615384615,-3.222656250000011,0.3109224105386953,93.31450094161958,-28.51,47.0314318975553,24.447031431897557,99.18509895227008,88.24214202561119,6.526806526806526,53.08650216682813,17.894736842105264,57.18031983334355
8033,雷虎,無人載具,176.0,-2.7624309392265234,1652491588.3,True,67.75396085740914,31.68642951251647,19.63,2026-06-01,False,31.550802139037433,-6.878306878306878,-0.10111216665933764,65.3061224489796,14.129999999999999,31.781140861466824,16.530849825378347,14.202561117578579,22.58440046565774,74.82517482517483,31.984825419051266,43.62573099415204,45.36510562397457
6415,矽力*-KY,半導體,428.5,0.5868544600938996,1642427770.575,True,38.02363050483351,56.192358366271414,37.77,2026-06-01,False,75.0,-3.707865168539326,0.02572340124696017,63.67013372956909,5.270000000000003,75.90221187427241,23.39930151338766,59.60419091967404,18.859138533178115,53.729603729603724,46.298889314023185,65.84795321637426,59.30250052760928
5425,台半,電子零組件,92.9,0.432432432432428,1636935961.325,True,84.6938775510204,17.654808959156785,9.46,2026-06-01,False,32.23684210526316,11.257485029940128,-0.025290665491204768,64.51388888888889,1.5066666666666677,32.596041909196735,76.36786961583236,36.78696158323632,20.954598370197903,40.32634032634033,41.40636236096073,28.421052631578945,26.400955823785306
6505,台塑化,輕油裂解,78.1,-0.7623888182973437,1625545011.99,True,3.3333333333333335,84.7167325428195,18.46,2026-06-01,False,84.69251336898395,15.532544378698226,-0.054478976883722774,83.79828326180257,-7.656666666666663,85.44819557625145,83.46915017462166,24.33061699650757,67.63678696158324,18.2983682983683,55.83662360146644,41.87134502923976,52.8717943481132
8112,至上,電子通路,90.5,-0.7675438596491224,1583155083.575,True,10.41890440386681,78.19499341238472,231.17,2026-06-01,False,82.6923076923077,4.98839907192575,0.07472266728009462,90.04975124378109,51.06666666666666,83.17811408614668,59.953434225844006,76.25145518044238,80.32596041909197,95.22144522144522,78.98608182659405,96.37426900584796,74.98122732131066
8069,元太,光電及I/O,148.5,-3.8834951456310662,1581630335.2,True,19.978517722878625,70.28985507246377,-0.62,2026-06-01,False,69.33333333333334,-24.04092071611253,-0.20813984219921614,58.92857142857143,3.4466666666666663,70.081490104773,0.8149010477299184,3.143189755529686,10.942956926658907,48.13519813519814,26.62354719397793,16.198830409356727,49.10209409826468
3264,欣銓,半導體,227.0,-2.7837259100642386,1556444761.3,True,94.7905477980666,7.64163372859025,36.56,2026-06-01,False,12.121212121212121,12.376237623762377,0.008597847625913018,88.32684824902724,4.123333333333335,10.942956926658907,77.88125727590221,51.920838183934805,77.41559953434226,50.349650349650354,53.702060454097705,64.56140350877193,43.759675673467726
2404,漢唐,電子設備,1070.0,4.390243902439028,1508128387.25,True,80.29001074113856,21.73913043478261,50.9,2026-06-01,False,44.15584415584416,-4.0358744394618835,-0.07915811394964435,77.25631768953069,-28.48000000000001,44.70314318975553,23.050058207217695,17.112922002328286,51.68800931315482,6.643356643356643,28.639497871162597,75.08771929824562,62.10720339848457
3605,宏致,電子零組件,118.0,-7.0866141732283445,1503021075.95,True,90.15444015444015,12.779973649538867,29.81,2026-06-01,False,25.657894736842106,16.25615763546798,0.0029493885104694972,89.39393939393939,9.256666666666668,25.611175785797442,84.51688009313155,49.359720605355065,79.39464493597205,65.85081585081585,60.94664745421439,56.257309941520475,44.18656264253961
2884,玉山金,金融控股,43.55,7.530864197530862,1487696029.4975,True,57.08915145005371,40.11857707509881,25.3,2026-06-01,False,76.92307692307693,14.304461942257207,-0.030320226569062837,100.0,-7.326666666666664,77.88125727590221,81.49010477299186,33.993015133876604,98.19557625145518,18.64801864801865,62.0415944164489,50.175438596491226,61.19054183771419
4967,十銓,半導體,276.0,-0.7194244604316502,1467859326.525,True,0.6734006734006733,91.89723320158103,35.0,2026-06-01,False,94.6969696969697,3.954802259887006,0.02121001959129129,90.64039408866995,-40.39999999999999,94.52852153667055,56.22817229336437,57.62514551804424,82.18859138533178,4.545454545454546,59.023177055773104,62.69005847953216,70.79474977704253
3131,弘塑,電子設備,2385.0,-0.8316008316008316,1424274121.5,True,72.28786251342643,28.722002635046113,15.21,2026-06-01,False,54.54545454545454,1.7057569296375266,-0.023683757325104738,61.07554417413572,9.203333333333333,55.937136204889406,46.216530849825375,37.36903376018626,13.853317811408614,65.61771561771562,43.79874684880505,36.72514619883041,40.07476734132577
1717,長興,樹脂,76.1,-5.816831683168322,1414720759.6149998,True,93.28678839957036,9.749670619235836,16.21,2026-06-01,False,7.142857142857142,14.436090225563902,0.10502160517163735,89.11007025761123,1.5166666666666675,5.70430733410943,81.83934807916181,84.0512223515716,78.9289871944121,40.55944055944056,58.2166611037391,39.06432748538012,35.46456848368496
2885,元大金,金融控股,69.8,4.647676161919034,1412805355.625,True,93.60902255639097,9.288537549407115,,2026-06-01,False,23.076923076923077,0.5763688760806793,-0.11653263302372247,97.62237762237763,487.2633333333334,22.875436554132715,40.9778812572759,11.525029103608848,94.76135040745052,99.3006993006993,53.888079324633466,,58.886301901435786
2489,瑞軒,光電及I/O,41.0,-2.9585798816568087,1398093922.9075,True,69.4136291600634,30.500658761528328,23.43,2026-06-01,False,40.0,23.86706948640483,-0.018936821528491923,72.56637168141593,7.866666666666667,40.33760186263097,90.80325960419093,39.46449359720605,40.9778812572759,62.121212121212125,54.740889688503195,48.18713450292398,34.674839504659985
3702,大聯大,電子通路,104.0,1.9607843137254832,1390321218.55,True,16.11170784103115,74.1106719367589,131.85,2026-06-01,False,80.76923076923077,-19.379844961240313,-0.12869199224211178,80.0,47.349999999999994,81.72293364377182,1.7462165308498252,9.89522700814901,58.0325960419092,94.87179487179486,49.25375361929495,92.98245614035088,82.74794232379551
1519,華城,電機製品,746.0,0.6747638326585648,1388924632.4,True,76.31143014908889,24.967061923583664,-25.78,2026-06-01,False,20.0,12.518853695324283,-0.039587870578610816,69.07407407407408,-16.203333333333333,19.383003492433062,78.34691501746217,30.384167636786962,30.849825378346914,11.771561771561771,34.14709465931817,2.5730994152046787,18.61475331713062
5475,德宏,印刷電路板,190.0,0.0,1381473157.15,True,86.42714570858283,16.073781291172594,160.08,2026-06-01,False,44.18604651162791,52.610441767068274,-0.060766464962592616,47.5,-5.1299999999999955,44.81955762514552,98.25378346915018,22.700814901047732,2.6775320139697323,23.36829836829837,38.36399727552231,94.26900584795321,35.878078004479576
6278,台表科,印刷電路板,200.0,0.25062656641603454,1377311171.85,True,91.56820622986037,11.462450592885375,9.24,2026-06-01,False,34.883720930232556,19.047619047619047,0.017073358975044122,81.13590263691684,4.046666666666667,35.739231664726425,87.07799767171129,55.9953434225844,59.72060535506402,49.883449883449885,57.6833255995072,28.30409356725146,34.171483228832656
4939,亞電,印刷電路板,87.9,-1.1248593925759276,1358579969.145,True,89.21694480102695,13.24110671936759,44.18,2026-06-01,False,39.53488372093023,47.97979797979799,0.0273290851985804,94.7198275862069,19.54,39.93015133876601,97.78812572759023,60.06984866123399,90.68684516880093,82.63403263403264,74.22180070608475,70.17543859649122,50.75107734411698
6257,矽格,半導體,212.0,-1.851851851851849,1350628974.475,True,95.11278195488721,7.246376811594203,21.0,2026-06-01,False,9.848484848484848,4.691358024691358,-0.12263161859343652,77.65567765567766,-2.083333333333332,8.498253783469151,58.78928987194412,10.477299185098952,52.9685681024447,31.46853146853147,32.44038848229768,45.49707602339181,37.04365200934039
2892,第一金,金融控股,37.3,2.896551724137919,1337972823.7225,True,89.20515574650913,13.47167325428195,9.73,2026-06-01,False,30.76923076923077,3.8997214484679623,0.25871426657843294,100.0,-19.740000000000002,31.024447031431894,55.9953434225844,97.78812572759023,98.19557625145518,9.79020979020979,58.558740444654305,28.654970760233915,50.469912655134145
2883,凱基金,金融控股,36.7,3.3802816901408628,1311582225.5725,True,50.37593984962406,45.289855072463766,,2026-06-01,False,84.61538461538461,16.139240506329116,0.17944281984648716,100.0,-55.833333333333314,85.21536670547147,84.0512223515716,94.29569266589057,98.19557625145518,3.7296037296037294,73.09749234079851,,66.45324020178502
6830,汎銓,檢測驗證,597.0,-0.16722408026755842,1300862652.775,True,99.72451790633609,0.922266139657444,10.36,2026-06-01,False,16.666666666666664,47.58961681087763,-0.01647991333271178,61.23076923076923,-6.313333333333333,15.424912689173457,97.67171129220024,40.51222351571595,14.318975552968569,20.27972027972028,37.6415086659557,29.35672514619883,15.357225524035153
6285,啟碁,通信網路,243.5,-0.8146639511201648,1295409712.325,True,93.39419978517724,9.58498023715415,84.37,2026-06-01,False,19.230769230769234,-6.346153846153846,-0.008594328736016392,76.33228840125392,39.42333333333334,18.50989522700815,17.81140861466822,43.77182770663563,49.243306169965074,93.24009324009323,44.515306191674064,87.25146198830409,59.29831369265227
6672,騰輝電子-KY,印刷電路板,289.0,6.25,1292472066.425,True,98.33147942157953,3.6231884057971016,68.12,2026-06-01,False,13.953488372093023,30.474040632054177,0.03596260908606873,91.74603174603175,21.439999999999998,12.805587892898721,94.0628637951106,64.49359720605355,84.51688009313155,84.61538461538461,68.09886272051581,83.15789473684211,46.60437473194044
3045,台灣大,通信網路,118.0,1.724137931034475,1243308948.85,True,7.679914070891515,80.23715415019763,6.57,2026-06-01,False,86.53846153846155,6.787330316742081,0.27869335653473853,97.9253112033195,2.4833333333333334,87.25261932479627,66.23981373690337,98.25378346915018,94.9941792782305,44.63869463869464,78.27581808955499,24.561403508771928,60.142097093723834
8271,宇瞻,半導體,217.0,-3.7694013303769425,1239141452.475,True,0.1611170784103115,95.5862977602108,200.65,2026-06-01,False,98.48484848484848,-4.405286343612335,0.009752806048753632,83.30134357005758,-61.316666666666634,97.55529685681024,21.769499417927822,52.27008149010477,66.12339930151339,3.4965034965034967,48.242956112571946,95.43859649122807,84.33694830790597
5904,寶雅,百貨批發,72.1,-1.7711171662125547,1227016280.5350003,True,43.39622641509434,51.25164690382081,8.35,2026-06-01,False,31.57894736842105,-89.2065868263473,-0.22506270178793167,9.782903663500678,-6.406666666666668,31.955762514551804,0.11641443538998836,2.211874272409779,0.23282887077997672,19.93006993006993,10.889390004640296,27.134502923976605,39.8016699684796
8261,富鼎,半導體,180.5,1.9774011299435124,1221608413.375,True,75.13426423200859,26.08695652173913,16.09,2026-06-01,False,37.878787878787875,0.5571030640668524,-0.04881000371259292,51.27840909090909,8.59,38.53317811408615,40.74505238649593,26.77532013969732,4.772991850989523,64.33566433566433,35.03244136538665,38.94736842105263,35.3771214999081
2484,希華,電子零組件,70.4,-5.503355704697976,1221289466.08,True,93.98496240601504,8.72859025032938,-1.4,2026-06-01,False,14.802631578947366,-0.1418439716311976,-0.0003358246782027764,73.02904564315354,-2.5166666666666666,13.562281722933644,37.25261932479628,48.07916181606519,42.607683352735734,30.303030303030305,34.360955303912235,14.502923976608187,33.355067431870324
1605,華新,電纜,38.4,0.5235602094240788,1220973133.1799998,True,49.40923737916219,46.44268774703557,29.34,2026-06-01,False,27.27272727272727,10.186513629842173,0.20131748379760056,86.68171557562077,19.866666666666667,27.41559953434226,74.38882421420257,95.22700814901047,73.9231664726426,83.33333333333334,70.85758634070626,55.43859649122807,45.59713457100259
4938,和碩,電腦及週邊,95.4,4.0348964013086075,1185451520.615,True,91.51450053705693,11.528326745718049,15.89,2026-06-01,False,5.084745762711865,6.592178770949728,0.11481639425721463,96.8527918781726,11.676666666666666,3.3760186263096625,65.65774155995344,86.0302677532014,93.48079161816065,71.15384615384616,63.939733142294266,38.01169590643275,42.302691147737406
6271,同欣電,半導體,237.0,6.278026905829592,1173821066.05,True,77.1750805585392,24.37417654808959,10.56,2026-06-01,False,34.090909090909086,24.736842105263158,0.0784503115813162,82.43478260869566,4.19,34.69150174621653,91.38533178114086,77.53201396973225,63.445867287543656,50.6993006993007,63.550803096786794,29.47368421052631,34.05643036578641
2618,長榮航,空運,42.5,0.8303677342823335,1149100854.8174999,True,33.46354166666667,59.22266139657444,26.58,2026-06-01,False,59.09090909090909,-2.968036529680359,0.09333187033434841,94.65478841870825,4.053333333333331,59.89522700814901,25.261932479627475,81.14086146682189,90.57043073341094,50.0,61.373690337601865,52.046783625730995,69.31262722191586
2412,中華電,通信網路,137.5,0.0,1132743269.8,True,85.60687432867884,16.897233201581027,11.4,2026-06-01,False,34.61538461538461,0.36496350364963503,-0.038110267779767754,93.85665529010238,3.2666666666666675,34.92433061699651,39.58090803259604,30.9662398137369,88.94062863795111,47.086247086247084,48.29967083750553,30.87719298245614,53.790311051201925
2354,鴻準,電子零組件,65.6,-1.0558069381598867,1120748510.5500002,True,90.11815252416756,12.845849802371543,10.66,2026-06-01,False,26.31578947368421,18.198198198198188,0.12585291085198783,89.6174863387978,37.10666666666667,26.251455180442374,86.37951105937137,88.0093131548312,79.62747380675204,92.77389277389277,74.60832919505796,29.70760233918129,37.301755066751085
5536,聖暉*,電子設備,853.0,3.645200486026723,1111842404.05,True,82.86788399570354,18.972332015810274,24.9,2026-06-01,False,36.36363636363637,-16.372549019607842,-0.15428414460294607,59.44250871080139,2.2766666666666637,36.84516880093132,3.4924330616996504,7.1012805587892895,11.874272409778813,43.82284382284382,20.627199730808577,49.707602339181285,48.73365262204794
1590,亞德客-KY,機械,1395.0,0.0,1106758989.5,True,39.36627282491944,54.74308300395256,44.88,2026-06-01,False,76.47058823529412,-7.6158940397351,-0.04772189050940809,87.46081504702194,8.046666666666667,77.41559953434226,13.969732246798602,27.59022118742724,75.43655413271246,62.93706293706294,51.4698340076687,70.76023391812866,77.41066383459619
2351,順德,半導體,239.5,4.585152838427953,1089361326.7,True,94.14607948442534,8.300395256916996,51.72,2026-06-01,False,16.666666666666664,41.71597633136095,0.028572284742101335,99.79166666666667,14.29,15.424912689173457,96.97322467986031,61.35040745052387,96.15832363213038,75.17482517482517,69.01633872530263,75.67251461988303,47.57063156533164
2880,華南金,金融控股,44.0,2.3255813953488413,1079275891.705,True,84.37164339419978,17.918313570487484,,2026-06-01,False,38.46153846153847,0.4566210045662165,0.06488926787044688,99.09909909909909,17.623333333333335,38.70779976717113,40.046565774155994,73.34109429569267,95.69266589057042,80.06993006993007,65.57161115950406,,64.78463329452852
7750,新代,機械,2415.0,5.000000000000004,1065416217.25,True,49.56896551724138,46.24505928853755,151.4,2026-06-01,False,55.88235294117647,-1.8292682926829267,-0.050439217718237284,78.66449511400651,39.890000000000015,57.50873108265425,30.151338766006987,25.84400465657741,54.83119906868452,93.47319347319348,52.36169340942333,94.03508771929825,69.05591977615751
3706,神達,電腦及週邊,92.5,-2.3231256599788863,1019961827.0799999,True,69.38775510204081,30.566534914361,80.93,2026-06-01,False,28.8135593220339,0.6528835690968382,0.1562101771408088,86.44859813084112,26.89666666666667,28.987194412107105,41.55995343422585,92.43306169965075,73.57392316647264,88.81118881118881,65.07306430472903,86.95906432748538,61.99005711795982
6290,良維,電子零組件,270.0,5.263157894736836,994934689.35,True,91.78302900107411,11.396574440052701,-2.32,2026-06-01,False,21.052631578947366,26.46370023419204,-0.004563485079481661,73.56948228882834,-5.643333333333333,20.547147846332944,92.43306169965075,45.9837019790454,44.23748544819557,22.26107226107226,45.092493846859384,13.333333333333334,21.421226232052774
2478,大毅,電子零組件,125.5,3.7190082644628086,987453601.975,True,95.11278195488721,7.246376811594203,35.76,2026-06-01,False,13.815789473684212,4.583333333333333,-0.0467808393270897,51.85950413223141,14.489999999999998,12.572759022118744,58.09080325960419,27.823050058207215,5.355064027939465,75.52447552447552,35.873230378469025,63.62573099415205,30.865687696151518
6781,AES-KY,電子零組件,1115.0,0.0,976279080.25,True,31.099397590361445,61.001317523056656,25.58,2026-06-01,False,84.21052631578947,4.694835680751173,0.13621334973068597,74.33333333333333,4.579999999999998,84.74970896391153,58.905704307334105,89.63911525029104,45.9837019790454,51.86480186480187,66.22860647307678,50.4093567251462,55.55926584019226
2027,大成鋼,基本金屬,50.2,1.31180625630678,975123516.2175001,True,33.41260404280618,59.354413702239796,43.73,2026-06-01,False,60.97560975609756,13.190529875986472,0.1596125556887621,98.43137254901961,2.4199999999999946,61.46682188591386,79.62747380675204,92.54947613504075,95.22700814901047,44.40559440559441,74.6552748764623,69.5906432748538,61.664249875756525
1216,統一,飲料乳品,75.6,-1.305483028720622,962604029.6899999,True,6.390977443609022,81.1923583662714,4.6,2026-06-01,False,80.0,3.2786885245901525,0.46953159390193117,93.91304347826086,1.4133333333333336,81.14086146682189,53.783469150174625,100.0,89.05704307334109,39.976689976689975,72.79161273340551,21.98830409356725,59.600684870888905
7751,竑騰,電子設備,1610.0,3.536977491961424,915685957.5,True,63.70967741935484,34.7167325428195,67.24,2026-06-01,False,62.33766233766234,14.590747330960854,-0.009116257818688274,59.30018416206262,3.710000000000001,62.74738067520372,82.07217694994179,43.30616996507567,11.641443538998836,49.06759906759907,49.76695403936382,82.80701754385966,43.780916202030106
6414,樺漢,電腦及週邊,395.0,0.8939974457215838,904183559.625,True,49.5703544575725,46.179183135704875,56.97,2026-06-01,False,45.76271186440678,-15.778251599147122,-0.08380109682668524,78.52882703777337,18.843333333333334,46.682188591385334,3.841676367869616,16.41443538998836,54.714784633294535,81.70163170163171,40.67094333683391,77.89473684210526,68.86250842472887
1560,中砂,半導體,695.0,-1.278409090909094,880340323.15,True,95.16648764769066,7.04874835309618,16.39,2026-06-01,False,9.090909090909092,2.2058823529411766,0.018284047170555855,90.37711313394018,-1.2733333333333334,7.625145518044238,48.544819557625146,56.461001164144356,81.0244470314319,32.98368298368298,45.327819250985726,39.53216374269006,44.90923418363526
3376,新日興,電子零組件,211.0,1.4423076923076872,872660527.85,True,96.40171858216972,5.138339920948617,-4.76,2026-06-01,False,8.552631578947368,14.054054054054054,0.10047610443250385,80.53435114503816,5.746666666666666,7.1012805587892895,81.25727590221187,82.53783469150174,58.78928987194412,56.060606060606055,57.14925741701062,10.935672514619883,23.892241760785357
6683,雍智科技,半導體,1360.0,-6.849315068493156,872268723.5,True,94.14715719063545,8.168642951251647,24.55,2026-06-01,False,15.151515151515152,13.807531380753138,-0.09198950859831898,53.021442495126706,5.273333333333333,13.736903376018628,80.9080325960419,15.48311990686845,6.053550640279394,53.84615384615385,34.00555207307245,49.1812865497076,22.01592699249093
2890,永豐金,金融控股,42.85,1.660735468564667,868445889.3349998,True,93.82384532760473,8.992094861660078,50.94,2026-06-01,False,15.384615384615385,8.343868520859683,0.10148961901414448,100.0,-22.723333333333343,14.086146682188591,71.1292200232829,82.77066356228173,98.19557625145518,8.275058275058274,54.89133295885333,75.20467836257309,54.08929531823349
8043,蜜望實,電子通路,142.0,0.0,827445739.1,True,60.526315789473685,37.54940711462451,48.37,2026-06-01,False,40.38461538461539,4.797047970479705,-0.017003302930402753,62.69315673289183,3.4566666666666634,41.15250291036088,59.25494761350407,40.27939464493598,17.112922002328286,48.25174825174825,41.21030308457549,73.2748538011696,43.07133277508867
5269,祥碩,半導體,1430.0,-2.0547945205479423,818568148.75,True,2.4167561761546725,86.29776021080369,-22.41,2026-06-01,False,92.42424242424242,1.0600706713780919,0.03232333668085984,85.11904761904762,-2.623333333333335,92.78230500582072,43.189755529685684,62.86379511059371,71.59487776484285,29.836829836829835,60.053512649554555,2.923976608187134,56.027850962291254
6727,亞泰金屬,電子設備,541.0,-6.7241379310344795,783617295.425,True,94.9928469241774,7.4440052700922275,-23.9,2026-06-01,False,10.38961038961039,32.923832923832926,-0.020393067814252465,81.96969696969697,-51.019999999999996,8.963911525029102,94.64493597206054,38.766006984866124,62.398137369033755,4.0792540792540795,41.770449186048715,2.690058479532164,19.85179285038362
7795,長廣,電子設備,505.0,-1.9417475728155331,780985962.075,True,88.0794701986755,14.756258234519104,62.55,2026-06-01,False,23.376623376623375,18.544600938967136,-0.03183630520683974,75.82582582582582,29.019999999999996,23.28288707799767,86.49592549476135,33.527357392316645,48.31199068684517,90.09324009324008,56.342280149032185,80.8187134502924,41.47941643009348
2467,志聖,電子設備,603.0,-0.9852216748768461,777227690.45,True,93.77013963480128,9.156785243741766,94.08,2026-06-01,False,16.883116883116884,16.634429400386846,0.08171767498836124,90.26946107784431,8.876666666666665,15.832363213038416,85.09895227008148,78.57974388824213,80.79161816065192,64.80186480186481,65.02090846677575,89.00584795321637,50.1327192642063
7711,永擎,電腦及週邊,632.0,3.60655737704918,772080402.675,True,70.15706806282722,29.97364953886693,140.79,2026-06-01,False,27.11864406779661,92.09726443768997,0.04355390667700927,100.0,102.89333333333332,27.124563445867288,99.76717112922002,66.47264260768335,98.19557625145518,97.66899766899768,77.8457902206447,93.33333333333333,54.72157547535895
4908,前鼎,通信網路,224.5,2.9816513761467878,756451418.45,True,97.31471535982814,4.051383399209486,29.72,2026-06-01,False,5.769230769230769,35.64954682779456,-0.01134736755831369,76.49063032367974,5.316666666666666,4.423748544819558,95.92549476135041,42.724097788125725,49.94179278230501,53.96270396270396,49.39556756786094,55.96491228070175,28.601239711618977
2375,凱美,電子零組件,125.0,0.0,748762866.875,True,87.0032223415682,15.382081686429514,18.39,2026-06-01,False,29.605263157894733,1.214574898785425,-0.06387974930760973,53.76344086021505,11.676666666666666,29.918509895227007,44.0046565774156,21.769499417927822,6.286379511059372,71.15384615384616,34.626578311095194,41.63742690058479,33.45941493236389
8028,昇陽半導體,半導體,239.0,-2.647657841140527,748433419.325,True,63.74865735767992,34.65085638998682,33.62,2026-06-01,False,49.24242424242424,-15.24822695035461,-0.17435012969597863,67.04067321178121,-3.3133333333333397,49.94179278230501,4.307334109429569,5.238649592549476,25.84400465657741,28.205128205128204,22.707381869197935,61.40350877192983,58.22049302534567
2421,建準,電子零組件,178.0,5.952380952380953,744828172.475,True,65.52094522019334,33.13570487483531,18.65,2026-06-01,False,55.26315789473685,26.690391459074732,0.16531973696237787,93.93139841688655,2.4599999999999973,56.461001164144356,92.54947613504075,93.24796274738067,89.17345750873108,44.52214452214452,75.19080841548828,42.39766081871345,48.87066083913703
3583,辛耘,電子設備,711.0,-6.076618229854692,743852962.65,True,91.35338345864662,11.594202898550725,-2.67,2026-06-01,False,20.77922077922078,1.1379800853485065,-0.028739556865483115,73.6024844720497,-5.876666666666667,20.256111757857976,43.538998835855644,34.92433061699651,44.35389988358556,21.21212121212121,32.857092461283386,12.631578947368421,33.42564793823908
4977,眾達-KY,通信網路,185.0,4.815864022662897,743379298.15,True,91.83673469387756,11.29776021080369,8.08,2026-06-01,False,23.076923076923077,29.82456140350877,-0.008559798688824142,68.39186691312385,23.523333333333333,22.875436554132715,93.83003492433062,43.88824214202561,28.754365541327125,87.06293706293707,55.28220324495063,26.900584795321635,21.175087991612713
5328,華容,電子零組件,61.0,-0.8130081300813052,730643171.3449999,True,77.26396917148362,24.308300395256918,63.54,2026-06-01,False,38.81578947368421,-7.435508345978764,-0.002419573190983703,74.02912621359224,30.199999999999996,38.9988358556461,14.668218859138532,46.91501746216531,45.401629802095464,90.44289044289044,47.28531848438717,81.16959064327486,62.72545936046947
2606,裕民,海運,78.2,4.127829560585905,724562341.4949999,True,28.62513426423201,62.845849802371546,35.52,2026-06-01,False,72.72727272727273,21.240310077519382,0.14552171838208475,100.0,-3.136666666666663,73.28288707799767,89.17345750873108,91.0360884749709,98.19557625145518,29.02097902097902,76.14179766682676,63.39181286549708,61.42420467155471
2637,慧洋-KY,海運,99.8,3.6344755970924236,716156228.455,True,61.600429645542434,36.42951251646904,57.92,2026-06-01,False,36.36363636363637,16.86182669789226,0.05990211349269487,97.84313725490196,16.24666666666667,36.84516880093132,85.33178114086147,71.9441210710128,94.87776484284052,78.43822843822844,73.4874128587749,78.47953216374269,56.217671166663266
1504,東元,電機製品,72.2,-0.550964187327807,709846293.5899999,True,85.9828141783029,16.469038208168644,0.15,2026-06-01,False,10.0,8.571428571428577,0.14826984412615324,60.41841004184101,-7.933333333333334,8.731082654249127,71.9441210710128,91.26891734575088,13.271245634458673,18.065268065268064,40.65612695414791,16.783625730994153,16.71045823717229
6209,今國光,消費性電子,81.5,-3.3214709371293005,705257872.955,True,2.3255813953488373,86.4953886693017,73.31,2026-06-01,False,100.0,13.351877607788587,-0.018701101695036082,83.8477366255144,3.026666666666671,99.35972060535507,79.976717112922,39.69732246798603,67.75320139697322,46.50349650349651,66.65809161734657,84.91228070175438,68.01212139779017
2645,長榮航太,機車船製造,173.5,-1.4204545454545414,702895124.025,True,33.84615384615385,59.09090909090909,13.01,2026-06-01,False,61.53846153846154,-11.704834605597965,-0.23314155510849144,68.98608349900597,1.2100000000000009,62.28172293364377,7.566938300349244,1.8626309662398137,30.50058207217695,39.62703962703963,28.367782779889883,33.68421052631579,54.72489430794681
7734,印能科技,電子設備,2890.0,3.398926654740597,702260931.75,True,72.84946236559139,28.19499341238472,-6.43,2026-06-01,False,53.246753246753244,-15.988372093023257,-0.14197617345784952,66.05714285714286,-69.60666666666667,54.48195576251456,3.7252619324796274,7.799767171129219,23.981373690337602,3.146853146853147,18.627042340662832,9.473684210526317,46.05293793272472
6789,采鈺,半導體,468.0,-3.205791106514999,702093126.425,True,67.88177339901478,31.554677206851117,15.55,2026-06-01,False,44.696969696969695,3.197353914002205,-0.015414504565923949,76.59574468085107,5.193333333333333,45.75087310826543,53.43422584400466,40.86146682188591,50.52386495925495,53.379953379953385,48.79007682267287,37.6608187134503,45.1253327342415
6831,邁科,電子零組件,605.0,-0.6568144499178974,698515888.9,True,20.32085561497326,70.02635046113306,29.3,2026-06-01,False,88.81578947368422,1.340033500837521,-0.04872579148955909,63.28451882845189,31.23,89.40628637951106,44.23748544819557,26.891734575087312,17.694994179278233,90.79254079254079,53.804608274922586,55.32163742690058,54.54635813437358
2472,立隆電,電子零組件,225.0,3.686635944700467,696944978.85,True,95.91836734693877,5.961791831357049,36.2,2026-06-01,False,11.18421052631579,-6.4449064449064455,-0.06992435016654396,49.61411245865491,9.306666666666668,10.011641443538998,17.57857974388824,19.79045401629802,3.7252619324796274,66.08391608391608,23.437970644024194,64.09356725146199,40.06297272089809
5871,中租-KY,租賃,111.5,-1.3274336283185861,689714584.375,True,20.998925886143933,69.20289855072464,-0.82,2026-06-01,False,69.01737967914438,-0.4464285714285714,0.004988822803910764,90.2834008097166,0.31000000000000016,69.49941792782305,36.08847497089639,50.40745052386496,80.9080325960419,36.946386946386944,54.76995259300266,15.43859649122807,57.439393011049155
3693,營邦,電子零組件,663.0,3.2710280373831724,683844806.6,True,90.16493585827735,12.714097496706191,74.98,2026-06-01,False,25.0,32.33532934131736,0.09074084704097803,91.07142857142857,38.11666666666667,24.738067520372525,94.41210710128057,80.55878928987195,83.1199068684517,93.00699300699301,75.16717275739396,85.73099415204678,49.794215359897606
6584,南俊國際,金屬製品,634.0,-3.6474164133738607,675189409.0,True,23.02357836338419,67.72068511198947,40.64,2026-06-01,False,71.42857142857143,30.184804928131413,-0.05019996661390846,78.75776397515529,-0.27666666666666373,72.35157159487777,93.9464493597206,26.193247962747378,55.06402793946449,35.43123543123543,56.597306457609136,67.83625730994152,50.3263518711408
8111,立碁,光電及I/O,70.0,-8.37696335078535,671688778.73,True,77.49731471535983,24.242424242424242,2.34,2026-06-01,False,32.0,10.236220472440944,-0.0012463237902914743,86.52657601977751,6.076666666666666,32.36321303841677,74.73806752037252,47.61350407450524,73.69033760186264,57.45920745920746,57.17286593887293,18.596491228070175,37.47799358699426
2610,華航,空運,20.45,0.0,669000996.36,True,25.479282622139763,65.01976284584981,28.82,2026-06-01,False,64.97326203208557,-9.513274336283196,-0.2048782734165393,84.50413223140497,4.473333333333336,65.42491268917345,9.31315483119907,3.259604190919674,69.61583236321303,51.74825174825175,39.87235116455139,55.08771929824562,70.20382737985825
5439,高技,印刷電路板,261.5,-2.9684601113172504,660227448.925,True,31.256713211600427,60.93544137022398,22.13,2026-06-01,False,90.69767441860465,15.70796460176991,-0.09343012536957528,59.22989807474519,-13.399999999999995,91.0360884749709,83.70197904540163,15.133876600698487,11.40861466821886,13.51981351981352,42.960074461820675,46.54970760233918,41.32310792503183
4576,大銀微系統,機械,238.0,-1.6528925619834656,651191086.8,True,43.616371411117896,51.05401844532279,62.56,2026-06-01,False,64.70588235294117,9.174311926605505,0.028840831552297885,83.6555360281195,12.266666666666673,65.19208381839347,72.9918509895227,61.69965075669383,67.17112922002329,72.26107226107226,67.86315740914111,80.93567251461988,60.07675864087848
3019,亞光,消費性電子,144.5,-8.253968253968258,642793533.85,True,69.17293233082707,30.632411067193676,13.14,2026-06-01,False,36.84210526315789,7.835820895522389,0.1114763618437291,84.25655976676384,-3.3299999999999983,37.36903376018626,69.61583236321303,85.44819557625145,68.56810244470314,28.088578088578085,57.817948446586385,33.801169590643276,42.53061835807991
2474,可成,電子零組件,209.5,-0.7109004739336511,640568276.1,True,73.73791621911923,27.33860342555995,-55.07,2026-06-01,False,46.05263157894737,15.426997245179063,0.03776636558082476,81.51750972762646,-8.549999999999997,46.79860302677532,83.23632130384168,64.95925494761352,60.65192083818394,17.365967365967368,54.602413496476366,1.1695906432748537,31.345948301098108
2441,超豐,半導體,116.0,0.0,633483871.525,True,94.62943071965628,7.872200263504611,33.15,2026-06-01,False,12.878787878787879,-2.109704641350211,0.05981956255496304,80.0,10.73,11.641443538998836,28.637951105937137,71.82770663562282,58.0325960419092,69.46386946386947,47.920713357267495,60.70175438596491,50.43446071523395
6214,精誠,資訊服務,185.5,1.3661202185792254,631105013.475,True,51.181525241675615,44.466403162055336,76.9,2026-06-01,False,22.22222222222222,21.241830065359476,0.07353140172537183,100.0,26.556666666666672,22.118742724097785,89.28987194412107,76.0186263096624,98.19557625145518,88.57808857808858,74.84018116148499,86.08187134502924,54.27657959411528
7788,松川精密,電子零組件,335.0,6.012658227848111,630837742.125,True,40.18691588785047,53.55731225296443,65.66,2026-06-01,False,77.63157894736842,59.523809523809526,0.02306210394808908,100.0,23.953333333333333,78.46332945285215,98.83585564610011,58.323632130384176,98.19557625145518,87.2960372960373,84.22288615536579,82.22222222222221,65.01131807010735
2605,新興,海運,35.85,2.2824536376604865,628249185.845,True,0.667070952092177,91.9631093544137,51.62,2026-06-01,False,90.9090909090909,12.031250000000004,-0.022806478998518745,82.69896193771626,31.009999999999998,91.32712456344588,77.29918509895228,37.71827706635623,64.61001164144355,90.55944055944056,72.30280778592768,75.55555555555556,63.548376665373176
1785,光洋科,資源回收,102.0,0.0,616770262.425,True,14.178302900107411,75.49407114624506,70.84,2026-06-01,False,56.52173913043478,-8.520179372197308,-0.0198047449783545,55.13513513513514,-0.9566666666666634,58.09080325960419,11.29220023282887,39.11525029103609,7.217694994179278,34.26573426573427,29.99633660867654,84.09356725146199,59.527466318104146
6538,倉和,光電及I/O,300.0,20.724346076458744,607026622.525,True,98.17477876106194,3.689064558629776,46.5,2026-06-01,False,6.666666666666667,91.69329073482429,0.008776409668483264,100.0,41.57,5.238649592549476,99.65075669383003,52.03725261932479,98.19557625145518,93.58974358974359,69.74239574938062,71.81286549707603,43.89908366181267
6196,帆宣,電子設備,516.0,4.878048780487809,602123910.3,True,80.66595059076262,21.14624505928854,120.99,2026-06-01,False,40.25974025974026,1.37524557956778,0.022185854210246318,87.45762711864407,43.58333333333333,40.9778812572759,44.58672875436554,57.97438882421421,75.32013969732246,93.93939393939394,62.55970649451441,92.28070175438596,65.9979984886547
2353,宏碁,電腦及週邊,32.7,1.7107309486780853,601951442.5025,True,50.564819795589024,44.86166007905138,-3.02,2026-06-01,False,44.06779661016949,8.099173553719018,0.14370248466192279,75.34562211981569,-36.976666666666674,44.35389988358556,69.965075669383,90.80325960419093,47.61350407450524,5.011655011655012,51.549478848663945,12.280701754385964,33.57075751077344
2493,揚博,電子設備,181.5,-1.3586956521739135,596128299.85,True,96.29430719656284,5.434782608695652,32.06,2026-06-01,False,5.194805194805195,-11.678832116788321,-0.06696077065448025,55.932203389830505,14.10666666666667,3.608847497089639,7.799767171129219,20.721769499417928,7.683352735739232,74.70862470862471,22.904472322400146,59.122807017543856,40.65381001981088
8042,金山電,電子零組件,110.5,-0.45045045045044585,586736878.33,True,17.009685230024214,73.3201581027668,51.3,2026-06-01,False,93.42105263157895,0.45454545454545453,-0.013694896207743558,52.49406175771971,12.136666666666663,93.59720605355064,39.93015133876601,42.0256111757858,5.70430733410943,72.14452214452216,50.68035960934681,75.3216374269006,58.67324986894867
3680,家登,電子設備,518.0,-0.38461538461538325,583288012.325,True,29.146005509641874,62.450592885375485,37.93,2026-06-01,False,79.22077922077922,15.754189944134078,0.0985339582585187,84.0909090909091,2.3866666666666703,80.44237485448195,83.81839348079161,82.18859138533178,68.21885913853319,44.28904428904429,71.79145262963655,65.96491228070175,57.70193819823132
3624,光頡,電子零組件,93.2,4.719101123595504,578465817.265,True,80.55853920515574,21.277997364953887,28.72,2026-06-01,False,35.526315789473685,24.598930481283432,-0.031470012773239214,52.804532577903686,1.879999999999999,35.9720605355064,91.26891734575088,33.76018626309663,5.820721769499418,41.60839160839161,41.68605550444899,54.736842105263165,26.315176766129525
6426,統新,通信網路,269.5,4.863813229571989,561629767.2,True,58.931552587646074,38.80105401844533,103.04,2026-06-01,False,48.07692307692308,58.529411764705884,0.0010325787926664448,93.41421143847487,19.836666666666673,49.359720605355065,98.71944121071013,48.544819557625146,88.35855646100116,83.21678321678321,73.63986421029495,90.4093567251462,57.352048145198076
3455,由田,電子設備,236.5,-7.797270955165692,555259637.525,True,94.73684210526315,7.7733860342556,-30.02,2026-06-01,False,11.688311688311687,27.1505376344086,-0.010729445048031232,76.29032258064517,-23.83,10.477299185098952,92.66589057043073,43.07334109429569,49.0104772991851,7.80885780885781,40.607173191573665,2.2222222222222223,17.261027034018884
1513,中興電,電機製品,165.5,0.3030303030302939,553888063.1,True,45.22019334049409,49.209486166007906,8.31,2026-06-01,False,50.0,2.7950310559006213,0.28259556449895584,88.50267379679144,2.380000000000001,51.222351571594885,50.87310826542492,98.48661233993015,77.76484284051223,44.17249417249417,64.50388183799127,27.017543859649123,51.282907501582834
8086,宏捷科,半導體,112.5,-3.8461538461538436,550482296.325,True,2.038369304556355,87.08827404479578,16.05,2026-06-01,False,93.18181818181817,-9.274193548387096,-0.19020123373822456,62.849162011173185,-18.09,93.48079161816065,10.011641443538998,4.074505238649592,17.229336437718278,10.48951048951049,27.057157045515602,38.59649122807017,59.823744460102525
3016,嘉晶,半導體,101.0,1.0000000000000009,549479350.855,True,50.39370078740157,45.19104084321476,41.17,2026-06-01,False,60.60606060606061,-2.8846153846153846,-0.019877007679276436,66.22950819672131,4.07,61.35040745052387,25.49476135040745,38.9988358556461,24.214202561117578,50.23310023310024,40.05826149015905,68.0701754385965,57.035006024957625
2834,臺企銀,本國銀行,17.0,-1.449275362318836,543162499.8399999,True,47.95918367346938,47.299077733860344,-7.72,2026-06-01,False,44.44444444444444,1.4925373134328357,-0.22822230170242802,93.15068493150685,-14.620000000000001,45.401629802095464,45.28521536670547,2.0954598370197903,87.77648428405122,12.470862470862471,38.605930352146885,8.654970760233919,49.13696736991878
6197,佳必琪,電子零組件,315.0,0.4784688995215225,537692806.4,True,93.98496240601504,8.72859025032938,45.21,2026-06-01,False,14.802631578947366,0.8,-0.06641715245590071,84.33734939759037,14.46,13.562281722933644,42.258440046565774,20.954598370197903,68.91734575087311,75.4079254079254,44.22011825969916,70.99415204678363,52.80383486850615
6472,保瑞,藥,416.0,-1.538461538461533,536410957.95,True,91.13856068743287,11.6600790513834,39.22,2026-06-01,False,10.869565217391305,-2.0023557126030624,-0.006573512445293784,55.46666666666666,21.906666666666666,9.545983701979045,28.987194412107105,44.81955762514552,7.450523864959255,84.84848484848484,35.13034889053515,66.54970760233918,38.63975518929259
4904,遠傳,通信網路,104.0,1.4634146341463428,536165256.475,True,53.86680988184748,42.490118577075094,15.9,2026-06-01,False,51.92307692307693,2.9702970297029703,0.16687253397775725,92.44444444444444,2.243333333333334,53.14318975552968,52.386495925494756,93.36437718277067,86.26309662398137,43.70629370629371,65.77269063881404,38.12865497076024,56.28711135619413
6409,旭隼,電子零組件,965.0,-3.9800995024875663,531380774.25,True,61.43931256713212,36.56126482213439,5.72,2026-06-01,False,60.526315789473685,0.20768431983385255,0.001419268827677222,74.8062015503876,8.01,61.23399301513388,38.882421420256115,48.894062863795114,46.79860302677532,62.47086247086248,51.65598855936459,23.04093567251462,48.04777757354192
5880,合庫金,金融控股,26.65,1.330798479087436,530543975.09,True,46.18689581095596,48.5836627140975,-8.4,2026-06-01,False,92.3076923076923,0.18796992481201938,0.06638589796320213,96.55797101449274,-39.89,92.54947613504075,38.766006984866124,73.69033760186264,93.24796274738067,4.662004662004662,60.58315762623097,8.187134502923977,63.80464160011982
3035,智原,半導體,179.5,-2.7100271002710064,514561040.45,True,93.82384532760473,8.992094861660078,26.57,2026-06-01,False,17.424242424242426,4.664723032069971,0.07060665905644004,77.03862660944206,47.11,16.647264260768335,58.55646100116414,74.73806752037252,51.10593713620489,94.63869463869464,59.13728491144091,51.92982456140351,40.28164123930315
8103,瀚荃,電子零組件,122.5,0.4098360655737654,512552202.725,True,92.53490870032223,10.342555994729906,45.04,2026-06-01,False,19.078947368421055,55.6543837357052,0.012354655618769077,95.703125,15.376666666666662,18.39348079161816,98.48661233993015,54.13271245634459,92.43306169965075,77.03962703962704,68.09709886543413,70.87719298245614,45.80428078344872
8096,擎亞,電子通路,104.5,-4.5662100456621,511196820.05,True,75.72663000785546,25.559947299077734,433.49,2026-06-01,False,21.153846153846153,-19.305019305019304,-0.03453865220704852,61.6519174041298,230.37333333333333,20.779976717112923,1.8626309662398137,32.13038416763679,15.133876600698487,98.95104895104895,33.77158348054739,98.3625730994152,58.1034488627467
6691,洋基工程,電子設備,619.0,1.976935749588149,510446639.1,True,53.93457117595049,42.42424242424242,115.19,2026-06-01,False,67.53246753246754,-11.318051575931232,-0.20281292423521513,77.66624843161857,27.10666666666667,68.45168800931314,8.149010477299184,3.3760186263096625,53.08498253783469,89.39393939393939,44.49112780893921,91.69590643274854,76.2708916256493
1727,中華化,其他化學,94.7,0.5307855626327074,504226869.26500005,True,80.92592592592592,20.88274044795784,19.24,2026-06-01,False,18.75,28.146143437077125,0.04774506217164729,90.622009569378,-4.219999999999999,18.160651920838184,93.13154831199068,68.10244470314319,81.83934807916181,25.64102564102564,57.3750037312319,43.15789473684211,37.506586606212856
2465,麗臺,電腦及週邊,99.2,-5.52380952380952,499685554.0450001,True,61.57718120805369,36.49538866930172,543.89,2026-06-01,False,33.89830508474576,15.617715617715625,0.031062801850066196,94.47619047619048,258.88,34.57508731082654,83.58556461001164,62.74738067520372,90.45401629802096,99.18414918414918,74.10923961564241,98.71345029239767,60.03924732280838
1402,遠東新,人纖,29.15,0.1718213058419238,497984754.4599999,True,16.595059076262082,73.71541501976284,12.06,2026-06-01,False,77.77777777777779,9.176029962546814,0.34536561153241485,96.04612850082371,-3.2200000000000006,78.8707799767171,73.10826542491269,99.65075669383003,92.78230500582072,28.554778554778554,74.59337713121182,32.280701754385966,57.70638032800278
6640,均華,電子設備,1250.0,3.305785123966931,497377825.4,True,83.72717508055854,18.57707509881423,0.33,2026-06-01,False,35.064935064935064,37.362637362637365,-0.038725313347887036,71.02272727272727,-32.76666666666667,35.85564610011641,96.15832363213038,30.73341094295693,36.08847497089639,5.477855477855478,40.86274222479112,17.076023391812868,23.215455207673823
4966,譜瑞-KY,半導體,569.0,-1.7271157167530249,482939775.65,True,22.771213748657356,68.05006587615283,12.23,2026-06-01,False,82.57575757575758,-7.9288025889967635,-0.05848925616335165,65.40229885057471,9.026666666666667,82.77066356228173,13.271245634458673,23.28288707799767,22.700814901047732,64.91841491841492,41.38880521884015,32.631578947368425,56.207952944059805
6715,嘉基,電子零組件,320.0,-6.295754026354317,482667745.125,True,96.26682986536107,5.533596837944664,-9.2,2026-06-01,False,9.868421052631579,-13.862718707940779,-0.020784277063441606,56.239015817223205,6.39666666666667,8.614668218859139,5.122235157159487,38.53317811408615,7.799767171129219,58.624708624708624,23.73891145718852,7.719298245614035,29.75287461961073
4749,新應材,其他化學,776.0,-1.3977128335451061,474496813.35,True,9.669211195928753,79.2490118577075,24.61,2026-06-01,False,75.0,-2.2670025188916876,-0.029732016696091122,66.04255319148936,17.063333333333333,75.90221187427241,27.59022118742724,34.342258440046564,23.864959254947614,79.25407925407926,48.19074600215462,49.35672514619883,55.38341877199791
4763,材料*-KY,其他化學,50.3,-2.3300970873786464,466139338.9549999,True,44.3609022556391,50.461133069828726,-10.11,2026-06-01,False,43.75,3.818369453044364,0.0678115685035864,70.44817927170868,14.663333333333338,43.88824214202561,55.878928987194406,74.27240977881257,34.69150174621653,75.75757575757575,56.89773168236498,6.783625730994151,32.371110158010474
3498,陽程,電子設備,194.0,-3.7220843672456594,465245565.7,True,31.384015594541907,60.80368906455863,50.69,2026-06-01,False,75.32467532467533,71.68141592920354,0.07274369147976444,95.33169533169533,-34.510000000000005,76.36786961583236,99.41792782305005,75.55296856810244,91.61816065192085,5.361305361305361,69.66364640404221,74.85380116959064,60.85547590357345
3357,臺慶科,電子零組件,214.0,2.392344497607657,461898770.55,True,81.51840490797547,20.28985507246377,57.44,2026-06-01,False,34.868421052631575,1.9047619047619049,-0.0818549882140296,61.49425287356321,20.563333333333333,35.62281722933644,47.147846332945285,16.763678696158323,14.90104772991851,83.7995337995338,39.64698475757847,78.12865497076024,45.37616839926748
2428,興勤,電子零組件,260.0,3.792415169660668,459953558.325,True,92.69602577873255,10.276679841897234,46.62,2026-06-01,False,18.421052631578945,13.785557986870897,-0.12766203516528896,75.69141193595343,14.716666666666661,17.694994179278233,80.79161816065192,10.011641443538998,48.19557625145518,75.990675990676,46.53690120512007,72.046783625731,39.28643397395312
9921,巨大,其他,98.9,-2.5615763546797954,456616611.15500003,True,92.16018048505357,10.67193675889328,15.98,2026-06-01,False,8.333333333333332,16.21621621621623,0.1852895196521938,88.69955156950672,9.766666666666666,6.926658905704307,84.28405122235158,94.76135040745052,78.46332945285215,67.24941724941725,66.33696144755517,38.47953216374269,34.8963673249869
2912,統一超,百貨批發,216.0,-0.4608294930875556,455784767.35,True,2.2556390977443606,86.6600790513834,6.31,2026-06-01,False,84.21052631578947,-2.4830699774266365,0.0726604741559012,84.70588235294117,0.8233333333333341,84.74970896391153,26.891734575087312,75.43655413271246,70.19790454016298,38.6946386946387,59.19410818130259,23.859649122807017,62.97888201294856
1709,和益,清潔劑,34.0,-2.857142857142858,448370592.6,True,65.0375939849624,33.46508563899868,70.14,2026-06-01,False,40.0,29.77099236641222,0.041126764264248196,91.64420485175202,43.870000000000005,40.33760186263097,93.59720605355064,65.8905704307334,84.0512223515716,94.05594405594405,75.58650895088613,83.85964912280703,53.662816820864734
3135,凌航,半導體,173.0,-1.7045454545454586,439983550.625,True,3.435114503816794,84.58498023715416,150.02,2026-06-01,False,90.9090909090909,-1.9830028328611897,-0.028851577327855406,66.41074856046065,-180.75333333333336,91.32712456344588,29.220023282887077,34.69150174621653,24.912689173457508,1.7482517482517483,36.37991810285176,93.91812865497076,70.23447977724678
2801,彰銀,本國銀行,26.6,3.5019455252918386,436625644.375,True,44.951664876476904,49.70355731225297,9.51,2026-06-01,False,66.66666666666666,12.47357293868923,0.03833749118998175,100.0,-4.789999999999999,67.34575087310827,78.1140861466822,65.42491268917345,98.19557625145518,24.592074592074592,66.73448011049875,28.538011695906434,53.99131316844692
6176,瑞儀,光電及I/O,91.9,-0.43336944745394623,434914943.55,True,79.35309973045823,22.397891963109355,-15.03,2026-06-01,False,30.666666666666664,5.389908256880737,-0.07736555551786954,63.81944444444445,-3.2733333333333317,30.849825378346914,61.35040745052387,18.277066356228172,19.32479627473807,28.321678321678323,31.62475475630307,4.56140350877193,23.346404427833264
1476,儒鴻,成衣,313.0,-0.31847133757961776,432672041.975,True,0.21482277121374865,95.0592885375494,14.42,2026-06-01,False,91.30434782608695,-11.830985915492958,-0.15792244085481272,69.24778761061947,10.63,91.85098952270081,7.450523864959255,6.402793946449361,31.199068684516877,68.997668997669,41.180209003259066,35.55555555555556,62.7887724744535
5434,崇越,電子通路,538.0,0.5607476635514086,425558433.45,True,98.06659505907626,3.7549407114624502,32.86,2026-06-01,False,3.8461538461538463,5.078125,-0.07157542643621523,90.26845637583892,10.23,2.3864959254947613,60.53550640279395,19.441210710128058,80.67520372526194,67.94871794871796,46.19742694247933,60.4093567251462,45.73388749327724
6265,方土昶,電子通路,54.2,-2.8673835125447966,424944149.25500005,True,0.0,98.5836627140975,1209.51,2026-06-01,False,98.07692307692307,5.653021442495138,0.03243745079976714,84.82003129890454,152.2833333333333,97.0314318975553,61.9324796274738,62.9802095459837,70.43073341094296,98.25174825174825,78.1253205467408,99.41520467836257,76.23622258984675
1477,聚陽,成衣,196.5,0.25510204081633514,424035432.775,True,3.7593984962406015,83.99209486166008,0.53,2026-06-01,False,73.91304347826086,-12.666666666666668,-0.2304264836221635,58.050221565731164,-6.003333333333334,74.73806752037252,6.519208381839348,1.979045401629802,9.662398137369035,20.97902097902098,22.775548084046342,17.42690058479532,48.82703946517438
6207,雷科,電子設備,111.0,0.4524886877828038,419794601.53000003,True,95.70354457572503,6.324110671936759,-2.51,2026-06-01,False,7.792207792207792,6.220095693779904,0.01089817373336877,67.06948640483384,-12.8,6.519208381839348,63.91152502910361,53.317811408614666,25.960419091967402,13.752913752913754,32.69237553288775,12.748538011695906,20.329160114099764
8027,鈦昇,電子設備,181.5,-0.27472527472527375,415280903.65,True,96.23259623259624,5.665349143610013,58.48,2026-06-01,False,6.493506493506493,-0.819672131147541,0.006588068941082445,61.94539249146758,-16.023333333333333,4.889406286379511,34.807916181606515,51.222351571594885,15.48311990686845,11.888111888111888,23.65818116691225,78.83040935672516,41.09875484209165
2312,金寶,電腦及週邊,32.85,-0.9049773755656076,409838412.6750001,True,47.616279069767444,47.62845849802372,32.7,2026-06-01,False,47.45762711864407,2.6562500000000044,0.08944902548591573,75.69124423963135,25.663333333333334,48.428405122235155,50.291036088474975,80.20954598370199,48.07916181606519,88.11188811188812,63.02400742447308,59.94152046783626,51.53951282941541
6834,天二科技,電子零組件,94.0,1.9522776572667988,395099060.475,True,32.59668508287293,59.94729907773386,66.46,2026-06-01,False,81.57894736842105,3.070175438596488,0.017582807691028882,71.21212121212122,13.999999999999993,82.18859138533178,52.852153667054715,56.22817229336437,36.554132712456344,74.24242424242425,60.413094860126286,82.57309941520468,62.11591746148452
4764,雙鍵,其他化學,231.5,-3.541666666666665,392846560.825,True,61.66666666666667,36.29776021080369,22.36,2026-06-01,False,25.0,-11.302681992337165,-0.021145342671717596,63.5116598079561,-6.230000000000004,24.738067520372525,8.265424912689173,38.41676367869616,18.277066356228172,20.396270396270396,22.018718572851284,46.783625730994146,45.38333367372642
1597,直得,機械,155.0,4.377104377104368,392723267.4,True,73.95273899033297,27.140974967061926,45.25,2026-06-01,False,14.705882352941178,12.727272727272727,-0.032552090226292935,70.13574660633483,-10.616666666666667,13.38766006984866,78.81257275902212,33.061699650756694,34.109429569266595,15.5011655011655,34.974505510011916,71.11111111111111,34.94890699780106
2316,楠梓電,印刷電路板,155.0,-4.024767801857587,387888795.3,True,43.87755102040816,50.790513833992094,27.83,2026-06-01,False,83.72093023255815,-2.8213166144200628,-0.0454861111038937,66.09808102345416,-19.236666666666665,84.28405122235158,25.84400465657741,28.52153667054715,24.09778812572759,9.906759906759907,34.530828116392726,53.918128654970765,59.11399083661813
2542,興富發,建設,48.55,1.2513034410844615,383776934.69499993,True,28.302900107411382,62.97760210803689,16.47,2026-06-01,False,62.06896551724138,10.215664018161181,0.2883149349787555,99.48770491803278,-2052.976666666667,62.514551804423746,74.50523864959256,98.60302677532013,95.92549476135041,0.34965034965034963,66.37959246806744,39.64912280701755,55.89598268079979
2458,義隆,半導體,133.0,-2.9197080291970767,383531007.9,True,24.704618689581096,66.00790513833992,7.13,2026-06-01,False,80.3030303030303,-17.133956386292834,-0.2673028699252589,70.37037037037037,1.4500000000000002,81.49010477299186,3.026775320139697,1.0477299185098952,34.57508731082654,40.20979020979021,32.06989750645164,25.6140350877193,59.663112962849496
3265,台星科,半導體,176.5,-1.1204481792717047,381959756.775,True,88.93662728249194,13.768115942028986,3.58,2026-06-01,False,25.757575757575758,13.504823151125404,0.060476793880813534,91.21447028423772,-17.596666666666664,25.72759022118743,80.20954598370199,72.40977881257275,83.35273573923166,10.839160839160838,54.507762319170936,20.58479532163743,37.36389382458864
1409,新纖,人纖,24.55,-3.15581854043393,377487189.06499994,True,53.11493018259935,42.95125164690382,13.44,2026-06-01,False,44.44444444444444,8.628318584070794,-0.08485969136657641,77.44479495268139,-11.100000000000003,45.401629802095464,72.17694994179278,16.298020954598368,52.61932479627474,15.034965034965033,40.30617810594528,34.03508771929825,39.969773093968925
5388,中磊,通信網路,75.6,-1.5625,372849632.93999994,True,40.33297529538131,53.42555994729907,70.83,2026-06-01,False,63.46153846153846,-17.467248908296945,-0.43809490912633337,71.65876777251185,2.056666666666672,63.91152502910361,2.6775320139697323,0.23282887077997672,37.60186263096624,42.773892773892776,29.439528263742467,83.9766081871345,70.70311595830864
6282,康舒,電子零組件,44.0,-1.1235955056179803,371091710.10999995,True,66.16541353383458,32.47694334650856,28.28,2026-06-01,False,52.63157894736842,-8.333333333333332,-0.08268893239219537,62.14689265536724,-1.4133333333333304,53.95809080325961,11.990686845168801,16.530849825378347,16.065192083818395,32.16783216783217,26.142530345091462,54.385964912280706,53.10464023854748
3005,神基,電子零組件,115.0,-0.8620689655172376,369048640.075,True,61.1170784103115,36.85770750988142,28.59,2026-06-01,False,61.18421052631579,0.0,0.04743127291721464,70.33639143730886,11.260000000000002,61.9324796274738,37.951105937136205,67.98603026775321,34.342258440046564,70.16317016317016,54.47500888711598,54.50292397660819,53.20663902674808
8932,智通*,資訊服務,91.4,0.6607929515418665,367012205.63500005,True,29.03575297941495,62.582345191040844,-3.5,2026-06-01,False,46.666666666666664,-8.048289738430583,0.027897078239832066,37.846790890269155,-12.586666666666668,47.61350407450524,12.572759022118744,60.65192083818394,1.0477299185098952,13.986013986013987,27.174385567866363,11.929824561403509,37.00457488307497
9914,美利達,其他,79.3,-2.0987654320987703,366981361.28499997,True,55.08945095619988,41.436100131752305,-5.51,2026-06-01,False,33.33333333333333,1.277139208173691,0.02477159289431121,70.17699115044248,-5.013333333333333,33.81839348079162,44.121071012805594,59.37136204889406,34.22584400465657,23.776223776223777,39.06257886467433,10.292397660818715,33.553891033365325
6206,飛捷,電腦及週邊,138.5,0.36231884057971175,361508601.525,True,60.63372717508055,37.417654808959156,26.29,2026-06-01,False,38.983050847457626,-6.418918918918918,0.02390775412215217,87.65822784810126,-12.376666666666665,39.34807916181606,17.694994179278233,59.25494761350407,76.0186263096624,14.219114219114218,41.307152296675,51.578947368421055,62.31266466515532
4916,事欣科,電腦及週邊,97.3,-3.184079601990053,359985767.37499994,True,29.20984455958549,62.38471673254282,80.52,2026-06-01,False,69.49152542372882,-6.88995215311005,-0.06430409662504527,78.15261044176707,2.1566666666666663,70.19790454016298,16.41443538998836,21.42025611175786,53.89988358556461,43.240093240093245,41.03451457351341,86.66666666666667,73.58750485060148
2436,偉詮電,半導體,65.2,-2.5411061285500747,357892294.1750001,True,1.1815252416756177,89.59156785243742,18.28,2026-06-01,False,93.93939393939394,6.885245901639349,0.03792446467822758,80.99378881987577,-6.676666666666666,94.0628637951106,66.58905704307334,65.07566938300349,59.48777648428405,19.46386946386946,60.93584723386819,41.52046783625731,57.12051276814465
7828,創新服務,電子設備,1930.0,9.659090909090917,356648521.75,True,30.107526881720432,61.72595520421608,255.83,2026-06-01,False,76.62337662337663,10.285714285714285,0.06725227506227334,83.01075268817203,-10611.286666666667,77.53201396973225,74.85448195576252,73.80675203725262,65.65774155995344,0.2331002331002331,58.41681795116021,96.60818713450293,66.23586517710652
3022,威強電,電腦及週邊,95.9,6.084070796460184,355380798.485,True,80.82706766917293,21.080368906455863,79.97,2026-06-01,False,18.64406779661017,-1.741803278688513,0.03809044214431223,84.86725663716814,23.75333333333333,17.927823050058205,30.61699650756694,65.19208381839347,70.66356228172293,87.17948717948718,54.31599056744575,86.4327485380117,61.10178434055647
1102,亞泥,水泥製造,35.1,0.28571428571428914,354143190.98249996,True,13.426423200859292,75.8893280632411,-2.21,2026-06-01,False,71.42857142857143,7.668711656441718,0.17653832413146192,90.0,2.003333333333334,72.35157159487777,68.56810244470314,94.0628637951106,80.09313154831199,42.54079254079254,71.52329238475922,13.567251461988302,49.36096304011873
1503,士電,電機製品,207.5,0.728155339805836,351745314.725,True,68.04511278195488,31.357048748353094,-10.58,2026-06-01,False,30.0,5.063291139240507,0.10456293269477189,77.42537313432835,-20.68,30.151338766006987,60.41909196740396,83.46915017462166,52.50291036088475,9.207459207459207,47.149990095275314,6.081871345029239,32.07925712612925
1714,和桐,清潔劑,16.65,-4.034582132564857,346673289.55999994,True,17.75180856983862,72.5296442687747,73.41,2026-06-01,False,60.0,12.88135593220338,-0.04418398489229104,73.18681318681318,-3.2466666666666697,60.65192083818394,79.16181606519208,28.754365541327125,42.9569266589057,28.438228438228435,47.99265150836746,85.14619883040936,52.39830756557673
6291,沛亨,半導體,456.5,3.750000000000009,345518375.525,True,61.61971830985915,36.36363636363637,52.99,2026-06-01,False,50.75757575757576,20.13157894736842,-0.06708296054191325,67.23122238586157,15.920000000000002,52.50291036088475,88.70779976717112,20.60535506402794,26.30966239813737,77.85547785547784,53.196241089139804,76.37426900584795,41.61976049942473
2399,映泰,電腦及週邊,47.3,2.6030368763557465,340968033.88,True,16.376663254861825,73.91304347826086,-10.32,2026-06-01,False,77.96610169491525,20.203303684879277,0.02659991257221302,86.0,-30.26,79.39464493597205,88.82421420256111,59.837019790454015,72.75902211874272,6.0606060606060606,61.375101421667196,6.666666666666667,42.499029879705084
2388,威盛,半導體,81.4,6.54450261780104,338381633.1050001,True,37.011779293242405,56.65349143610013,34.01,2026-06-01,False,75.75757575757575,-1.9277108433734873,-0.013475121032973967,92.5,-34.943333333333335,76.83352735739231,29.68568102444703,42.258440046565774,86.67054714784634,5.244755244755245,48.13859016420135,62.10526315789474,73.98091415967158
6753,龍德造船,機車船製造,137.5,-1.0791366906474864,333184166.025,True,0.0,98.5836627140975,33.41,2026-06-01,False,96.15384615384616,2.6119402985074625,-0.041508580915973155,67.56756756756756,-3.2033333333333402,95.9837019790454,50.05820721769499,29.452852153667052,26.949941792782305,28.671328671328673,46.22320636290368,60.93567251461989,58.452777267188154
6526,達發,半導體,635.0,-1.7027863777089758,333081018.5,True,41.69054441260745,52.43741765480896,14.4,2026-06-01,False,71.21212121212122,0.4746835443037975,0.022000667299995936,84.32934926958832,0.5333333333333332,72.06053550640279,40.27939464493598,57.741559953434226,68.80093131548311,37.76223776223776,55.32893183649877,35.43859649122807,59.005167167044505
4973,廣穎,半導體,149.5,-1.320132013201325,327973564.425,True,10.37079953650058,78.26086956521739,197.3,2026-06-01,False,88.63636363636364,1.0135135135135136,-0.018919390011112036,71.19047619047619,33.77000000000001,89.17345750873108,43.07334109429569,39.58090803259604,36.43771827706635,91.72494172494171,59.99807332752617,95.08771929824562,69.40638849743684
6121,新普,電子零組件,397.0,-1.7326732673267342,326852488.1,True,41.03114930182599,52.89855072463768,11.5,2026-06-01,False,76.97368421052632,6.577181208053691,0.2022854544518523,84.91978609625669,4.8500000000000005,78.1140861466822,65.54132712456344,95.34342258440046,70.77997671711293,52.7972027972028,72.51520307399237,30.994152046783626,53.58672194650383
3023,信邦,電子零組件,340.0,3.0303030303030276,320562317.65,True,79.43071965628357,22.266139657444008,17.59,2026-06-01,False,36.18421052631579,6.918238993710692,0.12122072658032634,100.0,0.8933333333333309,36.554132712456344,66.70547147846332,87.07799767171129,98.19557625145518,38.92773892773892,65.49218340836501,41.05263157894737,52.274217266098894
3673,TPK-KY,光電及I/O,65.5,-2.238805970149249,320173077.33000004,True,12.996777658431794,76.31752305665349,7.03,2026-06-01,False,73.33333333333333,6.331168831168829,0.002431633443526027,69.68085106382979,3.6100000000000003,73.86495925494762,64.49359720605355,49.0104772991851,32.71245634458673,48.83449883449884,53.78319778785436,25.380116959064324,41.86598383813628
6166,凌華,電腦及週邊,121.5,3.8461538461538547,319402561.625,True,14.29372197309417,75.36231884057972,25.89,2026-06-01,False,79.66101694915254,-12.589928057553957,-0.07792947280780155,72.97297297297297,-30.279999999999994,80.79161816065192,6.752037252619325,17.81140861466822,42.49126891734576,5.944055944055944,30.758077777868237,51.11111111111111,66.91049023412236
2385,群光,光電及I/O,110.5,0.9132420091324311,315380447.95,True,68.90440386680989,30.96179183135705,-5.48,2026-06-01,False,41.333333333333336,6.25,0.21335811063442559,75.42662116040955,3.1499999999999986,41.55995343422585,64.20256111757858,95.92549476135041,47.72991850989523,46.620046620046615,59.20759488861934,10.409356725146198,33.87416688792217
3413,京鼎,電子設備,282.5,-1.0507880910682998,314861251.35,True,58.80773361976369,38.998682476943344,39.75,2026-06-01,False,64.93506493506493,-12.130637636080872,-0.18803042560506555,73.95287958115183,18.826666666666668,65.30849825378347,7.1012805587892895,4.423748544819558,45.16880093131548,81.58508158508158,40.717481974757874,67.01754385964912,67.5983906214897
2347,聯強,電子通路,88.0,0.686498855835227,313422246.43,True,68.31364124597206,31.225296442687743,135.45,2026-06-01,False,28.846153846153843,-9.371781668383104,0.07856303942550581,90.62821833161689,19.44999999999999,29.161816065192088,9.545983701979045,77.76484284051223,81.9557625145518,82.16783216783216,56.119247458013454,93.09941520467837,73.6677525206108
5386,青雲,電子通路,258.5,-7.014388489208634,310549446.575,True,0.4833512352309345,92.91831357048748,442.3,2026-06-01,False,92.3076923076923,0.3883495145631068,-0.052312311429292914,43.59190556492412,22.183333333333394,92.54947613504075,39.81373690337602,25.49476135040745,1.979045401629802,85.3146853146853,49.030341021027866,98.47953216374269,63.2985791992593
3563,牧德,電子設備,693.0,-2.3943661971830954,309309358.45,True,74.11385606874329,27.009222661396574,15.62,2026-06-01,False,50.649350649350644,1.167883211678832,0.03547004214585225,72.41379310344827,7.449999999999999,52.15366705471478,43.77182770663563,64.26076833527358,40.62863795110594,61.53846153846154,52.47067251723829,37.77777777777778,46.697063769240714
5876,上海商銀,本國銀行,46.3,2.094818081587646,307423753.61,True,25.349087003222344,65.15151515151516,-4.39,2026-06-01,False,100.0,4.869762174405433,0.14903211916285333,98.51063829787233,-2.3066666666666666,99.35972060535507,59.60419091967404,91.38533178114086,95.34342258440046,30.885780885780882,75.31568935527027,11.228070175438596,61.58175561138002
3030,德律,電子設備,284.0,-1.559792027729634,304708842.3,True,84.31793770139635,18.115942028985508,0.43,2026-06-01,False,33.76623376623377,-4.53781512605042,-0.033519202179272685,67.69964243146603,-25.466666666666665,34.458672875436555,21.187427240977883,32.47962747380676,27.357392316647267,7.459207459207459,24.588465473215187,17.192982456140353,39.45540510181157
4541,晟田,機車船製造,61.2,-5.5555555555555465,301467714.86999995,True,1.4297061159650517,88.73517786561264,58.68,2026-06-01,False,84.61538461538461,-7.272727272727268,-0.056366635463081,80.84544253632761,20.836666666666666,85.21536670547147,15.250291036088475,23.864959254947614,59.022118742724096,84.26573426573427,53.52369400099319,79.06432748538012,77.0128804743718
8016,矽創,半導體,293.5,-0.5084745762711895,297872981.6,True,59.29108485499462,38.405797101449274,26.61,2026-06-01,False,53.78787878787878,0.3418803418803419,0.02741079531447691,80.85399449035813,-7.960000000000001,55.06402793946449,39.46449359720605,60.30267753201397,59.13853317811408,17.94871794871795,46.38369003910331,52.397660818713454,56.78393208477149
1718,中纖,石化,10.6,-1.85185185185186,297232750.90450007,True,64.33224755700326,34.05797101449276,1.92,2026-06-01,False,31.57894736842105,6.1061061061061,-0.03377509011010202,69.73684210526316,-3.1766666666666667,31.955762514551804,63.67869615832363,32.36321303841677,32.9452852153667,28.904428904428904,37.969477166217565,18.128654970760234,29.837751635588777
8064,東捷,電子設備,112.0,7.177033492822971,295555221.1,True,64.79532163742691,33.72859025032938,15.95,2026-06-01,False,61.038961038961034,7.6923076923076925,0.03904866231840545,64.92753623188405,5.953333333333333,61.69965075669383,68.74272409778813,65.77415599534342,21.536670547147846,56.993006993006986,54.94924167799604,38.3625730994152,38.21404257636719
3388,崇越電,電子通路,90.5,-0.5494505494505475,291992245.755,True,74.2749731471536,26.745718050065875,18.97,2026-06-01,False,25.0,23.63387978142076,-0.041766325565906794,74.79338842975206,-6.023333333333337,24.738067520372525,90.45401629802096,29.336437718277065,46.682188591385334,20.862470862470865,42.414636198105356,42.86549707602339,30.95793422244007
6449,鈺邦,電子零組件,237.5,5.555555555555558,291488929.225,True,74.75832438238453,26.284584980237153,23.29,2026-06-01,False,43.42105263157895,3.485838779956427,-0.10200811056464251,51.295896328293736,2.669999999999998,43.655413271245635,54.59837019790454,13.853317811408614,5.005820721769499,45.10489510489511,32.44356342144468,48.07017543859649,35.53325980842677
5608,四維航,海運,17.2,4.2424242424242475,277733215.9775,True,99.2,2.437417654808959,21.83,2026-06-01,False,9.090909090909092,29.811320754716974,-0.006470123335636786,82.89156626506023,10.283333333333331,7.625145518044238,93.71362048894063,45.0523864959255,65.19208381839347,68.18181818181817,55.953010900624406,46.4327485380117,31.38408934637719
6525,捷敏-KY,半導體,138.0,0.7299270072992803,277251029.125,True,95.43501611170784,6.752305665349144,19.84,2026-06-01,False,7.575757575757576,2.2222222222222223,-0.03885214612894854,62.44343891402715,0.8133333333333326,5.9371362048894065,48.77764842840512,30.61699650756694,16.763678696158323,38.578088578088575,28.134709683021676,43.74269005847953,29.416464132780533
5340,建榮,印刷電路板,79.2,-3.5322777101096103,274891368.90500003,True,8.539205155746508,79.84189723320159,25.75,2026-06-01,False,95.34883720930233,4.623513870541611,-0.00132673224071347,59.1044776119403,5.510000000000002,95.11059371362049,58.207217694994185,47.49708963911525,11.175785797438882,55.361305361305355,53.47039844129483,50.64327485380117,49.680609167466585
3141,晶宏,半導體,102.5,3.015075376884413,273865218.255,True,51.81975736568457,43.807641633728586,10.85,2026-06-01,False,57.57575757575758,37.768817204301065,0.051012722620196495,100.0,-2.5666666666666664,58.67287543655413,96.50756693830034,69.0337601862631,98.19557625145518,29.953379953379955,70.47263175319054,30.0,47.59022118742725
8155,博智,印刷電路板,348.5,-5.555555555555558,268129220.45,True,71.9656283566058,29.084321475625824,31.9,2026-06-01,False,67.44186046511628,19.554030874785592,-0.089315875578533,76.34173055859803,1.6166666666666671,68.33527357392316,88.0093131548312,15.832363213038416,49.359720605355065,40.909090909090914,52.48915229124775,58.94736842105262,47.15826236137491
6829,千附精密,電子設備,243.5,0.2057613168724215,262563072.85,True,93.30275229357798,9.683794466403162,69.4,2026-06-01,False,19.480519480519483,29.521276595744684,0.038542381693022806,87.58992805755396,24.46666666666667,18.742724097788127,93.48079161816065,65.54132712456344,75.66938300349243,87.64568764568764,68.21598269793846,83.62573099415205,46.13926161931799
3675,德微,電子零組件,282.0,2.9197080291970767,262522694.275,True,89.04403866809882,13.570487483530963,29.99,2026-06-01,False,26.973684210526315,5.420560747663552,-0.06512693742751621,62.66666666666667,5.486666666666665,27.0081490104773,61.46682188591386,21.303841676367867,16.996507566938302,55.011655011655016,36.35739503027047,56.95906432748538,34.87422475474678
3033,威健,電子通路,43.95,-1.5677491601343685,258617173.18749994,True,27.28249194414608,63.83399209486166,54.45,2026-06-01,False,67.3076923076923,-8.05439330543932,-0.11108179749174929,79.04676258992806,21.970000000000006,68.0442374854482,12.456344586728754,12.572759022118744,55.9953434225844,84.96503496503497,46.806743896383026,77.07602339181287,72.16481492827918
6588,東典光電,通信網路,108.5,0.9302325581395321,251144136.66,True,99.10979228486647,2.7009222661396577,49.1,2026-06-01,False,1.9230769230769231,15.425531914893616,-0.007726610193172784,68.02507836990596,-72.53333333333333,0.989522700814901,83.1199068684517,44.23748544819557,27.706635622817227,3.0303030303030303,31.81677073411648,73.68421052631578,29.815115495374055
4542,科嶠,電子設備,283.5,-4.705882352941182,247781848.0,True,82.7710843373494,19.03820816864295,102.05,2026-06-01,False,37.66233766233766,-7.504078303425775,-0.06653319585744168,57.38866396761133,46.39,38.41676367869616,14.202561117578579,20.838183934807915,8.847497089639116,94.52214452214453,35.36543006857326,90.17543859649123,55.80928456181198
2103,台橡,橡膠原料,28.25,-0.17667844522968323,247335577.2125,True,19.402985074626866,70.94861660079052,40.24,2026-06-01,False,70.78877005347593,26.116071428571434,0.10184503565536784,98.09027777777779,9.513333333333332,71.47846332945285,92.20023282887078,82.88707799767171,95.11059371362049,66.66666666666666,81.6686069072565,67.36842105263158,60.43931131670853
6138,茂達,半導體,286.5,-0.520833333333337,246232577.325,True,65.35982814178303,33.26745718050066,11.1,2026-06-01,False,47.72727272727273,-1.0362694300518136,-0.09200985859334719,65.11363636363636,-2.3500000000000014,48.66123399301514,33.87660069848661,15.366705471478465,22.0023282887078,30.76923076923077,30.13521984418376,30.526315789473685,41.8283193431775
2812,台中銀,本國銀行,19.35,-0.2577319587628746,245304369.65750003,True,37.70139634801289,56.38998682476944,16.56,2026-06-01,False,77.77777777777779,2.9255319148936207,0.055016201533325364,83.58531317494602,-21.686666666666664,78.8707799767171,51.68800931315482,70.19790454016298,66.9383003492433,8.741258741258742,55.28725058410739,39.824561403508774,58.486408104078585
1711,永光,染料及顏料,42.3,-2.5345622119815725,245049350.20750004,True,99.64306960142773,1.251646903820817,15.49,2026-06-01,False,16.666666666666664,19.491525423728813,0.04177702712141221,68.2258064516129,7.6433333333333335,15.424912689173457,87.77648428405122,66.0069848661234,28.28870779976717,61.65501165501166,51.830420258825384,37.54385964912281,23.37024896350305
8050,廣積,電腦及週邊,56.4,0.0,242733835.55499998,True,41.890440386680986,52.206851119894594,143.6,2026-06-01,False,52.54237288135594,-13.097072419106325,-0.06408674935289702,81.73913043478261,93.13999999999999,53.783469150174625,6.053550640279394,21.653084982537834,61.23399301513388,97.2027972027972,47.985378998184586,93.6842105263158,75.66203051283622
9945,潤泰新,建設,28.45,0.5300353356890497,242305810.06749997,True,18.796992481203006,71.54150197628458,29.57,2026-06-01,False,77.58620689655173,7.765151515151518,0.0815409348867897,91.18589743589743,-23.879999999999995,78.34691501746217,69.15017462165308,78.34691501746217,83.23632130384168,7.6923076923076925,63.35452673054535,55.67251461988304,62.026394079883445
2915,潤泰全,百貨批發,57.6,0.6993006993006867,232025396.98499995,True,34.85499462943072,58.596837944664024,12.84,2026-06-01,False,42.10526315789473,11.196911196911206,0.10386643292571823,93.20388349514563,22.96333333333333,42.43306169965076,76.25145518044238,83.23632130384168,88.12572759022119,86.36363636363636,75.28204042755847,33.45029239766082,46.9394066267726
3596,智易,通信網路,159.5,-0.9316770186335366,231178270.6,True,17.078410311493016,73.18840579710145,3.96,2026-06-01,False,82.6923076923077,-14.933333333333335,-0.5066774808157305,68.45493562231759,0.8433333333333328,83.17811408614668,4.423748544819558,0.11641443538998836,29.103608847497092,38.81118881118881,31.12661494500843,20.93567251461988,57.19841172586102
1319,東陽,汽車組件,82.6,-0.48192771084337727,230868836.32000002,True,24.81203007518797,65.87615283267458,3.04,2026-06-01,False,66.66666666666666,13.30589849108366,0.2959405749506168,71.82608695652173,5.883333333333334,67.34575087310827,79.74388824214202,98.9522700814901,38.64959254947614,56.75990675990676,68.29028170122466,20.116959064327485,36.592103561192474
2006,東和鋼鐵,基本金屬,81.6,-1.330108827085863,230242950.91500002,True,38.42020419129501,55.86297760210803,9.01,2026-06-01,False,56.09756097560976,4.0816326530612095,0.15589537102780937,92.20338983050847,5.550000000000001,57.97438882421421,56.461001164144356,92.31664726426077,85.56461001164143,55.71095571095571,69.6055205950433,27.83625730994152,53.7285637454132
2476,鉅祥,電子零組件,121.0,-3.585657370517925,229815072.9,True,66.59505907626209,32.2463768115942,53.76,2026-06-01,False,51.973684210526315,-2.8112449799196786,-0.007856135651917198,88.97058823529412,11.39,53.317811408614666,25.960419091967402,44.121071012805594,78.69615832363212,70.3962703962704,54.498346046658035,76.84210526315789,70.72391397585932
4551,智伸科,汽車組件,171.5,3.3132530120481896,228840934.075,True,44.89795918367347,49.80237154150198,30.66,2026-06-01,False,52.77777777777778,3.625377643504532,-0.10986468168426954,60.815602836879435,5.399999999999999,54.13271245634459,55.06402793946449,12.805587892898721,13.38766006984866,54.54545454545454,37.9870885808022,57.54385964912281,42.500051058962896
5443,均豪,電子設備,112.5,0.44642857142858094,228224087.865,True,84.9624060150376,17.292490118577074,-10.09,2026-06-01,False,31.16883116883117,18.7961985216473,0.052003818961942117,81.81818181818183,-0.2833333333333332,31.548311990686845,86.61233993015134,69.38300349243306,61.9324796274738,35.31468531468531,56.958164071086074,6.900584795321637,28.442259120832738
1795,美時,藥,182.0,-1.0869565217391353,227887949.15,True,9.398496240601503,79.38076416337286,225.46,2026-06-01,False,58.69565217391305,-4.2105263157894735,0.045176076267806814,50.13774104683195,108.40666666666667,59.72060535506402,22.467986030267753,67.17112922002329,3.958090803259604,97.9020979020979,50.24398186214252,96.14035087719299,59.33776525131222
1608,華榮,電纜,36.5,-0.8152173913043348,226040865.8025,True,0.643915003219575,92.29249011857708,13.35,2026-06-01,False,90.9090909090909,9.281437125748509,0.17703447856196494,90.01233045622689,3.6099999999999994,91.32712456344588,73.45750873108265,94.17927823050059,80.20954598370199,48.717948717948715,77.57828124533596,33.91812865497076,57.99932261775899
8070,長華*,電子通路,50.5,-0.19762845849802257,223839848.60750002,True,93.90835579514825,8.827404479578393,32.82,2026-06-01,False,9.615384615384617,6.878306878306878,0.030132122147940255,77.3353751914242,3.716666666666665,8.20721769499418,66.47264260768335,62.398137369033755,52.03725261932479,49.184149184149184,47.65987989503706,60.11695906432749,38.47219669274078
4906,正文,通信網路,36.9,-0.13531799729364913,222658003.80749997,True,95.44836956521739,6.653491436100131,-5.24,2026-06-01,False,15.384615384615385,-1.9920318725099602,-0.08094931205782169,69.10112359550563,8.216666666666669,14.086146682188591,29.103608847497092,16.880093131548314,30.9662398137369,63.286713286713294,30.864560352336838,10.526315789473683,31.61877335947552
9958,世紀鋼,基本金屬,88.1,-2.436323366555926,217963726.24,True,0.0,98.5836627140975,64.09,2026-06-01,False,98.78048780487805,-17.663551401869164,-0.18992901703685608,50.34285714285714,22.360000000000007,98.0791618160652,2.5611175785797435,4.190919674039581,4.074505238649592,85.43123543123544,38.86738794771391,81.52046783625731,70.27825432809809
4566,時碩工業,汽車組件,63.9,-2.591463414634143,216396983.69999996,True,65.55555555555556,33.00395256916996,44.39,2026-06-01,False,41.66666666666667,-9.232954545454556,-0.033802894442345736,83.74836173001312,24.436666666666667,42.0256111757858,10.244470314318974,32.246798603026775,67.28754365541327,87.52913752913753,47.86671225553647,70.4093567251462,67.36951031050657
6933,AMAX-KY,電腦及週邊,317.0,-4.229607250755285,212550248.65,True,39.76608187134503,54.347826086956516,26.6,2026-06-01,False,55.932203389830505,91.54078549848943,0.14238066173748035,95.77039274924472,-23.383333333333326,57.741559953434226,99.53434225844005,90.33760186263096,92.54947613504075,7.925407925407925,69.61767762699077,52.22222222222223,50.74472901306429
2302,麗正,電子零組件,43.1,0.8187134502924076,211975145.97999996,True,76.0117302052786,25.296442687747035,45.71,2026-06-01,False,40.131578947368425,1.650943396226422,0.0032932946434205738,77.79783393501806,14.056666666666665,40.74505238649593,45.75087310826543,49.708963911525025,53.20139697322468,74.47552447552448,52.77636217100711,71.2280701754386,54.855911606723446
6005,群益證,證券,32.75,2.34375,211443724.34,True,4.189044038668099,83.33333333333334,101.2,2026-06-01,False,25.0,-6.025824964131998,-0.257975059472852,72.69700332963374,-84.91333333333334,24.738067520372525,18.62630966239814,1.3969732246798603,41.55995343422585,2.6806526806526807,17.800391304465812,90.05847953216374,59.43254770609099
2630,亞航,機車船製造,50.2,-1.1811023622047112,210120807.4725,True,70.44167610419026,29.64426877470356,-30.49,2026-06-01,False,7.6923076923076925,0.6012024048096278,-0.039971685794625365,74.04129793510326,-2.950000000000003,6.228172293364377,41.09429569266589,30.151338766006987,45.51804423748545,29.603729603729604,30.51911611865046,1.9883040935672516,28.160056232937798
2363,矽統,半導體,51.1,0.19607843137254832,209088411.995,True,90.96657633243,11.791831357048748,74.8,2026-06-01,False,23.484848484848484,-3.0360531309297936,-0.027772246573075633,67.1484888304862,-8.783333333333331,23.39930151338766,25.029103608847496,35.739231664726425,26.193247962747378,17.24941724941725,25.522060399825243,85.6140350877193,52.54437023875171
8110,華東,半導體,43.55,-2.572706935123059,205208433.20499998,True,0.061804697156983925,96.31093544137023,16.26,2026-06-01,False,99.24242424242425,-5.3260869565217455,0.06779945203987191,49.48863636363636,-0.8199999999999967,98.37019790454016,19.557625145518045,74.15599534342259,3.608847497089639,34.4988344988345,46.03830007788098,39.1812865497076,55.40067670145484
3617,碩天,電子零組件,248.0,-0.40160642570281624,204705888.275,True,19.728660260033916,70.4874835309618,25.6,2026-06-01,False,90.13157894736842,7.127429805615551,0.0753155746641616,95.38461538461539,9.496666666666666,90.45401629802096,67.28754365541327,76.71711292200233,91.73457508731082,66.43356643356644,78.52536287926276,50.526315789473685,66.35684087984805
9939,宏全,塑膠製品,131.5,0.0,202907257.525,True,32.33082706766917,60.14492753623188,12.13,2026-06-01,False,60.026737967914436,-1.8656716417910446,0.14323442056259994,91.00346020761245,-0.033333333333333215,60.884749708963916,30.034924330616995,90.57043073341094,83.0034924330617,35.8974358974359,60.07820662069789,32.397660818713454,61.562744657530516
1810,和成,玻璃陶瓷,24.25,-1.6227180527383256,201793875.06500003,True,19.05071521456437,71.08036890645586,-11.91,2026-06-01,False,66.66666666666666,-2.6104417670682674,-0.0501741940709553,71.01024890190337,-3.6333333333333346,67.34575087310827,26.77532013969732,26.30966239813737,35.85564610011641,27.03962703962704,36.665201310137284,5.497076023391813,45.48078821422979
6944,兆聯實業,資源回收,696.0,-1.833568406205921,199951117.55,True,0.0,98.5836627140975,29.98,2026-06-01,False,95.65217391304348,-11.56289707750953,-0.22441704187350675,65.04672897196262,-6.783333333333335,95.51804423748544,8.032596041909198,2.3282887077997674,21.769499417927822,19.34731934731935,29.399149550488318,56.783625730994146,66.50964333612455
8926,台汽電,公用事業,57.5,2.131438721136769,199898048.64999998,True,3.22234156820623,84.8155467720685,1719.48,2026-06-01,False,66.66666666666666,-9.162717219589252,-0.15449366343231707,69.95133819951337,712.66,67.34575087310827,10.360884749708964,6.868451688009314,33.527357392316645,99.53379953379954,43.52724884738855,99.76608187134502,72.56957634676525
3305,昇貿,印刷電路板,111.0,-0.8928571428571397,199612174.125,True,35.5531686358754,57.80632411067194,76.0,2026-06-01,False,88.37209302325581,-0.4484304932735426,-0.06861132983996601,66.26865671641791,6.819999999999993,88.94062863795111,35.9720605355064,20.023282887077997,24.33061699650757,59.79020979020979,45.81135976945057,85.84795321637428,65.78678457883164
6693,廣閎科,半導體,181.5,4.9132947976878505,196498513.375,True,48.26762246117085,47.03557312252965,106.98,2026-06-01,False,62.878787878787875,6.451612903225806,-0.10347803314860933,65.64195298372513,4.36666666666666,63.67869615832363,64.95925494761352,13.62048894062864,23.39930151338766,51.39860139860139,43.411268591710964,90.87719298245615,53.24898392663848
2233,宇隆,汽車組件,168.5,-1.4619883040935644,195818268.95,True,87.8625134264232,14.888010540184455,7.58,2026-06-01,False,13.88888888888889,-24.776785714285715,-0.0196833576373258,44.167758846657925,1.96,12.689173457508732,0.6984866123399301,39.231664726426075,2.211874272409779,42.30769230769231,19.427778275275365,26.08187134502924,35.07110811565195
3048,益登,電子通路,53.4,-1.1111111111111183,195788752.70000002,True,48.488587291795184,46.9038208168643,60.1,2026-06-01,False,51.92307692307693,-8.404802744425384,-0.03050279421715692,71.01063829787233,12.090000000000003,53.14318975552968,11.641443538998836,33.87660069848661,35.9720605355064,72.02797202797203,41.332253311298714,79.64912280701755,64.2807323897637
4722,國精化,樹脂,200.5,-0.496277915632759,192807917.05,True,86.4124597207304,16.205533596837945,26.94,2026-06-01,False,21.428571428571427,-8.027522935779817,0.007542584886138699,65.41598694942904,19.116666666666667,21.362048894062863,12.689173457508732,51.45518044237486,22.81722933643772,81.93473193473193,38.05167281302322,52.98245614035088,46.11814022833568
2374,佳能,消費性電子,68.3,-2.5677603423680417,191456593.325,True,20.35830618892508,69.89459815546772,18.97,2026-06-01,False,89.47368421052632,-1.443001443001443,0.006719566486344129,63.83177570093458,-17.47,89.87194412107101,31.664726426076832,51.33876600698487,19.441210710128058,10.955710955710956,40.65447164399434,42.86549707602339,55.1284813702864
6548,長科*,半導體,75.2,1.7591339648173276,189835775.88,True,92.0754716981132,10.935441370223979,37.63,2026-06-01,False,21.21212121212121,1.0752688172042972,0.070456909027412,76.65647298674823,4.700000000000003,20.954598370197903,43.30616996507567,74.62165308498254,50.640279394644935,52.33100233100233,48.37074062918067,65.6140350877193,48.47568572187162
8464,億豐,五金及家具,373.5,0.26845637583892135,188209974.175,True,22.663802363050483,68.11594202898551,11.73,2026-06-01,False,75.0,-0.5326231691078562,0.044894656911663874,79.55271565495208,8.493333333333334,75.90221187427241,35.50640279394645,66.9383003492433,56.810244470314316,64.21911421911422,59.875254741378136,31.46198830409357,57.16701046368346
6530,創威,通信網路,98.2,-2.7722772277227747,185431427.16500002,True,88.45327604726101,14.262187088274045,8.41,2026-06-01,False,28.846153846153843,19.610231425091364,-0.03312661189752713,73.55805243445694,-8.876666666666665,29.161816065192088,88.12572759022119,32.71245634458673,44.121071012805594,17.016317016317018,42.227477605824525,27.251461988304094,28.10215536902015
5471,松翰,半導體,61.1,0.16393442622950616,184780161.165,True,70.9452201933405,29.446640316205535,47.67,2026-06-01,False,43.18181818181818,11.090909090909093,-0.007996271703601775,90.3846153846154,14.20666666666667,43.538998835855644,76.0186263096624,44.0046565774156,81.14086146682189,74.94172494172494,63.9289736262961,72.63157894736842,55.32320323509589
2851,中再保,產險,46.65,1.0834236186348933,183471866.9225,True,0.4296455424274973,93.18181818181817,1113.15,2026-05-01,False,80.0,33.28571428571428,0.09323551991099813,99.04458598726113,553.9733333333334,81.14086146682189,94.76135040745052,81.0244470314319,95.57625145518044,99.41724941724942,90.38403195562684,99.29824561403508,70.31350203214672
2466,冠西電,光電及I/O,97.2,-6.538461538461537,182766668.75000003,True,22.205882352941174,68.44532279314888,53.03,2026-06-01,False,68.0,0.9345794392523424,-0.03347426550163271,79.67213114754098,55.50666666666667,68.68451688009313,42.49126891734576,32.596041909196735,57.275902211874275,96.03729603729604,59.41700519116118,76.49122807017544,64.99009456119927
2889,國票金,金融控股,16.6,3.750000000000009,181504557.885,True,31.954887218045116,60.47430830039525,100.04,2026-06-01,False,100.0,8.143322475570045,0.17140785036713818,94.31818181818183,-1196.24,99.35972060535507,70.19790454016298,93.59720605355064,89.988358556461,0.6993006993006993,70.76849809096606,89.70760233918129,77.21444424020859
2425,承啟,電腦及週邊,37.9,0.6640106241699861,179281230.58249998,True,42.58343634116193,51.71277997364954,375.57,2026-06-01,False,50.847457627118644,-22.810590631364565,-0.052362383333818034,71.64461247637051,189.39666666666668,52.61932479627474,1.1641443538998837,25.378346915017463,37.36903376018626,98.71794871794873,43.04975970866541,98.12865497076024,71.73821729333034
6739,竹陞科技,電子設備,1135.0,1.3392857142857206,175907627.65,True,29.218106995884774,62.31884057971014,101.13,2026-06-01,False,77.92207792207793,8.61244019138756,-0.0221440228508879,66.37426900584795,0.9299999999999926,79.27823050058207,72.06053550640279,38.06752037252619,24.679860302677533,39.044289044289044,50.62608714529553,89.94152046783626,55.459768941173266
8081,致新,半導體,254.5,-1.1650485436893177,175164440.9,True,49.35553168635876,46.50856389986825,7.19,2026-06-01,False,61.36363636363637,-1.3565891472868217,0.14362875314816914,74.52415812591508,7.376666666666667,62.04889406286379,32.246798603026775,90.68684516880093,46.44935972060536,61.421911421911425,58.57076179544165,25.730994152046783,50.49561233312229
6643,M31,半導體,407.5,-2.043269230769229,173394856.325,True,95.0905902980713,7.378129117259552,-23.52,2026-06-01,False,10.606060606060606,-1.570048309178744,-0.0024675743247476256,58.46484935437589,-19.939999999999998,9.31315483119907,31.08265424912689,46.79860302677532,10.244470314318974,9.557109557109557,21.39919839570596,2.807017543859649,22.8204971100627
3227,原相,半導體,192.0,-1.7902813299232712,173347777.775,True,36.09022556390977,57.14756258234519,21.05,2026-06-01,False,77.27272727272727,-8.353221957040573,-0.029845136553466795,74.85380116959064,9.186666666666666,78.23050058207218,11.874272409778813,34.22584400465657,46.91501746216531,65.5011655011655,47.349359991967674,45.614035087719294,64.7213201805445
7792,安葆,電機製品,308.0,0.0,172648478.2,True,21.678321678321677,68.70882740447958,28.27,2026-06-01,False,70.0,51.35135135135135,-0.03542967004292052,75.86206896551724,16.66,70.77997671711293,97.90454016298021,31.31548311990687,48.428405122235155,78.9044289044289,65.4665668053328,54.26900584795321,43.893211881080276
3576,聯合再生,光電及I/O,17.15,-0.8670520231213952,171794203.66,True,2.2082018927444795,86.7588932806324,-9.51,2026-06-01,False,84.0,-6.027397260273981,0.03595407732732037,64.23220973782772,-16.286666666666665,84.40046565774156,18.50989522700815,64.37718277066357,20.13969732246799,11.538461538461538,39.79314050326856,7.368421052631578,48.34967220145825
6435,大中,半導體,246.0,0.40816326530612734,171394481.975,True,67.56176154672396,31.752305665349144,21.6,2026-06-01,False,45.45454545454545,-3.5294117647058822,-0.08842918893355403,58.57142857142858,2.503333333333334,46.274738067520374,23.981373690337602,16.065192083818395,10.360884749708964,44.75524475524475,28.287486669326018,45.96491228070175,44.65479035189837
2845,遠東銀,本國銀行,13.65,5.000000000000004,170603660.10999998,True,59.3984962406015,38.20816864295125,20.15,2026-06-01,False,33.33333333333333,2.631578947368418,0.12453163302085707,100.0,-4.456666666666667,33.81839348079162,50.174621653084984,87.66006984866124,98.19557625145518,25.174825174825177,59.00469728176364,44.32748538011696,56.54170836481969
7822,倍利科,電子設備,922.0,-0.8602150537634357,170388830.3,True,7.4074074074074066,80.43478260869566,50.72,2026-06-01,False,93.5064935064935,6.343713956170703,0.013510540429656463,50.52054794520547,-18.78,93.71362048894063,64.61001164144355,54.59837019790454,4.190919674039581,10.256410256410255,45.47386645174771,74.97076023391813,52.066322188863694
3515,華擎,電腦及週邊,227.0,-0.6564551422319487,170362348.875,True,36.09022556390977,57.14756258234519,47.6,2026-06-01,False,61.016949152542374,8.353221957040573,0.12496552464215151,67.25925925925927,52.74,61.58323632130384,71.24563445867288,87.77648428405122,26.426076833527357,95.57109557109557,68.52050549373017,72.51461988304094,47.319574644799815
2855,統一證,證券,50.7,2.2177419354838745,170284070.06,True,0.9129967776584319,90.38208168642952,199.02,2026-06-01,False,62.5,10.577971646673939,0.04564225671186211,85.78680203045685,-344.1766666666666,63.0384167636787,75.32013969732246,67.52037252619326,72.40977881257275,1.3986013986013985,55.93746183967371,95.2046783625731,63.83318356037552
4707,磐亞,清潔劑,30.1,-4.292527821939585,169162123.5825,True,97.15359828141783,4.150197628458498,30.81,2026-06-01,False,20.0,-2.4311183144246353,-0.026226008722613263,66.88888888888889,38.58,19.383003492433062,27.24097788125728,36.32130384167637,25.611175785797442,93.12354312354313,40.33600082494146,57.77777777777777,43.88274479368775
4915,致伸,光電及I/O,60.8,0.8291873963515828,167904358.24499997,True,50.214822771213754,45.65217391304348,27.58,2026-06-01,False,53.333333333333336,-4.55259026687599,-0.13121213212006672,68.39145106861642,9.693333333333332,54.77299185098953,21.071012805587895,9.429569266589057,28.637951105937137,66.8997668997669,36.1622583857741,53.68421052631579,54.006035169413636
2352,佳世達,光電及I/O,29.25,1.9163763066202044,166799612.245,True,96.34801288936627,5.270092226613966,-0.62,2026-06-01,False,9.333333333333334,2.8119507908611627,-0.0888327202573576,82.62711864406779,0.7766666666666667,8.032596041909198,51.222351571594885,15.948777648428406,64.26076833527358,38.344988344988344,35.56189638843888,16.198830409356727,34.317460803736154
3587,閎康,檢測驗證,255.0,-3.7735849056603765,166361104.325,True,96.66845781837722,4.6772068511198945,11.01,2026-06-01,False,33.33333333333333,-7.775768535262206,-0.03460466497086122,64.39393939393939,-9.126666666666667,33.81839348079162,13.736903376018628,31.89755529685681,20.60535506402794,16.783216783216783,23.368284800182355,30.350877192982455,42.759430590445845
6664,群翊,電子設備,355.5,-1.93103448275862,166268485.1,True,94.09237379162191,8.432147562582346,19.32,2026-06-01,False,15.584415584415584,0.9943181818181818,0.017192856255103917,74.0625,7.020000000000001,14.435389988358557,42.9569266589057,56.11175785797439,45.75087310826543,60.37296037296037,43.92558159729289,43.27485380116959,40.12604755972197
2305,全友,光電及I/O,30.85,2.66222961730449,165015405.2275,True,1.4964788732394365,88.53754940711462,142.33,2026-06-01,False,85.33333333333334,5.110732538330494,-0.029214257837051973,72.33294255568582,35.253333333333345,86.14668218859138,60.65192083818394,34.458672875436555,40.27939464493598,92.19114219114219,62.745562547658004,93.56725146198829,64.83535186433292
2105,正新,輪胎,30.95,0.0,164766943.87,True,11.707841031149302,77.07509881422925,15.01,2026-06-01,False,60.0,1.4754098360655714,-0.07751204778415237,80.18134715025906,6.286666666666665,60.65192083818394,45.0523864959255,18.160651920838184,58.323632130384176,58.15850815850816,48.06941990876799,36.60818713450292,52.63283840178638
5314,世紀*,其他,32.0,-6.432748538011701,163536860.07250002,True,6.974128233970754,80.89591567852437,167.87,2026-06-01,False,79.16666666666666,-43.66197183098591,0.11293968792105868,22.22222222222222,13.219999999999999,80.32596041909197,0.3492433061699651,85.9138533178114,0.6984866123399301,73.42657342657343,48.14282341639735,94.61988304093568,68.82377169154941
6719,力智,半導體,191.0,-1.0362694300518172,161554107.925,True,14.870881567230631,75.09881422924902,-3.56,2026-06-01,False,86.36363636363636,-11.574074074074074,-0.041990909547467536,61.12,4.866666666666665,86.9615832363213,7.916181606519208,29.220023282887077,14.086146682188591,52.91375291375291,38.21953754433382,11.812865497076023,51.236103452266676
2485,兆赫,通信網路,41.3,-2.3640661938534313,160615472.13750002,True,51.206896551724135,44.400527009222664,80.93,2026-06-01,False,55.769230769230774,0.6090133982947625,0.046719645935445336,50.67484662576687,37.43000000000001,57.275902211874275,41.327124563445864,67.86961583236322,4.307334109429569,92.8904428904429,52.73408392151116,86.95906432748538,51.80379402133584
1514,亞力,電機製品,102.0,-0.9708737864077666,158543265.88,True,63.69495166487648,34.78260869565217,39.69,2026-06-01,False,40.0,0.49261083743842365,-0.02413143255097141,68.22742474916387,23.363333333333333,40.33760186263097,40.51222351571595,37.25261932479628,28.405122235157158,86.82983682983682,46.66748075362743,66.90058479532163,48.782771344348454
8383,千附,電子設備,65.2,-0.9118541033434568,157111567.00500003,True,15.240328253223915,74.83530961791831,200.07,2026-06-01,False,89.6103896103896,-8.169014084507038,-0.09559996691883345,72.12389380530973,105.24666666666666,89.988358556461,12.107101280558789,14.668218859138532,39.34807916181606,97.78554778554779,50.77946112870444,95.32163742690058,78.13774346615472
4772,台特化,其他化學,248.0,-3.125,156095837.425,True,1.0570824524312896,89.85507246376811,272.73,2026-06-01,False,100.0,4.641350210970464,-0.0010396883061233584,65.95744680851064,31.383333333333354,99.35972060535507,58.44004656577415,47.72991850989523,23.63213038416764,90.9090909090909,64.01418139485659,96.95906432748538,65.37771718780849
6491,晶碩,醫療耗材,385.0,-2.2842639593908642,156003540.7,True,29.404761904761905,62.1870882740448,33.94,2026-06-01,False,36.11111111111111,1.58311345646438,0.1603121606870092,97.09962168978562,3.756666666666664,36.43771827706635,45.51804423748545,92.66589057043073,93.9464493597206,49.3006993006993,63.57376034908049,61.98830409356725,61.713606873217195
2498,宏達電,消費性電子,41.6,-0.12004801920767472,155965037.77,True,53.349875930521094,42.68774703557312,-8.53,2026-06-01,False,52.63157894736842,2.843016069221257,0.001085234497126323,57.22145804676754,2.8066666666666666,53.95809080325961,51.45518044237486,48.66123399301514,8.614668218859139,45.68764568764569,41.67536382903089,8.070175438596491,29.796938504585093
8131,福懋科,半導體,61.4,-1.9169329073482455,155715829.12,True,72.01933404940924,28.919631093544133,60.87,2026-06-01,False,41.66666666666667,-6.9696969696969715,-0.05026444645040622,71.98124267291911,10.529999999999994,42.0256111757858,16.065192083818395,25.960419091967402,38.9988358556461,68.76456876456876,38.36292539435729,79.88304093567251,61.2105739708215
6155,鈞寶,電子零組件,56.2,0.3571428571428559,154839752.605,True,55.69280343716434,41.17259552042161,47.94,2026-06-01,False,65.78947368421053,2.367941712204015,-0.04080767981367636,57.05583756345178,12.403333333333329,66.23981373690337,49.12689173457509,29.80209545983702,8.149010477299184,72.49417249417249,45.16239678055744,72.92397660818713,49.54647727195365
1708,東鹼,其他化學,51.2,1.1857707509881354,153942860.51500002,True,35.435779816513765,58.036890645586304,3.25,2026-06-01,False,50.0,2.1956087824351327,-0.05478575281538815,82.98217179902755,-17.959999999999997,51.222351571594885,48.19557625145518,24.214202561117578,65.42491268917345,10.606060606060606,39.93262073588034,20.350877192982455,47.200641300573906
6191,精成科,印刷電路板,82.5,-1.19760479041916,149582521.945,True,85.71428571428571,16.699604743083004,10.28,2026-06-01,False,46.51162790697674,-2.2511848341232295,0.062435724765971645,60.0,7.086666666666666,47.38067520372526,27.706635622817227,72.75902211874272,12.863795110593715,60.722610722610725,44.286547755697924,29.239766081871345,40.44440019334327
5284,jpp-KY,電子零組件,330.0,-7.042253521126762,148933606.4,True,65.97417181358787,32.674571805006586,32.06,2026-06-01,False,53.289473684210535,5.431309904153355,0.011160163643143641,71.73913043478261,-11.283333333333331,54.59837019790454,61.58323632130384,53.66705471478463,38.12572759022119,14.685314685314685,44.53194070190578,59.122807017543856,47.56591712109143
3236,千如,電子零組件,44.45,1.4840182648401923,147131955.765,True,73.73358348968105,27.40447957839262,11.93,2026-06-01,False,46.71052631578947,4.098360655737705,-0.020760829031940025,60.89041095890412,-5.733333333333334,47.84633294528521,56.57741559953434,38.64959254947614,13.62048894062864,21.56177156177156,35.65112031933918,32.046783625730995,34.23404747802763
6782,視陽,醫療耗材,229.5,-3.974895397489542,146279648.6,True,10.0,78.65612648221344,45.95,2026-06-01,False,58.333333333333336,15.326633165829145,0.09443823638812637,91.98396793587175,25.663333333333338,59.429569266589056,83.0034924330617,81.49010477299186,84.86612339930151,88.22843822843824,79.40354562007647,71.34502923976608,58.15930736814873
8454,富邦媒,數位雲端,245.0,0.8230452674897082,144955458.5,True,17.99140708915145,72.20026350461133,6.5,2026-06-01,False,39.130434782608695,-6.309751434034416,-0.025931441370855797,54.50500556173527,2.526666666666667,39.52270081490104,17.927823050058205,36.554132712456344,6.519208381839348,44.871794871794876,29.079131966209967,24.327485380116958,38.11039288169978
3088,艾訊,電腦及週邊,127.0,3.2520325203251987,144079185.3,True,86.4124597207304,16.205533596837945,48.37,2026-06-01,False,13.559322033898304,-4.150943396226415,-0.058473310847439876,82.46753246753246,-6.060000000000002,12.223515715948778,22.58440046565774,23.39930151338766,64.0279394644936,20.745920745920746,28.5962155810817,73.2748538011696,56.73547712898856
3014,聯陽,半導體,131.5,0.3816793893129722,143499360.675,True,44.84425349087003,49.86824769433465,-1.12,2026-06-01,False,68.18181818181817,1.153846153846154,-0.13775602236077544,78.04154302670622,3.4033333333333333,68.80093131548311,43.655413271245635,8.381839348079161,53.66705471478463,47.9020979020979,44.48146731033809,14.853801169590644,48.41659348215319
2393,億光,光電及I/O,64.8,-1.8181818181818188,141873892.605,True,35.82169709989259,57.57575757575758,10.58,2026-06-01,False,62.66666666666667,6.754530477759463,0.16294378225752557,87.8048780487805,4.623333333333333,63.329452852153665,66.0069848661234,93.13154831199068,76.30966239813736,52.09790209790209,70.17511010526144,29.5906432748538,50.80569341475535
3704,合勤控,通信網路,40.1,-4.750593824228034,141779738.82999998,True,33.31234256926952,59.55204216073782,47.87,2026-06-01,False,67.3076923076923,-17.82786885245901,-0.19995578050632212,79.56349206349206,7.073333333333338,68.0442374854482,2.211874272409779,3.608847497089639,56.92665890570431,60.60606060606061,38.27953575334251,72.74853801169591,73.87689003260967
4739,康普,其他化學,83.6,-2.1077283372365474,140911298.55,True,2.522935779816514,86.03425559947298,113.79,2026-06-01,False,93.75,-2.677532013969745,-0.039865956190529836,64.30769230769229,-3.203333333333333,93.9464493597206,26.542491268917345,30.267753201396975,20.372526193247964,28.78787878787879,39.98341976223233,91.46198830409357,69.8096181470362
1609,大亞,電纜,37.35,-0.40000000000000036,140320174.45499998,True,38.775510204081634,55.434782608695656,22.67,2026-06-01,False,36.36363636363637,4.329608938547498,0.052644391392981695,78.96405919661734,2.3766666666666687,36.84516880093132,57.15948777648428,69.49941792782305,55.76251455180442,44.05594405594406,52.66450662259742,47.485380116959064,45.73339392330263
3049,精金,光電及I/O,12.8,-1.9157088122605415,138949939.0775,True,92.12007504690432,10.737812911725955,-68.18,2026-06-01,False,17.333333333333336,19.06976744186047,-0.009045306879880779,71.11111111111111,2.839999999999989,16.181606519208383,87.19441210710129,43.42258440046566,36.32130384167637,46.03729603729604,45.83144058114955,0.8187134502923977,16.531802926018965
3689,湧德,電子零組件,116.5,-1.6877637130801704,138432195.55,True,41.890440386680986,52.206851119894594,72.66,2026-06-01,False,75.6578947368421,8.372093023255815,-0.006947065246156362,82.04225352112677,26.946666666666665,76.71711292200233,71.47846332945285,44.35389988358556,62.74738067520372,89.04428904428904,68.8682291709067,84.67836257309942,63.16609821021315
3094,聯傑,半導體,46.5,12.864077669902896,138044764.33999997,True,71.9656283566058,29.084321475625824,74.09,2026-06-01,False,42.42424242424242,28.98751733703191,0.034549221498605134,100.0,36.64333333333334,42.724097788125725,93.36437718277067,63.79511059371362,98.19557625145518,92.65734265734265,78.14730089468156,85.49707602339181,58.26309322005051
6613,朋億*,電子設備,258.5,-2.2684310018903586,137289318.7,True,94.19978517722879,8.069828722002635,120.45,2026-06-01,False,14.285714285714285,-13.54515050167224,-0.25552722241947134,66.28205128205128,42.78666666666666,13.038416763678695,5.471478463329453,1.5133876600698486,24.447031431897557,93.82284382284382,27.658631628363878,92.046783625731,56.01518833949445
5498,凱崴,印刷電路板,53.4,-4.3010752688172005,136496299.86499998,True,84.3520782396088,18.050065876152832,80.28,2026-06-01,False,51.162790697674424,12.067156348373558,0.011499460666130067,64.25992779783394,6.533333333333346,52.73573923166472,77.53201396973225,53.783469150174625,20.256111757857976,59.20745920745921,52.702958663377764,86.54970760233918,45.502386155532406
8436,大江,藥,112.5,-1.3157894736842146,134945307.675,True,4.618689581095596,82.77338603425561,-14.6,2026-06-01,False,65.21739130434783,-1.7467248908296942,-0.15191941301049625,70.75471698113208,-11.153333333333332,65.8905704307334,30.50058207217695,7.334109429569266,35.15715948777648,14.918414918414918,30.760167267734204,4.7953216374269,43.83561737093996
2009,第一銅,基本金屬,39.4,-1.253132832080206,134408840.1,True,18.007915567282325,72.06851119894598,15.46,2026-06-01,False,78.04878048780488,2.4707412223666987,0.12707693206692178,71.76684881602914,1.8866666666666685,79.62747380675204,49.359720605355065,88.47497089639114,38.41676367869616,41.72494172494173,59.52077414242723,37.42690058479532,51.527854366222115
6937,天虹,電子設備,283.0,-3.5775127768313486,133715650.975,True,80.3030303030303,21.673254281949934,64.17,2026-06-01,False,42.857142857142854,8.846153846153847,0.10479690193062749,80.51209103840684,28.663333333333334,43.247962747380676,72.40977881257275,83.93480791618161,58.67287543655413,89.97668997668997,69.64842297787582,81.6374269005848,52.787121567986716
2221,大甲,基本金屬,90.8,9.134615384615374,133399070.85999998,True,99.94629430719655,0.06587615283267458,34.65,2026-06-01,False,2.4390243902439024,102.90502793296088,0.023534801456453976,100.0,11.006666666666664,1.5133876600698486,100.0,59.022118742724096,98.19557625145518,69.6969696969697,65.68561047024376,62.57309941520468,40.57051583168243
3221,台嘉碩,電子零組件,49.4,-3.1372549019607843,131783077.20000002,True,57.54633715798765,39.657444005270094,26.6,2026-06-01,False,63.81578947368421,3.6726128016789086,0.05535264635906526,74.50980392156863,8.286666666666669,64.49359720605355,55.413271245634455,70.43073341094296,46.216530849825375,63.63636363636363,60.038099269764,52.22222222222223,51.87976975811667
3645,達邁,印刷電路板,71.6,-1.2413793103448367,129751334.5,True,50.417469492613996,45.12516469038208,2.7,2026-06-01,False,79.06976744186046,3.1700288184437877,-0.10415375534653845,60.93617021276595,-3.5566666666666666,80.20954598370199,53.317811408614666,13.50407450523865,13.736903376018628,27.38927738927739,37.631522532570266,19.06432748538012,39.92324135912152
6215,和椿,電子設備,99.0,-1.0000000000000009,127989770.01500002,True,60.74113856068743,37.351778656126484,30.49,2026-06-01,False,63.63636363636363,3.125,-0.004154759574606903,73.33333333333333,-21.26,64.20256111757858,53.20139697322468,46.10011641443539,43.42258440046566,8.857808857808857,43.156893552702634,57.30994152046783,52.93342251632185
2061,風青,電纜,54.0,-3.57142857142857,127845140.7725,True,57.19360568383659,40.05270092226614,31.46,2026-06-01,False,18.181818181818183,-2.173913043478266,0.0052436366426504444,65.06024096385542,13.573333333333334,17.403958090803258,28.055878928987195,50.640279394644935,21.885913853317813,73.89277389277389,38.37576083210542,58.36257309941521,42.39914152863727
2406,國碩,光電及I/O,27.25,-2.3297491039426466,125956043.97999999,True,85.06944444444444,17.12779973649539,63.0,2026-06-01,False,24.0,-17.047184170471848,-0.10459114717305838,65.19138755980862,-46.16333333333334,23.748544819557626,3.143189755529686,13.271245634458673,22.118742724097785,4.195804195804196,13.295505425889592,81.05263157894737,55.94418234176827
2439,美律,消費性電子,77.9,-0.5108556832694622,125213137.525,True,39.849624060150376,54.1501976284585,0.15,2026-06-01,False,68.42105263157895,-4.2997542997543,-0.16466522870062622,68.93805309734515,-1.3266666666666667,68.9755529685681,22.118742724097785,5.820721769499418,30.384167636786962,32.634032634032636,31.986643546596973,16.783625730994153,48.50615090306286
2207,和泰車,車輛買賣,539.0,4.255319148936176,124757645.6,True,0.9242144177449169,90.25032938076416,48.36,2026-06-01,False,90.24064171122996,5.893909626719057,0.026258741178976332,86.79549114331722,17.78333333333333,90.68684516880093,62.9802095459837,59.72060535506402,74.15599534342259,80.3030303030303,73.56933714326031,73.09941520467837,68.74051154272955
2362,藍天,電腦及週邊,49.3,1.2320328542094305,122091720.25249998,True,0.8592910848549946,90.57971014492753,30.25,2026-06-01,False,89.83050847457628,4.559915164369032,0.12189305728166559,94.99036608863199,13.166666666666668,90.104772991851,57.97438882421421,87.31082654249127,91.1525029103609,73.1934731934732,79.94719289247811,57.19298245614035,70.11896738353451
8422,可寧衛*,資源回收,26.1,-2.063789868667909,121432874.46000001,True,98.33512352309344,3.557312252964427,50.34,2026-06-01,False,4.3478260869565215,0.3846153846153901,0.2413957741903841,10.440000000000001,-29.14666666666666,2.852153667054715,39.69732246798603,97.08963911525029,0.3492433061699651,6.41025641025641,29.279722993343483,74.73684210526315,34.56022915262545
8114,振樺電,電腦及週邊,194.5,-2.015113350125941,121428855.85,True,40.97744360902256,52.96442687747036,19.14,2026-06-01,False,54.23728813559322,-15.434782608695652,-0.11203143760433576,72.84644194756554,27.78,55.64610011641443,4.190919674039581,12.223515715948778,41.79278230500582,89.86013986013987,40.74269153430969,43.04093567251462,59.072224604973826
8227,巨有科技,半導體,158.5,-1.2461059190031154,120097084.9,True,3.0201342281879198,85.37549407114624,88.44,2026-06-01,False,91.66666666666666,5.666666666666666,-0.04111353958386671,63.65461847389559,-35.25,92.25844004656577,62.04889406286379,29.56926658905704,18.742724097788127,5.128205128205128,41.54950598489597,88.18713450292398,59.28485114610352
6761,穩得,檢測驗證,183.0,-1.3477088948787075,119317160.325,True,88.2051282051282,14.558629776021082,0.86,2026-06-01,False,66.66666666666666,20.792079207920793,-0.004592141979449684,79.56521739130434,2.2399999999999998,67.34575087310827,89.05704307334109,45.86728754365541,57.0430733410943,43.58974358974359,60.580579684188535,17.543859649122805,38.21891019749607
3147,大綜,資訊服務,223.5,1.3605442176870763,119019337.975,True,61.170784103114926,36.75889328063241,334.53,2026-06-01,False,15.555555555555555,-17.67955801104972,0.02390213169954776,63.857142857142854,-77.82,14.318975552968569,2.4447031431897557,59.13853317811408,19.67403958090803,2.797202797202797,19.674690850476647,97.77777777777777,57.33152244211615
9941,裕融,租賃,81.3,-1.573849878934619,118831317.5,True,6.981740064446831,80.8300395256917,-4.0,2026-06-01,False,80.81550802139037,-1.2150668286755772,0.1370495118738357,78.93203883495146,-1.3000000000000003,81.83934807916181,32.9452852153667,89.988358556461,55.529685681024446,32.75058275058275,58.610652056519335,11.461988304093568,53.971434212228274
3029,零壹,資訊服務,111.5,-0.8888888888888835,118670991.6,True,71.5359828141783,29.249011857707508,13.58,2026-06-01,False,13.333333333333334,4.205607476635514,0.1276904522425868,87.45098039215686,-4.813333333333334,11.932479627473807,56.810244470314316,88.59138533178114,75.20372526193248,24.475524475524477,51.402671833405236,34.152046783625735,41.11950180067943
1722,台肥,藥,44.8,0.4484304932735439,118487641.47750004,True,99.24812030075188,2.30566534914361,-10.47,2026-06-01,False,6.521739130434782,-1.1037527593818985,0.010729572933066821,88.18897637795276,-9.423333333333334,5.005820721769499,33.29452852153667,53.08498253783469,77.18277066356228,16.55011655011655,37.02364379896393,6.1988304093567255,38.77322331828796
5392,能率,電子零組件,42.95,-4.236343366778151,118266206.99750002,True,49.673913043478265,46.113306982872196,9.16,2026-06-01,False,71.05263157894737,-7.4353448275861975,0.042835746830399486,73.54452054794521,4.1433333333333335,71.71129220023282,14.78463329452852,66.35622817229336,43.88824214202561,50.58275058275058,49.464629278366175,28.18713450292398,57.25050888766347
3209,全科,電子通路,46.6,-1.8947368421052602,117761936.43999998,True,7.196562835660581,80.69828722002636,170.41,2026-06-01,False,86.53846153846155,-20.613287904599662,-0.201576523773748,57.24815724815725,74.96,87.25261932479627,1.5133876600698486,3.4924330616996504,8.731082654249127,96.38694638694638,39.475293817552256,94.73684210526315,72.30178910605967
2328,廣宇,電子零組件,46.6,-2.5104602510460206,117666654.31999998,True,99.73147153598282,0.7575757575757576,-0.74,2026-06-01,False,0.9868421052631579,5.668934240362812,0.07809270530241687,75.52674230145867,4.680000000000001,0.2910360884749709,62.16530849825378,77.41559953434226,47.84633294528521,52.21445221445221,47.98654585616168,15.789473684210526,25.440383554929234
6913,鴻呈,電子零組件,151.0,-1.3071895424836555,117572207.925,True,25.321888412017167,65.21739130434783,61.08,2026-06-01,False,86.8421052631579,19.367588932806324,0.12063796073493879,92.92307692307692,20.479999999999997,87.66006984866124,87.66006984866124,86.9615832363213,87.19441210710129,83.56643356643356,86.60851372143573,80.11695906432749,66.8278427928572
2548,華固,建設,94.6,1.2847965738757905,116126138.16500004,True,22.824919441460796,67.98418972332016,-88.82,2026-06-01,False,70.6896551724138,-1.9689119170984517,-0.25516101227788995,71.66666666666667,-12615.72,71.24563445867288,29.452852153667052,1.629802095459837,37.71827706635623,0.11655011655011654,28.032623178141222,0.3508771929824561,44.96548414108612
6190,萬泰科,電子零組件,68.0,-1.5918958031837849,115586777.66,True,90.44038668098818,12.549407114624506,28.78,2026-06-01,False,24.013157894736842,0.14727540500735536,0.03402242939424295,73.91304347826086,-4.079999999999998,23.923166472642606,38.41676367869616,63.67869615832363,45.0523864959255,25.990675990675992,39.41233775925277,54.853801169590646,46.35314761486565
1210,大成,油脂飼料,52.2,0.7722007722007929,114749468.125,True,19.602577873254564,70.71805006587614,12.17,2026-06-01,False,75.0,-5.0909090909090855,-0.04893369041721356,88.77551020408164,3.286666666666667,75.90221187427241,20.13969732246799,26.658905704307333,78.57974388824213,47.43589743589743,49.743291245037454,32.514619883040936,66.71421958077187
4760,勤凱,電子零組件,264.0,-3.119266055045866,114056447.25,True,62.64462809917355,35.37549407114625,64.8,2026-06-01,False,59.210526315789465,7.317073170731707,-0.01907368243177814,56.41025641025641,0.5633333333333326,60.06984866123399,67.52037252619326,39.34807916181606,7.916181606519208,37.878787878787875,42.546653966910085,81.87134502923976,45.58425069269993
6279,胡連,汽車組件,117.5,-7.480314960629919,112293817.7,True,2.201933404940924,86.8247694334651,41.2,2026-06-01,False,94.44444444444444,-1.2605042016806722,0.24238179654103698,84.53237410071942,13.993333333333336,94.35389988358557,32.71245634458673,97.20605355064028,69.84866123399301,74.12587412587412,73.64938902773595,68.18713450292397,74.91930981897896
2201,裕隆,汽車製造,31.1,-2.6604068857589924,111789707.6475,True,84.3089430894309,18.181818181818183,-8.06,2026-06-01,False,17.981283422459892,13.711151736745887,0.00478093030181284,71.74163783160323,-5.696666666666667,17.112922002328286,80.67520372526194,50.291036088474975,38.30034924330617,21.91142191142191,41.658186594158664,8.538011695906434,20.81901980406974
5469,瀚宇博,印刷電路板,71.6,-2.849389416553605,110690422.38500002,True,88.13104189044039,14.69038208168643,15.36,2026-06-01,False,41.86046511627907,1.7045454545454382,-0.023225404093884232,64.2152466367713,7.023333333333333,42.258440046565774,45.9837019790454,37.485448195576254,20.023282887077997,60.48951048951049,41.24807671955518,37.07602339181287,38.34351108660281
1736,喬山,家電製品,125.5,-0.3968253968253954,108536624.7,True,0.3450258769407705,93.8076416337286,14.49,2026-06-01,False,94.44444444444444,-6.691449814126393,0.09731394599420737,68.5792349726776,6.9799999999999995,94.35389988358557,16.880093131548314,81.83934807916181,29.336437718277065,60.256410256410255,56.53323781379661,35.78947368421053,60.64992953863121
6202,盛群,半導體,58.8,0.512820512820511,107750928.18499999,True,73.07455329636475,27.865612648221344,30.93,2026-06-01,False,40.15151515151515,-2.163061564059907,0.08292732919019867,79.78290366350068,16.116666666666667,40.86146682188591,28.172293364377182,79.04540162980209,57.50873108265425,77.97202797202797,56.711984174149485,57.89473684210527,57.023160345567064
3229,晟鈦,印刷電路板,49.8,-2.734375000000011,107724378.545,True,0.0,98.5836627140975,99.09,2026-06-01,False,98.83720930232558,12.542372881355925,-0.022988900856208465,80.58252427184466,27.370000000000005,98.25378346915018,78.46332945285215,37.60186263096624,58.905704307334105,89.62703962703962,72.57034389746846,89.5906432748538,67.07170039962148
4510,高鋒,機械,47.55,3.820960698689957,107227512.95249999,True,79.41712204007287,22.33201581027668,2.62,2026-06-01,False,8.823529411764707,24.31372549019607,-0.0031066298565255537,87.56906077348067,-12.636666666666667,7.450523864959255,91.0360884749709,46.44935972060536,75.55296856810244,13.86946386946387,46.87168089962036,18.947368421052634,27.728693094785857
5864,致和證,證券,37.15,3.481894150417819,106172573.07000001,True,1.2726054922973877,89.26218708827405,107.08,2026-06-01,False,50.0,19.26163723916533,-0.0279829547737464,69.30970149253731,-724.4033333333332,51.222351571594885,87.54365541327125,35.62281722933644,31.431897555296857,0.9324009324009324,41.35062454038007,90.99415204678363,46.52618644010103
6177,達麗,建設,49.2,4.237288135593209,104435671.955,True,11.17908787541713,77.4703557312253,1322.16,2026-06-01,False,84.48275862068965,3.0366492146596915,0.044772613198647726,88.48920863309353,743.4366666666667,84.98253783469151,52.73573923166472,66.82188591385332,77.64842840512223,99.65034965034964,76.36778820713629,99.53216374269006,77.35684768770977
6716,應廣,半導體,117.0,-6.772908366533869,103737130.45,True,47.09636247606892,47.891963109354414,60.58,2026-06-01,False,64.39393939393939,40.28776978417265,0.079144223242677,85.0909090909091,16.156666666666673,64.72642607683353,96.62398137369034,77.9976717112922,71.47846332945285,78.08857808857809,77.7830241159694,79.76608187134502,54.83674747598526
6903,巨漢,電子設備,312.5,0.8064516129032251,103486003.35,True,40.959409594095945,53.03030303030303,163.86,2026-06-01,False,74.02597402597402,-2.190923317683881,-0.07281081820843875,72.00460829493088,-66.15666666666667,74.97089639115251,27.939464493597203,19.20838183934808,39.11525029103609,3.37995337995338,32.92278927901745,94.50292397660819,70.1624015412999
1515,力山,家電製品,30.8,-3.749999999999998,102065536.0575,True,56.64739884393064,40.64558629776021,6.37,2026-06-01,False,33.33333333333333,-0.32362459546924877,-0.10525719983017368,68.67335562987736,7.956666666666666,33.81839348079162,36.43771827706635,13.038416763678695,29.56926658905704,62.354312354312356,35.04362149298122,24.09356725146199,37.760877261061076
4956,光鋐,光電及I/O,37.65,4.00552486187844,101976715.49499999,True,91.84782608695652,11.198945981554678,-0.83,2026-06-01,False,18.666666666666668,19.145569620253156,0.006439829518607537,68.82998171846435,-5.726666666666667,18.044237485448196,87.42724097788125,51.10593713620489,29.918509895227007,21.794871794871796,41.65815945792663,15.321637426900587,18.964285957423634
6579,研揚,電腦及週邊,150.5,1.3468013468013407,101876089.25,True,27.765843179377015,63.20816864295126,47.1,2026-06-01,False,71.1864406779661,-16.15598885793872,-0.1886750639415946,82.01634877384197,12.86333333333333,71.9441210710128,3.608847497089639,4.307334109429569,62.514551804423746,73.07692307692307,43.09035551177577,72.28070175438597,75.78263178318322
6620,漢達,藥,107.5,12.683438155136262,101410977.475,True,99.40119760479041,1.9762845849802373,-21.75,2026-06-01,False,4.3478260869565215,20.380739081746924,0.012298850616341414,71.42857142857143,23.26333333333333,2.852153667054715,88.94062863795111,54.0162980209546,36.9615832363213,86.7132867132867,53.896790055113684,3.0409356725146197,13.478510984484883
3479,安勤,電腦及週邊,127.0,2.4193548387096753,101093608.425,True,79.10848549946294,22.463768115942027,27.85,2026-06-01,False,20.33898305084746,-9.285714285714286,-0.11312539136133616,81.15015974440894,11.8,19.79045401629802,9.89522700814901,11.874272409778813,59.837019790454015,71.44522144522143,34.56843893398026,54.03508771929825,55.94183362947531
2031,新光鋼,基本金屬,44.95,-0.553097345132747,101007879.89750001,True,10.545454545454545,78.12911725955203,7.82,2026-06-01,False,82.92682926829268,15.850515463917542,0.15101104574519233,96.56283566058003,0.5166666666666684,83.35273573923166,83.93480791618161,91.50174621653086,93.36437718277067,37.645687645687644,77.95987094008049,26.54970760233918,54.83300315203998
6224,聚鼎,電子零組件,84.8,-0.23529411764706687,99419091.095,True,92.74973147153598,10.144927536231885,14.7,2026-06-01,False,17.763157894736842,52.24416517055654,0.0905250194249513,89.26315789473685,13.25,16.880093131548314,98.1373690337602,80.44237485448195,79.16181606519208,73.54312354312354,69.63295532562123,36.198830409356724,33.52584264308423
6168,宏齊,光電及I/O,29.05,5.063291139240511,98952471.78,True,81.58691701998788,20.158102766798418,6.73,2026-06-01,False,29.333333333333332,15.277777777777784,0.027414087929196324,81.83098591549296,0.026666666666667282,29.56926658905704,82.77066356228173,60.41909196740396,62.04889406286379,36.247086247086244,54.21100048573855,25.029239766081872,33.46918421393024
2402,毅嘉,印刷電路板,57.1,-3.709949409780766,98200505.035,True,82.51748251748252,19.367588932806324,21.7,2026-06-01,False,58.139534883720934,5.740740740740743,-0.01481206568732833,73.4877734877735,4.876666666666665,59.25494761350407,62.28172293364377,41.55995343422585,43.77182770663563,53.03030303030303,51.979750943662474,46.08187134502924,46.70673093288129
6477,安集,光電及I/O,34.8,-2.657342657342665,98035432.58500001,True,96.16161616161617,5.7312252964426875,-10.45,2026-06-01,False,10.666666666666668,-4.132231404958678,-0.05727290157845355,77.93952967525195,-14.206666666666667,9.429569266589057,22.700814901047732,23.63213038416764,53.43422584400466,13.170163170163171,24.47338071319445,6.432748538011696,36.64893218688942
3010,華立,電子通路,129.0,-0.38610038610038533,97872466.975,True,71.16004296455424,29.38076416337286,13.92,2026-06-01,False,26.923076923076923,8.403361344537815,0.08162078608931997,90.84507042253522,-4.3100000000000005,26.833527357392317,71.59487776484285,78.46332945285215,82.53783469150174,25.407925407925408,56.96749893490289,34.50292397660819,43.06985206516485
3594,磐儀,電腦及週邊,49.15,0.5112474437627856,97155997.845,True,39.096850861556746,55.072463768115945,43.85,2026-06-01,False,57.6271186440678,-12.38859180035651,-0.014823874535563577,81.91666666666666,-5.313333333333333,58.78928987194412,6.984866123399301,41.443538998835855,62.16530849825378,22.96037296037296,38.4686752905612,69.70760233918128,70.91933364649496
3013,晟銘電,電子零組件,88.0,-1.6759776536312887,96971505.265,True,24.967824967824967,65.67852437417655,26.51,2026-06-01,False,87.5,4.0189125295508346,0.020117789166453102,62.857142857142854,3.5500000000000043,88.0675203725262,56.344586728754365,57.0430733410943,17.345750873108265,48.36829836829837,53.4338459367563,51.81286549707602,50.22038750348903
7777,能率亞洲,創投,38.3,-2.171136653895278,96954995.465,True,2.380952380952381,86.42951251646905,-77.03,2026-06-01,False,86.43048128342245,-9.66981132075472,-0.03454641823012178,86.26126126126125,-717.8233333333333,87.07799767171129,9.19674039580908,32.0139697322468,73.22467986030267,1.048951048951049,40.51246774180417,0.5847953216374269,62.922683114460575
2491,吉祥全,家電製品,42.0,-16.000000000000004,96705165.075,True,1.6701461377870561,88.01054018445322,7.63,2026-06-01,False,77.77777777777779,44.57831325301205,0.07589666297219261,74.46808510638297,2.833333333333333,78.8707799767171,97.32246798603028,77.0663562281723,46.10011641443539,45.92074592074592,69.05609330522019,26.31578947368421,38.49105446970161
7805,威聯通,電腦及週邊,508.0,-2.8680688336520044,94560410.15,True,0.0,98.5836627140975,28.11,2026-06-01,False,98.30508474576271,-20.37617554858934,0.32619197027052355,61.951219512195124,13.176666666666668,97.38067520372526,1.629802095459837,99.41792782305005,15.599534342258439,73.31002331002331,57.467592554903376,54.15204678362573,66.3756135585374
2355,敬鵬,印刷電路板,42.8,-2.7272727272727337,94484196.47749999,True,38.5428253615128,55.79710144927537,4.44,2026-06-01,False,86.04651162790698,4.517704517704503,0.046441448768557804,63.880597014925364,0.04999999999999982,86.61233993015134,57.85797438882422,67.63678696158324,19.79045401629802,36.36363636363637,53.652238332098634,21.403508771929825,42.48708208238874
1773,勝一,其他化學,162.5,-0.6116207951070374,94069632.025,True,60.580021482277125,37.483530961791836,20.49,2026-06-01,False,31.25,3.5031847133757963,-0.17113956695790597,83.33333333333334,-6.406666666666666,31.664726426076832,54.714784633294535,5.471478463329453,66.35622817229336,20.04662004662005,35.65076754832285,44.7953216374269,47.02537290062564
4961,天鈺,半導體,165.5,-2.359882005899705,93857799.0,True,72.61009667024705,28.49143610013175,24.76,2026-06-01,False,40.909090909090914,4.416403785488959,0.19228839279752896,92.45810055865921,17.59,41.443538998835855,57.50873108265425,94.87776484284052,86.49592549476135,79.83682983682984,72.03255805118437,49.590643274853804,55.00534417144918
6108,競國,印刷電路板,22.95,-3.974895397489542,93219066.24499999,True,99.20053297801465,2.371541501976284,46.33,2026-06-01,False,4.651162790697675,31.89655172413794,0.14564612670680038,88.26923076923077,8.083333333333336,3.259604190919674,94.29569266589057,91.1525029103609,77.29918509895228,63.053613053613056,65.8121195839473,71.46198830409357,39.431271232018744
6788,華景電,電子設備,352.5,-4.211956521739135,92932813.875,True,56.89223057644111,40.316205533596836,6.32,2026-06-01,False,66.23376623376623,-1.8105849582172702,0.06011660819959245,67.39961759082217,-4.546666666666667,66.58905704307334,30.267753201396975,72.06053550640279,26.77532013969732,24.941724941724942,44.12687816645907,23.976608187134502,46.768308042127046
2329,華泰,半導體,42.9,-1.038062283737029,92512243.20000002,True,46.75,48.15546772068512,3.62,2026-06-01,False,65.15151515151516,-3.1602708803611703,0.03352507336449062,61.37339055793991,-0.4233333333333329,65.77415599534342,24.679860302677533,63.445867287543656,14.668218859138532,35.1981351981352,40.75324752856766,20.701754385964914,44.11606723444234
5309,系統電,汽車組件,52.0,-0.952380952380949,92285274.32499999,True,86.65526090675792,15.876152832674572,4.19,2026-06-01,False,16.666666666666664,-1.328273244781789,-0.05264992207747266,63.56968215158925,-4.853333333333333,15.424912689173457,32.47962747380676,25.261932479627475,18.39348079161816,24.242424242424242,23.160475535330015,21.169590643274855,30.62708916256493
3003,健和興,電子零組件,65.5,-3.676470588235292,90453368.375,True,79.0547798066595,22.66139657444005,36.15,2026-06-01,False,37.17105263157895,10.084033613445378,0.16034088487023682,90.84604715672677,-1.056666666666672,37.66006984866123,74.27240977881257,92.78230500582072,82.65424912689173,33.7995337995338,64.233713511944,63.918128654970765,52.49000946292779
2727,王品,餐飲飯店,232.0,-1.0660980810234588,90347192.975,True,1.3003095975232197,89.06455862977603,16.59,2026-06-01,False,75.0,3.571428571428571,0.22459959917584343,93.17269076305222,1.6766666666666676,75.90221187427241,54.83119906868452,96.50756693830034,87.89289871944122,41.142191142191145,71.25521354857793,40.0,62.24097788125727
6284,佳邦,電子零組件,79.1,1.4102564102564052,90342308.21,True,79.0547798066595,22.66139657444005,6.58,2026-06-01,False,37.17105263157895,2.1963824289405536,0.032705655230921275,63.79032258064515,12.003333333333334,37.66006984866123,48.31199068684517,63.09662398137369,19.09196740395809,71.7948717948718,47.991104743141996,24.678362573099417,33.27960228471839
4585,達明,機器人,294.5,0.0,89811928.85,True,0.4444444444444444,93.08300395256917,41.88,2026-06-01,False,93.11497326203208,-2.1594684385382057,0.020527683244668218,41.891891891891895,13.466666666666665,93.36437718277067,28.405122235157158,57.275902211874275,1.629802095459837,73.77622377622379,50.89028550029714,68.53801169590643,58.78176718474494
6175,立敦,電子零組件,71.8,0.5602240896358524,89021241.1,True,90.70891514500538,12.055335968379447,43.96,2026-06-01,False,23.026315789473685,-6.631989596879075,0.01608196748664907,61.63090128755364,15.67666666666667,22.58440046565774,17.112922002328286,55.29685681024446,15.017462165308498,77.3892773892774,37.48018376656328,69.88304093567251,47.592995391077615
3289,宜特,檢測驗證,140.0,-1.0600706713780883,88095580.5,True,89.4379246448425,13.10935441370224,-1.56,2026-06-01,False,50.0,-3.1141868512110724,0.0207901395198354,66.5083135391924,0.14666666666666628,51.222351571594885,24.79627473806752,57.392316647264266,25.261932479627475,36.5967365967366,39.053922406658145,14.15204678362573,41.46001402419515
4123,晟德,藥,30.15,-2.2690437601296742,88054985.98750001,True,80.64516129032258,21.21212121212121,2.93,2026-06-01,False,17.391304347826086,-22.988505747126435,-0.16188380920239656,61.09422492401215,-10.186666666666667,16.41443538998836,1.0477299185098952,6.169965075669383,13.969732246798602,16.083916083916083,10.737155742976464,19.649122807017545,37.24639013132365
2633,台灣高鐵,陸運,26.1,-0.3816793893129722,87604194.7525,True,14.070891514500536,75.6258234519104,2.77,2026-06-01,False,75.53475935828877,0.7722007722007832,-0.1330584790380333,90.94076655052265,-1.4033333333333329,76.48428405122235,42.14202561117579,8.963911525029102,82.88707799767171,32.28438228438228,48.552336293896246,19.298245614035086,59.131895512938335
3526,凡甲,電子零組件,283.0,-0.5272407732864637,87156232.075,True,59.61331901181526,38.04347826086957,29.72,2026-06-01,False,62.5,-7.81758957654723,-0.33187168311698256,71.64556962025317,-0.9833333333333343,63.0384167636787,13.62048894062864,0.5820721769499418,37.485448195576254,34.149184149184144,29.775122045203535,55.96491228070175,60.71707207483202
2612,中航,海運,63.3,3.0944625407166138,86530281.39500001,True,47.8214093598709,47.43083003952569,11.7,2026-06-01,False,54.54545454545454,15.30054644808743,0.12228547248423785,84.85254691689008,0.7799999999999976,55.937136204889406,82.88707799767171,87.42724097788125,70.54714784633295,38.46153846153847,67.05202829766276,31.34502923976608,43.735558823329185
5243,乙盛-KY,電子零組件,90.0,-1.9607843137254832,86294151.14000002,True,50.161117078410314,45.718050065876156,38.27,2026-06-01,False,70.39473684210526,4.7729918509895155,0.003102717495071105,66.66666666666666,29.560000000000002,71.0128055878929,59.022118742724096,49.59254947613504,25.378346915017463,90.32634032634033,59.066432209621965,66.19883040935673,50.89196604238575
5291,邑昇,印刷電路板,67.0,-5.233380480905236,85460732.13,True,68.57301499167129,31.0935441370224,40.5,2026-06-01,False,72.09302325581395,35.21695257315843,0.03644332206178384,85.0253807106599,-1.0399999999999991,72.75902211874272,95.22700814901047,64.72642607683353,71.1292200232829,33.97435897435898,67.56320706844572,67.60233918128655,54.06589329357543
3217,優群,電子零組件,134.0,-1.1070110701106972,83673552.125,True,7.142857142857142,80.76416337285902,2.42,2026-06-01,False,96.05263157894737,-6.620209059233449,-0.33607990836725254,64.73429951690821,11.92,95.69266589057042,17.229336437718278,0.46565774155995343,21.303841676367867,71.67832167832168,41.27396468490764,18.71345029239766,54.620155355404414
2030,彰源,基本金屬,23.45,3.761061946902644,82978136.83500001,True,41.81010549694614,52.30566534914362,33.89,2026-06-01,False,46.34146341463415,34.77011494252874,0.14545845383984393,99.15433403805497,6.933333333333334,47.26426076833528,94.9941792782305,90.91967403958091,95.80908032596042,60.13986013986013,77.82541091039346,61.63742690058479,52.4291471791625
5285,界霖,半導體,87.3,-2.5669642857142794,82758201.92999999,True,59.183673469387756,38.47167325428195,14.12,2026-06-01,False,54.54545454545454,12.790697674418594,0.029549735769833448,79.36363636363636,-6.213333333333333,55.937136204889406,79.04540162980209,62.04889406286379,56.461001164144356,20.51282051282051,54.80105071490404,35.2046783625731,42.13935352545119
2641,正德,海運,18.05,0.8379888268156499,82581156.01750001,True,25.645249862712795,64.95388669301713,4.73,2026-06-01,False,81.81818181818183,4.6376811594202945,-0.015000984694513584,79.86725663716814,0.9333333333333336,82.42142025611176,58.323632130384176,41.21071012805588,57.62514551804424,39.16083916083916,55.748349438687036,22.22222222222222,50.98628896649851
2211,長榮鋼,基本金屬,83.0,0.4842615012106588,81731354.21,True,26.7680608365019,64.03162055335969,47.25,2026-06-01,False,70.73170731707317,-4.267589388696658,0.008176236286052489,68.59504132231406,25.536666666666665,71.36204889406287,22.235157159487777,51.804423748544814,29.452852153667052,87.99533799533799,52.5699639902201,72.39766081871345,62.744351176738896
2323,中環,光電及I/O,10.8,-1.3698630136986134,81702880.74499999,True,0.1899335232668566,95.25691699604744,38.84,2026-06-01,False,97.33333333333334,4.854368932038835,0.056712002613575466,82.44274809160305,20.763333333333335,96.62398137369034,59.48777648428405,70.89639115250291,63.67869615832363,84.03263403263404,74.943895840287,66.3157894736842,66.78267263035353
1904,正隆,造紙,24.8,1.0183299389002087,81145229.535,True,47.90547798066595,47.364953886693016,-2.09,2026-06-01,False,66.66666666666666,16.705882352941178,0.27222523945189525,96.31067961165049,-11.196666666666667,67.34575087310827,85.21536670547147,98.1373690337602,93.13154831199068,14.801864801864802,71.72637994523907,13.684210526315791,47.23653575148582
6962,奕力-KY,半導體,31.95,-1.0835913312693402,80636215.97,True,75.990675990676,25.36231884057971,-0.33,2026-06-01,False,36.36363636363637,2.403846153846154,-0.09478903167255476,69.38110749185668,-3.6566666666666667,36.84516880093132,49.243306169965074,14.90104772991851,31.548311990686845,26.923076923076923,31.892182322915733,16.608187134502923,33.939590439039
6125,廣運,電子設備,51.5,-0.3868471953578423,80389248.97,True,82.44631185807656,19.499341238471672,22.57,2026-06-01,False,38.961038961038966,4.887983706720974,-0.11665661533117062,62.88156288156288,-30.28,39.231664726426075,59.72060535506402,11.40861466821886,17.57857974388824,5.827505827505827,26.753394064220608,47.251461988304094,36.08527527588859
3592,瑞鼎,半導體,224.0,-1.103752759381893,80040423.875,True,52.52883762200532,43.34650856389987,18.59,2026-06-01,False,56.060606060606055,-8.008213552361395,-0.0787611788412615,74.91638795986621,1.913333333333334,57.85797438882422,12.922002328288706,17.345750873108265,47.147846332945285,41.84149184149184,35.42301315293166,42.22222222222222,58.57651015392575
3416,融程電,電腦及週邊,172.5,0.0,80028733.4,True,58.968850698174,38.73517786561265,24.3,2026-06-01,False,40.67796610169492,-6.756756756756757,0.06776799435145575,84.97536945812809,-20.05,41.327124563445864,16.647264260768335,74.0395809080326,71.0128055878929,9.44055944055944,42.493466952139826,48.888888888888886,61.14538869486483
3162,精確,汽車組件,70.8,-0.5617977528090012,79719543.525,True,86.39455782312925,16.337285902503293,58.73,2026-06-01,False,22.22222222222222,8.256880733944941,-0.11636515439566482,73.8269030239833,32.019999999999996,22.118742724097785,70.77997671711293,11.641443538998836,44.935972060535505,91.25874125874127,48.14697525989726,79.1812865497076,43.864006154306985
4770,上品,樹脂,226.5,4.861111111111116,79662732.825,True,88.40070298769771,14.361001317523057,-6.95,2026-06-01,False,14.285714285714285,5.348837209302325,0.07145181815746135,71.00313479623824,-10.746666666666666,13.038416763678695,61.23399301513388,75.08731082654249,35.739231664726425,15.268065268065268,40.07340350762935,9.12280701754386,24.166615607703775
7714,創泓科技,數位雲端,160.5,-4.46428571428571,78307000.575,True,39.49367088607595,54.61133069828722,122.9,2026-06-01,False,17.391304347826086,1.5822784810126582,-0.014151891305410207,77.34939759036145,78.05666666666667,16.41443538998836,45.401629802095464,41.90919674039581,52.15366705471478,96.73659673659674,50.52310514475823,92.39766081871345,53.89103336533028
8105,凌巨,光電及I/O,15.0,-5.956112852664575,78146463.15,True,54.00593471810089,42.29249011857708,-8.9,2026-06-01,False,46.666666666666664,-4.761904761904762,0.07990398867914214,59.64214711729623,-3.0166666666666675,47.61350407450524,20.838183934807915,78.1140861466822,12.223515715948778,29.37062937062937,37.63198384851471,7.83625730994152,36.70877329139691
3028,增你強,電子通路,64.1,-2.8787878787878918,76876744.58,True,17.23952738990333,72.92490118577075,65.62,2026-06-01,False,75.0,-10.599721059972117,-0.16920373674575767,75.94786729857819,-25.85666666666667,75.90221187427241,8.498253783469151,5.587892898719441,48.544819557625146,7.3426573426573425,29.175167091348698,82.10526315789474,74.51351020158079
5534,長虹,建設,76.6,0.3931847968545288,76112048.98,True,72.87862513426423,28.129117259552043,124.21,2026-06-01,False,20.689655172413794,-1.920614596670935,0.12851790919305175,88.04597701149424,-72.57666666666667,20.13969732246799,29.80209545983702,88.70779976717112,76.94994179278231,2.9137529137529135,43.70265745120227,92.63157894736842,64.97978065069543
1808,潤隆,建設,34.7,-2.115655853314524,74876742.425,True,21.10144927536232,69.10408432147563,162537.27,2026-06-01,False,72.41379310344827,7.098765432098779,0.08246759473155549,87.07653701380175,77044.36666666665,73.10826542491269,67.17112922002329,78.81257275902212,74.27240977881257,100.0,78.67287543655414,100.0,70.0523864959255
2101,南港,輪胎,31.35,-0.9478672985781866,74596058.9625,True,0.0,98.5836627140975,328.25,2026-06-01,False,90.0,-8.998548621190134,-0.06110528134279802,70.60810810810811,115.70000000000002,90.33760186263096,10.593713620488941,22.467986030267753,34.92433061699651,98.01864801864801,51.26845602980643,97.30994152046783,77.9945400949016
1229,聯華,油脂飼料,41.85,-0.23837902264600697,73218904.89,True,32.49194414607948,60.01317523056654,-52.01,2026-06-01,False,50.0,4.364089775561097,0.2633032421838803,83.03571428571429,-16.593333333333334,51.222351571594885,57.275902211874275,97.90454016298021,65.8905704307334,11.305361305361306,56.71974513650882,1.2865497076023393,40.28089237451409
2636,台驊控股,貨運倉儲,69.4,0.0,72792073.075,True,76.20837808807734,25.065876152832672,25.18,2026-06-01,False,21.428571428571427,7.59689922480621,0.1096784278276392,93.029490616622,9.733333333333333,21.362048894062863,68.45168800931314,85.09895227008148,87.54365541327125,67.13286713286713,65.91784234391918,50.058479532163744,47.62812395754618
4766,南寶,樹脂,346.0,-0.14430014430014682,72419436.475,True,43.984962406015036,50.72463768115942,12.82,2026-06-01,False,50.0,8.294209702660407,0.1312996109095844,80.37166085946573,-0.5566666666666666,51.222351571594885,70.89639115250291,88.94062863795111,58.44004656577415,34.731934731934736,60.84627053195156,33.33333333333333,43.02483507954986
3312,弘憶股,電子通路,52.8,-5.714285714285716,71992668.66,True,64.28187197417967,34.18972332015811,41.82,2026-06-01,False,32.69230769230769,10.229645093945718,-0.049963251388526704,72.13114754098359,14.84333333333333,33.119906868451686,74.62165308498254,26.426076833527357,39.46449359720605,76.34032634032634,49.994491344898805,68.42105263157895,41.595950003063535
7744,崴寶,電子零組件,545.0,0.92592592592593,71828133.475,True,41.08108108108108,52.83267457180501,128.13,2026-06-01,False,76.31578947368422,22.609673790776153,0.16077520845857643,89.63815789473685,15.870000000000005,77.29918509895228,90.104772991851,92.89871944121072,79.74388824214202,77.73892773892774,83.55709870261674,92.7485380116959,64.9217095902348
4303,信立,石化,34.7,-4.407713498622579,71653717.01,True,5.2283256121773665,82.14756258234519,-10.0,2026-06-01,False,84.21052631578947,-21.04664391353811,3.3086157252916114e-05,42.36874236874237,-14.543333333333333,84.74970896391153,1.3969732246798603,48.19557625145518,1.7462165308498252,12.703962703962704,29.758487534971824,7.1345029239766085,48.05836379851453
8091,翔名,電子設備,215.0,-2.4943310657596363,71304093.0,True,87.0032223415682,15.382081686429514,71.7,2026-06-01,False,25.97402597402597,-6.11353711790393,-0.004919603649453744,72.88135593220339,8.63666666666667,25.960419091967402,18.277066356228172,45.63445867287544,42.0256111757858,64.45221445221445,39.26995394981425,84.44444444444444,58.53835208899237
6227,茂綸,電子通路,113.5,-2.155172413793105,70913128.5,True,35.17722878625134,58.30039525691699,84.61,2026-06-01,False,61.53846153846154,-8.097165991902834,-0.1168537092749805,83.76383763837639,44.263333333333335,62.28172293364377,12.223515715948778,11.29220023282887,67.40395809080326,94.17249417249417,49.47477822914377,87.36842105263159,76.20764659028247
5607,遠雄港,貨運倉儲,56.8,2.1582733812949506,70664654.69999999,True,35.60687432867884,57.70750988142292,37.01,2026-06-01,False,57.14285714285714,17.964693665628243,0.24668262031807378,100.0,-0.023333333333333428,58.381839348079154,86.26309662398137,97.32246798603028,98.19557625145518,36.01398601398601,75.2353932447064,65.02923976608187,58.83588968540871
6419,京晨科,光電及I/O,155.5,0.0,70651658.0,True,1.3039934800325998,88.99868247694334,344.15,2026-06-01,False,86.66666666666667,14.338235294117647,0.049416847960898305,79.94858611825192,-3.060000000000059,87.48544819557625,81.60651920838184,68.45168800931314,57.741559953434226,29.25407925407925,64.90785892415695,97.89473684210527,65.37880644568348
1809,中釉,玻璃陶瓷,37.75,-1.9480519480519431,70442622.3725,True,64.15770609318996,34.387351778656125,4.54,2026-06-01,False,33.33333333333333,-4.0660736975857725,-0.006931342038400306,63.33892617449665,6.256666666666667,33.81839348079162,22.933643771827704,44.470314318975554,17.81140861466822,58.04195804195804,35.41514364564423,21.871345029239766,37.64187583821798
6199,天品,其他,96.1,0.9453781512605008,70067714.29,True,24.53900709219858,66.13965744400528,476.98,2026-06-01,False,70.83333333333334,-2.43654822335026,0.04547700632329174,77.18875502008031,-95.69333333333327,71.59487776484285,27.124563445867288,67.40395809080326,51.45518044237486,2.564102564102564,44.028536461598165,98.59649122807016,73.63049649735514
5292,華懋,電子設備,220.5,-5.970149253731338,69832449.875,True,89.62962962962962,13.043478260869565,-8.28,2026-06-01,False,22.07792207792208,35.2760736196319,-0.04655530880451523,83.20754716981132,-10.99,21.885913853317813,95.45983701979046,28.055878928987195,66.0069848661234,15.151515151515152,45.31202596394681,8.421052631578947,25.213528582807427
3577,泓格,電腦及週邊,112.5,-0.4424778761061954,69289913.075,True,31.84747583243824,60.54018445322793,85.37,2026-06-01,False,66.10169491525424,-18.478260869565215,-0.07309892808426587,69.87577639751554,24.516666666666673,66.47264260768335,2.0954598370197903,18.975552968568103,33.29452852153667,87.76223776223776,41.720084339409134,87.48538011695906,71.28927285228983
4949,有成精密,光電及I/O,77.8,-5.467800729040095,69175824.95500001,True,36.11111111111111,57.04874835309618,68.69,2026-06-01,False,60.0,17.345399698340874,-0.06552418776418058,72.03703703703704,22.53666666666666,60.65192083818394,85.9138533178114,21.187427240977883,39.231664726426075,85.54778554778555,58.50653033423697,83.39181286549707,49.34038627807392
3430,奇鈦科,其他化學,105.5,-4.95495495495496,68129729.65,True,85.69948186528498,16.798418972332016,58.37,2026-06-01,False,6.25,-7.456140350877193,-0.02680253404472859,57.49318801089919,32.22,4.772991850989523,14.435389988358557,36.20488940628638,9.080325960419092,91.4918414918415,31.19708773957901,78.59649122807018,44.50360476278006
6179,亞通,工程承攬,29.6,-0.5042016806722671,68031809.45750001,True,74.55579246624022,26.416337285902504,229.22,2026-06-01,False,16.666666666666664,7.05244122965643,0.10476988075655046,82.91316526610643,89.10999999999999,15.424912689173457,66.9383003492433,83.81839348079161,65.30849825378347,96.96969696969697,65.69196034853776,96.25730994152046,52.51310513380852
3059,華晶科,消費性電子,39.3,-0.757575757575768,68015305.14750001,True,33.297529538131045,59.617918313570485,3.02,2026-06-01,False,78.94736842105263,-1.750000000000007,0.03687791060671945,62.38095238095238,-3.563333333333333,79.976717112922,30.384167636786962,64.84284051222352,16.647264260768335,27.27272727272727,43.824743359085616,20.0,46.55995343422585
1215,卜蜂,油脂飼料,110.5,0.9132420091324311,67722135.15,True,22.878625134264233,67.85243741765481,8.69,2026-06-01,False,62.5,6.25,-0.0018166282754864202,67.58409785932722,6.216666666666667,63.0384167636787,64.20256111757858,47.26426076833528,27.124563445867288,57.80885780885781,51.887731980863535,27.60233918128655,38.39068956831349
5234,達興材料,光電及I/O,293.0,-1.3468013468013518,67666657.35,True,75.67132116004296,25.691699604743086,21.77,2026-06-01,False,34.66666666666667,-12.53731343283582,-0.16085219950253357,63.41991341991342,10.176666666666666,35.0407450523865,6.868451688009314,6.286379511059372,18.044237485448196,67.71561771561771,26.79108629050422,46.31578947368421,48.13308008087739
6432,今展科,電子零組件,60.9,-1.4563106796116498,67641194.69000001,True,68.6358754027927,31.027667984189723,18.87,2026-06-01,False,50.6578947368421,-14.22535211267606,-0.022353177501120893,70.08055235903336,1.2633333333333319,52.27008149010477,5.005820721769499,37.951105937136205,33.87660069848661,39.743589743589745,33.76943971821736,42.57309941520468,55.928490220506646
2208,台船,機車船製造,18.8,-1.3123359580052507,66024531.517500006,True,0.0,98.5836627140975,14.86,2026-06-01,False,96.15384615384616,-1.570680628272255,-0.11961223355311222,63.94557823129252,-6.853333333333335,95.9837019790454,30.9662398137369,10.942956926658907,19.90686845168801,18.997668997669,35.359487233759644,36.37426900584796,55.32464990571112
6416,瑞祺電通,電腦及週邊,100.5,0.0,65945504.989999995,True,25.88614393125671,64.55862977602108,58.62,2026-06-01,False,72.88135593220339,0.903614457831331,0.09345163713065469,94.36619718309859,36.00666666666666,73.45750873108265,42.374854481955765,81.25727590221187,90.22118742724098,92.54079254079254,75.97032381665676,78.94736842105263,75.06280252435512
4583,台灣精銳,機械,473.5,-1.0449320794148398,65905348.675,True,54.562737642585546,41.83135704874835,29.98,2026-06-01,False,50.0,-8.058252427184467,0.07087326081532265,58.241082410824106,6.006666666666668,51.222351571594885,12.339930151338766,74.85448195576252,9.778812572759023,57.226107226107224,41.08433669551248,56.783625730994146,51.36121493100232
4912,聯德控股-KY,電子零組件,102.0,-0.9708737864077666,65716262.92999999,True,93.17937701396349,9.81554677206851,53.33,2026-06-01,False,17.105263157894736,13.83928571428572,0.10301802344556994,88.69565217391305,15.083333333333336,16.065192083818395,81.14086146682189,83.0034924330617,78.23050058207218,76.57342657342657,67.00269462784016,76.60818713450293,47.4407545833929
6658,聯策,電子設備,178.0,-2.732240437158473,65504886.225,True,16.71511627906977,73.5836627140975,51.6,2026-06-01,False,88.31168831168831,17.491749174917494,-0.024551877429077888,69.26070038910505,42.21333333333334,88.82421420256111,86.0302677532014,37.0197904540163,31.31548311990687,93.7062937062937,67.37920984719588,75.43859649122807,52.38700651512366
3152,璟德,電子零組件,238.0,-0.8333333333333304,65447724.0,True,46.18689581095596,48.5836627140975,23.54,2026-06-01,False,73.68421052631578,2.586206896551724,-0.17173107098546792,73.34360554699538,9.26,74.44703143189756,49.59254947613504,5.355064027939465,43.538998835855644,65.96736596736596,47.780201947838734,48.30409356725146,54.174393589717404
4743,合一,藥,44.65,-4.287245444801712,65362717.165,True,45.26854219948849,49.143610013175234,26.46,2026-06-01,False,34.78260869565217,-2.4043715846994567,0.06529647757707607,57.46460746460747,-16.923333333333332,35.273573923166474,27.473806752037255,73.57392316647264,8.963911525029102,11.188811188811188,31.294805311103328,51.69590643274854,42.11489628222671
2204,中華,汽車製造,54.1,-0.5514705882352922,65154570.519999996,True,20.395738203957382,69.82872200263505,6.71,2026-06-01,False,69.6524064171123,5.0485436893203905,0.1042868930885967,84.53125,4.243333333333334,70.43073341094296,60.30267753201397,83.35273573923166,69.73224679860303,51.048951048951054,66.97346890594854,24.795321637426902,51.16390607873973
2417,圓剛,電腦及週邊,42.4,-2.752293577981657,64596418.38500001,True,34.07482305358948,58.959156785243735,4.96,2026-06-01,False,64.40677966101694,0.952380952380949,-0.048049580673383406,74.51669595782073,-5.543333333333334,64.84284051222352,42.607683352735734,27.24097788125728,46.33294528521537,22.494172494172492,40.70372390512088,22.33918128654971,47.72682093281322
2401,凌陽,半導體,25.7,0.7843137254901933,64362269.3875,True,92.09580838323353,10.869565217391305,35.25,2026-06-01,False,20.454545454545457,-7.38738738738739,-0.11195220828234825,73.63896848137536,9.239999999999998,20.023282887077997,14.90104772991851,12.339930151338766,44.470314318975554,65.73426573426573,31.493768164315316,63.1578947368421,53.18761105324428
5009,榮剛,基本金屬,33.2,-1.0432190760059412,64312817.457499996,True,49.94629430719657,45.8498023715415,12.93,2026-06-01,False,31.70731707317073,-0.30030030030028326,0.06786155173109816,82.68991282689913,7.766666666666667,32.13038416763679,36.670547147846335,74.38882421420257,64.49359720605355,62.004662004662,53.93760294808025,33.567251461988306,48.38017142195808
6517,保勝光學,消費性電子,69.2,-2.259887005649708,64234463.165,True,66.44370122630993,32.34519104084321,6.14,2026-06-01,False,42.10526315789473,8.125000000000004,0.08614876842434947,84.28745432399514,22.126666666666665,42.43306169965076,70.081490104773,79.62747380675204,68.68451688009313,85.19813519813519,69.20493553788083,23.742690058479532,41.19469463336261
6861,睿生光電,醫療耗材,183.0,-3.937007874015752,63790074.575,True,80.86124401913875,21.014492753623188,12.61,2026-06-01,False,5.555555555555555,-12.649164677804295,0.09712913546947086,39.61038961038961,-26.95666666666667,4.2491268917345755,6.635622817229336,81.72293364377182,1.2805587892898718,6.876456876456877,20.152939803696494,32.865497076023395,32.939889984954625
6532,瑞耘,電子設備,98.0,1.0309278350515427,63564579.71499999,True,23.361976369495167,67.19367588932806,18.65,2026-06-01,False,83.11688311688312,35.359116022099435,-0.012939085403348679,85.96491228070175,-8.220000000000006,83.58556461001164,95.69266589057042,42.49126891734576,72.64260768335274,17.5990675990676,62.40223494006964,42.39766081871345,50.73329180537685
2515,中工,營造,12.15,0.4132231404958775,63266092.96999999,True,34.908700322234154,58.498023715415016,-14.32,2026-06-01,False,26.666666666666668,2.1008403361344534,0.10459597529175943,66.39344262295081,-46.123333333333335,26.658905704307333,48.07916181606519,83.58556461001164,24.79627473806752,4.312354312354312,37.4864522361612,4.912280701754386,27.072074832016014
3213,茂訊,電腦及週邊,129.0,1.5748031496062964,63041578.35,True,80.88077336197637,20.948616600790515,6.05,2026-06-01,False,16.94915254237288,-4.089219330855019,0.044136276582745146,90.52631578947368,-30.186666666666664,15.948777648428406,22.81722933643772,66.58905704307334,81.49010477299186,6.177156177156177,38.604464995617505,23.50877192982456,49.53260625370177
6922,宸曜,電腦及週邊,208.5,0.9685230024213176,62902761.6,True,10.980966325036604,77.53623188405797,39.41,2026-06-01,False,83.05084745762711,7.197943444730077,0.07518497438816164,92.2566371681416,-12.003333333333337,83.46915017462166,67.40395809080326,76.48428405122235,85.68102444703143,14.335664335664337,65.4748162198686,66.66666666666666,67.10322079937913
2617,台航,海運,32.45,3.839999999999999,62278701.852499984,True,34.64017185821697,58.76152832674572,37.28,2026-06-01,False,63.63636363636363,12.283737024221468,0.09472604690686202,97.1556886227545,10.713333333333335,64.20256111757858,77.64842840512223,81.60651920838184,94.17927823050059,69.23076923076923,77.3735112384705,65.38011695906432,61.52838197550531
6438,迅得,電子設備,156.5,-1.8808777429467072,59741946.325,True,78.24919441460794,23.847167325428195,-3.13,2026-06-01,False,46.75324675324675,6.462585034013606,0.2129678178320365,82.1522309711286,-16.326666666666668,47.962747380675204,65.07566938300349,95.80908032596042,62.86379511059371,11.421911421911423,56.62664072442885,12.163742690058479,39.47865394958097
2364,倫飛,電腦及週邊,67.4,-0.1481481481481417,59546484.385000005,True,0.07097232079488999,95.98155467720684,60.06,2026-06-01,False,91.52542372881356,-4.532577903682704,0.11747946267314886,76.5039727582293,21.990000000000002,92.08381839348078,21.303841676367867,86.49592549476135,50.05820721769499,85.08158508158508,67.00467557277801,79.53216374269006,75.09258691937448
6245,立端,電腦及週邊,78.2,0.0,59340252.43499999,True,90.54779806659506,12.285902503293809,14.08,2026-06-01,False,6.779661016949152,-3.4567901234567864,0.07283984786656404,85.55798687089715,-5.803333333333333,5.355064027939465,24.09778812572759,75.66938300349243,72.06053550640279,21.445221445221446,39.72559842175674,34.85380116959064,47.042903144551325
6757,台灣虎航,空運,55.9,1.0849909584086825,59281948.285000004,True,23.08823529411765,67.58893280632411,27.12,2026-06-01,False,67.37967914438502,-1.410934744268085,0.010884535994133852,63.594994311717855,2.0166666666666657,68.21885913853319,31.781140861466824,53.20139697322468,18.50989522700815,42.65734265734265,42.8737269715151,53.45029239766082,52.09947647543383
2520,冠德,建設,37.1,3.4867503486750273,59186030.415,True,80.43117744610282,21.409749670619235,52.31,2026-06-01,False,13.793103448275861,8.163265306122462,0.1253590187484821,92.28855721393035,-4.896666666666668,12.456344586728754,70.31431897555296,87.89289871944122,85.9138533178114,24.00932400932401,56.11734792177167,76.0233918128655,51.019817685463174
4736,泰博,醫療耗材,127.0,0.7936507936507908,59185224.0,True,0.21482277121374865,95.0592885375494,2.09,2026-06-01,False,84.72222222222221,-1.9305019305019304,0.05044418402187179,87.2852233676976,8.469999999999999,85.56461001164143,29.56926658905704,68.68451688009313,74.62165308498254,64.1025641025641,64.50852213366764,18.30409356725146,62.2302725187046
6603,富強鑫,機械,25.15,-1.757812500000011,58966367.00500001,True,50.431778929188255,45.059288537549406,22.71,2026-06-01,False,52.94117647058824,-5.981308411214958,0.027927387096572873,73.21688500727801,20.463333333333335,54.249126891734576,18.742724097788127,60.768335273573925,43.07334109429569,83.44988344988346,52.05668216145516,47.60233918128655,56.54552076738217
6605,帝寶,汽車組件,138.5,0.727272727272732,58259290.0,True,8.592910848549947,79.71014492753623,4.45,2026-06-01,False,86.11111111111111,1.8382352941176472,0.08553000953467103,82.44047619047619,6.38,86.72875436554133,46.91501746216531,79.39464493597205,63.56228172293365,58.39160839160839,66.99846137564415,21.52046783625731,56.22412161564174
6174,安碁,電子零組件,43.4,-1.4755959137343844,58096467.185,True,48.22771213748657,47.10144927536232,26.9,2026-06-01,False,72.36842105263158,3.33333333333333,-0.00652243137147935,68.88888888888889,-2.0500000000000007,72.9918509895227,53.89988358556461,44.935972060535505,30.151338766006987,31.585081585081586,46.71282539734227,52.865497076023395,50.52720081149711
2072,世紀風電,基本金屬,136.0,-2.1582733812949617,57947253.65,True,0.0,98.5836627140975,101.11,2026-06-01,False,98.78048780487805,-15.527950310559005,-0.16318448054362347,43.31210191082803,14.266666666666652,98.0791618160652,4.074505238649592,5.9371362048894065,1.8626309662398137,75.05827505827506,37.00234185682382,89.82456140350877,71.42296223679105
8109,博大,電子零組件,130.0,-4.411764705882348,57855063.95,True,82.92158968850698,18.9064558629776,36.23,2026-06-01,False,34.21052631578947,-0.38314176245210724,-0.11413749971875016,80.4953560371517,9.693333333333335,34.807916181606515,36.32130384167637,11.757857974388825,58.55646100116414,67.01631701631702,41.691971203030576,64.21052631578948,55.31339991422094
8255,朋程,電子零組件,145.0,-1.0238907849829393,57741713.7,True,34.85499462943072,58.596837944664024,5.78,2026-06-01,False,80.26315789473685,-0.684931506849315,0.029897796786332406,67.5990675990676,11.653333333333332,81.37369033760187,35.0407450523865,62.16530849825378,27.24097788125728,70.97902097902097,55.35994854970407,23.27485380116959,49.21219424191055
3581,博磊,電子設備,111.5,0.0,57684322.7,True,70.37242912729295,29.77602108036891,95.44,2026-06-01,False,55.84415584415584,0.0,-0.02820541839191065,39.82142857142857,47.166666666666664,57.392316647264266,37.951105937136205,35.273573923166474,1.3969732246798603,94.75524475524476,45.35384289749832,89.35672514619884,52.54872727025169
6670,復盛應用,其他,275.5,-1.0771992818671472,56958218.975,True,47.15359828141783,47.82608695652174,7.85,2026-06-01,False,37.5,6.5764023210831715,0.1733478964171019,91.68053244592346,-15.083333333333334,38.18393480791618,65.42491268917345,93.83003492433062,84.16763678696158,12.354312354312354,58.79216631253884,26.666666666666668,45.89833139309274
2539,櫻花建,建設,35.0,0.14306151645206988,56846805.832499996,True,0.4296455424274973,93.18181818181817,79.55,2026-06-01,False,98.27586206896551,-19.26182237600923,-0.13988743588333086,67.56756756756756,-272.97666666666663,97.20605355064028,1.979045401629802,7.916181606519208,26.949941792782305,1.6317016317016315,27.13658479665465,86.31578947368422,77.12318485386925
6104,創惟,半導體,97.0,-1.0204081632653073,56623149.120000005,True,51.30586186883343,44.26877470355731,5.66,2026-06-01,False,58.333333333333336,2.972399150743097,0.2789496619378697,77.29083665338645,5.636666666666667,59.429569266589056,52.50291036088475,98.37019790454016,51.804423748544814,55.82750582750583,63.58692142161292,22.923976608187136,45.41376481560906
6712,長聖,生物科技,157.0,-0.31746031746031633,56254340.4,True,47.479674796747965,47.69433465085639,16.08,2026-06-01,False,47.660427807486634,4.666666666666667,-0.003569044268045738,83.9572192513369,-6.359999999999999,48.544819557625146,58.67287543655413,46.33294528521537,67.98603026775321,20.163170163170165,48.339968142063604,38.83040935672515,49.172095936387336
6146,耕興,檢測驗證,182.5,-5.1948051948051965,55837167.225,True,27.873254564983892,63.109354413702235,12.74,2026-06-01,False,100.0,-5.927835051546391,-0.17983707553224476,76.51991614255765,0.7166666666666668,99.35972060535507,18.975552968568103,4.889406286379511,50.174621653084984,38.111888111888106,42.30223792505515,33.099415204678365,65.91455112363758
6244,茂迪,光電及I/O,23.4,-0.42553191489361764,55664684.72750001,True,52.98113207547169,43.08300395256917,65.82,2026-06-01,False,49.333333333333336,-5.263157894736845,0.08735576332753675,64.46280991735537,26.919999999999995,50.05820721769499,19.67403958090803,79.86030267753202,20.721769499417928,88.92773892773893,51.84841158065838,82.33918128654972,58.36127960568865
2504,國產,預拌混凝土,31.25,-0.4777070063694211,55162279.46,True,17.1875,73.0566534914361,-18.57,2026-06-01,False,72.92780748663101,2.9654036243822026,0.0752644662438458,78.81462799495587,-6.93,73.57392316647264,52.27008149010477,76.60069848661234,55.29685681024446,18.88111888111888,55.32453576691063,3.625730994152047,45.0566073701911
6679,鈺太,半導體,206.0,0.7334963325183352,54827346.525,True,3.9820527201346048,83.59683794466403,9.93,2026-06-01,False,90.15151515151516,-11.01511879049676,-0.1354796404242693,59.62373371924746,-1.0700000000000003,90.57043073341094,8.381839348079161,8.731082654249127,12.107101280558789,33.68298368298368,30.69468753985634,28.888888888888886,55.79614538869487
7712,博盛半導體,半導體,155.0,1.6393442622950838,54729869.725,True,55.88235294117647,40.974967061923586,49.37,2026-06-01,False,55.3030303030303,10.714285714285714,-0.028606903161294432,72.59953161592506,31.043333333333333,56.57741559953434,75.55296856810244,35.0407450523865,41.21071012805588,90.67599067599068,59.81156600481397,73.80116959064328,49.00908168753276
3708,上緯投控,樹脂,100.5,-0.4950495049504955,54166581.5,True,0.644468313641246,92.22661396574439,61.7,2026-06-01,False,100.0,3.3950617283950586,0.06168219672062638,75.28089887640449,5.150000000000013,99.35972060535507,54.13271245634459,72.64260768335274,47.49708963911525,53.14685314685315,65.35579670620416,80.58479532163743,68.3272232774408
7749,意騰-KY,半導體,368.5,-0.40540540540540126,53946240.65,True,0.6666666666666667,92.02898550724638,64.48,2026-06-01,False,95.45454545454545,5.890804597701149,-0.07783264050693699,60.40983606557377,5.259999999999998,95.34342258440046,62.86379511059371,17.927823050058205,13.154831199068685,53.613053613053616,48.580585111434935,81.75438596491227,56.84721115944693
2483,百容,半導體,33.35,-4.304160688665714,53683523.3575,True,95.3813104189044,6.884057971014493,34.28,2026-06-01,False,8.333333333333332,-13.488975356679628,-0.059827623890914894,47.71101573676681,13.446666666666669,6.926658905704307,5.70430733410943,22.933643771827704,2.7939464493597206,73.65967365967366,22.403646024134964,62.22222222222222,41.559630060794206
8088,品安,半導體,43.15,-2.0431328036322305,53157586.6675,True,48.09203142536476,47.233201581027664,1.02,2026-06-01,False,63.63636363636363,-9.44386149003148,0.029422125844096873,59.02872777017784,-19.90666666666667,64.20256111757858,9.429569266589057,61.81606519208381,11.059371362048893,9.673659673659674,31.236245322392005,17.660818713450293,45.87329548162218
3551,世禾,電子設備,182.0,1.1111111111111072,52551866.05,True,76.79914070891515,24.703557312252965,26.06,2026-06-01,False,48.05194805194805,2.535211267605634,-0.03292259737873602,80.88888888888889,6.196666666666665,49.243306169965074,49.47613504074505,32.82887077997672,59.37136204889406,57.692307692307686,49.72239634637772,51.345029239766085,52.62089060447004
1909,榮成,造紙,11.0,-3.083700440528636,51980007.2935,True,79.98017839444995,21.936758893280633,44.1,2026-06-01,False,16.666666666666664,8.910891089108915,0.11289348629054152,96.06986899563319,22.83666666666667,15.424912689173457,72.52619324796274,85.79743888242142,92.89871944121072,86.01398601398601,70.53225005495088,70.05847953216374,51.463979603646294
3691,碩禾,光電及I/O,99.0,-2.463054187192115,51667000.545,True,18.81533101045296,71.47562582345192,63.72,2026-06-01,False,70.66666666666667,-13.537117903930133,-0.0023854721911642784,58.4070796460177,-55.713333333333324,71.1292200232829,5.587892898719441,47.0314318975553,10.011641443538998,3.8461538461538463,27.521268021850098,81.28654970760235,64.2098795689262
3219,倚強科,電子設備,91.3,0.9955752212389202,50928694.16,True,26.274787535410766,64.36100131752306,26.07,2026-06-01,False,80.51948051948052,40.46153846153846,0.0902536427775113,83.37899543378995,-5.513333333333332,81.60651920838184,96.74039580908033,80.32596041909197,66.47264260768335,22.727272727272727,69.57455815430205,51.461988304093566,50.70018857776961
8936,國統,金屬製品,50.3,-1.1787819253438192,50861694.235,True,8.754027926960257,79.57839262187089,21.24,2026-06-01,False,100.0,-3.454894433781198,-0.09372185815261523,72.58297258297259,7.333333333333332,99.35972060535507,24.214202561117578,15.017462165308498,41.09429569266589,61.07226107226107,48.15158841934162,45.84795321637427,65.52194173831941
6218,豪勉,資訊服務,42.25,-2.985074626865669,50778591.71500001,True,59.05631659056316,38.6034255599473,14.55,2026-06-01,False,17.77777777777778,25.00000000000001,0.1536330795908119,93.68070953436806,-10.189999999999998,16.996507566938302,91.50174621653086,91.9674039580908,88.70779976717112,15.967365967365968,61.02816469521942,35.906432748538016,37.527248466529144
4771,望隼,醫療耗材,208.5,-2.7972027972028024,50247289.825,True,3.166666666666667,84.98023715415019,31.26,2026-06-01,False,72.22222222222221,8.311688311688311,0.2570933758441217,96.97674418604652,-5.956666666666667,72.8754365541327,71.0128055878929,97.67171129220024,93.59720605355064,21.095571095571096,71.25054611666951,58.01169590643275,63.367883231555794
6840,東研信超,檢測驗證,92.8,0.5417118093174356,50186468.985,True,45.06769825918762,49.40711462450593,17.85,2026-06-01,False,83.33333333333334,35.276967930029166,0.053227111246395405,94.30894308943088,2.7733333333333334,83.87660069848661,95.57625145518044,69.73224679860303,89.87194412107101,45.51282051282051,76.91397271723233,41.28654970760234,54.86471076799488
5522,遠雄,建設,64.0,1.2658227848101111,50001439.52,True,2.9538131041890443,85.5072463768116,2513.5,2026-06-01,False,93.10344827586206,-0.6211180124223691,-0.04674250807686748,77.8588807785888,1364.0166666666667,93.24796274738067,35.15715948777648,27.939464493597203,53.317811408614666,99.88344988344988,61.90916960416378,99.88304093567251,77.82291390097284
3709,鑫聯大投控,電子通路,65.7,-0.4545454545454519,49999639.754999995,True,1.5574650912996777,88.20816864295125,72.07,2026-06-01,False,88.46153846153845,-16.412213740458007,-0.21007124519290168,70.72120559741658,44.513333333333335,89.05704307334109,3.3760186263096625,3.026775320139697,35.0407450523865,94.28904428904428,44.957925272244246,84.56140350877193,76.32079325204747
3694,海華,通信網路,50.4,-1.945525291828798,49868818.11,True,30.597014925373134,61.462450592885375,-4.76,2026-06-01,False,71.15384615384616,-12.802768166089965,-0.14396781178986767,56.502242152466366,1.083333333333334,71.82770663562282,6.169965075669383,7.566938300349244,8.032596041909198,39.51048951048951,26.621539112808033,10.935672514619883,46.15650252912063
6890,來億-KY,鞋及旅行箱,169.5,1.8018018018018056,48963273.35,True,25.830258302583026,64.62450592885376,-3.2,2026-06-01,False,77.77777777777779,-1.1661807580174928,-0.04782828420746624,58.65051903114187,0.6566666666666667,78.8707799767171,33.17811408614668,27.473806752037255,10.593713620488941,37.995337995338,37.62235048614559,12.046783625730995,42.08329078419759
2903,遠百,百貨批發,22.3,-0.22371364653244186,48863786.955,True,35.9828141783029,57.47694334650857,-2.42,2026-06-01,False,36.84210526315789,1.3636363636363669,0.09364901084881357,91.39344262295083,-2.09,37.36903376018626,44.470314318975554,81.37369033760187,83.93480791618161,31.35198135198135,55.69996553698534,13.216374269005849,47.512475406599535
3004,豐達科,機車船製造,121.5,1.2499999999999956,48539350.25,True,63.46541302887844,34.91436100131752,46.56,2026-06-01,False,23.076923076923077,-5.447470817120623,-0.11706352137783255,76.17554858934169,5.426666666666669,22.875436554132715,19.20838183934808,11.175785797438882,48.77764842840512,54.77855477855478,31.363161479575915,71.9298245614035,56.09363192614832
6412,群電,電子零組件,77.4,-2.2727272727272707,48501932.86999999,True,32.43823845327605,60.079051383399204,-0.77,2026-06-01,False,82.23684210526315,-1.526717557251894,0.07879990807332198,72.67605633802818,6.843333333333334,82.65424912689173,31.199068684516877,77.88125727590221,41.443538998835855,60.02331002331003,58.64028482189134,15.6140350877193,52.1281886322325
2731,雄獅,旅行社,144.0,0.34843205574912606,48413250.575,True,18.74447391688771,71.60737812911727,-0.46,2026-06-01,False,66.66666666666666,-1.36986301369863,-0.15600047899671093,78.26086956521739,-6.833333333333332,67.34575087310827,32.13038416763679,6.635622817229336,54.0162980209546,19.172494172494172,35.86011001028463,16.374269005847953,51.401483433068506
3537,堡達,電子通路,55.4,1.6513761467889854,48269575.97500001,True,56.17615467239527,40.909090909090914,26.88,2026-06-01,False,44.230769230769226,7.57281553398058,-0.04901869746487935,61.83035714285714,18.793333333333333,44.9941792782305,68.33527357392316,26.542491268917345,15.366705471478465,81.46853146853147,47.34143621221619,52.74853801169591,36.19353729687043
3380,明泰,通信網路,30.0,-0.16638935108153063,47717880.06000001,True,95.59023066485753,6.455862977602108,5.46,2026-06-01,False,13.461538461538462,3.806228373702427,-0.07703978926006425,72.20216606498195,16.61,12.107101280558789,55.64610011641443,18.50989522700815,39.69732246798603,78.55477855477857,40.903039529349186,22.573099415204677,29.682855761833764
2495,普安,光電及I/O,37.45,-1.576872536136642,47637420.11,True,25.90993214065392,64.4927536231884,40.29,2026-06-01,False,66.66666666666666,-2.219321148825051,0.0639824234147409,69.6096654275093,-14.446666666666673,67.34575087310827,27.823050058207215,72.9918509895227,32.246798603026775,13.053613053613052,42.6922127154956,67.48538011695906,59.81371988372172
6231,系微,資訊服務,212.0,-1.851851851851849,46860663.425,True,51.77228786251342,43.93939393939394,16.86,2026-06-01,False,20.0,-7.82608695652174,-0.03827903073082552,60.832137733142034,2.2333333333333343,19.383003492433062,13.50407450523865,30.849825378346914,13.50407450523865,43.473193473193476,24.14283427089015,40.11695906432748,39.87499063919014
8390,金益鼎,資源回收,97.0,-0.4106776180698213,46683965.445,True,25.7250268528464,64.82213438735178,43.96,2026-06-01,False,47.82608695652174,1.783840503672616,-0.09711937595054619,74.9034749034749,12.810000000000006,48.894062863795114,46.79860302677532,14.435389988358557,47.0314318975553,72.96037296037296,46.023972147371445,69.88304093567251,54.752483167561905
3444,利機,電子通路,83.7,0.0,46657175.94,True,85.01611170784103,17.193675889328063,17.06,2026-06-01,False,11.538461538461538,22.01166180758019,-0.032904777485278196,71.23404255319149,12.083333333333332,10.244470314318974,89.63911525029104,32.9452852153667,36.670547147846335,71.91142191142191,48.28216796784899,40.35087719298245,24.40669485121418
2331,精英,電腦及週邊,19.6,-1.2594458438287104,46418516.355000004,True,24.448897795591183,66.27140974967062,25.84,2026-06-01,False,76.27118644067797,0.25575447570332843,0.010369012571675579,65.4424040066778,18.476666666666667,77.18277066356228,39.11525029103609,52.50291036088475,23.050058207217695,80.88578088578089,54.547354081696334,50.8187134502924,52.98407300750907
3717,聯嘉投控,汽車組件,22.3,-0.22371364653244186,46338262.7025,True,40.36697247706422,53.29380764163373,,2026-06-01,False,55.55555555555556,-3.2537960954446854,-0.006664245251596082,75.97955706984668,,56.92665890570431,24.33061699650757,44.70314318975553,48.66123399301514,,43.655413271245635,,60.41909196740395
6163,華電網,通信網路,41.2,-1.1990407673860948,45815166.69,True,61.97636949516648,35.90250329380764,61.38,2026-06-01,False,46.15384615384615,-0.12121212121211432,0.05409192477337612,55.60053981106613,31.44666666666667,47.0314318975553,37.60186263096624,69.84866123399301,7.566938300349244,91.02564102564102,50.61490701770096,80.35087719298247,49.33684618998019
6277,宏正,光電及I/O,80.3,1.9035532994923887,45410372.705,True,84.58646616541353,17.786561264822133,35.12,2026-06-01,False,25.333333333333336,3.612903225806448,0.23046667069594642,91.77142857142857,16.173333333333332,25.261932479627475,54.94761350407451,96.74039580908033,84.63329452852155,78.2051282051282,67.9576729052864,63.04093567251462,54.49713729414728
3535,晶彩科,電子設備,86.8,-1.9209039548022666,45321148.75,True,69.57264957264957,30.368906455862977,160.85,2026-06-01,False,57.14285714285714,1.9976498237367837,0.10648690339012282,58.45117845117846,-634.9433333333334,58.381839348079154,47.61350407450524,84.16763678696158,10.128055878928988,1.1655011655011656,40.29130745079523,94.38596491228071,53.8205890161959
9802,鈺齊-KY,鞋及旅行箱,72.3,0.277392510402219,45243387.925,True,39.849624060150376,54.1501976284585,15.45,2026-06-01,False,44.44444444444444,4.32900432900433,0.10070597459453215,62.8695652173913,13.6,45.401629802095464,57.0430733410943,82.65424912689173,17.462165308498253,74.009324009324,55.314088317580755,37.30994152046784,35.782665822491815
3550,聯穎,電子零組件,23.2,-1.276595744680853,45200215.1025,True,98.9539748953975,2.9644268774703555,38.08,2026-06-01,False,3.9473684210526314,2.882483370288242,-0.011622380547922218,62.281879194630875,4.7933333333333294,2.6775320139697323,51.571594877764845,42.607683352735734,16.41443538998836,52.56410256410257,33.167069639712246,66.08187134502924,33.400560967805625
3317,尼克森,半導體,62.6,0.16000000000000458,44929955.87,True,94.95166487647691,7.542819499341238,16.07,2026-06-01,False,11.363636363636363,-10.186513629842182,0.02792931828372494,59.33649289099526,11.469999999999999,10.128055878928988,8.731082654249127,60.884749708963916,11.757857974388825,70.51282051282051,32.402913345870274,38.71345029239766,37.96707037286659
4571,鈞興-KY,機械,161.5,2.215189873417711,44593497.825,True,71.9692489651094,28.985507246376812,5.51,2026-06-01,False,26.47058823529412,-0.9202453987730062,-0.05155097419941121,69.61206896551724,-2.1966666666666663,26.426076833527357,34.342258440046564,25.611175785797442,32.36321303841677,31.23543123543124,29.995631066643874,22.690058479532162,36.78427247785743
1723,中碳,其他化學,86.0,-1.1494252873563204,44459884.86,True,81.74006444683137,20.02635046113307,32.12,2026-06-01,False,12.5,2.747909199522099,0.10885288404761995,95.55555555555556,-11.700000000000003,11.350407450523866,50.640279394644935,84.74970896391153,91.9674039580908,14.56876456876457,50.65531286718714,59.29824561403508,52.993944407001194
1907,永豐餘,造紙,29.85,-0.830564784053156,44260029.13250001,True,55.53168635875403,41.23847167325428,12.66,2026-06-01,False,33.33333333333333,0.3361344537815174,0.1350775990598144,95.67307692307693,3.1833333333333336,33.81839348079162,39.34807916181606,89.40628637951106,92.20023282887078,46.85314685314685,60.32522774082728,32.98245614035088,54.91325082204931
5515,建國,營造,52.5,-0.379506641366234,43974579.28,True,0.05370569280343716,96.93675889328063,24.55,2026-06-01,False,100.0,25.148986889153747,0.14301253155772925,94.25493716337522,6.376666666666669,99.35972060535507,91.61816065192085,90.45401629802096,89.75552968568103,58.27505827505828,85.89249710320723,49.1812865497076,61.669594047205706
3356,奇偶,光電及I/O,61.3,-3.0063291139240556,43895914.795,True,0.0,98.5836627140975,24.09,2026-06-01,False,99.33333333333333,7.3555166374781,0.059273395961745995,93.58778625954199,10.523333333333332,98.54481955762515,67.75320139697322,71.59487776484285,88.59138533178114,68.64801864801865,79.02646053984822,48.771929824561404,67.03873332924861
8222,寶一,機車船製造,37.0,-3.26797385620915,43774680.8675,True,23.306627822286963,67.25955204216075,-10.36,2026-06-01,False,69.23076923076923,-1.201602136181583,0.012595928696303748,67.02898550724638,-9.203333333333333,69.84866123399301,33.061699650756694,54.249126891734576,25.72759022118743,16.666666666666664,39.910748932867676,6.549707602339182,42.26606485169073
2397,友通,電腦及週邊,62.2,-1.11287758346581,42960385.92,True,78.30290010741139,23.78129117259552,31.37,2026-06-01,False,22.033898305084744,0.16103059581320678,0.00297748017543327,82.3841059602649,-0.8733333333333313,21.769499417927822,38.53317811408615,49.47613504074505,63.21303841676368,34.38228438228438,41.474827074361414,58.12865497076023,51.144503672841395
2413,環科,電子零組件,45.8,6.635622817229314,42780207.947500005,True,1.6853932584269662,87.94466403162056,33.55,2026-06-01,False,98.02631578947368,13.506815365551414,0.07253139880324384,73.28,3.2366666666666646,96.85681024447031,80.32596041909197,75.32013969732246,43.247962747380676,46.96969696969697,68.54411401559248,61.16959064327485,55.23710080400846
2897,王道銀行,本國銀行,10.85,1.4018691588784993,42559303.71249999,True,46.723952738990334,48.28722002635046,14.1,2026-06-01,False,55.55555555555556,5.853658536585363,0.23769415578777445,100.0,-13.699999999999998,56.92665890570431,62.74738067520372,96.97322467986031,98.19557625145518,13.403263403263404,65.64922078309738,34.97076023391813,56.83640367896847
6023,元大期,期貨,86.4,0.0,42231144.965,True,0.8592910848549946,90.57971014492753,86.15,2026-06-01,False,90.57486631016043,-1.4823261117445805,-0.19761374044028454,80.0,35.92000000000001,90.80325960419093,31.31548311990687,3.7252619324796274,58.0325960419092,92.42424242424242,55.26016862454581,87.71929824561403,76.30991769295181
2546,根基,營造,107.5,1.8957345971563955,42118250.279999994,True,11.761546723952739,76.9433465085639,44.27,2026-06-01,False,73.33333333333333,8.366935483870964,0.04984819500277049,92.27467811158799,14.67333333333334,73.86495925494762,71.36204889406287,68.56810244470314,85.79743888242142,75.87412587412588,75.09333507005218,70.29239766081872,64.64818672603123
8182,加高,電子零組件,38.85,-2.264150943396226,41786803.447500005,True,84.80128893662729,17.523056653491437,5.56,2026-06-01,False,30.92105263157895,-2.631578947368414,0.005879799350108498,65.84745762711864,-1.0399999999999991,31.257275902211873,26.658905704307333,50.87310826542492,23.51571594877765,33.97435897435898,33.255872959016145,22.807017543859647,37.73027592263546
9938,百和,其他紡織,41.15,-1.081730769230771,41770665.39,True,42.0515574650913,52.10803689064558,21.21,2026-06-01,False,52.07219251336899,-3.176470588235297,-0.13191124770016419,68.12913907284768,14.043333333333333,53.43422584400466,24.563445867287545,9.19674039580908,27.939464493597203,74.35897435897436,37.89857019193457,45.73099415204678,50.63530965559028
4903,聯光通,通信網路,36.95,-2.890932982917205,41723277.487500004,True,17.001828153564897,73.38603425559947,4.66,2026-06-01,False,84.61538461538461,-9.1020910209102,-0.02020672437898876,69.45488721804512,-20.279999999999998,85.21536670547147,10.477299185098952,38.882421420256115,31.89755529685681,9.324009324009324,35.15933038633854,22.105263157894736,57.185221493781015
3652,精聯,電腦及週邊,33.05,1.0703363914372988,41716836.849999994,True,6.388888888888888,81.29117259552042,-1.21,2026-06-01,False,84.7457627118644,6.270096463022494,0.015353484359944073,77.40046838407493,-26.45666666666667,85.68102444703143,64.37718277066357,54.83119906868452,52.386495925494756,7.109557109557109,52.87709186428627,14.736842105263156,47.10679492678145
2033,佳大,基本金屬,26.05,5.679513184584195,41534527.03500001,True,56.75105485232067,40.51383399209486,-28.85,2026-06-01,False,24.390243902439025,62.81250000000001,0.015477216853539038,100.0,-22.64666666666667,24.09778812572759,99.0686845168801,54.94761350407451,98.19557625145518,8.391608391608392,56.940254157949155,2.3391812865497075,31.390965286713094
6509,聚和,其他化學,46.8,0.10695187165774556,41214726.11749999,True,15.628356605800214,74.60474308300395,8.49,2026-06-01,False,68.75,2.071973827699009,0.004627739267459698,81.39130434782608,4.216666666666667,69.15017462165308,47.962747380675204,50.174621653084984,60.06984866123399,50.93240093240093,55.65795864980963,27.368421052631582,52.15642423871086
2613,中櫃,貨運倉儲,22.7,0.4424778761061843,41052759.824999996,True,9.559613319011815,79.31488801054019,5.96,2026-06-01,False,92.85714285714286,11.82266009852216,-0.02803100992706274,81.8018018018018,0.49666666666666615,93.07334109429569,77.0663562281723,35.50640279394645,61.69965075669383,37.41258741258741,60.95166765713914,23.391812865497073,50.274612122078565
2206,三陽工業,機車船製造,63.4,0.15797788309637184,40757863.059999995,True,37.91621911922664,56.258234519104086,-13.38,2026-06-01,False,53.84615384615385,4.448105436573304,0.12122637843795839,95.05247376311844,-3.876666666666667,55.29685681024446,57.741559953434226,87.19441210710129,91.26891734575088,26.223776223776223,63.54510448806142,5.263157894736842,48.52184302432449
3485,敘豐,電子設備,210.0,-3.2258064516129004,40725066.425,True,4.761904761904762,82.6086956521739,22.45,2026-06-01,False,96.1038961038961,0.7194244604316548,-0.022383186481423845,54.33376455368693,6.753333333333332,95.80908032596042,41.90919674039581,37.834691501746214,6.402793946449361,59.557109557109555,48.30257441433227,46.900584795321635,51.8008155818339
6667,信紘科,電子設備,239.5,10.36866359447004,40715274.5,True,22.019334049409238,68.51119894598156,-2.5,2026-06-01,False,85.71428571428571,3.9045553145336225,-0.05384120591302145,81.4625850340136,-5.23,86.43771827706635,56.11175785797439,24.79627473806752,60.53550640279395,23.193473193473192,50.21494609387508,12.865497076023392,50.93174097447732
1582,信錦,電子零組件,74.1,-1.331557922769644,40627592.94,True,84.80128893662729,17.523056653491437,-9.5,2026-06-01,False,30.92105263157895,4.366197183098584,0.08864757034016282,62.00836820083681,-2.37,31.257275902211873,57.392316647264266,79.976717112922,15.715948777648428,30.65268065268065,42.998987818545444,7.485380116959065,24.266572037388777
4127,天良,藥,61.3,-12.30329041487841,40398462.93000001,True,48.580121703853955,46.837944664031625,41.38,2026-06-01,False,32.608695652173914,-27.79740871613664,0.022066828236286095,66.41386782231852,-3.68333333333333,32.9452852153667,0.46565774155995343,57.85797438882422,25.029103608847496,26.689976689976692,28.597599528915016,68.30409356725147,56.453206162476434
5464,霖宏,印刷電路板,69.5,0.28860028860029363,40035737.47,True,99.16666666666667,2.635046113306983,36.81,2026-06-01,False,6.976744186046512,11.022364217252393,-0.13168440031928805,64.65116279069767,-4.839999999999996,5.587892898719441,75.90221187427241,9.31315483119907,21.187427240977883,24.358974358974358,27.26993224082863,64.79532163742691,28.917107475712957
2838,聯邦銀,本國銀行,20.85,1.4598540145985384,39741558.905,True,62.137486573576794,35.83662714097497,-2.49,2026-06-01,False,22.22222222222222,0.9685230024213213,-0.15483117559949408,84.41295546558705,-42.973333333333336,22.118742724097785,42.84051222351572,6.752037252619325,69.38300349243306,4.428904428904429,29.10464002431406,13.04093567251462,40.42554241638244
4105,東洋,藥,77.0,-0.9009009009009028,39157039.985,True,0.966702470461869,90.1844532279315,15.28,2026-06-01,False,82.6086956521739,0.5221932114882581,-0.03532883536387366,89.22363847045192,5.413333333333332,82.94528521536671,40.62863795110594,31.548311990686845,79.04540162980209,54.66200466200466,57.76592828979325,36.84210526315789,64.55103853930518
6188,廣明,光電及I/O,66.6,-1.9145802650957444,38844809.08,True,50.02776235424764,45.78392621870883,-1.9,2026-06-01,False,54.666666666666664,-5.932203389830513,-0.0026211275657282546,51.230769230769226,10.319999999999999,56.344586728754365,18.859138533178115,46.682188591385334,4.656577415599535,68.29836829836829,38.96817191345713,13.801169590643275,38.98579880045476
6651,全宇昕,半導體,151.0,-0.330033003300334,38252286.075,True,80.51660516605166,21.34387351778656,19.46,2026-06-01,False,30.303030303030305,25.833333333333336,0.07850842319338601,89.3491124260355,6.140000000000001,30.384167636786962,91.9674039580908,77.64842840512223,79.27823050058207,57.57575757575758,67.37079761526793,43.50877192982456,40.3009415272757
2108,南帝,橡膠原料,29.7,-2.782324058919805,37483678.0675,True,51.50375939849624,44.13702239789196,31.78,2026-06-01,False,44.05080213903743,8.196721311475411,0.2696902877109418,92.37947122861586,0.11333333333333329,44.23748544819557,70.54714784633295,98.0209545983702,86.0302677532014,36.48018648018648,67.06320842525732,58.71345029239766,54.608513911865415
3078,僑威,電子零組件,46.1,-3.556485355648531,37292014.74,True,74.38238453276047,26.613965744400524,-57.6,2026-06-01,False,44.73684210526316,-12.68939393939393,0.0269723981387888,53.11059907834101,-5.680000000000007,45.86728754365541,6.402793946449361,59.953434225844006,6.169965075669383,22.02797202797203,28.08429056391804,1.0526315789473684,36.671772562955695
2365,昆盈,光電及I/O,29.15,-3.316749585406298,37285649.364999995,True,52.71651425497579,43.280632411067195,-17.28,2026-06-01,False,50.66666666666667,-2.995008319467561,-0.01029221559627777,62.02127659574468,-26.586666666666666,52.386495925494756,25.145518044237487,43.189755529685684,15.948777648428406,6.993006993006993,28.732710828170667,4.093567251461988,36.820830695286915
4746,台耀,藥,45.35,-4.926624737945495,37035304.42,True,24.423337856173678,66.3372859025033,0.29,2026-06-01,False,43.47826086956522,-14.272211720226839,-0.12258718684596064,65.44011544011545,10.406666666666666,43.77182770663563,4.889406286379511,10.593713620488941,22.933643771827704,68.41491841491842,30.12070196005004,16.95906432748538,44.6937823798923
6015,宏遠證,證券,16.8,3.0674846625766916,37016855.47,True,1.8972332015810278,87.28590250329381,270.84,2026-06-01,False,37.5,5.329153605015683,0.0008853667073319663,73.36244541484717,-1343.4433333333336,38.18393480791618,61.11757857974389,48.428405122235155,43.655413271245635,0.5827505827505828,38.393616472778284,96.84210526315789,54.39096869064396
2527,宏璟,建設,42.95,0.0,36938020.89,True,39.9677245831092,53.8866930171278,365.12,2026-06-01,False,48.275862068965516,0.4678362573099482,-0.07307213813088825,85.04950495049506,245.64666666666665,49.47613504074505,40.162980209545985,19.09196740395809,71.24563445867288,99.06759906759906,55.808863236104216,98.01169590643275,69.64262129907617
2850,新產,產險,159.0,-1.2422360248447228,36854710.3,True,86.78839957035446,15.711462450592887,2.09,2026-05-01,False,20.0,0.9523809523809524,0.015181469852296656,94.3620178041543,-26.413333333333334,19.383003492433062,42.724097788125725,54.714784633294535,90.104772991851,7.226107226107226,42.830553226362305,18.30409356725146,46.266943065852445
1434,福懋,成衣,18.2,-0.2739726027397249,36849539.13,True,46.88506981740064,47.95783926218709,-1.45,2026-06-01,False,30.434782608695656,5.50724637681159,0.20767143274240335,93.09462915601023,-1.1366666666666665,30.558789289871946,61.69965075669383,95.69266589057042,87.66006984866124,33.44988344988345,61.81221184713617,14.269005847953217,42.69705355744814
6642,富致,電子零組件,83.3,4.385964912280693,36846908.275,True,73.35701598579041,27.733860342555992,52.49,2026-06-01,False,48.026315789473685,8.181818181818178,0.10796339266846894,90.64200217627855,23.520000000000003,49.12689173457509,70.43073341094296,84.40046565774156,82.30500582072176,86.94638694638695,74.64189671407367,76.14035087719299,59.285378755386716
6143,振曜,光電及I/O,87.5,-1.241534988713311,36725286.87499999,True,12.406015037593985,76.6798418972332,30.63,2026-06-01,False,74.66666666666667,-6.716417910447758,-0.1319716016522194,57.56578947368421,17.939999999999998,75.43655413271246,16.763678696158323,9.080325960419092,9.31315483119907,80.41958041958041,38.20265880801387,57.42690058479533,56.35323271313713
3703,欣陸,營造,20.0,3.0927835051546504,36696861.4,True,27.536231884057973,63.63636363636363,-5.55,2026-06-01,False,40.0,-1.7199017199017268,-0.29335194105907114,82.9875518672199,-1.6233333333333326,40.33760186263097,30.73341094295693,0.6984866123399301,65.54132712456344,31.934731934731936,33.84911169544464,10.175438596491228,46.330239160182174
1712,興農,藥,40.65,-0.974421437271622,36319072.092499994,True,62.191192266380234,35.77075098814229,4.08,2026-06-01,False,23.91304347826087,5.310880829015536,0.08089104692481064,86.21420996818664,-4.223333333333333,23.63213038416764,61.0011641443539,78.23050058207218,73.10826542491269,25.524475524475527,52.29930721199638,21.052631578947366,39.19796581091845
2501,國建,建設,22.55,0.22222222222223476,36110179.07,True,10.04296455424275,78.59025032938077,-71.58,2026-06-01,False,86.20689655172413,1.348314606741576,-0.028968054533154822,83.51851851851852,-51.55,86.84516880093132,44.35389988358556,34.57508731082654,66.70547147846332,3.9627039627039626,47.28846628730214,0.7017543859649122,52.4746236954435
6261,久元,半導體,78.4,-1.9999999999999907,36090266.25,True,61.815252416756174,36.100131752305664,33.71,2026-06-01,False,50.0,0.12771392081737998,0.0991292409836628,58.72659176029963,20.843333333333334,51.222351571594885,38.30034924330617,82.30500582072176,10.71012805587893,84.38228438228438,53.38402381475722,61.52046783625731,46.28814955510624
4968,立積,半導體,91.0,-2.8815368196371427,35892015.55499999,True,10.962566844919785,77.60210803689066,-1.09,2026-06-01,False,87.87878787878788,-7.89473684210526,0.019491698550970393,54.65465465465466,-2.8600000000000003,88.35855646100116,13.38766006984866,56.69383003492433,6.635622817229336,29.72027972027972,38.95918982065664,14.97076023391813,49.14431986057499
3218,大學光,醫藥通路,138.5,-1.4234875444839812,35812349.225,True,0.6981740064446832,91.76548089591567,17.08,2026-06-01,False,77.77777777777779,-1.0714285714285714,-0.00363474741024247,76.73130193905817,6.756666666666666,78.8707799767171,33.64377182770664,46.216530849825375,50.756693830034926,59.67365967365967,53.83228723158875,40.526315789473685,59.12750444212977
2597,潤弘,營造,169.0,-0.588235294117645,35721911.125,True,69.97851772287864,30.10540184453228,2.95,2026-06-01,False,20.0,3.3639143730886847,0.3612333927936378,82.84313725490196,-10.32,19.383003492433062,54.0162980209546,99.76717112922002,64.95925494761352,15.61771561771562,50.748688641587364,19.824561403508774,37.53763045565019
5426,振發,電子零組件,28.8,-1.7064846416382284,35534932.980000004,True,49.23076923076923,46.57444005270092,44.52,2026-06-01,False,71.71052631578947,12.062256809338527,-0.03502912944350539,72.63556116015133,19.45666666666667,72.64260768335274,77.41559953434226,31.781140861466824,41.327124563445864,82.28438228438229,61.09017098539799,70.52631578947368,51.7701121254825
2543,皇昌,營造,38.45,0.3916449086162066,35423764.85,True,21.597444089456868,68.77470355731225,105.33,2026-06-01,False,53.333333333333336,2.6702269692923895,0.04428457447703739,49.04336734693878,20.789999999999992,54.77299185098953,50.40745052386496,66.70547147846332,3.259604190919674,84.14918414918415,51.85894043868433,90.64327485380117,49.567105092961356
6873,泓德能源,光電及I/O,68.1,-1.1611030478955175,34625963.300000004,True,98.58989424206815,3.293807641633729,42.53,2026-06-01,False,5.333333333333334,-12.6923076923077,-0.05543671093056728,47.78947368421052,51.13666666666666,4.074505238649592,6.286379511059372,24.09778812572759,2.910360884749709,95.33799533799534,26.54140581963632,69.00584795321637,42.42608364138908
5299,杰力,半導體,97.3,0.0,34620865.14999999,True,20.0859291084855,70.09222661396575,-4.2,2026-06-01,False,83.33333333333334,-7.333333333333336,-0.046450988809541766,68.76325088339222,-3.43,83.87660069848661,15.133876600698487,28.172293364377182,29.68568102444703,27.972027972027973,36.96809593200746,11.345029239766081,52.44335859050031
1440,南紡,人纖,13.9,-2.1126760563380254,34608054.99499999,True,99.74337040205303,0.592885375494071,-11.53,2026-06-01,False,11.11111111111111,13.00813008130081,0.21418527271400478,89.1025641025641,2.2200000000000006,9.778812572759023,79.27823050058207,96.04190919674039,78.81257275902212,43.35664335664335,61.45363367714939,5.6725146198830405,28.74641736277053
1707,葡萄王,藥,90.5,-1.4161220043573008,34409580.98,True,2.0945220193340495,87.02239789196311,-7.24,2026-06-01,False,73.91304347826086,2.0293122886133,-0.10115888088049892,68.8212927756654,-1.2199999999999998,74.73806752037252,47.72991850989523,14.086146682188591,29.80209545983702,33.21678321678322,39.91460227781532,9.005847953216374,41.45402310588267
2420,新巨,電子零組件,54.4,-0.5484460694698434,34189340.69499999,True,54.08163265306123,42.226613965744406,10.73,2026-06-01,False,68.42105263157895,-1.4492753623188481,0.10878582905757847,83.30781010719755,8.393333333333334,68.9755529685681,31.548311990686845,84.63329452852155,66.23981373690337,63.86946386946387,63.053287418828745,29.82456140350877,58.37290402957335
6205,詮欣,電子零組件,65.9,-3.513909224011702,33805025.660000004,True,74.54350161117078,26.515151515151516,34.36,2026-06-01,False,44.07894736842105,9.650582362728793,-0.011167742277172854,67.10794297352342,31.92,44.470314318975554,74.0395809080326,42.84051222351572,26.07683352735739,91.14219114219114,55.71388642401448,62.3391812865497,39.71168705621251
3046,建碁,電腦及週邊,55.4,-1.4234875444839923,33017695.459999997,True,4.585152838427948,82.87220026350461,53.63,2026-06-01,False,88.13559322033898,-0.18018018018018275,0.07183813149692396,86.5625,3.3766666666666723,88.70779976717112,37.0197904540163,75.20372526193248,73.80675203725262,47.66899766899767,64.48141303787403,76.7251461988304,75.55497688730946
1612,宏泰,電纜,34.85,0.5772005772005873,33003746.125,True,14.017185821697101,75.69169960474308,-11.28,2026-06-01,False,63.63636363636363,13.33333333333334,0.15336801331407843,85.73185731857319,-3.4966666666666653,64.20256111757858,79.86030267753202,91.85098952270081,72.29336437718277,27.505827505827508,67.14260904016433,5.964912280701754,40.650133774482775
2010,春源,基本金屬,22.55,0.44543429844099425,32146745.475,True,1.7185821697099892,87.8129117259552,-0.43,2026-06-01,False,92.6829268292683,6.872037914691939,0.22150616617026972,87.40310077519379,-0.6966666666666667,92.89871944121072,66.35622817229336,96.39115250291036,75.08731082654249,34.61538461538461,73.0697591116683,16.49122807017544,54.53025754140882
2753,八方雲集,餐飲飯店,179.5,-1.3736263736263687,32084371.8,True,0.24813895781637718,94.66403162055336,10.85,2026-06-01,False,83.33333333333334,0.27932960893854747,0.10958529345173706,82.7188940092166,0.14999999999999858,83.87660069848661,39.231664726426075,84.98253783469151,64.72642607683353,36.71328671328671,61.90610320994489,30.0,59.84284051222352
4561,健椿,機械,43.5,0.34602076124568004,31252510.284999996,True,69.01181525241675,30.86297760210804,43.42,2026-06-01,False,29.411764705882355,19.83471074380166,-0.008699561243117413,76.58450704225352,16.19333333333333,29.68568102444703,88.35855646100116,43.538998835855644,50.40745052386496,78.32167832167832,58.06247303336943,69.47368421052632,40.30206482445929
9907,統一實,金屬製品,15.25,-1.6129032258064502,30848224.152500004,True,44.46831364124597,50.39525691699605,-6.1,2026-06-01,False,42.857142857142854,4.810996563573878,0.29972454882846766,75.68238213399503,9.593333333333335,43.247962747380676,59.37136204889406,99.0686845168801,47.962747380675204,66.78321678321679,63.28679469540937,10.058479532163743,35.47445690283139
2607,榮運,貨運倉儲,53.5,0.37523452157599557,30843013.682499997,True,24.328678839957036,66.40316205533597,25.41,2026-06-01,False,71.42857142857143,13.829787234042554,0.08569550030615819,90.21922428330524,5.366666666666667,72.35157159487777,81.0244470314319,79.51105937136205,80.44237485448195,54.42890442890443,73.55167145621162,50.29239766081871,55.515474269686635
8473,山林水,資源回收,45.7,-0.5440696409140355,30641986.967499994,True,0.8469055374592834,90.71146245059289,18.1,2026-06-01,False,82.6086956521739,10.386473429951701,-0.03215074321354534,81.60714285714286,4.586666666666666,82.94528521536671,75.08731082654249,33.29452852153667,61.0011641443539,51.981351981351985,60.861928137830354,41.40350877192983,52.565661826276994
2034,允強,基本金屬,21.1,2.9268292682926855,30564962.7575,True,82.04144282425173,19.696969696969695,22.48,2026-06-01,False,12.195121951219512,11.345646437994734,0.3894805629756321,93.56984478935699,17.293333333333333,11.059371362048893,76.48428405122235,99.88358556461002,88.47497089639114,79.6037296037296,71.1011882956004,47.01754385964912,42.5169005167167
2442,新美齊,建設,19.3,0.25974025974027093,30426762.027499996,True,15.895953757225435,74.3741765480896,220.09,2026-06-01,False,79.3103448275862,1.8469656992084509,-0.09244630289538354,69.42446043165468,97.56333333333332,80.55878928987195,47.0314318975553,15.250291036088475,31.664726426076832,97.55244755244755,54.41153724040803,95.78947368421052,65.245389375651
9917,中保科,保全,106.5,0.4716981132075526,30197720.8,True,0.37593984962406013,93.54413702239789,2.56,2026-06-01,False,93.58288770053476,-1.3888888888888888,0.11734726024166746,87.29508196721312,0.29666666666666686,93.83003492433062,31.89755529685681,86.37951105937137,74.73806752037252,36.82983682983683,64.73500112615363,18.83040935672515,63.87523912614287
5222,全訊,通信網路,104.5,-1.4150943396226467,29992844.3,True,87.79661016949153,14.953886693017127,-4.97,2026-06-01,False,30.76923076923077,-7.52212389380531,-0.05024320108143012,64.50617283950618,-14.48,31.024447031431894,14.086146682188591,26.07683352735739,20.838183934807915,12.937062937062937,20.992534822569745,10.64327485380117,37.1049397844631
4721,美琪瑪,其他化學,71.8,-2.046384720327421,29906646.130000003,True,2.5549613784907903,85.83662714097497,-19.35,2026-06-01,False,87.5,0.5602240896358424,-0.10130302739469003,71.08910891089108,-2.9733333333333327,88.0675203725262,40.86146682188591,13.969732246798602,36.20488940628638,29.48717948717949,41.71815766693531,3.3918128654970756,46.70068895560594
8040,九暘,半導體,75.0,-9.529553679131485,29905225.220000006,True,99.2603550295858,2.2397891963109355,34.49,2026-06-01,False,2.272727272727273,1.488497970230033,0.07419706235052038,60.0,-4.969999999999999,1.2805587892898718,45.16880093131548,76.13504074505238,12.863795110593715,23.892773892773892,31.868193893805067,62.4561403508772,32.85792332986133
2480,敦陽科,資訊服務,156.0,-0.31948881789137795,29860675.475,True,81.63265306122449,20.092226613965742,14.66,2026-06-01,False,4.444444444444445,1.9607843137254901,0.29059547543603786,87.64044943820225,1.6633333333333358,3.026775320139697,47.49708963911525,98.83585564610011,75.90221187427241,41.02564102564102,53.257514701053694,36.0233918128655,41.86382234204059
3402,漢科,電子設備,121.5,0.4132231404958775,29815416.65,True,86.89581095596132,15.612648221343871,29.9,2026-06-01,False,27.27272727272727,-6.538461538461539,-0.17653213401404919,76.89873417721519,7.363333333333333,27.41559953434226,17.462165308498253,5.122235157159487,50.87310826542492,61.3053613053613,32.43569391415724,56.60818713450292,54.358682406442966
4536,拓凱,其他,164.5,0.0,29812104.2,True,46.777658431793775,48.0566534914361,10.04,2026-06-01,False,41.66666666666667,-0.9036144578313252,0.25094639991089374,84.35897435897436,5.533333333333332,42.0256111757858,34.458672875436555,97.55529685681024,69.0337601862631,55.47785547785548,59.710239314430225,29.005847953216374,51.40163660995718
2535,達欣工,營造,89.4,-0.11173184357541333,29659961.29,True,29.64554242749731,61.98945981554678,19.94,2026-06-01,False,33.33333333333333,1.7064846416382253,-0.02509196647025035,92.45087900723888,19.6,33.81839348079162,46.33294528521537,36.90337601862631,86.37951105937137,82.86713286713287,57.26027174222751,43.9766081871345,54.46039186052053
8074,鉅橡,印刷電路板,53.3,-3.616636528028938,29505026.314999998,True,77.92696025778733,24.110671936758894,22.99,2026-06-01,False,60.46511627906976,-2.914389799635704,0.08376469232914467,57.49730312837108,-1.1466666666666683,61.11757857974389,25.378346915017463,79.16181606519208,9.19674039580908,33.33333333333333,41.63756305781917,47.953216374269005,48.22229710870113
4114,健喬,藥,29.8,0.33670033670034627,29261495.330000002,True,23.039742212674543,67.65480895915678,30.68,2026-06-01,False,47.82608695652174,2.9360967184801434,0.21613565200070264,81.53214774281807,11.643333333333334,48.894062863795114,51.804423748544814,96.15832363213038,60.768335273573925,70.74592074592074,65.674213252793,57.66081871345029,53.87969827556863
7768,頌勝科技,樹脂,282.5,-1.2237762237762184,29218634.25,True,4.819277108433735,82.47694334650856,11.91,2026-06-01,False,92.85714285714286,7.8244274809160315,-0.09926470588235294,57.83009211873081,5.323333333333334,93.07334109429569,69.38300349243306,14.318975552968569,9.429569266589057,54.07925407925408,48.05682869710809,31.929824561403507,41.2624328574638
6585,鼎基,樹脂,113.0,0.0,29098762.15,True,25.119846596356666,65.48089591567853,91.44,2026-06-01,False,64.28571428571429,-6.995884773662551,0.03035795060945878,75.08305647840533,32.449999999999996,64.61001164144355,15.832363213038416,62.514551804423746,47.26426076833528,91.6083916083916,56.36591580712652,88.7719298245614,71.20345975532545
5474,聰泰,電腦及週邊,149.0,-0.9966777408637828,29046433.7,True,75.83243823845328,25.428194993412383,16.3,2026-06-01,False,23.728813559322035,0.0,0.02100305860930652,70.78384798099762,16.776666666666667,23.51571594877765,37.951105937136205,57.50873108265425,35.389988358556465,79.02097902097903,46.67730406962072,39.356725146198826,40.07783087909918
3290,東浦,電子零組件,45.5,-6.570841889117052,28897823.797500003,True,1.1514104778353482,89.6574440052701,88.72,2026-06-01,False,98.68421052631578,-14.473684210526319,-0.12569899073165988,63.81486676016831,3.9766666666666737,97.90454016298021,4.656577415599535,10.128055878928988,19.20838183934808,49.65034965034965,36.309580989441294,88.30409356725146,75.19010953849505
4129,聯合,醫療耗材,81.5,0.0,28622530.95,True,0.0,98.5836627140975,17.08,2026-06-01,False,98.61111111111111,-2.160864345738292,-0.06848547129509354,62.213740458015266,1.0299999999999976,97.78812572759023,28.28870779976717,20.13969732246799,16.181606519208383,39.39393939393939,40.358415352594626,40.526315789473685,56.55183505912628
9925,新保,保全,39.55,-1.1250000000000093,28399509.7625,True,1.8796992481203008,87.41765480895916,3.31,2026-06-01,False,87.43315508021391,-1.3715710723192125,-0.40099226285785144,95.3012048192771,0.5066666666666668,87.77648428405122,32.0139697322468,0.3492433061699651,91.50174621653086,37.52913752913753,49.83411621362727,20.46783625730994,66.9330242564113
5432,新門,電子零組件,155.0,4.026845637583887,28137012.425,True,29.565772669220948,62.055335968379445,18.54,2026-06-01,False,84.86842105263158,42.857142857142854,-0.026816955964674902,83.78378378378379,25.06,86.0302677532014,97.08963911525029,36.08847497089639,67.52037252619326,87.87878787878788,74.92150844886585,41.98830409356725,49.612326314427904
2348,海悅,建設,72.1,1.4064697609001309,28129020.294999998,True,92.10526315789474,10.80368906455863,247.66,2026-06-01,False,5.172413793103448,4.796511627906972,0.044990626323278715,68.99521531100477,210.90666666666667,3.4924330616996504,59.13853317811408,67.05471478463329,30.61699650756694,98.83449883449883,51.827435273302555,96.49122807017544,42.86553111533199
4716,大立,樹脂,17.3,0.0,27912401.21,True,58.6053412462908,39.064558629776016,-0.84,2026-06-01,False,35.714285714285715,1.7647058823529453,0.010390392640592072,71.48760330578513,6.5133333333333345,36.32130384167637,46.682188591385334,52.61932479627474,37.13620488940629,58.97435897435898,46.34667621862034,15.204678362573098,35.4949996255676
2070,精湛,儀器設備,63.0,-5.120481927710852,27862065.28,True,80.41104688503532,21.541501976284586,33.17,2026-06-01,False,21.323529411764707,18.867924528301888,-0.004928378633984946,76.45631067961165,7.170000000000002,21.071012805587895,86.72875436554133,45.51804423748545,49.825378346915016,60.83916083916085,52.79647011893811,60.81871345029239,36.24658755931349
3114,好德,電子通路,31.8,-8.225108225108224,27774301.312499993,True,22.55639097744361,68.18181818181817,-16.21,2026-06-01,False,69.23076923076923,-5.216095380029796,-0.05874435062998436,55.11265164644714,-9.556666666666668,69.84866123399301,19.79045401629802,23.166472642607683,7.1012805587892895,16.317016317016318,27.244776953740864,4.3274853801169595,40.37174328915031
5225,東科-KY,消費性電子,57.4,-6.0556464811784005,27687769.51,True,61.79245283018868,36.16600790513834,17.8,2026-06-01,False,47.368421052631575,-23.973509933774835,-0.1303562492348599,49.27038626609442,11.693333333333335,48.19557625145518,0.9313154831199069,9.662398137369035,3.3760186263096625,71.32867132867133,26.698795965385024,41.16959064327486,47.952467509479945
6768,志強-KY,鞋及旅行箱,64.1,0.15624999999999112,27554309.975,True,30.604437643458297,61.396574440052696,5.2,2026-06-01,False,55.55555555555556,-2.8787878787878873,-0.02532690195692537,51.902834008097166,2.146666666666667,56.92665890570431,25.611175785797442,36.670547147846335,5.471478463329453,43.12354312354312,33.56068068524413,22.45614035087719,39.810775483528374
2611,志信,貨運倉儲,14.45,-1.3651877133105894,27437912.122499995,True,18.872549019607842,71.40974967061923,56.42,2026-06-01,False,85.71428571428571,7.83582089552238,-0.02603208839246474,84.01162790697674,-1.5100000000000051,86.43771827706635,69.49941792782305,36.43771827706635,68.10244470314319,32.05128205128205,58.50571624727619,77.77777777777779,65.70463070754107
2106,建大,輪胎,17.3,-0.5747126436781436,27411500.884999998,True,50.241254523522315,45.586297760210805,11.6,2026-06-01,False,20.0,-4.419889502762434,-0.2590778097705717,81.41176470588236,5.493333333333333,19.383003492433062,21.653084982537834,1.2805587892898718,60.18626309662398,55.12820512820513,31.52622309781798,31.2280701754386,47.28606294548945
2816,旺旺保,產險,40.0,2.8277634961439535,27336064.620000005,True,0.1850709438618137,95.32279314888011,22.17,2026-05-01,False,100.0,18.870728083209514,0.11712761585481825,100.0,-9.083333333333329,99.35972060535507,86.84516880093132,86.26309662398137,98.19557625145518,16.8997668997669,77.51266583629797,46.666666666666664,64.3441986806364
7722,LINEPAY,數位雲端,280.0,1.0830324909747224,27172426.475,True,1.4184397163120568,88.866930171278,14.16,2026-06-01,False,73.91304347826086,3.7037037037037033,0.007707741533522709,45.16129032258064,-0.09999999999999964,74.73806752037252,55.529685681024446,51.571594877764845,2.3282887077997674,35.66433566433567,43.96639449025945,35.32163742690059,39.21457699351211
6186,新潤,建設,31.3,-0.4769475357710662,26947756.6325,True,33.35377069282649,59.42028985507246,-97.85,2026-06-01,False,60.3448275862069,-26.266195524146056,-0.22318161213323123,46.71641791044776,-10.73333333333332,61.0011641443539,0.5820721769499418,2.4447031431897557,2.4447031431897557,15.384615384615385,16.37145159845975,0.11695906432748539,40.7451885437303
6469,大樹,醫藥通路,67.4,-0.7363770250368162,26557771.610000003,True,1.8796992481203008,87.41765480895916,-4.9,2026-06-01,False,55.55555555555556,-5.070422535211259,-0.27376884702792026,48.84057971014493,-3.8033333333333337,56.92665890570431,20.256111757857976,0.9313154831199069,3.143189755529686,26.340326340326342,21.51952044850764,10.760233918128655,37.64349270537617
6411,晶焱,半導體,80.2,-1.4742014742014753,26140225.845,True,49.08700322234157,46.6403162055336,9.84,2026-06-01,False,62.121212121212125,3.084832904884326,-0.010925824294353105,70.35087719298247,-4.109999999999998,62.63096623981374,52.9685681024447,42.9569266589057,34.458672875436555,25.874125874125873,43.77785195014531,28.771929824561404,43.22325020934175
6112,邁達特,資訊服務,45.9,-0.21739130434782483,25873014.88,True,30.760688506385343,61.19894598155467,-2.29,2026-06-01,False,44.44444444444444,7.746478873239429,0.28928679521893913,81.09540636042402,-15.11,45.401629802095464,69.0337601862631,98.71944121071013,59.60419091967404,12.237762237762238,56.999356871300996,13.450292397660817,37.355588233291805
3528,安馳,電子通路,83.3,-3.139534883720929,25856714.94,True,0.0,98.5836627140975,57.4,2026-06-01,False,98.07692307692307,-6.193693693693693,-0.048232728150339244,59.5,-11.756666666666668,97.0314318975553,18.160651920838184,27.124563445867288,11.990686845168801,14.452214452214452,33.75190971232881,78.01169590643275,67.21829068207967
6204,艾華,電子零組件,91.6,1.777777777777767,25781701.330000002,True,90.44038668098818,12.549407114624506,8.99,2026-06-01,False,24.013157894736842,22.62382864792502,0.029461408927798798,73.28,0.9666666666666668,23.923166472642606,90.22118742724098,61.9324796274738,43.247962747380676,39.27738927738928,51.72043711042547,27.719298245614034,26.167310009599085
3066,李洲,光電及I/O,24.7,-4.263565891472876,25716624.4525,True,0.7962840079628402,91.23847167325428,49.95,2026-06-01,False,90.66666666666666,13.043478260869554,0.016820222356296984,81.78807947019867,-2.213333333333331,90.91967403958091,79.39464493597205,55.76251455180442,61.58323632130384,31.002331002331,63.73248017019845,74.03508771929825,61.78583828605274
4533,協易機,機械,25.7,-2.4667931688804656,25690755.812499993,True,61.85968819599109,36.03425559947299,0.49,2026-06-01,False,44.11764705882353,2.5948103792415114,-0.07012346232174323,62.303030303030305,-5.079999999999999,44.58672875436554,49.825378346915016,19.67403958090803,16.530849825378347,23.543123543123542,30.832024010138092,17.309941520467838,32.15053543832418
3663,鑫科,資源回收,62.1,-0.7987220447284393,25597379.115,True,89.73091707852828,12.97760210803689,22.76,2026-06-01,False,17.391304347826086,-3.5714285714285774,0.060457988935193704,67.72082878953108,19.596666666666668,16.41443538998836,23.864959254947614,72.29336437718277,27.473806752037255,82.75058275058275,44.55942970494775,47.719298245614034,41.93564528317301
5490,同亨,電腦及週邊,26.5,-3.985507246376818,25588323.82,True,24.93946731234867,65.74440052700923,50.22,2026-06-01,False,74.57627118644068,-17.1875,-0.09110291703943146,72.90233837689132,14.523333333333333,75.32013969732246,2.910360884749709,15.599534342258439,42.14202561117579,75.64102564102564,42.3226172353064,74.61988304093568,72.29292186617106
1232,大統益,油脂飼料,157.0,0.31948881789136685,25552537.225,True,11.224489795918368,77.40447957839262,16.3,2026-06-01,False,87.5,2.9508196721311477,0.11061692563427493,93.17507418397626,6.526666666666667,88.0675203725262,52.03725261932479,85.21536670547147,88.0093131548312,59.09090909090909,74.48407238861255,39.356725146198826,65.84907651355786
6425,易發,電子設備,62.8,-3.384615384615386,25484744.625,True,41.44620811287478,52.635046113306984,25.87,2026-06-01,False,72.72727272727273,13.153153153153148,-0.12311590943647557,61.26829268292683,-8.279999999999998,73.28288707799767,79.51105937136205,10.360884749708964,14.435389988358557,17.482517482517483,39.01454773398895,50.994152046783626,39.80034243544445
2414,精技,電子通路,52.5,0.1908396946564972,25481302.55,True,44.79054779806659,50.032938076416336,87.26,2026-06-01,False,53.84615384615385,-13.366336633663368,-0.1830037216729312,81.26934984520125,27.406666666666673,55.29685681024446,5.820721769499418,4.772991850989523,59.953434225844006,89.74358974358975,43.11751888003344,87.953216374269,74.34569641021452
2905,三商,百貨批發,18.15,1.9662921348314377,25449059.065000005,True,16.071428571428573,74.17654808959156,-19.95,2026-05-01,False,57.89473684210527,11.009174311926587,0.13695638581033803,100.0,-111.84666666666666,59.08032596041909,75.78579743888241,89.87194412107101,98.19557625145518,1.9813519813519813,64.98299915063593,3.1578947368421053,46.16199987745849
3622,洋華,光電及I/O,52.7,-1.3108614232209659,25361980.979999997,True,11.619150080688541,77.14097496706192,-19.47,2026-06-01,False,76.0,-2.407407407407402,-0.13409606488868187,72.19178082191782,-19.093333333333334,77.0663562281723,27.357392316647267,8.847497089639116,39.58090803259604,10.023310023310025,32.57509273807295,3.274853801169591,48.14118143632267
4952,凌通,半導體,50.6,-1.5564202334630295,25319495.77,True,79.75295381310418,22.06851119894598,50.03,2026-06-01,False,31.060606060606062,3.476482617586918,0.01274179315427488,83.63636363636364,23.143333333333334,31.431897555296857,54.48195576251456,54.36554132712457,67.05471478463329,86.5967365967366,58.786169205261174,74.32748538011697,54.58303548938314
3548,兆利,電子零組件,83.2,-2.232667450058745,25306616.595000003,True,96.34801288936627,5.270092226613966,7.06,2026-06-01,False,9.210526315789473,9.043250327654006,0.09797092282910708,71.72413793103448,17.073333333333334,7.799767171129219,72.64260768335274,82.07217694994179,37.951105937136205,79.37062937062937,55.96725742243787,25.497076023391813,24.651335362076125
6799,來頡,半導體,80.6,-1.225490196078427,25079858.154999997,True,10.295519542421355,78.39262187088273,6.47,2026-06-01,False,89.39393939393939,-7.356321839080467,-0.07887955829279372,72.28699551569507,0.4033333333333333,89.75552968568103,15.017462165308498,17.229336437718278,40.046565774155994,37.17948717948718,39.84567624847019,24.210526315789473,59.748789902579496
6811,宏碁資訊,數位雲端,222.0,-1.1135857461024523,24941353.825,True,14.184397163120568,75.42819499341239,6.56,2026-06-01,False,47.82608695652174,-9.75609756097561,-0.1543139779479755,84.57142857142857,-13.88666666666667,48.894062863795114,9.080325960419092,6.984866123399301,69.965075669383,13.286713286713287,29.642208780741953,24.444444444444443,58.55581425430087
1231,聯華食,其他食品,80.6,0.4987531172069737,24871493.874999996,True,36.036519871106336,57.31225296442688,6.95,2026-06-01,False,33.33333333333333,0.6242197253433209,-0.11205265355136962,59.26470588235294,5.35,33.81839348079162,41.443538998835855,12.107101280558789,11.525029103608848,54.1958041958042,30.617973411919866,25.146198830409354,32.26152060399349
5263,智崴,其他電子,103.0,4.994903160040787,24794851.86,True,72.02472952086553,28.85375494071146,90.23,2026-06-01,False,28.676470588235293,10.991379310344831,0.04855203774715089,82.39999999999999,19.10333333333334,28.754365541327125,75.66938300349243,68.33527357392316,63.329452852153665,81.81818181818183,63.581331357815635,88.65497076023392,51.26735153755557
6863,永道-KY,通信網路,104.5,-2.336448598130836,24565769.75,True,84.36754176610978,17.984189723320156,80.81,2026-06-01,False,36.53846153846153,-22.59259259259259,-0.027764995070208673,66.34920634920634,14.076666666666668,37.13620488940629,1.2805587892898718,35.85564610011641,24.563445867287545,74.5920745920746,34.68558604763494,86.78362573099415,61.80067942459953
4556,旭然,其他電製品,72.9,4.142857142857159,24330610.775,True,67.54232340922358,31.818181818181817,14.45,2026-06-01,False,62.5,-13.727810650887568,-0.06263265997632304,55.0188679245283,12.559999999999999,63.0384167636787,5.355064027939465,22.118742724097785,6.984866123399301,72.72727272727273,34.0448724732776,35.67251461988304,50.08518336975539
4163,鐿鈦,醫療耗材,137.0,-0.363636363636366,24106738.575,True,85.71428571428571,16.699604743083004,7.69,2026-06-01,False,2.7777777777777777,11.83673469387755,0.06752526402181926,91.33333333333333,-4.333333333333333,1.8626309662398137,77.18277066356228,73.9231664726426,83.70197904540163,25.29137529137529,52.392384487844325,26.432748538011698,33.703646971522716
3483,力致,電子零組件,80.0,0.5025125628140836,23795158.555,True,91.08485499462942,11.725955204216074,-18.47,2026-06-01,False,21.710526315789476,8.843537414965986,-0.013186943406953764,59.925093632958806,-8.08,21.536670547147846,72.29336437718277,42.374854481955765,12.689173457508732,17.832167832167833,33.34524613919259,3.7426900584795324,16.418792421488334
6592,和潤企業,租賃,61.0,-0.326797385620925,23664263.625,True,1.4660965180207697,88.66930171277997,-6.2,2026-06-01,False,88.70320855614973,1.6666666666666667,0.1745399419253792,86.40226628895185,-2.2,89.28987194412107,45.86728754365541,93.9464493597206,73.45750873108265,31.11888111888112,66.73599973949217,9.941520467836257,56.70540339984614
4953,緯軟,資訊服務,120.0,-2.4390243902439046,23626551.675,True,10.848549946294307,77.79973649538867,37.07,2026-06-01,False,64.44444444444444,-7.6923076923076925,-0.1420567994367834,83.91608391608392,3.9933333333333323,64.95925494761352,13.853317811408614,7.683352735739232,67.86961583236322,49.76689976689977,40.82648821880487,65.14619883040935,71.03043794974437
4534,慶騰,機械,29.9,0.0,23614802.297499996,True,40.131578947368425,53.75494071146245,112.04,2026-06-01,False,73.52941176470588,-14.571428571428577,-0.06823123841995371,70.60212514757968,52.79666666666667,74.21420256111759,4.540162980209546,20.372526193247964,34.807916181606515,95.68764568764568,45.92449072076546,91.22807017543859,73.92750648448828
3169,亞信,半導體,104.5,-5.000000000000004,23562931.619999997,True,60.31149301825993,37.61528326745718,31.41,2026-06-01,False,52.27272727272727,1.4563106796116505,-0.1049873004919453,84.95934959349594,19.83,53.66705471478463,44.81955762514552,13.154831199068685,70.89639115250291,83.1002331002331,53.127613558346965,58.245614035087726,59.49737556930744
7786,東方風能,海運,116.5,0.0,23480048.375,True,0.0,98.5836627140975,18.58,2026-06-01,False,100.0,-6.048387096774194,-0.01360069599482715,41.312056737588655,-17.613333333333337,99.35972060535507,18.39348079161816,42.14202561117579,1.5133876600698486,10.722610722610723,34.42624507816591,42.10526315789473,56.146222657925364
3015,全漢,電子零組件,53.3,-0.7448789571694703,23399967.365000002,True,56.390977443609025,40.77733860342556,-14.01,2026-06-01,False,65.13157894736842,-4.991087344028529,-0.015195680447906567,71.2566844919786,-1.83,65.65774155995344,20.48894062863795,41.09429569266589,36.78696158323632,31.818181818181817,39.16922425653508,5.029239766081871,46.74625057015842
6192,巨路,電子通路,116.5,1.304347826086949,23299873.45,True,74.54350161117078,26.515151515151516,16.94,2026-06-01,False,23.076923076923077,1.7467248908296942,-0.13928634082128988,87.26591760299625,5.2233333333333345,22.875436554132715,46.56577415599534,8.032596041909198,74.50523864959256,53.4965034965035,41.09510977962667,40.23391812865497,47.76220479409623
3580,友威科,電子設備,88.1,-1.011235955056189,23134119.66,True,96.77765843179377,4.545454545454546,-2.83,2026-06-01,False,3.896103896103896,11.66032953105195,0.06392720991468993,77.9646017699115,-20.806666666666665,2.5611175785797435,76.83352735739231,72.8754365541327,53.55064027939464,9.090909090909092,42.9823261720817,12.397660818713451,22.91897282982388
6862,三集瑞-KY,電子零組件,140.0,0.35842293906809264,23113226.85,True,64.90066225165563,33.59683794466403,-1.04,2026-06-01,False,55.92105263157895,-2.7777777777777777,-0.002725457516208576,61.40350877192983,27.34666666666667,57.62514551804424,26.193247962747378,46.56577415599534,14.78463329452852,89.5104895104895,46.935858088361,15.087719298245613,40.32606253701775
8240,華宏,光電及I/O,51.5,1.5779092702169484,23013910.415,True,90.54779806659506,12.285902503293809,-7.7,2026-06-01,False,21.333333333333336,23.353293413173652,-0.07869593871028482,68.85026737967914,-2.546666666666667,21.187427240977883,90.33760186263096,17.57857974388824,30.034924330616995,30.186480186480185,37.865002672918855,8.771929824561402,17.41416988338133
3060,銘異,光電及I/O,26.5,-0.9345794392523366,23007857.295,True,60.87866108786611,37.285902503293805,48.98,2026-06-01,False,44.0,-8.777969018932877,-0.08216160588118704,63.62545018007203,19.473333333333333,44.121071012805594,10.942956926658907,16.647264260768335,18.62630966239814,82.4009324009324,34.54770685271268,73.5672514619883,56.34291880263328
3556,禾瑞亞,半導體,58.1,-7.777777777777772,22670621.675,True,45.435016111707846,49.01185770750988,66.86,2026-06-01,False,66.66666666666666,-7.188498402555911,0.010499401911809115,72.2636815920398,35.61,67.34575087310827,15.48311990686845,52.852153667054715,39.93015133876601,92.3076923076923,53.583773618697954,82.69005847953217,68.6207101961345
8289,泰藝,電子零組件,44.5,-6.118143459915604,22541776.767500002,True,68.52103120759837,31.15942028985507,29.88,2026-06-01,False,51.31578947368421,2.2988505747126435,0.04520344595630604,58.78467635402907,21.75333333333333,52.9685681024447,48.894062863795114,67.28754365541327,10.826542491268917,84.73193473193473,52.94173036897134,56.49122807017544,42.84806895002349
6165,浪凡,數位雲端,48.9,-2.1021021021021102,22466002.5425,True,29.494614747307374,62.121212121212125,18.44,2026-06-01,False,26.08695652173913,-1.0121457489878543,-0.005640060135438356,82.46205733558179,7.880000000000001,26.07683352735739,34.109429569266595,45.16880093131548,63.91152502910361,62.23776223776224,46.30087025896107,41.75438596491228,49.40832873802667
4137,麗豐-KY,化妝美容,79.3,-2.4600246002460024,22370813.155,True,10.687432867883997,77.93148880105402,22.6,2026-06-01,False,50.0,-16.963350785340317,-0.2640243662390059,68.068669527897,18.44,51.222351571594885,3.259604190919674,1.1641443538998837,27.823050058207215,80.76923076923077,32.847676188770485,47.368421052631575,55.7885546228785
6292,迅德,電子零組件,62.0,0.4862236628849326,22303906.185,True,48.1203007518797,47.16732542819499,20.24,2026-06-01,False,73.02631578947368,5.802047781569963,0.034831780865582335,88.69814020028612,-22.33666666666667,73.69033760186264,62.63096623981374,64.0279394644936,78.34691501746217,8.624708624708624,57.46417338966815,44.56140350877193,58.49192247207075
8415,大國鋼,基本金屬,37.55,0.805369127516764,22297225.979999997,True,20.03222341568206,70.2239789196311,36.57,2026-06-01,False,75.60975609756098,1.212938005390824,0.11120084089845331,97.15394566623544,11.29333333333333,76.60069848661234,43.88824214202561,85.33178114086147,94.0628637951106,70.27972027972028,74.03266116886606,64.6783625730994,72.86342067819919
5521,工信,營造,10.6,0.4739336492890933,22284114.5875,True,24.974924774322968,65.61264822134387,-0.66,2026-06-01,False,46.666666666666664,3.4146341463414602,0.11894096919590606,38.75685557586837,-7.48,47.61350407450524,54.36554132712457,86.72875436554133,1.1641443538998837,18.414918414918414,41.657372507197884,16.023391812865498,27.608874728536513
4755,三福化,其他化學,118.0,-0.42194092827003704,21922635.825,True,57.35767991407089,39.789196310935445,15.63,2026-06-01,False,37.5,1.7241379310344827,-0.027299623020535884,69.6165191740413,16.653333333333332,38.18393480791618,46.44935972060536,35.9720605355064,32.47962747380676,78.78787878787878,46.374572265142696,37.89473684210527,40.52723485080571
2707,晶華,餐飲飯店,179.0,0.0,21855014.4,True,15.628356605800214,74.60474308300395,13.94,2026-06-01,False,54.166666666666664,1.7045454545454544,0.05839582315634085,87.96068796068795,8.363333333333333,55.529685681024446,46.10011641443539,71.47846332945285,76.71711292200233,63.752913752913756,62.715658419965756,34.619883040935676,55.19164130738177
5288,豐祥-KY,機車船製造,189.0,-1.305483028720622,21807728.275,True,39.95703544575725,53.952569169960476,71.59,2026-06-01,False,46.15384615384615,-1.3054830287206265,0.13190467547569315,95.69620253164557,16.613333333333337,47.0314318975553,32.596041909196735,89.28987194412107,92.31664726426077,78.67132867132867,67.98106433729251,84.32748538011697,72.76988065818408
6263,普萊德,通信網路,169.5,-2.023121387283233,21778921.1,True,89.20515574650913,13.47167325428195,4.21,2026-06-01,False,26.923076923076923,10.064935064935066,0.3382573725630687,89.92042440318302,-3.7233333333333336,26.833527357392317,74.15599534342259,99.53434225844005,79.976717112922,26.456876456876454,61.39149170581068,21.28654970760234,38.48519970862351
3518,柏騰,其他電子,30.8,-3.4482758620689613,21653903.537499998,True,8.575803981623277,79.7760210803689,-42.36,2026-06-01,False,79.74598930481284,20.077972709551666,-0.04590733209520803,79.17737789203085,-4.723333333333329,80.9080325960419,88.59138533178114,28.405122235157158,56.11175785797439,24.708624708624708,55.74498454591586,1.5204678362573099,37.48721823962312
1227,佳格,其他食品,28.55,-0.17482517482517723,21471737.2175,True,32.16970998925886,60.342555994729906,-1.57,2026-06-01,False,44.44444444444444,-0.5226480836236885,-0.1786284997411929,84.0942562592047,-1.2466666666666668,45.401629802095464,35.62281722933644,5.005820721769499,68.33527357392316,33.1002331002331,37.493154885471526,14.035087719298245,48.03729346649511
1537,廣隆,電子零組件,115.5,-1.7021276595744705,21296810.325,True,51.127819548872175,44.532279314888015,14.05,2026-06-01,False,69.73684210526315,-7.968127490039841,-0.25342802583673163,87.83269961977186,9.416666666666668,70.66356228172293,13.154831199068685,1.7462165308498252,76.48428405122235,66.31701631701632,45.67318207597602,34.73684210526316,67.18246430978493
3540,曜越,電子零組件,23.65,-2.4742268041237137,20884807.55,True,57.02319587628865,40.250329380764164,-10.01,2026-06-01,False,64.47368421052632,16.50246305418718,-0.11287650321416837,60.025380710659896,10.436666666666666,65.07566938300349,84.74970896391153,11.990686845168801,13.038416763678695,68.53146853146853,48.67719009744621,7.017543859649122,25.095480260604944
6732,昇佳電子,半導體,149.5,-1.320132013201325,20544064.25,True,44.04213298222515,50.65876152832674,-14.88,2026-06-01,False,68.93939393939394,-6.269592476489027,0.0013963500669115655,58.28460038986355,1.8400000000000016,69.38300349243306,18.044237485448196,48.77764842840512,9.89522700814901,41.49184149184149,37.51839158125538,4.678362573099415,41.47808889705833
8462,柏文,其他,165.5,-1.4880952380952328,20492716.9,True,2.5193798449612403,86.10013175230566,20.11,2026-06-01,False,87.5,-0.6006006006006006,0.06943671019818068,92.20055710306406,-0.18666666666666742,88.0675203725262,35.273573923166474,74.50523864959256,85.44819557625145,35.54778554778555,63.768462813864446,44.21052631578947,70.61316708535017
8163,達方,光電及I/O,31.5,-0.7874015748031482,20409301.6,True,94.03866809881848,8.596837944664031,1.08,2026-06-01,False,13.333333333333334,1.4492753623188384,0.13695373488627735,69.5364238410596,-7.923333333333332,11.932479627473807,44.70314318975553,89.75552968568103,32.13038416763679,18.181818181818183,39.34067097047307,17.77777777777778,29.284374595783213
6546,正基,通信網路,62.5,-1.5748031496062964,20357228.525,True,24.78386167146974,65.94202898550725,-0.77,2026-06-01,False,75.0,5.7529610829103195,-0.07531685985672752,69.44444444444444,1.98,75.90221187427241,62.398137369033755,18.62630966239814,31.781140861466824,42.42424242424242,46.22640843828272,15.6140350877193,40.2248126136062
8147,正淩,電子零組件,135.0,7.14285714285714,20296763.525,True,64.20488385944014,34.25559947299078,14.91,2026-06-01,False,57.89473684210527,7.569721115537849,0.010183828038948697,70.86614173228347,5.833333333333334,59.08032596041909,68.21885913853319,52.386495925494756,35.50640279394645,56.29370629370629,54.29715802241996,36.49122807017544,40.71477442150195
1437,勤益控,物業管理,32.05,0.15624999999999112,20243965.735,True,13.372717508055853,76.0540184453228,71.22,2026-06-01,False,75.9692513368984,7.73109243697478,0.016704607716835854,92.09770114942528,53.06333333333333,76.94994179278231,68.91734575087311,55.64610011641443,85.09895227008148,95.8041958041958,76.48330714686942,84.21052631578947,69.33551865694504
9934,成霖,五金及家具,11.1,0.0,20124583.4375,True,86.04992657856094,16.40316205533597,29.84,2026-06-01,False,25.0,4.225352112676049,0.02332411626957554,92.5,17.36,24.738067520372525,56.92665890570431,58.78928987194412,86.67054714784634,79.72027972027972,61.36896863322941,56.37426900584796,52.714056192090624
1307,三芳,石化,30.45,0.0,20046248.29,True,1.0204081632653061,89.95388669301713,11.11,2026-06-01,False,94.73684210526315,-4.843750000000002,-0.11746997209987979,81.41711229946524,1.5099999999999998,94.64493597206054,20.721769499417928,11.059371362048893,60.30267753201397,40.442890442890445,45.434328961686354,30.643274853801174,66.21727971461443
3338,泰碩,電子零組件,65.4,-1.6541353383458524,19885153.169999998,True,99.73147153598282,0.7575757575757576,20.83,2026-06-01,False,0.9868421052631579,2.8301886792452895,0.07336843491233495,73.73167981961669,15.096666666666664,0.2910360884749709,51.33876600698487,75.90221187427241,44.70314318975553,76.68997668997669,49.785026769892895,45.26315789473684,34.72964279149562
6208,日揚,電子設備,74.2,-8.62068965517241,19787284.185000002,True,86.46616541353383,15.942028985507244,22.5,2026-06-01,False,28.57142857142857,-10.494571773220752,0.07515686180944094,70.0,10.226666666666667,28.57974388824214,8.614668218859139,76.36786961583236,33.76018626309663,67.83216783216784,43.030927163639625,47.134502923976605,50.21494121411406
6725,矽科宏晟,電子設備,225.0,0.0,19731903.95,True,25.153374233128833,65.41501976284584,15.91,2026-06-01,False,81.81818181818183,-10.0,-0.03524629530045404,55.012224938875306,18.61,82.42142025611176,8.847497089639116,31.664726426076832,6.868451688009314,81.002331002331,42.160885292433605,38.24561403508772,54.67199722239242
8478,東哥遊艇,機車船製造,142.0,-1.730103806228378,19731117.925,True,3.705692803437164,84.18972332015811,76.33,2026-06-01,False,76.92307692307693,-5.647840531561462,-0.137164817383264,61.33909287257019,92.47333333333333,77.88125727590221,19.09196740395809,8.498253783469151,14.551804423748546,97.08624708624708,43.42190599466502,85.96491228070175,64.8265016440986
5258,虹堡,電腦及週邊,45.75,-1.2944983818770295,19641458.322499998,True,13.411619283065512,75.95520421607378,20.75,2026-06-01,False,81.35593220338984,-13.352272727272723,-0.16656982527161543,57.91139240506329,-5.52,82.07217694994179,5.9371362048894065,5.70430733410943,9.545983701979045,22.61072261072261,25.174065360328456,45.146198830409354,57.7068058193602
6120,達運,光電及I/O,12.3,-2.766798418972327,19605067.2325,True,0.0,98.5836627140975,42.06,2026-06-01,False,99.33333333333333,-9.890109890109887,-0.10797554754546113,76.3975155279503,39.550000000000004,98.54481955762515,8.963911525029102,12.922002328288706,49.59254947613504,93.35664335664336,52.67598524874427,68.77192982456141,76.98634683332313
1342,八貫,塑膠製品,102.5,0.0,19437811.7,True,16.67854597291518,73.64953886693017,40.14,2026-06-01,False,73.52941176470588,0.49019607843137253,0.01220923996170211,87.2340425531915,-0.4799999999999969,74.21420256111759,40.39580908032596,53.89988358556461,74.38882421420257,35.08158508158508,55.59606090455916,67.13450292397661,68.83543015474271
2852,第一保,產險,28.3,-0.17636684303351524,19400919.09,True,31.793770139634802,60.60606060606061,-6.81,2026-06-01,False,40.0,6.390977443609019,0.20271025654629268,94.17637271214643,-3.7199999999999998,40.33760186263097,64.72642607683353,95.45983701979046,89.52270081490104,26.573426573426573,63.3239984695165,9.239766081871345,43.593410670642456
3024,憶聲,家電製品,14.05,-5.067567567567566,19273267.87,True,99.5703544575725,1.4492753623188406,-36.91,2026-06-01,False,5.555555555555555,12.400000000000006,-0.02990965643703551,78.93258426966293,18.189999999999998,4.2491268917345755,77.9976717112922,34.109429569266595,55.64610011641443,80.65268065268066,50.53100178827769,1.8713450292397662,20.942225081524143
1104,環泥,水泥製造,27.7,2.4029574861367697,19067643.6925,True,27.658431793770138,63.37285902503294,-18.91,2026-06-01,False,42.857142857142854,4.924242424242427,-0.21099155973827047,84.58015267175573,-10.273333333333333,43.247962747380676,59.837019790454015,2.910360884749709,70.081490104773,15.85081585081585,38.385529875634646,3.508771929824561,39.250301247881055
6259,百徽,電子通路,30.15,0.6677796327211993,18974122.4875,True,28.7463556851312,62.71409749670619,82.68,2026-06-01,False,65.38461538461539,-0.4950495049505021,0.027384613106549327,70.77464788732394,35.080000000000005,66.12339930151339,35.739231664726425,60.18626309662398,35.273573923166474,92.07459207459208,57.87941201212446,87.13450292397661,63.198061120982516
8099,大世科,資訊服務,61.2,2.17028380634392,18803652.155,True,32.6530612244898,59.81554677206851,85.46,2026-06-01,False,40.0,9.28571428571429,0.12891934885355094,71.9153936545241,50.166666666666664,40.33760186263097,73.57392316647264,88.82421420256111,38.882421420256115,95.1048951048951,67.34461115136318,87.60233918128655,48.31210982442525
2547,日勝生,建設,9.98,-0.10010010010009784,18755336.725,True,83.17621464829587,18.774703557312254,141.99,2026-06-01,False,12.068965517241379,-3.106796116504857,0.022649707117269637,86.0344827586207,77.05333333333334,10.826542491268917,24.912689173457508,58.207217694994185,72.8754365541327,96.62004662004662,52.68838650677999,93.45029239766082,63.05989556740123
8121,越峰,電子零組件,27.9,1.4545454545454417,18624672.244999997,True,96.5480043149946,4.808959156785244,33.01,2026-06-01,False,7.894736842105263,-5.423728813559327,-0.032423109497938765,51.28676470588235,8.649999999999999,6.635622817229336,19.32479627473807,33.17811408614668,4.889406286379511,64.56876456876456,25.719340806651633,60.58479532163743,38.19625703762705
6024,群益期,期貨,63.4,0.7949125596184325,18487210.68,True,1.611170784103115,88.0764163372859,124.15,2026-06-01,False,88.10160427807486,6.197654941373527,0.15300359892983673,97.23926380368097,169.84,88.59138533178114,63.79511059371362,91.73457508731082,94.41210710128057,98.48484848484848,87.40360531978692,92.51461988304094,77.93075043059726
4162,智擎,藥,57.8,0.17331022530329143,18434895.725,True,24.167561761546725,66.66666666666666,33.92,2026-06-01,False,45.65217391304348,-9.262166405023557,0.1160767142150732,78.31978319783198,6.030000000000001,46.56577415599534,10.128055878928988,86.14668218859138,54.249126891734576,57.34265734265735,50.886459291581524,61.87134502923976,63.13954754951017
6870,騰雲,數位雲端,290.0,-0.6849315068493178,18063083.875,True,24.305555555555554,66.46903820816864,54.55,2026-06-01,False,34.78260869565217,14.624505928853754,0.009683114382582802,87.87878787878788,-9.50333333333333,35.273573923166474,82.18859138533178,52.15366705471478,76.60069848661234,16.433566433566433,52.53001945667836,77.19298245614034,51.71966587014684
3093,港建*,電子設備,45.2,-3.0042918454935563,18041086.8,True,94.62943071965628,7.872200263504611,92.31,2026-06-01,False,12.987012987012985,-2.7956989247311768,-0.024144026374744713,59.7883597883598,86.42333333333333,11.757857974388825,26.07683352735739,37.13620488940629,12.456344586728754,96.85314685314685,36.85607756620563,88.88888888888889,46.75656448066227
9911,櫻花,五金及家具,81.2,-1.0962241169305664,18005629.625,True,21.482277121374864,68.84057971014492,6.72,2026-06-01,False,83.33333333333334,-0.24570024570024918,-0.1292224941311322,87.97399783315278,-0.5533333333333337,83.87660069848661,36.90337601862631,9.778812572759023,76.83352735739231,34.84848484848485,48.44816029914982,24.912280701754387,62.17975818475175
4416,三圓,建設,12.75,0.7905138339920903,17890962.447499998,True,1.4285714285714286,88.80105401844533,256.72,2026-06-01,False,94.82758620689656,23.786407766990283,0.01955195881199054,20.664505672609398,181.14333333333337,94.87776484284052,90.68684516880093,56.810244470314316,0.5820721769499418,98.6013986013986,68.31166505206086,96.72514619883042,50.374534512454986
8438,昶昕,資源回收,68.8,-2.272727272727282,17815325.934999995,True,52.752293577981646,43.21475625823452,40.99,2026-06-01,False,34.78260869565217,8.517350157728705,-0.07460990561191962,64.60093896713614,-1.3866666666666632,35.273573923166474,71.82770663562282,18.742724097788127,21.071012805587895,32.400932400932405,35.863189972619544,67.953216374269,38.11752411685014
3303,岱稜,石化,51.3,-0.5813953488372214,17683591.174999997,True,18.904403866809883,71.31093544137023,48.97,2026-06-01,False,73.68421052631578,-6.557377049180331,-0.018080932428961277,81.55802861685214,19.409999999999997,74.44703143189756,17.345750873108265,39.93015133876601,60.884749708963916,82.05128205128204,54.93179308080356,73.45029239766082,72.8590806663535
2461,光群雷,石化,18.25,-0.8152173913043348,17560804.267500002,True,81.97674418604652,19.76284584980237,2.86,2026-06-01,False,10.526315789473683,7.988165680473382,0.0756191517603205,90.7960199004975,-2.4466666666666668,9.138533178114086,69.73224679860303,76.94994179278231,82.42142025611176,30.536130536130536,53.755654512348336,19.53216374269006,35.33996759457822
3031,佰鴻,光電及I/O,24.75,0.40567951318459805,17448520.4525,True,96.72395273899033,4.61133069828722,27.04,2026-06-01,False,8.0,6.6810344827586245,0.028462743819241233,71.73913043478261,1.3533333333333317,6.752037252619325,65.77415599534342,61.23399301513388,38.12572759022119,39.86013986013986,42.34921074269154,53.216374269005854,33.07999577912574
3130,一零四,數位雲端,210.0,-0.23752969121140222,17406416.525,True,0.05370569280343716,96.93675889328063,7.87,2026-06-01,False,91.30434782608695,2.941176470588235,-0.28393260775281454,91.70305676855895,-1.3333333333333348,91.85098952270081,51.920838183934805,0.8149010477299184,84.40046565774156,32.51748251748251,52.300935385917924,26.783625730994153,62.77856068187543
3555,博士旺,數位雲端,193.5,-1.7766497461928932,17363722.775,True,27.339901477832512,63.70223978919631,119.54,2026-06-01,False,30.434782608695656,19.814241486068113,0.0304870068075099,70.1086956521739,-1165.88,30.558789289871946,88.24214202561119,62.63096623981374,33.993015133876604,0.8158508158508158,43.248152701004855,91.9298245614035,42.059871739885224
1623,大東電,電纜,208.0,0.48309178743961567,17343316.375,True,25.170068027210885,65.34914361001317,13.63,2026-06-01,False,54.54545454545454,-2.1176470588235294,-0.21197874261690822,61.1764705882353,22.886666666666667,55.937136204889406,28.52153667054715,2.7939464493597206,14.202561117578579,86.24708624708624,37.540453337892224,34.26900584795322,43.97179162496852
6189,豐藝,電子通路,48.15,-0.7216494845360799,17271301.365000002,True,44.30719656283566,50.5270092226614,4.49,2026-06-01,False,57.692307692307686,-1.3319672131147513,0.1830559487064603,85.07067137809187,2.92,58.905704307334105,32.36321303841677,94.52852153667055,71.36204889406287,46.27039627039627,60.68597680937611,21.637426900584796,54.88549176589125
6275,元山,電子零組件,48.15,4.90196078431373,17188087.1825,True,75.37942664418212,25.823451910408433,-6.28,2026-06-01,False,42.76315789473684,11.458333333333323,-0.06242762135787483,79.19407894736842,2.746666666666667,42.9569266589057,76.60069848661234,22.351571594877765,56.22817229336437,45.33799533799534,48.695072874351105,9.707602339181287,33.07300070120975
4128,中天,藥,14.65,-1.6778523489932917,17009316.875,True,13.197026022304833,76.1528326745718,11.86,2026-06-01,False,52.17391304347826,0.6872852233676952,0.004477732201865505,57.1150097465887,5.94,53.55064027939464,41.67636786961583,50.05820721769499,8.265424912689173,56.87645687645687,42.08541943117031,31.69590643274854,37.958900938804135
6994,富威電力,公用事業,35.2,-2.4930747922437657,16919348.1025,True,3.79746835443038,83.9262187088274,26.62,2026-06-01,False,50.0,-3.693570451436373,-0.04823387222401803,34.67980295566503,-4.876666666666669,51.222351571594885,23.51571594877765,27.0081490104773,0.9313154831199069,24.125874125874127,25.360681227968776,52.514619883040936,45.28814274724452
6914,阜爾運通,其他運儲,121.0,-0.8196721311475419,16893183.3,True,0.0,98.5836627140975,11.19,2026-06-01,False,98.59625668449198,-17.687074829931973,-0.07983544816348832,78.06451612903226,2.9000000000000004,97.67171129220024,2.3282887077997674,16.996507566938302,53.783469150174625,46.15384615384615,43.38676457419182,30.760233918128655,69.97178141317593
3138,耀登,通信網路,95.5,-1.2409513960703222,16811210.369999997,True,57.266187050359704,39.920948616600796,-1.44,2026-06-01,False,50.0,-2.051282051282051,0.056958334930585115,43.9080459770115,-8.786666666666667,51.222351571594885,28.870779976717113,71.1292200232829,2.0954598370197903,17.132867132867133,34.09013570829637,14.385964912280702,34.70824908604456
5530,龍巖,靈骨塔,50.0,-0.3984063745020028,16679507.594999999,True,66.05800214822771,32.608695652173914,-8.33,2026-06-01,False,32.486631016042786,5.263157894736842,0.23738864209803293,85.91065292096219,0.45000000000000107,32.71245634458673,60.768335273573925,96.85681024447031,72.52619324796274,37.2960372960373,60.031966481326194,8.304093567251462,38.193601971556745
6983,華洋精機,電子設備,355.0,2.749638205499272,16582002.8,True,52.112676056338024,43.61001317523056,112.54,2026-06-01,False,70.12987012987013,14.14790996784566,0.018038972300607,66.47940074906367,45.00333333333333,70.89639115250291,81.37369033760187,56.344586728754365,25.145518044237487,94.4055944055944,65.6331561337382,91.34502923976609,51.503312024726156
5236,凌陽創新,半導體,137.5,0.0,16276752.975,True,28.8135593220339,62.64822134387352,12.78,2026-06-01,False,79.54545454545455,-8.02675585284281,-0.15733464783831588,73.7265415549598,-7.076666666666666,80.67520372526194,12.805587892898721,6.519208381839348,44.58672875436554,18.764568764568764,32.67025950378686,33.21637426900585,61.41817971393365
5228,鈺鎧,電子零組件,41.7,2.331288343558291,16264882.4025,True,55.32879818594104,41.370223978919626,35.09,2026-06-01,False,66.44736842105263,5.037783375314861,-0.0009554615473209117,54.7244094488189,-14.57333333333333,66.70547147846332,60.06984866123399,47.84633294528521,6.752037252619325,12.587412587412588,38.79222058500289,62.92397660818714,44.07790916950894
5306,桂盟,自行車組件,92.6,-0.6437768240343478,16229335.454999998,True,44.951664876476904,49.70355731225297,31.67,2026-06-01,False,49.63235294117647,3.003337041156828,0.05071553837960177,92.9718875502008,15.810000000000002,50.291036088474975,52.61932479627474,68.80093131548311,87.42724097788125,77.62237762237763,67.35218216009835,58.59649122807018,60.92386087453792
6741,91APP*-KY,數位雲端,60.0,0.33444816053511683,16129463.815000001,True,1.9455252918287937,87.22002635046113,32.45,2026-06-01,False,69.56521739130434,6.761565836298927,0.16146093977823608,73.08160779537151,0.393333333333338,70.31431897555296,66.12339930151339,93.0151338766007,42.724097788125725,37.06293706293706,61.847977400945965,59.64912280701754,51.64103506729571
1522,堤維西,汽車組件,26.95,-1.6423357664233529,15602356.392500002,True,78.19548872180451,23.91304347826087,70.02,2026-06-01,False,25.0,-4.432624113475177,0.09227714800601963,51.041666666666664,15.720000000000006,24.738067520372525,21.536670547147846,80.9080325960419,4.540162980209546,77.50582750582751,41.84575222991987,83.74269005847952,47.87106250297843
2419,仲琦,通信網路,27.1,-2.8673835125447966,15401468.417499999,True,96.80851063829788,4.479578392621871,-0.67,2026-06-01,False,7.6923076923076925,9.2741935483871,0.08210613385767265,71.78807947019868,14.84,6.228172293364377,73.34109429569267,78.69615832363212,38.53317811408615,76.22377622377621,54.60447585011032,15.906432748538013,21.831672215073965
4306,炎洲,石化,15.25,1.3289036544850363,15364611.005,True,62.39368165249088,35.573122529644266,19.9,2026-06-01,False,47.368421052631575,7.394366197183104,0.11223429966144773,92.14501510574019,-8.09333333333333,48.19557625145518,67.86961583236322,85.56461001164143,85.21536670547147,17.715617715617714,60.91215730330981,43.859649122807014,52.35024406184261
7810,捷創科技,電子設備,217.5,-2.0270270270270285,15338611.725,True,5.9880239520958085,81.68642951251647,116.46,2026-06-01,False,94.8051948051948,14.775725593667547,0.10759982848887828,64.3491124260355,19.64666666666666,94.76135040745052,82.30500582072176,84.28405122235158,20.48894062863795,82.98368298368298,72.96460621256895,91.81286549707602,56.18953767811068
6957,裕慶-KY,基本金屬,219.5,0.6880733944954143,15199429.75,True,85.74108818011257,16.53491436100132,33.53,2026-06-01,False,9.75609756097561,2.810304449648712,-0.09579130135315474,86.7588932806324,-2.469999999999999,8.381839348079161,51.10593713620489,14.551804423748546,74.0395809080326,30.419580419580424,35.699748447129124,61.05263157894737,48.09202867471356
6133,金橋,電子零組件,23.75,0.42283298097252064,15121418.725,True,7.2434607645875255,80.566534914361,15.35,2026-06-01,False,95.39473684210526,8.200455580865606,0.1317657726450559,82.03799654576856,8.033333333333333,95.22700814901047,70.66356228172293,89.17345750873108,62.63096623981374,62.82051282051282,76.1031013999582,36.95906432748538,56.03836910864666
4909,新復興,印刷電路板,36.9,-4.52781371280725,15074104.627500001,True,59.02712815715622,38.669301712779976,-11.94,2026-06-01,False,74.4186046511628,-3.6553524804177515,-0.06267023652261433,52.865329512893986,-18.229999999999997,75.20372526193248,23.748544819557626,22.0023282887078,5.9371362048894065,10.372960372960373,27.45293898960954,5.380116959064328,40.69310840158215
6156,松上,印刷電路板,20.8,-0.7159904534606132,15061286.442499999,True,99.05764966740577,2.8326745718050064,55.51,2026-06-01,False,9.30232558139535,-6.935123042505596,0.027688067145831535,65.0,20.513333333333335,7.916181606519208,16.181606519208383,60.53550640279395,21.653084982537834,83.68298368298368,37.99387263880861,77.54385964912281,47.732879929742865
1455,集盛,人纖,9.96,-1.871921182266001,15041770.6085,True,46.42313546423135,48.418972332015805,-13.94,2026-06-01,False,55.55555555555556,12.542372881355945,0.12644115127308297,90.54545454545455,-6.65,56.92665890570431,78.57974388824213,88.24214202561119,81.60651920838184,19.58041958041958,64.9870967216718,5.146198830409357,41.27490826406334
2836,高雄銀,本國銀行,12.25,0.8230452674897082,14923220.01,True,37.21804511278196,56.52173913043478,14.7,2026-06-01,False,88.88888888888889,3.813559322033892,0.03337222711967049,94.23076923076923,1.953333333333335,89.58090803259604,55.76251455180442,63.329452852153665,89.63911525029104,42.19114219114219,68.10062657559749,36.198830409356724,64.91408478510985
6756,威鋒電子,半導體,101.5,-1.9323671497584516,14824376.194999998,True,50.543084721216516,44.927536231884055,50.06,2026-06-01,False,59.09090909090909,2.215508559919439,0.18492478333870394,90.22222222222223,22.88,59.89522700814901,48.66123399301514,94.64493597206054,80.55878928987195,86.13053613053613,73.97814447872656,74.50292397660819,66.5739265704035
6574,霈方,化妝美容,118.5,-1.2499999999999956,14785205.65,True,0.0,98.5836627140975,73.91,2026-06-01,False,100.0,-8.846153846153847,-0.014166634072508207,76.94805194805194,27.096666666666664,99.35972060535507,10.826542491268917,41.79278230500582,50.9895227008149,89.27738927738928,58.44919147596679,85.38011695906432,81.22570444349134
4532,瑞智,家電製品,23.8,-0.4184100418409997,14715478.982500002,True,21.160042964554243,69.00527009222661,28.8,2026-06-01,False,61.111111111111114,-1.2448132780083017,-0.0698560989613619,81.78694158075601,12.366666666666667,61.81606519208381,32.82887077997672,19.90686845168801,61.46682188591386,72.37762237762237,49.679249737456956,54.97076023391813,61.356194132984776
4569,六方科-KY,電子零組件,180.0,0.278551532033422,14651504.725,True,35.77127659574468,57.64163372859025,10.89,2026-06-01,False,78.94736842105263,8.433734939759036,0.028733263956306442,87.8048780487805,2.1466666666666665,79.976717112922,71.71129220023282,61.58323632130384,76.30966239813736,43.00699300699301,66.5175802079178,30.175438596491226,53.68763147682944
1720,生達,藥,56.0,-0.7092198581560294,14590107.520000001,True,0.1611170784103115,95.5862977602108,9.11,2026-06-01,False,91.30434782608695,-1.0600706713780943,-0.042776233460516955,85.3658536585366,6.4799999999999995,91.85098952270081,33.76018626309663,29.103608847497092,71.9441210710128,58.74125874125874,57.08003288911321,28.07017543859649,64.52627494230337
4720,德淵,樹脂,18.6,-1.846965699208436,14500800.967499997,True,60.09667024704619,37.74703557312253,25.06,2026-06-01,False,28.57142857142857,-5.10204081632653,-0.06040490113146613,62.62626262626263,5.506666666666668,28.57974388824214,20.023282887077997,22.81722933643772,16.880093131548314,55.24475524475524,28.709020897612277,49.824561403508774,43.8152788840553
8213,志超,印刷電路板,32.95,-1.3473053892215425,14234147.459999999,True,96.61654135338345,4.743083003952568,26.05,2026-06-01,False,16.27906976744186,9.105960264900673,0.07119778421827516,78.82775119617226,11.65,14.90104772991851,72.8754365541327,74.97089639115251,55.413271245634455,70.86247086247086,57.80462455666181,51.2280701754386,37.166738149214716
2387,精元,光電及I/O,36.4,-1.754385964912275,14189411.667499999,True,67.89851075565362,31.488801054018445,-17.57,2026-06-01,False,42.66666666666667,-3.830911492734486,-0.22030183884126298,78.7027027027027,-4.503333333333332,42.84051222351572,23.166472642607683,2.5611175785797435,54.94761350407451,25.058275058275058,29.71479820141054,3.976608187134503,44.64956531802926
8942,森鉅,石化,42.4,0.952380952380949,14157565.26,True,12.567132116004295,76.61396574440053,-27.3,2026-06-01,False,78.94736842105263,12.765957446808502,0.21984800055298528,92.17391304347827,6.243333333333329,79.976717112922,78.9289871944121,96.27473806752037,85.33178114086147,57.925407925407924,79.68752628822477,2.456140350877193,47.208912852562136
6235,華孚,電子零組件,39.45,-0.7547169811320642,14157165.767500002,True,65.53428042001237,33.06982872200264,-3.96,2026-06-01,False,54.60526315789473,0.7662835249042255,0.15410556883479787,51.50130548302872,2.3400000000000007,56.22817229336437,42.0256111757858,92.08381839348078,5.238649592549476,43.93939393939394,47.90312907891487,11.578947368421053,32.75503951963728
6996,力領科技,半導體,183.5,0.5479452054794498,14148141.45,True,22.857142857142858,67.91831357048748,49.96,2026-06-01,False,81.81818181818183,1.9444444444444444,-0.0954222840238265,90.61728395061729,6.829999999999998,82.42142025611176,47.26426076833528,14.78463329452852,81.72293364377182,59.90675990675991,57.220001573901456,74.15204678362574,72.75803497879352
1256,鮮活果汁-KY,飲料乳品,173.0,-2.5352112676056304,14131651.325,True,0.5907626208378088,92.45718050065877,52.28,2026-06-01,False,100.0,-6.989247311827956,0.00012992124237663343,82.57756563245823,8.233333333333341,99.35972060535507,15.948777648428406,48.31199068684517,64.14435389988358,63.4032634032634,58.23362124875513,75.90643274853801,80.86543240133706
4555,氣立,機械,46.25,-0.10799136069113979,13988480.765,True,72.64081931236284,28.326745718050066,24.67,2026-06-01,False,17.647058823529413,8.06074766355141,0.05318291686408614,79.60413080895007,7.290000000000003,16.763678696158323,69.84866123399301,69.61583236321303,57.15948777648428,60.95571095571095,54.86867420511193,49.473684210526315,38.38704736229398
6026,福邦證,證券,15.15,0.6644518272425293,13866951.247500002,True,17.386162034299232,72.72727272727273,1448.39,2026-06-01,False,12.5,7.06713780918728,0.12689859405412587,78.49740932642487,809.6866666666667,11.350407450523866,67.05471478463329,88.35855646100116,54.48195576251456,99.76689976689977,64.20250684511453,99.64912280701755,49.60669280885567
1558,伸興,機械,106.5,0.9478672985782088,13866172.344999999,True,42.588614393125674,51.64690382081687,7.56,2026-06-01,False,67.64705882352942,17.032967032967033,0.06411946034090765,100.0,1.8399999999999999,68.56810244470314,85.56461001164143,73.10826542491269,98.19557625145518,41.375291375291376,73.36236910160076,25.964912280701753,51.79099524130466
2497,怡利電,汽車組件,45.0,-0.8810572687224627,13865954.5425,True,4.520222045995242,83.00395256916995,52.52,2026-06-01,False,91.66666666666666,-4.25531914893617,-0.13067280522428526,67.36526946107784,14.313333333333333,92.25844004656577,22.351571594877765,9.545983701979045,26.542491268917345,75.29137529137529,45.197972380743046,76.25730994152048,68.17666741553145
6894,衛司特,資源回收,353.0,-0.8426966292134797,13482756.5,True,41.554559043348284,52.569169960474305,44.54,2026-06-01,False,39.130434782608695,-0.2824858757062147,-0.06733407376978512,86.3080684596577,-30.663333333333334,39.52270081490104,36.78696158323632,20.48894062863795,73.34109429569267,5.710955710955711,35.17013060668474,70.64327485380117,61.68002709528964
2530,華建,建設,20.15,4.675324675324677,13459477.1,True,45.20676691729324,49.275362318840585,-96.97,2026-06-01,False,44.827586206896555,2.8061224489795773,-0.05686582495882951,61.71516079632465,0.7666666666666799,45.9837019790454,50.9895227008149,23.748544819557626,15.250291036088475,38.22843822843823,34.84009975278892,0.23391812865497078,27.619597110743484
2015,豐興,基本金屬,64.9,0.7763975155279601,13392964.39,True,47.20730397422127,47.76021080368906,-9.73,2026-06-01,False,41.46341463414634,2.204724409448828,0.028677091296859126,92.0567375886525,-0.5099999999999998,41.79278230500582,48.428405122235155,61.46682188591386,84.98253783469151,34.96503496503497,54.327116422576275,7.251461988304094,46.39959425144157
5484,慧友,光電及I/O,39.5,-1.7412935323383172,13302878.81,True,1.282051282051282,89.13043478260869,224.33,2026-06-01,False,88.0,-4.358353510895877,0.01983599974319886,68.22107081174438,93.17000000000002,88.47497089639114,21.885913853317813,56.92665890570431,28.172293364377182,97.31934731934732,58.555836867827544,96.0233918128655,72.69618555507901
1617,榮星,電纜,18.55,-2.368421052631575,13218317.0425,True,29.222357229647635,62.25296442687747,39.58,2026-06-01,False,45.45454545454545,0.0,0.011070019629984868,69.47565543071161,5.873333333333328,46.274738067520374,37.951105937136205,53.55064027939464,32.0139697322468,56.64335664335665,45.28676213193093,66.78362573099416,51.78030689840628
5609,中菲行,貨運倉儲,78.0,0.0,13190748.535,True,59.93555316863588,37.878787878787875,35.26,2026-06-01,False,42.857142857142854,-0.12804097311138837,0.02320938023849153,92.96781883194278,6.496666666666666,43.247962747380676,37.485448195576254,58.44004656577415,87.31082654249127,58.857808857808855,57.068418581806235,63.2748538011696,64.08704872386633
7728,光焱科技,電子設備,618.0,-7.3463268365817065,13073458.05,True,52.31607629427793,43.54413702239789,114.18,2026-06-01,False,68.83116883116884,-0.16155088852988692,0.08248560518093778,68.89632107023411,75.94,69.26658905704308,37.13620488940629,78.9289871944121,30.267753201396975,96.5034965034965,62.420606169150986,91.57894736842105,63.494271184363704
5381,光譜,電機製品,24.65,-5.55555555555557,13032899.312499998,True,19.679633867276888,70.61923583662714,16.56,2026-06-01,False,80.0,2.070393374741201,0.09753127986590439,72.3935389133627,-5.830000000000002,81.14086146682189,47.84633294528521,81.9557625145518,40.39580908032596,21.328671328671327,54.53348746713124,39.824561403508774,53.37872475134285
5410,國眾,電子通路,36.1,-0.4137931034482678,13007051.639999999,True,17.024704618689583,73.25428194993412,11.87,2026-06-01,False,76.92307692307693,-0.8241758241758164,-0.1862042357632807,75.20833333333333,-99.25333333333333,77.88125727590221,34.69150174621653,4.540162980209546,47.38067520372526,2.4475524475524475,33.3882299307212,31.812865497076025,55.59582405762174
2069,運錩,基本金屬,21.0,0.9615384615384581,13000807.562500002,True,40.15151515151515,53.62318840579711,11.84,2026-06-01,False,51.21951219512195,13.513513513513514,0.1726948540112685,96.10983981693363,9.113333333333333,52.852153667054715,80.44237485448195,93.71362048894063,93.0151338766007,65.03496503496503,77.01164958440862,31.57894736842105,49.25096501439863
8083,瑞穎,機械,158.0,-0.3154574132492094,12962570.075,True,1.2352309344790546,89.36100131752306,-8.87,2026-06-01,False,97.05882352941177,-0.31545741324921134,-0.07362033228765856,87.77777777777777,1.6966666666666654,96.50756693830034,36.554132712456344,18.859138533178115,76.13504074505238,41.25874125874126,53.86292403754569,7.953216374269006,61.01042283629134
6803,崑鼎,資源回收,270.5,0.37105751391466324,12936410.925,True,1.8259935553168638,87.74703557312253,-2.49,2026-06-01,False,78.26086956521739,0.1851851851851852,-0.18412085415720128,87.39903069466882,-1.0900000000000005,79.74388824214202,38.64959254947614,4.656577415599535,74.97089639115251,33.56643356643357,46.31747763296075,13.04093567251462,57.276531939083256
7703,銳澤,電子設備,187.5,4.748603351955305,12873966.975,True,74.25968109339408,26.811594202898554,25.14,2026-06-01,False,49.35064935064935,9.329446064139942,0.10943808746981637,66.72597864768683,10.686666666666667,50.174621653084984,73.69033760186264,84.86612339930151,25.49476135040745,69.11421911421911,60.66801262377514,49.941520467836256,37.980141467366515
5508,永信建,建設,55.1,3.183520599250933,12871307.15,True,85.1235230934479,17.061923583662715,329.34,2026-06-01,False,8.620689655172415,7.407407407407416,0.19699991171090586,51.49532710280374,166.54333333333332,7.217694994179278,67.98603026775321,94.9941792782305,5.122235157159487,98.36829836829837,54.73768761312417,97.54385964912281,35.4744398831771
4560,強信-KY,機械,28.9,-2.1996615905245376,12698583.17,True,6.390977443609022,81.1923583662714,36.03,2026-06-01,False,91.17647058823529,-8.399366085578453,-0.06418345080062267,77.58389261744966,11.900000000000002,91.61816065192085,11.757857974388825,21.536670547147846,52.852153667054715,71.56177156177156,49.86532288045676,63.74269005847953,74.11378660076656
6464,台數科,有線電視,77.6,1.041666666666674,12284891.525,True,72.3952738990333,28.65612648221344,-1.29,2026-06-01,False,28.475935828877002,-1.0204081632653206,-0.03749548131379039,97.0,-5.029999999999999,28.405122235157158,33.993015133876604,31.08265424912689,93.71362048894063,23.65967365967366,42.170817153354996,14.619883040935672,50.686402657789216
6561,是方,通信網路,322.0,-0.9230769230769265,12251032.95,True,3.061224489795918,85.27667984189723,10.18,2026-06-01,False,92.3076923076923,-1.0752688172043012,0.06453396316039478,73.18181818181819,15.64,92.54947613504075,33.527357392316645,73.22467986030267,42.84051222351572,77.27272727272727,63.8829505767806,29.122807017543863,57.74635949594592
3484,崧騰,電子零組件,46.5,-8.823529411764708,12119545.555,True,53.276047261009666,42.78656126482213,9.04,2026-06-01,False,69.07894736842105,-11.931818181818176,-0.07874390063642991,84.39201451905626,10.169999999999998,69.61583236321303,7.334109429569266,17.462165308498253,69.15017462165308,67.5990675990676,46.232269864400244,27.953216374269008,64.84627848239147
7780,大研生醫*,藥,16.7,-2.052785923753675,12083049.315,True,0.8403361344537815,90.87615283267458,37.7,2026-06-01,False,84.78260869565217,0.6024096385542039,0.12274062802457947,5.585284280936455,1.9266666666666694,85.79743888242142,41.21071012805588,87.54365541327125,0.11641443538998836,42.074592074592076,51.34856218674612,65.73099415204679,52.608534335450585
8076,伍豐,電腦及週邊,22.15,-0.8948545861297674,11981090.4675,True,84.24611223799864,18.24769433465086,8.5,2026-06-01,False,15.254237288135593,-4.935622317596575,-0.053220351808519306,77.44755244755244,-23.05333333333333,13.853317811408614,20.60535506402794,25.029103608847496,52.73573923166472,8.158508158508159,24.076404774891387,27.485380116959064,43.367270524001114
2537,聯上發,建設,11.65,0.8658008658008587,11964428.2125,True,70.39106145251397,29.71014492753623,57.68,2026-06-01,False,25.862068965517242,6.392694063926951,0.13995264951137584,93.95161290322581,-1771.9133333333332,25.84400465657741,64.84284051222352,90.104772991851,89.40628637951106,0.4662004662004662,54.13282100127269,78.3625730994152,57.19250590582004
8937,合騏*,汽車製造,30.0,1.3513513513513375,11856766.569999998,True,82.12669683257919,19.63109354413702,782.58,2026-06-01,False,19.385026737967912,25.52301255230126,-0.21581013360953155,16.666666666666664,-339.73666666666657,18.62630966239814,91.73457508731082,2.6775320139697323,0.46565774155995343,1.5151515151515151,23.003845204078033,99.18128654970761,31.63466971658872
1580,新麥,機械,102.5,-0.4854368932038833,11835720.05,True,3.9742212674543502,83.72859025032938,3.17,2026-06-01,False,94.11764705882352,-8.482142857142858,-0.06277994915814615,72.43816254416961,9.153333333333334,94.17927823050059,11.40861466821886,21.885913853317813,40.86146682188591,65.26806526806527,46.72066776839769,20.23391812865497,60.96651212820566
6117,迎廣,電子零組件,64.0,-2.140672782874631,11771806.035,True,6.680369989722508,81.02766798418972,-11.35,2026-06-01,False,96.71052631578947,-2.439024390243894,-0.07039739076794985,67.36842105263158,-7.3533333333333335,96.27473806752037,27.0081490104773,19.557625145518045,26.658905704307333,18.53146853146853,37.606177291858316,5.847953216374268,50.44336199443117
6126,信音,電子零組件,29.15,-3.4768211920529812,11711276.8825,True,92.37379162191192,10.474308300395258,59.02,2026-06-01,False,20.394736842105264,-7.460317460317464,-0.19420322766650833,67.7906976744186,4.4466666666666725,19.90686845168801,14.318975552968569,3.958090803259604,27.59022118742724,51.63170163170163,23.48117152540901,79.2982456140351,53.119089925045444
6234,高僑,電子設備,34.2,-3.7974683544303667,11694803.3725,True,87.13620488940629,15.2832674571805,-15.81,2026-06-01,False,24.675324675324674,-2.840909090909091,0.10355232151434614,55.16129032258065,-22.45,24.214202561117578,25.72759022118743,83.1199068684517,7.334109429569266,8.508158508158509,29.780793517696896,4.444444444444445,27.566291553485968
4951,精拓科,半導體,80.0,0.7556675062972307,11689809.03,True,17.583603020496223,72.59552042160738,-3.71,2026-06-01,False,84.84848484848484,-1.4778325123152742,0.0574044462454492,57.14285714285714,-2.5533333333333337,85.9138533178114,31.431897555296857,71.24563445867288,8.498253783469151,30.069930069930066,45.43191383703608,11.695906432748536,43.66902899468306
2614,東森,百貨批發,18.3,0.5494505494505475,11540846.925,True,15.262718932443702,74.76943346508564,2.75,2026-06-01,False,63.1578947368421,1.9498607242339914,0.09123222569711881,77.37843551797042,7.736666666666667,63.79511059371362,47.38067520372526,80.67520372526194,52.27008149010477,61.771561771561764,61.17852655687348,19.1812865497076,46.966450857450184
4119,旭富,藥,56.1,0.3577817531305927,11536851.370000001,True,94.10735122520421,8.36627140974967,36.15,2026-06-01,False,8.695652173913043,15.432098765432098,0.010909305151116329,91.9672131147541,55.30333333333333,7.334109429569266,83.35273573923166,53.43422584400466,84.74970896391153,95.92074592074592,64.95830517949261,63.918128654970765,43.16230282730497
8341,日友,資源回收,75.2,-0.5291005291005124,11483032.319999998,True,0.0,98.5836627140975,6.99,2026-06-01,False,95.65217391304348,-0.13280212483398982,0.08723719930241847,82.18579234972678,-16.006666666666668,95.51804423748544,37.36903376018626,79.74388824214202,62.9802095459837,12.004662004662006,57.523167558091885,25.263157894736842,61.59809447950494
3558,神準,通信網路,119.5,-3.238866396761131,11423924.0,True,98.87218045112782,3.0961791831357046,5.74,2026-06-01,False,3.8461538461538463,-6.640625,0.17014546907470776,72.20543806646525,15.183333333333334,2.3864959254947613,16.996507566938302,93.48079161816065,39.81373690337602,76.92307692307693,45.920121787409336,23.157894736842106,37.09040499969365
5511,德昌,營造,69.3,-2.3943661971831065,11322924.254999999,True,1.5037593984962405,88.40579710144928,3.9,2026-06-01,False,86.66666666666667,-0.4310344827586166,-0.11027917562064328,86.19402985074626,-3.47,87.48544819557625,36.20488940628638,12.689173457508732,72.9918509895227,27.62237762237762,47.39874793425434,20.818713450292396,61.27278080727624
1336,台翰,電子零組件,16.15,-3.003003003003002,11272512.2125,True,87.70139634801289,15.019762845849801,29.61,2026-06-01,False,28.289473684210524,6.249999999999996,0.01890294171836498,87.29729729729729,22.583333333333332,28.28870779976717,64.0279394644936,56.57741559953434,74.85448195576252,85.78088578088578,61.90588612008869,55.78947368421052,48.72618099381165
3669,圓展,光電及I/O,35.1,-1.4044943820224698,11180172.7225,True,27.765843179377015,63.20816864295126,2.95,2026-06-01,False,65.33333333333333,-11.698113207547166,0.023371647186499447,81.4385150812065,-1.8533333333333335,66.0069848661234,7.683352735739232,58.905704307334105,60.41909196740396,31.7016317016317,44.94335311564648,19.824561403508774,59.64182137532423
6101,寬魚國際,電視廣播,37.95,-1.04302477183833,11115783.9075,True,1.0752688172043012,89.78919631093544,-65.59,2026-06-01,False,89.83957219251337,5.27045769764218,-0.050554015929392536,79.47643979057592,-105.89333333333335,90.22118742724098,60.884749708963916,25.72759022118743,56.69383003492433,2.2144522144522143,47.148361921353775,0.9356725146198831,46.74148506695532
6841,長佳智能,醫療耗材,54.0,0.746268656716409,11047217.665000001,True,70.71547420965058,29.512516469038207,6.13,2026-06-01,False,11.11111111111111,-2.7027027027027026,-0.04421706220685196,65.21739130434783,-6.066666666666667,9.778812572759023,26.426076833527357,28.637951105937137,22.351571594877765,20.62937062937063,21.564756547294383,23.625730994152047,32.33250958206537
2243,宏旭-KY,汽車組件,46.0,7.226107226107237,11036127.065,True,88.49557522123894,14.163372859025033,-40.08,2026-06-01,False,11.11111111111111,5.990783410138252,-0.1622598038419295,69.6969696969697,-37.516666666666666,9.778812572759023,63.329452852153665,6.053550640279394,32.82887077997672,4.895104895104895,23.37715834805474,1.7543859649122806,20.25815411637359
6568,宏觀,半導體,137.0,-2.1428571428571463,11009451.9,True,38.23845327604726,55.99472990777339,11.01,2026-06-01,False,74.24242424242425,-0.7246376811594203,-0.021313443794184494,50.0,2.073333333333334,75.08731082654249,34.92433061699651,38.30034924330617,3.841676367869616,42.89044289044289,39.00882198903153,30.350877192982455,43.58888344259951
6122,擎邦,工程承攬,51.3,5.338809034907577,10984784.405,True,41.7819590481461,52.37154150197628,20.25,2026-06-01,False,50.0,11.764705882352938,0.15578582082925027,81.81818181818181,24.19333333333333,51.222351571594885,76.94994179278231,92.20023282887078,61.81606519208381,87.41258741258741,73.92023575958385,44.67836257309942,45.191709385998955
6902,GOGOLOOK,資訊服務,125.0,0.8064516129032251,10885547.575,True,0.33112582781456956,93.93939393939394,36.46,2026-06-01,False,88.88888888888889,1.6260162601626018,0.013442822886650711,84.7457627118644,8.023333333333333,89.58090803259604,45.63445867287544,54.48195576251456,70.31431897555296,62.58741258741259,64.51981080619032,64.44444444444444,69.6763031949295
1565,精華,醫療耗材,98.6,-1.8905472636815968,10881216.305,True,21.858216970998924,68.57707509881423,-16.8,2026-06-01,False,38.88888888888889,5.793991416309003,0.23009320016905044,69.19298245614036,-0.09333333333333371,39.11525029103609,62.514551804423746,96.62398137369034,31.08265424912689,35.78088578088578,53.02346469983257,4.2105263157894735,27.973469762882175
2032,新鋼,基本金屬,17.3,0.28985507246377384,10841199.492500002,True,0.7425742574257426,91.63372859025033,11.99,2026-06-01,False,95.1219512195122,10.543130990415337,0.054979421318171726,92.76139410187668,-5.7333333333333325,94.9941792782305,75.20372526193248,70.081490104773,87.07799767171129,21.678321678321677,69.8071427989938,32.16374269005848,59.75804859451694
9942,茂順,汽車組件,114.5,0.0,10824212.675,True,17.23952738990333,72.92490118577075,26.64,2026-06-01,False,77.77777777777779,0.0,-0.13829566016908154,91.23505976095618,9.506666666666668,78.8707799767171,37.951105937136205,8.149010477299184,83.46915017462166,66.55011655011654,54.99803262317814,52.63157894736842,69.25510079039275
1713,國化,染料及顏料,43.45,-3.2293986636970917,10790312.370000001,True,12.835660580021482,76.48221343873519,-7.68,2026-06-01,False,66.66666666666666,-7.454739084132054,-0.14526266767672996,82.44781783681215,-19.03333333333333,67.34575087310827,14.551804423748546,7.450523864959255,63.79511059371362,10.13986013986014,32.65660997907797,8.88888888888889,56.36948648299055
6570,維田,電腦及週邊,51.6,-0.7692307692307665,10765682.25,True,62.67454350161117,35.30961791831357,23.79,2026-06-01,False,32.20338983050847,-9.314586994727588,-0.043699837082746565,78.77862595419847,1.9233333333333356,32.47962747380676,9.778812572759023,28.987194412107105,55.18044237485448,41.95804195804196,33.676823758313866,48.654970760233915,56.63405700903404
3530,晶相光,半導體,58.3,-2.6711185308848084,10690426.299999999,True,24.10562180579216,66.73254281949934,24.34,2026-06-01,False,81.06060606060606,5.04504504504504,-0.07242502912334388,73.79746835443038,-5.670000000000002,81.9557625145518,60.18626309662398,19.32479627473807,44.81955762514552,22.144522144522146,45.6861803311163,49.005847953216374,53.898726249072425
3257,虹冠電,半導體,49.7,-0.9960159362549792,10653371.125,True,35.23093447905478,58.23451910408433,-42.5,2026-06-01,False,78.03030303030303,-3.6821705426356557,0.0035162803615422984,63.47381864623245,3.280000000000001,79.51105937136205,23.63213038416764,49.825378346915016,18.160651920838184,47.31934731934732,43.68971346852604,1.4035087719298245,43.86077241999061
3588,通嘉,半導體,52.4,-2.9629629629629672,10429839.774999999,True,50.46565774155995,44.99341238471673,46.38,2026-06-01,False,59.84848484848485,-1.6885553470919297,0.03893048974088913,69.03820816864294,18.636666666666667,60.41909196740396,30.849825378346914,65.65774155995344,30.73341094295693,81.11888111888112,53.755790193508474,71.69590643274853,57.99964599119063
6161,捷波,電腦及週邊,51.6,3.200000000000003,10358179.025,True,52.09452201933404,43.67588932806324,42.67,2026-06-01,False,42.3728813559322,-7.194244604316546,0.010582428664161099,79.38461538461539,-5.263333333333335,42.607683352735734,15.366705471478465,52.9685681024447,56.57741559953434,23.076923076923077,38.11945912062326,69.12280701754386,63.235300124583866
4580,捷流閥業,其他電製品,82.8,-0.600240096038418,10329521.07,True,88.93695920889988,13.70223978919631,-4.5,2026-06-01,False,25.0,2.6022304832713683,-0.08976480993104773,85.71428571428572,-3.6,24.738067520372525,49.94179278230501,15.715948777648428,72.17694994179278,27.156177156177158,37.94578723565918,11.11111111111111,39.52108394774285
3360,尚立,電子通路,14.9,-1.9736842105263053,10252561.2675,True,98.53228962818004,3.4255599472990776,95.16,2026-06-01,False,1.9230769230769231,-8.588957055214726,0.00774634107590286,65.20787746170677,22.809999999999988,0.989522700814901,11.175785797438882,51.68800931315482,22.235157159487777,85.8974358974359,34.39718217366645,89.23976608187134,50.32216503618379
8249,菱光,光電及I/O,40.95,-1.680672268907557,10215246.305,True,88.2921589688507,14.492753623188406,12.5,2026-06-01,False,22.666666666666664,-4.322429906542044,0.1997895523446384,63.78504672897196,-1.2933333333333348,22.351571594877765,22.0023282887078,95.11059371362049,18.975552968568103,32.86713286713287,38.26143588658141,32.748538011695906,38.018333571608494
1436,華友聯,建設,38.35,-0.3896103896103842,10185080.549999999,True,65.19871106337271,33.33333333333333,-79.41,2026-06-01,False,27.586206896551722,7.422969187675066,0.13572750188227276,47.05521472392638,-59.349999999999994,27.706635622817227,68.10244470314319,89.52270081490104,2.5611175785797435,3.613053613053613,38.301190466498966,0.46783625730994155,15.65828618889093
6150,撼訊,電腦及週邊,60.6,-2.728731942215079,10143280.620000001,True,60.9375,37.22002635046113,-30.19,2026-06-01,False,37.28813559322034,3.236797274275977,0.15294691016554252,65.30172413793103,20.733333333333338,37.951105937136205,53.55064027939464,91.61816065192085,22.467986030267753,83.91608391608392,57.90079536296067,2.1052631578947367,27.243428711476014
2228,劍麟,汽車組件,73.8,-1.468624833110821,10132658.504999999,True,74.06015037593986,27.07509881422925,2.24,2026-06-01,False,33.33333333333333,-5.384615384615389,-0.04616681792287459,62.278481012658226,3.366666666666667,33.81839348079162,19.441210710128058,28.28870779976717,16.298020954598368,47.55244755244755,29.07975609954655,18.47953216374269,37.28868397225115
3438,類比科,半導體,64.5,-4.017857142857151,10124723.089999998,True,52.32472324723248,43.47826086956522,-6.39,2026-06-01,False,56.81818181818182,5.911330049261086,-0.07781706782723428,81.64556962025317,5.760000000000001,58.207217694994185,63.09662398137369,18.044237485448196,61.11757857974389,56.17715617715617,51.32856278374324,9.5906432748538,41.45470389205455
3051,力特,光電及I/O,21.85,-3.956043956043953,10115770.325000001,True,40.24205748865356,53.49143610013175,42.47,2026-06-01,False,57.333333333333336,-3.7444933920704755,0.20379014914557708,70.94155844155846,18.016666666666666,58.55646100116414,23.28288707799767,95.57625145518044,35.62281722933644,80.53613053613053,58.714909459961845,68.88888888888889,59.94632001034795
