stock_id,name,industry,close,day_change_pct,adv20,listed_ok,pe_hist_pct,value_pct,revenue_yoy,rev_month,bear_regime,value_ind_pct,momentum20,chip20_turnover,high52_prox,rev_accel,value_ind_pct_pool_pct,momentum20_pool_pct,chip20_turnover_pool_pct,high52_prox_pool_pct,rev_accel_pool_pct,composite,revenue_yoy_pool_pct,c2_score
2330,台積電,半導體,2435.0,0.8281573498964745,91213120709.25,True,97.72727272727273,4.445919044459191,67.87,2026-06-01,False,4.615384615384616,-1.417004048582996,-0.05873884079942085,97.01195219123507,29.383333333333333,3.269447576099211,56.482525366403614,17.81285231116122,94.92671927846675,90.41713641488163,52.58173618940248,83.93665158371041,56.41257326796819
2408,南亞科,半導體,514.0,6.528497409326417,37462171431.6,True,62.88743882544862,38.42070338420703,621.34,2026-06-01,False,54.61538461538461,17.084282460136674,0.058583716254336296,100.0,-68.26333333333332,55.35512965050733,93.79932356257046,70.46223224351748,98.98534385569336,3.1567080045095826,64.35174746335966,98.98190045248869,64.88076259902972
2454,聯發科,半導體,4225.0,5.230386052303859,36621891932.25,True,99.24242424242425,3.0856005308560053,2.8,2026-06-01,False,2.307692307692308,14.18918918918919,0.010705584577790953,91.05603448275862,1.583333333333333,1.3528748590755355,91.5445321307779,50.16910935738444,84.21645997745209,40.92446448703495,53.64148816234499,19.90950226244344,28.483576242048294
2327,國巨*,電子零組件,662.0,9.966777408637872,33609009840.675,True,97.78138528138528,4.37956204379562,38.91,2026-06-01,False,7.333333333333333,-14.690721649484537,-0.0429237525327535,58.07017543859649,2.7733333333333334,5.975197294250282,9.808342728297632,22.547914317925592,10.033821871476889,45.82863585118376,18.83878241262683,67.42081447963801,43.40537272926689
2308,台達電,電子零組件,1885.0,5.307262569832405,24767235484.75,True,93.5064935064935,11.446582614465827,55.43,2026-06-01,False,20.0,-1.0498687664041995,-0.06342021728361362,74.8015873015873,7.763333333333335,20.293122886133034,58.511837655016905,16.459977452085685,45.659526493799326,63.021420518602035,40.7891770011274,78.73303167420815,46.5434608497809
2303,聯電,半導體,124.5,1.2195121951219523,24748174676.675,True,71.9155844155844,31.71864631718646,22.85,2026-06-01,False,45.38461538461539,-22.1875,-0.0567364307858601,69.74789915966386,5.706666666666667,45.659526493799326,2.931228861330327,18.376550169109358,32.694475760992106,56.708004509582864,31.273957158962798,48.98190045248869,56.10116846148745
2344,華邦電,半導體,177.0,0.0,22437332606.075,True,44.32358939496941,54.01459854014598,189.88,2026-06-01,False,73.07692307692307,2.9069767441860463,-0.027950605986009455,79.72972972972973,5.190000000000026,74.23900789177002,73.16798196166854,28.74859075535513,58.62457722660653,54.11499436302142,57.779030439684334,95.47511312217195,63.79267906971999
3037,欣興,印刷電路板,1000.0,0.0,20075973637.75,True,86.63419913419914,18.447246184472462,36.31,2026-06-01,False,50.0,13.378684807256235,0.046377798318972936,92.16589861751152,4.20333333333334,50.56369785794814,90.41713641488163,66.5163472378805,86.92220969560316,51.18376550169109,69.1206313416009,65.38461538461539,53.11334663082127
3231,緯創,電腦及週邊,197.0,1.8087855297157729,18588725413.575,True,60.443722943722946,40.610484406104845,53.85,2026-06-01,False,49.122807017543856,34.470989761092156,0.15483323888481698,100.0,-14.509999999999998,49.267192784667415,98.98534385569336,91.31905298759865,98.98534385569336,13.19052987598647,70.34949267192785,78.28054298642535,56.88693394277318
4958,臻鼎-KY,印刷電路板,477.5,1.2725344644750836,18112814560.375,True,96.1038961038961,7.2992700729927,32.83,2026-06-01,False,22.727272727272727,-17.387543252595155,-0.06773964376645412,73.91640866873065,5.476666666666663,23.111612175873734,6.764374295377677,15.670800450958286,43.404735062006765,55.69334836527621,28.928974069898537,61.31221719457014,55.26604753426824
1303,南亞,石化,189.0,0.0,17321420821.325,True,55.21077283372365,44.79097544790975,31.79,2026-06-01,False,55.55555555555556,-14.479638009049776,-0.04509200375048093,83.07692307692308,4.263333333333328,56.20067643742954,10.146561443066517,22.096956031567082,67.41826381059752,51.521984216459984,41.47688838782413,59.841628959276015,68.32850194105914
3481,群創,光電及I/O,49.4,-1.9841269841269882,15658174730.5875,True,90.44811320754717,14.86396814863968,17.25,2026-06-01,False,23.61111111111111,-13.787085514834205,0.0009019175501913458,69.67559943582509,4.143333333333333,23.788049605411498,11.499436302142051,44.983089064261556,32.581736189402484,50.95828635851184,32.76211950394588,41.8552036199095,46.68138827814536
2317,鴻海,電腦及週邊,262.0,-2.9629629629629672,14906385852.1,True,95.72510822510823,7.996018579960186,52.11,2026-06-01,False,7.017543859649122,8.041237113402062,0.1180550588997905,84.78964401294499,11.636666666666663,5.5242390078917705,83.42728297632469,86.58399098083427,70.5749718151071,71.47688838782412,63.517474633596386,77.14932126696833,42.45531227841063
6770,力積電,半導體,74.9,1.6282225237449266,13552553868.4675,True,86.32619439868205,18.646317186463172,68.75,2026-06-01,False,31.538461538461537,-2.091503267973849,-0.026406512661562728,84.44193912063135,15.393333333333338,31.4543404735062,52.76211950394588,29.537767756482523,70.34949267192785,78.12852311161218,52.44644870349492,84.38914027149322,58.357713478245344
3711,日月光投控,半導體,626.0,0.8051529790660261,13514603702.0,True,95.25909592061743,9.024552090245521,32.86,2026-06-01,False,16.153846153846153,-8.211143695014663,-0.07441519493382044,86.10729023383769,5.976666666666663,16.00901916572717,26.606538895152198,13.979706877113868,73.05524239007892,57.83540022547914,37.497181510710256,61.48190045248869,55.98490577828564
8046,南電,印刷電路板,1215.0,-3.9525691699604737,13244509241.45,True,80.62157221206581,23.822163238221634,50.03,2026-06-01,False,63.63636363636363,-4.705882352941177,-0.0194266430269955,85.86572438162544,8.256666666666668,64.59977452085683,39.85343855693348,32.694475760992106,72.37880496054116,64.71251409244645,54.84780157835401,75.62217194570135,68.18682821754146
3017,奇鋐,電子零組件,3200.0,9.965635738831624,12745475250.25,True,91.93722943722943,12.93961512939615,66.11,2026-06-01,False,22.0,43.82022471910113,0.10941248397004856,100.0,-0.013333333333335418,21.98421645997745,99.43630214205186,84.32919954904172,98.98534385569336,35.963923337091316,68.13979706877114,83.3710407239819,51.22607472440021
2383,台光電,印刷電路板,5690.0,-0.6980802792321161,12178983092.75,True,95.995670995671,7.398805573988056,120.69,2026-06-01,False,25.0,14.02805611222445,-0.026788372525928358,93.58552631578947,11.043333333333337,25.25366403607666,91.20631341600902,29.312288613303267,90.07891770011274,70.68771138669673,61.307779030439676,92.53393665158372,54.16505124294102
6669,緯穎,電腦及週邊,6070.0,0.7468879668049766,11489676480.75,True,64.27378964941569,36.82813536828136,29.79,2026-06-01,False,36.84210526315789,18.670576735092865,0.0459046469232877,96.88747007182761,3.9166666666666643,37.26042841037204,94.92671927846675,66.40360766629087,94.70124013528749,49.943630214205186,68.64712514092447,57.35294117647059,48.59697261091584
6488,環球晶,半導體,1025.0,9.86066452304395,10939245808.15,True,97.2943722943723,5.242203052422031,-1.63,2026-06-01,False,6.923076923076923,-25.18248175182482,-0.04132261852458046,67.65676567656766,3.3899999999999997,5.2987598647125145,1.6910935738444193,23.337091319052988,26.719278466741827,48.13979706877114,21.037204058624575,14.705882352941178,36.25820677763778
2337,旺宏,半導體,136.5,0.0,10198002107.705,True,99.83079526226734,1.39349701393497,216.09,2026-06-01,False,0.7692307692307693,0.0,-0.005575557386496488,73.58490566037736,34.22333333333333,0.2254791431792559,62.626832018038336,40.69898534385569,42.615558060879366,91.99549041713641,47.63246899661781,96.15384615384616,44.09201283496661
3189,景碩,印刷電路板,851.0,-0.815850815850816,9774952864.0,True,77.49838813668602,26.60915726609157,32.27,2026-06-01,False,68.18181818181817,10.519480519480519,0.010303096695999749,95.51066217732884,1.5899999999999999,69.89853438556933,87.14768883878241,49.6054114994363,93.23562570462232,41.037204058624575,68.184892897407,60.40723981900452,59.09842776760344
8299,群聯,半導體,2280.0,3.167420814479649,9461424818.0,True,27.86796536796537,66.42335766423358,301.0,2026-06-01,False,80.76923076923077,15.151515151515152,-0.006974841604661962,79.16666666666666,21.379999999999995,81.4543404735062,92.55918827508455,39.57158962795941,57.49718151071026,85.1183765501691,71.24013528748591,97.51131221719457,60.975911481581626
3008,大立光,消費性電子,4660.0,1.6357688113413316,9349065342.0,True,95.40043290043289,8.69276708692767,-10.46,2026-06-01,False,15.789473684210526,9.389671361502346,-0.03480052888639403,89.70163618864294,-29.35666666666667,15.670800450958286,86.13303269447576,26.38105975197294,81.510710259301,6.6516347237880495,43.26944757609921,7.013574660633484,29.515513169104253
3443,創意,半導體,5540.0,7.992202729044839,9257608787.25,True,98.26839826839827,3.78234903782349,103.72,2026-06-01,False,3.8461538461538463,32.37753882915173,0.017970403060270455,96.68411867364746,-27.180000000000007,2.5366403607666292,98.87260428410372,55.12965050732808,94.47576099210822,7.1025930101465615,51.623449830890635,91.06334841628959,47.300786371265175
2368,金像電,印刷電路板,1010.0,1.0000000000000009,8528604024.9,True,92.07569485511532,12.806901128069011,78.22,2026-06-01,False,38.63636363636363,0.4975124378109453,-0.0637939687015169,67.55852842809364,3.576666666666668,39.23337091319053,65.05073280721533,16.1217587373168,26.606538895152198,49.04171364148816,39.21082299887261,86.99095022624435,46.94503180684294
3665,貿聯-KY,電子零組件,2205.0,2.3201856148491906,8374041387.75,True,97.8896103896104,4.04777704047777,63.79,2026-06-01,False,6.0,12.787723785166241,-0.009031085909854868,75.0,22.563333333333333,4.509582863585118,89.62795941375423,37.99323562570463,46.674182638105975,86.35851183765502,53.03269447576099,82.23981900452489,35.94890627311544
2382,廣達,電腦及週邊,325.0,-0.1536098310291889,8064968233.75,True,32.62987012987013,62.840079628400794,102.87,2026-06-01,False,73.68421052631578,-7.670454545454546,-0.04993309876581577,77.93764988009593,-3.11666666666666,74.52085682074409,28.97406989853439,20.40586245772266,54.11499436302142,28.635851183765503,41.330326944757616,90.83710407239819,72.62472133940733
3661,世芯-KY,半導體,4190.0,3.329223181257701,7975263911.5,True,78.35497835497836,26.07830126078301,15.39,2026-06-01,False,40.0,11.140583554376658,-0.011467647022600669,77.95348837209303,32.18000000000001,40.7553551296505,88.04960541149943,36.18940248027058,54.34047350620068,91.5445321307779,62.17587373167983,38.23529411764706,36.32037933549971
3105,穩懋,半導體,387.0,-3.2499999999999973,7859468773.6,True,71.00186683260733,32.183145321831454,29.55,2026-06-01,False,46.15384615384615,4.878048780487805,-0.0057594509423238354,62.72285251215559,-10.029999999999998,46.956031567080046,77.22660653889515,40.47350620067644,15.558060879368659,16.685456595264938,39.37993235625705,56.78733031674208,35.51870405607391
6274,台燿,印刷電路板,1600.0,0.0,7598731898.5,True,96.42857142857143,6.635700066357001,107.72,2026-06-01,False,20.454545454545457,23.552123552123554,-0.02494870476775598,84.21052631578947,-3.673333333333332,20.744081172491544,96.84329199549042,30.101465614430666,69.10935738444194,26.38105975197294,48.635851183765496,91.6289592760181,46.15977645936529
2301,光寶科,電子零組件,269.5,3.8535645472061564,7352927652.375,True,97.83549783549783,4.180491041804911,36.98,2026-06-01,False,6.666666666666667,23.623853211009173,0.11436402970952358,99.2633517495396,6.629999999999999,4.96054114994363,96.95603156708005,85.56933483652762,97.51972942502819,60.65388951521984,69.13190529875986,65.9502262443439,42.86861631305891
6213,聯茂,印刷電路板,469.0,1.0775862068965525,7043995731.875,True,98.37662337662337,3.64963503649635,47.94,2026-06-01,False,13.636363636363635,44.30769230769231,0.013337919413434483,100.0,17.596666666666664,13.19052987598647,99.66178128523111,52.08568207440811,98.98534385569336,80.83427282976324,68.95152198421646,74.15158371040724,46.666419039213984
2360,致茂,電子設備,2300.0,4.783599088838275,6946120798.5,True,95.56277056277057,8.460517584605176,73.02,2026-06-01,False,13.333333333333334,15.577889447236181,-0.050092688098053624,87.61904761904762,-38.646666666666675,12.795941375422773,92.89740698985344,20.180383314543406,76.32468996617813,5.0732807215332585,41.4543404735062,85.52036199095022,45.43589658567442
2345,智邦,通信網路,2270.0,2.483069977426644,6709787497.5,True,88.36580086580086,16.45653616456536,61.16,2026-06-01,False,30.76923076923077,-2.1551724137931036,-0.04823101873863228,82.54545454545455,3.9566666666666706,30.777903043968436,52.19842164599775,21.307779030439683,65.95264937993235,50.05636978579482,44.05862457722661,81.33484162895928,56.466743101715586
5483,中美晶,半導體,187.5,1.3513513513513598,6504146822.975,True,79.91046446558478,24.883875248838752,7.61,2026-06-01,False,38.46153846153847,-27.606177606177607,-0.03880064722280769,67.44604316546763,3.2700000000000005,38.89515219842165,0.6764374295377678,25.02818489289741,26.155580608793688,47.68883878241263,27.68883878241263,27.37556561085973,47.93746524713433
3653,健策,電子零組件,4635.0,3.691275167785224,6438251481.0,True,97.13203463203463,5.408095554080956,57.64,2026-06-01,False,12.0,36.52430044182621,0.0059997930586977765,85.12396694214877,16.869999999999997,11.217587373167982,99.09808342728297,47.576099210822996,71.13866967305525,80.04509582863585,61.81510710259302,79.41176470588235,40.667484581205656
2313,華通,印刷電路板,212.0,1.4354066985645897,6398969599.8,True,93.3982683982684,11.61247511612475,20.96,2026-06-01,False,34.090909090909086,-9.978768577494693,0.003159531033621877,71.0217755443886,10.586666666666668,34.2728297632469,21.758737316798197,46.33596392333709,36.076662908680944,69.7857948139797,41.64599774520857,46.49321266968326,48.77099200620323
8358,金居,印刷電路板,421.0,0.5973715651135025,6298484102.75,True,89.06926406926407,16.05839416058394,43.37,2026-06-01,False,45.45454545454545,-4.100227790432802,-0.10589587300611095,60.14285714285714,3.18333333333333,45.9413754227734,43.74295377677565,7.5535512965050735,12.175873731679818,47.12514092446449,31.307779030439683,70.47511312217195,46.21235212496238
8039,台虹,印刷電路板,249.5,9.911894273127754,6208655716.55,True,99.45887445887446,2.72063702720637,-6.57,2026-06-01,False,6.8181818181818175,25.062656641604008,-0.005601916406746114,97.4609375,-4.130000000000001,5.0732807215332585,97.51972942502819,40.58624577226607,95.37767756482526,25.366403607666292,52.784667418263815,9.728506787330318,28.164933912165164
6239,力成,半導體,283.0,0.5328596802841812,5880614302.525,True,93.93939393939394,10.816191108161911,21.71,2026-06-01,False,18.461538461538463,-10.584518167456556,-0.06212718881081515,74.67018469656992,-6.433333333333334,18.714768883878243,19.616685456595263,16.798196166854567,45.20856820744081,19.95490417136415,24.058624577226606,47.511312217194565,47.95449096297959
2449,京元電子,半導體,253.5,-2.1235521235521193,5815557477.05,True,95.29220779220779,8.925016589250166,28.64,2026-06-01,False,15.0,-20.28301886792453,-0.15258674417068574,71.61016949152543,-4.630000000000003,15.050732807215333,4.735062006764374,3.720405862457723,37.20405862457722,24.46448703494927,17.034949267192783,55.88235294117647,50.85052059155116
3081,聯亞,半導體,2665.0,-2.2018348623853212,5815096634.75,True,82.74932614555256,21.76509621765096,128.14,2026-06-01,False,34.61538461538461,64.50617283950618,-0.006213348326560171,84.33544303797468,7.35333333333331,34.55467869222097,100.0,40.36076662908681,69.89853438556933,62.344983089064264,61.431792559188274,93.21266968325791,49.41647069026206
4979,華星光,通信網路,564.0,0.5347593582887722,5684027408.175,True,96.27192982456141,7.033842070338421,27.68,2026-06-01,False,17.307692307692307,43.87755102040816,0.04852029201758563,78.55153203342618,8.850000000000001,17.474633596392334,99.54904171364149,67.3055242390079,55.58060879368658,65.83990980834274,61.1499436302142,55.09049773755657,32.149174603498494
2059,川湖,金屬製品,12235.0,1.577418015774179,5621831556.25,True,98.7012987012987,3.4505640345056405,220.52,2026-06-01,False,14.285714285714285,41.363373772385906,0.03748447830151261,99.35038570848559,63.28333333333333,14.430665163472378,99.32356257046223,63.021420518602035,97.63246899661782,96.3923337091319,74.16009019165728,96.38009049773756,52.27991552184138
3374,精材,半導體,325.0,-1.5151515151515138,5357917968.5,True,89.85419198055892,15.12939615129396,61.01,2026-06-01,False,26.153846153846157,-17.72151898734177,-0.03642767999893604,77.75119617224881,17.686666666666667,26.38105975197294,6.36978579481398,25.70462232243517,53.325817361894025,81.05975197294251,38.568207440811726,81.10859728506787,63.61142215103021
6182,合晶,半導體,113.0,9.708737864077666,5264238320.005,True,98.41827768014059,3.5832780358327807,14.11,2026-06-01,False,3.076923076923077,-31.92771084337349,-0.02503827954844025,59.63060686015831,4.426666666666668,1.8038331454340473,0.3382187147688839,29.988726042841034,11.499436302142051,52.19842164599775,19.165727170236753,36.08597285067873,37.262755895871486
3260,威剛,半導體,409.0,-0.12210012210012167,5139698420.4,True,0.05927682276229994,96.0185799601858,212.06,2026-06-01,False,99.23076923076923,2.1223470661672907,0.04309880993759608,77.90476190476191,14.72333333333333,97.51972942502819,69.67305524239008,65.2762119503946,53.88951521984217,77.11386696730553,72.6944757609921,96.04072398190046,69.44422834609519
8150,南茂,半導體,92.9,0.759219088937102,4912868785.1050005,True,86.7965367965368,18.181818181818183,37.23,2026-06-01,False,30.76923076923077,-24.163265306122444,-0.07478762814840222,75.83673469387756,8.169999999999998,30.777903043968436,2.142051860202931,13.528748590755354,49.267192784667415,64.37429537767756,32.01803833145434,66.289592760181,61.04815918215348
2409,友達,光電及I/O,25.75,-1.904761904761909,4755253260.9800005,True,99.77194982896236,1.9243530192435303,13.83,2026-06-01,False,5.555555555555555,-6.8716094032549675,-0.02140460244383457,78.74617737003058,11.18,4.058624577226606,32.2435174746336,31.679819616685457,56.25704622322435,70.91319052987599,39.0304396843292,35.40723981900452,40.86984828620547
2492,華新科,電子零組件,316.5,9.895833333333325,4647212308.55,True,88.69047619047619,16.323822163238223,25.84,2026-06-01,False,28.000000000000004,-7.320644216691069,-0.10853241002652499,51.296596434359806,6.386666666666667,28.46674182638106,30.552423900789176,6.989853438556934,3.494926719278467,59.52649379932357,25.80608793686584,51.866515837104075,38.31894012049361
7769,鴻勁,電子設備,6770.0,4.475308641975317,4621767773.25,True,39.1812865497076,58.06237558062376,106.54,2026-06-01,False,81.33333333333333,1.1202389843166543,0.02008537248758064,81.96125907990314,5.8700000000000045,82.24351747463359,67.41826381059752,56.25704622322435,64.82525366403607,57.271702367531006,65.6031567080045,91.289592760181,67.73502502206328
5274,信驊,半導體,17490.0,0.6908462867012188,4595977893.75,True,90.5844155844156,14.731254147312542,67.47,2026-06-01,False,25.384615384615383,25.782092772384036,-0.0019399384253515244,90.73929961089495,-5.1299999999999955,25.817361894024803,97.74520856820745,43.06651634723788,83.65276211950395,23.167981961668545,54.68996617812852,83.82352941176471,48.8871112142715
6147,頎邦,半導體,164.5,5.111821086261981,4570242488.15,True,96.5909090909091,6.436629064366291,27.06,2026-06-01,False,9.230769230769232,-16.91919191919192,0.03745840299422385,53.84615384615385,3.6233333333333313,8.342728297632469,7.440811724915446,62.79594137542277,5.749718151071026,49.379932356257044,26.741826381059752,54.63800904977375,40.32241094339045
6223,旺矽,半導體,6495.0,-1.5909090909090873,4549936835.5,True,95.72510822510823,7.996018579960186,65.07,2026-06-01,False,13.846153846153847,4.421221864951769,-0.010440021222338223,88.00813008130082,6.576666666666661,13.416009019165728,76.43742953776776,36.753100338218715,77.22660653889515,60.54114994363021,52.87485907553552,82.80542986425338,49.252653971136624
3026,禾伸堂,電子零組件,691.0,0.8759124087591275,4399038474.4,True,97.56493506493507,4.877239548772396,33.9,2026-06-01,False,8.0,-9.7911227154047,-0.031147150300255073,68.75621890547264,8.446666666666665,6.6516347237880495,22.096956031567082,26.944757609921083,30.43968432919955,65.16347237880497,30.25930101465615,62.782805429864254,44.44429211282119
3450,聯鈞,通信網路,527.0,3.9447731755424043,4328399793.725,True,86.41618497109826,18.579960185799603,88.18,2026-06-01,False,34.61538461538461,9.791666666666666,0.04016134393403309,86.11111111111111,26.98333333333334,34.55467869222097,86.35851183765502,63.81059751972943,73.16798196166854,89.40248027057497,69.45885005636978,88.68778280542986,52.51298290541609
6446,藥華藥,藥,1445.0,0.3472222222222321,4299567336.75,True,58.834244080145716,41.804910418049104,94.88,2026-06-01,False,26.08695652173913,14.682539682539684,0.013200531280009203,94.44444444444444,4.313333333333333,26.211950394588502,91.99549041713641,51.97294250281848,91.77001127395717,51.97294250281848,62.7846674182638,89.70588235294117,53.92308840108761
6505,台塑化,輕油裂解,69.8,-0.5698005698005826,4285206376.1700006,True,1.3325608342989572,90.44459190444591,18.46,2026-06-01,False,90.43478260869566,-12.750000000000004,0.018608242541275917,74.89270386266094,-7.656666666666663,89.62795941375423,13.641488162344984,55.46786922209696,46.11048478015783,18.489289740698986,44.667418263810596,43.09954751131222,66.29912588571983
5347,世界,半導體,163.0,2.1943573667711602,4180538997.95,True,96.26623376623377,7.100199071001991,33.57,2026-06-01,False,11.538461538461538,-13.066666666666665,-0.054572000416735794,74.0909090909091,12.693333333333332,10.879368658399098,13.077790304396844,18.82750845546787,43.63021420518602,73.73167981961669,32.029312288613305,62.33031674208145,50.94052732531743
5289,宜鼎,半導體,1535.0,0.9868421052631637,3933660689.75,True,4.545454545454546,85.73324485733245,696.31,2026-06-01,False,90.76923076923077,10.03584229390681,-0.04878105568290508,77.1356783919598,56.23666666666668,90.41713641488163,86.6967305524239,20.9695603156708,52.08568207440811,96.27959413754228,69.28974069898534,99.2081447963801,63.75355818331148
6442,光聖,通信網路,1565.0,-1.8808777429467072,3618418963.75,True,74.52350698856416,29.1970802919708,1.65,2026-06-01,False,46.15384615384615,15.925925925925927,-0.03980030932786775,66.03375527426161,-32.17,46.956031567080046,93.23562570462232,24.46448703494927,22.77339346110485,5.862457722660654,38.65839909808342,18.665158371040725,23.789739423650826
6139,亞翔,電子設備,805.0,-0.7398273736128225,3594504531.65,True,57.14285714285714,43.39747843397478,49.7,2026-06-01,False,76.0,-7.258064516129033,-0.08886682337609017,84.29319371727748,-24.816666666666663,76.38105975197294,30.777903043968436,10.4847801578354,69.67305524239008,7.891770011273957,39.041713641488165,75.1131221719457,72.59733353058508
2357,華碩,電腦及週邊,937.0,9.97652582159625,3540218061.5,True,56.11471861471862,44.260119442601194,55.63,2026-06-01,False,50.877192982456144,31.04895104895105,0.2515949775007678,100.0,18.75,51.86020293122886,98.42164599774522,97.97068771138669,98.98534385569336,82.18714768883878,85.88500563697858,78.95927601809954,57.845794201819146
3163,波若威,通信網路,717.0,-0.139275766016711,3384743094.6,True,85.55194805194806,19.30988719309887,-11.53,2026-06-01,False,36.53846153846153,-0.9668508287292817,-0.02140530016842089,55.366795366795365,-23.176666666666666,36.865839909808344,59.188275084554675,31.567080045095828,6.6516347237880495,8.342728297632469,28.523111612175875,6.278280542986425,22.651870023007035
6187,萬潤,電子設備,1270.0,9.956709956709965,3373836617.15,True,84.84848484848484,19.940278699402786,87.06,2026-06-01,False,33.33333333333333,18.13953488372093,0.06469645066120334,91.36690647482014,34.73666666666667,33.370913190529876,94.70124013528749,72.49154453213077,84.89289740698986,92.10822998872604,75.5129650507328,88.46153846153845,53.00602723094268
1326,台化,石化,59.5,-0.1677852348993314,3158109934.7850003,True,55.11658031088083,44.857332448573324,11.59,2026-06-01,False,61.111111111111114,-13.64296081277214,-0.006854767092752808,82.98465829846583,-6.833333333333332,62.232243517474636,11.950394588500563,39.68432919954904,66.85456595264938,19.334836527621196,40.01127395715896,32.35294117647059,62.37233901452351
2395,研華,電腦及週邊,698.0,1.7492711370262315,3152707669.4,True,99.72943722943724,2.18978102189781,73.39,2026-06-01,False,1.7543859649122806,31.69811320754717,0.006352032781698528,100.0,26.68999999999999,0.7891770011273956,98.53438556933483,47.80157835400225,98.98534385569336,88.95152198421647,67.01240135287486,85.74660633484163,46.74668540558189
2379,瑞昱,半導體,758.0,-1.0443864229765065,3143766109.35,True,89.5021645021645,15.52753815527538,20.6,2026-06-01,False,27.692307692307693,6.460674157303371,0.0009231748076540938,84.22222222222221,2.6833333333333336,28.07215332581736,80.04509582863585,45.095828635851184,69.33483652762119,45.5467869222097,53.61894024802706,46.04072398190045,40.85065450167579
2455,全新,半導體,384.0,-0.13003901170350884,3074791258.625,True,91.07142857142857,14.067684140676842,23.55,2026-06-01,False,24.615384615384617,22.683706070287542,0.004718694352012104,86.48648648648648,-12.38666666666666,24.633596392333708,96.50507328072153,47.12514092446449,74.40811724915444,14.543404735062007,51.44306651634723,49.547511312217196,38.02103791824595
8996,高力,其他電製品,1285.0,9.829059829059839,3063342010.85,True,93.72294372294373,11.214333112143331,37.56,2026-06-01,False,12.5,14.222222222222221,-0.06069489144282464,80.81761006289308,-16.979999999999997,11.894024802705749,91.65727170236752,17.13641488162345,61.78128523111612,11.386696730552424,38.77113866967305,66.51583710407239,37.133468858881685
2634,漢翔,機車船製造,64.2,4.051863857374394,3048141433.635,True,63.31168831168831,38.02256138022561,7.23,2026-06-01,False,25.0,-0.465116279069763,0.005930815670443682,89.7902097902098,-5.553333333333331,25.25366403607666,61.21758737316798,47.463359639233374,81.73618940248028,22.209695603156707,47.576099210823,26.923076923076923,43.17383574711647
2376,技嘉,電腦及週邊,393.5,4.793608521970705,2989644774.85,True,62.55411255411255,38.68613138686132,68.55,2026-06-01,False,38.59649122807017,16.765578635014837,0.13945488018870972,98.62155388471177,19.486666666666665,39.120631341600905,93.57384441939121,89.06426155580608,96.50507328072153,83.31454340473506,80.31567080045096,84.16289592760181,56.55368903263326
3324,雙鴻,電子零組件,1035.0,-1.4285714285714235,2947729724.15,True,52.056277056277054,47.08029197080292,62.13,2026-06-01,False,74.0,14.745011086474502,0.06370185295775094,80.859375,-3.463333333333331,74.97181510710259,92.10822998872604,71.81510710259302,61.89402480270575,27.17023675310034,65.59188275084554,81.78733031674209,56.6362350594561
2377,微星,電腦及週邊,168.0,-0.591715976331364,2908114063.025,True,41.612554112554115,55.938951559389515,-9.23,2026-06-01,False,64.91228070175438,15.862068965517242,0.14108059213775273,99.40828402366864,9.176666666666666,65.7271702367531,93.1228861330327,89.62795941375423,97.74520856820745,66.40360766629087,82.52536640360765,8.031674208144796,44.59529172001816
3211,順達,電子零組件,406.5,-1.3349514563106846,2792418278.075,True,99.89177489177489,1.094890510948905,20.63,2026-06-01,False,2.0,-4.6893317702227435,0.00013272461123405024,86.67377398720683,11.156666666666666,1.1273957158962795,40.022547914317926,44.193912063134164,74.74633596392334,70.80045095828635,46.17812852311161,46.15384615384615,45.501257479836966
2481,強茂,電子零組件,143.0,2.877697841726623,2740527839.875,True,96.55172413793103,6.5029860650298605,27.37,2026-06-01,False,14.666666666666666,-14.37125748502994,-0.0879714885857699,62.857142857142854,10.773333333333333,14.71251409244645,10.372040586245772,10.597519729425029,15.783540022547914,70.46223224351748,24.38556933483653,54.864253393665166,43.747066730603436
3036,文曄,電子通路,215.0,-1.1494252873563204,2730071384.7,True,51.89393939393939,47.312541473125414,188.09,2026-06-01,False,60.37735849056604,9.693877551020408,-0.05094170724669831,71.31011608623548,48.26333333333332,61.668545659526494,86.24577226606539,19.95490417136415,36.865839909808344,95.03945885005636,59.95490417136415,95.36199095022624,51.91265106337393
3491,昇達科,通信網路,1345.0,1.8939393939394034,2707241658.65,True,94.58581483486735,10.08626410086264,89.38,2026-06-01,False,23.076923076923077,2.6717557251908395,-0.0015323114264934805,61.13636363636363,12.510000000000005,23.449830890642616,72.15332581736189,43.17925591882751,13.641488162344984,73.3934611048478,45.16347237880496,89.02714932126696,38.491285639223165
6805,富世達,電子零組件,1830.0,-0.27247956403270157,2675519519.75,True,11.659192825112108,80.15925680159258,32.66,2026-06-01,False,95.33333333333334,29.328621908127207,-0.006259992370072584,82.61851015801355,-10.31666666666667,94.02480270574972,98.08342728297632,40.24802705749718,66.06538895152198,16.1217587373168,62.9086809470124,60.85972850678733,55.71662322027068
6515,穎崴,半導體,6745.0,-5.927475592747555,2652265376.0,True,91.40103780578205,13.60318513603185,287.9,2026-06-01,False,23.076923076923077,0.14847809948032664,-0.0484908947622984,62.48263084761464,135.16666666666666,23.449830890642616,63.246899661781285,21.195039458850058,15.332581736189402,98.30890642615559,44.30665163472379,97.39819004524887,43.2334257525749
1301,台塑,石化,57.5,2.313167259786475,2627208282.72,True,72.80393534785664,31.05507631055076,-2.69,2026-06-01,False,22.22222222222222,-12.347560975609749,-0.04056005780986357,86.85800604229607,-6.453333333333333,22.491544532130778,14.768883878241262,23.788049605411498,74.97181510710259,19.84216459977452,31.17249154453213,13.461538461538462,49.03900355563264
3532,台勝科,半導體,343.0,9.935897435897445,2570230717.4,True,97.02380952380952,5.640345056403451,23.71,2026-06-01,False,7.6923076923076925,-27.176220806794056,-0.007666590081154542,65.5831739961759,2.986666666666668,6.426155580608793,1.0146561443066515,38.66967305524239,21.871476888387825,46.674182638105975,22.93122886133033,49.6606334841629,44.23590245221322
2891,中信金,金融控股,66.5,-0.15015015015014122,2541343618.315,True,94.96753246753246,9.721300597213006,-17.9,2026-06-01,False,30.76923076923077,5.555555555555555,0.1722331278063434,91.85082872928176,-499.2299999999999,30.777903043968436,78.29763246899661,93.23562570462232,86.02029312288614,1.2401352874859075,57.914317925591874,4.411764705882353,35.72808210093508
2451,創見,半導體,302.0,2.5466893039049143,2539060301.275,True,0.8116883116883116,92.16987392169874,381.55,2026-06-01,False,96.15384615384616,22.02020202020202,0.014476569644720574,83.08115543328748,-100.38666666666666,95.20856820744082,96.16685456595265,52.76211950394588,67.53100338218715,2.142051860202931,62.76211950394588,98.41628959276018,66.24725165410888
2881,富邦金,金融控股,128.5,1.1811023622047223,2525326445.3,True,87.77056277056276,16.98739216987392,155.03,2026-05-01,False,46.15384615384615,2.8000000000000003,0.15186053532915636,92.7797833935018,-16.25,46.956031567080046,72.71702367531003,90.75535512965051,88.83878241262683,11.950394588500563,62.2435174746336,94.68325791855203,64.44026205573722
3006,晶豪科,半導體,277.5,1.2773722627737127,2380179283.7,True,18.73517786561265,74.1207697412077,328.35,2026-06-01,False,83.84615384615385,26.136363636363637,0.10512470707995808,100.0,3.5600000000000023,84.55467869222097,97.85794813979707,83.54002254791432,98.98534385569336,48.92897406989854,82.77339346110486,97.73755656108597,70.85490774230081
2324,仁寶,電腦及週邊,39.3,-1.5037593984962405,2371074623.1325,True,99.62121212121212,2.52156602521566,58.38,2026-06-01,False,3.508771929824561,9.318497913769107,0.13015776820862446,83.52816153028692,26.313333333333333,2.254791431792559,86.02029312288614,88.2750845546787,68.0947012401353,88.7260428410372,66.67418263810598,79.86425339366517,41.04836323567672
3529,力旺,半導體,2700.0,1.5037593984962516,2336934968.5,True,52.1103896103896,46.98075646980757,47.05,2026-06-01,False,60.76923076923077,6.719367588932807,-0.04576689127467733,57.38575982996812,23.043333333333333,61.89402480270575,80.49605411499437,21.871476888387825,9.131905298759865,87.03494926719279,52.085682074408126,73.41628959276018,40.98654139480786
3533,嘉澤,電子零組件,1810.0,-9.950248756218905,2322018350.75,True,85.93073593073593,18.91174518911745,17.26,2026-06-01,False,34.0,-10.396039603960396,-0.1547372507802854,63.50877192982456,3.4433333333333334,34.160090191657275,20.518602029312287,3.6076662908680945,17.474633596392334,48.47801578354002,24.847801578354005,41.96832579185521,43.27111188764813
2404,漢唐,電子設備,1130.0,-0.4405286343612369,2313361625.75,True,83.82034632034632,20.670205706702056,50.9,2026-06-01,False,37.333333333333336,-9.6,-0.05502133840920604,81.58844765342961,-28.48000000000001,37.71138669673056,22.77339346110485,18.714768883878243,63.97970687711386,6.989853438556934,30.033821871476892,76.47058823529412,63.84707208700843
6531,愛普*,半導體,865.0,-1.4806378132118492,2301832398.25,True,63.845675171126324,37.35899137358991,59.48,2026-06-01,False,52.307692307692314,-4.84048404840484,0.02182827598722631,72.68907563025209,-21.086666666666666,53.10033821871477,39.23337091319053,56.93348365276212,40.69898534385569,9.357384441939121,39.86471251409245,80.54298642533936,58.777234768679826
2356,英業達,電腦及週邊,68.8,-0.28985507246377384,2300117917.805,True,73.21428571428571,30.524220305242206,61.62,2026-06-01,False,29.82456140350877,13.344316309719925,0.13100903077900686,80.56206088992973,17.13666666666667,29.650507328072152,90.304396843292,88.50056369785794,60.8793686583991,80.38331454340474,69.94363021420517,81.56108597285068,45.44664127900748
2412,中華電,通信網路,136.0,0.0,2295883261.725,True,76.56926406926407,27.471798274717983,11.4,2026-06-01,False,40.38461538461539,0.0,0.2931622019486976,92.83276450511946,3.2666666666666675,41.48816234498309,62.626832018038336,99.43630214205186,89.06426155580608,47.576099210822996,68.03833145434047,32.126696832579185,50.0130721788325
3042,晶技,電子零組件,186.5,2.754820936639124,2294643921.325,True,97.51082251082252,5.009953550099536,19.98,2026-06-01,False,9.0,0.0,0.05552224080195467,74.8995983935743,9.346666666666668,7.835400225479143,62.626832018038336,69.7857948139797,46.22322435174747,67.19278466741827,50.732807215332585,45.13574660633484,34.14188479138078
3034,聯詠,半導體,538.0,0.18621973929235924,2268338587.35,True,83.44155844155844,21.16788321167883,18.96,2026-06-01,False,33.84615384615385,14.103923647932131,0.18275927975810793,94.88536155202821,9.136666666666668,33.93461104847801,91.43179255918827,94.3630214205186,92.44644870349494,66.17812852311161,75.6708004509583,43.77828054298642,44.68188693394277
4991,環宇-KY,半導體,478.0,-1.3415892672858587,2241030388.65,True,80.42857142857143,24.286662242866623,55.06,2026-06-01,False,36.92307692307693,19.5,-0.009735780318731997,54.94252873563218,-4.056666666666665,37.429537767756486,95.15219842164599,37.20405862457722,6.426155580608793,25.817361894024803,40.405862457722655,78.61990950226244,31.830851107245433
2887,台新新光金,金融控股,36.2,1.5427769985974837,2145680532.4125,True,91.88311688311688,13.005972130059721,329.5,2026-06-01,False,38.46153846153847,0.13831258644537833,0.11506850270565065,98.23609226594301,-110.59999999999997,38.89515219842165,63.134160090191656,85.79481397970687,96.05411499436303,2.029312288613303,57.1815107102593,97.96380090497738,67.4447270018926
2882,國泰金,金融控股,99.5,-0.20060180541625616,2104865047.7950006,True,82.3051948051948,22.29595222295952,-42.04,2026-06-01,False,61.53846153846154,2.261048304213775,0.16893412236134575,86.14718614718615,-122.87666666666667,62.965050732807214,70.5749718151071,92.78466741826381,73.50620067643743,1.8038331454340473,60.32694475760992,1.583710407239819,41.86999750034434
2885,元大金,金融控股,69.7,1.6034985422740622,2065894627.5400002,True,99.83766233766234,1.3271400132714002,,2026-06-01,False,7.6923076923076925,4.497751124437781,0.11951930444036099,97.48251748251748,487.2633333333334,6.426155580608793,76.55016910935738,87.14768883878241,95.49041713641489,99.32356257046223,72.98759864712514,,41.78880120255543
5351,鈺創,半導體,129.0,5.737704918032782,2054835355.405,True,48.97540983606557,50.09953550099535,657.48,2026-06-01,False,66.15384615384615,32.03684749232343,0.06363371277936346,100.0,97.47333333333336,67.08004509582864,98.75986471251409,71.58962795941376,98.98534385569336,97.63246899661782,86.80947012401353,99.09502262443439,66.60013671586057
2464,盟立,電子設備,196.0,-0.2544529262086481,2006500942.2,True,99.87546699875467,1.1944260119442602,43.05,2026-06-01,False,1.3333333333333335,24.444444444444443,0.07988865679206308,98.49246231155779,10.726666666666667,0.3945885005636978,97.29425028184893,77.22660653889515,96.3923337091319,70.23675310033822,68.30890642615557,70.36199095022624,42.46366571951823
8021,尖點,印刷電路板,429.0,0.4683840749414525,1997338690.925,True,95.7473420888055,7.89648307896483,90.11,2026-06-01,False,27.27272727272727,-15.049504950495049,0.015835446317104557,73.8382099827883,10.25,27.677564825253665,9.470124013528748,53.551296505073275,43.17925591882751,68.9966178128523,40.574971815107105,89.14027149321268,62.631742055941274
6415,矽力*-KY,半導體,465.0,3.563474387527843,1984475672.775,True,57.9004329004329,42.73390842733909,37.77,2026-06-01,False,59.23076923076923,-1.6913319238900635,0.023836284356192783,69.09361069836552,5.270000000000003,60.31567080045096,54.79143179255919,57.49718151071026,31.116121758737318,54.56595264937994,51.65727170236753,66.8552036199095,50.873891096634644
6285,啟碁,通信網路,246.5,-1.988071570576544,1922563084.85,True,93.77705627705627,11.14797611147976,84.37,2026-06-01,False,25.0,-4.085603112840467,0.010812477806038973,77.27272727272727,39.42333333333334,25.25366403607666,43.9684329199549,50.62006764374295,52.423900789177004,93.34836527621195,53.122886133032694,88.00904977375565,55.429545419763606
6414,樺漢,電腦及週邊,451.0,-0.9879253567508184,1918857343.325,True,97.56493506493507,4.877239548772396,56.97,2026-06-01,False,5.263157894736842,12.75,0.04710919363042783,89.66202783300199,18.843333333333334,3.6076662908680945,89.5152198421646,66.85456595264938,81.17249154453214,82.52536640360766,64.73506200676437,79.07239819004525,43.58433404582023
8271,宇瞻,半導體,229.5,-1.0775862068965525,1898060929.725,True,0.487012987012987,93.23158593231587,200.65,2026-06-01,False,97.6923076923077,22.400000000000002,0.020568641614417175,88.09980806142035,-61.316666666666634,96.50507328072153,96.3923337091319,56.36978579481398,77.56482525366404,3.494926719278467,66.06538895152198,95.92760180995475,68.40129165880211
2603,長榮,海運,215.5,0.4662004662004726,1890710690.125,True,67.05069124423963,35.1692103516921,30.01,2026-06-01,False,27.27272727272727,7.75,0.3345298494666898,90.92827004219409,8.033333333333331,27.677564825253665,83.0890642615558,99.88726042841037,83.99098083427283,63.923337091319056,71.71364148816235,58.144796380090504,46.6810694445153
2049,上銀,機械,381.0,3.2520325203251987,1865053068.05,True,80.35714285714286,24.45255474452555,31.62,2026-06-01,False,11.11111111111111,14.759036144578314,0.09032685231589335,93.04029304029304,4.793333333333333,10.146561443066517,92.22096956031567,79.93235625704622,89.28974069898534,53.551296505073275,65.0281848928974,59.502262443438916,41.67939875629378
8069,元太,光電及I/O,171.0,3.0120481927710774,1857530330.25,True,28.354978354978357,65.89250165892501,-0.62,2026-06-01,False,69.44444444444444,-7.065217391304348,-0.10871828801569873,62.98342541436463,3.4466666666666663,70.9695603156708,31.567080045095828,6.877113866967305,16.234498308906424,48.59075535512965,34.847801578354,16.798642533936654,43.10890527835451
8112,至上,電子通路,97.8,0.9287925696594312,1849199534.685,True,15.422077922077923,77.30590577305905,231.17,2026-06-01,False,83.01886792452831,13.986013986013987,0.16732841865010178,97.31343283582089,51.06666666666666,83.76550169109358,91.0935738444194,92.67192784667418,95.15219842164599,95.26493799323562,91.58962795941375,96.83257918552036,71.16417636346014
2886,兆豐金,金融控股,45.85,-5.852156057494873,1786998521.6675,True,68.88528138528139,33.77571333775713,1.53,2026-06-01,False,76.92307692307693,-1.6094420600858368,0.030881827730907873,86.34651600753295,-28.51,77.22660653889515,55.46786922209696,60.54114994363021,74.06989853438557,6.877113866967305,54.836527621195046,18.552036199095024,53.5951680125697
2618,長榮航,空運,41.0,-2.7283511269276306,1767497614.45,True,30.091984231274637,64.76443264764433,26.58,2026-06-01,False,64.68227424749163,-2.147971360381858,0.2955852946904076,91.31403118040089,4.053333333333331,65.61443066516347,52.423900789177004,99.54904171364149,84.55467869222097,50.50732807215332,70.52987598647124,52.94117647058824,62.67159625969892
2486,一詮,電子零組件,231.5,0.6521739130434856,1710086439.8,True,62.612982744453575,38.61977438619774,35.04,2026-06-01,False,64.66666666666666,-11.47227533460803,-0.030113040353464172,75.4071661237785,5.850000000000001,65.50169109357384,17.700112739571587,27.50845546786922,48.02705749718152,57.15896279594137,43.17925591882751,63.80090497737556,64.90738520713984
5328,華容,電子零組件,68.8,2.3809523809523725,1650215010.5099998,True,78.48347375243033,25.94558725945587,63.54,2026-06-01,False,42.66666666666667,2.6865671641791002,-0.009819880173188567,83.49514563106796,30.199999999999996,43.01014656144307,72.37880496054116,37.0913190529876,67.75648252536641,90.64261555806088,62.17587373167983,82.12669683257919,55.12863023971188
1216,統一,飲料乳品,76.3,0.0,1640978310.855,True,8.441558441558442,82.87989382879893,4.6,2026-06-01,False,100.0,-3.4177215189873453,0.30047648354796613,94.78260869565217,1.4133333333333336,98.8162344983089,46.56144306651635,99.66178128523111,92.22096956031567,40.135287485907554,75.47914317925591,22.624434389140273,66.77504884531213
2884,玉山金,金融控股,37.3,1.4965986394557707,1635336539.23,True,33.92857142857143,62.242866622428664,25.3,2026-06-01,False,100.0,6.876790830945555,0.18047111549345654,96.50711513583441,-7.326666666666664,98.8162344983089,80.94701240135288,94.25028184892898,94.3630214205186,18.940248027057496,77.46335963923337,51.24434389140271,65.86914685221933
3044,健鼎,印刷電路板,495.0,1.9567456230690006,1614357802.15,True,96.69913419913419,6.1712010617120105,41.97,2026-06-01,False,18.181818181818183,17.298578199052134,-0.04176385926865808,86.38743455497382,2.8233333333333306,18.376550169109358,94.02480270574972,23.22435174746336,74.1826381059752,46.11048478015783,51.18376550169109,69.68325791855203,42.05441087197172
2892,第一金,金融控股,33.15,0.0,1608173606.1475003,True,80.46536796536796,24.187126741871268,9.73,2026-06-01,False,69.23076923076923,-2.356406480117833,0.006191667548811185,90.20408163265306,-19.740000000000002,70.46223224351748,51.86020293122886,47.68883878241263,82.63810597519729,10.146561443066517,52.55918827508456,29.86425339366516,57.77609717028777
3264,欣銓,半導體,230.5,6.46651270207852,1606860010.375,True,95.12987012987013,9.356337093563372,36.56,2026-06-01,False,16.923076923076923,-2.9473684210526314,-0.04025634339034058,89.6887159533074,4.123333333333335,17.249154453213077,48.81623449830891,24.01352874859076,81.39797068771138,50.84554678692221,44.464487034949265,65.61085972850678,53.860437592780585
8210,勤誠,電子零組件,990.0,-1.4925373134328401,1601237762.15,True,73.80952380952381,29.993364299933646,98.03,2026-06-01,False,49.333333333333336,-15.74468085106383,-0.055362109768931515,63.665594855305464,51.373333333333335,49.549041713641486,8.117249154453212,18.60202931228861,17.587373167981962,95.49041713641489,37.86922209695604,90.04524886877829,62.26610364898713
2484,希華,電子零組件,75.9,2.706359945872805,1589274093.69,True,95.995670995671,7.398805573988056,-1.4,2026-06-01,False,15.333333333333332,-15.290178571428559,-0.0042056084593655165,78.7344398340249,-2.5166666666666666,15.332581736189402,8.90642615558061,41.826381059751974,56.0315670800451,30.101465614430666,30.439684329199554,15.271493212669684,44.4323039683309
1590,亞德客-KY,機械,1470.0,-7.836990595611281,1572790383.75,True,68.07359307359307,34.37292634372927,44.88,2026-06-01,False,38.88888888888889,8.88888888888889,-0.009419967239735295,92.16300940438872,8.046666666666667,39.5152198421646,85.34385569334837,37.767756482525364,86.80947012401353,64.14881623449831,62.71702367531003,71.94570135746606,53.23163390757395
8033,雷虎,無人載具,183.5,6.069364161849711,1534389129.225,True,66.0056657223796,35.700066357000665,19.63,2026-06-01,False,35.719063545150505,-24.485596707818928,-0.06181033943683574,68.08905380333951,14.129999999999999,35.963923337091316,2.029312288613303,16.910935738444195,28.52311161217587,75.76099210822998,31.837655016910936,44.68325791855204,51.78524514480148
3090,日電貿,電子通路,175.0,2.639296187683282,1523509234.75,True,95.94155844155844,7.631055076310552,32.37,2026-06-01,False,7.547169811320755,-16.267942583732058,-0.082149391183106,51.470588235294116,5.533333333333335,6.200676437429538,7.7790304396843295,11.61217587373168,3.6076662908680945,56.36978579481398,17.113866967305523,60.633484162895925,40.665699112877306
3131,弘塑,電子設備,2635.0,3.131115459882583,1463956423.0,True,78.46320346320347,26.011944260119442,15.21,2026-06-01,False,46.666666666666664,-19.047619047619047,-0.08965301436942254,67.4775928297055,9.203333333333333,47.350620067643746,5.2987598647125145,10.259301014656144,26.38105975197294,66.62908680947012,31.183765501691095,37.66968325791855,51.52565080320568
3441,聯一光,消費性電子,85.0,-2.5229357798165153,1447255588.5900002,True,48.56527977044476,50.49767750497678,73.63,2026-06-01,False,52.63157894736842,21.951219512195117,-0.004534911352961036,91.59482758620689,18.72333333333333,53.26944757609922,96.05411499436303,41.48816234498309,85.56933483652762,82.07440811724915,71.69109357384443,85.97285067873304,57.18937952424921
3045,台灣大,通信網路,108.5,-0.91324200913242,1434534973.775,True,0.16233766233766234,94.6914399469144,6.57,2026-06-01,False,96.15384615384616,-1.809954751131222,0.2204466397564069,90.04149377593362,2.4833333333333334,95.20856820744082,54.34047350620068,96.16685456595265,82.2998872604284,44.7576099210823,74.55467869222096,25.565610859728505,62.18339820534926
2890,永豐金,金融控股,39.95,0.25094102885823144,1428465577.9625,True,99.24242424242425,3.0856005308560053,50.94,2026-06-01,False,15.384615384615385,0.25094102885822184,0.1459762213079452,95.34606205250597,-22.723333333333343,15.44532130777903,63.58511837655016,89.96617812852311,93.1228861330327,8.568207440811724,54.13754227733934,76.58371040723982,55.391699867875346
5371,中光電,光電及I/O,86.3,-0.23121387283236983,1417035136.9500003,True,99.72943722943724,2.18978102189781,-11.35,2026-06-01,False,6.944444444444445,-3.6830357142857117,0.03046736117401736,65.87786259541984,-15.18,5.411499436302142,45.659526493799326,60.42841037204059,22.322435174746335,12.514092446448705,29.26719278466742,6.504524886877829,22.144733251031745
1802,台玻,玻璃陶瓷,56.9,-1.215277777777779,1407796361.8700001,True,63.781321184510254,37.49170537491705,27.0,2026-06-01,False,50.0,-7.7795786061588394,-0.01644394499300502,74.28198433420366,9.943333333333332,50.56369785794814,28.410372040586246,33.82187147688839,44.193912063134164,68.43291995490416,45.08455467869222,54.41176470588235,55.189750646594604
2883,凱基金,金融控股,31.5,0.9615384615384581,1404015326.3425,True,95.07575757575758,9.42269409422694,,2026-06-01,False,23.076923076923077,3.10965630114566,0.25103726656268827,99.68354430379746,-55.833333333333314,23.449830890642616,73.73167981961669,97.85794813979707,97.85794813979707,4.058624577226606,59.39120631341601,,49.192033070274334
1815,富喬,印刷電路板,89.9,-0.11111111111110628,1398080532.7649999,True,47.64344262295082,51.36031851360319,46.36,2026-06-01,False,84.0909090909091,0.897867564534244,0.06264471265454409,70.78740157480316,-3.4466666666666725,84.78015783540023,66.5163472378805,71.25140924464488,34.94926719278467,27.28297632468997,56.956031567080046,72.85067873303167,56.51593913083402
4938,和碩,電腦及週邊,94.8,3.7199124726476906,1386341994.4,True,90.96320346320347,14.26675514266755,15.89,2026-06-01,False,14.035087719298245,13.942307692307685,0.24871066182158486,96.24365482233502,11.676666666666666,14.205186020293123,90.98083427282975,97.63246899661782,93.68658399098084,71.98421645997746,73.69785794813978,39.02714932126697,38.98452126492779
3702,大聯大,電子通路,123.5,0.8163265306122547,1355657955.175,True,40.74675324675325,56.80159256801593,131.85,2026-06-01,False,67.9245283018868,8.81057268722467,0.006963800661656031,95.0,47.349999999999994,69.44757609921083,85.00563697857947,48.252536640360766,92.55918827508455,94.92671927846675,78.03833145434048,93.43891402714932,67.61001035571631
4939,亞電,印刷電路板,63.9,5.0986842105263275,1350400901.425,True,85.42746113989638,19.508958195089583,44.18,2026-06-01,False,52.27272727272727,-4.341317365269459,0.005496256974228913,87.77472527472527,19.54,52.98759864712515,42.615558060879366,47.23788049605411,76.77564825253664,83.42728297632469,60.608793686584,71.26696832579185,64.60366429114356
2880,華南金,金融控股,39.1,-9.490740740740744,1298683812.8999999,True,83.76623376623377,20.76974120769741,,2026-06-01,False,53.84615384615385,-0.7614213197969472,0.02899032226571568,88.06306306306307,17.623333333333335,54.56595264937994,60.09019165727171,59.864712514092446,77.33934611048478,80.94701240135288,66.56144306651635,,57.271702367531
6173,信昌電,電子零組件,223.5,9.82800982800982,1262877733.7,True,96.8073593073593,5.90577305905773,29.08,2026-06-01,False,13.333333333333334,3.7122969837587005,-0.08538822679601721,63.7660485021398,4.056666666666668,12.795941375422773,74.85907553551297,11.048478015783541,17.925591882750847,50.62006764374295,33.449830890642616,56.44796380090498,28.07760538089141
3293,鈊象,資訊服務,762.0,-2.432778489116516,1254716377.45,True,50.0,48.83875248838753,17.18,2026-06-01,False,18.88888888888889,8.238636363636363,0.27483797755946604,90.39145907473309,2.553333333333333,19.10935738444194,83.76550169109358,98.75986471251409,83.0890642615558,45.095828635851184,65.96392333709132,41.742081447963805,40.04375035071699
6271,同欣電,半導體,199.0,0.5050505050504972,1252442735.1,True,61.904761904761905,39.48241539482416,10.56,2026-06-01,False,56.15384615384615,-11.160714285714286,-0.049794932231625434,69.21739130434783,4.19,56.93348365276212,18.26381059751973,20.631341600901916,31.567080045095828,51.07102593010146,35.69334836527621,30.76923076923077,50.25149596739225
4931,新盛力,電子零組件,261.0,-2.2471910112359605,1248240420.9,True,77.75551102204409,26.47644326476443,145.09,2026-06-01,False,45.33333333333333,18.099547511312217,0.0637453870901695,93.38103756708408,4.719999999999999,45.49041713641488,94.58850056369785,71.92784667418263,89.74069898534385,53.325817361894025,71.01465614430666,94.23076923076923,58.718346197207524
4904,遠傳,通信網路,99.5,-1.4851485148514865,1209200413.725,True,37.17532467532468,59.787657597876574,15.9,2026-06-01,False,69.23076923076923,-1.4851485148514851,0.25611828727282504,88.44444444444444,2.243333333333334,70.46223224351748,55.91882750845547,98.19616685456594,78.57948139797068,43.85569334836528,69.40248027057497,39.14027149321267,58.065789406561336
8028,昇陽半導體,半導體,267.5,0.9433962264151052,1204002246.0,True,88.04112554112554,16.688785666887856,33.62,2026-06-01,False,29.230769230769234,-23.57142857142857,-0.05904225984836675,75.03506311360448,-3.3133333333333397,29.19954904171364,2.254791431792559,17.587373167981962,46.89966178128523,27.73393461104848,24.735062006764373,62.44343891402715,59.07196457630836
6510,精測,半導體,2820.0,-0.1769911504424737,1194235039.5,True,74.40476190476191,29.429329794293295,40.19,2026-06-01,False,42.30769230769231,5.223880597014925,-0.07221698678007743,67.14285714285714,5.356666666666662,42.78466741826381,77.67756482525367,14.656144306651633,25.47914317925592,55.12965050732808,43.14543404735062,68.21266968325791,39.69972886388099
6257,矽格,半導體,213.0,0.9478672985782088,1191004212.625,True,95.29220779220779,8.925016589250166,21.0,2026-06-01,False,15.0,-10.504201680672269,-0.1196380783713542,78.02197802197803,-2.083333333333332,15.050732807215333,19.95490417136415,5.636978579481398,54.67869222096956,31.116121758737318,25.287485907553553,46.60633484162896,49.09521392461242
5269,祥碩,半導體,1430.0,-0.694444444444442,1190696735.0,True,2.0562770562770565,88.91838088918381,-22.41,2026-06-01,False,93.84615384615384,-5.6105610561056105,0.07941709131799526,81.48148148148148,-2.623333333333335,92.78466741826381,35.963923337091316,76.88838782412627,63.58511837655016,29.650507328072152,59.77452085682073,3.3936651583710407,55.94988190402343
4967,十銓,半導體,280.5,0.3577817531305927,1182800472.1,True,0.20394289598912305,94.35965494359655,35.0,2026-06-01,False,98.46153846153847,24.390243902439025,0.07062227181139033,92.11822660098522,-40.39999999999999,97.06877113866967,97.1815107102593,74.06989853438557,86.58399098083427,4.8478015783540025,71.95039458850057,63.68778280542986,62.539758553668634
8261,富鼎,半導體,202.0,9.782608695652172,1174120125.5,True,85.55194805194806,19.30988719309887,16.09,2026-06-01,False,32.30769230769231,-27.468581687612208,0.031216015216749233,57.38636363636363,8.59,32.13077790304396,0.7891770011273956,60.766629086809466,9.244644870349493,65.50169109357384,33.68658399098083,40.04524886877828,45.15787366026109
3706,神達,電腦及週邊,91.7,-0.7575757575757569,1173195350.685,True,72.34848484848484,31.386861313868614,80.93,2026-06-01,False,33.33333333333333,2.0022246941045574,0.15916521171542516,85.70093457943926,26.89666666666667,33.370913190529876,69.33483652762119,91.8827508455468,71.92784667418263,89.06426155580608,71.11612175873731,87.72624434389141,55.92254192024568
3167,大量,電子設備,674.0,0.29761904761904656,1163607131.5,True,76.12638970157987,27.80358327803583,139.66,2026-06-01,False,53.333333333333336,-20.79905992949471,-0.06357510832058809,70.87276550998949,14.940000000000012,54.227733934611045,4.284103720405862,16.347237880496053,35.51296505073281,77.45208568207441,37.56482525366404,93.66515837104072,69.78043840899468
1605,華新,電纜,39.3,-1.750000000000007,1138617345.5674999,True,50.43290043290043,48.34107498341075,29.34,2026-06-01,False,36.36363636363637,13.093525179856108,0.1778172598233866,88.71331828442437,19.866666666666667,36.64036076662909,90.07891770011274,93.79932356257046,79.25591882750845,83.99098083427283,76.75310033821872,56.67420814479638,45.622892509705295
3406,玉晶光,消費性電子,629.0,8.823529411764696,1123685612.25,True,47.45670995670996,51.55938951559389,4.51,2026-06-01,False,63.1578947368421,12.926391382405743,0.012610853785814797,81.26614987080103,-15.343333333333332,64.20518602029313,89.74069898534385,51.747463359639234,63.021420518602035,12.401352874859075,56.223224351747454,22.39819004524887,39.97102439970004
2359,所羅門,電子通路,157.0,9.790209790209792,1097628163.975,True,53.741897466116676,45.65361645653617,35.56,2026-06-01,False,56.60377358490566,6.802721088435375,0.037595810743559825,94.29429429429429,-5.473333333333329,57.384441939120634,80.608793686584,63.134160090191656,91.20631341600902,22.66065388951522,62.99887260428411,64.47963800904978,58.11539991939886
1560,中砂,半導體,707.0,-2.8846153846153855,1066169486.45,True,95.77922077922078,7.76376907763769,16.39,2026-06-01,False,13.076923076923078,-2.8846153846153846,-0.09920651509208345,91.93758127438232,-1.2733333333333334,12.401352874859075,49.04171364148816,8.568207440811724,86.35851183765502,32.694475760992106,37.812852311161215,40.61085972850679,47.582252699883185
2472,立隆電,電子零組件,253.0,1.200000000000001,1045678283.475,True,96.64502164502164,6.370272063702721,36.2,2026-06-01,False,14.000000000000002,-20.9375,0.012917774087625133,55.788313120176404,9.306666666666668,14.092446448703495,4.1713641488162345,51.86020293122886,7.1025930101465615,67.08004509582864,28.861330326944756,65.10180995475113,45.53137131619624
5871,中租-KY,租賃,114.0,0.4405286343612369,1041205988.125,True,27.759740259740262,66.48971466489715,-0.82,2026-06-01,False,66.42140468227424,-5.394190871369295,0.21590018936844976,92.3076923076923,0.31000000000000016,67.19278466741827,36.52762119503946,95.94137542277339,87.4859075535513,36.865839909808344,64.80270574971816,16.063348416289593,58.55360486055493
3035,智原,半導體,177.0,-1.1173184357541888,1028196470.575,True,93.5064935064935,11.446582614465827,26.57,2026-06-01,False,19.230769230769234,-13.022113022113022,0.0005120274173167999,75.9656652360515,47.11,19.447576099210824,13.19052987598647,44.64487034949267,49.6054114994363,94.58850056369785,44.29537767756482,52.828054298642535,52.1726280053258
3605,宏致,電子零組件,132.0,10.000000000000009,1019944657.15,True,90.77922077922078,14.465826144658262,29.81,2026-06-01,False,24.666666666666668,55.47703180212014,0.08455262419573199,100.0,9.256666666666668,24.80270574971815,99.77452085682074,78.12852311161218,98.98534385569336,66.85456595264938,73.70913190529878,57.466063348416284,45.36989802425177
1519,華城,電機製品,720.0,0.0,1008859485.7,True,73.78964941569282,30.059721300597214,-25.78,2026-06-01,False,27.27272727272727,4.196816208393632,0.04993631188606445,66.66666666666666,-16.203333333333333,27.677564825253665,75.98647125140926,67.75648252536641,23.95715896279594,12.063134160090192,41.488162344983095,3.0542986425339365,19.675637794793573
2610,華航,空運,20.1,-0.7407407407407307,994878814.9849999,True,24.017467248908297,69.54213669542136,28.82,2026-06-01,False,69.49832775919732,-3.8277511961722355,0.04808592289739828,83.05785123966943,4.473333333333336,71.25140924464488,44.87034949267193,67.08004509582864,67.19278466741827,52.423900789177004,60.56369785794815,56.334841628959275,62.47717151208762
2027,大成鋼,基本金屬,50.4,7.577374599786557,990034734.6,True,33.33333333333333,62.541473125414726,43.73,2026-06-01,False,64.28571428571429,22.92682926829268,0.24430779882474712,100.0,2.4199999999999946,65.10710259301014,96.61781285231116,97.40698985343855,98.98534385569336,44.53213077790304,80.52987598647125,70.70135746606336,59.54399776561392
6781,AES-KY,電子零組件,1125.0,-1.7467248908296984,985081441.15,True,40.10654490106545,57.46516257465163,25.58,2026-06-01,False,80.0,7.655502392344498,0.15648193335138275,75.0,4.579999999999998,80.72153325817362,82.97632468996618,91.5445321307779,46.674182638105975,52.649379932356254,70.91319052987599,51.470588235294116,48.97249486040188
8043,蜜望實,電子通路,154.0,4.406779661016946,983676207.925,True,62.90711700844391,38.354346383543465,48.37,2026-06-01,False,37.735849056603776,0.6535947712418301,-0.004755717044525599,67.99116997792495,3.4566666666666634,38.444193912063135,65.50169109357384,41.1499436302142,28.18489289740699,48.70349492671927,44.396843291995495,74.49095022624435,43.90458648553516
5536,聖暉*,電子設備,903.0,-1.6339869281045805,980974712.95,True,85.17316017316018,19.74120769741208,24.9,2026-06-01,False,32.0,-28.616600790513836,-0.09267710990492918,62.926829268292686,2.2766666666666637,31.961668545659528,0.4509582863585118,9.695603156708005,15.89627959413754,43.9684329199549,20.394588500563696,50.678733031674206,49.52143072127819
5904,寶雅,百貨批發,81.8,-0.848484848484854,959767470.0600001,True,66.37696903856599,35.50099535500995,8.35,2026-06-01,False,14.285714285714285,-88.90094979647219,-0.264024226869867,11.099050203527815,-6.406666666666668,14.430665163472378,0.11273957158962795,0.5636978579481398,0.3382187147688839,20.067643742953777,7.1025930101465615,28.28054298642534,35.73417182326924
2615,萬海,海運,87.5,0.4592422502870397,949496387.3449999,True,52.5159051474841,46.78168546781685,32.7,2026-06-01,False,45.45454545454545,8.426270136307307,0.27613734698841547,98.98190045248867,9.816666666666666,45.9413754227734,84.32919954904172,98.98534385569336,96.84329199549042,68.32018038331455,78.88387824126269,61.029411764705884,54.87121990848199
3413,京鼎,電子設備,302.0,-0.49423393739703725,933742986.175,True,73.59307359307358,30.126078301260783,39.75,2026-06-01,False,60.0,-20.94240837696335,-0.03580832119197458,79.05759162303664,18.826666666666668,61.10484780157835,4.058624577226606,25.93010146561443,57.271702367531006,82.41262683201805,46.15558060879369,67.98642533936652,70.57608773281231
7734,印能科技,電子設備,3250.0,-2.985074626865669,932955310.75,True,74.58100558659217,28.998009289980093,-6.43,2026-06-01,False,58.666666666666664,2.848101265822785,-0.011070620981993108,74.28571428571429,-69.60666666666667,59.92108229988726,72.94250281848929,36.41488162344983,44.306651634723785,3.0439684329199546,43.325817361894025,9.841628959276019,35.28171501884945
2441,超豐,半導體,125.5,0.0,922221504.01,True,96.9155844155844,5.739880557398806,33.15,2026-06-01,False,8.461538461538462,-9.712230215827338,-0.010832292812972766,86.55172413793103,10.73,7.215332581736189,22.322435174746335,36.52762119503946,74.52085682074409,70.34949267192785,42.187147688838785,61.76470588235294,55.29461502752173
1717,長興,樹脂,78.2,-0.5089058524172962,918337019.1899999,True,93.83116883116884,11.015262110152621,16.21,2026-06-01,False,7.142857142857142,10.451977401129952,0.08613797092610863,91.56908665105387,1.5166666666666675,5.693348365276212,87.03494926719279,78.57948139797068,85.34385569334837,40.81172491544532,59.49267192784667,40.158371040723985,36.04015645803894
1785,光洋科,資源回收,109.0,2.3474178403755763,901613869.195,True,17.586580086580085,75.38155275381553,70.84,2026-06-01,False,65.21739130434783,-4.385964912280701,0.06709372854493333,58.91891891891892,-0.9566666666666634,65.89627959413754,42.390078917700116,73.16798196166854,10.710259301014656,33.70913190529876,45.17474633596392,84.95475113122171,54.79280277716844
2478,大毅,電子零組件,130.0,1.1673151750972721,899286916.2049999,True,95.67099567099568,8.195089581950896,35.76,2026-06-01,False,16.0,-17.72151898734177,-0.07780003716118464,53.71900826446281,14.489999999999998,15.89627959413754,6.36978579481398,12.852311161217585,5.5242390078917705,76.55016910935738,23.438556933483653,64.59276018099548,44.910873247052706
2801,彰銀,本國銀行,23.55,-0.6329113924050556,896039667.9125,True,31.872294372294373,63.43729263437292,9.51,2026-06-01,False,88.88888888888889,-1.6701461377870506,-0.09406910071706681,92.71653543307087,-4.789999999999999,88.61330326944757,55.01691093573844,9.244644870349493,88.38782412626833,24.23900789177001,53.100338218714775,29.638009049773757,62.905556377437804
2912,統一超,百貨批發,217.0,-1.1389521640091105,893615203.225,True,2.218614718614719,88.6861313868613,6.31,2026-06-01,False,95.23809523809523,-11.608961303462321,0.10367550357050172,84.27184466019418,0.8233333333333341,93.85569334836528,16.798196166854567,83.20180383314543,69.56031567080045,38.55693348365276,60.39458850056369,24.660633484162897,67.81961158411852
2493,揚博,電子設備,236.0,-2.8806584362139898,867043732.3,True,97.83549783549783,4.180491041804911,32.06,2026-06-01,False,7.333333333333333,0.6396588486140725,-0.004694905963693648,72.72727272727273,14.10666666666667,5.975197294250282,65.38895152198421,41.26268320180383,41.037204058624575,75.64825253664036,45.86245772266066,60.12443438914027,35.43697105500773
2609,陽明,海運,51.4,-0.5802707930367634,839774523.335,True,76.91756272401433,27.27272727272727,20.18,2026-06-01,False,18.181818181818183,2.3904382470119434,0.1511074572181545,77.87878787878788,1.4199999999999982,18.376550169109358,70.91319052987599,90.64261555806088,53.77677564825254,40.24802705749718,54.791431792559194,45.47511312217195,36.67881210241447
6196,帆宣,電子設備,511.0,2.4048096192384794,824564934.6,True,79.11255411255411,25.481088254810885,120.99,2026-06-01,False,45.33333333333333,-13.389830508474576,0.03966192954807153,86.61016949152543,43.58333333333333,45.49041713641488,12.175873731679818,63.6978579481398,74.63359639233371,94.02480270574972,58.00450958286358,92.64705882352942,75.14879965514956
6672,騰輝電子-KY,印刷電路板,264.5,-1.3059701492537323,824376700.8,True,99.10313901345292,3.2514930325149303,68.12,2026-06-01,False,9.090909090909092,-1.1214953271028036,-0.06718859678829003,83.96825396825398,21.439999999999998,8.117249154453212,58.173618940248026,15.783540022547914,68.43291995490416,85.23111612175873,47.14768883878241,84.0497737556561,50.606580981191364
2354,鴻準,電子零組件,62.8,-0.31746031746032743,823953932.45,True,86.68831168831169,18.347710683477107,10.66,2026-06-01,False,32.0,11.347517730496453,0.11867542115775263,85.79234972677595,37.10666666666667,31.961668545659528,88.44419391206313,86.6967305524239,72.26606538895152,92.89740698985344,74.45321307779031,30.995475113122172,36.69475378391753
5475,德宏,印刷電路板,163.0,9.764309764309775,822317974.875,True,90.96509240246407,14.200398142003982,160.08,2026-06-01,False,40.909090909090914,-7.122507122507122,-0.02207454424081835,40.75,-5.1299999999999955,41.713641488162345,31.4543404735062,31.228861330326946,1.0146561443066515,23.167981961668545,25.71589627959414,94.79638009049773,51.51758431236514
2645,長榮航太,機車船製造,182.0,0.0,820691146.075,True,49.57882069795427,49.50232249502323,13.01,2026-06-01,False,41.66666666666667,-21.382289416846653,-0.00027685882506576375,72.36580516898609,1.2100000000000009,42.3337091319053,3.720405862457723,43.74295377677565,39.68432919954904,39.68432919954904,33.83314543404735,34.72850678733032,53.25653481408173
2426,鼎元,光電及I/O,68.6,-0.43541364296082463,791023204.7099999,True,99.91575400168492,0.7962840079628402,19.41,2026-06-01,False,4.166666666666666,11.003236245954689,0.00027981918305154777,72.43928194297781,15.116666666666667,2.931228861330327,87.71138669673056,44.41939120631341,39.9098083427283,77.7903043968433,50.55242390078918,44.45701357466063,24.89666602049717
2834,臺企銀,本國銀行,16.45,-0.303030303030305,784220049.865,True,50.27056277056276,48.63968148639681,-7.72,2026-06-01,False,55.55555555555556,-9.366391184573,-0.14556272106444965,90.13698630136986,-14.620000000000001,56.20067643742954,23.449830890642616,4.1713641488162345,82.52536640360766,12.852311161217585,35.83990980834273,9.049773755656108,56.08149642651267
2375,凱美,電子零組件,139.5,9.842519685039374,772659358.925,True,94.58874458874459,10.019907100199072,18.39,2026-06-01,False,17.333333333333336,-15.19756838905775,0.02541052398192465,60.0,11.676666666666666,17.587373167981962,9.019165727170236,58.173618940248026,11.950394588500563,71.98421645997746,33.74295377677565,42.873303167420815,40.84797629918327
6166,凌華,電腦及週邊,137.0,0.0,761884464.875,True,23.502824858757062,69.74120769741208,25.89,2026-06-01,False,84.21052631578947,7.03125,0.00972833471667629,82.28228228228228,-30.279999999999994,84.89289740698986,81.17249154453214,49.379932356257044,65.50169109357384,6.313416009019165,57.452085682074404,52.03619909502263,55.31457401276355
2467,志聖,電子設備,548.0,-0.7246376811594235,760780408.1,True,92.09956709956711,12.707365627073655,94.08,2026-06-01,False,22.0,-11.612903225806452,-0.00012546397687177862,82.03592814371258,8.876666666666665,21.98421645997745,16.685456595264938,43.85569334836528,65.05073280721533,65.95264937993235,42.70574971815107,89.59276018099548,64.98556321323083
3715,定穎投控,印刷電路板,117.5,-0.4237288135593209,755085977.5699999,True,93.48612786489745,11.54611811546118,45.48,2026-06-01,False,31.818181818181817,-14.233576642335766,0.013810759699349277,57.73955773955773,-3.123333333333335,31.679819616685457,10.710259301014656,52.423900789177004,9.808342728297632,28.52311161217587,26.629086809470124,72.39819004524887,50.79402327230432
6789,采鈺,半導體,451.0,-0.33149171270717703,749571357.525,True,66.23376623376623,35.56735235567353,15.55,2026-06-01,False,50.0,-14.258555133079847,0.05131873683886888,73.81342062193126,5.193333333333333,50.56369785794814,10.597519729425029,68.32018038331455,43.06651634723788,54.227733934611045,45.35512965050734,38.68778280542987,55.43011932029772
5425,台半,電子零組件,88.8,2.422145328719716,746754571.49,True,97.40259740259741,5.109489051094891,9.46,2026-06-01,False,10.0,-12.941176470588239,-0.02035806809420239,61.66666666666667,1.5066666666666677,9.07553551296505,13.416009019165728,32.35625704622323,14.205186020293123,40.58624577226607,21.92784667418264,29.524886877828056,34.84739984798013
5880,合庫金,金融控股,24.2,0.4149377593360981,739676457.7225001,True,44.58874458874459,53.682813536828135,-8.4,2026-06-01,False,92.3076923076923,-5.098039215686277,0.15376433319927868,87.68115942028984,-39.89,91.99549041713641,38.21871476888388,91.0935738444194,76.43742953776776,4.96054114994363,60.54114994363022,8.597285067873303,59.7028725634734
8111,立碁,光電及I/O,58.1,-1.1904761904761862,713742367.3724998,True,73.10606060606061,30.590577305905775,2.34,2026-06-01,False,38.88888888888889,17.373737373737377,-0.00724287480915744,71.81705809641532,6.076666666666666,39.5152198421646,94.13754227733935,39.120631341600905,37.99323562570463,58.173618940248026,53.7880496054115,19.11764705882353,25.622140062338353
2474,可成,電子零組件,203.0,-0.9756097560975618,699996757.7,True,68.45238095238095,33.97478433974784,-55.07,2026-06-01,False,55.333333333333336,7.4074074074074066,-0.003490482834953412,78.98832684824903,-8.549999999999997,55.69334836527621,82.2998872604284,41.9391206313416,57.15896279594137,17.700112739571587,50.958286358511835,1.0180995475113122,32.89263086207512
4749,新應材,其他化學,798.0,-1.3597033374536438,699889300.25,True,10.29023746701847,81.35368281353684,24.61,2026-06-01,False,75.0,-7.209302325581396,0.014315803491075923,67.91489361702128,17.063333333333333,75.8173618940248,31.003382187147686,52.649379932356254,27.73393461104848,80.15783540022548,53.47237880496054,50.3393665158371,55.721820208440676
2353,宏碁,電腦及週邊,31.55,-0.6299212598425141,697588846.9575001,True,42.54742547425474,55.47445255474452,-3.02,2026-06-01,False,63.1578947368421,2.601626016260165,0.09324460023072156,72.6958525345622,-36.976666666666674,64.20518602029313,71.81510710259302,80.49605411499437,40.81172491544532,5.2987598647125145,52.52536640360766,13.23529411764706,36.609274487698116
3583,辛耘,電子設備,719.0,-2.043596730245234,692536510.75,True,92.09956709956711,12.707365627073655,-2.67,2026-06-01,False,22.0,-13.373493975903614,0.015300745882968474,74.43064182194618,-5.876666666666667,21.98421645997745,12.288613303269448,53.213077790304396,44.41939120631341,21.307779030439683,30.64261555806088,13.574660633484163,41.92241374912639
6278,台表科,印刷電路板,168.0,-1.7543859649122862,688331117.6,True,79.92424242424242,24.817518248175183,9.24,2026-06-01,False,65.9090909090909,-5.352112676056338,0.02211959281168999,68.15415821501014,4.046666666666667,66.74182638105975,36.753100338218715,57.04622322435174,28.861330326944756,50.3945885005637,47.95941375422774,29.411764705882355,47.065455268917034
7750,新代,機械,2360.0,-1.2552301255230103,668188122.25,True,44.95412844036697,53.35102853351028,151.4,2026-06-01,False,69.44444444444444,20.716112531969312,0.01074900003340664,76.8729641693811,39.890000000000015,70.9695603156708,95.71589627959413,50.28184892897407,51.40924464487034,93.57384441939121,72.39007891770011,94.45701357466064,55.279980563901916
3680,家登,電子設備,472.0,4.309392265193379,660315238.525,True,59.63353692393115,40.87591240875913,37.93,2026-06-01,False,73.33333333333333,-8.527131782945736,-0.015824780460152125,76.62337662337663,2.3866666666666703,74.40811724915444,25.817361894024803,34.38556933483653,50.95828635851184,44.41939120631341,45.997745208568205,66.9683257918552,66.62934187637416
4764,雙鍵,其他化學,245.0,-1.8036072144288595,658271813.625,True,64.3758765778401,36.62906436629064,22.36,2026-06-01,False,31.25,-25.41856925418569,0.0418246578521577,67.2153635116598,-6.230000000000004,31.228861330326946,1.5783540022547913,64.71251409244645,25.591882750845546,20.40586245772266,28.70349492671928,47.963800904977376,50.801547745973764
5434,崇越,電子通路,527.0,-0.9398496240601517,657023716.675,True,97.67316017316018,4.678168546781686,32.86,2026-06-01,False,3.7735849056603774,-11.577181208053691,0.018548125608461325,88.42281879194631,10.23,2.367531003382187,17.023675310033823,55.35512965050733,78.46674182638105,68.88387824126269,44.41939120631342,61.48190045248869,56.32312449305452
3016,嘉晶,半導體,104.0,0.0,654552510.985,True,51.19047619047619,47.777040477770406,41.17,2026-06-01,False,62.30769230769231,-10.344827586206897,-0.02904800899736238,68.1967213114754,4.07,63.35963923337091,20.856820744081173,28.07215332581736,29.086809470124013,50.732807215332585,38.421645997745216,69.00452488687783,60.1485382115729
6290,良維,電子零組件,220.5,0.9153318077803174,643893151.4,True,86.90476190476191,18.049104180491042,-2.32,2026-06-01,False,31.333333333333336,-14.36893203883495,0.05359942256975082,60.08174386920982,-5.643333333333333,31.34160090191657,10.4847801578354,69.10935738444194,12.063134160090192,22.096956031567082,29.019165727170236,14.14027149321267,36.76505659934601
6683,雍智科技,半導體,1395.0,9.842519685039374,643532080.95,True,94.32584269662921,10.218978102189782,24.55,2026-06-01,False,17.692307692307693,3.3333333333333335,-0.005108979323452227,54.385964912280706,5.273333333333333,18.038331454340472,74.40811724915444,41.037204058624575,6.200676437429538,54.67869222096956,38.87260428410372,50.16968325791855,25.00014347513353
6197,佳必琪,電子零組件,312.0,2.127659574468077,640831835.375,True,93.88528138528139,10.948905109489052,45.21,2026-06-01,False,19.333333333333332,-4.147465437788019,0.011053906071704058,83.53413654618474,14.46,19.729425028184895,43.291995490417136,50.95828635851184,68.20744081172492,76.43742953776776,51.724915445321315,72.17194570135746,54.20420401271254
1513,中興電,電機製品,171.0,3.3232628398791597,633796051.1,True,50.378787878787875,48.50696748506967,8.31,2026-06-01,False,54.54545454545454,2.3952095808383236,0.17571375027374445,91.44385026737967,2.380000000000001,55.07328072153326,71.02593010146562,93.68658399098084,85.1183765501691,44.306651634723785,69.84216459977452,28.167420814479637,49.3332869961791
1476,儒鴻,成衣,326.5,0.6163328197226425,633400159.575,True,0.16233766233766234,94.6914399469144,14.42,2026-06-01,False,95.23809523809523,-3.687315634218289,0.015124874755311116,72.2345132743363,10.63,93.85569334836528,45.5467869222097,53.10033821871477,38.89515219842165,69.89853438556933,60.259301014656145,36.65158371040724,55.96391058374611
4541,晟田,機車船製造,72.6,3.271692745376953,613880466.5799999,True,16.14457831325301,76.64233576642336,58.68,2026-06-01,False,83.33333333333334,1.8232819074333761,0.025061728604899674,95.90488771466313,20.836666666666666,84.16009019165726,69.10935738444194,57.94813979706878,93.46110484780158,84.89289740698986,77.91431792559187,80.20361990950227,72.1788643911298
6207,雷科,電子設備,111.0,-0.4484304932735439,610876818.825,True,97.83549783549783,4.180491041804911,-2.51,2026-06-01,False,7.333333333333333,-20.99644128113879,0.019214152370373043,67.06948640483384,-12.8,5.975197294250282,3.9458850056369785,56.0315670800451,25.366403607666292,14.205186020293123,21.10484780157835,13.687782805429865,35.270874675427365
8042,金山電,電子零組件,116.5,3.0973451327433565,601525780.72,True,20.39072039072039,72.66091572660915,51.3,2026-06-01,False,90.0,-18.81533101045296,-0.00436932344216819,55.34441805225653,12.136666666666663,89.34611048478016,5.636978579481398,41.713641488162345,6.538895152198422,72.94250281848929,43.23562570462232,76.69683257918552,66.73621490917068
5876,上海商銀,本國銀行,42.25,-1.4002333722287097,598910956.185,True,32.52164502164502,62.906436629064366,-4.39,2026-06-01,False,77.77777777777779,-6.006674082313688,0.25294661349643144,89.8936170212766,-2.3066666666666666,77.95941375422774,35.174746335963924,98.08342728297632,81.8489289740699,30.552423900789176,64.72378804960542,11.877828054298641,59.12785611165809
6282,康舒,電子零組件,48.15,2.1208907741251393,596558113.075,True,67.77087646652863,34.57199734571997,28.28,2026-06-01,False,56.666666666666664,-9.150943396226417,-0.006285870708845747,68.00847457627118,-1.4133333333333304,57.49718151071026,24.351747463359636,40.022547914317926,28.410372040586246,31.905298759864714,36.437429537767756,55.65610859728507,54.30297867130549
5439,高技,印刷電路板,250.0,1.8329938900203624,585487446.325,True,45.23809523809524,53.05242203052421,22.13,2026-06-01,False,86.36363636363636,-13.494809688581316,-0.0938503664844468,56.62514156285391,-13.399999999999995,86.24577226606539,12.063134160090192,9.357384441939121,7.7790304396843295,13.86696730552424,25.86245772266065,47.85067873303168,57.453086819672805
6831,邁科,電子零組件,678.0,0.0,580210773.675,True,24.85549132947977,68.41406768414068,29.3,2026-06-01,False,86.66666666666667,-0.29411764705882354,-0.01368375795852932,70.92050209205021,31.23,86.47125140924464,61.89402480270575,35.28748590755355,35.62570462232244,90.98083427282975,62.05186020293123,56.56108597285068,54.191004300428
4966,譜瑞-KY,半導體,586.0,-0.8460236886632777,566139051.25,True,26.136363636363637,67.48506967485069,12.23,2026-06-01,False,81.53846153846153,-7.131537242472266,0.012463027835409445,67.35632183908045,9.026666666666667,82.41262683201805,31.34160090191657,51.521984216459984,26.042841037204056,66.06538895152198,51.476888387824125,33.59728506787331,52.677788008794714
6409,旭隼,電子零組件,972.0,-2.311557788944718,557366002.25,True,62.93290043290043,38.22163238221633,5.72,2026-06-01,False,62.66666666666667,-4.705882352941177,0.031242594982568858,75.34883720930232,8.01,63.866967305524234,39.85343855693348,60.8793686583991,47.68883878241263,63.6978579481398,55.19729425028184,23.755656108597282,48.86450590990016
2312,金寶,電腦及週邊,33.15,-1.0447761194029903,555085187.955,True,60.726846424384526,40.34505640345056,32.7,2026-06-01,False,47.368421052631575,-1.3392857142857226,0.07936810261762317,76.38248847926266,25.663333333333334,47.970687711386695,57.04622322435174,76.77564825253664,50.732807215332585,88.50056369785794,64.20518602029313,61.029411764705884,50.67167086676836
6944,兆聯實業,資源回收,755.0,1.070950468540821,554267200.45,True,2.0202020202020203,89.05109489051095,29.98,2026-06-01,False,73.91304347826086,-27.053140096618357,-0.17220105165036467,70.56074766355141,-6.783333333333335,74.80270574971814,1.1273957158962795,2.593010146561443,34.49830890642615,19.503945885005635,26.50507328072153,57.86199095022625,66.50890247261856
4971,IET-KY,半導體,494.0,-1.200000000000001,550077248.825,True,91.8091168091168,13.205043132050431,-6.26,2026-06-01,False,22.30769230769231,18.60744297719088,-0.03074081498126066,56.65137614678899,-12.943333333333332,22.886133032694474,94.81397970687712,27.28297632468997,8.004509582863585,14.092446448703495,33.41600901916573,10.294117647058822,11.59269513893494
1504,東元,電機製品,70.4,4.606240713224374,541551109.28,True,85.66017316017316,19.110816191108164,0.15,2026-06-01,False,9.090909090909092,0.7153075822603718,0.04393878493843332,58.912133891213394,-7.933333333333334,8.117249154453212,65.95264937993235,65.61443066516347,10.597519729425029,18.26381059751973,33.709131905298754,17.36425339366516,17.531593224402762
4763,材料*-KY,其他化學,51.6,-1.9011406844106515,540674915.6025001,True,22.18614718614719,71.2342402123424,-10.11,2026-06-01,False,68.75,8.746048472075865,0.07618592040127495,70.68493150684931,14.663333333333338,70.23675310033822,84.78015783540023,75.87373167981961,34.61104847801578,76.77564825253664,68.4554678692221,7.46606334841629,31.883426772842515
7795,長廣,電子設備,556.0,9.881422924901194,536955593.6,True,99.27007299270073,2.9860650298606504,62.55,2026-06-01,False,5.333333333333334,-1.2433392539964476,-0.11403461273103001,83.48348348348348,29.019999999999996,3.720405862457723,57.72266065388951,5.975197294250282,67.64374295377678,90.304396843292,45.073280721533266,81.90045248868778,48.885485162758194
8096,擎亞,電子通路,125.5,0.0,534689947.775,True,76.56870532168386,27.538155275381555,433.49,2026-06-01,False,26.41509433962264,-11.619718309859154,-0.041881555537858994,74.04129793510324,230.37333333333333,26.832018038331455,16.459977452085685,23.111612175873734,43.51747463359639,98.98534385569336,41.78128523111612,98.52941176470588,63.104731746137006
2388,威盛,半導體,76.1,-1.806451612903237,532601681.975,True,36.27267041901188,60.58394160583942,34.01,2026-06-01,False,78.46153846153847,4.820936639118457,0.07271347368909145,86.47727272727272,-34.943333333333335,78.80496054114995,77.0011273957159,74.97181510710259,74.29537767756483,5.5242390078917705,62.119503945885,63.12217194570135,59.80534569217505
3023,信邦,電子零組件,312.0,-1.1093502377179099,530693640.875,True,61.63419913419913,39.747843397478434,17.59,2026-06-01,False,66.66666666666666,-0.9523809523809524,0.019082323530156865,92.71916790490341,0.8933333333333309,68.1510710259301,59.301014656144304,55.91882750845547,88.50056369785794,38.89515219842165,62.153325817361896,42.081447963800905,59.85801700786116
3357,臺慶科,電子零組件,253.5,9.97830802603037,529341831.175,True,96.89922480620154,5.839416058394161,57.44,2026-06-01,False,12.666666666666668,7.188160676532769,-0.01972217438565325,72.84482758620689,20.563333333333333,12.175873731679818,81.73618940248028,32.581736189402484,41.37542277339346,84.44193912063133,50.46223224351748,79.29864253393664,37.77843740913241
1402,遠東新,人纖,26.95,-2.177858439201452,512615784.73999995,True,40.58441558441558,57.0670205706702,12.06,2026-06-01,False,77.77777777777779,-3.0575539568345373,0.3744886659064228,92.13675213675214,-3.2200000000000006,77.95941375422774,48.365276211950395,100.0,86.6967305524239,27.959413754227736,68.19616685456596,33.257918552036195,62.38719666168436
7828,創新服務,電子設備,1875.0,6.534090909090917,512461687.25,True,12.658227848101266,79.4293297942933,255.83,2026-06-01,False,92.0,-13.194444444444445,0.051202605100917266,80.64516129032258,-10611.286666666667,91.65727170236752,12.62683201803833,68.20744081172492,60.99210822998873,0.2254791431792559,46.74182638105975,97.05882352941177,84.27034286093243
6206,飛捷,電腦及週邊,156.5,7.191780821917804,509232807.675,True,72.9978354978355,30.690112806901126,26.29,2026-06-01,False,31.57894736842105,25.2,0.10014290975433772,99.0506329113924,-12.376666666666665,31.567080045095828,97.63246899661782,82.2998872604284,97.12514092446449,14.656144306651633,64.65614430665164,52.488687782805435,45.88710993893699
2458,義隆,半導體,145.0,-0.6849315068493178,507353508.375,True,36.09307359307359,60.78301260783012,7.13,2026-06-01,False,79.23076923076923,-17.37891737891738,-0.10370395147098788,76.71957671957672,1.4500000000000002,79.59413754227734,6.877113866967305,7.891770011273957,51.07102593010146,40.47350620067644,37.1815107102593,26.69683257918552,62.62122054614925
2351,順德,半導體,173.0,0.5813953488372103,505103128.75,True,81.98051948051948,22.69409422694094,51.72,2026-06-01,False,35.38461538461539,-9.660574412532636,0.08665510314773575,75.54585152838428,14.29,35.51296505073281,22.547914317925592,78.69222096956031,48.30890642615558,76.2119503945885,52.254791431792555,77.03619909502262,59.57753906349636
5388,中磊,通信網路,81.1,-1.5776699029126373,501976111.45,True,54.65367965367965,45.056403450564034,70.83,2026-06-01,False,53.84615384615385,-6.351039260969977,-0.0598287555894529,76.15023474178403,2.056666666666672,54.56595264937994,34.160090191657275,17.36189402480271,50.16910935738444,42.95377677564825,39.84216459977453,84.84162895927602,63.854150193595785
3376,新日興,電子零組件,189.5,-1.302083333333337,482430051.55,True,97.34848484848484,5.175846051758461,-4.76,2026-06-01,False,10.666666666666668,-2.570694087403599,0.0007616672502322471,71.78030303030303,5.746666666666666,9.63923337091319,50.84554678692221,44.87034949267193,37.88049605411499,56.82074408117249,40.01127395715896,11.595022624434389,27.067301315635092
4916,事欣科,電腦及週邊,101.5,-1.4563106796116498,475958887.89,True,29.477124183006538,65.09621765096217,80.52,2026-06-01,False,77.19298245614034,-8.144796380090497,-0.05361874099548532,81.52610441767068,2.1566666666666663,77.45208568207441,26.944757609921083,19.165727170236753,63.6978579481398,43.404735062006765,46.133032694475766,87.44343891402715,75.41215623358008
2347,聯強,電子通路,91.5,-0.10917030567685337,475225140.765,True,70.72510822510823,32.54810882548109,135.45,2026-06-01,False,30.18867924528302,4.8109965635738865,0.17879937830149809,94.23274974253347,19.44999999999999,29.87598647125141,76.88838782412627,93.91206313416009,90.98083427282975,82.97632468996618,74.92671927846675,93.55203619909503,59.38011727976249
3030,德律,電子設備,303.5,-1.3008130081300862,473156093.575,True,87.55411255411255,17.252820172528203,0.43,2026-06-01,False,28.000000000000004,-2.0967741935483875,0.0169360719591065,72.34803337306317,-25.466666666666665,28.46674182638106,52.649379932356254,54.34047350620068,39.346110484780155,7.7790304396843295,36.516347237880495,17.873303167420815,33.259193886556446
2812,台中銀,本國銀行,18.65,0.0,469664268.17999995,True,31.060606060606062,64.13404114134042,16.56,2026-06-01,False,100.0,-7.901234567901241,-0.022964716698185155,80.56155507559394,-21.686666666666664,98.8162344983089,27.73393461104848,31.003382187147686,60.766629086809466,9.131905298759865,45.490417136414884,40.89366515837104,68.18564853311022
9914,美利達,其他,85.5,-8.360128617363339,467531389.40500003,True,69.38394523957685,33.64299933642999,-5.51,2026-06-01,False,20.833333333333336,1.543942992874106,0.08171594625675328,75.0,-5.013333333333333,21.25140924464487,68.65839909808342,77.45208568207441,46.674182638105975,23.449830890642616,47.49718151071026,10.74660633484163,27.50344977987726
6691,洋基工程,電子設備,728.0,-0.6821282401091366,457037995.7,True,77.43957027752909,26.67551426675514,115.19,2026-06-01,False,49.333333333333336,-3.4482758620689653,-0.09980600499580927,91.34253450439147,27.10666666666667,49.549041713641486,46.44870349492672,8.342728297632469,84.78015783540023,89.62795941375423,55.749718151071036,92.0814479638009,69.99048600447898
2385,群光,光電及I/O,106.0,0.952380952380949,456068448.05,True,62.71645021645021,38.553417385534175,-5.48,2026-06-01,False,45.83333333333333,0.47393364928909953,0.10768090119480299,72.35494880546075,3.1499999999999986,46.50507328072153,64.82525366403607,83.99098083427283,39.45885005636979,47.01240135287486,56.35851183765501,10.85972850678733,32.999599544960645
1718,中纖,石化,11.0,-1.7857142857142794,447535370.3375,True,65.33333333333333,36.098208360982085,1.92,2026-06-01,False,33.33333333333333,-24.91467576791809,-0.06360259169421022,72.36842105263158,-3.1766666666666667,33.370913190529876,1.9165727170236753,16.234498308906424,39.79706877113867,28.29763246899662,23.923337091319052,18.778280542986426,47.507422446907825
4977,眾達-KY,通信網路,151.5,-1.6233766233766267,445232645.05,True,75.91991341991343,28.102189781021895,8.08,2026-06-01,False,42.30769230769231,5.208333333333334,-0.012205727396583979,56.007393715341955,23.523333333333333,42.78466741826381,77.56482525366404,35.851183765501695,7.328072153325817,87.59864712514093,50.22547914317926,28.054298642533936,25.15055324011488
3005,神基,電子零組件,114.5,0.0,443500896.35,True,64.88095238095238,36.26410086264101,28.59,2026-06-01,False,58.666666666666664,0.881057268722467,0.11082123513485669,69.39393939393939,11.260000000000002,59.92108229988726,66.40360766629087,84.89289740698986,32.13077790304396,71.02593010146562,62.87485907553552,55.769230769230774,45.35437082646778
6834,天二科技,電子零組件,107.5,0.4672897196261738,443269256.68500006,True,33.52112676056338,62.30922362309224,66.46,2026-06-01,False,82.0,0.46728971962616817,-0.00097747096674128,81.43939393939394,13.999999999999993,82.86358511837655,64.71251409244645,43.51747463359639,63.35963923337091,75.19729425028186,65.93010146561443,83.48416289592761,66.24871828880715
9921,巨大,其他,105.0,-3.669724770642202,442914489.71999997,True,92.77998862990336,12.07697412076974,15.98,2026-06-01,False,8.333333333333332,19.318181818181817,0.17368143430985808,94.17040358744396,9.766666666666666,6.93348365276212,95.03945885005636,93.57384441939121,90.75535512965051,68.20744081172492,70.90191657271703,39.47963800904977,35.532254485351515
3693,營邦,電子零組件,552.0,9.960159362549792,435546603.95,True,83.1792975970425,21.433311214333113,74.98,2026-06-01,False,38.0,14.880332986472425,0.06450401183515839,75.82417582417582,38.11666666666667,38.66967305524239,92.44644870349494,72.37880496054116,49.154453213077794,93.1228861330327,69.1544532130778,86.42533936651584,45.45075423283528
1810,和成,玻璃陶瓷,25.05,3.512396694214881,423303999.3875,True,19.2257217847769,73.78898473788985,-11.91,2026-06-01,False,83.33333333333334,-13.321799307958472,-0.0052097843938569,73.35285505124452,-3.6333333333333346,84.16009019165726,12.401352874859075,40.92446448703495,42.05186020293123,26.606538895152198,41.22886133032694,5.995475113122172,54.9515181582129
2316,楠梓電,印刷電路板,164.0,1.5479876160990669,422958965.55,True,49.51298701298701,49.568679495686794,27.83,2026-06-01,False,81.81818181818183,-7.344632768361582,-0.05122171460160387,69.9360341151386,-19.236666666666665,82.58173618940248,30.32694475760992,19.616685456595263,33.483652762119505,10.259301014656144,35.253664036076664,55.203619909502265,60.235516025853585
4576,大銀微系統,機械,224.0,-1.3215859030836996,422089724.625,True,40.234134319162045,57.39880557398806,62.56,2026-06-01,False,77.77777777777779,6.161137440758294,0.030229734609469427,78.73462214411248,12.266666666666673,77.95941375422774,79.59413754227734,60.20293122886133,56.14430665163472,73.05524239007892,69.391206313416,82.01357466063348,59.130789381054655
3033,威健,電子通路,48.6,-3.379721669980107,419794209.4800001,True,31.547619047619047,63.76907763769077,54.45,2026-06-01,False,71.69811320754717,-10.332103321033212,-0.03664524368092638,87.41007194244604,21.970000000000006,72.94250281848929,20.9695603156708,25.366403607666292,75.31003382187149,85.68207440811724,56.05411499436302,78.39366515837104,76.41916037076525
3019,亞光,消費性電子,139.0,1.090909090909098,419290108.25,True,65.9090909090909,35.76642335766424,13.14,2026-06-01,False,36.84210526315789,-1.76678445229682,0.0340146826721914,81.04956268221575,-3.3299999999999983,37.26042841037204,54.45321307779031,61.668545659526494,62.45772266065389,27.62119503945885,48.692220969560324,34.841628959276015,45.026641738127914
3022,威強電,電腦及週邊,98.1,-7.014218009478679,419217986.54999995,True,82.14285714285714,22.495023224950234,79.97,2026-06-01,False,24.561403508771928,15.683962264150942,0.10741610084218556,86.8141592920354,23.75333333333333,24.46448703494927,93.01014656144307,83.8782412626832,74.85907553551297,87.71138669673056,72.78466741826381,87.21719457013575,48.38265264478873
6121,新普,電子零組件,431.5,0.0,415146425.175,True,57.683982683982684,42.866622428666226,11.5,2026-06-01,False,68.0,11.642949547218628,0.25765486877509675,92.29946524064171,4.8500000000000005,69.61668545659526,88.83878241262683,98.42164599774522,87.37316798196166,53.66403607666291,79.58286358511837,32.23981900452489,50.09772250761375
3563,牧德,電子設備,703.0,-1.9525801952580246,409357058.85,True,74.72943722943724,28.931652289316524,15.62,2026-06-01,False,57.333333333333336,0.28530670470756064,0.0423371814138965,73.45872518286312,7.449999999999999,58.342728297632476,63.81059751972943,65.05073280721533,42.27733934611049,62.68320180383314,58.43291995490417,38.800904977375566,43.90259377534727
1102,亞泥,水泥製造,31.7,-2.0092735703245768,401266797.8225,True,40.31385281385281,57.26609157266091,-2.21,2026-06-01,False,57.14285714285714,-3.9393939393939417,0.03178169654475917,80.970625798212,2.003333333333334,58.060879368658405,44.41939120631341,61.10484780157835,62.119503945885,42.728297632469,53.68658399098083,14.366515837104071,47.53187698633352
6209,今國光,消費性電子,70.6,-5.866666666666676,401256560.375,True,2.9880478087649402,87.59124087591242,73.31,2026-06-01,False,94.73684210526315,-8.19245773732121,-0.002323329279186349,72.63374485596708,3.026666666666671,93.68658399098084,26.832018038331455,42.27733934611049,40.36076662908681,46.786922209695604,49.98872604284104,85.63348416289593,73.21220418615803
2421,建準,電子零組件,149.5,-0.6644518272425293,391506199.25,True,31.655844155844154,63.60318513603185,18.65,2026-06-01,False,83.66666666666667,10.74074074074074,0.16561675342467835,78.89182058047494,2.4599999999999973,84.44193912063133,87.4859075535513,92.3337091319053,56.82074408117249,44.64487034949267,73.14543404735062,43.495475113122176,49.31806269034367
8932,智通*,資訊服務,105.0,-2.3255813953488413,390023742.06499994,True,48.734873487348736,50.36496350364964,-3.5,2026-06-01,False,22.22222222222222,-18.91891891891892,-0.0871361472440656,43.47826086956522,-12.586666666666668,22.491544532130778,5.411499436302142,10.710259301014656,1.5783540022547913,14.430665163472378,10.924464487034948,12.782805429864252,32.86030113198692
3088,艾訊,電腦及週邊,138.0,-1.4285714285714235,387462920.95,True,91.77489177489177,13.271400132714001,48.37,2026-06-01,False,10.526315789473683,0.0,-0.0022804206624167443,89.6103896103896,-6.060000000000002,9.413754227733936,62.626832018038336,42.50281848928974,81.05975197294251,20.856820744081173,43.291995490417136,74.49095022624435,50.58440610222061
2542,興富發,建設,46.4,3.571428571428581,385811175.62500006,True,25.811688311688314,67.88321167883211,16.47,2026-06-01,False,65.51724137931035,7.035755478662047,0.09735708167317743,99.25133689839572,-2052.976666666667,66.62908680947012,81.28523111612176,82.18714768883878,97.40698985343855,0.3382187147688839,65.56933483652762,40.723981900452486,55.86870686180985
1477,聚陽,成衣,219.5,0.22831050228311334,381895343.675,True,10.66017316017316,81.15461181154612,0.53,2026-06-01,False,71.42857142857143,0.0,-0.18986470733863572,64.84490398818316,-6.003333333333334,72.6042841037204,62.626832018038336,1.8038331454340473,20.067643742953777,21.08229988726043,35.6369785794814,18.099547511312217,37.036160834987015
6525,捷敏-KY,半導體,150.5,5.24475524475525,379449471.45,True,97.67316017316018,4.678168546781686,19.84,2026-06-01,False,6.153846153846154,-21.409921671018274,0.057779236774358714,68.09954751131222,0.8133333333333326,4.6223224351747465,3.6076662908680945,70.23675310033822,28.635851183765503,38.444193912063135,29.10935738444194,44.79638009049774,43.61172185464247
6138,茂達,半導體,301.5,3.076923076923066,375456773.825,True,69.58874458874459,33.31121433311214,11.1,2026-06-01,False,47.69230769230769,-7.79816513761468,-0.13919354303914835,68.52272727272727,-2.3500000000000014,48.365276211950395,28.29763246899662,4.3968432919954905,29.763246899661784,30.43968432919955,28.252536640360766,31.78733031674208,45.40455523983941
7788,松川精密,電子零組件,275.5,7.6171875,373731379.45,True,22.5,70.93563370935634,65.66,2026-06-01,False,88.66666666666667,5.555555555555555,0.03954085009668525,94.34931506849315,23.953333333333333,88.16234498308907,78.29763246899661,63.58511837655016,91.5445321307779,87.82412626832019,81.88275084554678,83.0316742081448,71.11022971325379
8050,廣積,電腦及週邊,58.6,-0.340136054421758,372191282.44,True,44.696969696969695,53.61645653616457,143.6,2026-06-01,False,61.40350877192983,-4.091653027823241,-0.025403838204781433,84.92753623188406,93.13999999999999,62.79594137542277,43.85569334836528,29.87598647125141,70.91319052987599,97.40698985343855,60.96956031567079,94.11764705882352,70.99277140393926
8016,矽創,半導體,315.5,1.284109149277679,372164530.375,True,64.88095238095238,36.26410086264101,26.61,2026-06-01,False,50.76923076923077,6.9491525423728815,0.08181392673707633,86.91460055096418,-7.960000000000001,51.747463359639234,81.05975197294251,77.56482525366404,75.08455467869221,18.1510710259301,60.72153325817361,53.28054298642534,49.76320226295357
2363,矽統,半導體,54.4,-1.8050541516245522,367330223.695,True,92.13174748398902,12.607830126078301,74.8,2026-06-01,False,20.76923076923077,-13.650793650793652,-0.07388371804440849,71.48488830486203,-8.783333333333331,21.08229988726043,11.837655016910936,14.205186020293123,37.0913190529876,17.587373167981962,20.36076662908681,86.31221719457014,58.16204527947681
8131,福懋科,半導體,66.0,2.9641185647425905,366851164.58500004,True,73.86363636363636,29.8606502986065,60.87,2026-06-01,False,43.07692307692308,-13.838120104438637,-0.10906298348879798,77.37397420867526,10.529999999999994,43.404735062006765,11.386696730552424,6.6516347237880495,52.536640360766626,69.67305524239008,36.73055242390079,80.99547511312217,66.38753845133579
8027,鈦昇,電子設備,190.0,-1.041666666666663,366166264.05,True,99.42004971002486,2.8533510285335106,58.48,2026-06-01,False,4.0,-20.502092050209207,0.07519266460764591,64.84641638225256,-16.023333333333333,2.7621195039458852,4.6223224351747465,75.64825253664036,20.180383314543406,12.175873731679818,23.077790304396842,79.97737556561087,49.57438898723135
3135,凌航,半導體,169.0,2.114803625377637,355376998.95,True,0.8064516129032258,92.30258792302588,150.02,2026-06-01,False,96.92307692307692,8.333333333333332,-0.01531998659862778,64.87523992322457,-180.75333333333336,95.82863585118376,84.10372040586246,34.61104847801578,20.40586245772266,1.5783540022547913,47.305524239007894,94.34389140271493,56.61866732643972
2489,瑞軒,光電及I/O,32.0,-3.0303030303030276,353012254.19,True,59.375,41.07498341074983,23.43,2026-06-01,False,50.0,-9.090909090909099,0.02764746019273227,56.63716814159292,7.866666666666667,50.56369785794814,24.577226606538897,58.962795941375425,7.891770011273957,63.246899661781285,41.048478015783544,49.321266968325794,45.799877057752255
8114,振樺電,電腦及週邊,214.5,-0.23255813953488857,350919546.45,True,46.86147186147186,51.95753151957532,19.14,2026-06-01,False,57.89473684210527,10.56701030927835,0.11701943018436174,75.66137566137566,27.78,58.906426155580604,87.26042841037204,86.47125140924464,48.81623449830891,90.07891770011274,74.30665163472379,44.11764705882353,41.14496982558525
6753,龍德造船,機車船製造,144.0,1.4084507042253502,350893114.175,True,0.0,98.27471798274718,33.41,2026-06-01,False,100.0,-1.36986301369863,-0.01608913639508366,70.76167076167076,-3.2033333333333402,98.8162344983089,56.708004509582864,34.160090191657275,34.83652762119504,28.07215332581736,50.51860202931229,61.990950226244344,59.733926959041355
2006,東和鋼鐵,基本金屬,85.4,1.9093078758950055,345521139.655,True,48.94423389279913,50.165892501658924,9.01,2026-06-01,False,35.714285714285715,17.955801104972373,0.27887089821707584,96.49717514124293,5.550000000000001,35.73844419391206,94.47576099210822,99.09808342728297,94.25028184892898,56.482525366403614,76.00901916572715,29.072398190045252,41.146340810194516
8086,宏捷科,半導體,117.0,-1.6806722689075682,343553258.4,True,3.869407496977025,86.728599867286,16.05,2026-06-01,False,93.07692307692308,-7.874015748031496,-0.06027995898653407,65.36312849162012,-18.09,92.55918827508455,27.846674182638104,17.249154453213077,21.195039458850058,10.822998872604284,33.93461104847801,39.59276018099548,56.37507843307299
6005,群益證,證券,30.6,0.0,343187973.6575,True,23.376623376623375,69.9402786994028,101.2,2026-06-01,False,50.0,-11.688311688311682,-0.23226221318761242,67.9245283018868,-84.91333333333334,50.56369785794814,16.347237880496053,0.9019165727170236,27.959413754227736,2.480270574971815,19.650507328072155,90.61085972850678,63.19668336504665
8064,東捷,電子設備,105.5,0.0,340569691.475,True,63.384433962264154,37.95620437956204,15.95,2026-06-01,False,68.0,-17.254901960784313,0.06047854241051359,61.15942028985507,5.953333333333333,69.61668545659526,6.989853438556934,70.80045095828635,13.75422773393461,57.72266065388951,43.77677564825253,39.366515837104075,53.93689389726926
6719,力智,半導體,208.0,0.9708737864077666,338544908.7,True,17.40306582506763,75.51426675514267,-3.56,2026-06-01,False,84.61538461538461,-14.754098360655737,-0.02366837353679179,66.56,4.866666666666665,85.1183765501691,9.695603156708005,30.665163472378804,23.562570462232244,53.77677564825254,40.56369785794814,12.55656108597285,52.88547623541655
6214,精誠,資訊服務,156.5,9.824561403508781,338437073.2,True,27.543290043290042,66.78832116788321,76.9,2026-06-01,False,51.11111111111111,11.785714285714285,0.06338993412052146,99.0506329113924,26.556666666666672,52.08568207440811,88.95152198421647,71.47688838782412,97.12514092446449,88.83878241262683,79.695603156708,86.87782805429865,61.784282267238694
2105,正新,輪胎,30.7,-4.3613707165109155,338386086.97749996,True,11.525974025974026,80.2919708029197,15.01,2026-06-01,False,80.0,-8.494783904619965,-0.013349816532668271,76.84605757196495,6.286666666666665,80.72153325817362,25.93010146561443,35.400225479143174,51.29650507328072,59.13190529875987,50.49605411499436,37.55656108597285,60.91112448795319
3479,安勤,電腦及週邊,139.5,-0.7117437722419906,331503470.575,True,86.14718614718615,18.84538818845388,27.85,2026-06-01,False,17.543859649122805,-4.4520547945205475,0.01260467341910559,89.1373801916933,11.8,17.925591882750847,41.9391206313416,51.634723788049605,80.49605411499437,72.26606538895152,52.852311161217585,55.31674208144797,52.949816861962894
1503,士電,電機製品,201.5,1.2562814070351758,331397086.35,True,72.2943722943723,31.453218314532183,-10.58,2026-06-01,False,36.36363636363637,-1.2254901960784315,-0.01199799076238131,75.18656716417911,-20.68,36.64036076662909,57.83540022547914,36.076662908680944,47.463359639233374,9.582863585118377,37.51972942502819,6.787330316742081,33.26391262428135
6538,倉和,光電及I/O,177.5,9.90712074303406,329621513.825,True,98.27201783723523,3.71599203715992,46.5,2026-06-01,False,8.333333333333332,19.93243243243243,0.011232844357829999,100.0,41.57,6.93348365276212,95.37767756482526,51.18376550169109,98.98534385569336,93.68658399098084,69.23337091319054,73.07692307692307,45.90451825513832
4973,廣穎,半導體,163.5,3.154574132492116,327048579.6,True,16.880841121495326,76.04512276045122,197.3,2026-06-01,False,85.38461538461539,8.27814569536424,0.007976365547215954,77.85714285714286,33.77000000000001,85.79481397970687,83.8782412626832,48.59075535512965,53.551296505073275,91.8827508455468,72.73957158962796,95.58823529411765,62.76402612905365
6472,保瑞,藥,422.0,-0.4716981132075526,326854230.65,True,92.20779220779221,12.47511612475116,39.22,2026-06-01,False,8.695652173913043,1.5643802647412757,0.10958674529590307,54.24164524421594,21.906666666666666,7.497181510710258,68.77113866967306,84.44193912063133,6.087936865839909,85.56933483652762,50.47350620067644,67.53393665158372,28.086979089615205
6548,長科*,半導體,74.5,-1.0624169986719778,326210683.56499994,True,91.30907115697991,13.802256138022562,37.63,2026-06-01,False,23.846153846153847,-3.870967741935484,0.05480279798717918,75.94291539245668,4.700000000000003,23.900789177001126,44.53213077790304,69.56031567080045,49.49267192784668,53.213077790304396,48.13979706877114,66.6289592760181,48.872572400740715
6526,達發,半導體,624.0,0.8077544426494443,323680614.6,True,40.49707602339181,57.133377571333774,14.4,2026-06-01,False,74.61538461538461,0.8077544426494345,0.06308018334593159,82.86852589641434,0.5333333333333332,75.31003382187149,66.17812852311161,71.36414881623449,66.62908680947012,37.54227733934611,63.404735062006765,36.53846153846153,53.07486341167289
7751,竑騰,電子設備,1315.0,0.0,321852098.5,True,44.44444444444444,53.81552753815527,67.24,2026-06-01,False,78.66666666666666,6.048387096774194,0.016972134786370874,48.43462246777164,3.710000000000001,79.0304396843292,79.0304396843292,54.45321307779031,2.818489289740699,49.6054114994363,52.98759864712514,83.710407239819,46.63222413238993
6584,南俊國際,金屬製品,597.0,9.944751381215466,320831930.025,True,38.04809052333805,58.72594558725945,40.64,2026-06-01,False,57.14285714285714,-7.153965785381026,-0.019982254577326008,74.16149068322981,-0.27666666666666373,58.060879368658405,31.228861330326946,32.46899661781285,43.9684329199549,35.174746335963924,40.180383314543406,68.66515837104072,59.86640233233177
1714,和桐,清潔劑,16.7,-4.0229885057471275,320003330.13500005,True,17.9472798653954,75.04976775049768,73.41,2026-06-01,False,60.0,3.08641975308642,-0.04467656165253288,73.4065934065934,-3.2466666666666697,61.10484780157835,73.61894024802706,22.209695603156707,42.16459977452086,27.846674182638104,45.388951521984225,85.85972850678732,53.87755895871487
6449,鈺邦,電子零組件,248.0,1.6393442622950838,315940572.1,True,76.62337662337663,27.37226277372263,23.29,2026-06-01,False,46.666666666666664,-10.79136690647482,-0.002157368481603585,53.56371490280778,2.669999999999998,47.350620067643746,18.60202931228861,42.615558060879366,5.186020293122886,45.43404735062006,31.837655016910936,49.20814479638009,45.785688961214525
5386,青雲,電子通路,278.0,0.0,315659880.1,True,0.8658008658008658,91.87126741871268,442.3,2026-06-01,False,94.33962264150944,-27.415143603133156,-0.0736546346057153,46.880269814502526,22.183333333333394,93.1228861330327,0.9019165727170236,14.317925591882751,2.367531003382187,86.02029312288614,39.34611048478016,98.64253393665159,73.30775862508736
3673,TPK-KY,光電及I/O,62.6,-0.9493670886076,315596933.21500003,True,18.506493506493506,74.45255474452554,7.03,2026-06-01,False,72.22222222222221,-12.56983240223463,0.04137242984759699,66.59574468085107,3.6100000000000003,73.3934611048478,14.092446448703495,64.14881623449831,23.675310033821873,49.267192784667415,44.91544532130778,26.47058823529412,52.36172823131507
8081,致新,半導體,269.0,0.3731343283582156,315196631.575,True,60.22727272727273,40.67684140676842,7.19,2026-06-01,False,56.92307692307692,5.905511811023622,0.005912532664281145,78.7701317715959,7.376666666666667,57.72266065388951,78.80496054114995,47.350620067643746,56.36978579481398,62.570462232243514,60.56369785794815,26.809954751131222,40.524360164671194
3577,泓格,電腦及週邊,129.0,-1.1494252873563204,314053142.625,True,40.25974025974026,57.33244857332449,85.37,2026-06-01,False,66.66666666666666,-6.859205776173286,0.0021582158140295016,80.12422360248446,24.516666666666673,68.1510710259301,32.35625704622323,45.5467869222097,59.97745208568207,88.2750845546787,58.86133032694475,88.23529411764706,71.00189004575901
2630,亞航,機車船製造,48.3,0.8350730688935215,311814301.075,True,70.31963470319634,32.91307232913072,-30.49,2026-06-01,False,8.333333333333332,-15.114235500878737,-0.010797325786220875,66.43741403026134,-2.950000000000003,6.93348365276212,9.244644870349493,36.64036076662909,23.22435174746336,29.312288613303267,21.071025930101463,2.48868778280543,30.850469578170355
1409,新纖,人纖,25.15,1.4112903225806273,308663754.755,True,82.03463203463204,22.62773722627737,13.44,2026-06-01,False,33.33333333333333,-3.269230769230775,-0.03920787219077668,79.33753943217665,-11.100000000000003,33.370913190529876,47.463359639233374,24.689966178128522,57.94813979706878,15.44532130777903,35.78354002254792,35.06787330316742,44.730891662883174
6191,精成科,印刷電路板,86.8,-0.3444316877152631,307120419.8,True,88.25757575757575,16.522893165228933,10.28,2026-06-01,False,47.72727272727273,-7.165775401069522,-0.023662509467120372,59.249146757679185,7.086666666666666,48.47801578354002,31.116121758737318,30.777903043968436,11.048478015783541,61.89402480270575,36.66290868094701,30.65610859728507,39.76662015946783
8926,台汽電,公用事業,55.8,-1.7605633802816878,302008165.38499993,True,1.0822510822510822,91.10816191108162,1719.48,2026-06-01,False,75.0,-16.716417910447763,-0.2203329461493974,67.88321167883211,712.66,75.8173618940248,7.5535512965050735,1.1273957158962795,27.62119503945885,99.54904171364149,42.3337091319053,99.77375565610859,73.9146903232718
9939,宏全,塑膠製品,135.0,0.746268656716409,300527770.0,True,37.28354978354979,59.721300597213,12.13,2026-06-01,False,59.7324414715719,7.569721115537849,0.18785487891088493,93.42560553633218,-0.033333333333333215,60.65388951521984,82.75084554678692,94.81397970687712,89.85343855693348,35.73844419391206,72.76211950394588,33.3710407239819,50.28188081233708
8155,博智,印刷電路板,319.0,-0.7776049766718529,296720191.45,True,84.68614718614718,20.106171201061713,31.9,2026-06-01,False,54.54545454545454,-2.595419847328244,-0.030759055066969274,69.87951807228916,1.6166666666666671,55.07328072153326,50.3945885005637,27.17023675310034,33.25817361894025,41.1499436302142,41.409244644870356,59.95475113122172,49.472904242782874
4566,時碩工業,汽車組件,75.5,4.281767955801086,295072553.62,True,74.41209406494961,29.329794293297944,44.39,2026-06-01,False,30.555555555555557,14.567526555386939,0.06841050644139199,98.95150720838795,24.436666666666667,30.270574971815105,91.8827508455468,73.3934611048478,96.73055242390079,88.04960541149943,76.065388951522,71.49321266968326,51.65289730496309
3227,原相,半導體,201.5,-1.225490196078427,290322627.925,True,40.63852813852814,56.934306569343065,21.05,2026-06-01,False,73.84615384615385,6.052631578947368,0.1004150067394676,78.55750487329435,9.186666666666666,74.63359639233371,79.14317925591882,82.52536640360766,55.69334836527621,66.5163472378805,71.70236753100338,46.71945701357466,49.475805628816445
2207,和泰車,車輛買賣,524.0,3.9682539682539764,288695128.4,True,0.06215040397762585,95.95222295952223,48.36,2026-06-01,False,95.9866220735786,6.288032454361055,0.1871968111064639,84.38003220611915,17.78333333333333,94.81397970687712,79.93235625704622,94.70124013528749,70.12401352874859,81.17249154453214,84.14881623449831,74.3212669683258,64.83172598672633
4908,前鼎,通信網路,160.0,-1.538461538461533,288583699.05,True,96.69913419913419,6.1712010617120105,29.72,2026-06-01,False,11.538461538461538,5.6105610561056105,0.02820524961804847,54.5144804088586,5.316666666666666,10.879368658399098,78.57948139797068,59.301014656144304,6.313416009019165,54.79143179255919,41.97294250281849,57.07013574660633,23.920859754013478
2428,興勤,電子零組件,259.5,1.9646365422396839,288437097.875,True,92.47835497835499,12.176509621765096,46.62,2026-06-01,False,20.666666666666668,-10.207612456747404,-0.07703958276570448,75.54585152838428,14.716666666666661,20.856820744081173,21.42051860202931,12.965050732807216,48.30890642615558,77.0011273957159,36.11048478015783,73.30316742081448,55.26209399725548
3624,光頡,電子零組件,95.1,9.942196531791891,285530174.95500004,True,81.06060606060606,23.42402123424021,28.72,2026-06-01,False,40.0,-12.35023041474655,-0.013214202159804622,53.88101983002832,1.879999999999999,40.7553551296505,14.656144306651633,35.51296505073281,5.862457722660654,41.826381059751974,27.722660653889516,55.995475113122176,46.98928591469542
6715,嘉基,電子零組件,390.5,-1.5132408575031508,281267180.15,True,99.69135802469135,2.45520902455209,-9.2,2026-06-01,False,4.0,-4.987834549878346,-0.03559636651815104,68.62917398945518,6.39666666666667,2.7621195039458852,38.78241262683202,26.042841037204056,30.32694475760992,59.63923337091319,31.510710259301014,8.144796380090497,25.61286200370357
6739,竹陞科技,電子設備,1045.0,1.4563106796116498,277651564.6,True,16.73728813559322,76.24419376244194,101.13,2026-06-01,False,89.33333333333333,-13.991769547325102,0.015484209105333857,61.111111111111114,0.9299999999999926,88.95152198421647,11.273957158962796,53.43855693348365,13.528748590755354,39.00789177001127,41.240135287485906,90.49773755656109,70.42601274314254
1795,美時,藥,188.0,-0.2652519893899252,272922133.625,True,9.199134199134198,82.0836098208361,225.46,2026-06-01,False,65.21739130434783,-5.05050505050505,0.06951879759575949,51.790633608815426,108.40666666666667,65.89627959413754,38.444193912063135,73.73167981961669,3.8331454340473505,98.08342728297632,55.9977452085682,96.60633484162896,56.97289148943768
3048,益登,電子通路,60.7,1.675041876046901,272784373.38250005,True,58.18294959551961,42.402123424021234,60.1,2026-06-01,False,45.28301886792453,8.78136200716847,-0.0510901811318103,80.71808510638297,12.090000000000003,45.32130777903044,84.89289740698986,19.729425028184895,61.33032694475761,72.82976324689966,56.82074408117249,80.76923076923077,50.631992021507244
8110,華東,半導體,46.15,-1.388888888888884,271524047.49249995,True,0.0,98.27471798274718,16.26,2026-06-01,False,100.0,-3.451882845188282,-0.004424500398846945,52.44318181818181,-0.8199999999999967,98.8162344983089,46.33596392333709,41.60090191657272,3.9458850056369785,33.93461104847801,44.92671927846674,40.27149321266968,49.174412198319615
4722,國精化,樹脂,208.0,-0.952380952380949,269490006.5,True,87.06709956709958,17.850033178500333,26.94,2026-06-01,False,14.285714285714285,-17.786561264822133,-0.026865167395298487,67.86296900489397,19.116666666666667,14.430665163472378,6.200676437429538,28.97406989853439,27.395715896279594,82.75084554678692,31.950394588500565,54.29864253393665,47.481086789064776
2465,麗臺,電腦及週邊,105.0,9.947643979057585,267023943.075,True,61.512027491408936,39.88055739880557,543.89,2026-06-01,False,45.614035087719294,29.950495049504955,0.12282698522238786,100.0,258.88,46.22322435174747,98.19616685456594,87.71138669673056,98.98534385569336,99.2108229988726,86.06538895152198,98.86877828054298,61.47029490835446
6588,東典光電,通信網路,93.7,-3.501544799176104,264849934.24999994,True,99.69696969696969,2.3888520238885205,49.1,2026-06-01,False,3.8461538461538463,19.515306122448976,-0.00956557113847381,58.7460815047022,-72.53333333333333,2.5366403607666292,95.26493799323562,37.65501691093574,10.4847801578354,2.931228861330327,29.774520856820743,74.8868778280543,23.160840088355176
6643,M31,半導體,447.5,-1.9715224534501696,264516285.0,True,95.99292869770183,7.498341074983411,-23.52,2026-06-01,False,12.307692307692308,8.616504854368932,0.03338495298870152,64.20373027259684,-19.939999999999998,11.61217587373168,84.55467869222097,61.21758737316798,18.489289740698986,9.92108229988726,37.15896279594138,3.2805429864253397,12.206832477158757
7711,永擎,電腦及週邊,491.5,9.832402234636861,254825079.4,True,25.98870056497175,67.61778367617784,140.79,2026-06-01,False,82.45614035087719,56.52866242038217,0.033665130126401044,91.86915887850468,102.89333333333332,83.0890642615558,99.88726042841037,61.44306651634723,86.13303269447576,97.85794813979707,85.68207440811726,93.77828054298642,65.7782792676519
8454,富邦媒,數位雲端,266.0,-0.5607476635513975,254139974.875,True,28.19264069264069,66.15792966157929,6.5,2026-06-01,False,30.434782608695656,-0.5607476635514018,0.029888475679179502,59.17686318131257,2.526666666666667,30.045095828635855,61.10484780157835,60.09019165727171,10.935738444193912,44.983089064261556,41.431792559188274,25.339366515837103,26.30383824677213
2436,偉詮電,半導體,71.2,5.3254437869822535,252542643.94500002,True,1.7857142857142856,89.61512939615129,18.28,2026-06-01,False,95.38461538461539,16.33986928104575,0.07917664880404439,88.4472049689441,-6.676666666666666,94.13754227733935,93.34836527621195,76.55016910935738,78.69222096956031,19.616685456595263,72.46899661781285,42.76018099547511,55.560394741540705
8383,千附,電子設備,70.8,1.5781922525107461,251363398.62000003,True,84.51536643026006,20.23888520238885,200.07,2026-06-01,False,34.66666666666667,-18.714121699196323,0.02316847307093437,78.31858407079645,105.24666666666666,34.780157835400225,5.749718151071026,57.384441939120634,55.2423900789177,97.97068771138669,50.22547914317926,95.81447963800905,70.021827350314
2606,裕民,海運,65.5,-2.8189910979228516,248881724.86999997,True,12.824675324675324,79.29661579296616,35.52,2026-06-01,False,90.9090909090909,2.9874213836477965,0.267360212166998,90.3448275862069,-3.136666666666663,90.6989853438557,73.3934611048478,98.64712514092446,82.97632468996618,28.410372040586246,74.82525366403608,64.36651583710407,66.16209119151954
2476,鉅祥,電子零組件,123.0,-3.90625,246084481.675,True,68.93939393939394,33.70935633709357,53.76,2026-06-01,False,54.666666666666664,-6.4638783269961975,0.01379760917346174,90.44117647058823,11.39,55.52423900789177,33.483652762119505,52.311161217587376,83.31454340473506,71.25140924464488,59.17700112739571,78.16742081447964,70.88063761624674
3455,由田,電子設備,225.0,1.3513513513513598,241944387.0,True,95.23809523809523,9.124087591240876,-30.02,2026-06-01,False,16.666666666666664,3.211009174311927,0.06677944937567006,72.58064516129032,-23.83,16.629086809470124,74.1826381059752,73.05524239007892,40.022547914317926,8.117249154453212,42.40135287485908,2.7149321266968327,21.29598218612742
6291,沛亨,半導體,387.0,-3.850931677018632,239819184.0,True,47.15504978662873,51.7584605175846,52.99,2026-06-01,False,71.53846153846153,-6.181818181818182,-0.0364561932414957,56.995581737849776,15.920000000000002,72.82976324689966,34.49830890642615,25.591882750845546,8.455467869222097,78.80496054114995,44.036076662908684,77.71493212669684,56.12546358409811
5314,世紀*,其他,61.3,-1.9199999999999995,233103995.24500003,True,24.22857142857143,69.27670869276709,167.87,2026-06-01,False,66.66666666666666,-4.517133956386302,0.027822558096456368,42.56944444444444,13.219999999999999,68.1510710259301,41.26268320180383,59.07553551296505,1.1273957158962795,74.40811724915444,48.804960541149946,95.13574660633483,55.78788253658934
2233,宇隆,汽車組件,203.5,-0.2450980392156854,230876720.375,True,94.53463203463204,10.152621101526211,7.58,2026-06-01,False,5.555555555555555,-11.328976034858387,0.04235492386371498,53.34207077326344,1.96,4.058624577226606,17.925591882750847,65.16347237880497,4.8478015783540025,42.50281848928974,26.899661781285232,27.262443438914026,29.560819427935947
2485,兆赫,通信網路,43.65,-0.7954545454545436,228981951.32999998,True,51.9434628975265,47.24618447246184,80.93,2026-06-01,False,55.769230769230774,-7.716701902748412,0.07967079699565704,53.558282208588956,37.43000000000001,56.59526493799324,28.52311161217587,77.0011273957159,5.0732807215332585,93.01014656144307,52.04058624577226,87.72624434389141,55.21791959781051
2352,佳世達,光電及I/O,28.7,-0.692041522491349,228059847.65499997,True,96.32034632034632,6.934306569343065,-0.62,2026-06-01,False,11.11111111111111,-8.452950558213724,-0.04660451784628984,81.07344632768361,0.7766666666666667,10.146561443066517,26.155580608793688,21.645997745208568,62.68320180383314,38.21871476888388,31.77001127395716,16.798642533936654,40.86820629301066
8464,億豐,五金及家具,368.0,-5.882352941176472,225688019.6,True,18.993506493506494,73.98805573988055,11.73,2026-06-01,False,100.0,2.6499302649930265,0.011553645978546072,78.38125665601704,8.493333333333334,98.8162344983089,72.04058624577226,51.29650507328072,55.35512965050733,65.38895152198421,68.57948139797068,32.69230769230769,53.70577139883792
3147,大綜,資訊服務,234.0,1.9607843137254832,225576020.225,True,68.12770562770562,34.240212342402124,334.53,2026-06-01,False,13.333333333333334,0.8620689655172413,-0.010213543713838055,66.85714285714286,-77.82,12.795941375422773,66.29086809470124,36.865839909808344,24.46448703494927,2.705749718151071,28.62457722660654,98.07692307692307,42.26162084814847
4915,致伸,光電及I/O,60.7,0.4966887417218624,224408445.99,True,49.458874458874455,49.63503649635037,27.58,2026-06-01,False,58.333333333333336,-9.267563527653218,-0.03549209719781977,68.27896512935882,9.693333333333332,59.35738444193912,24.23900789177001,26.155580608793688,29.19954904171364,67.86922209695602,41.364148816234504,54.97737556561086,54.8238252893734
2393,億光,光電及I/O,65.2,3.001579778830976,223978419.08500004,True,36.038961038961034,60.91572660915726,10.58,2026-06-01,False,62.5,-6.187050359712226,-0.0806467781702595,88.34688346883469,4.623333333333333,63.58511837655016,34.38556933483653,12.063134160090192,78.01578354002254,52.87485907553551,48.18489289740698,30.88235294117647,59.52442138072816
1597,直得,機械,150.0,0.6711409395973256,223670732.425,True,73.48484848484848,30.29197080291971,45.25,2026-06-01,False,25.0,8.303249097472925,0.024506038723989335,67.87330316742081,-10.616666666666667,25.25366403607666,83.99098083427283,57.72266065388951,27.50845546786922,15.89627959413754,42.074408117249156,72.28506787330316,35.26405163574405
6579,研揚,電腦及週邊,157.0,-1.8750000000000044,221913633.275,True,31.601731601731604,63.70272063702721,47.1,2026-06-01,False,75.43859649122807,-1.5673981191222568,0.014750663365212432,85.55858310626702,12.86333333333333,76.09921082299887,55.58060879368658,52.87485907553551,71.70236753100339,73.95715896279594,66.04284103720406,73.52941176470588,66.4375953312554
2305,全友,光電及I/O,30.55,9.892086330935257,220776966.92249998,True,0.35650623885918004,93.62972793629729,142.33,2026-06-01,False,88.88888888888889,-11.191860465116275,-0.030573343285883084,71.62954279015241,35.253333333333345,88.61330326944757,18.1510710259301,27.395715896279594,37.31679819616686,92.3337091319053,52.76211950394588,94.00452488687783,75.44588883164054
3305,昇貿,印刷電路板,117.0,0.8620689655172376,219951711.79000002,True,38.365800865800864,58.593231585932315,76.0,2026-06-01,False,90.9090909090909,-2.5,-0.03661068079218877,69.85074626865672,6.819999999999993,90.6989853438557,50.95828635851184,25.47914317925592,33.14543404735062,60.99210822998873,52.25479143179257,86.53846153846155,64.85614864278901
6435,大中,半導體,276.5,5.736137667304009,218416667.625,True,83.92857142857143,20.504313205043132,21.6,2026-06-01,False,33.07692307692307,-10.372771474878444,-0.01804661459949564,65.83333333333333,2.503333333333334,32.807215332581734,20.744081172491544,33.14543404735062,22.209695603156707,44.87034949267193,30.755355129650507,47.171945701357465,45.36119386615108
2103,台橡,橡膠原料,28.1,2.7422303473491727,217028555.1225,True,18.98148148148148,74.05441274054412,40.24,2026-06-01,False,74.04682274247492,14.460285132382895,0.08546878159673006,98.0802792321117,9.513333333333332,75.08455467869221,91.77001127395717,78.24126268320181,95.94137542277339,67.64374295377678,81.73618940248028,68.32579185520362,61.89542767067802
2374,佳能,消費性電子,70.9,-0.8391608391608352,215630659.77999997,True,20.59308072487644,72.46184472461846,18.97,2026-06-01,False,89.47368421052632,-1.52777777777777,0.04170380420871865,66.26168224299066,-17.47,89.1206313416009,55.80608793686584,64.59977452085683,23.111612175873734,11.273957158962796,48.78241262683203,43.94796380090498,50.09352984537844
1608,華榮,電纜,36.8,-3.03030303030305,215448852.0275,True,0.3248862897985705,93.89515593895156,13.35,2026-06-01,False,100.0,10.6766917293233,0.09469907400343984,90.7521578298397,3.6099999999999994,98.8162344983089,87.37316798196166,80.94701240135288,83.76550169109358,49.154453213077794,80.01127395715895,34.95475113122172,57.54082983466563
6426,統新,通信網路,216.0,-2.7027027027026973,213055905.575,True,97.80405405405406,4.313205043132051,103.04,2026-06-01,False,5.769230769230769,26.31578947368421,0.0038963509396761427,74.87001733102254,19.836666666666673,4.3968432919954905,97.97068771138669,46.786922209695604,45.997745208568205,83.8782412626832,55.806087936865836,90.9502262443439,35.84353175838022
9958,世紀鋼,基本金屬,104.5,-2.336448598130836,212540626.1,True,2.4891774891774894,88.22163238221631,64.09,2026-06-01,False,90.47619047619048,-11.814345991561181,0.02061982203760634,53.18066157760815,22.360000000000007,89.79706877113867,15.783540022547914,56.482525366403614,4.509582863585118,86.13303269447576,50.54114994363021,82.35294117647058,65.21901319716162
6202,盛群,半導體,62.0,-2.821316614420055,212071523.0375,True,73.39962709757614,30.39150630391506,30.93,2026-06-01,False,43.84615384615385,-3.276131045241801,0.04154692637079375,84.1248303934871,16.116666666666667,43.9684329199549,47.350620067643746,64.37429537767756,68.88387824126269,78.91770011273958,60.69898534385569,58.93665158371041,56.10958566932106
5443,均豪,電子設備,107.0,-5.726872246696035,210462243.075,True,81.87229437229438,22.859986728599868,-10.09,2026-06-01,False,42.66666666666667,-1.3824884792626728,0.034216132143628175,77.81818181818181,-0.2833333333333332,43.01014656144307,56.59526493799324,61.78128523111612,53.43855693348365,35.062006764374296,49.97745208568208,7.579185520361991,36.858156019323864
4551,智伸科,汽車組件,174.0,0.8695652173912993,210026954.65,True,45.23809523809524,53.05242203052421,30.66,2026-06-01,False,61.111111111111114,-12.121212121212121,-0.026828534902178784,61.702127659574465,5.399999999999999,62.232243517474636,15.332581736189402,29.086809470124013,14.430665163472378,55.35512965050733,35.28748590755355,58.59728506787331,54.981903003157726
2637,慧洋-KY,海運,85.2,-3.1818181818181746,206249292.145,True,65.63852813852814,35.96549435965494,57.92,2026-06-01,False,36.36363636363637,3.2727272727272765,0.18897677804316027,96.70828603859252,16.24666666666667,36.64036076662909,74.29537767756483,94.92671927846675,94.58850056369785,79.36865839909808,75.96392333709132,79.63800904977376,59.142873175633966
2855,統一證,證券,47.35,-0.3157894736842026,205679807.8675,True,46.53679653679654,52.09024552090246,199.02,2026-06-01,False,12.5,2.157497303128371,0.026205704682729074,80.11844331641285,-344.1766666666666,11.894024802705749,69.7857948139797,58.511837655016905,59.864712514092446,1.3528748590755355,40.28184892897407,95.70135746606336,49.41857499222046
1319,東陽,汽車組件,79.2,0.0,203835287.025,True,17.261904761904763,75.6469807564698,3.04,2026-06-01,False,77.77777777777779,4.761904761904773,0.11033587262932991,68.8695652173913,5.883333333333334,77.95941375422774,76.77564825253664,84.78015783540023,30.777903043968436,57.49718151071026,65.55806087936867,20.588235294117645,38.1374759599443
1514,亞力,電機製品,102.5,0.4901960784313708,203134472.3,True,63.961038961038966,37.159920371599206,39.69,2026-06-01,False,45.45454545454545,-3.755868544600939,-0.001138966119812859,68.56187290969899,23.363333333333333,45.9413754227734,45.43404735062006,43.404735062006765,29.988726042841034,87.37316798196166,50.42841037204058,67.87330316742081,49.59233932060379
4542,科嶠,電子設備,282.0,-0.1769911504424737,202760417.9,True,82.7460510328068,21.831453218314532,102.05,2026-06-01,False,40.0,-22.420907840440165,-0.0586168968339675,57.08502024291497,46.39,40.7553551296505,2.818489289740699,17.925591882750847,8.680947012401354,94.47576099210822,32.931228861330325,90.72398190045249,59.33544868819091
6265,方土昶,電子通路,58.9,3.69718309859155,201819324.0375,True,0.0,98.27471798274718,1209.51,2026-06-01,False,99.05660377358491,13.926499032882003,0.11877366897652927,92.17527386541471,152.2833333333333,97.40698985343855,90.86809470124012,86.80947012401353,87.03494926719279,98.53438556933483,92.13077790304396,99.43438914027149,73.25205838991567
6491,晶碩,醫療耗材,370.0,-2.1164021164021163,200371924.15,True,24.369747899159663,69.07763769077637,33.94,2026-06-01,False,44.44444444444444,2.920723226703755,0.1892731536527976,97.62532981530343,3.756666666666664,44.53213077790304,73.28072153325817,95.03945885005636,95.71589627959413,49.83089064261556,71.67981961668545,63.009049773755656,57.49408882449867
2867,三商壽,壽險,9.62,2.0148462354188768,197993036.7935,True,91.15504682622269,14.001327140013272,154.94,2026-05-01,False,13.91304347826087,7.968574635241292,0.3138485067075804,97.17171717171716,144.58666666666667,13.979706877113868,83.31454340473506,99.77452085682074,95.03945885005636,98.42164599774522,78.10597519729424,94.57013574660633,55.06868951726038
1711,永光,染料及顏料,39.7,1.146496815286624,195623562.2375,True,99.94001199760048,0.5972130059721301,15.49,2026-06-01,False,16.666666666666664,-9.567198177676527,0.03355961020324703,64.03225806451613,7.6433333333333335,16.629086809470124,22.998872604284102,61.33032694475761,18.26381059751973,62.79594137542277,36.40360766629086,38.574660633484164,37.617171359047475
6727,亞泰金屬,電子設備,393.0,-0.5063291139240533,195620569.875,True,87.35549132947978,17.45189117451891,-23.9,2026-06-01,False,29.333333333333332,-3.6764705882352944,-0.025692434243993388,59.54545454545455,-51.019999999999996,29.368658399098084,45.77226606538895,29.763246899661784,11.386696730552424,4.3968432919954905,24.137542277339346,3.167420814479638,24.537627469685297
2399,映泰,電腦及週邊,44.4,-1.55210643015522,195543635.85750002,True,62.40913811007269,38.951559389515594,-10.32,2026-06-01,False,42.10526315789473,9.22509225092251,0.04185135592806074,80.72727272727272,-30.26,42.615558060879366,85.79481397970687,64.82525366403607,61.55580608793687,6.426155580608793,52.2435174746336,7.352941176470589,31.43237283639499
6175,立敦,電子零組件,80.5,2.547770700636942,195089027.725,True,94.64285714285714,9.887193098871931,43.96,2026-06-01,False,16.666666666666664,-26.81818181818182,-0.02846809524844948,69.09871244635193,15.67666666666667,16.629086809470124,1.3528748590755355,28.52311161217587,31.228861330326946,78.35400225479144,31.217587373167987,70.98416289592761,54.372309044162286
3014,聯陽,半導體,134.5,-0.37037037037036535,194474392.75,True,50.43290043290043,48.34107498341075,-1.12,2026-06-01,False,63.84615384615384,2.2813688212927756,-0.057095450664825985,79.82195845697329,3.4033333333333333,64.82525366403607,70.68771138669673,18.1510710259301,59.07553551296505,48.252536640360766,52.19842164599775,15.497737556561086,42.177703836716375
3596,智易,通信網路,166.0,-1.4836795252225476,193800670.7,True,23.593073593073594,69.6748506967485,3.96,2026-06-01,False,78.84615384615384,-12.16931216931217,-0.2528424905767983,66.53306613226452,0.8433333333333328,79.14317925591882,15.219842164599775,0.6764374295377678,23.449830890642616,38.78241262683202,31.454340473506203,21.60633484162896,52.244875705897655
3498,陽程,電子設備,144.0,9.92366412213741,190594404.57,True,76.95390781563127,27.2063702720637,50.69,2026-06-01,False,50.66666666666667,11.196911196911197,0.015437935707508217,90.0,-34.510000000000005,51.57835400225479,88.16234498308907,53.325817361894025,82.07440811724915,5.636978579481398,56.1555806087937,76.13122171945702,55.40540971396798
2302,麗正,電子零組件,45.2,-0.7683863885839637,188539060.04000002,True,77.94204612655233,26.343729263437293,45.71,2026-06-01,False,44.666666666666664,1.1185682326621922,0.0227708689875648,81.58844765342961,14.056666666666665,44.983089064261556,67.3055242390079,57.15896279594137,63.97970687711386,75.42277339346111,61.77001127395715,72.51131221719457,53.54214597989053
6640,均華,電子設備,995.0,-0.5000000000000004,186679024.6,True,75.91991341991343,28.102189781021895,0.33,2026-06-01,False,54.666666666666664,-3.3980582524271843,-0.026502256920426875,56.53409090909091,-32.76666666666667,55.52423900789177,46.674182638105975,29.4250281848929,7.666290868094701,5.749718151071026,29.007891770011277,17.647058823529413,33.54085151535248
6829,千附精密,電子設備,222.0,5.213270142180093,186191035.675,True,97.11895910780669,5.507631055076311,69.4,2026-06-01,False,9.333333333333334,-4.103671706263499,0.01638859602117921,79.85611510791367,24.46666666666667,8.455467869222097,43.63021420518602,54.227733934611045,59.188275084554675,88.16234498308907,50.732807215332585,84.50226244343891,52.12894779800742
6903,巨漢,電子設備,320.5,-1.0802469135802517,185311148.725,True,42.99242424242424,55.14266755142667,163.86,2026-06-01,False,80.0,-18.860759493670887,-0.10800863298261841,73.84792626728111,-66.15666666666667,80.72153325817362,5.5242390078917705,7.1025930101465615,43.291995490417136,3.3821871476888385,28.004509582863584,95.02262443438913,78.37797854377203
2605,新興,海運,32.3,-0.7680491551459334,184457165.8225,True,0.0,98.27471798274718,51.62,2026-06-01,False,100.0,3.3599999999999905,0.06402718544283623,74.50980392156862,31.009999999999998,98.8162344983089,74.52085682074409,72.15332581736189,44.87034949267193,90.75535512965051,76.22322435174746,76.92307692307693,61.522201023328414
3265,台星科,半導體,181.0,3.4285714285714253,181843414.075,True,89.55627705627705,15.428002654280027,3.58,2026-06-01,False,26.923076923076923,5.847953216374268,0.07079773988372759,93.54005167958657,-17.596666666666664,27.395715896279594,78.69222096956031,74.1826381059752,89.96617812852311,11.161217587373168,56.279594137542276,21.040723981900452,39.927599259285714
3704,合勤控,通信網路,41.85,-1.7605633802816878,178877118.70999998,True,38.50063532401525,58.46051758460518,47.87,2026-06-01,False,67.3076923076923,-10.28938906752411,-0.0632391730264057,83.03571428571429,7.073333333333338,69.22209695603156,21.195039458850058,16.57271702367531,67.08004509582864,61.78128523111612,47.17023675310034,73.98190045248869,72.2722507613747
8091,翔名,電子設備,233.0,0.0,178190289.3,True,92.20779220779221,12.47511612475116,71.7,2026-06-01,False,20.0,-19.09722222222222,-0.03867785008459905,78.98305084745762,8.63666666666667,20.293122886133034,5.186020293122886,25.140924464487036,57.04622322435174,65.61443066516347,34.65614430665163,85.18099547511312,64.33358032311875
5340,建榮,印刷電路板,78.6,-1.2562814070351758,177400131.635,True,8.170995670995671,82.94625082946251,25.75,2026-06-01,False,95.45454545454545,1.1583011583011473,-0.01615997138270803,58.656716417910445,5.510000000000002,94.25028184892898,67.64374295377678,33.93461104847801,10.372040586245772,56.14430665163472,52.468996617812856,51.696832579185525,47.16885301514587
3587,閎康,檢測驗證,250.0,-1.1857707509881465,176402573.65,True,96.15592853275582,7.232913072329131,11.01,2026-06-01,False,20.0,-10.39426523297491,-0.020826633026357694,63.13131313131313,-9.126666666666667,20.293122886133034,20.631341600901916,32.2435174746336,16.798196166854567,17.249154453213077,21.443066516347237,31.61764705882353,37.0194061277273
3675,德微,電子零組件,278.0,0.9074410163339319,176004385.275,True,88.14935064935064,16.5892501658925,29.99,2026-06-01,False,29.333333333333332,-12.302839116719243,-0.009668142807742197,61.77777777777778,5.486666666666665,29.368658399098084,14.994363021420517,37.429537767756486,14.656144306651633,55.80608793686584,30.450958286358514,58.0316742081448,46.76552847311851
2498,宏達電,消費性電子,40.1,-0.987654320987652,172379857.8725,True,50.38560411311054,48.44061048440611,-8.53,2026-06-01,False,47.368421052631575,-7.497116493656286,0.006578065854898027,53.8255033557047,2.8066666666666666,47.970687711386695,29.87598647125141,48.13979706877114,5.636978579481398,45.997745208568205,35.52423900789177,8.484162895927602,33.05396067888607
1708,東鹼,其他化學,49.3,0.0,171737674.9325,True,30.462427745664737,64.49900464499004,3.25,2026-06-01,False,62.5,-11.806797853309483,-0.003183354167487722,79.902755267423,-17.959999999999997,63.58511837655016,16.00901916572717,42.05186020293123,59.52649379932357,10.935738444193912,38.42164599774521,20.81447963800905,56.979268162038906
8422,可寧衛*,資源回收,26.45,-1.6728624535315983,171133746.89249998,True,96.15800865800865,7.166556071665561,50.34,2026-06-01,False,8.695652173913043,-2.0370370370370394,0.09401873171808915,10.579999999999998,-29.14666666666666,7.497181510710258,52.98759864712515,80.608793686584,0.2254791431792559,6.764374295377677,29.616685456595263,76.01809954751131,32.68829038856892
6693,廣閎科,半導體,185.0,0.27100271002709064,169409543.3,True,48.11664641555286,50.76310550763105,106.98,2026-06-01,False,69.23076923076923,-12.735849056603774,-0.040142739687550236,66.90777576853526,4.36666666666666,70.46223224351748,13.75422773393461,24.23900789177001,24.689966178128522,52.08568207440811,37.04622322435175,91.4027149321267,68.20017140495952
3221,台嘉碩,電子零組件,49.35,0.7142857142857117,168176156.85250002,True,57.28328865058088,43.264764432647645,26.6,2026-06-01,False,70.0,-9.116022099447505,0.021721851063877737,74.43438914027149,8.286666666666669,71.53325817361895,24.46448703494927,56.82074408117249,44.53213077790304,64.82525366403607,52.43517474633596,53.11085972850679,61.17794041126987
3236,千如,電子零組件,47.3,4.646017699115035,168027932.85,True,74.00630914826498,29.794293297942932,11.93,2026-06-01,False,48.66666666666667,-11.918063314711368,-0.007568320435205038,64.7945205479452,-5.733333333333334,49.154453213077794,15.558060879368659,38.78241262683202,19.95490417136415,21.645997745208568,29.01916572717024,33.1447963800905,46.67402322129095
4906,正文,通信網路,36.6,0.273972602739736,167789063.10750002,True,95.61042524005488,8.360982083609821,-5.24,2026-06-01,False,19.230769230769234,-3.046357615894036,-0.026812801122779516,68.53932584269663,8.216666666666669,19.447576099210824,48.47801578354002,29.19954904171364,29.87598647125141,64.4870349492672,38.29763246899662,11.199095022624435,28.01116045238666
2548,華固,建設,93.4,-0.2136752136752018,167696704.02500004,True,20.833333333333336,72.32913072329131,-88.82,2026-06-01,False,74.13793103448276,-9.320388349514557,-0.2789827899458338,70.75757575757576,-12615.72,75.19729425028186,23.788049605411498,0.3382187147688839,34.72378804960542,0.11273957158962795,26.832018038331462,0.3393665158371041,46.618099802578215
4772,台特化,其他化學,255.0,0.3937007874015741,165335113.175,True,1.7429193899782136,89.78102189781022,272.73,2026-06-01,False,100.0,-3.5916824196597354,0.04585539041299148,67.81914893617021,31.383333333333354,98.8162344983089,45.997745208568205,66.29086809470124,27.17023675310034,91.0935738444194,65.87373167981961,97.28506787330316,69.31844847903605
6477,安集,光電及I/O,34.8,1.6058394160583855,165287598.21,True,97.07681849082257,5.57398805573988,-10.45,2026-06-01,False,9.722222222222223,-15.121951219512203,0.00334870494487265,76.1487964989059,-14.206666666666667,8.90642615558061,9.131905298759865,46.56144306651635,50.05636978579482,13.528748590755354,25.6369785794814,7.126696832579185,39.23939686879869
9945,潤泰新,建設,27.1,-0.367647058823517,163974958.9575,True,45.995670995671,52.42203052422031,29.57,2026-06-01,False,39.6551724137931,0.9310986964618249,0.16621346653129254,84.82003129890454,-23.879999999999995,40.24802705749718,66.62908680947012,92.44644870349494,70.68771138669673,8.004509582863585,55.603156708004505,56.90045248868778,50.3017760308529
2466,冠西電,光電及I/O,92.6,-1.4893617021276673,162991755.62,True,19.687964338781576,73.12541473125414,53.03,2026-06-01,False,70.83333333333334,-23.471074380165295,-0.028818128937406273,75.90163934426229,55.50666666666667,72.26606538895152,2.367531003382187,28.29763246899662,49.379932356257044,96.05411499436303,49.67305524239008,77.82805429864254,74.27663026011723
2329,華泰,半導體,44.6,-0.22371364653244186,160752822.58499998,True,49.93694829760403,48.971466489714665,3.62,2026-06-01,False,64.61538461538461,-8.886618998978552,-0.04294237580644807,63.805436337625174,-0.4233333333333329,65.38895152198421,24.91544532130778,22.435174746335964,18.1510710259301,34.72378804960542,33.122886133032694,21.266968325791854,44.972886388099596
1727,中華化,其他化學,76.4,-3.656998738965944,160605985.36,True,77.14819427148194,26.940942269409422,19.24,2026-06-01,False,25.0,-16.043956043956037,0.015945674838118953,73.11004784688996,-4.219999999999999,25.25366403607666,7.891770011273957,53.66403607666291,41.713641488162345,25.25366403607666,30.755355129650507,44.230769230769226,50.82657618593357
2727,王品,餐飲飯店,230.5,-1.4957264957264904,159999721.75,True,1.1242973141786383,90.87591240875912,16.59,2026-06-01,False,84.61538461538461,7.209302325581396,0.2884608360630599,92.570281124498,1.6766666666666676,85.1183765501691,81.96166854565952,99.32356257046223,87.9368658399098,41.37542277339346,79.14317925591881,41.06334841628959,58.03923056517725
1210,大成,油脂飼料,52.4,-1.132075471698113,159590934.295,True,20.346320346320347,72.72727272727273,12.17,2026-06-01,False,66.66666666666666,-10.732538330494044,-0.06935458079267816,89.1156462585034,3.286666666666667,68.1510710259301,18.82750845546787,14.994363021420517,80.38331454340474,47.91431792559188,46.05411499436302,33.4841628959276,65.79776000244864
4707,磐亞,清潔劑,32.45,-1.6666666666666607,159579813.2875,True,98.21428571428571,3.948241539482415,30.81,2026-06-01,False,20.0,-27.888888888888886,-0.021195516887057415,72.11111111111111,38.58,20.293122886133034,0.5636978579481398,31.905298759864714,38.78241262683202,93.23562570462232,36.956031567080046,58.82352941176471,54.33384176669541
3029,零壹,資訊服務,111.5,2.764976958525356,158894041.155,True,71.75324675324676,31.851360318513606,13.58,2026-06-01,False,11.11111111111111,6.698564593301436,0.15415723182535865,87.45098039215686,-4.813333333333334,10.146561443066517,80.27057497181511,91.20631341600902,75.53551296505073,24.126268320180383,56.25704622322435,35.18099547511312,35.148123727853815
1709,和益,清潔劑,30.65,9.464285714285703,154914054.36499998,True,83.82034632034632,20.670205706702056,70.14,2026-06-01,False,40.0,12.683823529411761,0.06365211511881708,100.0,43.870000000000005,40.7553551296505,89.40248027057497,71.70236753100339,98.98534385569336,94.13754227733935,78.9966178128523,84.72850678733032,58.7666813755248
5471,松翰,半導體,58.1,3.380782918149472,154466814.70999998,True,67.53246753246754,34.80424684804247,47.67,2026-06-01,False,48.46153846153846,-3.3277870216306153,-0.0687197290706852,85.94674556213019,14.20666666666667,49.04171364148816,47.12514092446449,15.332581736189402,72.6042841037204,75.87373167981961,51.99549041713641,73.86877828054298,62.09740877532176
6937,天虹,電子設備,293.5,0.6861063464836947,153636022.9,True,82.04334365325077,22.561380225613803,64.17,2026-06-01,False,41.333333333333336,1.733102253032929,0.09606975248434474,83.49928876244665,28.663333333333334,41.9391206313416,68.9966178128523,81.8489289740699,67.98196166854565,90.19165727170237,70.19165727170237,82.46606334841628,55.847631958862806
1609,大亞,電纜,37.75,0.13262599469494596,153239165.05,True,55.24891774891775,44.724618447246186,22.67,2026-06-01,False,27.27272727272727,-2.2020725388601075,0.018727725047536083,79.80972515856237,2.3766666666666687,27.677564825253665,52.08568207440811,55.69334836527621,58.962795941375425,44.193912063134164,47.72266065388951,48.64253393665158,45.79930315721814
1736,喬山,家電製品,140.5,1.0791366906474753,152859414.45,True,1.2173913043478262,90.64366290643663,14.49,2026-06-01,False,88.88888888888889,8.914728682170542,0.07363759972395191,76.775956284153,6.9799999999999995,88.61330326944757,85.456595264938,75.19729425028186,51.18376550169109,61.44306651634723,72.37880496054115,36.87782805429865,47.804575390124825
2355,敬鵬,印刷電路板,43.1,0.7009345794392718,149167701.0025,True,38.56502242152467,58.32780358327804,4.44,2026-06-01,False,88.63636363636364,-7.510729613733905,0.04802425196539612,64.32835820895522,0.04999999999999982,88.04960541149943,29.650507328072152,66.96730552423901,18.940248027057496,36.18940248027058,47.95941375422773,22.058823529411764,49.849542409974134
3515,華擎,電腦及週邊,236.0,5.122494432071267,147979190.6,True,40.0974025974026,57.531519575315194,47.6,2026-06-01,False,68.42105263157895,13.734939759036143,0.10856708295406345,69.92592592592592,52.74,70.01127395715896,90.75535512965051,84.21645997745209,33.370913190529876,95.71589627959413,74.81397970687712,73.7556561085973,46.595622031658905
2540,愛山林,建設,44.8,0.6741573033707704,146813928.28500003,True,95.67099567099568,8.195089581950896,-49.07,2026-06-01,False,3.4482758620689653,-17.495395948434624,0.027564411855184615,52.45901639344262,3.2433333333333323,2.142051860202931,6.6516347237880495,58.73731679819617,4.058624577226606,47.463359639233374,23.810597519729427,1.244343891402715,25.198346401261052
5469,瀚宇博,印刷電路板,76.9,0.26075619295957697,145236765.38499996,True,89.12337662337663,15.958858659588588,15.36,2026-06-01,False,43.18181818181818,5.054644808743173,-0.007967487495910126,68.96860986547085,7.023333333333333,43.51747463359639,77.45208568207441,38.331454340473506,30.89064261555806,61.668545659526494,50.372040586245774,38.12217194570135,33.769550878195346
6432,今展科,電子零組件,78.0,5.405405405405395,145147523.605,True,78.24675324675324,26.144658261446587,18.87,2026-06-01,False,43.333333333333336,6.8493150684931505,0.03855444953918974,89.75834292289989,1.2633333333333319,43.63021420518602,80.83427282976324,63.35963923337091,81.62344983089064,39.79706877113867,61.84892897406989,43.665158371040725,47.02113739433854
4739,康普,其他化學,87.5,0.5747126436781658,143187209.63,True,5.028901734104046,84.80424684804247,113.79,2026-06-01,False,81.25,-3.207964601769918,0.025371256827302763,67.3076923076923,-3.203333333333333,82.07440811724915,47.80157835400225,58.060879368658405,25.93010146561443,28.18489289740699,48.41037204058624,91.8552036199095,63.01453371219271
6613,朋億*,電子設備,270.5,1.5009380863039379,143110884.825,True,95.23809523809523,9.124087591240876,120.45,2026-06-01,False,16.666666666666664,-25.89041095890411,-0.16499665384990994,69.35897435897435,42.78666666666666,16.629086809470124,1.4656144306651635,3.0439684329199546,31.79255918827508,93.91206313416009,29.36865839909808,92.42081447963801,59.84421151167951
3592,瑞鼎,半導體,235.5,-1.0504201680672232,142252075.075,True,63.52201257861635,37.757133377571336,18.59,2026-06-01,False,53.84615384615385,-4.2682926829268295,0.010761938778946984,77.98013245033113,1.913333333333334,54.56595264937994,42.728297632469,50.3945885005637,54.45321307779031,42.05186020293123,48.838782412626834,43.32579185520362,52.404164987476214
7822,倍利科,電子設備,892.0,1.3636363636363669,142247000.05,True,1.0638297872340425,91.24087591240875,50.72,2026-06-01,False,97.33333333333334,-7.372793354101765,0.03890350649595713,48.87671232876713,-18.78,96.22322435174746,30.101465614430666,63.47237880496054,2.931228861330327,10.597519729425029,40.66516347237881,76.35746606334841,61.352613415498894
2061,風青,電纜,56.3,-9.920000000000007,139832425.91,True,56.64845173041895,43.861977438619775,31.46,2026-06-01,False,18.181818181818183,-10.634920634920638,-0.015240713966778535,67.83132530120481,13.573333333333334,18.376550169109358,19.39120631341601,34.72378804960542,27.28297632468997,74.85907553551297,34.92671927846675,59.38914027149321,46.414365112969136
5284,jpp-KY,電子零組件,300.5,0.33388981636059967,137519576.25,True,69.43972835314092,33.51028533510285,32.06,2026-06-01,False,53.333333333333336,0.333889816360601,0.0011942570439174875,65.32608695652173,-11.283333333333331,54.227733934611045,64.14881623449831,45.20856820744081,21.08229988726043,15.107102593010147,39.95490417136415,60.12443438914027,42.82141299412835
3689,湧德,電子零組件,111.5,0.9049773755656076,135698391.60999998,True,36.79653679653679,60.053085600530856,72.66,2026-06-01,False,81.33333333333333,-2.6200873362445414,-0.07685213049724342,78.52112676056338,26.946666666666665,82.24351747463359,50.05636978579482,13.077790304396844,55.46786922209696,89.28974069898534,58.02705749718151,85.40723981900452,68.26556418248506
3594,磐儀,電腦及週邊,55.6,-1.9400352733686121,135455679.77749997,True,47.87297783103655,50.96217650962177,43.85,2026-06-01,False,56.14035087719298,6.71785028790787,0.07670909945999624,92.66666666666666,-5.313333333333333,56.82074408117249,80.38331454340474,76.09921082299887,88.2750845546787,22.77339346110485,64.87034949267192,70.81447963800905,58.881748432613875
2633,台灣高鐵,陸運,25.95,0.5813953488372103,134092361.0,True,12.283549783549784,79.76111479761114,2.77,2026-06-01,False,79.66555183946488,-0.7648183556405327,-0.04279799524642227,90.41811846689896,-1.4033333333333329,80.15783540022548,59.864712514092446,22.66065388951522,83.20180383314543,32.01803833145434,55.58060879368659,19.79638009049774,55.82282670244405
6788,華景電,電子設備,363.5,0.0,129702699.2,True,61.200338123415044,40.14598540145985,6.32,2026-06-01,False,70.66666666666667,-5.338541666666666,0.06449355719036749,69.50286806883366,-4.546666666666667,71.87147688838782,36.865839909808344,72.26606538895152,32.2435174746336,24.577226606538897,47.56482525366403,24.773755656108598,48.00572752733042
2646,星宇航空,空運,20.4,-0.7299270072992803,129039537.1125,True,63.38672768878718,37.88984737889847,40.81,2026-06-01,False,37.92642140468227,-5.336426914153142,0.028661157914287076,77.86259541984732,3.4366666666666674,38.55693348365276,36.97857948139797,59.75197294250282,53.66403607666291,48.365276211950395,47.463359639233374,68.77828054298642,56.00516765547603
8070,長華*,電子通路,48.95,0.5133470225872738,128925771.97000003,True,94.02498642042369,10.617120106171201,32.82,2026-06-01,False,11.320754716981133,-4.39453125,-0.018313583161038385,74.96171516079633,3.716666666666665,10.4847801578354,42.27733934611049,32.91995490417137,46.44870349492672,49.71815107102593,36.36978579481398,61.19909502262444,43.963809832319015
3028,增你強,電子通路,69.3,-0.5738880918221057,127723078.455,True,20.454545454545457,72.52820172528202,65.62,2026-06-01,False,79.24528301886792,-5.198358413132691,-0.112333498239747,82.10900473933648,-25.85666666666667,79.70687711386697,37.767756482525364,6.200676437429538,65.38895152198421,7.666290868094701,39.346110484780155,82.9185520361991,72.56165604738122
4760,勤凱,電子零組件,283.0,9.902912621359228,127638749.575,True,72.84841754580789,30.98871930988719,64.8,2026-06-01,False,50.66666666666667,2.722323049001815,0.05965434646190123,60.470085470085465,0.5633333333333326,51.57835400225479,72.49154453213077,70.5749718151071,12.514092446448705,37.767756482525364,48.98534385569335,82.6923076923077,43.5733024022201
3416,融程電,電腦及週邊,188.0,0.2666666666666595,127558859.525,True,76.62337662337663,27.37226277372263,24.3,2026-06-01,False,28.07017543859649,9.30232558139535,0.1535782235377392,92.61083743842364,-20.05,28.635851183765503,85.9075535512965,90.98083427282975,88.16234498308907,9.808342728297632,60.69898534385569,50.0,45.22266065388952
2915,潤泰全,百貨批發,54.1,-0.7339449541284404,127510896.255,True,25.324675324675322,68.21499668214996,12.84,2026-06-01,False,47.61904761904761,2.4621212121212204,0.1725570403370357,96.26334519572953,22.96333333333333,48.19616685456595,71.36414881623449,93.34836527621195,93.79932356257046,86.92220969560316,78.7260428410372,34.502262443438916,51.28340101108521
2845,遠東銀,本國銀行,13.2,0.7633587786259444,126666058.50999999,True,85.11904761904762,19.84074319840743,20.15,2026-06-01,False,11.11111111111111,-2.583025830258313,0.12486853341113238,93.95017793594305,-4.456666666666667,10.146561443066517,50.732807215332585,87.82412626832019,90.64261555806088,24.80270574971815,52.82976324689967,45.36199095022624,48.85459018400526
6155,鈞寶,電子零組件,63.5,8.732876712328764,126445358.97,True,64.82683982683982,36.36363636363637,47.94,2026-06-01,False,59.333333333333336,-4.940119760479038,0.0030521486272399455,64.46700507614213,12.403333333333329,60.42841037204059,39.00789177001127,46.22322435174747,19.27846674182638,73.28072153325817,47.64374295377677,74.15158371040724,53.71264226356573
6664,群翊,電子設備,358.5,-2.182810368349253,124913407.975,True,94.75108225108225,9.82083609820836,19.32,2026-06-01,False,18.666666666666668,-8.076923076923077,-0.0012155519695240292,74.6875,7.020000000000001,18.82750845546787,27.17023675310034,43.291995490417136,45.43404735062006,61.55580608793687,39.25591882750846,44.34389140271493,45.35880261392563
3289,宜特,檢測驗證,141.5,0.7117437722419906,124350988.85,True,89.7196261682243,15.262110152621103,-1.56,2026-06-01,False,40.0,-11.838006230529595,0.056865561829335456,67.2209026128266,0.14666666666666628,40.7553551296505,15.670800450958286,70.01127395715896,25.70462232243517,36.41488162344983,37.71138669673055,14.93212669683258,41.43032592448999
3013,晟銘電,電子零組件,87.0,0.34602076124568004,123803147.6,True,24.22077922077922,69.34306569343066,26.51,2026-06-01,False,88.0,-9.844559585492227,0.07117491925637344,62.142857142857146,3.5500000000000043,87.71138669673056,21.98421645997745,74.29537767756483,14.881623449830892,48.81623449830891,49.53776775648252,52.71493212669684,58.330931453320204
3010,華立,電子通路,131.0,-1.132075471698113,123514704.725,True,84.7943722943723,20.039814200398144,13.92,2026-06-01,False,18.867924528301888,11.48936170212766,0.09306503390068399,92.25352112676056,-4.3100000000000005,18.940248027057496,88.7260428410372,80.38331454340474,87.14768883878241,25.02818489289741,60.04509582863585,35.52036199095023,38.220564003938236
1434,福懋,成衣,17.6,-0.5649717514124131,123208130.66000001,True,45.77922077922078,52.687458526874586,-1.45,2026-06-01,False,47.61904761904761,-9.511568123393307,-0.05181148934968309,90.02557544757033,-1.1366666666666665,48.19616685456595,23.337091319052988,19.39120631341601,82.18714768883878,33.03269447576099,41.22886133032695,15.04524886877828,55.5228680232825
2439,美律,消費性電子,81.5,0.4932182490752224,121145573.65,True,47.72727272727273,51.16124751161247,0.15,2026-06-01,False,57.89473684210527,-5.011655011655009,-0.18565230365328741,67.91666666666667,-1.3266666666666667,58.906426155580604,38.66967305524239,2.029312288613303,27.846674182638104,32.35625704622323,31.961668545659524,17.36425339366516,41.36192016916037
2328,廣宇,電子零組件,46.3,-0.43010752688172893,120425225.54750001,True,99.94588744588745,0.26542800265428,-0.74,2026-06-01,False,0.6666666666666667,-6.180344478216828,0.035341345149685344,74.6774193548387,4.680000000000001,0.11273957158962795,34.61104847801578,62.119503945885,45.32130777903044,53.10033821871477,39.05298759864712,16.402714932126695,31.806428451182743
5864,致和證,證券,33.9,1.3452914798206095,117387819.3625,True,0.3380662609871535,93.76244193762442,107.08,2026-06-01,False,100.0,-5.963938973647708,-0.03179172001888775,63.24626865671641,-724.4033333333332,98.8162344983089,35.28748590755355,26.832018038331455,17.249154453213077,0.9019165727170236,35.8173618940248,91.51583710407239,68.0734350370102
1722,台肥,藥,45.65,-0.9761388286334105,117246013.9625,True,99.78354978354979,1.7584605175846053,-10.47,2026-06-01,False,3.260869565217391,-4.497907949790792,0.017163594009279033,84.2250922509225,-9.423333333333334,1.9729425028184893,41.37542277339346,54.67869222096956,69.44757609921083,17.023675310033823,36.89966178128524,6.900452488687783,34.23638707933091
6215,和椿,電子設備,107.0,2.392344497607657,116699708.49000001,True,67.15367965367966,34.9701393497014,30.49,2026-06-01,False,65.33333333333333,0.9433962264150944,0.015948243289101834,69.25566343042071,-21.26,66.23449830890642,66.74182638105975,53.77677564825254,31.679819616685457,9.244644870349493,45.535512965050735,58.371040723981906,47.38588306712851
3526,凡甲,電子零組件,288.0,-0.17331022530329143,116601938.35,True,61.68831168831169,39.615129396151296,29.72,2026-06-01,False,66.0,-7.84,-0.27554619024682225,72.9113924050633,-0.9833333333333343,66.85456595264938,27.959413754227736,0.4509582863585118,41.48816234498309,33.59639233370913,34.06989853438557,57.07013574660633,59.363362572502766
2401,凌陽,半導體,27.2,-1.8050541516245522,116138414.54749998,True,92.81364190012181,12.01061712010617,35.25,2026-06-01,False,20.0,-9.333333333333336,-0.048833023098022135,77.93696275071633,9.239999999999998,20.293122886133034,23.675310033821873,20.856820744081173,54.002254791431795,66.74182638105975,37.113866967305526,64.14027149321268,53.690084784238906
5243,乙盛-KY,電子零組件,91.4,0.0,116115084.87000003,True,59.19913419913419,41.207697412076975,38.27,2026-06-01,False,67.33333333333333,-4.791666666666661,0.05387272677119344,67.70370370370371,29.560000000000002,69.33483652762119,39.57158962795941,69.33483652762119,26.944757609921083,90.52987598647125,59.143179255918824,67.19457013574662,55.97564366133237
6517,保勝光學,消費性電子,63.7,1.1111111111111072,115328541.01499999,True,95.46998867497169,8.560053085600531,6.14,2026-06-01,False,10.526315789473683,-10.281690140845066,0.017053719916503726,77.58830694275275,22.126666666666665,9.413754227733936,21.307779030439683,54.56595264937994,52.87485907553551,85.9075535512965,44.81397970687711,24.547511312217193,41.38208639626174
1229,聯華,油脂飼料,41.3,-0.48192771084337727,114028478.49750002,True,24.025974025974026,69.4757796947578,-52.01,2026-06-01,False,55.55555555555556,-0.36188178528348774,0.017180269612952766,81.94444444444444,-16.593333333333334,56.20067643742954,61.55580608793687,54.904171364148816,64.71251409244645,11.61217587373168,49.79706877113867,1.1312217194570136,40.12215154034904
3645,達邁,印刷電路板,69.7,-2.1067415730337102,113920161.425,True,49.643551523007126,49.30325149303251,2.7,2026-06-01,False,79.54545454545455,-7.559681697612736,0.09045804462028864,59.319148936170215,-3.5566666666666666,80.04509582863585,29.537767756482523,80.04509582863585,11.161217587373168,26.832018038331455,45.52423900789177,19.570135746606336,45.309670351533214
6284,佳邦,電子零組件,81.6,2.9003783102143688,113685966.475,True,81.43939393939394,23.09223623092236,6.58,2026-06-01,False,39.33333333333333,-8.10810810810811,0.05075197167933252,65.80645161290322,12.003333333333334,40.135287485907554,27.05749718151071,68.0947012401353,22.096956031567082,72.6042841037204,45.99774520856821,25.678733031674206,40.21336984190953
5309,系統電,汽車組件,55.6,-0.7142857142857117,113572355.9625,True,92.20779220779221,12.47511612475116,4.19,2026-06-01,False,13.88888888888889,-4.137931034482756,0.004554228629535251,67.97066014669927,-4.853333333333333,13.697857948139797,43.404735062006765,46.89966178128523,28.07215332581736,23.900789177001126,31.195039458850054,21.832579185520363,30.04946384936769
6190,萬泰科,電子零組件,68.2,-0.8720930232558044,113307763.73999998,True,90.74675324675324,14.53218314532183,28.78,2026-06-01,False,25.333333333333336,-9.308510638297872,0.038017021138316294,74.1304347826087,-4.079999999999998,25.64825253664036,24.01352874859076,63.246899661781285,43.74295377677565,25.70462232243517,36.471251409244644,56.10859728506787,50.37156871247328
1773,勝一,其他化學,160.5,-0.31055900621117516,111973110.75,True,58.82034632034632,41.904445919044456,20.49,2026-06-01,False,37.5,-11.570247933884298,-0.21907059960681613,82.3076923076923,-6.406666666666666,38.049605411499435,17.36189402480271,1.2401352874859075,65.61443066516347,20.180383314543406,28.489289740698986,45.92760180995475,58.057435965453735
6933,AMAX-KY,電腦及週邊,197.5,1.8041237113401998,111719461.825,True,26.865671641791046,67.21964167219642,26.6,2026-06-01,False,80.7017543859649,22.291021671826623,0.045568797218860035,86.24454148471615,-23.383333333333326,81.28523111612176,96.27959413754228,66.06538895152198,73.95715896279594,8.229988726042842,65.16347237880495,53.11085972850679,53.01841391747055
2362,藍天,電腦及週邊,47.9,-2.0449897750511203,111108134.94250003,True,0.10822510822510822,95.3550099535501,30.25,2026-06-01,False,98.24561403508771,12.971698113207546,0.1354074662159985,92.29287090558766,13.166666666666668,96.84329199549042,89.85343855693348,88.7260428410372,87.26042841037204,74.06989853438557,87.35062006764375,58.2579185520362,63.12705010024129
1215,卜蜂,油脂飼料,107.5,-0.9216589861751112,110981547.7,True,18.12770562770563,74.71798274717982,8.69,2026-06-01,False,77.77777777777779,-4.444444444444445,-0.035087047695624075,65.74923547400611,6.216666666666667,77.95941375422774,42.16459977452086,26.268320180383313,21.98421645997745,58.73731679819617,45.42277339346111,28.846153846153843,46.65629607145954
3551,世禾,電子設備,179.5,0.0,109497643.9,True,75.75757575757575,28.201725282017254,26.06,2026-06-01,False,56.00000000000001,-15.727699530516432,-0.07390060773566398,79.77777777777779,6.196666666666665,56.708004509582864,8.229988726042842,14.092446448703495,58.8500563697858,58.62457722660653,39.30101465614431,52.26244343891403,64.89762889805996
5498,凱崴,印刷電路板,53.3,-3.4420289855072617,109460541.93500002,True,93.98186314921682,10.74983410749834,80.28,2026-06-01,False,29.545454545454547,-1.2962962962963016,0.08601265078784479,64.13959085439231,6.533333333333346,29.537767756482523,57.271702367531006,78.46674182638105,18.376550169109358,60.31567080045096,48.793686583990976,87.33031674208145,44.493233075035576
4583,台灣精銳,機械,512.0,3.0181086519114775,107049659.25,True,55.49132947976878,44.39283344392834,29.98,2026-06-01,False,58.333333333333336,-15.091210613598674,0.2750711067966884,62.97662976629766,6.006666666666668,59.35738444193912,9.357384441939121,98.87260428410372,16.1217587373168,57.94813979706878,48.33145434047351,57.86199095022625,55.99593742188577
6279,胡連,汽車組件,129.5,-0.7662835249042099,106324780.275,True,5.952380952380952,84.2733908427339,41.2,2026-06-01,False,94.44444444444444,8.368200836820083,0.2464481455427848,86.04651162790698,13.993333333333336,93.34836527621195,84.21645997745209,97.51972942502819,72.94250281848929,75.08455467869221,84.62232243517474,69.11764705882352,62.798013794018175
4766,南寶,樹脂,340.0,-1.0189228529839833,106031109.25,True,40.692640692640694,56.8679495686795,12.82,2026-06-01,False,57.14285714285714,0.2949852507374631,0.006525360302676118,77.53705815279362,-0.5566666666666666,58.060879368658405,63.923337091319056,48.02705749718152,52.76211950394588,34.160090191657275,51.38669673055242,34.38914027149321,45.322200513194616
4961,天鈺,半導體,168.5,-2.6011560693641633,104309108.4,True,74.56709956709958,29.06436629064366,24.76,2026-06-01,False,41.53846153846154,0.2976190476190476,0.2055395107881185,91.32791327913279,17.59,42.05186020293123,64.03607666290868,95.71589627959413,84.6674182638106,80.72153325817362,73.43855693348365,50.56561085972851,53.31220316589042
3694,海華,通信網路,53.3,0.1879699248120259,103822260.625,True,35.273972602739725,61.57929661579297,-4.76,2026-06-01,False,73.07692307692307,-17.23602484472051,-0.06440930644095022,51.24999999999999,1.083333333333334,74.23900789177002,7.1025930101465615,16.00901916572717,3.3821871476888385,39.45885005636979,28.038331454340476,11.595022624434389,45.52840616343667
2206,三陽工業,機車船製造,60.9,0.164473684210531,101492160.94500001,True,42.316017316017316,55.60716655607166,-13.38,2026-06-01,False,50.0,-5.140186915887856,0.1006966331729912,91.30434782608695,-3.876666666666667,50.56369785794814,37.99323562570463,82.63810597519729,84.44193912063133,25.93010146561443,56.31341600901917,5.656108597285068,50.66712748753997
2402,毅嘉,印刷電路板,55.3,-2.4691358024691468,99837526.405,True,81.0840108401084,23.357664233576642,21.7,2026-06-01,False,61.36363636363637,-12.638230647709323,-0.02475235279072172,71.17117117117117,4.876666666666665,62.68320180383314,13.979706877113868,30.214205186020294,36.41488162344983,53.88951521984217,39.436302142051865,47.39819004524887,58.12914164885449
3217,優群,電子零組件,142.0,-4.054054054054057,99378114.425,True,9.253246753246753,82.01725282017253,2.42,2026-06-01,False,96.0,-8.38709677419355,-0.16982960793748225,68.59903381642512,11.92,94.98308906426156,26.268320180383313,2.818489289740699,30.101465614430666,72.37880496054116,45.31003382187148,19.230769230769234,54.51175093226954
2889,國票金,金融控股,15.55,2.3026315789473673,99079138.03000002,True,58.387445887445885,42.203052422030524,100.04,2026-06-01,False,84.61538461538461,-1.8927444794952615,-0.008867084188798452,88.35227272727273,-1196.24,85.1183765501691,54.11499436302142,38.21871476888388,78.12852311161218,0.6764374295377678,51.25140924464487,90.27149321266968,74.85084962785739
3317,尼克森,半導體,70.6,1.1461318051575908,97778315.455,True,96.53679653679653,6.569343065693431,16.07,2026-06-01,False,10.0,-23.009814612868055,0.043802196045336785,66.91943127962084,11.469999999999999,9.07553551296505,2.593010146561443,65.50169109357384,24.80270574971815,71.36414881623449,34.667418263810596,39.762443438914026,42.76191863875894
3402,漢科,電子設備,128.0,-0.3891050583657574,97612232.85,True,89.55627705627705,15.428002654280027,29.9,2026-06-01,False,25.333333333333336,-18.210862619808307,-0.16748239754376615,81.0126582278481,7.363333333333333,25.64825253664036,5.975197294250282,2.931228861330327,62.344983089064264,62.45772266065389,31.871476888387825,57.692307692307686,59.92758650594051
4585,達明,機器人,309.5,-0.4823151125401881,97420916.375,True,0.0,98.27471798274718,41.88,2026-06-01,False,98.2943143812709,-4.4753086419753085,1.693001562486533e-05,38.6875,13.466666666666665,96.95603156708005,41.60090191657272,44.081172491544535,0.6764374295377678,74.74633596392334,51.61217587373168,69.57013574660633,56.40042570666285
8227,巨有科技,半導體,157.5,-0.9433962264150941,96960866.925,True,2.0454545454545454,88.98473788984738,88.44,2026-06-01,False,94.61538461538461,-3.374233128834356,-0.054255506787889374,63.25301204819277,-35.25,93.57384441939121,46.89966178128523,19.052987598647125,17.36189402480271,5.411499436302142,36.45997745208568,88.80090497737557,63.20924541007107
6416,瑞祺電通,電腦及週邊,97.8,-2.200000000000002,96049431.33,True,46.320346320346324,52.35567352355673,58.62,2026-06-01,False,59.64912280701754,3.055848261327704,0.07729827213384412,91.83098591549296,36.00666666666666,60.54114994363021,73.50620067643743,76.2119503945885,85.9075535512965,92.67192784667418,77.76775648252537,80.09049773755656,63.25825013901146
3209,全科,電子通路,56.0,0.9009009009008917,96017252.51500002,True,91.66666666666666,13.404114134041142,170.41,2026-06-01,False,15.09433962264151,-6.666666666666667,-0.04853110438121715,68.7960687960688,74.96,15.219842164599775,33.03269447576099,21.08229988726043,30.552423900789176,96.61781285231116,39.30101465614431,95.24886877828054,51.99711009197712
3617,碩天,電子零組件,238.0,1.2765957446808418,95990657.275,True,15.954415954415953,76.90776376907765,25.6,2026-06-01,False,94.0,11.475409836065573,0.11028992212549449,92.78752436647173,9.496666666666666,92.89740698985344,88.61330326944757,84.6674182638106,88.95152198421647,67.41826381059752,84.50958286358511,51.58371040723983,61.204834027965546
2515,中工,營造,12.0,0.4184100418409997,95588642.34,True,33.00865800865801,62.64100862641009,-14.32,2026-06-01,False,26.666666666666668,-7.6923076923076925,-0.09957318438831496,65.57377049180327,-46.123333333333335,27.113866967305523,28.804960541149942,8.455467869222097,21.645997745208568,4.6223224351747465,18.128523111612175,5.316742081447964,31.31791156320303
4123,晟德,藥,34.7,-1.1396011396011319,94599071.9675,True,83.94024276377218,20.437956204379564,2.93,2026-06-01,False,13.043478260869565,-8.684210526315782,0.014956913857748945,70.31408308004053,-10.186666666666667,12.288613303269448,25.47914317925592,52.98759864712515,33.82187147688839,16.459977452085685,28.207440811724922,20.02262443438914,35.163491508822766
6670,復盛應用,其他,267.0,1.1363636363636465,93610382.625,True,43.073593073593074,55.00995355009953,7.85,2026-06-01,False,45.83333333333333,1.520912547528517,0.09575715822136975,88.85191347753744,-15.083333333333334,46.50507328072153,68.43291995490416,81.62344983089064,79.70687711386697,12.73957158962796,57.80157835400225,27.828054298642535,46.40177118458172
4743,合一,藥,47.95,2.347918890074707,93487467.0325,True,47.48010610079575,51.49303251493033,26.46,2026-06-01,False,34.78260869565217,-4.67196819085486,-0.11600421624788046,61.08280254777071,-16.923333333333332,35.11837655016911,40.135287485907554,5.749718151071026,13.416009019165728,11.499436302142051,21.18376550169109,52.60180995475113,40.2502270095446
6757,台灣虎航,空運,54.4,-2.333931777378817,92257606.61,True,7.957957957957958,83.14532183145322,27.12,2026-06-01,False,83.07692307692308,-6.0449050086355784,-0.07288552871545406,61.88850967007963,2.0166666666666657,83.8782412626832,34.94926719278467,14.430665163472378,14.768883878241262,42.84103720405862,38.173618940248026,54.75113122171946,54.612247292464815
5234,達興材料,光電及I/O,335.5,-0.592592592592589,92188575.75,True,80.51948051948052,24.02123424021234,21.77,2026-06-01,False,30.555555555555557,-7.829670329670329,-0.13290165863659087,72.61904761904762,10.176666666666666,30.270574971815105,28.07215332581736,4.8478015783540025,40.24802705749718,68.65839909808342,34.41939120631341,47.62443438914027,47.5177207731588
3709,鑫聯大投控,電子通路,71.6,0.561797752808979,91992947.39499998,True,2.326839826839827,88.52023888520239,72.07,2026-06-01,False,90.56603773584906,-8.205128205128212,-0.0298304451523114,77.07212055974165,44.513333333333335,89.96617812852311,26.719278466741827,27.846674182638104,51.97294250281848,94.3630214205186,58.173618940248026,85.29411764705883,75.12848995291465
1809,中釉,玻璃陶瓷,40.35,-0.8599508599508643,91777492.58,True,68.69328493647913,33.90842733908428,4.54,2026-06-01,False,33.33333333333333,-7.454128440366972,0.010655391512365964,67.70134228187919,6.256666666666667,33.370913190529876,29.988726042841034,49.943630214205186,26.832018038331455,58.962795941375425,39.819616685456594,22.511312217194572,38.18137935080372
2204,中華,汽車製造,51.2,-0.5825242718446533,91558476.89999999,True,10.923076923076923,81.02189781021897,6.71,2026-06-01,False,80.93645484949833,-11.571675302245243,-0.024052644408144214,80.0,4.243333333333334,81.62344983089064,17.249154453213077,30.43968432919955,59.75197294250282,51.40924464487034,48.09470124013529,25.904977375565615,62.5078114239365
3004,豐達科,機車船製造,128.0,1.5873015873015817,91000330.475,True,69.96610169491525,33.11214333112144,46.56,2026-06-01,False,16.666666666666664,-14.093959731543624,-0.028548896762063392,80.25078369905955,5.426666666666669,16.629086809470124,11.048478015783541,28.410372040586246,60.20293122886133,55.58060879368658,34.37429537767756,73.19004524886877,59.74339631785418
8255,朋程,電子零組件,152.0,2.7027027027026973,90931931.175,True,40.36796536796537,57.19973457199734,5.78,2026-06-01,False,79.33333333333333,-7.598784194528875,-0.007453097720581213,70.86247086247086,11.653333333333332,79.93235625704622,29.19954904171364,38.89515219842165,35.400225479143174,71.81510710259302,51.048478015783544,23.981900452488688,52.528733286741115
8436,大江,藥,122.5,-1.6064257028112428,90889086.2,True,22.78138528138528,70.73656270736562,-14.6,2026-06-01,False,52.17391304347826,6.0606060606060606,-0.10361289143511292,77.04402515723271,-11.153333333333332,52.8184892897407,79.25591882750845,8.004509582863585,51.634723788049605,15.332581736189402,41.409244644870356,5.203619909502263,32.60022853994603
2009,第一銅,基本金屬,39.7,-3.9903264812575556,89946802.94250001,True,18.308921438082557,74.65162574651626,15.46,2026-06-01,False,80.95238095238095,3.790849673202622,0.14910235524571458,72.31329690346084,1.8866666666666685,81.79255918827508,74.97181510710259,90.41713641488163,39.120631341600905,41.9391206313416,65.64825253664036,38.46153846153847,46.10072847107797
1563,巧新,汽車組件,63.0,-3.522205206738127,89010035.78,True,87.7959927140255,16.921035169210352,21.46,2026-06-01,False,16.666666666666664,-3.225806451612895,0.07869860073274704,88.73239436619718,6.146666666666668,16.629086809470124,47.68883878241263,76.43742953776776,79.36865839909808,58.511837655016905,55.7271702367531,47.05882352941176,48.841932488891835
9941,裕融,租賃,86.1,0.4667444574095514,88782584.965,True,12.121212121212121,79.96018579960186,-4.0,2026-06-01,False,79.86622073578596,2.2565320665083033,0.17174237770616368,79.35483870967741,-1.3000000000000003,80.27057497181511,70.34949267192785,93.1228861330327,58.060879368658405,32.46899661781285,66.85456595264938,12.104072398190045,45.02150851668392
9938,百和,其他紡織,42.15,-0.8235294117647118,87677338.53,True,36.74242424242424,60.11944260119443,21.21,2026-06-01,False,60.13377926421405,-9.549356223175971,-0.24279575531992023,69.78476821192054,14.043333333333333,61.55580608793687,23.22435174746336,0.7891770011273956,32.807215332581734,75.31003382187149,38.737316798196176,46.83257918552036,54.492812214643905
6861,睿生光電,醫療耗材,220.5,4.009433962264142,87676094.9,True,86.61800486618006,18.51360318513603,12.61,2026-06-01,False,8.333333333333332,-11.799999999999999,0.09616495037832834,47.72727272727273,-26.95666666666667,6.93348365276212,16.1217587373168,81.96166854565952,2.480270574971815,7.215332581736189,22.942502818489288,33.93665158371041,31.807161768531888
6412,群電,電子零組件,79.6,-0.25062656641604564,87282992.8,True,33.44155844155844,62.441937624419374,-0.77,2026-06-01,False,82.66666666666667,-4.670658682634738,-0.051374845981010366,74.74178403755867,6.843333333333334,83.25817361894025,40.24802705749718,19.503945885005635,45.5467869222097,61.21758737316798,49.95490417136415,16.233031674208146,51.197491289465226
3535,晶彩科,電子設備,92.3,-0.216216216216214,86264560.00999999,True,71.36678200692042,31.917717319177175,160.85,2026-06-01,False,62.66666666666667,-4.943357363542736,0.11939935230293129,62.15488215488215,-634.9433333333334,63.866967305524234,38.89515219842165,87.03494926719279,14.994363021420517,1.1273957158962795,41.1837655016911,94.90950226244344,58.71892009774164
6811,宏碁資訊,數位雲端,237.5,4.395604395604402,85661786.4,True,21.58273381294964,71.59920371599203,6.56,2026-06-01,False,47.82608695652174,3.938730853391685,0.09580929332927492,90.30418250950571,-13.88666666666667,48.59075535512965,75.19729425028186,81.73618940248028,82.86358511837655,13.641488162344984,60.40586245772268,25.452488687782804,45.42738372775179
4903,聯光通,通信網路,37.5,0.2673796791443861,83731158.3025,True,15.75984990619137,77.10683477106835,4.66,2026-06-01,False,82.6923076923077,-2.5974025974025974,0.009794817214365974,70.48872180451127,-20.279999999999998,83.42728297632469,50.28184892897407,49.49267192784668,34.04735062006765,9.695603156708005,45.388951521984225,22.737556561085974,47.48258530712606
5009,榮剛,基本金屬,32.9,-0.7541478129713397,83430843.17750001,True,49.67532467532468,49.23689449236895,12.93,2026-06-01,False,28.57142857142857,-5.865522174535061,-0.0765004567420609,81.94271481942714,7.766666666666667,28.91770011273957,35.51296505073281,13.19052987598647,64.59977452085683,63.134160090191656,41.07102593010146,34.61538461538461,48.154973549562044
1232,大統益,油脂飼料,154.5,-0.3225806451612856,82095857.15,True,6.331168831168831,83.90842733908427,16.3,2026-06-01,False,88.88888888888889,-4.62962962962963,-0.05431314884995234,91.69139465875371,6.526666666666667,88.61330326944757,40.47350620067644,18.940248027057496,85.68207440811724,60.20293122886133,58.78241262683203,40.44117647058824,68.56576198686915
6244,茂迪,光電及I/O,25.7,5.7613168724279795,81960856.61,True,68.19221967963387,34.17385534173855,65.82,2026-06-01,False,43.05555555555556,-3.0188679245283048,0.04918498758290359,70.79889807162535,26.919999999999995,43.291995490417136,48.59075535512965,67.53100338218715,35.062006764374296,89.17700112739571,56.73055242390079,83.1447963800905,53.227010819938066
3094,聯傑,半導體,38.8,5.722070844686633,81267189.2075,True,67.37012987012987,34.90378234903782,74.09,2026-06-01,False,49.23076923076923,-5.250305250305264,0.010477541895338623,85.74585635359115,36.64333333333334,49.379932356257044,37.429537767756486,49.83089064261556,72.15332581736189,92.78466741826381,60.31567080045096,86.19909502262443,67.57570385712172
2031,新光鋼,基本金屬,45.95,1.3230429988974723,81031432.1275,True,10.757946210268948,81.08825481088255,7.82,2026-06-01,False,83.33333333333334,13.597033374536464,0.16638267360169712,98.81720430107528,0.5166666666666684,84.16009019165726,90.64261555806088,92.55918827508455,96.61781285231116,37.429537767756486,80.28184892897407,27.714932126696834,54.4625549031511
6620,漢達,藥,80.8,1.6352201257861632,80574943.51,True,45.09803921568628,53.21831453218314,-21.75,2026-06-01,False,36.95652173913043,-9.619686800894863,-0.0396280871201754,53.68770764119601,23.26333333333333,37.54227733934611,22.66065388951522,24.577226606538897,5.411499436302142,87.26042841037204,35.490417136414884,3.619909502262444,30.97825809709887
1515,力山,家電製品,30.5,-2.400000000000002,80488675.2675,True,56.642903434867144,43.92833443928335,6.37,2026-06-01,False,27.77777777777778,-31.99554069119287,0.0018603109430267795,68.00445930880713,7.956666666666666,28.241262683201807,0.2254791431792559,45.32130777903044,28.29763246899662,63.58511837655016,33.134160090191656,25.0,45.3283540022548
3059,華晶科,消費性電子,40.75,-0.1225490196078316,79831529.33500001,True,37.44588744588744,59.5222295952223,3.02,2026-06-01,False,78.94736842105263,-7.909604519774012,0.10342467746045167,64.68253968253968,-3.563333333333333,79.31228861330327,27.50845546786922,83.0890642615558,19.729425028184895,26.719278466741827,47.271702367531006,20.475113122171944,48.00209282394772
4534,慶騰,機械,33.1,-3.2163742690058506,79024967.80250001,True,72.17194570135746,31.519575315195752,112.04,2026-06-01,False,33.33333333333333,-21.841794569067297,-0.06823224896819542,78.1582054309327,52.79666666666667,33.370913190529876,3.494926719278467,15.44532130777903,55.01691093573844,95.82863585118376,40.63134160090192,91.7420814479638,69.15874471373841
4770,上品,樹脂,224.0,0.22371364653244186,78395545.175,True,86.83274021352312,18.115461181154615,-6.95,2026-06-01,False,21.428571428571427,-1.1037527593818985,0.10596385064738777,70.21943573667711,-10.746666666666666,21.702367531003382,58.286358511837655,83.76550169109358,33.70913190529876,15.670800450958286,42.626832018038336,9.615384615384617,26.685131384962276
2211,長榮鋼,基本金屬,85.3,-2.6255707762557035,77081460.005,True,22.674865488086088,70.86927670869277,47.25,2026-06-01,False,76.19047619047619,-10.399159663865552,0.0046419851342324805,70.49586776859505,25.536666666666665,76.66290868094701,20.40586245772266,47.01240135287486,34.160090191657275,88.38782412626833,53.32581736189402,73.64253393665159,66.0149175878833
2495,普安,光電及I/O,39.7,-0.6257822277847325,76893363.91999999,True,30.367143746110763,64.69807564698075,40.29,2026-06-01,False,68.05555555555556,-6.807511737089198,0.04128430831830167,73.7918215613383,-14.446666666666673,69.7857948139797,32.46899661781285,64.03607666290868,42.95377677564825,13.416009019165728,44.53213077790304,68.43891402714932,62.177372249741104
5285,界霖,半導體,79.6,-1.4851485148514865,76812691.77499999,True,48.701298701298704,50.431320504313206,14.12,2026-06-01,False,66.92307692307692,-13.759479956663059,0.008255565900237983,72.36363636363636,-6.213333333333333,69.10935738444194,11.61217587373168,48.70349492671927,39.57158962795941,20.518602029312287,37.90304396843292,36.199095022624434,58.31696654032353
6245,立端,電腦及週邊,87.1,-1.0227272727272751,76501870.75,True,95.34632034632034,8.75912408759124,14.08,2026-06-01,False,8.771929824561402,8.06451612903226,0.12826093532407842,95.29540481400437,-5.803333333333333,7.666290868094701,83.54002254791432,88.04960541149943,92.78466741826381,21.53325817361894,58.71476888387824,35.85972850678733,38.192666061307875
6530,創威,通信網路,85.8,-1.9428571428571462,76482983.02,True,80.35714285714286,24.45255474452555,8.41,2026-06-01,False,38.46153846153847,15.167785234899325,-0.007233218585590547,64.26966292134831,-8.876666666666665,38.89515219842165,92.67192784667418,39.23337091319053,18.714768883878243,17.36189402480271,41.37542277339346,28.50678733031674,23.36119514148561
2072,世紀風電,基本金屬,151.5,0.3311258278145601,76287334.65,True,1.0416666666666665,91.30723291307234,101.11,2026-06-01,False,97.61904761904762,4.844290657439446,-0.04023094851064025,48.2484076433121,14.266666666666652,96.3923337091319,77.11386696730553,24.126268320180383,2.705749718151071,76.09921082299887,55.287485907553545,90.38461538461539,53.09220796114822
4105,東洋,藥,77.1,-0.2587322121604174,75941088.445,True,0.8116883116883116,92.16987392169874,15.28,2026-06-01,False,78.26086956521739,-2.033036848792895,-0.1319790098225472,89.33951332560835,5.413333333333332,78.63585118376551,53.213077790304396,4.96054114994363,80.83427282976324,55.46786922209696,54.62232243517475,37.89592760180995,61.03824345625857
6732,昇佳電子,半導體,156.5,0.0,75939162.925,True,49.3687707641196,49.767750497677504,-14.88,2026-06-01,False,65.38461538461539,-26.869158878504674,0.0001537383183534197,61.01364522417154,1.8400000000000016,66.45997745208568,1.2401352874859075,44.306651634723785,13.19052987598647,41.713641488162345,33.38218714768884,5.090497737556561,45.8752174445357
2201,裕隆,汽車製造,28.7,1.2345679012345512,75110943.76500002,True,79.85197368421053,25.016589250165893,-8.06,2026-06-01,False,24.949832775919734,-0.6920415224913471,0.06521275190556466,66.20530565167243,-5.696666666666667,24.91544532130778,60.31567080045096,72.6042841037204,22.886133032694474,21.871476888387825,40.51860202931229,8.936651583710407,24.105639784315425
6277,宏正,光電及I/O,84.2,7.1246819338422585,74254019.34,True,99.94588744588745,0.26542800265428,35.12,2026-06-01,False,1.3888888888888888,13.477088948787062,0.1550062371714229,100.0,16.173333333333332,0.5636978579481398,90.52987598647125,91.43179255918827,98.98534385569336,79.14317925591882,72.13077790304398,64.02714932126696,43.261578762109295
6174,安碁,電子零組件,47.5,7.832009080590252,74013154.5325,True,51.461038961038966,47.577969475779696,26.9,2026-06-01,False,74.66666666666667,-20.568561872909697,-0.001994887074291029,75.39682539682539,-2.0500000000000007,75.47914317925591,4.509582863585118,42.95377677564825,47.91431792559188,31.228861330326946,40.417136414881625,54.185520361990946,68.2673496508134
3213,茂訊,電腦及週邊,135.0,0.746268656716409,73703294.35,True,85.17316017316018,19.74120769741208,6.05,2026-06-01,False,19.298245614035086,7.142857142857142,0.11426123581099525,94.73684210526315,-30.186666666666664,19.616685456595263,81.56708004509584,85.456595264938,92.10822998872604,6.538895152198422,57.057497181510726,24.32126696832579,38.61977559213781
2527,宏璟,建設,45.8,-1.1866235167206085,73300783.07499999,True,41.517615176151764,56.07166556071665,365.12,2026-06-01,False,48.275862068965516,-7.56811301715439,-0.03887167682289036,90.69306930693068,245.64666666666665,48.92897406989854,29.4250281848929,24.91544532130778,83.54002254791432,99.09808342728297,57.1815107102593,98.30316742081448,75.33678396343362
5299,杰力,半導體,103.0,0.0,73079348.85499999,True,24.675324675324674,68.74585268745854,-4.2,2026-06-01,False,82.3076923076923,-2.3696682464454977,-0.03275365532031461,72.79151943462897,-3.43,82.97632468996618,51.747463359639234,26.606538895152198,41.1499436302142,27.50845546786922,45.99774520856821,11.990950226244344,46.09243879669638
6679,鈺太,半導體,213.0,0.4716981132075526,73073021.825,True,3.95703787450537,86.33045786330457,9.93,2026-06-01,False,92.3076923076923,-10.87866108786611,-0.009682319305396158,61.64978292329957,-1.0700000000000003,91.99549041713641,18.489289740698986,37.31679819616686,14.092446448703495,33.14543404735062,39.00789177001127,30.20361990950226,54.4505667586608
2504,國產,預拌混凝土,31.15,-0.1602564102564097,72668590.8075,True,16.612377850162865,76.50962176509621,-18.57,2026-06-01,False,76.52173913043478,-1.2678288431061875,0.010475145693459007,78.562421185372,-6.93,76.88838782412627,57.384441939120634,49.71815107102593,55.80608793686584,19.165727170236753,51.792559188275085,4.18552036199095,44.87388854596561
5522,遠雄,建設,62.1,-1.4285714285714235,71826193.465,True,3.896103896103896,86.59588586595885,2513.5,2026-06-01,False,87.93103448275862,-10.518731988472627,0.013673937033616114,75.54744525547446,1364.0166666666667,87.59864712514093,19.84216459977452,52.19842164599775,48.47801578354002,99.88726042841037,61.60090191657272,99.8868778280543,79.03034403424019
6782,視陽,醫療耗材,207.0,-0.24096385542168308,71545236.75,True,1.1160714285714286,90.97544790975448,45.95,2026-06-01,False,72.22222222222221,4.0201005025125625,0.1464890867407673,88.08510638297872,25.663333333333338,73.3934611048478,75.42277339346111,90.19165727170237,77.45208568207441,88.61330326944757,81.01465614430666,72.62443438914026,62.01180194565035
3003,健和興,電子零組件,69.3,-0.5738880918221057,70107973.27,True,99.72943722943724,2.18978102189781,36.15,2026-06-01,False,3.0,4.999999999999996,0.13076726588658075,98.29787234042553,-1.056666666666672,1.6347237880496055,77.33934611048478,88.38782412626833,96.27959413754228,33.25817361894025,59.37993235625705,64.87556561085974,46.36263435649171
6177,達麗,建設,47.35,-0.7337526205450806,69958517.53,True,7.511210762331838,83.4107498341075,1322.16,2026-06-01,False,82.75862068965517,-1.3541666666666639,-0.03780247200852434,85.16187050359713,743.4366666666667,83.65276211950395,56.93348365276212,25.25366403607666,71.36414881623449,99.66178128523111,67.37316798196166,99.5475113122172,74.40773464879838
6761,穩得,檢測驗證,180.0,0.8403361344537785,69748556.275,True,87.28373702422145,17.58460517584605,0.86,2026-06-01,False,60.0,7.462686567164178,-0.017489626423740377,78.26086956521739,2.2399999999999998,61.10484780157835,82.52536640360766,33.370913190529876,55.12965050732808,43.74295377677565,55.174746335963924,18.212669683257918,37.980450397139165
1723,中碳,其他化學,83.6,-1.4150943396226467,69567774.15,True,81.22294372294373,23.2249502322495,32.12,2026-06-01,False,12.5,-6.8004459308807235,0.01976883581567728,92.88888888888889,-11.700000000000003,11.894024802705749,32.581736189402484,56.14430665163472,89.17700112739571,14.994363021420517,40.95828635851184,60.29411764705882,57.19585184693945
5490,同亨,電腦及週邊,30.65,0.3273322422258529,69331315.86749999,True,27.591836734693874,66.62242866622428,50.22,2026-06-01,False,78.94736842105263,0.656814449917896,0.016383467390808194,84.3191196698762,14.523333333333333,79.31228861330327,65.61443066516347,54.11499436302142,69.7857948139797,76.66290868094701,69.09808342728297,75.90497737556561,64.84715753442127
2480,敦陽科,資訊服務,161.0,4.545454545454541,69319972.15,True,84.84848484848484,19.940278699402786,14.66,2026-06-01,False,4.444444444444445,-0.30959752321981426,0.05303800524867671,88.95027624309392,1.6633333333333358,3.0439684329199546,61.78128523111612,68.9966178128523,80.04509582863585,41.26268320180383,51.02593010146562,37.10407239819005,39.60296285715743
6658,聯策,電子設備,174.0,4.191616766467066,69256344.05,True,59.19881305637982,41.27405441274055,51.6,2026-06-01,False,74.66666666666667,-0.5714285714285714,-0.016600385830741884,67.70428015564202,42.21333333333334,75.47914317925591,60.8793686583991,33.70913190529876,27.05749718151071,93.79932356257046,58.18489289740698,76.80995475113123,54.616806613374685
7792,安葆,電機製品,242.5,4.3010752688172005,68693619.0,True,0.7751937984496124,92.36894492368944,28.27,2026-06-01,False,100.0,7.06401766004415,0.03747542996459092,59.72906403940886,16.66,98.8162344983089,81.39797068771138,62.9086809470124,11.724915445321308,79.8196166854566,66.93348365276212,55.54298642533937,46.171541420314554
6231,系微,資訊服務,226.5,2.7210884353741527,67946928.75,True,58.82034632034632,41.904445919044456,16.86,2026-06-01,False,15.555555555555555,-8.853118712273641,0.07868931980711909,64.99282639885222,2.2333333333333343,15.558060879368659,25.02818489289741,76.32468996617813,20.744081172491544,43.63021420518602,36.25704622322435,41.17647058823529,38.11260693679952
2850,新產,產險,161.0,1.8987341772152,67673435.625,True,99.72943722943724,2.18978102189781,2.09,2026-05-01,False,20.0,9.152542372881356,0.07260276495368675,97.57575757575758,-26.413333333333334,20.293122886133034,85.56933483652762,74.85907553551297,95.6031567080045,7.5535512965050735,56.77564825253664,18.947963800904976,37.31872713962872
6605,帝寶,汽車組件,136.5,-0.727272727272732,67555460.55,True,7.35930735930736,83.47710683477106,4.45,2026-06-01,False,91.66666666666666,4.198473282442748,0.1122856640007346,81.25,6.38,91.37542277339347,76.09921082299887,85.34385569334837,62.9086809470124,59.41375422773394,75.0281848928974,22.171945701357465,50.089209649691114
8103,瀚荃,電子零組件,80.1,-1.2330456226880449,67327238.11,True,62.33766233766234,39.08427339084273,45.04,2026-06-01,False,65.33333333333333,-3.9568345323741143,-0.043500411525897245,62.57812499999999,15.376666666666662,66.23449830890642,44.306651634723785,22.322435174746335,15.44532130777903,78.01578354002254,45.26493799323563,72.05882352941177,52.35799787784337
3430,奇鈦科,其他化學,119.0,5.3097345132743445,67140917.94500001,True,93.27024185068349,11.745189117451892,58.37,2026-06-01,False,6.25,-14.388489208633093,-0.004687201886627028,64.85013623978202,32.22,4.735062006764374,10.259301014656144,41.37542277339346,20.293122886133034,91.65727170236752,33.66403607666291,79.75113122171946,48.630003774990186
6188,廣明,光電及I/O,72.2,0.5571030640668662,66937443.605000004,True,58.198097369893674,42.33576642335766,-1.9,2026-06-01,False,51.388888888888886,-2.0352781546811394,0.0831299240270879,55.53846153846153,10.319999999999999,52.311161217587376,53.10033821871477,77.7903043968433,6.989853438556934,69.33483652762119,51.90529875986472,14.592760180995477,30.198359154606255
2365,昆盈,光電及I/O,31.25,0.1602564102564097,66316471.21249999,True,56.639566395663955,43.99469143994691,-17.28,2026-06-01,False,52.77777777777778,-1.419558359621449,0.035815708561124565,61.75889328063241,-26.586666666666666,53.66403607666291,56.36978579481398,62.232243517474636,14.543404735062007,7.328072153325817,38.82750845546787,4.638009049773756,29.118916016671175
2731,雄獅,旅行社,145.0,-0.3436426116838476,66074704.775,True,19.606087735004476,73.25812873258128,-0.46,2026-06-01,False,66.66666666666666,-1.023890784982935,-0.06881570999832713,78.80434782608695,-6.833333333333332,68.1510710259301,58.62457722660653,15.219842164599775,56.482525366403614,19.334836527621196,43.562570462232244,16.968325791855204,45.744336239395594
4968,立積,半導體,96.0,-0.9287925696594534,66027599.84000001,True,12.415654520917679,79.628400796284,-1.09,2026-06-01,False,87.6923076923077,-7.6923076923076925,-0.023264879198029765,57.65765765765766,-2.8600000000000003,87.26042841037204,28.804960541149942,30.89064261555806,9.695603156708005,29.537767756482523,37.23788049605412,15.610859728506787,45.94048268860922
3141,晶宏,半導體,75.6,0.8000000000000007,65885724.065,True,89.40011648223646,15.593895155938952,10.85,2026-06-01,False,28.46153846153846,11.340206185566991,0.22207389719340692,90.8653846153846,-2.5666666666666664,28.74859075535513,88.2750845546787,96.3923337091319,83.8782412626832,29.763246899661784,65.41149943630215,31.278280542986426,38.90750700158652
8182,加高,電子零組件,42.3,1.3173652694610682,64389937.35250001,True,89.82683982683982,15.19575315195753,5.56,2026-06-01,False,26.0,-10.095642933049948,0.008492614786895964,71.69491525423727,-1.0399999999999991,26.042841037204056,21.53325817361894,48.92897406989854,37.54227733934611,33.42728297632469,33.49492671927847,23.52941176470588,41.39531799190927
9802,鈺齊-KY,鞋及旅行箱,72.7,-0.13736263736262577,64013582.96,True,24.512987012987015,68.87856668878567,15.45,2026-06-01,False,66.66666666666666,-4.216073781291176,0.10448178686114211,63.21739130434783,13.6,68.1510710259301,42.95377677564825,83.31454340473506,17.023675310033823,74.97181510710259,57.28297632468997,38.34841628959276,45.14234646247711
1582,信錦,電子零組件,75.1,-0.3978779840848934,63899806.295,True,85.28138528138528,19.64167219641672,-9.5,2026-06-01,False,35.333333333333336,-1.95822454308094,0.06170564752287404,62.84518828451883,-2.37,35.400225479143174,53.88951521984217,71.13866967305525,15.670800450958286,30.32694475760992,41.28523111612176,7.918552036199094,26.275015686614598
6104,創惟,半導體,93.5,0.2143622722400984,63870460.015,True,51.14101813926273,47.84339747843397,5.66,2026-06-01,False,63.07692307692307,-3.8065843621399207,0.06044326658999016,71.92307692307692,5.636666666666667,64.03607666290868,45.20856820744081,70.68771138669673,38.331454340473506,56.59526493799324,54.9718151071026,23.64253393665158,45.20037418314824
2101,南港,輪胎,34.25,-0.1457725947521804,63867495.417500004,True,8.522283033620015,82.68082282680822,328.25,2026-06-01,False,100.0,-0.8683068017366056,0.0804285639922123,77.13963963963964,115.70000000000002,98.8162344983089,59.63923337091319,77.33934611048478,52.19842164599775,98.19616685456594,77.23788049605412,97.62443438914026,72.24996429063343
3312,弘憶股,電子通路,56.8,9.864603481624744,63794000.339999996,True,93.65853658536587,11.34704711347047,41.82,2026-06-01,False,13.20754716981132,8.812260536398457,0.0311702001064283,77.59562841530054,14.84333333333333,12.514092446448705,85.1183765501691,60.65388951521984,52.98759864712515,77.33934611048478,57.72266065388951,69.45701357466064,37.46008202951634
2838,聯邦銀,本國銀行,20.15,1.2562814070351758,63785749.342499994,True,72.02380952380952,31.58593231585932,-2.49,2026-06-01,False,22.22222222222222,-3.588516746411483,-0.12045222583603879,81.57894736842105,-42.973333333333336,22.491544532130778,46.22322435174747,5.5242390078917705,63.81059751972943,4.735062006764374,28.556933483652763,13.914027149321267,38.4982362123585
6163,華電網,通信網路,42.4,-1.6241299303944357,63535508.9125,True,72.67316017316018,31.320504313205046,61.38,2026-06-01,False,48.07692307692308,-4.82603815937149,0.04151721842942917,57.219973009446704,31.44666666666667,48.81623449830891,39.45885005636979,64.26155580608793,8.793686583990981,91.20631341600902,50.50732807215333,81.44796380090497,49.899758706708774
9917,中保科,保全,107.5,0.0,63514466.075,True,1.2445887445887447,90.57730590577306,2.56,2026-06-01,False,90.5685618729097,-0.4629629629629629,0.21628461547453445,88.11475409836066,0.29666666666666686,90.07891770011274,61.33032694475761,96.05411499436303,77.67756482525367,36.753100338218715,72.37880496054115,19.343891402714934,56.442511745830934
3581,博磊,電子設備,126.0,5.882352941176472,63299940.035000004,True,71.98879551820728,31.652289316522893,95.44,2026-06-01,False,61.33333333333333,2.0242914979757085,0.01896395718415347,45.0,47.166666666666664,62.5140924464487,69.44757609921083,55.80608793686584,1.8038331454340473,94.70124013528749,56.85456595264939,89.93212669683258,46.20061904737612
6962,奕力-KY,半導體,33.7,-0.8823529411764675,63273244.96,True,80.96385542168674,23.490378234903783,-0.33,2026-06-01,False,36.15384615384615,-1.7492711370262224,-0.07937797564032746,71.70212765957447,-3.6566666666666667,36.41488162344983,54.56595264937994,12.514092446448705,37.767756482525364,26.493799323562573,33.55129650507328,17.194570135746606,34.202813898085466
8936,國統,金屬製品,51.0,-1.9230769230769273,63243687.379999995,True,9.469696969696969,81.95089581950896,21.24,2026-06-01,False,100.0,-6.934306569343061,-0.007161155650893846,73.5930735930736,7.333333333333332,98.8162344983089,31.905298759864714,39.346110484780155,42.728297632469,62.232243517474636,55.00563697857948,46.94570135746606,64.14623368209482
2851,中再保,產險,37.85,3.133514986376018,63234938.51249999,True,3.896103896103896,86.59588586595885,1113.15,2026-05-01,False,100.0,2.57452574525746,0.09561286714467832,93.3415536374846,553.9733333333334,98.8162344983089,71.58962795941376,81.28523111612176,89.62795941375423,99.43630214205186,88.15107102593011,99.3212669683258,79.0439582302438
6913,鴻呈,電子零組件,149.5,-0.33333333333332993,63166023.6,True,19.469026548672566,73.52355673523556,61.08,2026-06-01,False,90.66666666666666,17.716535433070867,0.18430759631194205,95.83333333333334,20.479999999999997,90.24802705749718,94.25028184892898,94.47576099210822,93.34836527621195,84.21645997745209,91.30777903043968,81.22171945701358,67.64195748544843
6509,聚和,其他化學,49.0,1.0309278350515427,62126534.352499984,True,45.34632034632035,52.95288652952886,8.49,2026-06-01,False,50.0,-2.5844930417494973,-0.09571819315505573,85.21739130434783,4.216666666666667,50.56369785794814,50.56369785794814,8.90642615558061,71.58962795941376,51.29650507328072,46.58399098083427,28.61990950226244,50.05238436541905
2483,百容,半導體,40.05,9.87654320987652,61450288.045,True,96.32034632034632,6.934306569343065,34.28,2026-06-01,False,10.76923076923077,-17.080745341614907,-0.000377347400329921,57.29613733905579,13.446666666666669,9.808342728297632,7.215332581736189,43.63021420518602,8.90642615558061,74.63359639233371,28.838782412626834,63.23529411764706,43.68368260494728
6023,元大期,期貨,85.2,-0.6993006993006978,60673491.18499999,True,0.8116883116883116,92.16987392169874,86.15,2026-06-01,False,92.17391304347827,-19.62264150943396,-0.04096977175023581,78.88888888888889,35.92000000000001,91.77001127395717,4.8478015783540025,23.562570462232244,56.708004509582864,92.55918827508455,53.88951521984217,88.34841628959276,82.99465762369469
6863,永道-KY,通信網路,112.5,-3.8461538461538436,59421548.720000006,True,97.57281553398059,4.777704047777041,80.81,2026-06-01,False,7.6923076923076925,7.142857142857142,0.08321639642772644,71.42857142857143,14.076666666666668,6.426155580608793,81.56708004509584,77.90304396843291,36.97857948139797,75.53551296505073,55.68207440811724,87.55656108597285,37.348554025720944
7714,創泓科技,數位雲端,157.0,3.9735099337748325,59200063.0,True,35.170603674540686,61.71201061712011,122.9,2026-06-01,False,26.08695652173913,-22.084367245657567,0.0074141812558452536,75.66265060240964,78.05666666666667,26.211950394588502,3.1567080045095826,48.365276211950395,48.92897406989854,96.95603156708005,44.72378804960541,92.76018099547511,66.18609936386314
8088,品安,半導體,49.0,-0.40650406504065817,59159943.69499999,True,62.33031674208145,39.150630391506304,1.02,2026-06-01,False,55.38461538461539,-2.5844930417494973,0.054949654697503625,67.03146374829002,-19.90666666666667,55.80608793686584,50.56369785794814,69.67305524239008,25.25366403607666,10.033821871476889,42.26606538895153,18.32579185520362,37.205461492549496
6712,長聖,生物科技,147.5,-1.6666666666666718,58891176.9,True,39.39144736842105,57.92966157929662,16.08,2026-06-01,False,60.0,-4.53074433656958,-0.0363720024181323,78.87700534759358,-6.359999999999999,61.10484780157835,41.09357384441939,25.817361894024803,56.59526493799324,20.293122886133034,40.98083427282977,39.93212669683258,54.1346663979962
2417,圓剛,電腦及週邊,45.45,0.5530973451327359,58541958.1375,True,34.56410256410257,61.844724618447245,4.96,2026-06-01,False,70.17543859649122,7.829181494661933,-0.028850882968801825,79.87697715289983,-5.543333333333334,71.70236753100339,83.20180383314543,28.18489289740699,59.301014656144304,22.322435174746335,52.94250281848929,22.963800904977376,42.69134481474491
9907,統一實,金屬製品,15.0,0.6711409395973034,58445261.94250001,True,41.99134199134199,55.67352355673524,-6.1,2026-06-01,False,42.857142857142854,-1.9607843137254948,0.0282141174383238,74.44168734491315,9.593333333333335,43.17925591882751,53.77677564825254,59.41375422773394,44.64487034949267,67.75648252536641,53.75422773393461,10.520361990950226,36.14192815275447
1904,正隆,造紙,24.65,-1.988071570576544,58266011.7025,True,47.34848484848485,51.69210351692104,-2.09,2026-06-01,False,66.66666666666666,10.044642857142858,0.26720164210071223,98.01192842942345,-11.196666666666667,68.1510710259301,86.80947012401353,98.53438556933483,95.82863585118376,15.219842164599775,72.9086809470124,14.479638009049776,47.91246869053753
6146,耕興,檢測驗證,192.5,0.0,58265111.075,True,43.452380952380956,54.67816854678168,12.74,2026-06-01,False,80.0,1.0498687664041995,-0.04668317875038598,80.71278825995807,0.7166666666666668,80.72153325817362,66.96730552423901,21.53325817361894,61.21758737316798,37.99323562570463,53.68658399098084,34.16289592760181,52.2836777586761
2520,冠德,建設,35.3,0.14184397163119478,58200093.169999994,True,76.04456824512535,27.93629727936297,52.31,2026-06-01,False,17.24137931034483,-1.671309192200561,0.08979931903995131,87.81094527363183,-4.896666666666668,17.36189402480271,54.904171364148816,79.8196166854566,77.0011273957159,23.675310033821873,50.55242390078918,77.37556561085974,54.208603916807384
2323,中環,光電及I/O,10.3,0.0,57704702.8035,True,1.7324350336862366,89.98009289980094,38.84,2026-06-01,False,81.94444444444444,-5.936073059360718,-0.12986158011952553,78.6259541984733,20.763333333333335,82.75084554678692,35.400225479143174,5.0732807215332585,55.91882750845547,84.6674182638106,52.76211950394588,67.3076923076923,67.64428497094788
2897,王道銀行,本國銀行,10.15,0.4950495049504955,57559796.8575,True,61.038961038961034,40.27869940278699,14.1,2026-06-01,False,44.44444444444444,-3.7914691943127994,0.07223647543986607,95.30516431924883,-13.699999999999998,44.53213077790304,45.32130777903044,74.74633596392334,92.89740698985344,13.75422773393461,54.25028184892898,35.97285067873303,57.02027016686477
2539,櫻花建,建設,41.8,-0.8303677342823335,56800224.66749998,True,2.1645021645021645,88.81884538818845,79.55,2026-06-01,False,91.37931034482759,1.4563106796116367,0.08710325461882903,61.47058823529411,-272.97666666666663,91.0935738444194,68.20744081172492,78.80496054114995,13.979706877113868,1.4656144306651635,50.710259301014666,87.10407239819004,55.992478076999596
6603,富強鑫,機械,28.85,4.151624548736477,56331656.5175,True,60.127684271619266,40.74319840743198,22.71,2026-06-01,False,52.77777777777778,14.031620553359685,0.06396814590864411,83.98835516739447,20.463333333333335,53.66403607666291,91.31905298759865,72.04058624577226,68.5456595264938,84.10372040586246,73.93461104847802,48.755656108597286,44.91157468103884
6227,茂綸,電子通路,127.0,1.195219123505975,56035808.475,True,45.887445887445885,52.55474452554745,84.61,2026-06-01,False,66.0377358490566,12.389380530973451,0.0714012287939286,93.72693726937268,44.263333333333335,66.96730552423901,89.17700112739571,74.40811724915444,90.52987598647125,94.25028184892898,83.06651634723788,88.12217194570135,64.11058808225397
6922,宸曜,電腦及週邊,206.5,1.225490196078427,55847497.225,True,7.324364723467862,83.54346383543464,39.41,2026-06-01,False,91.22807017543859,20.408163265306122,0.15272346371132,91.3716814159292,-12.003333333333337,90.98083427282975,95.6031567080045,90.86809470124012,85.00563697857947,14.768883878241262,75.44532130777903,67.64705882352942,62.00759334173354
1907,永豐餘,造紙,29.9,-0.8291873963515717,55772078.182500005,True,62.44588744588745,38.88520238885202,12.66,2026-06-01,False,33.33333333333333,5.281690140845071,0.22984513547039304,96.92058346839545,3.1833333333333336,33.370913190529876,77.7903043968433,96.61781285231116,94.81397970687712,47.23788049605411,69.96617812852313,34.04977375565611,46.11109056405495
8222,寶一,機車船製造,39.55,1.1508951406649537,55639000.395,True,28.918322295805737,65.56071665560717,-10.36,2026-06-01,False,66.66666666666666,-1.6169154228855862,0.009514101479030717,67.49146757679179,-9.203333333333333,68.1510710259301,55.35512965050733,49.267192784667415,26.493799323562573,17.13641488162345,43.280721533258166,7.239819004524888,36.632389925877554
2397,友通,電腦及週邊,65.9,-1.199400299850073,55458485.545,True,82.62987012987013,22.229595222295952,31.37,2026-06-01,False,22.807017543859647,13.03602058319041,0.11574938412792884,79.49336550060315,-0.8733333333333313,23.22435174746336,89.96617812852311,86.02029312288614,58.39909808342728,33.82187147688839,58.28635851183767,59.16289592760181,37.70504190749233
2836,高雄銀,本國銀行,11.9,0.0,55115770.515,True,36.47186147186147,60.45122760451228,14.7,2026-06-01,False,66.66666666666666,-6.299212598425188,-0.032908687473611586,91.53846153846155,1.953333333333335,68.1510710259301,34.2728297632469,26.493799323562573,85.23111612175873,42.390078917700116,51.307779030439676,37.2737556561086,64.09577826013762
6438,迅得,電子設備,147.5,-1.3377926421404673,54407973.675,True,77.92207792207793,26.410086264100862,-3.13,2026-06-01,False,48.0,-4.53074433656958,0.023031468126130352,71.08433734939759,-16.326666666666668,48.70349492671927,41.09357384441939,57.271702367531006,36.3021420518602,11.837655016910936,39.04171364148816,13.122171945701359,39.25855876996536
2543,皇昌,營造,39.65,-3.292682926829271,53757939.275,True,21.53449387491941,71.73191771731918,105.33,2026-06-01,False,60.0,-0.25157232704402877,0.07378090714308581,46.104651162790695,20.789999999999992,61.10484780157835,62.119503945885,75.31003382187149,2.254791431792559,84.78015783540023,57.113866967305526,91.17647058823529,48.1041514689303
3162,精確,汽車組件,65.5,-1.0574018126888296,53412009.575,True,49.423963133640555,49.70139349701393,58.73,2026-06-01,False,55.55555555555556,-15.374677002583987,0.04692303849705377,68.30031282586026,32.019999999999996,56.20067643742954,8.793686583990981,66.74182638105975,29.312288613303267,91.43179255918827,50.49605411499436,80.31674208144797,64.25900513704745
8105,凌巨,光電及I/O,16.75,-2.3323615160349753,52674220.18750001,True,95.61316051844466,8.29462508294625,-8.9,2026-06-01,False,12.5,-5.099150141643052,-0.05942540452924117,66.60039761431412,-3.0166666666666675,11.894024802705749,38.10597519729425,17.474633596392334,23.788049605411498,29.086809470124013,24.06989853438557,8.257918552036198,26.458504440714798
3380,明泰,通信網路,28.3,-0.35211267605632646,52583314.8925,True,95.2054794520548,9.223623092236231,5.46,2026-06-01,False,21.153846153846153,-12.11180124223603,-0.17609493279402233,68.11070998796632,16.61,21.53325817361894,15.44532130777903,2.254791431792559,28.74859075535513,79.48139797068771,29.492671927846676,23.30316742081448,39.53492376050238
6585,鼎基,樹脂,120.0,1.6949152542372836,52464625.65,True,41.885325558794946,55.739880557398806,91.44,2026-06-01,False,50.0,-5.511811023622047,0.028527534471014478,79.734219269103,32.449999999999996,50.56369785794814,36.3021420518602,59.52649379932357,58.73731679819617,91.77001127395717,59.37993235625705,89.36651583710407,65.59134711034704
3537,堡達,電子通路,58.6,4.456327985739761,52319256.099999994,True,64.06926406926407,37.093563370935634,26.88,2026-06-01,False,35.84905660377358,-5.636070853462158,-0.056977427795939374,65.40178571428572,18.793333333333333,36.076662908680944,35.851183765501695,18.26381059751973,21.307779030439683,82.2998872604284,38.759864712514094,54.07239819004525,43.90141409091604
3708,上緯投控,樹脂,103.0,-0.9615384615384581,51825845.57000001,True,1.0281385281385282,91.40676841406768,61.7,2026-06-01,False,92.85714285714286,1.477832512315271,0.06595284470041002,69.36026936026936,5.150000000000013,92.2773393461105,68.32018038331455,72.82976324689966,31.905298759864714,54.002254791431795,63.866967305524234,81.67420814479638,59.38416646686426
2501,國建,建設,23.0,-0.647948164146861,51778533.91,True,1.83982683982684,89.41605839416059,-71.58,2026-06-01,False,93.10344827586206,0.4366812227074298,0.0038875221191225135,85.18518518518519,-51.55,92.67192784667418,64.59977452085683,46.674182638105975,71.47688838782412,4.284103720405862,55.9413754227734,0.6787330316742082,50.05694368632892
4526,東台,機械,31.2,-2.3474178403755874,51631395.072500005,True,53.84615384615385,45.45454545454545,26.68,2026-06-01,False,61.111111111111114,-11.489361702127662,-0.08196746169795616,69.79865771812081,4.550000000000001,62.232243517474636,17.587373167981962,11.837655016910936,32.91995490417137,52.536640360766626,35.4227733934611,53.84615384615385,57.85274477495447
6890,來億-KY,鞋及旅行箱,177.5,-1.1142061281337101,51586305.875,True,37.31060606060606,59.65494359654944,-3.2,2026-06-01,False,44.44444444444444,2.898550724637681,0.16007577689849542,61.418685121107266,0.6566666666666667,44.53213077790304,73.05524239007892,91.99549041713641,13.86696730552424,37.88049605411499,52.26606538895152,13.009049773755658,24.588226366776006
4571,鈞興-KY,機械,170.5,-0.8720930232558155,51466424.575,True,77.04233750745378,27.140013271400132,5.51,2026-06-01,False,16.666666666666664,6.5625,-0.0628993433477437,73.49137931034483,-2.1966666666666663,16.629086809470124,80.15783540022548,16.685456595264938,42.390078917700116,30.89064261555806,37.35062006764374,23.41628959276018,25.569404979926233
2903,遠百,百貨批發,21.75,-1.1363636363636354,51149405.22,True,13.636363636363635,78.23490378234904,-2.42,2026-06-01,False,66.66666666666666,-2.901785714285708,0.05032634488421584,89.13934426229508,-2.09,68.1510710259301,48.92897406989854,67.98196166854565,80.72153325817362,31.003382187147686,59.35738444193912,14.027149321266968,53.49269488386803
6199,天品,其他,97.3,-5.990338164251208,50756053.645,True,41.54727793696275,56.00530856005309,476.98,2026-06-01,False,50.0,-6.442307692307694,-0.009651765202874552,78.15261044176707,-95.69333333333327,50.56369785794814,33.70913190529876,37.54227733934611,54.904171364148816,2.367531003382187,35.817361894024806,98.7556561085973,67.62859835634887
4536,拓凱,其他,170.5,0.0,50691717.925,True,52.489177489177486,46.84804246848042,10.04,2026-06-01,False,37.5,4.281345565749235,0.25713912481945767,87.43589743589743,5.533333333333332,38.049605411499435,76.2119503945885,98.30890642615559,75.42277339346111,56.25704622322435,68.85005636978579,30.429864253393664,41.92257316594143
6165,浪凡,數位雲端,49.2,-0.8064516129032251,50008118.662499994,True,24.811399832355406,68.54678168546782,18.44,2026-06-01,False,39.130434782608695,-3.3398821218074572,-0.2919194749268149,82.41206030150754,7.880000000000001,39.79706877113867,47.01240135287486,0.2254791431792559,65.83990980834274,63.35963923337091,43.246899661781285,42.98642533936652,50.40275064149327
6667,信紘科,電子設備,225.5,-1.7429193899782147,49709790.975,True,21.536796536796537,71.6655607166556,-2.5,2026-06-01,False,84.0,-12.427184466019417,-0.04770830194364924,74.91694352159467,-5.23,84.6674182638106,14.430665163472378,21.42051860202931,46.33596392333709,22.998872604284102,37.9706877113867,13.800904977375566,57.59340550026272
7749,意騰-KY,半導體,362.0,0.6954102920723182,49546168.9,True,5.944055944055944,84.33974784339749,64.48,2026-06-01,False,90.0,-6.459948320413436,-0.015841360651947037,52.616279069767444,5.259999999999998,89.34611048478016,33.59639233370913,34.2728297632469,4.1713641488162345,54.45321307779031,43.167981961668545,82.57918552036199,60.62506695506231
7712,博盛半導體,半導體,146.0,-3.31125827814569,49165236.9,True,47.71573604060914,51.227604512276045,49.37,2026-06-01,False,70.76923076923077,-9.034267912772584,-0.02910284206358347,68.38407494145198,31.043333333333333,72.15332581736189,24.80270574971815,27.959413754227736,29.537767756482523,90.86809470124012,49.064261555806084,75.0,62.972096956031564
3060,銘異,光電及I/O,28.8,-0.34602076124566894,48799710.96999999,True,66.16379310344827,35.63370935633709,48.98,2026-06-01,False,44.44444444444444,-10.697674418604649,-0.1004660734699691,69.14765906362545,19.473333333333333,44.53213077790304,19.165727170236753,8.229988726042842,31.34160090191657,83.20180383314543,37.29425028184893,74.77375565610859,57.87044004142286
6143,振曜,光電及I/O,88.0,-0.9009009009009028,48749899.95999999,True,12.932900432900432,78.93165228931652,30.63,2026-06-01,False,76.38888888888889,-14.975845410628018,-0.06897435522314826,57.89473684210527,17.939999999999998,76.77564825253664,9.582863585118377,15.107102593010147,9.92108229988726,81.28523111612176,38.53438556933484,58.484162895927604,58.899507465808284
3550,聯穎,電子零組件,24.1,2.553191489361706,48696759.322500005,True,99.89384288747345,0.9953550099535502,38.08,2026-06-01,False,1.3333333333333335,-2.4291497975708416,-0.06070993259771693,64.69798657718121,4.7933333333333294,0.3945885005636978,51.40924464487034,17.023675310033823,19.84216459977452,53.43855693348365,28.42164599774521,67.0814479638009,33.977239104817194
5534,長虹,建設,78.4,0.12771392081738497,48440971.27,True,75.59523809523809,28.268082282680822,124.21,2026-06-01,False,18.96551724137931,-4.039167686658503,-0.015058022341221576,90.11494252873564,-72.57666666666667,19.27846674182638,44.081172491544535,34.83652762119504,82.41262683201805,2.818489289740699,36.68545659526494,92.98642533936652,62.6490866054166
1808,潤隆,建設,33.1,1.0687022900763399,48340407.142500006,True,20.280537697253067,72.79362972793629,162537.27,2026-06-01,False,75.86206896551724,3.115264797507788,0.1159581730828537,83.06148055207026,77044.36666666665,76.2119503945885,73.84441939120632,86.13303269447576,67.3055242390079,100.0,80.6989853438557,100.0,67.41826381059752
6168,宏齊,光電及I/O,25.2,0.3984063745019917,48073928.970000006,True,77.94746487477092,26.277372262773724,6.73,2026-06-01,False,34.72222222222222,-5.794392523364489,-0.049755825856797234,70.98591549295774,0.026666666666667282,34.94926719278467,35.73844419391206,20.744081172491544,35.963923337091316,36.076662908680944,32.694475760992106,26.131221719457017,40.32649201385523
3652,精聯,電腦及週邊,38.0,2.1505376344086002,47860469.252500005,True,8.51063829787234,82.7471798274718,-1.21,2026-06-01,False,89.47368421052632,23.376623376623375,-0.016107524148154338,88.99297423887587,-26.45666666666667,89.1206313416009,96.73055242390079,34.04735062006765,80.15783540022548,7.440811724915446,61.499436302142044,15.384615384615385,46.98313242563525
2597,潤弘,營造,169.0,1.1976047904191711,47729769.8,True,75.32467532467533,28.5335102853351,2.95,2026-06-01,False,13.333333333333334,2.735562310030395,0.19184122881459417,82.84313725490196,-10.32,12.795941375422773,72.6042841037204,95.15219842164599,66.40360766629087,16.00901916572717,52.59301014656144,20.248868778280542,31.711033429068443
4956,光鋐,光電及I/O,31.1,-1.8927444794952564,47478649.0525,True,87.9182156133829,16.78832116788321,-0.83,2026-06-01,False,26.38888888888889,-4.454685099846378,0.025497670085749935,56.855575868372945,-5.726666666666667,26.719278466741827,41.826381059751974,58.286358511837655,8.342728297632469,21.758737316798197,31.386696730552426,15.95022624434389,27.296462987241554
4771,望隼,醫療耗材,201.5,-0.9828009828009798,47303374.475,True,0.0,98.27471798274718,31.26,2026-06-01,False,98.61111111111111,-0.7389162561576355,0.14005293635545285,93.72093023255815,-5.956666666666667,97.1815107102593,60.20293122886133,89.28974069898534,90.41713641488163,21.195039458850058,71.65727170236752,59.04977375565611,71.61137241298394
2348,海悅,建設,69.8,-1.1331444759206777,46889681.3,True,90.80086580086581,14.399469143994692,247.66,2026-06-01,False,6.896551724137931,-12.640801001251575,-0.07472949309566825,66.79425837320574,210.90666666666667,5.186020293122886,13.86696730552424,13.641488162344984,24.351747463359636,98.87260428410372,31.18376550169109,96.94570135746606,53.154125452106086
4755,三福化,其他化學,119.5,0.0,46883808.775,True,57.95454545454546,42.667551426675516,15.63,2026-06-01,False,43.75,-11.808118081180812,-0.14963235103929282,70.50147492625368,16.653333333333332,43.85569334836528,15.89627959413754,4.058624577226606,34.2728297632469,79.70687711386697,35.558060879368654,38.91402714932127,50.28656766669897
1342,八貫,塑膠製品,104.0,0.9708737864077666,46357016.495,True,20.44636429085673,72.59455872594559,40.14,2026-06-01,False,72.5752508361204,-10.72961373390558,-0.08045078993877458,88.51063829787233,-0.4799999999999969,73.61894024802706,18.940248027057496,12.175873731679818,78.80496054114995,34.61104847801578,43.63021420518602,68.09954751131222,75.39580006835794
8040,九暘,半導體,74.2,-1.1984021304926706,45752051.489999995,True,99.39577039274926,2.9197080291970803,34.49,2026-06-01,False,1.5384615384615385,-10.060606060606057,0.11171153374350412,59.36,-4.969999999999999,0.6764374295377678,21.645997745208568,85.23111612175873,11.273957158962796,23.562570462232244,28.478015783540023,63.46153846153846,38.441483826207616
5464,霖宏,印刷電路板,74.2,9.925925925925938,45660917.47,True,99.91568296795953,0.8626410086264101,36.81,2026-06-01,False,4.545454545454546,-13.11475409836066,-0.04643945028502406,69.02325581395348,-4.839999999999996,3.1567080045095826,12.965050732807216,21.758737316798197,31.003382187147686,24.01352874859076,18.57948139797069,65.83710407239819,46.75803588281206
1231,聯華食,其他食品,80.7,-0.8599508599508643,45511043.97,True,36.25541125541126,60.650298606502986,6.95,2026-06-01,False,44.44444444444444,-12.18715995647443,-0.1280019733605748,53.26732673267327,5.35,44.53213077790304,15.107102593010147,5.186020293122886,4.735062006764374,55.01691093573844,24.91544532130778,26.244343891402718,40.101108520764996
3015,全漢,電子零組件,55.8,0.17953321364452268,45454308.169999994,True,57.57575757575758,42.99933642999336,-14.01,2026-06-01,False,69.33333333333334,-5.583756345177672,-0.08095280386951148,74.59893048128342,-1.83,70.68771138669673,36.076662908680944,11.950394588500563,44.983089064261556,31.567080045095828,39.05298759864712,5.429864253393665,46.256000448917746
8390,金益鼎,資源回收,100.5,0.49999999999998934,44815867.745,True,30.08658008658009,64.8307896483079,43.96,2026-06-01,False,52.17391304347826,-1.951219512195122,-0.15980473677734214,77.60617760617761,12.810000000000006,52.8184892897407,54.002254791431795,3.1567080045095826,53.10033821871477,73.84441939120632,47.384441939120634,70.98416289592761,55.72518390323782
8074,鉅橡,印刷電路板,56.5,-1.5679442508710784,44775937.245000005,True,81.70995670995671,22.959522229595223,22.99,2026-06-01,False,59.09090909090909,-5.833333333333333,0.026095183890801944,60.94929881337649,-1.1466666666666683,60.20293122886133,35.62570462232244,58.39909808342728,13.077790304396844,32.91995490417137,40.04509582863585,49.095022624434385,46.68750988384253
4949,有成精密,光電及I/O,68.8,-1.7142857142857237,44736093.714999996,True,49.67741935483871,49.170537491705375,68.69,2026-06-01,False,56.94444444444444,-10.299869621903527,0.0457634280154502,63.703703703703695,22.53666666666666,57.83540022547914,21.08229988726043,66.17812852311161,17.700112739571587,86.24577226606539,49.80834272829763,84.27601809954751,59.68230779433445
3229,晟鈦,印刷電路板,53.0,-5.187835420393561,44076605.15,True,0.0,98.27471798274718,99.09,2026-06-01,False,100.0,31.025957972805923,0.05244100601570897,94.81216457960645,27.370000000000005,98.8162344983089,98.30890642615559,68.65839909808342,92.3337091319053,89.85343855693348,89.59413754227735,90.15837104072398,70.74985206119565
6261,久元,半導體,79.7,0.631313131313127,43988953.17999999,True,63.528138528138534,37.65759787657598,33.71,2026-06-01,False,53.07692307692308,-12.321232123212324,0.15885714686968627,59.70037453183521,20.843333333333334,54.002254791431795,14.881623449830892,91.77001127395717,11.61217587373168,85.00563697857947,51.45434047350621,62.55656108597285,53.322342075326354
2753,八方雲集,餐飲飯店,182.5,-0.2732240437158473,43902984.875,True,9.623430962343097,81.75182481751825,10.85,2026-06-01,False,57.692307692307686,2.2408963585434174,0.20443060098450996,84.10138248847926,0.14999999999999858,58.568207440811726,70.23675310033822,95.49041713641489,68.77113866967306,36.52762119503946,65.91882750845546,31.278280542986426,47.09521838828326
6957,裕慶-KY,基本金屬,216.5,-0.6880733944954143,43166817.525,True,94.99036608863199,9.62176509621765,33.53,2026-06-01,False,4.761904761904762,-13.226452905811623,-0.01664177063956973,85.57312252964427,-2.469999999999999,3.494926719278467,12.514092446448705,33.59639233370913,71.81510710259302,30.214205186020294,30.32694475760992,62.10407239819005,56.2250034434032
8438,昶昕,資源回收,68.6,0.8823529411764675,43084669.29,True,52.60223048327137,46.58261446582615,40.99,2026-06-01,False,39.130434782608695,-19.38895417156287,0.11140071602326354,64.4131455399061,-1.3866666666666632,39.79706877113867,4.96054114994363,85.1183765501691,19.052987598647125,32.13077790304396,36.2119503945885,68.89140271493213,55.69522948369357
3388,崇越電,電子通路,76.3,0.92592592592593,43009402.20999999,True,54.761904761904766,44.99004644990047,18.97,2026-06-01,False,52.83018867924528,-4.025157232704406,0.10781916351820185,63.05785123966942,-6.023333333333337,53.88951521984217,44.193912063134164,84.10372040586246,16.459977452085685,20.9695603156708,43.923337091319056,43.94796380090498,42.525886102424664
4510,高鋒,機械,45.7,2.5813692480359363,42979346.7675,True,75.55350553505535,28.33443928334439,2.62,2026-06-01,False,19.444444444444446,11.057108140947763,0.10246004494162947,82.78985507246377,-12.636666666666667,19.84216459977452,87.9368658399098,82.97632468996618,66.29086809470124,14.317925591882751,54.27282976324689,19.457013574660635,29.41329510730665
6768,志強-KY,鞋及旅行箱,66.0,0.6097560975609762,42923832.345000006,True,28.306264501160094,65.95885865958859,5.2,2026-06-01,False,55.55555555555556,-7.042253521126761,0.07148483658071751,53.441295546558706,2.146666666666667,56.20067643742954,31.679819616685457,74.52085682074409,4.96054114994363,43.291995490417136,42.13077790304396,23.190045248868778,38.16786080488912
3290,東浦,電子零組件,57.2,2.1428571428571574,42429656.55500001,True,5.803830528148578,84.40610484406105,88.72,2026-06-01,False,96.66666666666667,-15.882352941176467,-0.14161671476686563,80.22440392706874,3.9766666666666737,95.71589627959413,8.004509582863585,4.284103720405862,60.09019165727171,50.16910935738444,43.65276211950395,88.91402714932126,84.17890137583088
8109,博大,電子零組件,130.0,-0.3831417624521105,42326339.875,True,83.38744588744589,21.234240212342403,36.23,2026-06-01,False,37.333333333333336,-4.761904761904762,-0.07983895268125223,80.4953560371517,9.693333333333335,37.71138669673056,39.68432919954904,12.288613303269448,60.65388951521984,67.98196166854565,43.66403607666291,65.27149321266968,55.98811005626776
6862,三集瑞-KY,電子零組件,148.0,1.3698630136986356,41708496.125,True,83.5990888382688,20.902455209024552,-1.04,2026-06-01,False,36.666666666666664,-10.574018126888216,-0.013775071890756288,64.91228070175438,27.34666666666667,36.97857948139797,19.729425028184895,35.174746335963924,20.631341600901916,89.74069898534385,40.450958286358514,15.723981900452488,38.40111948864187
3663,鑫科,資源回收,64.3,-1.3803680981595123,41698933.66500001,True,90.59214167127836,14.664897146648972,22.76,2026-06-01,False,17.391304347826086,-15.394736842105267,-0.006998317269004898,70.11995637949836,19.596666666666668,17.756482525366405,8.680947012401354,39.45885005636979,33.59639233370913,83.54002254791432,36.6065388951522,48.86877828054298,47.88517653180429
3669,圓展,光電及I/O,39.2,-0.7594936708860689,41324003.7325,True,31.980519480519483,63.23822163238222,2.95,2026-06-01,False,65.27777777777779,11.048158640226646,0.04341666557227359,90.95127610208817,-1.8533333333333335,66.06538895152198,87.82412626832019,65.38895152198421,84.10372040586246,31.4543404735062,66.96730552423901,20.248868778280542,45.6484629668362
6419,京晨科,光電及I/O,167.5,9.477124183006547,41290836.275,True,70.56883759274525,32.71400132714001,344.15,2026-06-01,False,40.27777777777778,16.72473867595819,0.06672471042141473,86.11825192802056,-3.060000000000059,41.26268320180383,93.46110484780158,72.94250281848929,73.28072153325817,28.861330326944756,61.96166854565953,98.19004524886877,54.8180862840323
6125,廣運,電子設備,50.1,-0.19920318725099584,41083762.3175,True,84.29517502365185,20.305242203052423,22.57,2026-06-01,False,36.0,-8.576642335766415,0.003255788915500769,57.6524741081703,-30.28,36.18940248027058,25.591882750845546,46.44870349492672,9.582863585118377,6.200676437429538,24.80270574971815,48.41628959276018,42.14916822682589
6469,大樹,醫藥通路,70.1,-0.8486562942008558,41000692.575,True,4.220779220779221,85.93231585932315,-4.9,2026-06-01,False,66.66666666666666,-10.700636942675166,-0.15143598576666475,42.74390243902439,-3.8033333333333337,68.1510710259301,19.052987598647125,3.8331454340473505,1.2401352874859075,26.042841037204056,23.664036076662907,11.425339366515837,40.44088952032118
1712,興農,藥,39.15,0.12787723785165905,40708635.53750001,True,58.92857142857143,41.63901791639018,4.08,2026-06-01,False,23.91304347826087,-1.0113780025284413,-0.08998077710706148,83.03287380699894,-4.223333333333333,24.01352874859076,58.73731679819617,10.033821871476889,66.96730552423901,25.140924464487036,36.97857948139797,21.71945701357466,38.490743622052065
4953,緯軟,資訊服務,125.5,0.40000000000000036,40588267.325,True,18.073593073593074,74.91705374917053,37.07,2026-06-01,False,57.77777777777777,0.0,0.041559705206749877,87.76223776223776,3.9933333333333323,58.73731679819617,62.626832018038336,64.4870349492672,76.66290868094701,50.28184892897407,62.55918827508456,66.17647058823529,59.737466012335034
3218,大學光,醫藥通路,136.5,-4.210526315789476,40553201.775,True,0.05411255411255411,96.35036496350365,17.08,2026-06-01,False,88.88888888888889,-2.1505376344086025,0.1329703756146302,72.6063829787234,6.756666666666666,88.61330326944757,52.311161217587376,88.61330326944757,40.135287485907554,60.8793686583991,66.11048478015785,41.57239819004525,54.50245693195325
5288,豐祥-KY,機車船製造,189.5,-1.302083333333337,40404263.975,True,40.8008658008658,56.66887856668878,71.59,2026-06-01,False,58.333333333333336,1.0666666666666667,0.052763069800595065,95.9493670886076,16.613333333333337,59.35738444193912,67.08004509582864,68.88387824126269,93.57384441939121,79.59413754227734,73.6978579481398,85.06787330316742,67.72976426716727
1227,佳格,其他食品,28.9,0.6968641114982521,40059067.16500001,True,36.634199134199136,60.28533510285335,-1.57,2026-06-01,False,33.33333333333333,-4.462809917355377,0.04993081077170688,85.12518409425624,-1.2466666666666668,33.370913190529876,41.713641488162345,67.64374295377678,71.25140924464488,32.807215332581734,49.35738444193912,14.819004524886878,44.43192136797482
6186,新潤,建設,33.9,-2.3054755043227737,39903136.7575,True,36.23995052566481,60.71665560716656,-97.85,2026-06-01,False,56.896551724137936,-21.979286536248573,-0.15141874745987668,47.88135593220339,-10.73333333333332,57.609921082299884,3.269447576099211,3.9458850056369785,2.593010146561443,15.783540022547914,16.640360766629083,0.11312217194570137,39.261651456176956
2413,環科,電子零組件,45.4,-0.7650273224043769,39885379.254999995,True,0.18975332068311196,94.42601194426013,33.55,2026-06-01,False,100.0,3.1818181818181785,0.07363184626478947,72.63999999999999,3.2366666666666646,98.8162344983089,74.06989853438557,75.08455467869221,40.58624577226607,47.350620067643746,67.18151071025929,62.217194570135746,56.88744407658129
6120,達運,光電及I/O,12.55,-1.5686274509803866,39842216.37,True,0.0,98.27471798274718,42.06,2026-06-01,False,96.52777777777779,-11.619718309859145,-0.08424384070147214,77.95031055900621,39.550000000000004,95.49041713641489,16.57271702367531,11.386696730552424,54.227733934611045,93.46110484780158,54.227733934611045,69.79638009049773,75.7354535344621
6716,應廣,半導體,117.5,7.798165137614688,39612526.05,True,47.778493238892466,51.09489051094891,60.58,2026-06-01,False,70.0,31.874298540965217,0.09543857148285168,100.0,16.156666666666673,71.53325817361895,98.64712514092446,81.17249154453214,98.98534385569336,79.0304396843292,85.87373167981961,80.88235294117648,63.18845745739108
4162,智擎,藥,63.6,1.1128775834658322,39396141.77,True,25.487012987012985,68.08228268082283,33.92,2026-06-01,False,50.0,-4.216867469879524,0.09707247441324311,86.1788617886179,6.030000000000001,50.56369785794814,42.84103720405862,82.07440811724915,73.73167981961669,58.060879368658405,61.45434047350621,62.89592760180995,61.087567018829034
3078,僑威,電子零組件,52.9,-2.3985239852398643,39231633.440000005,True,86.30952380952381,18.712674187126744,-57.6,2026-06-01,False,32.666666666666664,-1.1214953271028065,0.05392386658192346,56.15711252653928,-5.680000000000007,32.46899661781285,58.060879368658405,69.44757609921083,7.5535512965050735,21.98421645997745,37.903043968432925,0.904977375565611,20.716661480306282
4442,竣邦-KY,成衣,53.5,1.3257575757575912,39208015.23,True,25.190839694656486,68.28135368281355,36.2,2026-06-01,False,61.904761904761905,9.183673469387756,0.04656183427195339,73.69146005509643,4.286666666666665,63.19052987598647,85.68207440811724,66.62908680947012,42.84103720405862,51.634723788049605,61.99549041713641,65.10180995475113,46.36282565666975
2030,彰源,基本金屬,21.75,0.9280742459396807,39079958.945,True,35.7582540570789,61.18115461181155,33.89,2026-06-01,False,61.904761904761905,21.508379888268166,0.14599768397186386,100.0,6.933333333333334,63.19052987598647,95.82863585118376,90.07891770011274,98.98534385569336,61.33032694475761,81.88275084554678,62.66968325791855,57.25423028460365
6208,日揚,電子設備,81.5,-0.1225490196078316,38936155.805,True,91.72077922077922,13.33775713337757,22.5,2026-06-01,False,24.0,-7.701019252548129,0.012173322433936167,76.88679245283019,10.226666666666667,24.126268320180383,28.635851183765503,51.40924464487034,51.521984216459984,68.77113866967306,44.89289740698986,48.30316742081448,48.828892193422334
3303,岱稜,石化,53.2,-0.3745318352059823,38622925.43000001,True,29.22077922077922,65.29528865295289,48.97,2026-06-01,False,77.77777777777779,-7.3170731707317,-0.009328216587719478,84.57869634340224,19.409999999999997,77.95941375422774,30.665163472378804,37.88049605411499,70.46223224351748,82.86358511837655,59.96617812852311,74.6606334841629,73.10427900238233
1612,宏泰,電纜,34.3,-1.0101010101010166,38580664.03,True,13.365800865800868,78.50033178500333,-11.28,2026-06-01,False,63.63636363636363,8.201892744479489,-0.05747776367204907,84.37884378843789,-3.4966666666666653,64.59977452085683,83.65276211950395,18.038331454340472,70.01127395715896,26.944757609921083,52.64937993235626,6.67420814479638,39.40812362582706
4114,健喬,藥,30.0,0.6711409395973034,38193350.66500001,True,27.543290043290042,66.78832116788321,30.68,2026-06-01,False,45.65217391304348,-9.774436090225564,-0.20203571309925564,82.0793433652531,11.643333333333334,46.33596392333709,22.209695603156707,1.5783540022547913,65.16347237880497,71.58962795941376,41.37542277339346,58.710407239819006,62.00003698470108
3152,璟德,電子零組件,231.0,0.2169197396963085,38153528.65,True,45.183982683982684,53.15195753151958,23.54,2026-06-01,False,78.0,-8.695652173913043,-0.0062781416487981325,71.1864406779661,9.26,78.46674182638105,25.366403607666292,40.135287485907554,36.52762119503946,66.96730552423901,49.49267192784667,49.43438914027149,59.765587138506426
6799,來頡,半導體,86.1,0.7017543859649145,37708217.230000004,True,11.980676328502415,80.09289980092899,6.47,2026-06-01,False,88.46153846153845,-4.120267260579068,-0.1088084567279591,77.21973094170403,0.4033333333333333,87.9368658399098,43.51747463359639,6.764374295377677,52.311161217587376,37.0913190529876,45.524239007891765,25.16968325791855,55.47505892045483
6873,泓德能源,光電及I/O,70.6,-5.740987983978652,37423579.7,True,61.40979689366786,40.013271400132716,42.53,2026-06-01,False,47.22222222222222,-18.66359447004609,-0.08993140986918684,38.68493150684931,51.13666666666666,47.745208568207445,5.862457722660654,10.146561443066517,0.5636978579481398,95.37767756482526,31.939120631341602,70.13574660633483,53.145548827457446
6642,富致,電子零組件,86.7,0.8139534883720989,37418268.98,True,77.07462686567165,27.073656270736564,52.49,2026-06-01,False,46.0,7.568238213399516,0.06928122690614186,94.34167573449402,23.520000000000003,46.674182638105975,82.63810597519729,73.61894024802706,91.43179255918827,87.4859075535513,76.36978579481399,77.48868778280543,58.239139251225595
6725,矽科宏晟,電子設備,245.0,-0.6085192697768749,37366112.725,True,32.88590604026846,62.70736562707365,15.91,2026-06-01,False,82.66666666666667,-23.4375,-0.027951526898475267,59.90220048899756,18.61,83.25817361894025,2.480270574971815,28.635851183765503,11.837655016910936,81.8489289740699,41.61217587373168,39.25339366515837,57.96723793150943
2497,怡利電,汽車組件,47.0,-3.688524590163933,37316688.309999995,True,5.613472333600641,84.60517584605176,52.52,2026-06-01,False,97.22222222222221,-21.140939597315437,-0.09808989796578237,70.35928143712576,14.313333333333333,95.9977452085682,3.8331454340473505,8.793686583990981,33.93461104847801,76.32468996617813,43.77677564825253,77.60180995475113,75.9252551944375
2414,精技,電子通路,52.8,0.0,37313286.80500001,True,46.96969696969697,51.857996018579954,87.26,2026-06-01,False,64.15094339622641,-14.563106796116507,-0.10740604610498508,81.73374613003097,27.406666666666673,64.9379932356257,9.92108229988726,7.215332581736189,64.26155580608793,89.96617812852311,47.260428410372036,88.57466063348416,76.96328184382763
8289,泰藝,電子零組件,47.8,1.2711864406779627,37147094.3375,True,71.30136986301369,31.984074319840744,29.88,2026-06-01,False,51.33333333333333,-8.778625954198477,0.08847220605693801,63.14398943196829,21.75333333333333,52.19842164599775,25.140924464487036,79.25591882750845,16.910935738444195,85.456595264938,51.79255918827509,57.57918552036199,50.38690461007923
2707,晶華,餐飲飯店,178.0,-0.5586592178770999,37047846.0,True,15.151515151515152,77.57133377571334,13.94,2026-06-01,False,46.15384615384615,-0.8356545961002786,0.09453601001729084,87.46928746928747,8.363333333333333,46.956031567080046,59.75197294250282,80.83427282976324,75.64825253664036,64.9379932356257,65.62570462232243,35.633484162895925,49.62144883102838
8163,達方,光電及I/O,32.15,0.7836990595611271,37003439.4575,True,94.96753246753246,9.721300597213006,1.08,2026-06-01,False,16.666666666666664,-9.05233380480906,-0.06808635853542551,70.97130242825607,-7.923333333333332,16.629086809470124,24.689966178128522,15.558060879368659,35.851183765501695,18.376550169109358,22.220969560315673,18.438914027149323,36.557304605998155
8462,柏文,其他,179.5,0.27932960893854997,36663093.275,True,5.14993481095176,84.67153284671532,20.11,2026-06-01,False,83.33333333333334,12.1875,0.17165760809680064,100.0,-0.18666666666666742,84.16009019165726,89.06426155580608,93.01014656144307,98.98534385569336,35.28748590755355,80.10146561443067,45.248868778280546,59.83251031745627
5222,全訊,通信網路,122.0,3.3898305084745672,36560062.975,True,96.7409948542024,6.03848706038487,-4.97,2026-06-01,False,9.615384615384617,0.411522633744856,-0.02290692504732714,75.30864197530865,-14.48,8.793686583990981,64.4870349492672,31.116121758737318,47.576099210822996,13.303269447576099,33.05524239007892,11.312217194570136,25.79874201002923
3485,敘豐,電子設備,214.0,-1.382488479262678,36428306.9,True,1.4285714285714286,90.24552090245521,22.45,2026-06-01,False,96.0,-18.007662835249043,0.0022331062806741917,55.368693402328596,6.753333333333332,94.98308906426156,6.087936865839909,45.659526493799326,6.764374295377677,60.766629086809466,42.85231116121759,48.07692307692308,60.9341123926806
6411,晶焱,半導體,79.6,0.8871989860582907,36242641.08499999,True,79.70779220779221,25.215660252156603,9.84,2026-06-01,False,39.23076923076923,-7.65661252900233,-0.08213440252968768,69.82456140350877,-4.109999999999998,40.022547914317926,29.086809470124013,11.724915445321308,33.03269447576099,25.47914317925592,27.86922209695603,30.09049773755656,43.51473266437787
8121,越峰,電子零組件,30.5,0.660066006600668,36018522.1575,True,99.45235487404163,2.78699402786994,33.01,2026-06-01,False,4.666666666666667,-22.68694550063372,0.01609282835931433,56.06617647058824,8.649999999999999,3.3821871476888385,2.705749718151071,53.88951521984217,7.440811724915446,65.7271702367531,26.629086809470124,61.651583710407245,42.442208216215114
3338,泰碩,電子零組件,64.6,0.7800312012480548,35906096.489999995,True,99.72943722943724,2.18978102189781,20.83,2026-06-01,False,3.0,-5.278592375366581,-0.03087098013917795,72.82976324689965,15.096666666666664,1.6347237880496055,37.20405862457722,27.05749718151071,41.26268320180383,77.67756482525367,36.96730552423901,46.380090497737555,38.01835971575344
6024,群益期,期貨,61.6,0.32573289902280145,35280088.795,True,21.428571428571427,71.93098871930988,124.15,2026-06-01,False,71.90635451505017,-5.521472392638039,0.041270002910152655,94.47852760736197,169.84,73.05524239007892,36.18940248027058,63.923337091319056,91.8827508455468,98.75986471251409,72.76211950394588,92.87330316742081,80.40547348069398
6179,亞通,工程承攬,27.85,1.8281535648994485,35119809.449999996,True,95.33381191672649,8.825481088254811,229.22,2026-06-01,False,16.666666666666664,3.1481481481481532,0.08774887167843712,78.01120448179272,89.10999999999999,16.629086809470124,73.95715896279594,78.91770011273958,54.56595264937994,97.1815107102593,64.25028184892898,96.71945701357465,48.4893343774072
2535,達欣工,營造,87.5,-1.4639639639639657,34761916.794999994,True,21.59090909090909,71.53284671532847,19.94,2026-06-01,False,53.333333333333336,-2.0156774916013407,-0.04989909731276719,90.4860392967942,19.6,54.227733934611045,53.325817361894025,20.518602029312287,83.42728297632469,83.65276211950395,59.0304396843292,45.022624434389144,57.33795599585772
5426,振發,電子零組件,28.8,-3.5175879396984966,34733455.837500006,True,48.940677966101696,50.23224950232249,44.52,2026-06-01,False,76.0,2.6737967914438503,-0.07613806984915643,72.63556116015133,19.45666666666667,76.38105975197294,72.26606538895152,13.303269447576099,40.47350620067644,83.0890642615558,57.10259301014656,71.71945701357465,54.076989394318126
7722,LINEPAY,數位雲端,290.5,-0.34305317324184736,34421655.3,True,0.0,98.27471798274718,14.16,2026-06-01,False,95.65217391304348,-7.336523125996811,0.031672570077868244,43.164933135215456,-0.09999999999999964,94.53213077790305,30.43968432919955,60.99210822998873,1.3528748590755355,35.400225479143174,44.543404735062005,36.31221719457013,50.439384625587294
4556,旭然,其他電製品,90.9,-9.999999999999998,34353109.55500001,True,78.63449087698646,25.812873258128732,14.45,2026-06-01,False,37.5,-21.974248927038623,-0.006502034021007254,68.60377358490567,12.559999999999999,38.049605411499435,3.3821871476888385,39.9098083427283,30.214205186020294,73.61894024802706,37.03494926719278,36.76470588235294,50.411582333045956
4736,泰博,醫療耗材,141.0,5.223880597014929,33886736.925,True,16.82900432900433,76.17783676177837,2.09,2026-06-01,False,52.77777777777778,8.461538461538462,0.23841728160186104,98.25783972125436,8.469999999999999,53.66403607666291,84.44193912063133,97.1815107102593,96.16685456595265,65.2762119503946,79.34611048478016,18.947963800904976,46.084228830722296
3138,耀登,通信網路,97.6,0.0,33638792.70999999,True,58.43023255813954,42.13669542136695,-1.44,2026-06-01,False,51.92307692307693,-10.45871559633028,0.12633674918407575,44.8735632183908,-8.786666666666667,52.423900789177004,20.180383314543406,87.9368658399098,1.6910935738444193,17.474633596392334,35.94137542277339,15.158371040723981,37.2732455223005
2546,根基,營造,104.0,4.417670682730934,33535889.15,True,6.547619047619048,83.80889183808891,44.27,2026-06-01,False,86.66666666666667,8.672936259143151,0.08852206203736757,100.0,14.67333333333334,86.47125140924464,84.6674182638106,79.36865839909808,98.98534385569336,76.88838782412627,85.27621195039458,71.38009049773756,68.04231687471625
5291,邑昇,印刷電路板,55.9,-1.7574692442882234,33445254.712499995,True,68.1029658645775,34.306569343065696,40.5,2026-06-01,False,72.72727272727273,2.1937842778793337,-0.007769133399914036,70.93908629441624,-1.0399999999999991,73.95715896279594,70.01127395715896,38.444193912063135,35.73844419391206,33.42728297632469,50.31567080045096,68.55203619909503,52.05909134966102
6577,勁豐,電腦及週邊,79.5,-1.1194029850746356,32956729.839999996,True,53.73376623376623,45.719973457199735,4.97,2026-06-01,False,52.63157894736842,2.5806451612903225,0.020835048396073325,84.21610169491525,3.633333333333333,53.26944757609922,71.70236753100339,56.59526493799324,69.22209695603156,49.49267192784668,60.05636978579482,23.076923076923077,43.466525019512616
3114,好德,電子通路,35.0,-3.4482758620689613,32955316.880000003,True,35.17316017316017,61.64565361645654,-16.21,2026-06-01,False,69.81132075471697,-1.960784313725498,-0.0411426175032042,60.65857885615251,-9.556666666666668,71.36414881623449,53.66403607666291,23.449830890642616,12.852311161217585,16.798196166854567,35.62570462232243,4.864253393665159,33.85416932361358
1909,榮成,造紙,10.15,0.4950495049504955,32704737.982499994,True,80.60301507537689,23.888520238885203,44.1,2026-06-01,False,16.666666666666664,-2.8708133971291767,0.06543417591167272,88.646288209607,22.83666666666667,16.629086809470124,49.154453213077794,72.71702367531003,79.0304396843292,86.58399098083427,60.82299887260429,71.15384615384616,54.41472985864192
7805,威聯通,電腦及週邊,685.0,-1.862464183381085,32512831.4,True,19.480519480519483,73.457199734572,28.11,2026-06-01,False,85.96491228070175,9.951845906902086,0.150062643064546,83.53658536585365,13.176666666666668,86.02029312288614,86.58399098083427,90.52987598647125,68.32018038331455,74.29537767756483,81.14994363021421,55.42986425339367,55.79658669469002
3528,安馳,電子通路,90.0,0.7838745800671898,32327056.109999996,True,3.571428571428571,86.92767086927671,57.4,2026-06-01,False,88.67924528301887,1.1235955056179776,-0.029960651894588446,64.28571428571429,-11.756666666666668,88.2750845546787,67.53100338218715,27.73393461104848,18.82750845546787,14.881623449830892,43.449830890642616,79.18552036199095,54.68927749748759
2010,春源,基本金屬,22.7,-1.089324618736387,32307659.5525,True,2.218614718614719,88.6861313868613,-0.43,2026-06-01,False,92.85714285714286,6.823529411764702,0.20502723239039417,87.984496124031,-0.6966666666666667,92.2773393461105,80.72153325817362,95.6031567080045,77.11386696730553,34.04735062006765,75.95264937993235,17.081447963800905,51.437780254760824
3024,憶聲,家電製品,13.45,0.7490636704119868,32225583.85249999,True,99.94588744588745,0.26542800265428,-36.91,2026-06-01,False,5.555555555555555,-1.465201465201473,-0.011136883798816001,75.56179775280899,18.189999999999998,4.058624577226606,56.14430665163472,36.3021420518602,48.59075535512965,81.510710259301,45.32130777903044,2.1493212669683257,24.663598636922465
6259,百徽,電子通路,32.0,3.059581320450877,32212724.932500005,True,66.84303350970018,35.301924353019245,82.68,2026-06-01,False,33.9622641509434,-13.161465400271375,0.0106576019907446,75.11737089201877,35.080000000000005,34.04735062006765,12.852311161217585,50.05636978579482,47.23788049605411,92.22096956031567,47.28297632468997,87.89592760180996,64.08221188917852
3046,建碁,電腦及週邊,61.0,-2.0866773675762396,32200772.345,True,17.86764705882353,75.11612475116125,53.63,2026-06-01,False,87.71929824561403,12.546125461254606,0.1604670762256475,95.3125,3.3766666666666723,87.37316798196166,89.28974069898534,92.10822998872604,93.01014656144307,48.02705749718152,81.96166854565953,78.05429864253394,67.28696812173833
4127,天良,藥,83.0,-6.741573033707871,32008403.050000004,True,49.58847736625515,49.43596549435966,41.38,2026-06-01,False,32.608695652173914,0.0,0.148322024278744,92.73743016759776,-3.68333333333333,32.35625704622323,62.626832018038336,90.304396843292,88.7260428410372,26.268320180383313,60.05636978579482,69.23076923076923,56.92155927499783
6205,詮欣,電子零組件,63.3,-1.7080745341615078,31992593.345,True,70.94155844155844,32.31585932315859,34.36,2026-06-01,False,52.666666666666664,-5.2395209580838324,0.13971402870794725,64.4602851323829,31.92,53.43855693348365,37.54227733934611,89.17700112739571,19.165727170236753,91.31905298759865,58.128523111612175,63.348416289592755,49.602605763491766
2420,新巨,電子零組件,57.7,1.5845070422535246,31883348.479999997,True,64.33982683982684,36.695421366954214,10.73,2026-06-01,False,60.66666666666667,-2.6981450252951,0.060763914214150165,88.3614088820827,8.393333333333334,61.78128523111612,49.71815107102593,71.02593010146562,78.24126268320181,65.05073280721533,65.16347237880495,31.108597285067873,55.353248532089964
5515,建國,營造,50.4,9.80392156862746,31718254.232499998,True,15.205627705627705,77.4386197743862,24.55,2026-06-01,False,66.66666666666666,20.28639618138425,0.13726626854925364,100.0,6.376666666666669,68.1510710259301,95.49041713641489,88.83878241262683,98.98534385569336,59.301014656144304,82.1533258173619,50.16968325791855,55.45392025078178
6156,松上,印刷電路板,22.2,0.9090909090909038,31540363.8875,True,99.94413407821229,0.53085600530856,55.51,2026-06-01,False,2.272727272727273,-15.589353612167306,0.08876194137799369,69.375,20.513333333333335,1.2401352874859075,8.342728297632469,79.59413754227734,32.01803833145434,84.32919954904172,41.10484780157835,78.84615384615384,50.9403997918654
4721,美琪瑪,其他化學,74.3,-0.6684491978609652,31521318.639999997,True,4.313960455362492,85.86595885865958,-19.35,2026-06-01,False,87.5,-3.1290743155150005,-0.09309820545936223,73.56435643564356,-2.9733333333333327,87.0913190529876,48.02705749718152,9.582863585118377,42.50281848928974,29.19954904171364,43.28072153325817,3.959276018099547,46.381589015798845
7768,頌勝科技,樹脂,280.0,3.703703703703698,31510784.95,True,0.0,98.27471798274718,11.91,2026-06-01,False,100.0,-12.908242612752721,0.10035028513881113,57.31832139201638,5.323333333333334,98.8162344983089,13.528748590755354,82.41262683201805,9.019165727170236,54.904171364148816,51.73618940248027,33.03167420814479,56.834581460717146
8147,正淩,電子零組件,125.5,-3.4615384615384603,31094913.4,True,57.23723723723724,43.33112143331122,14.91,2026-06-01,False,70.66666666666667,-10.676156583629894,-0.041905461257448075,65.87926509186352,5.833333333333334,71.87147688838782,19.27846674182638,22.998872604284102,22.435174746335964,57.04622322435174,38.7260428410372,37.44343891402715,53.11790595173114
3580,友威科,電子設備,79.7,-0.8706467661691586,30789188.679999996,True,96.37445887445888,6.801592568015925,-2.83,2026-06-01,False,10.666666666666668,-13.180827886710233,0.07522192830296684,70.53097345132744,-20.806666666666665,9.63923337091319,12.73957158962796,75.76099210822998,34.38556933483653,9.470124013528748,28.399098083427287,13.34841628959276,36.15841185142863
8415,大國鋼,基本金屬,38.3,-0.9055627425614499,30647634.722500004,True,19.913419913419915,72.92634372926344,36.57,2026-06-01,False,78.57142857142857,6.0941828254847525,0.2023626154565441,99.09443725743856,11.29333333333333,78.91770011273958,79.36865839909808,95.37767756482526,97.29425028184893,71.13866967305525,84.4193912063134,65.72398190045249,65.64181847398572
2331,精英,電腦及週邊,19.1,-1.036269430051806,30562987.867500007,True,65.87997302764667,35.8327803583278,25.84,2026-06-01,False,35.08771929824561,-6.37254901960783,0.010874030289716828,63.7729549248748,18.476666666666667,35.28748590755355,33.93461104847801,50.84554678692221,18.038331454340472,81.73618940248028,43.96843291995491,51.866515837104075,42.81443053763002
3703,欣陸,營造,20.0,0.0,30178191.607500006,True,27.022471910112362,66.95421366954214,-5.55,2026-06-01,False,40.0,-3.614457831325301,-0.09079981434016975,81.9672131147541,-1.6233333333333326,40.7553551296505,45.88500563697858,9.92108229988726,64.9379932356257,31.679819616685457,38.635851183765496,10.633484162895927,42.61045672279839
2034,允強,基本金屬,20.05,-0.7425742574257321,30172509.9925,True,81.6912335143522,23.02587923025879,22.48,2026-06-01,False,11.904761904761903,-0.9876543209876508,0.09521305312064572,88.52097130242826,17.293333333333333,11.048478015783541,58.8500563697858,81.05975197294251,78.91770011273958,80.608793686584,62.09695603156708,48.19004524886878,44.82654175190152
1618,合機,電纜,40.95,-0.9673518742442488,30000877.857499998,True,2.306733167082294,88.58659588586596,-37.72,2026-06-01,False,90.9090909090909,7.198952879581151,0.12126638404109205,81.73652694610779,-50.54666666666667,90.6989853438557,81.8489289740699,87.37316798196166,64.37429537767756,4.509582863585118,65.76099210823,2.0361990950226243,43.81513771062149
1623,大東電,電纜,214.0,0.46948356807512415,29988497.8,True,35.338345864661655,61.446582614465825,13.63,2026-06-01,False,45.45454545454545,-6.753812636165578,-0.19795067526841717,62.94117647058823,22.886666666666667,45.9413754227734,32.694475760992106,1.6910935738444193,16.00901916572717,86.80947012401353,36.629086809470124,35.294117647058826,41.137509118641816
2108,南帝,橡膠原料,30.3,-1.7828200972447306,29815796.430000007,True,51.94805194805194,47.179827471798276,31.78,2026-06-01,False,47.09030100334448,6.129597197898424,0.2347867897934377,94.24572317262832,0.11333333333333329,47.576099210822996,79.48139797068771,97.06877113866967,91.0935738444194,36.3021420518602,70.30439684329198,59.72850678733032,54.729195467971245
2547,日勝生,建設,10.15,0.4950495049504955,29691356.095,True,84.1025641025641,20.37159920371599,141.99,2026-06-01,False,8.620689655172415,-8.558558558558554,0.1401805312634102,87.50000000000001,77.05333333333334,7.328072153325817,25.70462232243517,89.40248027057497,75.98647125140926,96.84329199549042,59.05298759864712,93.89140271493213,62.87533094930801
8473,山林水,資源回收,45.55,6.301050175029155,29506811.2725,True,0.26298487836949375,94.16058394160584,18.1,2026-06-01,False,86.95652173913044,-2.462526766595301,-0.009967386620409337,81.33928571428571,4.586666666666666,86.86583990980834,51.18376550169109,36.97857948139797,63.246899661781285,52.76211950394588,58.207440811724915,42.53393665158371,60.36572768037057
9911,櫻花,五金及家具,82.0,-0.12180267965894442,29177185.705000002,True,24.18831168831169,69.40942269409422,6.72,2026-06-01,False,90.9090909090909,-2.612826603325419,-0.10597154043883918,88.84073672806068,-0.5533333333333337,90.6989853438557,50.16910935738444,7.440811724915446,79.59413754227734,34.2728297632469,52.43517474633596,26.018099547511316,61.53552826906497
3049,精金,光電及I/O,11.35,5.581395348837215,29079239.5295,True,92.39543726235742,12.27604512276045,-68.18,2026-06-01,False,20.833333333333336,-5.41666666666667,0.02649423191944689,63.05555555555556,2.839999999999989,21.25140924464487,36.41488162344983,58.62457722660653,16.347237880496053,46.33596392333709,35.79481397970687,0.7918552036199095,25.49390517632775
4912,聯德控股-KY,電子零組件,92.9,-1.9007391763463555,29047517.905,True,97.24025974025975,5.308560053085601,53.33,2026-06-01,False,11.333333333333332,6.171428571428578,0.0453152541765495,80.78260869565219,15.083333333333336,10.597519729425029,79.70687711386697,65.95264937993235,61.668545659526494,77.56482525366404,59.09808342728297,77.94117647058823,42.625091186418196
6651,全宇昕,半導體,142.0,2.898550724637672,28213310.625,True,77.10663683818046,27.00729927007299,19.46,2026-06-01,False,40.76923076923077,7.575757575757576,-0.002108620702716119,84.02366863905326,6.140000000000001,41.60090191657272,82.86358511837655,42.728297632469,68.65839909808342,58.39909808342728,58.8500563697858,44.57013574660634,42.99146291072148
4746,台耀,藥,53.4,-0.743494423791824,28194678.644999992,True,44.109589041095894,54.34638354346384,0.29,2026-06-01,False,39.130434782608695,0.7547169811320728,0.010793741517886873,77.05627705627705,10.406666666666666,39.79706877113867,66.06538895152198,50.50732807215332,51.747463359639234,69.44757609921083,55.5129650507328,17.53393665158371,35.753269957709904
3093,港建*,電子設備,49.25,0.6128702757916216,28144572.9175,True,95.83333333333334,7.697412076974121,92.31,2026-06-01,False,12.0,-3.2416502946954786,0.024926131961531022,65.14550264550265,86.42333333333333,11.217587373167982,47.576099210822996,57.83540022547914,20.856820744081173,97.06877113866967,46.910935738444195,89.47963800904978,43.494486728868985
5521,工信,營造,10.75,4.3689320388349495,27927790.1265,True,25.025432349949135,68.3477106834771,-0.66,2026-06-01,False,46.666666666666664,3.8647342995169116,0.0003079009603843276,39.30530164533821,-7.48,47.350620067643746,75.08455467869221,44.53213077790304,0.9019165727170236,18.60202931228861,37.29425028184893,16.628959276018097,22.449235309421663
5225,東科-KY,消費性電子,62.0,0.0,27868902.704999994,True,71.08843537414967,32.11678832116788,17.8,2026-06-01,False,26.31578947368421,-14.00832177531206,-0.09149309164212235,53.21888412017167,11.693333333333335,26.550169109357384,11.161217587373168,9.808342728297632,4.6223224351747465,72.15332581736189,24.859075535512964,42.19457013574661,40.551461023226395
1436,華友聯,建設,37.2,-1.7173051519154492,27694740.635,True,64.71861471861472,36.42999336429993,-79.41,2026-06-01,False,27.586206896551722,-19.130434782608692,-0.12158703692477812,45.644171779141104,-59.349999999999994,27.959413754227736,5.0732807215332585,5.411499436302142,2.142051860202931,3.720405862457723,8.861330326944758,0.4524886877828055,31.370168395170055
6015,宏遠證,證券,15.95,-0.6230529595015688,27633906.4925,True,24.700239808153476,68.67949568679495,270.84,2026-06-01,False,37.5,-7.803468208092493,-0.10418681890296973,69.65065502183407,-1343.4433333333336,38.049605411499435,28.18489289740699,7.666290868094701,32.35625704622323,0.5636978579481398,21.3641488162345,97.17194570135746,59.84822881541828
1440,南紡,人纖,13.65,0.3676470588235281,27602980.964999996,True,99.82683982683983,1.5262110152621102,-11.53,2026-06-01,False,11.11111111111111,1.8656716417910446,0.05013386135082283,87.5,2.2200000000000006,10.146561443066517,69.22209695603156,67.86922209695602,75.87373167981961,43.51747463359639,53.32581736189403,6.278280542986425,30.769119177460247
2221,大甲,基本金屬,53.7,6.972111553784854,27526620.109999996,True,89.12337662337663,15.958858659588588,34.65,2026-06-01,False,7.142857142857142,-8.047945205479445,0.007904693232110934,91.95205479452055,11.006666666666664,5.693348365276212,27.28297632468997,48.47801578354002,86.47125140924464,70.5749718151071,47.700112739571594,63.57466063348416,57.11407102082876
3356,奇偶,光電及I/O,62.9,4.833333333333334,27487739.185000002,True,0.0,98.27471798274718,24.09,2026-06-01,False,96.52777777777779,5.536912751677847,-0.0020163277374420975,96.32465543644717,10.523333333333332,95.49041713641489,78.12852311161218,42.84103720405862,94.02480270574972,69.56031567080045,76.00901916572717,49.886877828054295,65.31839363965167
3556,禾瑞亞,半導體,64.9,-0.15384615384614886,27466626.73,True,58.549783549783555,42.070338420703386,66.86,2026-06-01,False,58.46153846153847,-5.255474452554736,0.07399990873487751,80.72139303482587,35.61,59.63923337091319,37.31679819616686,75.42277339346111,61.44306651634723,92.44644870349494,65.25366403607667,83.5972850678733,66.84069668974172
7786,東方風能,海運,126.0,-3.4482758620689613,27356859.0,True,22.47191011235955,71.0019907100199,18.58,2026-06-01,False,81.81818181818183,-3.816793893129771,0.09428536119182197,43.29896907216495,-17.613333333333337,82.58173618940248,45.095828635851184,80.72153325817362,1.4656144306651635,11.048478015783541,44.182638105975194,43.21266968325792,45.5410479168686
6592,和潤企業,租賃,61.7,0.3252032520325354,27024978.07,True,2.5878003696857674,88.05573988055741,-6.2,2026-06-01,False,88.02675585284281,-0.32310177705976695,0.14088079444204576,85.93314763231199,-2.2,87.82412626832019,61.668545659526494,89.5152198421646,72.49154453213077,30.777903043968436,68.45546786922209,10.407239819004525,52.26359123998225
5258,虹堡,電腦及週邊,49.95,-1.8664047151276897,26888875.042499997,True,62.53117206982544,38.752488387524885,20.75,2026-06-01,False,40.35087719298245,-7.499999999999994,0.0026855158997151083,63.22784810126583,-5.52,41.37542277339346,29.763246899661784,45.997745208568205,17.13641488162345,22.435174746335964,31.341600901916575,46.26696832579186,43.75388977028675
7744,崴寶,電子零組件,486.0,6.229508196721301,26865245.325,True,29.82456140350877,64.89714664897147,128.13,2026-06-01,False,84.66666666666667,7.28476821192053,-0.01484263117308951,79.93421052631578,15.870000000000005,85.34385569334837,82.07440811724915,34.94926719278467,59.63923337091319,78.69222096956031,68.13979706877113,93.09954751131222,64.00205711458116
3483,力致,電子零組件,74.0,-1.464713715046595,26774923.5,True,85.55194805194806,19.30988719309887,-18.47,2026-06-01,False,34.66666666666667,-9.313725490196072,-0.017531253803854497,55.430711610486895,-8.08,34.780157835400225,23.900789177001126,33.25817361894025,6.877113866967305,18.038331454340472,23.370913190529876,4.298642533936651,30.513781264825763
6224,聚鼎,電子零組件,62.6,2.287581699346397,26704711.669999994,True,87.33766233766234,17.51824817518248,14.7,2026-06-01,False,30.666666666666664,-0.6349206349206327,0.060722733119760286,65.89473684210526,13.25,30.496054114994365,60.766629086809466,70.91319052987599,22.547914317925592,74.52085682074409,51.84892897406989,37.2737556561086,32.38777375055477
5474,聰泰,電腦及週邊,157.5,0.6389776357827559,26657750.15,True,83.27922077922078,21.366954213669544,16.3,2026-06-01,False,21.052631578947366,3.9603960396039604,0.09563139516186495,74.82185273159145,16.776666666666667,21.42051860202931,75.31003382187149,81.39797068771138,45.77226606538895,79.93235625704622,60.76662908680947,40.44117647058824,33.08098182903375
3360,尚立,電子通路,17.1,-2.005730659025773,26596531.597500004,True,99.90079365079364,0.92899800928998,95.16,2026-06-01,False,1.8867924528301887,-17.590361445783127,0.017692182486072933,74.83588621444201,22.809999999999988,0.9019165727170236,6.538895152198422,55.01691093573844,45.88500563697858,86.47125140924464,38.962795941375425,89.81900452488688,57.516757895596015
6192,巨路,電子通路,119.0,-1.2448132780082943,26586424.2,True,78.78787878787878,25.746516257465164,16.94,2026-06-01,False,24.528301886792452,-1.2448132780082988,-0.13315307814899546,89.13857677902621,5.2233333333333345,24.351747463359636,57.609921082299884,4.735062006764374,80.608793686584,54.34047350620068,44.32919954904172,41.289592760180994,47.160053206956185
6189,豐藝,電子通路,49.55,-0.10080645161291146,26531010.3175,True,94.26406926406926,10.28533510285335,4.49,2026-06-01,False,9.433962264150944,1.019367991845056,0.16967660427041673,87.54416961130741,2.92,8.568207440811724,66.85456595264938,92.89740698985344,76.09921082299887,46.56144306651635,58.19616685456596,22.28506787330317,35.024480046116096
4532,瑞智,家電製品,23.7,-0.42016806722690037,26429985.5425,True,20.616883116883116,72.39548772395487,28.8,2026-06-01,False,72.22222222222221,-6.6929133858267695,-0.17639585955249,81.44329896907216,12.366666666666667,73.3934611048478,32.91995490417137,2.142051860202931,63.47237880496054,73.16798196166854,49.01916572717023,56.22171945701358,65.04190111566265
6112,邁達特,資訊服務,46.55,0.8667388949079147,26386047.669999994,True,31.337437045327366,63.83543463835435,-2.29,2026-06-01,False,40.0,10.177514792899402,0.23249092493043336,82.09876543209876,-15.11,40.7553551296505,86.92220969560316,96.95603156708005,65.2762119503946,12.62683201803833,60.50732807215333,14.25339366515837,33.34068776240008
5306,桂盟,自行車組件,95.9,-1.942740286298561,26209760.874999996,True,64.28571428571429,36.76177836761778,31.67,2026-06-01,False,36.78929765886287,-3.3266129032258034,0.04844442894191393,96.28514056224901,15.810000000000002,37.0913190529876,47.23788049605411,67.19278466741827,93.91206313416009,78.57948139797068,64.80270574971814,59.61538461538461,60.84522157661955
2442,新美齊,建設,19.55,-0.25510204081633514,25955470.562500004,True,16.025641025641026,76.7750497677505,220.09,2026-06-01,False,79.3103448275862,0.25641025641026005,0.05807010094938524,65.16666666666667,97.56333333333332,79.8196166854566,63.6978579481398,70.34949267192785,20.9695603156708,97.74520856820745,66.51634723788051,96.26696832579185,58.33957184469486
6263,普萊德,通信網路,164.5,1.2307692307692353,25906663.225,True,86.74242424242425,18.248175182481752,4.21,2026-06-01,False,32.69230769230769,4.113924050632911,0.1849309431015526,87.26790450928382,-3.7233333333333336,32.581736189402484,75.64825253664036,94.58850056369785,75.19729425028186,26.155580608793688,60.83427282976324,21.945701357466064,38.51911981512751
9925,新保,保全,40.0,-0.24937655860349794,25678349.812500004,True,2.75974025974026,87.8566688785667,3.31,2026-06-01,False,87.82608695652175,-3.3816425120772915,-0.021966345110571897,96.3855421686747,0.5066666666666668,87.4859075535513,46.786922209695604,31.4543404735062,94.13754227733935,37.31679819616686,59.436302142051865,20.92760180995475,63.94103235778745
6532,瑞耘,電子設備,87.0,0.694444444444442,25462282.455000002,True,12.662337662337661,79.36297279362972,18.65,2026-06-01,False,90.66666666666666,17.726657645466837,0.0023675972221581503,76.31578947368422,-8.220000000000006,90.24802705749718,94.3630214205186,45.77226606538895,50.50732807215332,17.81285231116122,59.74069898534386,43.495475113122176,47.47195220556352
1720,生達,藥,56.4,-0.1769911504424848,25284168.400000002,True,0.0,98.27471798274718,9.11,2026-06-01,False,95.65217391304348,-12.558139534883722,-0.03999690864291151,85.97560975609757,6.4799999999999995,94.53213077790305,14.205186020293123,24.351747463359636,72.82976324689966,59.864712514092446,53.15670800450958,29.298642533936654,70.61383763461156
8478,東哥遊艇,機車船製造,146.0,0.0,25283976.075,True,4.058441558441558,86.13138686131386,76.33,2026-06-01,False,91.66666666666666,-6.109324758842444,-0.007709198090082274,63.06695464362851,92.47333333333333,91.37542277339347,34.83652762119504,38.55693348365276,16.57271702367531,97.29425028184893,55.7271702367531,86.65158371040724,64.94079897157025
2106,建大,輪胎,17.6,-3.296703296703285,25278421.59,True,95.19464720194647,9.289980092899802,11.6,2026-06-01,False,20.0,-3.8251366120218537,-0.10944899679605738,81.86046511627907,5.493333333333333,20.293122886133034,44.983089064261556,6.538895152198422,64.4870349492672,55.91882750845547,38.444193912063135,32.46606334841629,43.06578302988874
4441,振大環球,成衣,204.5,1.7412935323383172,25227804.05,True,3.125,87.22627737226277,-3.51,2026-06-01,False,80.95238095238095,13.29639889196676,-0.018478376561173602,69.20473773265653,-3.0400000000000005,81.79255918827508,90.19165727170237,32.807215332581734,31.4543404735062,28.97406989853439,53.043968432919954,12.669683257918551,33.93123141199936
6870,騰雲,數位雲端,261.5,1.7509727626459082,24748392.85,True,26.062322946175637,67.55142667551426,54.55,2026-06-01,False,34.78260869565217,-20.757575757575758,-0.10962575145152174,79.24242424242425,-9.50333333333333,35.11837655016911,4.3968432919954905,6.426155580608793,57.72266065388951,16.910935738444195,24.11499436302142,78.50678733031674,66.73774531059496
6546,正基,通信網路,66.0,-2.941176470588236,24492184.5,True,26.777020447906523,67.35235567352356,-0.77,2026-06-01,False,76.92307692307693,2.8037383177570048,-0.08632195603167186,73.33333333333333,1.98,77.22660653889515,72.82976324689966,10.935738444193912,41.9391206313416,42.615558060879366,49.109357384441935,16.233031674208146,40.64224889938631
2243,宏旭-KY,汽車組件,39.7,-3.170731707317065,24454308.8775,True,17.53846153846154,75.4479097544791,-40.08,2026-06-01,False,75.0,-25.094339622641503,-0.08506125588305083,60.151515151515156,-37.516666666666666,75.8173618940248,1.8038331454340473,11.273957158962796,12.288613303269448,5.186020293122886,21.273957158962794,1.6968325791855203,46.99974365776143
5607,遠雄港,貨運倉儲,52.2,1.1627906976744207,24447306.067500003,True,22.023809523809522,71.40013271400133,37.01,2026-06-01,False,71.42857142857143,2.5540275049115997,0.016311077189844887,93.71633752244165,-0.023333333333333428,72.6042841037204,71.47688838782412,54.002254791431795,90.304396843292,35.851183765501695,64.847801578354,66.06334841628959,64.37378524386946
4716,大立,樹脂,17.35,-0.2873563218390607,23672843.975,True,58.84557721139431,41.73855341738553,-0.84,2026-06-01,False,35.714285714285715,-14.1089108910891,-0.07112067448599106,71.69421487603307,6.5133333333333345,35.73844419391206,10.935738444193912,14.768883878241262,37.429537767756486,60.09019165727171,31.792559188275085,15.837104072398189,44.517336897468205
2607,榮運,貨運倉儲,49.9,-1.1881188118811892,23573105.93,True,23.160173160173162,70.3384207033842,25.41,2026-06-01,False,64.28571428571429,5.49682875264271,0.122184022796646,84.14839797639124,5.366666666666667,65.10710259301014,78.01578354002254,87.59864712514093,68.9966178128523,55.2423900789177,70.99210822998873,51.35746606334841,51.86135073229708
1307,三芳,石化,30.55,-1.132686084142387,23334122.3475,True,0.91991341991342,91.70537491705375,11.11,2026-06-01,False,94.44444444444444,-6.574923547400617,-0.09547528897857462,81.68449197860963,1.5099999999999998,93.34836527621195,33.14543404735062,9.019165727170236,64.14881623449831,40.69898534385569,48.07215332581737,31.90045248868778,64.06304998801185
6235,華孚,電子零組件,38.8,-1.0204081632653184,23307537.1,True,64.48598130841121,36.56270736562707,-3.96,2026-06-01,False,60.0,-8.382526564344756,0.07936271964251383,50.65274151436031,2.3400000000000007,61.10484780157835,26.38105975197294,76.66290868094701,3.269447576099211,44.081172491544535,42.29988726042842,12.217194570135746,37.5526075489601
5508,永信建,建設,52.8,-2.0408163265306145,23116405.110000003,True,82.68398268398268,21.997345719973456,329.34,2026-06-01,False,12.068965517241379,-6.548672566371687,0.036359265938176365,49.34579439252336,166.54333333333332,11.386696730552424,33.25817361894025,62.344983089064264,3.0439684329199546,98.64712514092446,41.73618940248027,97.85067873303167,44.75579256939095
5292,華懋,電子設備,190.0,1.6042780748663166,23074624.2,True,83.05597579425114,21.49966821499668,-8.28,2026-06-01,False,38.666666666666664,8.882521489971348,-0.0669893421659347,71.69811320754717,-10.99,39.346110484780155,85.23111612175873,15.89627959413754,37.65501691093574,15.558060879368659,38.737316798196176,8.823529411764707,25.14838517143047
1617,榮星,電纜,18.6,-2.1052631578947323,23035860.335,True,28.921568627450984,65.49435965494361,39.58,2026-06-01,False,54.54545454545454,-22.17573221757321,0.028549279456406902,69.66292134831461,5.873333333333328,55.07328072153326,3.0439684329199546,59.63923337091319,32.46899661781285,57.384441939120634,41.52198421645998,67.76018099547511,63.06462247547532
5236,凌陽創新,半導體,142.0,0.0,23004065.075,True,31.918367346938776,63.304578633045786,12.78,2026-06-01,False,80.0,-6.885245901639345,-0.09844593977654366,76.13941018766755,-7.076666666666666,80.72153325817362,32.13077790304396,8.680947012401354,49.943630214205186,19.052987598647125,38.105975197294256,34.276018099547514,58.20260091722059
4533,協易機,機械,28.2,5.223880597014929,22968647.9675,True,97.69921436588103,4.512276045122761,0.49,2026-06-01,False,2.7777777777777777,1.4388489208633042,0.00945026802838377,68.36363636363636,-5.079999999999999,1.4656144306651635,68.0947012401353,49.154453213077794,29.4250281848929,23.337091319052988,34.29537767756483,17.986425339366516,20.19559167869732
2364,倫飛,電腦及週邊,81.3,3.566878980891719,22486463.61,True,3.942652329749104,86.39681486396815,60.06,2026-06-01,False,92.98245614035088,14.83050847457627,0.25024265245083094,74.24657534246575,21.990000000000002,92.44644870349494,92.3337091319053,97.74520856820745,44.081172491544535,85.79481397970687,82.48027057497181,80.65610859728507,56.21250516510481
2015,豐興,基本金屬,63.6,0.15748031496063408,22427483.275,True,44.426406926406926,53.91506303915064,-9.73,2026-06-01,False,45.23809523809524,-1.0886469673405845,0.22176259737165918,90.2127659574468,-0.5099999999999998,45.20856820744081,58.39909808342728,96.27959413754228,82.75084554678692,34.49830890642615,63.42728297632468,7.8054298642533935,44.34143638376346
6234,高僑,電子設備,36.05,-3.4805890227577074,21793378.7425,True,88.90845070422534,16.19110816191108,-15.81,2026-06-01,False,26.666666666666668,-9.875000000000007,0.12834977696067407,58.14516129032258,-22.45,27.113866967305523,21.871476888387825,88.16234498308907,10.146561443066517,8.793686583990981,31.21758737316798,4.97737556561086,30.091581771898767
4303,信立,石化,47.6,1.276595744680864,21595706.610000003,True,60.5878423513694,40.54412740544127,-10.0,2026-06-01,False,50.0,7.44920993227992,0.1791200301207721,57.00598802395209,-14.543333333333333,50.56369785794814,82.41262683201805,94.02480270574972,8.568207440811724,13.077790304396844,49.7294250281849,7.6923076923076925,21.102896539762376
8213,志超,印刷電路板,33.3,0.0,21502542.9775,True,97.13203463203463,5.408095554080956,26.05,2026-06-01,False,15.909090909090908,-2.3460410557184876,-0.1552982443940335,79.66507177033493,11.65,15.783540022547914,51.97294250281848,3.494926719278467,58.511837655016905,71.70236753100339,40.29312288613303,52.14932126696833,43.617939110428665
5410,國眾,電子通路,36.25,2.9829545454545414,21422426.6,True,18.452380952380953,74.51891174518911,11.87,2026-06-01,False,81.13207547169812,-3.590425531914897,-0.15753622419183397,75.52083333333334,-99.25333333333333,81.96166854565952,46.11048478015783,3.3821871476888385,48.13979706877114,2.254791431792559,36.36978579481398,32.918552036199095,54.227383217617984
2617,台航,海運,28.8,-0.6896551724137945,21207039.830000002,True,23.051948051948052,70.47113470471135,37.28,2026-06-01,False,72.72727272727273,-0.6896551724137907,0.01864694223434784,86.22754491017965,10.713333333333335,73.95715896279594,60.42841037204059,55.58060879368658,73.84441939120632,70.12401352874859,66.7869222096956,66.4027149321267,63.443970728522096
4951,精拓科,半導體,80.7,0.6234413965087171,21066220.07,True,16.867469879518072,76.1114797611148,-3.71,2026-06-01,False,86.15384615384616,-2.418379685610641,-0.021984211489120185,57.64285714285714,-2.5533333333333337,86.13303269447576,51.521984216459984,31.34160090191657,9.470124013528748,29.87598647125141,41.66854565952649,12.44343891402715,39.13115285139292
5228,鈺鎧,電子零組件,43.3,2.1226415094339535,20946784.002500005,True,56.20608899297424,44.19376244193762,35.09,2026-06-01,False,71.33333333333334,-10.44467425025854,0.0029390633802871776,56.82414698162729,-14.57333333333333,72.37880496054116,20.293122886133034,46.11048478015783,8.229988726042842,12.965050732807216,31.995490417136416,63.914027149321264,56.05742448744306
4128,中天,藥,15.0,2.3890784982935065,20912616.57,True,14.31297709923664,78.1021897810219,11.86,2026-06-01,False,60.86956521739131,-5.362776025236591,-0.07910683511489829,58.4795321637427,5.94,62.00676437429537,36.64036076662909,12.62683201803833,10.259301014656144,57.609921082299884,35.82863585118376,32.80542986425339,42.107783621643954
4952,凌通,半導體,49.8,0.707785642062686,20899120.5775,True,80.14069264069265,24.618447246184473,50.03,2026-06-01,False,37.69230769230769,-4.597701149425298,-0.050971259650877364,82.31404958677685,23.143333333333334,38.331454340473506,40.81172491544532,19.84216459977452,65.7271702367531,87.14768883878241,50.372040586245774,75.62217194570135,59.717267901870656
4163,鐿鈦,醫療耗材,141.5,1.7985611510791477,20784031.425,True,89.01515151515152,16.12475116124751,7.69,2026-06-01,False,5.555555555555555,10.980392156862745,0.06997186899118439,94.33333333333334,-4.333333333333333,4.058624577226606,87.59864712514093,73.84441939120632,91.31905298759865,24.91544532130778,56.34723788049606,27.601809954751133,33.84521009860887
7703,銳澤,電子設備,180.5,0.2777777777777768,20774741.875,True,60.705882352941174,40.4777704047777,25.14,2026-06-01,False,72.0,-7.908163265306123,-0.07945655200715217,62.45674740484429,10.686666666666667,73.16798196166854,27.62119503945885,12.401352874859075,15.219842164599775,70.01127395715896,39.68432919954904,50.90497737556561,52.91790161559377
5511,德昌,營造,70.5,-2.219140083217741,20760082.94,True,2.4350649350649354,88.32116788321169,3.9,2026-06-01,False,100.0,6.1746987951807135,-0.08912861104703425,87.6865671641791,-3.47,98.8162344983089,79.8196166854566,10.372040586245772,76.55016910935738,27.05749718151071,58.523111612175875,21.49321266968326,54.25999989797324
2905,三商,百貨批發,16.2,-1.2195121951219523,20660005.5475,True,83.45388788426763,21.035169210351693,-19.95,2026-05-01,False,9.523809523809524,4.5161290322580605,0.17273686767922242,94.73684210526314,-111.84666666666666,8.680947012401354,76.66290868094701,93.46110484780158,91.99549041713641,1.9165727170236753,54.543404735062,3.733031674208145,31.936640105699723
6292,迅德,電子零組件,66.0,-0.4524886877828038,20637984.972500004,True,53.246753246753244,46.05175846051758,20.24,2026-06-01,False,72.66666666666667,24.528301886792452,0.021384466582899008,94.42060085836908,-22.33666666666667,73.73167981961669,97.40698985343855,56.708004509582864,91.65727170236752,8.90642615558061,65.68207440811724,45.588235294117645,53.39254924066583
3484,崧騰,電子零組件,50.3,-0.1984126984126977,20344058.8325,True,47.88961038961039,50.8958195089582,9.04,2026-06-01,False,76.66666666666667,-1.5655577299413,0.002109096872334411,89.02654867256636,10.169999999999998,77.0011273957159,55.69334836527621,45.43404735062006,80.27057497181511,68.5456595264938,65.38895152198421,29.185520361990953,57.690968591061434
6108,競國,印刷電路板,21.7,8.771929824561408,19973441.302500002,True,98.453261600538,3.5169210351692106,46.33,2026-06-01,False,11.363636363636363,24.355300859598856,0.11663448665361932,89.6694214876033,8.083333333333336,10.710259301014656,97.06877113866967,86.35851183765502,81.28523111612176,64.26155580608793,67.93686583990981,72.73755656108597,41.91606895988818
2636,台驊控股,貨運倉儲,67.5,-0.14792899408283544,19584861.275,True,77.27272727272727,26.808228268082285,25.18,2026-06-01,False,21.428571428571427,5.304212168486749,0.17950116181846384,92.46575342465754,9.733333333333333,21.702367531003382,77.90304396843291,94.13754227733935,87.82412626832019,68.0947012401353,69.93235625704622,51.13122171945701,45.68866788758692
6994,富威電力,公用事業,35.9,-1.9125683060109422,19361380.685000002,True,4.986876640419948,84.87060384870604,26.62,2026-06-01,False,58.333333333333336,-11.576354679802963,-0.04073545464304132,35.36945812807882,-4.876666666666669,59.35738444193912,17.13641488162345,23.675310033821873,0.4509582863585118,23.788049605411498,24.88162344983089,53.45022624434389,49.03053852275451
8045,達運光電,通信網路,51.9,-1.8903591682419618,19236288.065,True,19.50617283950617,73.39084273390843,6.34,2026-06-01,False,80.76923076923077,-14.214876033057855,-0.07546940918016214,39.02255639097744,-30.76,81.4543404735062,10.822998872604284,13.416009019165728,0.7891770011273956,5.975197294250282,22.49154453213078,24.8868778280543,49.0768491075209
2033,佳大,基本金屬,20.6,-6.36363636363636,19147275.2625,True,38.70738636363637,58.26144658261446,-28.85,2026-06-01,False,50.0,37.33333333333334,0.011110457035756362,93.63636363636364,-22.64666666666667,50.56369785794814,99.2108229988726,51.07102593010146,90.19165727170237,8.680947012401354,59.943630214205186,2.828054298642534,36.09314660735511
2641,正德,海運,17.2,-1.7142857142857237,19035670.212500002,True,23.40896513558384,69.87392169873921,4.73,2026-06-01,False,63.63636363636363,-1.7142857142857182,-0.04998030233832296,76.10619469026548,0.9333333333333336,64.59977452085683,54.67869222096956,20.293122886133034,49.83089064261556,39.120631341600905,45.70462232243518,22.850678733031675,45.65066291888362
6574,霈方,化妝美容,130.0,-1.5151515151515138,19024049.1,True,0.0,98.27471798274718,73.91,2026-06-01,False,100.0,-2.9850746268656714,-0.002799247992417059,84.4155844155844,27.096666666666664,98.8162344983089,48.70349492671927,42.16459977452086,70.23675310033822,89.5152198421646,69.88726042841037,86.08597285067874,76.60886638065165
3130,一零四,數位雲端,210.5,1.6908212560386549,18995761.5,True,0.0,98.27471798274718,7.87,2026-06-01,False,95.65217391304348,3.43980343980344,-0.4285975277865912,91.92139737991266,-1.3333333333333348,94.53213077790305,74.74633596392334,0.11273957158962795,86.24577226606539,32.2435174746336,57.576099210822996,27.941176470588236,58.49318588765833
6561,是方,通信網路,325.5,-1.0638297872340385,18858781.675,True,3.0844155844155843,87.3921698739217,10.18,2026-06-01,False,92.3076923076923,0.6182380216383307,0.06916924875264834,71.30339539978094,15.64,91.99549041713641,65.2762119503946,73.50620067643743,36.753100338218715,78.24126268320181,69.1544532130778,30.542986425339368,48.50384130757497
5608,四維航,海運,14.0,-2.0979020979021046,18831595.470000003,True,91.81669394435352,13.138686131386862,21.83,2026-06-01,False,9.090909090909092,-2.097902097902103,0.009325206224738238,67.46987951807229,10.283333333333331,8.117249154453212,52.536640360766626,49.04171364148816,26.268320180383313,69.22209695603156,41.03720405862457,47.737556561085974,32.39662138378897
3588,通嘉,半導體,55.4,0.0,18754389.065,True,53.52112676056338,45.85268745852687,46.38,2026-06-01,False,60.0,-7.357859531772573,-0.093321844105588,72.99077733860342,18.636666666666667,61.10484780157835,30.214205186020294,9.470124013528748,41.60090191657272,81.96166854565952,44.87034949267193,72.96380090497738,61.363836359277045
3031,佰鴻,光電及I/O,23.2,-0.42918454935623185,18710511.7875,True,95.02164502164501,9.48905109489051,27.04,2026-06-01,False,13.88888888888889,-16.99463327370304,-0.021331567434183428,67.2463768115942,1.3533333333333317,13.697857948139797,7.328072153325817,31.79255918827508,25.817361894024803,39.9098083427283,23.709131905298758,54.52488687782805,46.67800864166671
6204,艾華,電子零組件,86.0,0.5847953216374213,18497789.01,True,87.87878787878788,16.854678168546783,8.99,2026-06-01,False,30.0,2.2592152199762254,0.030271732020799948,68.8,0.9666666666666668,29.763246899661784,70.46223224351748,60.31567080045096,30.665163472378804,39.23337091319053,46.08793686583991,28.95927601809955,29.731363536655667
6161,捷波,電腦及週邊,52.3,-3.1481481481481555,18465317.2675,True,52.54329004329005,46.715328467153284,42.67,2026-06-01,False,54.385964912280706,1.16054158607349,0.07488032974027355,80.46153846153847,-5.263333333333335,54.79143179255919,67.75648252536641,75.53551296505073,60.54114994363021,22.886133032694474,56.30214205186021,70.24886877828054,54.45624199727588
8476,台境*,資源回收,20.05,-0.4962779156327479,18436705.465,True,76.37947725072604,27.604512276045124,66.05,2026-06-01,False,30.434782608695656,-15.400843881856535,-0.07267061821105104,81.01010101010101,74.47333333333333,30.045095828635855,8.568207440811724,14.543404735062007,62.232243517474636,96.50507328072153,42.37880496054115,83.2579185520362,66.74176261433374
6026,福邦證,證券,14.5,-1.0238907849829393,18397040.415,True,15.92128801431127,76.9741207697412,1448.39,2026-06-01,False,62.5,-1.3605442176870701,-0.1363329305284362,75.12953367875647,809.6866666666667,63.58511837655016,56.82074408117249,4.509582863585118,47.350620067643746,99.77452085682074,54.40811724915445,99.6606334841629,63.443906961796074
6568,宏觀,半導體,137.0,-2.1428571428571463,18224441.85,True,37.878787878787875,58.92501658925017,11.01,2026-06-01,False,76.92307692307693,-9.271523178807946,0.1568058421550248,50.0,2.073333333333334,77.22660653889515,24.126268320180383,91.65727170236752,3.1567080045095826,43.06651634723788,47.846674182638104,31.61764705882353,46.96867332051197
3219,倚強科,電子設備,72.8,-1.0869565217391242,17979959.964999996,True,19.95708154506438,72.85998672859986,26.07,2026-06-01,False,85.33333333333334,0.6915629322268327,-0.012321046852409196,66.48401826484019,-5.513333333333332,85.68207440811724,65.83990980834274,35.73844419391206,23.337091319052988,22.547914317925592,46.62908680947014,52.37556561085973,48.888705382421804
3257,虹冠電,半導體,51.3,-1.3461538461538525,17960503.2475,True,38.47402597402597,58.52687458526875,-42.5,2026-06-01,False,76.15384615384615,-9.683098591549296,-0.009010441094536446,65.51724137931035,3.280000000000001,76.55016910935738,22.435174746335964,38.10597519729425,21.53325817361894,47.80157835400225,41.28523111612176,1.3574660633484164,44.25142964999719
2530,華建,建設,19.5,0.5154639175257714,17912348.75,True,44.285714285714285,54.14731254147313,-96.97,2026-06-01,False,44.827586206896555,0.5154639175257806,0.05384331203050605,59.09090909090909,0.7666666666666799,45.095828635851184,65.16347237880497,69.22209695603156,10.822998872604284,38.10597519729425,45.68207440811725,0.22624434389140274,22.745399868385476
6126,信音,電子零組件,30.45,-0.327332242225864,17804946.500000004,True,94.04761904761905,10.517584605175847,59.02,2026-06-01,False,18.333333333333332,-6.163328197226512,-0.1341730684089643,70.81395348837209,4.4466666666666725,18.60202931228861,34.72378804960542,4.6223224351747465,35.28748590755355,52.311161217587376,29.10935738444194,80.42986425339367,49.898897855907606
2423,固緯,電子設備,77.3,3.066666666666662,17744197.86,True,87.01298701298701,17.98274717982747,26.66,2026-06-01,False,30.666666666666664,-6.529625151148736,0.08875317025855738,91.15566037735849,6.286666666666665,30.496054114994365,33.370913190529876,79.48139797068771,84.32919954904172,59.13190529875987,57.36189402480271,53.73303167420814,58.796843036928585
1256,鮮活果汁-KY,飲料乳品,180.5,0.2777777777777768,17491145.5,True,22.456709956709954,71.13470471134706,52.28,2026-06-01,False,80.0,-4.497354497354497,0.044162725396629327,86.15751789976133,8.233333333333341,80.72153325817362,41.48816234498309,65.7271702367531,73.61894024802706,64.59977452085683,65.23111612175873,77.26244343891403,72.5286886500329
5312,寶島科,醫藥通路,89.4,0.5624296962879693,17238627.17,True,23.214285714285715,70.00663570006635,9.54,2026-06-01,False,55.55555555555556,-0.6666666666666604,-0.0422776926855658,77.06896551724138,-4.100000000000001,56.20067643742954,60.54114994363021,22.886133032694474,51.86020293122886,25.591882750845546,43.41600901916573,29.751131221719458,44.31771516168691
2387,精元,光電及I/O,36.95,-0.26990553306340814,17223724.29,True,68.26014452473596,34.041141340411414,-17.57,2026-06-01,False,41.66666666666667,-4.645161290322573,-0.17262109259651714,79.8918918918919,-4.503333333333332,42.3337091319053,40.36076662908681,2.480270574971815,59.41375422773394,24.689966178128522,33.85569334836528,4.524886877828054,41.47789590209512
2745,五福,旅行社,88.5,0.0,17204166.280000005,True,3.842716711349419,86.79495686794957,5.98,2026-06-01,False,100.0,-14.492753623188406,-0.17285201042715762,70.8,-7.366666666666669,98.8162344983089,10.033821871476889,2.367531003382187,35.174746335963924,18.714768883878243,33.02142051860203,24.20814479638009,62.04132593979401
1522,堤維西,汽車組件,27.95,-1.9298245614035148,17127665.5075,True,79.87012987012987,24.95023224950232,70.02,2026-06-01,False,22.22222222222222,-4.931972789115644,0.029150126185398292,52.93560606060607,15.720000000000006,22.491544532130778,39.120631341600905,59.97745208568207,4.3968432919954905,78.46674182638105,40.89064261555806,84.61538461538461,43.09578527447749
1104,環泥,水泥製造,26.55,-0.37523452157597337,17055455.9725,True,30.898268398268396,64.29993364299933,-18.91,2026-06-01,False,85.71428571428571,-1.4842300556586219,-0.1113554650441809,81.06870229007633,-10.273333333333333,85.9075535512965,56.0315670800451,6.313416009019165,62.570462232243514,16.234498308906424,45.411499436302144,4.072398190045249,49.129711723385036
2612,中航,海運,53.7,-2.3636363636363567,16955439.415,True,30.51490514905149,64.43264764432648,11.7,2026-06-01,False,54.54545454545454,-0.9225092250922509,0.023944608786718308,71.9839142091153,0.7799999999999976,55.07328072153326,59.41375422773394,57.609921082299884,38.444193912063135,38.331454340473506,49.77452085682074,32.57918552036199,41.67072648155611
9942,茂順,汽車組件,116.0,0.0,16758861.1,True,61.417748917748916,39.946914399469144,26.64,2026-06-01,False,41.66666666666667,-7.569721115537849,-0.026891145823920087,92.43027888446214,9.506666666666668,42.3337091319053,29.312288613303267,28.861330326944756,87.59864712514093,67.53100338218715,51.12739571589628,53.619909502262445,63.55999428650135
6756,威鋒電子,半導體,99.9,1.731160896130346,16743467.989999998,True,48.354059985369425,50.630391506303916,50.06,2026-06-01,False,68.46153846153847,4.062500000000005,0.10450383177388826,88.8,22.88,70.12401352874859,75.53551296505073,83.42728297632469,79.48139797068771,86.6967305524239,79.05298759864714,75.7918552036199,62.465438434501365
7728,光焱科技,電子設備,594.0,-1.0000000000000009,16740450.65,True,53.54107648725213,45.78633045786331,114.18,2026-06-01,False,77.33333333333333,-13.662790697674417,0.08206099698329022,66.22073578595318,75.94,77.56482525366404,11.724915445321308,77.67756482525367,22.998872604284102,96.73055242390079,57.33934611048478,91.9683257918552,70.2017770511205
5530,龍巖,靈骨塔,49.5,0.3039513677811412,16721404.617499998,True,90.53030303030303,14.797611147976111,-8.33,2026-06-01,False,14.715719063545151,2.0618556701030926,0.14287586083095766,85.05154639175258,0.45000000000000107,14.881623449830892,69.56031567080045,89.85343855693348,71.02593010146562,37.20405862457722,56.50507328072153,8.710407239819004,31.264411280078765
3066,李洲,光電及I/O,23.6,-0.6315789473684164,16570263.6675,True,0.06697923643670461,95.88586595885866,49.95,2026-06-01,False,91.66666666666666,-2.479338842975198,-0.05895040069511087,78.14569536423842,-2.213333333333331,91.37542277339347,51.07102593010146,17.700112739571587,54.79143179255919,30.665163472378804,49.1206313416009,75.22624434389141,67.58051824493565
3444,利機,電子通路,78.7,1.0269576379974277,16558264.229999999,True,82.79220779220779,21.69873921698739,17.06,2026-06-01,False,20.754716981132077,-4.836759371221282,-0.042792393688446805,66.97872340425532,12.083333333333332,20.9695603156708,39.346110484780155,22.77339346110485,25.02818489289741,72.71702367531003,36.16685456595265,41.40271493212669,37.013587413978684
8076,伍豐,電腦及週邊,23.7,0.0,16548148.735,True,77.26962457337883,26.874585268745854,8.5,2026-06-01,False,26.31578947368421,-1.4553014553014612,-0.08533023071591246,82.86713286713287,-23.05333333333333,26.550169109357384,56.25704622322435,11.161217587373168,66.5163472378805,8.455467869222097,33.7880496054115,28.733031674208142,41.38562544955542
3169,亞信,半導體,102.0,0.49261083743843415,16424838.88,True,58.658008658008654,42.003981420039814,31.41,2026-06-01,False,57.692307692307686,-0.9708737864077669,-0.02094096719692975,82.92682926829268,19.83,58.568207440811726,59.07553551296505,32.01803833145434,66.74182638105975,83.76550169109358,60.03382187147689,59.276018099547514,56.37762910211349
2511,太子,建設,8.4,1.326899879372756,16294096.903,True,58.11688311688312,42.50165892501659,76.56,2026-06-01,False,34.48275862068966,-2.77777777777778,-0.09544171817333658,88.42105263157896,55.986666666666665,34.38556933483653,49.267192784667415,9.131905298759865,78.35400225479144,96.16685456595265,53.46110484780157,86.76470588235294,62.55927117182837
5450,南良,其他化學,14.85,-1.0000000000000009,16237531.837500002,True,35.78635014836795,61.11479761114798,21.66,2026-06-01,False,56.25,-4.193548387096777,-6.482798299886146e-05,79.19999999999999,4.296666666666667,57.04622322435174,43.06651634723788,43.9684329199549,57.609921082299884,51.747463359639234,50.687711386696726,47.28506787330316,54.718673958179224
3548,兆利,電子零組件,77.0,-1.0282776349614386,16138272.895,True,97.51082251082252,5.009953550099536,7.06,2026-06-01,False,9.0,-3.8701622971285827,0.16511075680223894,60.86956521739131,17.073333333333334,7.835400225479143,44.64487034949267,92.22096956031567,12.965050732807216,80.27057497181511,47.587373167981966,26.58371040723982,25.684822754008376
6122,擎邦,工程承攬,47.05,0.9656652360514828,16100446.475,True,24.539877300613497,68.8122096881221,20.25,2026-06-01,False,50.0,-9.344894026974956,-0.10688079167290968,75.03987240829345,24.19333333333333,50.56369785794814,23.562570462232244,7.328072153325817,47.01240135287486,87.9368658399098,43.280721533258166,45.70135746606335,54.92872155366352
6894,衛司特,資源回收,338.5,0.0,16087819.075,True,23.206106870229007,70.1393497013935,44.54,2026-06-01,False,56.52173913043478,-2.7298850574712645,-0.07443597076580871,82.76283618581907,-30.663333333333334,57.21533258173619,49.379932356257044,13.75422773393461,66.17812852311161,6.087936865839909,38.52311161217587,71.83257918552036,61.461526983527776
2419,仲琦,通信網路,24.9,-0.2004008016032066,16078081.2625,True,96.6973886328725,6.303915063039151,-0.67,2026-06-01,False,13.461538461538462,-8.45588235294118,0.11878068640894293,65.96026490066225,14.84,13.077790304396844,26.042841037204056,86.92220969560316,22.66065388951522,77.22660653889515,45.18602029312289,16.515837104072396,31.5528600651951
6741,91APP*-KY,數位雲端,55.8,0.0,16041674.324999997,True,0.9441384736428009,91.50630391506304,32.45,2026-06-01,False,86.95652173913044,-4.61538461538462,0.28153982761710106,64.88372093023256,0.393333333333338,86.86583990980834,40.58624577226607,99.2108229988726,20.518602029312287,36.97857948139797,56.832018038331455,60.74660633484162,56.886200625424046
4555,氣立,機械,51.0,1.7964071856287456,16012515.5525,True,79.82261640798227,25.082946250829462,24.67,2026-06-01,False,13.88888888888889,2.2044088176352736,0.11549288135206137,87.77969018932875,7.290000000000003,13.697857948139797,70.12401352874859,85.9075535512965,76.88838782412627,62.119503945885,61.747463359639234,50.452488687782804,42.72868023282507
6218,豪勉,資訊服務,35.7,-1.2448132780082832,15833694.482499998,True,44.92307692307692,53.41738553417385,14.55,2026-06-01,False,24.444444444444443,-4.161073825503348,0.03640256866964821,79.15742793791574,-10.189999999999998,24.23900789177001,43.17925591882751,62.45772266065389,57.384441939120634,16.347237880496053,40.72153325817362,36.990950226244344,43.858786034576866
5452,佶優,電子通路,27.0,-0.7352941176470562,15756451.617499998,True,55.84632516703786,44.32647644326476,6.69,2026-06-01,False,50.943396226415096,-6.412478336221842,0.09059459680972042,68.44106463878326,0.1966666666666672,51.97294250281848,33.82187147688839,80.15783540022548,29.650507328072152,36.64036076662909,46.448703494926725,25.791855203619914,43.398358389405544
2453,凌群,資訊服務,51.7,-1.8975332068311146,15749974.870000001,True,44.85930735930736,53.550099535501,5.79,2026-06-01,False,26.666666666666668,-2.083333333333323,0.006441773519439953,80.9076682316119,0.5366666666666662,27.113866967305523,52.87485907553551,47.91431792559188,62.00676437429537,37.65501691093574,45.5129650507328,24.09502262443439,40.085198722624945
5263,智崴,其他電子,89.9,-1.2087912087912045,15563710.234999996,True,69.98420221169036,33.045786330457865,90.23,2026-06-01,False,33.04347826086956,-9.557344064386317,-0.0829528119726126,71.92,19.10333333333334,32.694475760992106,23.111612175873734,11.499436302142051,38.21871476888388,82.63810597519729,37.63246899661781,89.25339366515837,59.26374300479016
6841,長佳智能,醫療耗材,53.5,-1.291512915129156,15554482.14,True,70.52810902896081,32.78035832780358,6.13,2026-06-01,False,13.88888888888889,-13.008130081300814,-0.10403581813257086,64.61352657004831,-6.066666666666667,13.697857948139797,13.303269447576099,7.7790304396843295,19.616685456595263,20.744081172491544,15.028184892897405,24.43438914027149,36.11141577435761
5484,慧友,光電及I/O,41.15,-1.5550239234449759,15551818.765,True,0.0,98.27471798274718,224.33,2026-06-01,False,96.52777777777779,-11.600429645542425,-0.005222813575378199,71.07081174438687,93.17000000000002,95.49041713641489,16.910935738444195,40.81172491544532,36.18940248027058,97.51972942502819,57.384441939120634,96.49321266968326,77.81552413698114
6465,威潤,通信網路,47.7,0.42105263157894424,15538868.2075,True,1.9455252918287937,89.25016589250166,42.29,2026-06-01,False,94.23076923076923,-15.42553191489361,-0.024609444086971025,66.99438202247191,-55.34000000000001,93.01014656144307,8.455467869222097,30.32694475760992,25.140924464487036,4.1713641488162345,32.220969560315666,69.90950226244344,69.90127635478785
6133,金橋,電子零組件,23.0,3.370786516853941,15513405.472500002,True,4.807041299932295,85.13603185136031,15.35,2026-06-01,False,98.0,1.3215859030837036,-0.05613639066607767,79.44732297063904,8.033333333333333,96.73055242390079,67.98196166854565,18.489289740698986,58.286358511837655,64.03607666290868,61.10484780157835,38.009049773755656,56.26099976023711
2468,華經,資訊服務,35.0,0.7194244604316502,15505177.772499999,True,50.0,48.83875248838753,49.98,2026-06-01,False,18.88888888888889,-5.020352781546815,0.06792029191985458,56.81818181818181,47.343333333333334,19.10935738444194,38.55693348365276,73.28072153325817,8.117249154453212,94.81397970687712,46.77564825253664,75.4524886877828,41.0305404357563
7780,大研生醫*,藥,16.7,-0.5952380952381042,15458750.867499998,True,0.0,98.27471798274718,37.7,2026-06-01,False,95.65217391304348,-6.703910614525137,-0.05018351579570184,4.826589595375722,1.9266666666666694,94.53213077790305,32.807215332581734,20.067643742953777,0.11273957158962795,42.27733934611049,37.95941375422774,66.7420814479638,57.144934116218685
8083,瑞穎,機械,160.0,0.6289308176100628,15347515.6,True,2.813852813852814,87.72395487723955,-8.87,2026-06-01,False,97.22222222222221,1.5873015873015872,-0.1023855206823506,88.88888888888889,1.6966666666666654,95.9977452085682,68.88387824126269,8.117249154453212,79.87598647125141,41.48816234498309,58.87260428410373,8.3710407239819,53.8402235406347
5609,中菲行,貨運倉儲,77.7,-1.270648030495558,15272190.695000002,True,59.307359307359306,41.1413404114134,35.26,2026-06-01,False,35.714285714285715,-0.639386189258312,0.13934267406976822,92.61025029797378,6.496666666666666,35.73844419391206,60.65388951521984,88.95152198421647,88.04960541149943,59.97745208568207,66.67418263810598,64.25339366515837,56.8468884388375
5457,宣德,電子零組件,27.7,-0.7168458781361964,15119874.854999999,True,89.39393939393939,15.660252156602523,2.95,2026-06-01,False,26.666666666666668,-11.78343949044586,-0.18803579596350037,53.578336557059956,2.62,27.113866967305523,16.234498308906424,1.9165727170236753,5.2987598647125145,45.20856820744081,19.15445321307779,20.248868778280542,34.10674932534804
8341,日友,資源回收,76.4,-0.26109660574411553,15046688.975000003,True,0.0,98.27471798274718,6.99,2026-06-01,False,97.82608695652173,-0.9079118028534224,0.1218845150409713,83.49726775956285,-16.006666666666668,96.61781285231116,59.52649379932357,87.4859075535513,67.86922209695602,12.288613303269448,64.7576099210823,26.35746606334842,57.829501803323005
6996,力領科技,半導體,180.0,1.1235955056179803,15015169.55,True,16.00985221674877,76.84140676841406,49.96,2026-06-01,False,86.92307692307692,-0.2770083102493075,-0.04053416512557453,88.88888888888889,6.829999999999998,86.6967305524239,62.00676437429537,23.900789177001126,79.87598647125141,61.10484780157835,62.71702367531002,75.3393665158371,69.97632979130427
1537,廣隆,電子零組件,128.0,0.39215686274509665,14910815.5,True,65.80086580086581,35.899137358991375,14.05,2026-06-01,False,57.99999999999999,1.185770750988142,0.08437481979980395,88.27586206896552,9.416666666666668,59.07553551296505,67.86922209695602,78.01578354002254,77.90304396843291,67.3055242390079,70.03382187147687,35.74660633484163,51.213990929820895
1586,和勤,電子零組件,18.75,2.179836512261568,14786719.732499998,True,67.13132795304475,35.03649635036496,25.16,2026-06-01,False,57.333333333333336,4.166666666666666,0.05558740878505105,61.67763157894737,12.536666666666665,58.342728297632476,75.76099210822998,69.89853438556933,14.317925591882751,73.50620067643743,58.3652762119504,51.01809954751131,36.97944033219914
6570,維田,電腦及週邊,57.3,0.0,14752106.654999997,True,91.01731601731602,14.134041141340411,23.79,2026-06-01,False,12.280701754385964,15.291750503018095,0.03470417114329337,87.48091603053435,1.9233333333333356,11.499436302142051,92.78466741826381,62.00676437429537,75.76099210822998,42.16459977452086,56.84329199549042,49.7737556561086,36.06237916205421
6117,迎廣,電子零組件,65.3,-2.2455089820359264,14733183.65,True,5.735140771637122,84.47246184472462,-11.35,2026-06-01,False,97.33333333333334,-3.82916053019147,-0.03908890616726509,68.16283924843424,-7.3533333333333335,96.22322435174746,44.7576099210823,24.80270574971815,28.97406989853439,18.82750845546787,42.71702367531003,6.504524886877829,46.736052304019346
4119,旭富,藥,55.1,0.0,14528802.9025,True,94.05882352941177,10.41804910418049,36.15,2026-06-01,False,6.521739130434782,17.234042553191493,0.07661825927714765,89.44805194805194,55.30333333333333,4.8478015783540025,93.91206313416009,75.98647125140926,80.94701240135288,95.94137542277339,70.32694475760992,64.87556561085974,39.18957911410163
1558,伸興,機械,96.9,-0.10309278350515427,14480721.59,True,38.14935064935065,58.65958858659589,7.56,2026-06-01,False,80.55555555555556,2.4312896405919786,0.052128827012219124,92.72727272727273,1.8399999999999999,81.17249154453214,71.13866967305525,68.5456595264938,88.61330326944757,41.60090191657272,70.21420518602028,27.149321266968325,56.4491116019732
4137,麗豐-KY,化妝美容,93.7,-0.4250797024441977,14370690.379999999,True,11.2012987012987,80.65693430656934,22.6,2026-06-01,False,66.66666666666666,-3.1023784901758016,-0.012114644196411204,80.42918454935622,18.44,68.1510710259301,48.13979706877114,35.963923337091316,60.42841037204059,81.62344983089064,58.86133032694475,48.529411764705884,57.242274023476355
4561,健椿,機械,45.65,-0.8686210640608039,14333833.622499999,True,69.53463203463204,33.37757133377571,43.42,2026-06-01,False,36.11111111111111,17.051282051282048,-0.0182607293000373,80.36971830985917,16.19333333333333,36.3021420518602,93.68658399098084,33.03269447576099,60.31567080045096,79.25591882750845,60.5186020293123,70.58823529411765,43.379866038862
2247,汎德永業,車輛買賣,224.5,-1.7505470459518557,14276868.575,True,87.11267605633802,17.783676177836764,-6.99,2026-06-01,False,17.725752508361204,-0.4434589800443459,0.2307481495269363,72.07062600321026,13.173333333333334,18.1510710259301,61.44306651634723,96.73055242390079,38.66967305524239,74.1826381059752,57.83540022547915,9.502262443438914,26.219985002066043
8499,鼎炫-KY,其他電子,261.0,-1.6949152542372836,14259886.1,True,91.28787878787878,13.86861313868613,116.29,2026-06-01,False,13.779264214046824,-10.616438356164384,-0.17030056050399572,65.57788944723619,17.143333333333345,13.303269447576099,19.503945885005635,2.705749718151071,21.758737316798197,80.49605411499437,27.55355129650507,92.19457013574662,51.93815775377882
6909,創控,電子設備,41.6,-0.7159904534606132,14210986.045000002,True,19.205298013245034,73.85534173855342,-32.1,2026-06-01,False,86.66666666666667,-11.300639658848608,-0.07866261477500257,62.27544910179641,-56.766666666666666,86.47125140924464,18.038331454340472,12.73957158962796,15.107102593010147,3.9458850056369785,27.260428410372036,2.262443438914027,46.45061649670709
4164,承業醫,醫療耗材,26.75,-1.834862385321101,14140790.420000006,True,55.35714285714286,44.52554744525548,-38.16,2026-06-01,False,22.22222222222222,-3.079710144927541,0.03385171522097133,51.740812379110245,-59.44333333333333,22.491544532130778,48.252536640360766,61.55580608793687,3.720405862457723,3.6076662908680945,27.925591882750844,1.9230769230769231,19.970622669326165
2427,三商電,資訊服務,21.75,0.0,14107804.717500001,True,29.329004329004327,65.22893165228932,-11.68,2026-06-01,False,44.44444444444444,-12.47484909456741,0.0371772591202096,74.48630136986301,6.399999999999999,44.53213077790304,14.317925591882751,62.68320180383314,44.7576099210823,59.75197294250282,45.20856820744081,6.108597285067873,45.27010309804261
4133,亞諾法,醫療耗材,20.85,-0.23923444976075015,13931298.7125,True,4.605641911341393,85.53417385534173,-6.41,2026-06-01,False,69.44444444444444,2.457002457002457,-0.025737968252356382,71.89655172413794,-2.9133333333333336,70.9695603156708,71.25140924464488,29.650507328072152,38.10597519729425,29.4250281848929,47.88049605411499,9.95475113122172,36.944719349885474
1568,倉佑,汽車組件,30.1,4.152249134948116,13924415.87,True,25.79710144927536,67.94956867949568,18.2,2026-06-01,False,69.44444444444444,-5.1968503937007835,-0.015527144257707461,60.4417670682731,-0.5399999999999991,70.9695603156708,37.88049605411499,34.49830890642615,12.401352874859075,34.38556933483653,38.02705749718151,42.64705882352941,47.03436898998608
1584,精剛,基本金屬,17.95,-0.2777777777777768,13844959.415000001,True,49.6074232690935,49.369608493696084,-3.21,2026-06-01,False,30.952380952380953,-10.473815461346641,-0.020858127190794204,64.22182468694096,10.263333333333335,31.003382187147686,20.067643742953777,32.13077790304396,18.60202931228861,69.10935738444194,34.182638105975194,12.895927601809957,35.60842383957312
3558,神準,通信網路,131.0,0.7692307692307665,13840309.225,True,99.94588744588745,0.26542800265428,5.74,2026-06-01,False,1.9230769230769231,-4.37956204379562,0.2126100956033747,74.64387464387464,15.183333333333334,1.0146561443066515,42.50281848928974,95.82863585118376,45.095828635851184,77.90304396843291,52.468996617812856,23.868778280542987,31.86911114285277
4909,新復興,印刷電路板,39.0,-0.3831417624520994,13799368.9,True,61.51658767772512,39.814200398142,-11.94,2026-06-01,False,75.0,-5.224787363304979,0.19980746383446849,55.873925501432666,-18.229999999999997,75.8173618940248,37.65501691093574,95.26493799323562,7.215332581736189,10.710259301014656,45.3325817361894,5.88235294117647,37.81500762650043
6902,GOGOLOOK,資訊服務,130.0,0.0,13693022.4,True,0.0,98.27471798274718,36.46,2026-06-01,False,94.44444444444444,-0.7633587786259541,0.03434319399011929,88.13559322033898,8.023333333333333,93.34836527621195,59.97745208568207,61.89402480270575,77.7903043968433,63.81059751972943,71.3641488162345,65.49773755656109,69.16473878598357
3518,柏騰,其他電子,28.5,0.7067137809187329,13576795.025,True,4.851330203442879,85.06967485069676,-42.36,2026-06-01,False,85.01672240802675,0.35211267605634305,-0.11289316726675408,73.26478149100257,-4.723333333333329,85.456595264938,64.26155580608793,6.087936865839909,41.826381059751974,24.351747463359636,44.396843291995495,1.4705882352941175,41.12300218847404
3622,洋華,光電及I/O,55.2,0.1814882032667997,13427966.825,True,6.937669376693767,83.74253483742535,-19.47,2026-06-01,False,79.16666666666666,0.0,-0.030062148540025677,75.61643835616438,-19.093333333333334,79.48139797068771,62.626832018038336,27.62119503945885,48.70349492671927,10.372040586245772,45.760992108229985,3.8461538461538463,42.35105368138062
3051,力特,光電及I/O,23.4,0.6451612903225712,13293697.665,True,78.82262996941895,25.680159256801595,42.47,2026-06-01,False,31.944444444444443,-2.7027027027027115,0.052590794790721596,75.97402597402598,18.016666666666666,31.79255918827508,49.49267192784668,68.77113866967306,49.71815107102593,81.39797068771138,56.234498308906424,70.02262443438913,50.51016569146086
1732,毛寶,清潔劑,26.35,-0.5660377358490565,13240300.35,True,3.125,87.22627737226277,10.02,2026-06-01,False,80.0,-0.5660377358490513,0.010845546510272565,78.89221556886228,1.373333333333333,80.72153325817362,60.99210822998873,50.732807215332585,56.93348365276212,40.022547914317926,57.880496054115,30.316742081447963,51.74491269059874
2491,吉祥全,家電製品,34.9,1.1594202898550732,13082943.027500002,True,39.30084745762712,57.996018579960186,7.63,2026-06-01,False,50.0,2.3460410557184668,0.014239902023329202,79.31818181818181,2.833333333333333,50.56369785794814,70.80045095828635,52.536640360766626,57.83540022547914,46.22322435174747,55.59188275084555,27.48868778280543,41.27183372698659
4104,佳醫,醫療耗材,71.3,0.1404494382022392,12959046.014999999,True,47.67316017316017,51.29396151293961,16.07,2026-06-01,False,27.77777777777778,-0.9722222222222262,0.027599110416383812,80.65610859728505,6.08,28.241262683201807,58.962795941375425,58.8500563697858,61.10484780157835,58.286358511837655,53.08906426155581,39.762443438914026,42.53643949557969
4306,炎洲,石化,14.5,0.0,12869616.0425,True,62.13235294117647,39.416058394160586,19.9,2026-06-01,False,44.44444444444444,-4.605263157894733,0.03707169449693169,87.6132930513595,-8.09333333333333,44.53213077790304,40.69898534385569,62.570462232243514,76.2119503945885,17.925591882750847,48.38782412626831,44.90950226244344,56.238649522769826
4506,崇友,其他電製品,122.5,-0.40650406504064707,12849333.65,True,46.374458874458874,52.289316522893174,12.28,2026-06-01,False,87.5,0.4098360655737705,0.24030511911809602,92.45283018867924,6.556666666666667,87.0913190529876,64.37429537767756,97.29425028184893,87.71138669673056,60.42841037204059,79.37993235625704,33.710407239819006,61.0347044029649
6417,韋僑,通信網路,110.0,-1.7857142857142905,12815541.0,True,0.0,98.27471798274718,26.62,2026-06-01,False,99.03846153846155,-10.931174089068826,-0.0073716437643504456,75.0853242320819,2.626666666666665,97.29425028184893,18.376550169109358,39.00789177001127,47.12514092446449,45.32130777903044,49.425028184892895,53.45022624434389,69.87326682038699
2070,精湛,儀器設備,62.8,-0.9463722397476393,12767884.7925,True,80.68697342838627,23.62309223623092,33.17,2026-06-01,False,23.54515050167224,11.347517730496453,-0.0023138824583807094,76.21359223300969,7.170000000000002,23.675310033821873,88.44419391206313,42.390078917700116,50.3945885005637,62.00676437429537,53.38218714768883,61.87782805429865,36.87588316915527
1442,名軒,建設,29.85,0.6745362563237878,12567334.657499999,True,37.724215246636774,59.25680159256802,26.79,2026-06-01,False,50.0,1.5306122448979689,0.002573495275672394,45.22727272727273,49.52666666666667,50.56369785794814,68.5456595264938,45.88500563697858,1.9165727170236753,95.15219842164599,52.41262683201804,53.959276018099544,34.473471766644394
1789,神隆,藥,18.85,0.0,12551169.459999999,True,99.78354978354979,1.7584605175846053,-3.91,2026-06-01,False,3.260869565217391,-8.716707021791754,-0.052335317165588424,66.72566371681417,4.306666666666667,1.9729425028184893,25.25366403607666,19.27846674182638,24.23900789177001,51.86020293122886,24.52085682074408,12.330316742081449,28.322150775148323
8011,台通,通信網路,16.1,-1.2269938650306678,12500068.355,True,43.9119170984456,54.479097544790974,-31.36,2026-06-01,False,63.46153846153846,-4.451038575667655,-0.006643695092692825,64.52905811623248,-6.173333333333332,64.37429537767756,42.05186020293123,39.79706877113867,19.39120631341601,20.631341600901916,37.24915445321308,2.3755656108597285,36.02230177475551
8249,菱光,光電及I/O,42.95,1.0588235294117787,12459855.43,True,91.82900432900432,13.072329130723293,12.5,2026-06-01,False,22.22222222222222,-7.931404072883163,0.232386429290049,66.90031152647975,-1.2933333333333348,22.491544532130778,27.395715896279594,96.84329199549042,24.577226606538897,32.581736189402484,40.777903043968436,33.82352941176471,38.3741461635387
3025,星通,通信網路,57.0,0.5291005291005346,12428980.514999999,True,3.6255411255411256,86.86131386861314,-13.15,2026-06-01,False,90.38461538461539,-2.3972602739726003,-0.07441857815801915,72.33502538071066,-79.11333333333334,89.5152198421646,51.634723788049605,13.86696730552424,39.23337091319053,2.593010146561443,39.36865839909809,5.769230769230769,45.72077443413407
3546,宇峻,資訊服務,73.6,0.0,12354438.59,True,42.64069264069264,55.341738553417386,44.44,2026-06-01,False,31.11111111111111,1.098901098901095,0.044571983495196046,84.89042675893886,-1.5833333333333357,31.116121758737318,67.19278466741827,65.83990980834274,70.80045095828635,31.79255918827508,53.34836527621195,71.60633484162896,51.58253072280859
9940,信義,仲介建經,21.15,-2.5345622119815725,12292956.0625,True,79.97835497835499,24.684804246848042,41.42,2026-06-01,False,24.615384615384617,4.187192118226591,0.12065961538073514,81.19001919385795,7.940000000000005,24.633596392333708,75.87373167981961,87.26042841037204,62.79594137542277,63.47237880496054,62.807215332581734,69.34389140271493,45.22492437266294
1734,杏輝,藥,31.85,0.4731861198738141,12272297.889999999,True,31.065918653576436,64.03450564034505,3.78,2026-06-01,False,41.30434782608695,-1.9999999999999956,-0.11441706098423074,94.23076923076924,-3.4466666666666668,41.826381059751974,53.43855693348365,5.862457722660654,90.86809470124012,27.395715896279594,43.878241262683204,21.380090497737555,50.1590023313115
6275,元山,電子零組件,44.2,-0.8968609865470767,12260741.665000001,True,64.13597733711049,36.960849369608496,-6.28,2026-06-01,False,61.33333333333333,-6.3559322033898304,-0.06936932163906054,72.69736842105264,2.746666666666667,62.5140924464487,34.04735062006765,14.881623449830892,40.92446448703495,45.659526493799326,39.6054114994363,10.180995475113122,44.89305044713228
3555,博士旺,數位雲端,167.0,1.8292682926829285,12233603.3,True,24.23469387755102,69.21035169210353,119.54,2026-06-01,False,43.47826086956522,9.868421052631579,-0.014150801092709789,60.507246376811594,-1165.88,43.74295377677565,86.47125140924464,35.062006764374296,12.62683201803833,0.7891770011273956,35.738444193912066,92.3076923076923,40.55155667331541
6596,寬宏藝術,廣告,94.3,0.6403415154749181,12183265.42,True,4.6699875466998755,85.26874585268746,-38.99,2026-06-01,False,85.21739130434783,5.599104143337066,0.07209622231681095,52.68156424581005,-635.0966666666667,85.56933483652762,78.46674182638105,74.63359639233371,4.284103720405862,1.0146561443066515,48.793686583990976,1.809954751131222,28.29916287042091
1532,勤美,機械,21.9,-0.454545454545463,12084262.6075,True,67.07726763717805,35.102853351028536,20.39,2026-06-01,False,41.66666666666667,-7.006369426751601,-0.12447014339633954,77.6595744680851,3.09,42.3337091319053,31.79255918827508,5.2987598647125145,53.213077790304396,46.89966178128523,35.9075535512965,45.81447963800905,52.39217684298592
6270,倍微,電子通路,30.8,-0.8051529790660261,12074411.954999998,True,80.46536796536796,24.187126741871268,29.73,2026-06-01,False,22.641509433962266,-7.228915662650608,0.11638541562517767,72.046783625731,14.256666666666666,22.998872604284102,30.89064261555806,86.24577226606539,38.55693348365276,75.98647125140926,50.935738444193916,57.23981900452488,46.97624561922592
8048,德勝,通信網路,52.4,0.0,12028338.575,True,42.91125541125541,55.20902455209025,130.48,2026-06-01,False,65.38461538461539,-11.33671742808799,-0.22465491922028824,71.29251700680271,51.7,66.45997745208568,17.81285231116122,1.0146561443066515,36.64036076662909,95.6031567080045,43.50620067643743,93.32579185520362,69.65331944068929
4720,德淵,樹脂,19.8,-1.2468827930174564,11975055.595,True,59.03679653679653,41.439946914399464,25.06,2026-06-01,False,28.57142857142857,-9.589041095890401,0.04190075966572731,66.66666666666667,5.506666666666668,28.91770011273957,22.886133032694474,64.9379932356257,24.126268320180383,56.0315670800451,39.379932356257044,50.7918552036199,45.23742265096135
1524,耿鼎,汽車組件,26.95,-0.7366482504604033,11864151.1425,True,50.86580086580087,47.90975447909754,9.81,2026-06-01,False,50.0,-1.6423357664233553,0.08820219183029246,75.38461538461539,-0.33000000000000007,50.56369785794814,55.12965050732808,79.14317925591882,47.80157835400225,34.94926719278467,53.51747463359639,29.97737556561086,43.303250317558295
6763,綠界科技*,數位雲端,42.85,-0.9248554913294793,11835310.8625,True,1.5828677839851024,90.17916390179164,14.37,2026-06-01,False,78.26086956521739,-1.267281105990777,0.10201493778759427,63.10751104565537,1.4233333333333338,78.63585118376551,57.49718151071026,82.75084554678692,16.685456595264938,40.36076662908681,55.186020293122894,36.425339366515836,43.562366408708996
6498,久禾光,消費性電子,74.5,-0.9308510638297962,11820401.335,True,0.0,98.27471798274718,8.38,2026-06-01,False,100.0,-12.352941176470589,0.09567762090942529,61.065573770491795,-16.576666666666668,98.8162344983089,14.543404735062007,81.510710259301,13.303269447576099,11.724915445321308,43.97970687711386,28.39366515837104,56.492441092298506
6150,撼訊,電腦及週邊,60.7,0.33057851239670644,11802935.304999998,True,61.6710875331565,39.68148639681486,-30.19,2026-06-01,False,43.859649122807014,0.49668874172186134,0.14202285835407,65.4094827586207,20.733333333333338,44.081172491544535,64.9379932356257,89.74069898534385,21.42051860202931,84.55467869222097,60.94701240135288,2.6018099547511313,25.79137695317482
2545,皇翔,建設,34.45,-1.4306151645207432,11795885.505,True,83.90243902439025,20.5706702057067,-77.31,2026-06-01,False,10.344827586206897,-1.1477761836441853,-0.02369530734014869,76.47058823529413,-56.77666666666667,9.244644870349493,57.94813979706878,30.552423900789176,50.84554678692221,3.8331454340473505,30.4847801578354,0.5656108597285068,25.67691567998286
5381,光譜,電機製品,24.6,1.0266940451745477,11751455.969999999,True,23.207401696222053,70.07299270072993,16.56,2026-06-01,False,72.72727272727273,-3.1496062992125875,0.05749806955527739,72.2466960352423,-5.830000000000002,73.95715896279594,47.91431792559188,70.12401352874859,39.00789177001127,21.42051860202931,50.4847801578354,40.89366515837104,51.486099491396594
7765,中華資安,數位雲端,226.5,-1.521739130434785,11751368.45,True,4.888888888888889,85.00331785003318,6.47,2026-06-01,False,56.52173913043478,0.22123893805309736,0.11104266354776428,64.52991452991454,-21.74,57.21533258173619,63.47237880496054,85.00563697857947,19.503945885005635,9.019165727170236,46.84329199549042,25.16968325791855,34.60414572992496
4569,六方科-KY,電子零組件,163.0,0.0,11707015.85,True,71.27371273712737,32.050431320504316,10.89,2026-06-01,False,52.0,-2.6865671641791042,0.07011984402438255,75.81395348837209,2.1466666666666665,52.59301014656145,49.83089064261556,73.95715896279594,49.04171364148816,43.17925591882751,53.720405862457724,31.447963800904976,45.81294923658476
2832,台產,產險,58.7,0.34188034188034067,11686939.330000002,True,56.493506493506494,44.12740544127406,7.27,2026-06-01,False,40.0,2.6223776223776225,0.10243276266393901,97.34660033167498,-10.106666666666666,40.7553551296505,71.92784667418263,82.86358511837655,95.26493799323562,16.57271702367531,61.47688838782411,27.036199095022624,47.78216138593152
8240,華宏,光電及I/O,43.1,-0.6912442396313279,11604898.3175,True,80.62770562770562,23.755806237558062,-7.7,2026-06-01,False,29.166666666666668,-6.911447084233252,0.2255343092946016,57.620320855614985,-2.546666666666667,29.086809470124013,32.01803833145434,96.50507328072153,9.357384441939121,29.988726042841034,39.391206313416006,9.16289592760181,28.89726287705265
4129,聯合,醫療耗材,87.7,1.6222479721900385,11575336.35,True,9.577922077922079,81.88453881884539,17.08,2026-06-01,False,66.66666666666666,-5.291576673866081,-0.21744957028787243,66.94656488549619,1.0299999999999976,68.1510710259301,37.0913190529876,1.3528748590755355,24.91544532130778,39.346110484780155,34.17136414881624,41.57239819004525,49.38689887107388
1565,精華,醫療耗材,96.0,-0.4149377593361092,11417276.25,True,18.560606060606062,74.3530192435302,-16.8,2026-06-01,False,47.22222222222222,0.208768267223385,0.10569000414613174,60.56782334384858,-0.09333333333333371,47.745208568207445,63.35963923337091,83.65276211950395,12.73957158962796,35.51296505073281,48.602029312288614,4.751131221719457,25.469068036545988
3178,公準,電子設備,59.0,0.3401360544217802,11407669.745,True,95.42211652794292,8.626410086264102,36.03,2026-06-01,False,14.666666666666666,-16.54879773691655,-0.012948471647434363,79.40780619111709,21.623333333333335,14.71251409244645,7.666290868094701,35.62570462232244,58.173618940248026,85.34385569334837,40.304396843292,64.70588235294117,57.481431129385236
3705,永信,藥,54.4,0.7407407407407307,11356349.415,True,74.40476190476191,29.429329794293295,-21.98,2026-06-01,False,17.391304347826086,-1.9819819819819846,-0.08668916271626043,91.58249158249158,-13.076666666666666,17.756482525366405,53.551296505073275,10.822998872604284,85.456595264938,13.979706877113868,36.31341600901917,3.506787330316742,38.29214215388697
3716,中化控股,藥,35.25,0.8583690987124415,11336511.937500002,True,15.273775216138327,77.37226277372264,-5.39,2026-06-01,False,58.69565217391305,2.1739130434782608,0.11437038219337946,99.01685393258427,-0.043333333333333,60.09019165727171,69.89853438556933,85.68207440811724,96.95603156708005,35.62570462232244,69.65050732807215,10.972850678733032,49.53013487937886
6776,展碁國際,電子通路,54.5,1.3011152416356975,11093147.680000003,True,53.328232593726085,45.98540145985402,50.7,2026-06-01,False,58.490566037735846,-1.6245487364620912,-0.017084519539791426,74.14965986394559,1.1300000000000026,59.75197294250282,55.2423900789177,33.483652762119505,43.85569334836528,39.57158962795941,46.38105975197295,76.2443438914027,56.15240502583828
1713,國化,染料及顏料,46.0,0.0,11073517.180000002,True,12.932900432900432,78.93165228931652,-7.68,2026-06-01,False,66.66666666666666,-4.5643153526971005,-0.1582778013394369,86.14232209737828,-19.03333333333333,68.1510710259301,40.92446448703495,3.269447576099211,73.3934611048478,10.4847801578354,39.24464487034949,9.276018099547512,52.474021435822614
1580,新麥,機械,109.5,-0.9049773755656076,11061545.95,True,11.363636363636363,80.49104180491041,3.17,2026-06-01,False,91.66666666666666,-6.008583690987124,-0.045590825619308176,77.3851590106007,9.153333333333334,91.37542277339347,35.062006764374296,21.98421645997745,52.649379932356254,66.29086809470124,53.47237880496054,20.701357466063346,57.41603835185969
3438,類比科,半導體,60.2,1.0067114093959662,11018678.510000002,True,51.30499627143923,47.71068347710683,-6.39,2026-06-01,False,61.53846153846154,3.4364261168384878,0.0005750800883593642,76.20253164556962,5.760000000000001,62.965050732807214,74.63359639233371,44.7576099210823,50.28184892897407,56.93348365276212,57.914317925591874,10.06787330316742,37.17029414315375
8942,森鉅,石化,42.8,6.866416978776524,10962351.067499999,True,99.78354978354979,1.7584605175846053,-27.3,2026-06-01,False,5.555555555555555,7.402760351317429,0.0520026012363968,93.04347826086956,6.243333333333329,4.058624577226606,82.18714768883878,68.43291995490416,89.40248027057497,58.8500563697858,60.58624577226607,2.941176470588235,28.55378340738776
6735,美達科技,電子設備,65.7,0.3053435114503955,10927287.855,True,76.37698898408813,27.670869276708693,15.24,2026-06-01,False,52.0,-10.733695652173903,0.048521076744214534,45.310344827586206,-66.24333333333334,52.59301014656145,18.714768883878243,67.41826381059752,2.029312288613303,3.269447576099211,28.80496054114995,37.782805429864254,43.422589745290196
1455,集盛,人纖,9.89,-0.8024072216649913,10860516.350000001,True,46.500777604976676,52.15660252156602,-13.94,2026-06-01,False,66.66666666666666,6.002143622722406,0.017167248755549577,89.90909090909092,-6.65,68.1510710259301,78.91770011273958,54.79143179255919,81.96166854565952,19.729425028184895,60.71025930101465,5.542986425339366,44.18450647104736
6840,東研信超,檢測驗證,75.6,9.883720930232553,10698518.36,True,31.01391650099404,64.23357664233576,17.85,2026-06-01,False,100.0,21.7391304347826,0.07987207685696651,93.33333333333333,2.7733333333333334,98.8162344983089,95.94137542277339,77.11386696730553,89.5152198421646,45.82863585118376,81.44306651634723,42.30769230769231,58.67444280634811
4549,桓達,儀器設備,97.0,5.54951033732316,10490828.79,True,70.88744588744589,32.448573324485736,3.61,2026-06-01,False,32.441471571906355,-1.322482197355033,0.08802977395873242,66.66666666666666,12.0,32.2435174746336,57.15896279594137,79.0304396843292,23.95715896279594,72.49154453213077,52.97632468996617,21.153846153846153,30.048889948833583
6914,阜爾運通,其他運儲,147.5,0.0,10460679.5,True,8.468468468468467,82.81353682813537,11.19,2026-06-01,False,82.74247491638796,0.6825938566552902,0.08554789383542476,95.16129032258065,2.9000000000000004,83.54002254791432,65.7271702367531,78.35400225479144,92.67192784667418,46.44870349492672,73.34836527621196,32.01357466063348,60.62458870461722
2537,聯上發,建設,11.0,-0.4524886877828149,10448730.567499999,True,68.86792452830188,33.842070338420704,57.68,2026-06-01,False,25.862068965517242,-2.6548672566371745,0.0908775494965992,88.70967741935483,-1771.9133333333332,25.93010146561443,49.943630214205186,80.27057497181511,79.14317925591882,0.4509582863585118,47.147688838782415,79.52488687782805,58.66363434628903
5287,數字,數位雲端,156.0,2.2950819672131084,10338051.725,True,4.004329004329004,86.19774386197744,-4.41,2026-06-01,False,73.91304347826086,4.3478260869565215,-0.03219360901583989,85.71428571428571,-0.39333333333333353,74.80270574971814,76.32468996617813,26.719278466741827,72.04058624577226,34.83652762119504,56.944757609921076,11.76470588235294,45.5708269779163
9930,中聯資源,其他水泥,62.4,0.16051364365972098,10327127.215000002,True,14.339826839826838,78.03583278035833,-7.26,2026-06-01,False,77.9933110367893,-1.8867924528301931,0.027852387325668693,85.9504132231405,0.8333333333333339,78.35400225479144,54.227733934611045,59.188275084554675,72.71702367531003,38.66967305524239,60.63134160090192,9.389140271493213,51.55810806674591
2471,資通,資訊服務,50.3,0.39920159680637557,10222490.587500002,True,12.878787878787879,79.09754479097545,0.37,2026-06-01,False,64.44444444444444,-5.094339622641515,-0.2057509570373001,91.78832116788321,-3.0899999999999994,65.2762119503946,38.331454340473506,1.4656144306651635,85.79481397970687,28.74859075535513,43.923337091319056,17.760180995475114,57.62493814627577
1419,新紡,成衣,64.9,-0.6125574272587975,10163216.21,True,0.6493506493506493,92.7007299270073,17.98,2026-06-01,False,90.47619047619048,-2.698650674662664,0.08962832889883944,81.32832080200502,-1.9766666666666666,89.79706877113867,49.6054114994363,79.70687711386697,63.134160090191656,31.34160090191657,62.717023675310045,42.42081447963801,61.436657960383016
2614,東森,百貨批發,18.05,0.5571030640668662,10105569.0075,True,12.91139240506329,79.03118779031188,2.75,2026-06-01,False,71.42857142857143,-2.432432432432429,0.018491448775623198,76.32135306553913,7.736666666666667,72.6042841037204,51.29650507328072,55.2423900789177,50.62006764374295,62.9086809470124,58.53438556933484,19.683257918552037,47.90277614818367
4741,泓瀚,染料及顏料,43.8,-0.6802721088435493,10087724.709999999,True,81.87229437229438,22.859986728599868,32.28,2026-06-01,False,33.33333333333333,-11.515151515151521,0.008272821017297247,54.074074074074076,4.676666666666666,33.370913190529876,17.474633596392334,48.81623449830891,5.975197294250282,52.98759864712515,31.724915445321308,60.52036199095022,45.597959719834506
2528,皇普,建設,20.4,-0.9708737864077777,10080519.395,True,23.166023166023166,70.27206370272063,-5.37,2026-06-01,False,70.6896551724138,-8.31460674157304,0.10978072079114788,63.74999999999999,-139.34666666666666,72.04058624577226,26.493799323562573,84.55467869222097,17.81285231116122,1.6910935738444193,40.518602029312284,11.085972850678733,43.61140302101241
