stock_id,name,industry,close,day_change_pct,adv20,listed_ok,pe_hist_pct,value_pct,revenue_yoy,rev_month,bear_regime,value_ind_pct,momentum20,chip20_turnover,high52_prox,rev_accel,value_ind_pct_pool_pct,momentum20_pool_pct,chip20_turnover_pool_pct,high52_prox_pool_pct,rev_accel_pool_pct,composite,revenue_yoy_pool_pct,c2_score
2330,台積電,半導體,2375.0,1.0638297872340496,73941278209.0,True,75.60712358337831,25.346534653465348,67.87,2026-06-01,False,32.06106870229007,-1.2474012474012475,-0.027762267307532246,94.62151394422311,29.383333333333333,32.46013667425968,45.899772209567196,32.23234624145786,91.23006833712985,90.3078677309008,58.42603823866308,83.7528604118993,65.38582330343041
2408,南亞科,半導體,517.0,7.484407484407485,40121278961.725,True,63.20064987814785,35.51155115511551,621.34,2026-06-01,False,48.091603053435115,21.36150234741784,0.0709785276300218,98.66412213740458,-68.26333333333332,49.772209567198175,94.07744874715262,74.03189066059225,95.8997722095672,2.8506271379703536,63.326389664496126,98.97025171624713,62.64119618646498
2454,聯發科,半導體,3700.0,-3.771131339401823,37510871968.0,True,97.30167296276309,4.455445544554455,2.8,2026-06-01,False,3.0534351145038165,-4.516129032258064,-0.010213343341927819,79.74137931034483,1.583333333333333,1.9362186788154898,30.865603644646928,39.40774487471526,60.13667425968109,40.592930444697835,34.58783438051132,18.993135011441648,37.55010607632282
2327,國巨*,電子零組件,562.0,-2.430555555555558,30095666341.825,True,96.38424177010253,5.412541254125412,38.91,2026-06-01,False,10.666666666666668,-19.25287356321839,-0.07147315073303787,49.29824561403508,2.7733333333333334,9.339407744874716,2.9612756264236904,14.350797266514807,3.986332574031891,45.55302166476625,15.238166975322269,66.93363844393593,44.324525784104715
2308,台達電,電子零組件,1745.0,-1.1331444759206777,25541315611.0,True,92.01295196977874,10.891089108910892,55.43,2026-06-01,False,18.0,-7.180851063829788,-0.06639806274034779,69.24603174603175,7.763333333333335,17.36902050113895,22.89293849658314,15.831435079726653,35.53530751708428,62.37172177879133,30.800084674664873,78.14645308924484,52.03946065272123
2344,華邦電,半導體,176.5,5.059523809523814,25122026513.95,True,44.24119241192412,51.15511551155115,189.88,2026-06-01,False,69.46564885496184,9.627329192546584,0.0006913540332400149,79.5045045045045,5.190000000000026,71.86788154897495,83.37129840546697,45.44419134396355,59.90888382687927,53.59179019384265,62.83680906382548,95.30892448512586,60.92859786387828
3037,欣興,印刷電路板,1140.0,0.8849557522123908,22634583652.95,True,86.67026443604965,15.874587458745875,36.31,2026-06-01,False,39.53488372093023,27.232142857142854,0.11134913750094683,99.56331877729258,4.20333333333334,40.091116173120724,96.58314350797266,83.7129840546697,96.9248291571754,50.969213226909915,73.65625722396967,64.8741418764302,51.326735924688414
2303,聯電,半導體,115.5,0.0,20099321572.4,True,63.30275229357798,35.31353135313531,22.85,2026-06-01,False,47.32824427480916,-16.60649819494585,-0.04056079159104239,64.70588235294117,5.706666666666667,48.405466970387245,5.0113895216400905,27.790432801822323,24.601366742596813,56.21436716077537,32.40460463944437,48.39816933638444,54.0984033819321
4958,臻鼎-KY,印刷電路板,463.0,1.3129102844638973,17891113815.25,True,95.73664328116568,6.336633663366337,32.83,2026-06-01,False,25.581395348837212,-8.49802371541502,-0.05504791463383194,71.671826625387,5.476666666666663,25.28473804100228,18.45102505694761,21.184510250569478,41.571753986332574,55.188141391106036,32.33603374519159,60.86956521739131,52.31875804694464
3231,緯創,電腦及週邊,180.0,-1.098901098901095,17322760206.6,True,54.88397193739881,41.81518151815182,53.85,2026-06-01,False,38.983050847457626,3.7463976945244957,0.08949033636712769,91.37055837563452,-14.509999999999998,39.521640091116176,69.24829157175398,79.04328018223235,86.90205011389521,12.998859749144811,57.5428243416285,77.68878718535468,58.71604645465302
1303,南亞,石化,186.0,-0.8000000000000007,16601723886.825,True,54.290718038528894,42.442244224422446,31.79,2026-06-01,False,52.63157894736842,-5.583756345177665,-0.030860622583729163,81.75824175824175,4.263333333333328,54.38496583143508,28.246013667425967,31.09339407744875,65.94533029612755,51.31128848346636,46.19619847118075,59.49656750572082,62.89521249146436
6770,力積電,半導體,67.3,1.0510510510510551,15644586141.707499,True,69.77124183006535,30.693069306930692,68.75,2026-06-01,False,41.221374045801525,1.9696969696969653,0.006868264702083109,75.87373167981961,15.393333333333338,41.34396355353075,62.1867881548975,48.86104783599089,50.34168564920274,77.53705815279362,56.054108669283096,84.21052631578947,53.42734684090636
3481,群創,光電及I/O,46.0,-1.6042780748663055,14441773461.022497,True,82.53223915592028,19.405940594059405,17.25,2026-06-01,False,28.37837837837838,-11.368015414258187,-0.008020033259709208,64.88011283497885,4.143333333333333,28.5876993166287,11.275626423690206,40.66059225512528,25.17084282460137,50.62713797035347,31.264379758079805,41.07551487414188,45.88960764792044
2317,鴻海,電腦及週邊,246.5,0.612244897959191,13739985198.85,True,82.40690771721533,19.537953795379536,52.11,2026-06-01,False,16.94915254237288,-4.271844660194175,0.028968292570421526,79.77346278317152,11.636666666666663,16.62870159453303,31.776765375854215,59.111617312072894,60.478359908883824,70.92360319270239,47.78380947680927,76.5446224256293,55.46872963829799
3017,奇鋐,電子零組件,2985.0,-3.5541195476575083,13191423233.25,True,88.07339449541286,14.587458745874587,66.11,2026-06-01,False,22.666666666666664,22.33606557377049,0.12930172497738315,92.27202472952087,-0.013333333333335418,22.55125284738041,94.53302961275627,86.56036446469248,87.6993166287016,35.91790193842645,65.45237309839143,83.18077803203661,49.72457947384059
3711,日月光投控,半導體,590.0,0.340136054421758,13089350009.8,True,94.61242440901594,7.656765676567656,32.86,2026-06-01,False,11.450381679389313,-9.090909090909092,-0.0594196340327276,81.15543328748281,5.976666666666663,10.592255125284739,16.74259681093394,18.906605922551254,63.781321184510254,57.2405929304447,33.45267439474498,61.04118993135012,54.66804235755279
2383,台光電,印刷電路板,5985.0,1.7857142857142794,12906143065.75,True,96.00647598488938,6.105610561056106,120.69,2026-06-01,False,23.25581395348837,17.46810598626104,0.007946212589145765,94.25196850393701,11.043333333333337,23.234624145785876,91.91343963553531,49.772209567198175,91.00227790432803,70.01140250855188,65.18679075227985,92.5629290617849,53.72159786909087
8046,南電,印刷電路板,1195.0,1.2711864406779627,12880711257.95,True,80.07290400972053,21.914191419141915,50.03,2026-06-01,False,60.46511627906976,-2.8455284552845526,-0.015636205815034835,84.45229681978799,8.256666666666668,61.731207289293856,37.699316628701595,37.01594533029613,72.32346241457859,64.08209806157355,54.57040594488874,75.11441647597255,67.86744238778584
3008,大立光,消費性電子,5515.0,-0.6306306306306353,11675242053.0,True,99.46033459255261,2.4092409240924093,-10.46,2026-06-01,False,5.263157894736842,33.21256038647343,-0.013230149178429452,99.36936936936937,-29.35666666666667,3.758542141230068,97.60820045558086,37.58542141230068,96.81093394077449,6.385404789053592,48.42970054778794,6.521739130434782,27.37075368921462
3189,景碩,印刷電路板,851.0,0.2355712603062443,11646722804.2,True,77.31362467866325,24.09240924092409,32.27,2026-06-01,False,65.11627906976744,8.40764331210191,0.003965929958209949,94.03314917127071,1.5899999999999999,66.51480637813212,81.54897494305239,47.03872437357631,90.7744874715262,40.706955530216646,65.31678973930073,60.068649885583525,58.95224219804737
6669,緯穎,電腦及週邊,6325.0,-0.7843137254901933,11358085947.0,True,71.75360710321864,28.976897689768975,29.79,2026-06-01,False,27.11864406779661,15.63071297989031,0.027884626979995043,95.54380664652568,3.9166666666666643,26.879271070615037,89.97722095671982,58.54214123006833,92.36902050113895,49.60091220068415,63.47371319184525,56.8649885583524,46.53401479334664
3443,創意,半導體,5630.0,6.32672332389046,11093101651.25,True,98.43497031840259,3.498349834983498,103.72,2026-06-01,False,1.5267175572519083,28.538812785388128,0.04695965397188588,96.23931623931624,-27.180000000000007,0.5694760820045558,97.03872437357631,66.2870159453303,93.16628701594533,6.841505131128849,52.780601709597065,91.07551487414187,46.943138399628864
8299,群聯,半導體,1995.0,1.526717557251911,11022797033.0,True,14.84079870480302,75.34653465346534,301.0,2026-06-01,False,86.25954198473282,3.90625,-0.05989969243873518,69.27083333333334,21.379999999999995,87.24373576309794,69.58997722095673,18.45102505694761,35.7630979498861,84.83466362599772,59.17649992337722,97.36842105263158,62.69631938616473
2337,旺宏,半導體,122.0,2.5210084033613356,10635082977.805,True,99.24178601516428,2.7722772277227725,216.09,2026-06-01,False,0.7633587786259541,-5.7915057915057915,-0.0351576296900415,65.76819407008087,34.22333333333333,0.22779043280182232,27.33485193621868,29.498861047835987,27.676537585421414,91.9042189281642,35.32845198608842,95.9954233409611,49.14122485574141
6488,環球晶,半導體,993.0,1.0172939979654183,10546893787.85,True,96.81597409606044,4.752475247524752,-1.63,2026-06-01,False,3.816793893129771,-11.339285714285714,-0.04886509622424255,65.54455445544555,3.3899999999999997,2.3917995444191344,11.503416856492027,23.917995444191344,26.65148063781321,47.890535917901936,22.47104568016353,13.615560640732266,32.78885599161815
2368,金像電,印刷電路板,1025.0,-1.4423076923076872,9637733476.75,True,80.89622641509435,20.85808580858086,78.22,2026-06-01,False,55.81395348837209,8.926673751328375,-0.06735437546672197,68.56187290969899,3.576666666666668,57.85876993166287,82.91571753986332,15.603644646924831,33.14350797266515,48.68871151653364,47.642070321529964,86.95652173913044,48.760770525898785
3661,世芯-KY,半導體,3750.0,3.305785123966931,9636911810.25,True,69.07717215326498,31.155115511551156,15.39,2026-06-01,False,41.98473282442748,6.837606837606838,-0.012394301375627186,69.76744186046511,32.18000000000001,42.369020501138955,78.92938496583145,38.041002277904326,36.78815489749431,91.44811858608894,57.5151362456916,37.52860411899314,34.43909863794874
3105,穩懋,半導體,379.0,4.264099037138935,8400354921.35,True,70.03722084367246,30.627062706270625,29.55,2026-06-01,False,40.458015267175576,3.9780521262002746,-0.009106815633061831,61.426256077795784,-10.029999999999998,41.00227790432802,70.15945330296127,40.20501138952164,17.539863325740317,16.53363740022805,37.08804866455586,56.2929061784897,36.16889852639919
2301,光寶科,電子零組件,267.0,-2.376599634369292,8292688172.425,True,97.30167296276309,4.455445544554455,36.98,2026-06-01,False,7.333333333333333,22.477064220183486,0.10628187633000233,97.62340036563072,6.629999999999999,5.922551252847381,94.76082004555809,82.80182232346242,94.874715261959,59.97719498289624,67.66742077334463,65.44622425629291,42.8706676813853
8358,金居,印刷電路板,413.5,0.730816077953711,8148875728.4,True,88.50512682137075,13.82838283828383,43.37,2026-06-01,False,34.883720930232556,1.7220172201722017,-0.10761226133735055,59.07142857142858,3.18333333333333,35.53530751708428,61.04783599088838,8.428246013667426,12.756264236902052,46.86431014823261,32.92639278135495,69.90846681922197,39.28805064557998
6274,台燿,印刷電路板,1575.0,5.000000000000004,8060153424.25,True,96.16837560712358,5.775577557755775,107.72,2026-06-01,False,20.930232558139537,17.97752808988764,-0.04966459422601527,82.89473684210526,-3.673333333333332,20.72892938496583,92.36902050113895,23.57630979498861,69.13439635535308,26.795895096921324,46.52091022667356,91.64759725400458,47.285475623296136
2382,廣達,電腦及週邊,327.0,-1.2084592145015116,7760366589.0,True,33.02752293577982,59.603960396039604,102.87,2026-06-01,False,61.016949152542374,-2.6785714285714284,-0.05653016398868112,78.41726618705036,-3.11666666666666,62.07289293849658,38.382687927107064,20.273348519362187,57.40318906605923,28.848346636259976,41.396093017457005,90.8466819221968,67.98501899991139
3653,健策,電子零組件,5600.0,2.564102564102555,7727755304.5,True,99.29843497031841,2.706270627062706,57.64,2026-06-01,False,3.3333333333333335,50.943396226415096,0.04805558069480912,100.0,16.869999999999997,2.164009111617312,99.31662870159454,66.97038724373576,98.63325740318906,79.47548460661345,69.31195341335004,78.94736842105263,45.10700155856612
3081,聯亞,半導體,2780.0,3.731343283582089,7696745892.5,True,84.48623237071861,17.491749174917494,128.14,2026-06-01,False,26.717557251908396,51.91256830601093,-0.005211889457675418,87.9746835443038,7.35333333333331,26.65148063781321,99.43052391799544,42.369020501138955,79.72665148063781,61.68757126567846,61.97304956065277,93.24942791762014,50.04925902951892
3665,貿聯-KY,電子零組件,2250.0,2.2727272727272707,7382496338.5,True,98.05720453318942,3.828382838283828,63.79,2026-06-01,False,5.333333333333334,-1.5317286652078774,-0.04581228016370073,76.53061224489795,22.563333333333333,3.8724373576309796,44.760820045558084,25.740318906605925,52.16400911161732,85.97491448118586,42.50249998051963,82.03661327231121,48.32805992400036
2492,華新科,電子零組件,272.5,-8.557046979865767,7043473600.15,True,84.0798704803022,18.05280528052805,25.84,2026-06-01,False,30.666666666666664,-9.166666666666666,-0.136810860533631,44.16531604538088,6.386666666666667,30.751708428246015,16.514806378132118,4.89749430523918,2.050113895216401,58.95096921322691,22.633018444012123,51.31578947368421,41.90070135475362
8039,台虹,印刷電路板,283.0,4.23572744014733,6867340539.775,True,99.7301672962763,1.4851485148514851,-6.57,2026-06-01,False,4.651162790697675,10.546875,-0.0008649255604463375,100.0,-4.130000000000001,3.189066059225513,84.51025056947609,44.19134396355353,98.63325740318906,25.65564424173318,51.235912447435474,9.153318077803203,31.616347742685424
2345,智邦,通信網路,2105.0,-0.9411764705882342,6786880904.5,True,78.68321640582838,23.36633663366337,61.16,2026-06-01,False,38.0,-9.46236559139785,-0.06911792308328187,76.54545454545455,3.9566666666666706,38.89521640091117,15.375854214123008,15.148063781321182,52.391799544419136,49.71493728620297,34.30517424539549,80.89244851258582,64.20090256094828
2360,致茂,電子設備,2140.0,0.9433962264151052,6483062492.25,True,94.225580140313,8.217821782178218,73.02,2026-06-01,False,14.285714285714285,-0.6960556844547563,-0.04940714143474309,81.52380952380952,-38.646666666666675,13.439635535307518,48.747152619589976,23.690205011389523,65.14806378132118,4.789053591790194,31.16282210787968,85.46910755148741,53.82741356213153
2059,川湖,金屬製品,13925.0,-1.2061014544164639,6388245193.0,True,99.7301672962763,1.4851485148514851,220.52,2026-06-01,False,14.285714285714285,69.8170731707317,0.04088929070096199,96.90327070285316,63.28333333333333,13.439635535307518,100.0,64.00911161731207,94.41913439635535,96.35119726339795,73.64381576247459,96.22425629290618,51.02075655614226
2313,華通,印刷電路板,217.5,4.819277108433728,5659864164.875,True,93.7938478143551,8.646864686468646,20.96,2026-06-01,False,27.906976744186046,1.6355140186915886,0.04277205023765726,72.8643216080402,10.586666666666668,28.132118451025057,60.59225512528473,64.80637813211845,44.64692482915717,69.09920182440136,53.45537567239735,45.881006864988564,39.516948754971516
5483,中美晶,半導體,186.5,5.665722379603388,5585284374.975,True,79.52008928571429,22.442244224422442,7.61,2026-06-01,False,30.53435114503817,-12.23529411764706,-0.04380207880882072,67.08633093525181,3.2700000000000005,30.52391799544419,9.681093394077449,26.30979498861048,30.182232346241456,47.32041049030787,28.80348984293629,26.54462242562929,44.39241984330937
3260,威剛,半導體,401.0,1.51898734177216,5240432606.625,True,0.1773049645390071,96.3036303630363,212.06,2026-06-01,False,98.47328244274809,5.9445178335535,0.0223475655262856,76.38095238095238,14.72333333333333,97.49430523917995,76.08200455580865,56.264236902050115,51.70842824601367,76.51083238312428,71.61196146523534,95.88100686498856,67.25043394859338
4979,華星光,通信網路,570.0,7.750472589792068,5219378500.175,True,94.43838604143949,7.986798679867987,27.68,2026-06-01,False,16.0,39.87730061349693,0.05113116417915734,79.38718662952647,8.850000000000001,15.205011389521639,98.74715261958997,68.56492027334852,59.68109339407744,65.22234891676169,61.48410531865985,54.576659038901596,32.67890280072768
6213,聯茂,印刷電路板,510.0,5.371900826446274,5213262958.85,True,98.86670264436049,3.2343234323432344,47.94,2026-06-01,False,11.627906976744185,48.47161572052402,0.06521688174533156,100.0,17.596666666666664,10.70615034168565,99.08883826879271,72.09567198177676,98.63325740318906,80.38768529076397,72.18232065724163,73.62700228832952,45.96939294110288
3450,聯鈞,通信網路,553.0,-2.4691358024691357,5167140724.375,True,80.86455331412104,20.924092409240924,88.18,2026-06-01,False,34.0,16.666666666666664,0.03628625943556054,90.359477124183,26.98333333333334,34.79498861047836,91.17312072892938,62.1867881548975,84.05466970387245,89.28164196123147,72.29824183188182,88.67276887871853,54.08732661603499
2449,京元電子,半導體,235.0,0.0,5040068500.5,True,93.03831624392876,9.603960396039604,28.64,2026-06-01,False,16.030534351145036,-17.832167832167833,-0.13522782690831045,66.38418079096046,-4.630000000000003,15.375854214123008,4.100227790432802,5.125284738041002,28.701594533029613,24.743443557582665,15.609280966641819,55.37757437070938,48.8386988318573
6446,藥華藥,藥,1375.0,-1.7857142857142905,4891392245.75,True,57.2202166064982,39.867986798679866,94.88,2026-06-01,False,28.888888888888886,19.565217391304348,0.0048898343882626425,89.86928104575163,4.313333333333333,29.38496583143508,93.16628701594533,47.49430523917996,82.91571753986332,51.653363740022805,60.922927873289304,89.7025171624714,52.20922837945612
6182,合晶,半導體,109.5,-0.4545454545454519,4864661536.155001,True,88.4929906542056,13.927392739273929,14.11,2026-06-01,False,23.66412213740458,-13.438735177865613,-0.07403998572736563,57.78364116094987,4.426666666666668,23.57630979498861,8.314350797266515,13.78132118451025,10.933940774487471,51.881413911060434,21.697467292462655,35.46910755148742,40.416251830924246
6223,旺矽,半導體,5650.0,7.516650808753567,4788389999.25,True,95.03507825148408,7.45874587458746,65.07,2026-06-01,False,9.923664122137405,-9.6,-0.06286518657955274,76.55826558265582,6.576666666666661,8.656036446469248,14.92027334851936,17.198177676537586,52.50569476082004,59.863169897377425,30.628670425944733,82.6086956521739,57.21253837773595
6239,力成,半導體,268.5,2.285714285714291,4788326503.725,True,92.55261737722613,10.297029702970297,21.71,2026-06-01,False,17.557251908396946,-8.673469387755102,-0.08138656029608116,70.84432717678101,-6.433333333333334,17.198177676537586,17.76765375854214,12.52847380410023,39.40774487471526,20.068415051311288,21.3940930330413,46.796338672768876,46.408651866369894
3374,精材,半導體,303.5,1.5050167224080369,4662613082.125,True,86.79588128407026,15.775577557755776,61.01,2026-06-01,False,24.427480916030532,-24.68982630272953,-0.06078587152725936,72.60765550239235,17.686666666666667,24.25968109339408,1.2528473804100226,18.109339407744876,43.8496583143508,80.61573546180159,33.61745233154027,80.66361556064074,61.8800268969939
2409,友達,光電及I/O,25.8,-1.338432122370925,4642676201.242498,True,99.31972789115646,2.6402640264026402,13.83,2026-06-01,False,6.756756756756757,-1.7142857142857115,-0.016059447617615207,78.89908256880733,11.18,5.353075170842825,43.394077448747154,36.78815489749431,58.54214123006833,70.2394526795895,42.86338028534843,34.78260869565217,38.82093691195405
7769,鴻勁,電子設備,6455.0,0.15515903801397446,4464416795.5,True,30.113636363636363,61.71617161716172,106.54,2026-06-01,False,75.32467532467533,-0.15467904098994587,0.024666132477704467,78.14769975786925,5.8700000000000045,77.67653758542141,51.13895216400911,57.28929384965832,56.264236902050115,56.67046750285063,59.807897600797915,91.30434782608695,68.52654253738734
6147,頎邦,半導體,163.5,1.238390092879249,4282586660.35,True,96.43820831084727,5.214521452145215,27.06,2026-06-01,False,5.343511450381679,-6.837606837606838,0.009920858478569139,53.51882160392799,3.6233333333333313,3.986332574031891,24.145785876993166,51.025056947608206,6.605922551252847,49.03078677309008,26.958776944595236,54.118993135011436,35.141365595825754
2357,華碩,電腦及週邊,913.0,-1.2972972972972951,4262035206.3,True,52.1856449001619,44.224422442244226,55.63,2026-06-01,False,42.3728813559322,18.725617685305593,0.2231000103238717,91.66666666666666,18.75,42.93849658314351,92.59681093394077,95.8997722095672,87.35763097949885,81.87001140250855,80.13254442173178,78.37528604118992,54.01865066747288
6187,萬潤,電子設備,1265.0,-3.065134099616862,4251219027.85,True,84.61953588774959,17.326732673267326,87.06,2026-06-01,False,31.16883116883117,23.414634146341466,0.07005063936429581,91.00719424460432,34.73666666666667,31.32118451025057,95.21640091116174,73.69020501138952,85.53530751708428,92.01824401368302,75.55626839271383,88.44393592677345,52.52100676073664
5274,信驊,半導體,15750.0,-0.5053695514845247,4231397540.25,True,85.69886670264437,16.633663366336634,67.47,2026-06-01,False,25.954198473282442,1.3513513513513513,0.019036599647613655,81.71206225680933,-5.1299999999999955,25.740318906605925,58.65603644646925,55.01138952164008,65.60364464692483,23.31812998859749,45.66590390204752,83.63844393592677,54.08159276074707
2455,全新,半導體,412.0,3.90920554854981,4143538924.05,True,93.47004856988667,9.108910891089108,23.55,2026-06-01,False,14.50381679389313,19.420289855072465,-0.024422137217289933,92.7927927927928,-12.38666666666666,13.78132118451025,93.05239179954442,33.25740318906606,88.49658314350796,14.367160775370582,48.59097201839985,48.970251716247134,39.54894106118023
5289,宜鼎,半導體,1490.0,-1.650165016501648,4025332764.75,True,3.184025903939557,85.64356435643565,696.31,2026-06-01,False,90.07633587786259,8.75912408759124,-0.06115021862458177,74.87437185929649,56.23666666666668,90.20501138952164,82.80182232346242,17.88154897494305,48.29157175398633,96.23717217787913,67.08342532395852,99.19908466819221,63.72346137205943
6442,光聖,通信網路,1555.0,1.6339869281045694,3975424510.0,True,60.54464851171628,37.82178217821782,1.65,2026-06-01,False,46.0,11.870503597122301,-0.025421929937726115,65.61181434599156,-32.17,47.323462414578586,86.44646924829156,32.80182232346242,26.879271070615037,5.587229190421892,39.807650849473895,17.620137299771166,26.344100384168303
2324,仁寶,電腦及週邊,38.5,-2.035623409669207,3851439391.3849998,True,78.89908256880734,23.234323432343235,58.38,2026-06-01,False,22.033898305084744,4.761904761904762,0.0810547329294696,81.8278427205101,26.313333333333333,21.867881548974943,73.29157175398633,76.42369020501138,66.2870159453303,88.59749144811857,65.29353018028431,79.40503432494279,48.56709001631542
5347,世界,半導體,153.5,1.320132013201314,3611974189.775,True,94.76524554776039,7.590759075907591,33.57,2026-06-01,False,10.687022900763358,-8.902077151335313,-0.06672136587098138,69.77272727272728,12.693333333333332,9.453302961275627,17.084282460136674,15.717539863325742,36.90205011389522,73.20410490307869,30.472256060342385,61.89931350114416,47.79259602904458
8150,南茂,半導體,87.9,0.6872852233677174,3569516972.25,True,86.56233135456017,16.105610561056103,37.23,2026-06-01,False,25.190839694656486,-10.488798370672095,-0.04879321531196258,71.75510204081633,8.169999999999998,24.943052391799544,13.325740318906606,24.031890660592257,41.68564920273349,63.740022805017105,33.545271075809794,65.78947368421053,54.773108739959234
2376,技嘉,電腦及週邊,344.0,-1.2912482065997155,3518741783.525,True,31.0307609282245,61.320132013201324,68.55,2026-06-01,False,62.71186440677966,-2.9619181946403383,0.08383720032698093,86.21553884711778,19.486666666666665,63.89521640091116,36.78815489749431,77.5626423690205,75.96810933940775,83.0102622576967,67.44487705290608,83.98169336384439,71.76421605166723
3026,禾伸堂,電子零組件,710.0,2.898550724637672,3395293756.4,True,97.62547220723151,4.092409240924092,33.9,2026-06-01,False,6.0,1.8651362984218076,-0.0884700414792089,70.64676616915423,8.446666666666665,4.498861047835991,61.50341685649203,11.161731207289293,38.83826879271071,64.5381984036488,36.108095261595366,62.35697940503433,36.04767309727225
6139,亞翔,電子設備,766.0,0.0,3368528931.65,True,50.728548300053966,45.57755775577558,49.7,2026-06-01,False,68.83116883116884,-10.722610722610723,-0.09616830661919755,80.20942408376963,-24.816666666666663,71.4123006833713,12.870159453302962,10.022779043280181,61.50341685649203,7.639680729760548,32.689667353241404,74.59954233409611,73.66127510516412
8996,高力,其他電製品,1135.0,0.0,3330308431.25,True,86.67026443604965,15.874587458745875,37.56,2026-06-01,False,12.5,5.5813953488372094,-0.057719683723583215,71.38364779874213,-16.979999999999997,11.617312072892938,75.28473804100227,19.58997722095672,40.77448747152619,11.174458380843785,31.688194637444383,66.01830663615561,35.78134203489312
2634,漢翔,機車船製造,72.3,5.393586005830908,3234750151.825,True,65.89314624932541,33.33333333333333,7.23,2026-06-01,False,16.666666666666664,16.801292407108235,0.05347003102256742,98.63574351978171,-5.553333333333331,15.945330296127564,91.45785876993166,69.13439635535308,95.78587699316628,22.34891676168757,58.934475835253224,26.08695652173913,36.590076260275325
6805,富世達,電子零組件,1850.0,2.777777777777768,3216227396.25,True,12.314540059347182,77.88778877887789,32.66,2026-06-01,False,94.0,27.147766323024054,0.013376871879784294,83.52144469525959,-10.31666666666667,93.96355353075171,96.46924829157174,52.61958997722096,70.50113895216401,15.96351197263398,65.90340854486848,60.41189931350115,57.10183587621128
2395,研華,電腦及週邊,673.0,-3.0259365994236287,3118919227.45,True,99.19050188882893,2.838283828382838,73.39,2026-06-01,False,1.694915254237288,12.166666666666668,0.03668630852360693,96.41833810888252,26.68999999999999,0.683371298405467,87.01594533029613,62.300683371298405,93.73576309794989,88.82554161915621,66.51226094342121,85.69794050343249,48.27528239237293
2481,強茂,電子零組件,138.5,1.46520146520146,3105882013.4,True,96.06211869107044,5.9405940594059405,27.37,2026-06-01,False,11.333333333333332,-4.1522491349480966,-0.08348961129664491,60.879120879120876,10.773333333333333,10.250569476082005,32.11845102505695,12.186788154897494,16.287015945330296,69.78335233751424,28.125235387776193,54.347826086956516,37.19174012082797
3163,波若威,通信網路,736.0,3.6619718309859106,3049851358.8,True,86.07663248785752,16.36963696369637,-11.53,2026-06-01,False,30.0,-3.28515111695138,-0.03868255007061979,56.83397683397683,-23.176666666666666,30.068337129840543,35.19362186788155,28.5876993166287,9.681093394077449,8.095781071835804,22.32530655605281,5.778032036613272,27.58346017316243
2379,瑞昱,半導體,703.0,-4.742547425474253,2929144067.05,True,79.16891527253102,23.003300330033003,20.6,2026-06-01,False,31.297709923664126,-5.6375838926174495,-0.01610194834598092,78.11111111111111,2.6833333333333336,31.548974943052393,27.790432801822323,36.674259681093396,56.03644646924829,45.26795895096921,39.46361456923712,45.4233409610984,51.30458239289419
3042,晶技,電子零組件,188.5,1.3440860215053752,2903495159.3,True,97.57150566648679,4.158415841584159,19.98,2026-06-01,False,6.666666666666667,14.58966565349544,0.012532721421651056,75.70281124497991,9.346666666666668,5.182232346241458,89.17995444191345,52.16400911161732,50.11389521640092,66.59064994298745,52.64614821183212,44.50800915331808,27.65604556851175
3533,嘉澤,電子零組件,1610.0,-0.6172839506172867,2855923198.75,True,63.626551538046414,34.98349834983499,17.26,2026-06-01,False,56.666666666666664,-20.884520884520885,-0.19552021758015728,56.49122807017544,3.4433333333333334,58.428246013667426,2.3917995444191344,2.619589977220957,9.225512528473805,48.118586088939566,24.156746830544176,41.18993135011442,51.61297258695913
2603,長榮,海運,246.0,2.2869022869022926,2830487822.2,True,68.06433084434234,31.94719471947195,30.01,2026-06-01,False,36.36363636363637,20.884520884520885,0.43383895739642997,100.0,8.033333333333331,36.78815489749431,93.84965831435079,99.77220956719817,98.63325740318906,63.283922462941845,78.46544052903485,57.78032036613272,49.83801858811633
2377,微星,電腦及週邊,140.0,-4.436860068259385,2825879239.025,True,27.091203453858608,64.02640264026402,-9.23,2026-06-01,False,71.1864406779661,-7.894736842105263,0.025368142477766267,82.84023668639054,9.176666666666666,73.23462414578587,20.842824601366743,57.51708428246014,68.79271070615034,65.79247434435575,57.23594361602377,7.551487414187644,57.18399941618928
3211,順達,電子零組件,355.0,-3.7940379403794022,2766845852.4,True,99.46033459255261,2.4092409240924093,20.63,2026-06-01,False,2.666666666666667,-9.323116219667945,0.011369916680348001,75.69296375266525,11.156666666666666,1.5945330296127564,15.831435079726653,51.594533029612755,49.88610478359909,70.1254275940707,37.806406703324384,45.53775743707094,45.29674004263903
3324,雙鴻,電子零組件,993.0,0.4044489383215444,2739802736.65,True,50.51268213707502,45.87458745874587,62.13,2026-06-01,False,72.0,7.583965330444204,0.06670500465333956,77.578125,-3.463333333333331,74.43052391799544,80.06833712984054,72.77904328018224,54.55580865603644,27.594070695553018,61.88555673592153,81.35011441647598,57.56702746516683
3036,文曄,電子通路,205.5,1.985111662531014,2623661011.5,True,48.40798704803022,47.62376237623762,188.09,2026-06-01,False,55.769230769230774,-0.9638554216867471,-0.07068706915256202,68.1592039800995,48.26333333333332,57.744874715261965,47.49430523917996,14.80637813211845,32.46013667425968,94.98289623717217,49.497718199598445,95.19450800915332,59.47630353987375
3529,力旺,半導體,2210.0,-2.212389380530977,2617338167.75,True,31.19266055045872,61.18811881188119,47.05,2026-06-01,False,78.62595419847328,-11.776447105788424,-0.0806378606449878,46.971307120085015,23.043333333333333,80.29612756264237,10.592255125284739,12.64236902050114,2.847380410022779,86.77309007981756,38.630244439653715,72.88329519450801,61.3586370104721
2451,創見,半導體,284.5,1.245551601423478,2576936156.85,True,0.5396654074473827,92.27722772277228,381.55,2026-06-01,False,96.18320610687023,16.359918200409,0.0003450618984487586,78.2668500687758,-100.38666666666666,95.67198177676538,90.66059225512528,45.21640091116173,56.60592255125285,1.9384264538198404,58.01866478962501,98.39816933638444,65.00387035231935
2464,盟立,電子設備,180.5,-0.5509641873278182,2535819748.5,True,99.56548727498448,2.046204620462046,43.05,2026-06-01,False,2.5974025974025974,21.548821548821547,0.0639306266024969,90.7035175879397,10.726666666666667,1.4806378132118452,94.19134396355354,71.5261958997722,84.96583143507974,69.55530216647662,64.34386225561879,69.79405034324942,40.51229390699686
6531,愛普*,半導體,882.0,5.376344086021501,2516219158.1,True,64.20595533498759,34.45544554455445,59.48,2026-06-01,False,45.80152671755725,-2.433628318584071,0.03899987812391016,74.11764705882354,-21.086666666666666,46.924829157175395,39.63553530751708,63.21184510250569,47.380410022779046,9.122006841505131,41.25492528629647,80.09153318077803,58.69030926330385
6515,穎崴,半導體,6380.0,0.15698587127157548,2512577547.0,True,90.69423929098967,11.749174917491748,287.9,2026-06-01,False,21.374045801526716,-3.479576399394856,-0.006538781757649809,59.101435849930525,135.16666666666666,21.184510250569478,34.51025056947608,41.7995444191344,12.870159453302962,98.2896237172178,41.73081768194014,97.25400457665904,49.19960592776385
1815,富喬,印刷電路板,107.0,9.183673469387754,2501356987.0950003,True,51.17227319062182,45.08250825082508,46.36,2026-06-01,False,76.74418604651163,35.6147021546261,0.0920229114911981,84.25196850393701,-3.4466666666666725,78.4738041002278,98.17767653758543,80.06833712984054,71.98177676537586,27.708095781071833,71.28193806282029,72.19679633867277,56.11867516667275
6505,台塑化,輕油裂解,73.0,3.9886039886039892,2469078890.3,True,2.484113229347198,86.93069306930693,18.46,2026-06-01,False,86.88085676037484,-21.673819742489272,-0.04197919284318444,78.32618025751073,-7.656666666666663,87.6993166287016,2.277904328018223,26.993166287015946,56.83371298405467,18.586088939566707,38.478037833471426,42.33409610983982,71.14730534864447
3006,晶豪科,半導體,250.5,2.0366598778004175,2458946148.425,True,17.637795275590552,72.73927392739274,328.35,2026-06-01,False,83.96946564885496,17.88235294117647,0.08840891369578946,90.27027027027027,3.5600000000000023,85.42141230068337,92.25512528473804,78.81548974943053,83.7129840546697,48.574686431014825,77.75593956410731,97.59725400457666,68.61913126879793
3532,台勝科,半導體,340.0,-4.628330995792429,2395914145.175,True,96.7620075553157,4.884488448844884,23.71,2026-06-01,False,4.580152671755725,-19.33570581257414,-0.006861113234811938,65.00956022944551,2.986666666666668,3.0751708428246016,2.847380410022779,41.34396355353075,25.512528473804103,46.40820980615735,23.837450617267915,49.084668192219674,43.7062467747064
2881,富邦金,金融控股,128.0,-0.3891050583657574,2352583316.45,True,87.26389638424178,14.91749174917492,155.03,2026-05-01,False,46.15384615384615,-0.38910505836575876,0.11242910699050349,92.4187725631769,-16.25,47.55125284738041,50.11389521640092,84.28246013667426,87.8132118451025,11.744583808437856,56.301080770799196,94.50800915331807,69.93964465735002
2049,上銀,機械,366.5,-0.13623978201634523,2335661745.575,True,79.06098219104155,23.16831683168317,31.62,2026-06-01,False,8.571428571428571,14.710485133020345,0.08195152639791813,89.49938949938951,4.793333333333333,7.175398633257403,89.29384965831434,77.10706150341686,82.23234624145786,53.02166476624858,61.76606416053901,59.153318077803206,39.81680332355103
5351,鈺創,半導體,118.0,-6.719367588932801,2255048019.8650002,True,47.46450304259635,48.31683168316832,657.48,2026-06-01,False,61.06870229007634,34.39635535307517,0.09873145322941898,87.08487084870849,97.47333333333336,62.300683371298405,98.0637813211845,81.54897494305239,77.39179954441914,97.6054732041049,83.38214247681186,99.08466819221968,60.178342446688184
6173,信昌電,電子零組件,221.0,3.512880562060894,2246032939.875,True,96.7620075553157,4.884488448844884,29.08,2026-06-01,False,8.666666666666668,20.76502732240437,-0.04584349691168496,63.052781740370904,4.056666666666668,7.403189066059225,93.62186788154897,25.626423690205012,21.070615034168565,50.28506271379703,39.60143167715576,55.94965675057209,22.70039824231273
2891,中信金,金融控股,63.4,-2.3112480739599484,2241670751.1050005,True,93.63194819212089,8.91089108910891,-17.9,2026-06-01,False,23.076923076923077,-0.15748031496063214,0.08621384701673125,87.56906077348066,-499.2299999999999,23.06378132118451,51.025056947608206,78.4738041002278,78.70159453302962,1.1402508551881414,46.480897551447654,4.004576659038902,38.6862238914112
2356,英業達,電腦及週邊,64.5,-1.0736196319018454,2236680693.3450003,True,72.31516459794926,28.415841584158414,61.62,2026-06-01,False,25.423728813559322,2.380952380952381,0.10327371269421709,75.52693208430912,17.13666666666667,25.17084282460137,63.55353075170843,82.23234624145786,49.430523917995444,79.81755986316989,60.0409607197866,81.1212814645309,48.04227936385482
3491,昇達科,通信網路,1285.0,4.8979591836734615,2204693987.65,True,92.06263498920086,10.825082508250825,89.38,2026-06-01,False,20.0,-1.153846153846154,-0.007932330151978214,58.409090909090914,12.510000000000005,19.58997722095672,46.12756264236902,40.77448747152619,11.845102505694761,72.86202964652223,38.23983189741379,89.01601830663616,43.58088384772966
3034,聯詠,半導體,527.0,-1.310861423220977,2142625677.8,True,81.75930922827847,19.933993399339933,18.96,2026-06-01,False,28.24427480916031,4.7713717693836974,0.14749561281883303,92.9453262786596,9.136666666666668,28.35990888382688,73.57630979498862,88.49658314350796,88.8382687927107,65.56442417331813,68.96709895767046,43.1350114416476,46.689219830799146
2404,漢唐,電子設備,1075.0,-1.82648401826484,2085449617.25,True,80.9498111171074,20.792079207920793,50.9,2026-06-01,False,36.36363636363637,-7.725321888412018,-0.05434130390821719,77.6173285198556,-28.48000000000001,36.78815489749431,21.184510250569478,21.753986332574033,54.66970387243736,6.727480045610035,28.224767079737042,75.85812356979405,61.53286802228906
2615,萬海,海運,113.5,6.572769953051649,2081850669.075,True,50.34602076124568,46.07260726072607,32.7,2026-06-01,False,45.45454545454545,34.319526627218934,0.22336620248867625,100.0,9.816666666666666,46.4123006833713,97.9498861047836,96.01366742596811,98.63325740318906,67.7309007981756,81.34800248309753,60.58352402745996,51.919799002309176
2887,台新新光金,金融控股,35.95,-1.2362637362637208,2053486904.905,True,91.04155423637344,11.55115511551155,329.5,2026-06-01,False,38.46153846153847,4.202898550724646,0.12358719181932964,95.2317880794702,-110.59999999999997,39.17995444191344,71.18451025056947,85.99088838268793,92.14123006833714,1.8244013683010263,58.064196902361815,97.82608695652173,64.4906903040507
2882,國泰金,金融控股,97.7,-0.6103763987792443,2012575824.065,True,80.51807879114948,21.386138613861387,-42.04,2026-06-01,False,69.23076923076923,0.4110996916752371,0.076350509675776,84.58874458874459,-122.87666666666667,71.69703872437357,54.32801822323462,75.5125284738041,72.55125284738041,1.596351197263398,55.13703789321122,1.4874141876430207,47.85192188404059
2609,陽明,海運,60.3,2.203389830508473,1976459431.4600003,True,78.85714285714286,23.3003300330033,20.18,2026-06-01,False,18.181818181818183,19.405940594059402,0.23357372086931416,91.36363636363636,1.4199999999999982,17.65375854214123,92.9384965831435,97.03872437357631,86.78815489749431,39.908779931584945,66.86558286558807,44.8512585812357,39.088668859431934
8021,尖點,印刷電路板,408.5,3.811944091486663,1931736075.5,True,90.33665835411472,12.07920792079208,90.11,2026-06-01,False,32.55813953488372,0.4920049200492005,-0.006560482190491308,70.30981067125646,10.25,32.91571753986332,54.89749430523918,41.68564920273349,38.15489749430524,68.4150513112885,47.213761970685944,89.13043478260869,51.325888877884516
8069,元太,光電及I/O,163.0,1.2422360248447228,1926046430.55,True,24.71667566109012,66.07260726072607,-0.62,2026-06-01,False,66.21621621621621,-15.104166666666666,-0.1462187928089387,60.036832412523026,3.4466666666666663,67.53986332574033,6.264236902050115,4.555808656036446,14.92027334851936,48.23261117445838,28.302558681360928,15.846681922196796,48.01064542360159
2359,所羅門,電子通路,158.0,-1.8633540372670843,1916226480.075,True,53.81903642773208,42.9042904290429,35.56,2026-06-01,False,53.84615384615385,11.267605633802818,0.045868344814596305,89.01408450704226,-5.473333333333329,55.29612756264237,85.53530751708428,65.83143507972665,81.32118451025056,22.80501710376283,62.157814354693336,64.07322654462243,53.78880777510777
1326,台化,石化,58.4,2.998236331569659,1913926620.0700002,True,54.35765009683667,42.31023102310231,11.59,2026-06-01,False,47.368421052631575,-18.549511854951188,-0.07697305398227722,81.45048814504881,-6.833333333333332,48.69020501138952,3.3029612756264237,12.984054669703873,65.03416856492026,19.44127708095781,29.890533320519573,31.69336384439359,60.52869403626923
8271,宇瞻,半導體,233.0,6.150341685649208,1901060056.125,True,0.7555315704263357,91.32013201320132,200.65,2026-06-01,False,95.41984732824427,10.952380952380953,0.01349514473645817,89.44337811900192,-61.316666666666634,95.33029612756265,84.96583143507974,52.961275626423685,82.00455580865604,3.0786773090079818,63.668127261346015,95.76659038901602,72.03390272253874
2412,中華電,通信網路,136.5,0.3676470588235281,1883707742.5,True,79.9784133837021,21.980198019801982,11.4,2026-06-01,False,36.0,-1.0869565217391304,0.189852836475103,93.1740614334471,3.2666666666666675,36.38952164009112,46.24145785876993,94.19134396355354,89.63553530751709,47.20638540478905,62.73284883494415,31.46453089244851,52.812032495321695
3090,日電貿,電子通路,172.0,-3.0985915492957705,1882950345.15,True,95.41284403669725,6.765676567656766,32.37,2026-06-01,False,7.6923076923076925,0.2915451895043732,-0.07369616777963646,50.588235294117645,5.533333333333335,6.207289293849659,53.53075170842825,13.895216400911162,4.669703872437358,55.872291904218926,26.835050635969072,60.18306636155606,29.382326954853703
2885,元大金,金融控股,62.1,-0.6399999999999961,1846361574.03,True,96.43820831084727,5.214521452145215,,2026-06-01,False,15.384615384615385,-1.8957345971563913,-0.017104424084602162,86.85314685314685,487.2633333333334,14.749430523917994,42.25512528473804,35.876993166287015,76.87927107061503,99.31584948688712,53.81533390648904,,49.791192103265
8112,至上,電子通路,93.7,2.9670329670329787,1831102235.175,True,13.92336751214247,76.43564356435644,231.17,2026-06-01,False,84.61538461538461,6.47727272727273,0.09658526421899766,93.23383084577115,51.06666666666666,85.93394077448747,77.67653758542141,80.86560364464692,89.749430523918,95.21094640820981,85.88729178733672,96.68192219679635,73.6721889774451
2886,兆豐金,金融控股,46.4,-1.381509032943673,1827601097.3000004,True,72.31516459794926,28.415841584158414,1.53,2026-06-01,False,76.92307692307693,-3.6344755970924196,0.1273202665647493,87.38229755178907,-28.51,78.75854214123007,33.712984054669704,86.44646924829156,78.01822323462414,6.61345496009122,56.709934727781345,17.505720823798626,60.14237553624579
6415,矽力*-KY,半導體,448.0,1.8181818181818077,1825116225.025,True,55.96330275229357,40.92409240924093,37.77,2026-06-01,False,54.19847328244275,-5.584826132771338,0.04033906590841097,66.56760772659732,5.270000000000003,55.80865603644647,28.132118451025057,63.667425968109335,29.157175398633257,54.0478905359179,46.162653278026404,66.36155606407323,55.798817262031974
4991,環宇-KY,半導體,520.0,6.885919835560128,1790252794.6,True,81.41843971631205,20.462046204620464,55.06,2026-06-01,False,29.00763358778626,19.26605504587156,-0.01649684772748802,59.77011494252874,-4.056666666666665,29.498861047835987,92.71070615034168,36.21867881548975,14.236902050113894,26.111744583808438,39.755378529517955,78.03203661327231,32.264273390220126
2486,一詮,電子零組件,251.0,6.808510638297882,1777664906.65,True,63.42062193126022,35.04950495049505,35.04,2026-06-01,False,57.333333333333336,5.02092050209205,0.016100163259357834,81.75895765472313,5.850000000000001,58.997722095671975,73.91799544419135,54.55580865603644,66.05922551252847,56.55644241733181,62.01743882515201,63.38672768878718,53.63141996319907
1301,台塑,石化,57.8,1.760563380281699,1747371274.3449998,True,72.68907563025209,27.986798679867984,-2.69,2026-06-01,False,21.052631578947366,-12.68882175226587,-0.09340950186917638,87.31117824773413,-6.453333333333333,20.842824601366743,9.339407744874716,10.82004555808656,77.5626423690205,19.954389965792473,27.7038620478282,12.356979405034325,50.35575965763671
3044,健鼎,印刷電路板,485.5,1.0405827263267442,1746008714.45,True,96.27630868861306,5.544554455445545,41.97,2026-06-01,False,18.6046511627907,19.58128078817734,-0.041278034338412456,84.72949389179756,2.8233333333333306,17.995444191343964,93.28018223234625,27.5626423690205,72.89293849658314,45.83808437856328,51.513858333571434,69.10755148741418,41.67893798574876
2618,長榮航,空運,42.25,1.5625,1735650949.4949996,True,32.80943025540275,59.93399339933993,26.58,2026-06-01,False,59.772423025435074,3.427172582619335,0.27940978707171277,94.09799554565701,4.053333333333331,60.820045558086555,67.99544419134396,98.9749430523918,90.8883826879271,50.17103762827823,73.76997062360553,52.517162471395885,59.0575366315164
3406,玉晶光,消費性電子,650.0,-1.0654490106544956,1733363595.55,True,52.07771181867243,44.38943894389439,4.51,2026-06-01,False,47.368421052631575,22.18045112781955,0.027503778253469557,83.97932816537468,-15.343333333333332,48.69020501138952,94.41913439635535,58.428246013667426,71.5261958997722,12.200684150513112,57.05289309433952,21.51029748283753,36.82689099941098
8210,勤誠,電子零組件,964.0,-2.131979695431474,1706642745.35,True,72.15326497571506,28.51485148514851,98.03,2026-06-01,False,45.33333333333333,-18.305084745762713,-0.08599374572751306,61.99356913183279,51.373333333333335,46.12756264236902,3.644646924829157,11.731207289293849,18.79271070615034,95.43899657924743,35.14702482837796,90.04576659038902,62.8303482535198
6414,樺漢,電腦及週邊,402.5,-1.4687882496939975,1692627414.875,True,52.34754452239612,43.993399339933994,56.97,2026-06-01,False,40.67796610169492,-19.980119284294233,-0.019974285168254058,80.01988071570577,18.843333333333334,41.230068337129836,2.619589977220957,34.7380410022779,61.04783599088838,82.212086659065,44.36952439331641,78.604118993135,69.56560833598306
6285,啟碁,通信網路,237.0,0.6369426751592355,1684415963.85,True,93.20021586616298,9.24092409240924,84.37,2026-06-01,False,18.0,-8.317214700193423,0.0019166879404042777,74.29467084639498,39.42333333333334,17.36902050113895,19.134396355353076,46.24145785876993,47.722095671981776,93.27251995438996,44.747898068326734,87.98627002288329,58.48574746016273
3441,聯一光,消費性電子,97.3,9.943502824858763,1678555508.7,True,64.4746247319514,34.191419141914196,73.63,2026-06-01,False,36.84210526315789,41.63027656477437,8.553817385863835e-05,100.0,18.72333333333333,37.357630979498865,98.86104783599089,44.98861047835991,98.63325740318906,81.75598631698973,72.31930660280568,85.92677345537757,55.76415350051865
2884,玉山金,金融控股,37.35,-1.1904761904761751,1639253584.7800002,True,34.2687533729088,58.943894389438945,25.3,2026-06-01,False,100.0,4.768583450210387,0.0369325256067464,96.63648124191462,-7.326666666666664,98.91799544419135,73.4624145785877,62.414578587699324,93.96355353075171,19.04218928164196,69.56014628457442,50.68649885583524,67.52640831304765
1802,台玻,玻璃陶瓷,57.7,1.050788091068311,1630534490.1,True,63.7599093997735,34.78547854785479,27.0,2026-06-01,False,50.0,6.2615101289134545,0.006268108267071288,75.32637075718016,9.943333333333332,51.5375854214123,76.99316628701595,48.29157175398633,48.9749430523918,67.84492588369442,58.72843847970016,53.89016018306636,44.352380592463625
5328,華容,電子零組件,62.3,-1.267828843106189,1575499477.03,True,77.77777777777779,23.82838283828383,63.54,2026-06-01,False,37.333333333333336,-7.014925373134333,-0.012594290023322276,75.60679611650485,30.199999999999996,37.92710706150342,23.34851936218679,37.92710706150342,49.65831435079727,90.53591790193842,47.87939314758587,81.80778032036613,61.511170592620005
2892,第一金,金融控股,33.3,-0.8928571428571508,1567292113.79,True,82.02914193200216,19.801980198019802,9.73,2026-06-01,False,61.53846153846154,-2.4890190336749676,0.04796414615209238,90.61224489795917,-19.740000000000002,62.8132118451025,39.40774487471526,66.85649202733485,84.51025056947609,9.92018244013683,52.701576351353104,29.176201372997713,59.27297972821526
3264,欣銓,半導體,208.5,0.9685230024213176,1535792471.1,True,93.84781435509983,8.514851485148515,36.56,2026-06-01,False,12.977099236641221,-4.3577981651376145,-0.04798900843359263,81.1284046692607,4.123333333333335,11.958997722095672,31.435079726651484,24.601366742596813,63.667425968109335,50.51311288483467,36.435196608857595,65.10297482837528,52.323579697982204
8261,富鼎,半導體,179.5,-2.1798365122615793,1482104697.975,True,74.25796006475986,26.36963696369637,16.09,2026-06-01,False,33.587786259541986,-23.617021276595747,-0.03535495998572354,50.99431818181818,8.59,34.28246013667426,1.5945330296127564,29.38496583143508,5.0113895216400905,64.88027366020525,27.030724435913488,39.359267734553775,44.26464609081384
3131,弘塑,電子設備,2320.0,-1.4861995753715496,1478463731.0,True,71.45169994603347,29.174917491749174,15.21,2026-06-01,False,51.94805194805194,-23.55848434925865,-0.10512469809383856,59.411011523687584,9.203333333333333,53.75854214123007,1.7084282460136675,9.225512528473805,13.55353075170843,66.02052451539339,28.853307636563876,37.07093821510298,50.668645715506955
1590,亞德客-KY,機械,1420.0,-2.405498281786944,1477725821.0,True,61.84565569347005,36.897689768976896,44.88,2026-06-01,False,45.714285714285715,1.0676156583629894,-0.037827908060228205,89.0282131661442,8.046666666666667,46.69703872437358,57.40318906605923,28.815489749430522,81.43507972665148,63.511972633979475,55.57255398009886,71.395881006865,60.5312025979577
2484,希華,電子零組件,71.1,-2.602739726027403,1445933930.27,True,94.60334592552617,7.7227722772277225,-1.4,2026-06-01,False,14.666666666666666,2.449567723342923,0.004915063607163509,73.75518672199169,-2.5166666666666666,13.895216400911162,63.781321184510254,47.60820045558087,46.35535307517084,29.760547320410492,40.28012768731672,14.187643020594965,27.66422282804168
3167,大量,電子設備,762.0,9.956709956709965,1435566734.6,True,78.58809801633606,23.432343234323433,139.66,2026-06-01,False,38.961038961038966,10.755813953488373,-0.030249757364536955,80.12618296529969,14.940000000000012,39.40774487471526,84.73804100227791,31.435079726651484,61.16173120728929,76.85290763968074,58.71910089012293,93.59267734553775,52.3560281063161
3045,台灣大,通信網路,115.0,1.3215859030837107,1410185206.3,True,1.457096600107933,88.94389438943895,6.57,2026-06-01,False,92.0,2.6785714285714284,0.2538031534308769,95.4356846473029,2.4833333333333334,92.53986332574033,64.46469248291572,97.83599088838268,92.25512528473804,44.469783352337515,78.31309106682286,24.71395881006865,61.26106373440783
6510,精測,半導體,2760.0,3.759398496240607,1406795567.5,True,73.82622773880195,26.864686468646866,40.19,2026-06-01,False,34.35114503816794,0.0,-0.09473931436739211,65.71428571428571,5.356666666666662,35.079726651480634,51.993166287015946,10.478359908883828,27.44874715261959,54.618015963511965,35.923603192702394,67.7345537757437,44.567465323206996
3293,鈊象,資訊服務,758.0,1.2016021361815676,1400030692.75,True,49.43335132218024,46.7986798679868,17.18,2026-06-01,False,23.91304347826087,6.311360448807854,0.21689880228567096,89.91696322657177,2.553333333333333,23.917995444191344,77.33485193621867,95.78587699316628,83.02961275626424,44.81185860889396,64.97603914774689,40.96109839816934,42.64346366560156
3702,大聯大,電子通路,104.5,-1.8779342723004744,1389396865.45,True,17.485159201295197,72.93729372937293,131.85,2026-06-01,False,76.92307692307693,-13.991769547325102,-0.10821684201898717,80.38461538461539,47.349999999999994,78.75854214123007,7.517084282460136,8.314350797266515,61.958997722095674,94.86887115165337,50.283569218941146,93.36384439359267,81.64107499361457
4938,和碩,電腦及週邊,89.7,0.3355704697986628,1386809148.185,True,88.12736103615758,14.422442244224424,15.89,2026-06-01,False,6.779661016949152,2.86697247706422,0.15434689501669938,91.06598984771573,11.676666666666666,5.466970387243736,65.26195899772209,89.29384965831434,85.7630979498861,71.43671607753706,63.444518614140655,38.329519450800916,41.07440719755216
2883,凱基金,金融控股,30.4,0.0,1359740989.1775,True,92.87641662169455,9.801980198019802,,2026-06-01,False,30.76923076923077,-1.4586709886547902,0.1709157023513603,96.05055292259084,-55.833333333333314,30.92255125284738,45.21640091116173,91.23006833712985,92.9384965831435,3.6488027366020526,52.791263964176906,,59.548215641609715
4967,十銓,半導體,266.0,2.3076923076922995,1357697693.625,True,0.20325203252032523,96.17161716171617,35.0,2026-06-01,False,97.70992366412213,22.58064516129032,0.02374181529845968,87.35632183908046,-40.39999999999999,96.69703872437357,94.874715261959,56.947608200455576,77.79043280182233,4.561003420752566,66.17415968187262,63.27231121281465,60.72126686926289
1216,統一,飲料乳品,78.2,0.903225806451613,1353050321.42,True,16.028062601187266,74.35643564356435,4.6,2026-06-01,False,74.12985274431058,1.558441558441562,0.4381468391469011,97.14285714285714,1.4133333333333336,76.42369020501138,60.13667425968109,99.88610478359908,94.53302961275627,39.794754846066134,74.15485074142279,21.73913043478261,58.13979399821729
2880,華南金,金融控股,38.8,-0.5128205128205221,1284821704.9025,True,82.67674042093903,19.273927392739274,,2026-06-01,False,53.84615384615385,-5.9393939393939466,0.026890906046718205,87.38738738738738,17.623333333333335,55.29612756264237,26.30979498861048,58.08656036446469,78.13211845102505,80.50171037628279,59.665262348605076,,69.03948367501899
5536,聖暉*,電子設備,878.0,0.572737686139746,1258923421.15,True,84.40366972477065,17.722772277227723,24.9,2026-06-01,False,32.467532467532465,-26.527196652719663,-0.11987110321143407,61.18466898954704,2.2766666666666637,32.80182232346242,0.683371298405467,6.83371298405467,17.198177676537586,43.671607753705814,20.23773840723319,50.11441647597255,49.85776129439177
1605,華新,電纜,36.85,0.13586956521740579,1219490219.955,True,46.41122504047491,49.14191419141914,29.34,2026-06-01,False,27.27272727272727,9.50965824665677,0.17386097301005646,83.18284424379233,19.866666666666667,27.27790432801822,83.02961275626424,92.02733485193622,69.58997722095673,83.69441277080958,71.12384838559699,56.17848970251716,42.504189623806965
4931,新盛力,電子零組件,273.0,1.8656716417910557,1205692357.375,True,80.49267643142477,21.51815181518152,145.09,2026-06-01,False,34.0,28.77358490566038,0.08054293884952171,97.67441860465115,4.719999999999999,34.79498861047836,97.15261958997722,76.19589977220956,94.98861047835992,52.79361459521095,71.1851466092472,94.16475972540046,56.69893480606538
5904,寶雅,百貨批發,75.9,-2.6923076923076827,1175285510.925,True,51.137594799566635,45.14851485148515,8.35,2026-06-01,False,23.809523809523807,-88.42987804878048,-0.2308281522213417,10.298507462686569,-6.406666666666668,23.804100227790435,0.11389521640091116,1.2528473804100226,0.22779043280182232,20.182440136830103,9.11621467884666,27.45995423340961,37.84448741940024
3605,宏致,電子零組件,110.0,-7.563025210084029,1160308403.72,True,90.09708737864077,12.343234323432343,29.81,2026-06-01,False,20.0,16.402116402116402,0.08111802937124829,83.33333333333334,9.256666666666668,19.58997722095672,90.7744874715262,76.65148063781321,69.81776765375855,66.24857468643101,64.61645753409714,56.97940503432495,38.903165609378505
5269,祥碩,半導體,1425.0,-2.397260273972601,1159693863.5,True,2.212628170534269,87.45874587458746,-22.41,2026-06-01,False,93.12977099236642,1.4234875444839856,0.08391231758188551,82.13256484149855,-2.623333333333335,93.28018223234625,59.33940774487472,77.67653758542141,66.97038724373576,29.418472063854047,65.33699737404643,2.9748283752860414,50.971497526623324
8033,雷虎,無人載具,187.5,1.3513513513513598,1146976124.875,True,68.60902255639097,31.485148514851485,19.63,2026-06-01,False,31.459170013386885,-1.574803149606299,-0.11447924975858542,69.57328385899815,14.129999999999999,31.890660592255127,44.41913439635535,7.517084282460136,36.21867881548975,75.25655644241733,39.06042290579554,44.05034324942792,41.93513706520436
6257,矽格,半導體,199.5,0.0,1132566914.625,True,93.57798165137615,8.976897689768977,21.0,2026-06-01,False,13.740458015267176,-11.725663716814159,-0.12875427615325605,73.07692307692307,-2.083333333333332,12.64236902050114,10.82004555808656,6.0364464692482915,45.33029612756264,30.786773090079816,21.12318605309569,45.9954233409611,48.287010732734586
2890,永豐金,金融控股,39.35,-0.12690355329948444,1122449752.4275,True,98.1651376146789,3.72937293729373,50.94,2026-06-01,False,7.6923076923076925,3.0104712041884776,0.188733266667676,93.91408114558473,-22.723333333333343,6.207289293849659,65.94533029612755,94.07744874715262,90.54669703872437,8.323831242873432,53.02011932374553,75.97254004576659,51.695299020553264
6271,同欣電,半導體,196.0,1.0309278350515427,1113040997.225,True,61.036157582298976,37.42574257425743,10.56,2026-06-01,False,50.38167938931297,-2.0,-0.04603171161560285,68.17391304347827,4.19,52.391799544419136,41.62870159453303,25.512528473804103,32.57403189066059,50.8551881413911,40.59244992896159,30.09153318077803,43.35716575533118
3706,神達,電腦及週邊,90.1,-0.6615214994487362,1100073268.44,True,67.62007555315705,32.07920792079208,80.93,2026-06-01,False,28.8135593220339,-2.065217391304354,0.15341190459581597,84.2056074766355,26.89666666666667,29.157175398633257,41.11617312072893,89.06605922551253,71.86788154897495,88.93956670467503,64.02937119970494,87.70022883295195,61.902278164957806
5371,中光電,光電及I/O,84.3,0.0,1082537219.155,True,99.40636805180787,2.541254125412541,-11.35,2026-06-01,False,5.405405405405405,2.6796589524969585,0.057447268710999026,64.35114503816793,-15.18,4.100227790432802,64.57858769931663,70.72892938496584,24.25968109339408,12.314709236031927,35.196427040828254,6.006864988558353,17.447046543267152
6672,騰輝電子-KY,印刷電路板,287.5,1.232394366197176,1073595098.575,True,98.26718837339295,3.564356435643564,68.12,2026-06-01,False,13.953488372093023,24.458874458874458,0.013451312093263218,91.26984126984127,21.439999999999998,12.870159453302962,95.67198177676538,52.73348519362187,86.44646924829156,84.94868871151652,66.53415687669965,83.86727688787185,46.87798095317525
2027,大成鋼,基本金屬,50.5,1.0000000000000009,1065184830.8800001,True,33.65212193664077,59.20792079207921,43.73,2026-06-01,False,63.41463414634146,13.738738738738743,0.17271659352229812,100.0,2.4199999999999946,64.69248291571755,88.26879271070615,91.79954441913439,98.63325740318906,44.241733181299885,77.52716212600942,70.13729977116705,61.29856184484188
5425,台半,電子零組件,90.3,-1.6339869281045805,1058006711.445,True,81.65137614678899,20.066006600660067,9.46,2026-06-01,False,33.33333333333333,1.6891891891891893,-0.054637399019122374,62.708333333333336,1.5066666666666677,33.769931662870164,60.820045558086555,21.4123006833713,20.387243735763096,40.250855188141394,35.328075365646505,28.832951945080094,30.542520446406698
1560,中砂,半導體,698.0,-1.2729844413012725,1050354988.45,True,95.41284403669725,6.765676567656766,16.39,2026-06-01,False,9.16030534351145,-0.5698005698005698,-0.05789015160739267,90.76723016905072,-1.2733333333333334,7.972665148063782,49.08883826879271,19.47608200455581,85.07972665148064,32.497149372862026,38.822892289151,39.931350114416475,45.97372591129205
5475,德宏,印刷電路板,176.0,-2.2222222222222254,1043991323.25,True,86.58536585365853,15.973597359735974,160.08,2026-06-01,False,41.86046511627907,17.725752508361204,-0.052676419724070674,44.0,-5.1299999999999955,42.14123006833713,92.14123006833714,22.4373576309795,1.9362186788154898,23.31812998859749,36.394833287013356,94.62242562929062,36.639661077026524
1519,華城,電機製品,727.0,1.253481894150421,1020668959.15,True,74.58379578246392,26.072607260726073,-25.78,2026-06-01,False,27.27272727272727,3.120567375886525,-0.0330631592816721,67.31481481481481,-16.203333333333333,27.27790432801822,66.51480637813212,30.296127562642365,30.410022779043278,11.85860889395667,33.27149398835853,2.631578947368421,23.45117491907445
2426,鼎元,光電及I/O,74.8,9.999999999999986,1005413262.3349998,True,99.91610738255034,0.6600660066006601,19.41,2026-06-01,False,1.3513513513513513,22.42225859247135,0.007063757894745402,78.98627243928193,15.116666666666667,0.45558086560364464,94.64692482915717,49.202733485193626,58.76993166287016,77.19498289623718,56.05403074781236,43.82151029748284,27.10002449919987
2478,大毅,電子零組件,128.5,-4.460966542750933,973823244.93,True,95.57474365893145,6.435643564356436,35.76,2026-06-01,False,13.333333333333334,-6.884057971014493,-0.04675448859799978,53.099173553719005,14.489999999999998,12.300683371298406,23.690205011389523,24.943052391799544,6.378132118451026,75.94070695553022,28.650555969693745,64.18764302059496,39.79406337473871
1717,長興,樹脂,70.2,0.8620689655172598,964674802.305,True,92.49865083648137,10.363036303630363,16.21,2026-06-01,False,7.142857142857142,13.043478260869568,0.07473602822884759,82.20140515222482,1.5166666666666675,5.808656036446469,87.8132118451025,74.94305239179954,67.19817767653758,40.478905359179016,55.248400661813015,39.473684210526315,31.16682651960197
4971,IET-KY,半導體,580.0,9.84848484848484,935082352.95,True,92.83179559971612,9.900990099009901,-6.26,2026-06-01,False,16.793893129770993,39.42307692307692,-0.02083628573941052,66.5137614678899,-12.943333333333332,16.40091116173121,98.63325740318906,34.51025056947608,29.043280182232344,13.911060433295324,38.4997519499848,9.496567505720824,14.076875361623829
4904,遠傳,通信網路,102.0,0.49261083743843415,934219353.525,True,46.735024284943336,48.77887788778878,15.9,2026-06-01,False,54.0,-0.4878048780487805,0.3006333052206541,90.66666666666666,2.243333333333334,55.523917995444194,49.65831435079727,99.43052391799544,84.62414578587699,43.557582668187,66.55889694366019,38.443935926773456,57.233421339324345
2610,華航,空運,20.0,0.5025125628140836,928984058.7224998,True,23.569651741293534,66.93069306930694,28.82,2026-06-01,False,66.73360107095047,-2.9126213592233077,-0.0034986084797271407,82.64462809917356,4.473333333333336,69.93166287015946,37.24373576309795,43.28018223234624,68.22323462414579,52.109464082098064,54.1576559143695,55.83524027459954,64.18660050145171
6781,AES-KY,電子零組件,1075.0,0.9389671361502261,914931124.2,True,35.25398028809704,58.21782178217821,25.58,2026-06-01,False,78.66666666666666,5.392156862745098,0.1613364054973648,71.66666666666667,4.579999999999998,80.41002277904327,74.71526195899773,89.97722095671982,41.45785876993166,52.223489167616876,67.75677072646187,50.91533180778032,49.51698784943938
3035,智原,半導體,172.0,-0.28985507246376274,900910724.875,True,92.17485159201296,10.693069306930694,26.57,2026-06-01,False,19.083969465648856,-10.880829015544041,0.0013700063433495122,73.8197424892704,47.11,18.56492027334852,12.414578587699317,46.12756264236902,46.81093394077448,94.52679589509692,43.68895826785765,52.40274599542334,51.34100540546176
7750,新代,機械,2460.0,-2.1868787276341894,895066235.25,True,51.12107623318386,45.21452145214521,151.4,2026-06-01,False,57.14285714285714,13.88888888888889,0.01443339217816404,80.13029315960912,39.890000000000015,58.712984054669704,88.61047835990888,53.18906605922551,61.27562642369021,93.5005701254276,71.05774500458438,94.39359267734554,56.44293119894914
2354,鴻準,電子零組件,60.2,-0.9868421052631526,861988236.3000002,True,84.02590393955748,18.151815181518153,10.66,2026-06-01,False,31.333333333333336,5.614035087719303,0.11184934952073047,82.24043715846994,37.10666666666667,31.662870159453306,75.39863325740319,83.82687927107062,67.53986332574033,92.8164196123147,70.24893312519643,30.320366132723116,38.53111659012839
2472,立隆電,電子零組件,223.5,-4.487179487179482,859941464.775,True,96.00647598488938,6.105610561056106,36.2,2026-06-01,False,12.666666666666668,-19.021739130434785,-0.010446703077477037,49.28335170893054,9.306666666666668,11.845102505694761,3.0751708428246016,39.29384965831435,3.8724373576309796,66.47662485746865,24.912637044386667,64.58810068649885,44.30761742675
8043,蜜望實,電子通路,139.5,-2.447552447552448,848220989.4,True,60.312687913409505,38.21782178217822,48.37,2026-06-01,False,40.38461538461539,-4.4520547945205475,-0.008276232109370249,61.58940397350994,3.4566666666666634,40.888382687927106,30.979498861047837,40.546697038724375,17.995444191343964,48.346636259977195,35.7513318078041,73.97025171624713,50.4686449336176
1785,光洋科,資源回收,103.5,2.4752475247524774,836890271.72,True,14.84079870480302,75.34653465346534,70.84,2026-06-01,False,65.21739130434783,-5.909090909090909,0.01600363720853182,55.945945945945944,-0.9566666666666634,66.62870159453303,26.65148063781321,54.441913439635535,8.542141230068337,33.63740022805017,37.980327426020054,84.78260869565217,58.325492720610086
7734,印能科技,電子設備,2815.0,-3.098106712564541,826347348.0,True,72.72727272727273,27.920792079207924,-6.43,2026-06-01,False,49.35064935064935,-14.437689969604865,-0.06578111550058727,64.34285714285714,-69.60666666666667,50.79726651480638,6.83371298405467,16.173120728929387,24.145785876993166,2.7366020524515395,20.137297631447034,9.267734553775744,44.34426849038016
2441,超豐,半導體,114.0,0.4405286343612369,822274800.01,True,94.27954668105775,8.085808580858085,33.15,2026-06-01,False,12.213740458015266,-10.236220472440944,-0.003912503890166986,78.62068965517241,10.73,11.389521640091116,13.55353075170843,43.052391799544424,57.744874715261965,69.66932725199544,39.08192923172028,61.327231121281464,54.22702418123153
2493,揚博,電子設備,183.0,0.0,817347762.95,True,96.7620075553157,4.884488448844884,32.06,2026-06-01,False,5.194805194805195,-22.45762711864407,-0.062213418009890456,56.39445300462249,14.10666666666667,3.644646924829157,2.050113895216401,17.65375854214123,8.997722095671982,75.14253135689853,21.49775456295146,59.78260869565217,42.59371595523423
6278,台表科,印刷電路板,180.0,3.151862464183375,804215827.175,True,85.91473286562331,16.5016501650165,9.24,2026-06-01,False,46.51162790697674,8.433734939759036,0.07535139372651335,73.02231237322515,4.046666666666667,47.722095671981776,81.6628701594533,75.05694760820046,45.10250569476082,50.0570125427594,59.92028633543115,28.718535469107554,34.97006666909921
2467,志聖,電子設備,560.0,2.376599634369292,792831944.9,True,92.71451699946034,10.099009900990099,94.08,2026-06-01,False,18.181818181818183,4.089219330855019,0.04093686574759746,83.8323353293413,8.876666666666665,17.65375854214123,70.50113895216401,64.12300683371298,70.95671981776765,65.33637400228051,57.71419962961327,89.58810068649885,51.92436002356093
6830,汎銓,檢測驗證,420.0,2.564102564102555,790845681.95,True,99.581589958159,1.9801980198019802,10.36,2026-06-01,False,16.666666666666664,11.553784860557768,-0.027307655414773667,43.07692307692308,-6.313333333333333,15.945330296127564,86.10478359908885,32.46013667425968,1.5945330296127564,20.524515393386544,31.325859798495078,29.97711670480549,15.35304910786424
5871,中租-KY,租賃,111.5,1.82648401826484,775616992.95,True,23.745277927684835,66.86468646864687,-0.82,2026-06-01,False,66.66666666666666,-7.468879668049793,0.09273790002070681,90.2834008097166,0.31000000000000016,68.90660592255125,22.323462414578586,80.29612756264237,83.82687927107062,36.830102622576966,58.43663555868396,15.102974828375288,61.378249401854646
4939,亞電,印刷電路板,62.7,3.6363636363636376,763335610.76,True,85.4099418979987,16.963696369636963,44.18,2026-06-01,False,48.837209302325576,-9.913793103448263,-0.0067780909475303654,86.12637362637363,19.54,50.227790432801825,14.464692482915718,41.571753986332574,75.74031890660592,83.12428734321551,53.025768630374316,70.70938215102976,70.55319975188044
5880,合庫金,金融控股,24.8,-0.2012072434607659,756381698.9125,True,49.757150566648676,46.4026402640264,-8.4,2026-06-01,False,92.3076923076923,-3.1250000000000027,0.14443954400469758,89.85507246376811,-39.89,92.71070615034168,35.99088838268793,88.15489749430525,82.80182232346242,4.67502850627138,60.86666857141373,8.009153318077804,61.8826983522985
2801,彰銀,本國銀行,23.85,-0.20920502092048876,746470794.0049999,True,34.376686454398275,58.81188118811881,9.51,2026-06-01,False,88.88888888888889,-1.6494845360824684,-0.11605093228104682,93.8976377952756,-4.789999999999999,89.12300683371298,43.735763097949885,7.289293849658314,90.43280182232346,24.51539338654504,51.019251798037935,28.947368421052634,66.1918534947848
6166,凌華,電腦及週邊,120.5,-2.429149797570851,738336137.65,True,13.239436619718308,76.96369636963696,25.89,2026-06-01,False,84.7457627118644,-24.45141065830721,-0.044380324478166255,72.37237237237237,-30.279999999999994,86.33257403189066,1.4806378132118452,26.195899772209568,43.394077448747154,6.043329532497149,32.689303719711276,51.60183066361556,69.96196108276038
8028,昇陽半導體,半導體,247.0,0.0,736288140.025,True,67.35024284943336,32.244224422442244,33.62,2026-06-01,False,42.74809160305343,-17.803660565723796,-0.12332382096824886,69.28471248246845,-3.3133333333333397,43.052391799544424,4.328018223234624,6.605922551252847,35.876993166287015,28.05017103762828,23.582699355589437,62.013729977116704,59.15377417992838
2353,宏碁,電腦及週邊,31.0,0.3236245954692629,729112797.1725,True,39.729729729729726,54.851485148514854,-3.02,2026-06-01,False,54.23728813559322,2.8192371475953615,0.07107630542761638,71.42857142857143,-36.976666666666674,55.922551252847384,65.03416856492026,74.14578587699316,41.17312072892938,5.017103762827822,48.258546037303596,12.013729977116705,36.0188083484933
2375,凱美,電子零組件,125.0,-1.5748031496062964,728260901.875,True,87.20992984349704,15.082508250825082,18.39,2026-06-01,False,24.0,-12.280701754385964,-0.027258190323339312,53.76344086021505,11.676666666666666,24.088838268792713,9.567198177676538,32.687927107061505,7.061503416856492,71.43671607753706,28.968436609584863,42.10526315789473,40.922101666466844
6196,帆宣,電子設備,496.0,-0.8000000000000007,722500420.65,True,74.58175930922827,26.13861386138614,120.99,2026-06-01,False,42.857142857142854,-8.655616942909761,0.055178505287873714,84.06779661016948,43.58333333333333,43.45102505694761,17.995444191343964,69.81776765375855,71.64009111617312,93.95667046750285,59.37219969714522,92.67734553775743,72.44325437988356
2834,臺企銀,本國銀行,16.55,0.9146341463414753,717029930.635,True,53.15704263356719,43.16831683168317,-7.72,2026-06-01,False,55.55555555555556,-7.541899441340771,-0.15180239597012343,90.68493150684932,-14.620000000000001,57.28929384965832,21.981776765375855,4.214123006833713,84.73804100227791,12.656784492588368,36.17600382334683,8.466819221967963,57.12809432713209
2912,統一超,百貨批發,220.0,0.6864988558352492,708885863.2,True,2.8062601187263896,86.4026402640264,6.31,2026-06-01,False,85.71428571428571,-7.172995780590717,0.1218952239200302,86.27450980392157,0.8233333333333341,86.84510250569475,23.006833712984054,85.42141230068337,76.08200455580865,38.54047890535918,61.979166396105995,23.79862700228833,65.92972508770191
8111,立碁,光電及I/O,60.0,8.695652173913038,707493312.4950001,True,73.28656233135456,27.39273927392739,2.34,2026-06-01,False,37.83783783783784,5.633802816901413,-0.005335169376861258,74.1656365883807,6.076666666666666,38.724373576309794,75.5125284738041,42.25512528473804,47.49430523917996,57.58266818700114,52.3138001522066,18.192219679633865,32.22459250532988
2645,長榮航太,機車船製造,179.0,1.1299435028248483,696274472.025,True,44.25837320574163,50.95709570957096,13.01,2026-06-01,False,41.66666666666667,-9.595959595959595,-0.17606605090217575,71.17296222664015,1.2100000000000009,41.91343963553531,15.034168564920272,3.3029612756264237,40.31890660592255,39.45267958950969,28.00443113430285,34.09610983981693,50.32357187908863
6214,精誠,資訊服務,180.0,0.8403361344537785,694543985.675,True,43.98273070696168,51.221122112211226,76.9,2026-06-01,False,30.434782608695656,27.659574468085108,0.09241415131170154,100.0,26.556666666666672,30.239179954441912,96.69703872437357,80.18223234624145,98.63325740318906,88.71151653363741,78.89264499237667,86.8421052631579,54.75437597410382
3583,辛耘,電子設備,713.0,0.9915014164305846,655788318.45,True,91.85105234754452,11.056105610561056,-2.67,2026-06-01,False,20.77922077922078,-6.0606060606060606,0.015112533911362452,73.80952380952381,-5.876666666666667,20.50113895216401,25.854214123006834,53.87243735763098,46.69703872437358,21.436716077537056,33.67230904694249,12.471395881006865,38.4538398586344
6290,良維,電子零組件,214.5,-4.026845637583898,652612334.875,True,85.26713437668646,17.06270627062706,-2.32,2026-06-01,False,28.000000000000004,-13.855421686746988,0.019800067802028812,58.44686648501363,-5.643333333333333,28.246013667425967,7.744874715261959,55.466970387243734,11.958997722095672,22.234891676168758,25.13034963363922,13.043478260869565,36.37590373378231
6831,邁科,電子零組件,602.0,0.5008347245408995,642470830.875,True,17.97752808988764,72.47524752475248,29.3,2026-06-01,False,89.33333333333333,-10.149253731343283,0.011682208676950613,62.97071129707113,31.23,89.63553530751709,14.009111617312072,51.70842824601367,20.72892938496583,90.87799315849487,53.39199954286071,56.06407322654462,63.10485657542887
7795,長廣,電子設備,552.0,1.4705882352941124,634902836.325,True,97.88732394366197,3.9603960396039604,62.55,2026-06-01,False,3.896103896103896,34.306569343065696,-0.07939965534795346,82.88288288288288,29.019999999999996,2.619589977220957,97.83599088838268,12.870159453302962,69.02050113895216,90.19384264538198,54.50801682064814,81.46453089244852,38.81715778005973
1504,東元,電機製品,73.1,1.810584958217265,631084512.84,True,86.56233135456017,16.105610561056103,0.15,2026-06-01,False,9.090909090909092,8.618127786032685,0.1567864168045283,61.171548117154806,-7.933333333333334,7.744874715261959,82.46013667425967,89.40774487471526,17.084282460136674,18.358038768529074,43.011015498580534,16.418764302059497,14.696946200799616
4749,新應材,其他化學,761.0,0.26350461133068936,625105735.15,True,7.8125,80.990099009901,24.61,2026-06-01,False,75.0,-5.933250927070458,0.010748296740621546,64.76595744680851,17.063333333333333,77.33485193621867,26.42369020501139,51.13895216400911,24.829157175398635,79.58950969213227,51.86323223455402,49.77116704805492,56.37787148866521
2474,可成,電子零組件,204.0,0.0,618612809.55,True,68.75337290879655,31.320132013201317,-55.07,2026-06-01,False,49.0,6.25,-0.011514166044500536,79.37743190661479,-8.549999999999997,50.512528473804096,76.87927107061503,38.83826879271071,59.56719817767654,17.67388825541619,48.694230954044514,1.0297482837528604,33.557550966154615
8096,擎亞,電子通路,108.0,0.0,613671989.15,True,76.26582278481013,25.01650165016502,433.49,2026-06-01,False,21.153846153846153,-23.131672597864767,-0.03331399278739961,63.716814159292035,230.37333333333333,20.956719817767656,1.8223234624145785,30.182232346241456,22.095671981776764,98.97377423033066,34.806144367706224,98.51258581235697,59.93566353737171
5439,高技,印刷電路板,243.5,3.837953091684443,604015952.875,True,22.018348623853214,68.67986798679868,22.13,2026-06-01,False,90.69767441860465,-2.208835341365462,-0.1074847943866121,55.1528878822197,-13.399999999999995,90.7744874715262,40.546697038724375,8.542141230068337,7.6309794988610475,13.683010262257698,32.23546310028753,47.139588100686495,51.24958950808735
3016,嘉晶,半導體,103.0,0.9803921568627416,601243527.01,True,50.87620124364047,45.41254125412541,41.17,2026-06-01,False,58.01526717557252,0.0,-0.021220718845291017,67.54098360655738,4.07,59.453302961275625,51.993166287015946,34.39635535307517,31.09339407744875,50.39908779931584,45.467061295626266,68.42105263157895,51.74364584582184
1476,儒鴻,成衣,317.0,1.7656500802568198,600733784.675,True,0.21586616297895306,95.90759075907592,14.42,2026-06-01,False,91.30434782608695,-5.089820359281437,-0.04313381426006717,70.13274336283186,10.63,91.57175398633257,29.157175398633257,26.765375854214124,37.357630979498865,69.21322690992018,50.8130326257198,36.04118993135012,58.95334987463708
1513,中興電,電機製品,166.0,1.2195121951219523,599237209.775,True,45.87155963302752,49.76897689768977,8.31,2026-06-01,False,54.54545454545454,3.75,0.2079370556625327,88.77005347593582,2.380000000000001,56.32118451025057,69.3621867881549,95.44419134396355,80.86560364464692,44.013683010262255,69.20136985945564,27.34553775743707,48.792534781044914
6789,采鈺,半導體,427.5,1.4234875444839812,597640117.025,True,63.32007952286283,35.24752475247524,15.55,2026-06-01,False,46.56488549618321,-12.755102040816327,0.040398962597598474,69.96726677577742,5.193333333333333,47.9498861047836,9.111617312072893,63.781321184510254,37.01594533029613,53.70581527936146,42.312917042204866,37.986270022883296,53.46012103647253
6683,雍智科技,半導體,1140.0,-4.201680672268903,591735632.7,True,93.16526610644257,9.306930693069306,24.55,2026-06-01,False,15.267175572519085,-7.6923076923076925,-0.08766411501196343,44.44444444444444,5.273333333333333,14.464692482915718,21.4123006833713,11.275626423690206,2.164009111617312,54.16191562143672,20.695708864606253,49.59954233409611,36.20398581131446
6409,旭隼,電子零組件,1040.0,0.9708737864077666,591529496.5,True,68.75337290879655,31.320132013201317,5.72,2026-06-01,False,49.0,4.0,0.04743469938715491,80.62015503875969,8.01,50.512528473804096,70.3872437357631,66.62870159453303,62.414578587699324,63.055872291904215,62.599784936740754,22.883295194508012,41.355789630062084
2351,順德,半導體,183.5,-0.8108108108108136,584212515.7,True,83.75607123583379,18.58085808580858,51.72,2026-06-01,False,27.480916030534353,11.890243902439025,0.00892060097992113,80.13100436681223,14.29,27.676537585421414,86.56036446469248,50.34168564920274,61.38952164009112,75.59863169897378,60.31334820767631,76.43020594965675,44.7339751776192
5434,崇越,電子通路,526.0,-0.7547169811320753,569057073.725,True,97.46357258499731,4.356435643564356,32.86,2026-06-01,False,3.8461538461538463,-5.903398926654741,-0.011023768680668464,88.25503355704699,10.23,2.5056947608200453,26.765375854214124,38.95216400911162,79.84054669703873,68.30102622576966,43.27296150939084,61.04118993135012,54.1555138837487
8042,金山電,電子零組件,101.0,-9.4170403587444,560206212.295,True,16.372489348752282,73.86138613861387,51.3,2026-06-01,False,91.33333333333333,-18.218623481781375,-0.04032517585493946,47.980997624703086,12.136666666666663,91.68564920273349,3.986332574031891,27.904328018223236,3.0751708428246016,72.40592930444699,39.811481988452044,76.08695652173914,66.71536099831633
3413,京鼎,電子設備,287.0,-0.5199306759098743,555882099.875,True,63.03291958985429,35.742574257425744,39.75,2026-06-01,False,59.74025974025974,-15.835777126099707,-0.07236613201427691,75.13089005235602,18.826666666666668,60.70615034168565,5.5808656036446465,14.123006833712983,48.51936218678816,82.09806157354618,42.205489307875524,67.50572082379863,67.78759193715695
4764,雙鍵,其他化學,211.0,3.9408866995073843,555379210.375,True,59.88819007686932,38.48184818481848,22.36,2026-06-01,False,25.0,-31.82552504038772,0.009572412329989587,57.8875171467764,-6.230000000000004,24.715261958997722,0.45558086560364464,50.68337129840547,11.275626423690206,20.63854047890536,21.553676205120478,47.368421052631575,45.72593214242896
4966,譜瑞-KY,半導體,567.0,-2.577319587628868,553992883.35,True,22.180248246087427,68.58085808580859,12.23,2026-06-01,False,80.91603053435115,-7.352941176470589,-0.004622687597989708,65.17241379310344,9.026666666666667,82.6879271070615,22.55125284738041,42.710706150341686,26.08200455580866,65.45039908779931,47.896457949678314,33.066361556064074,54.82126009288845
6197,佳必琪,電子零組件,300.5,-0.16611295681062677,529791106.4,True,92.76848354020507,10.033003300330034,45.21,2026-06-01,False,17.333333333333336,-4.754358161648177,-0.012243774546301427,80.45515394912985,14.46,16.970387243735765,29.954441913439634,38.382687927107064,62.07289293849658,75.8266818700114,44.64141837855809,71.62471395881008,55.178388056900694
3357,臺慶科,電子零組件,214.0,-2.0594965675057253,528605373.475,True,81.69884169884169,20.0,57.44,2026-06-01,False,32.666666666666664,0.0,-0.05982656191460773,61.49425287356321,20.563333333333333,33.029612756264235,51.993166287015946,18.56492027334852,17.76765375854214,84.15051311288484,41.101173237611135,78.83295194508008,44.40926304321763
6206,飛捷,電腦及週邊,142.5,-1.384083044982698,523708400.625,True,66.97247706422019,32.60726072607261,26.29,2026-06-01,False,30.508474576271187,9.615384615384617,0.07959256213812949,90.18987341772153,-12.376666666666665,30.410022779043278,83.25740318906605,75.96810933940775,83.5990888382688,14.481185860889395,57.543162001335055,52.059496567505725,45.70280124893794
5388,中磊,通信網路,77.6,-1.0204081632653184,515245297.5799999,True,46.57312466270912,49.04290429042904,70.83,2026-06-01,False,56.00000000000001,-12.906846240179574,-0.21906677279718678,72.86384976525821,2.056666666666672,58.029612756264235,8.88382687927107,1.4806378132118452,44.533029612756266,42.64538198403649,31.11449780910798,84.66819221967964,69.58675192735727
4977,眾達-KY,通信網路,156.5,7.931034482758625,510352696.375,True,77.11818672423098,24.224422442244226,8.08,2026-06-01,False,40.0,16.356877323420075,-0.0122849396128555,57.85582255083179,23.523333333333333,40.43280182232346,90.54669703872437,38.26879271070615,11.047835990888382,87.34321550741163,53.5278686140108,27.23112128146453,22.041265513988
6691,洋基工程,電子設備,610.0,-13.597733711048154,509744645.45,True,52.584670231729056,43.56435643564357,115.19,2026-06-01,False,67.53246753246754,-16.43835616438356,-0.1846545993281837,76.53701380175659,27.10666666666667,70.50113895216401,5.239179954441914,2.9612756264236904,52.277904328018224,89.50969213226911,44.09783819866338,92.10526315789474,77.41128162090877
6282,康舒,電子零組件,45.0,-1.207464324917662,508124335.105,True,66.91884456671252,32.67326732673268,28.28,2026-06-01,False,52.0,-7.975460122699383,-0.018307761565977743,63.559322033898304,-1.4133333333333304,53.92938496583144,20.273348519362187,35.30751708428246,21.867881548974943,31.698973774230332,32.615421178536266,55.1487414187643,52.66816485355213
4576,大銀微系統,機械,208.0,0.0,506485946.25,True,34.582309582309584,58.67986798679868,62.56,2026-06-01,False,82.85714285714286,4.522613065326634,0.013604701076652178,73.11072056239016,12.266666666666673,84.39635535307517,72.55125284738041,53.075170842824605,45.44419134396355,72.51995438996579,65.59738495544191,81.57894736842105,59.71706030451985
2312,金寶,電腦及週邊,31.35,-2.7906976744185963,503766839.16999996,True,40.67796610169492,53.79537953795379,32.7,2026-06-01,False,52.54237288135594,-3.538461538461534,0.056526971111796435,72.23502304147466,25.663333333333334,54.21412300683372,34.28246013667426,70.3872437357631,43.052391799544424,88.36944127708097,58.06113199117929,60.58352402745996,55.89189467429095
1402,遠東新,人纖,29.2,4.285714285714293,500598224.9125,True,16.945493793847817,73.33333333333333,12.06,2026-06-01,False,66.66666666666666,7.352941176470589,0.405548680483873,99.82905982905983,-3.2200000000000006,68.90660592255125,79.72665148063781,99.65831435079726,97.15261958997722,28.278221208665904,74.7444825105259,32.723112128146454,54.76392154000928
2458,義隆,半導體,146.0,0.3436426116838476,499346608.325,True,38.10037776578522,55.97359735973597,7.13,2026-06-01,False,74.04580152671755,-14.619883040935672,-0.16760756090507636,77.24867724867724,1.4500000000000002,76.30979498861048,6.605922551252847,3.644646924829157,53.87243735763098,40.136830102622575,36.113926384989206,25.85812356979405,62.35860834119566
3680,家登,電子設備,468.0,1.5184381778741818,495450994.9,True,20.376522702104097,70.23102310231023,37.93,2026-06-01,False,79.22077922077922,-2.6014568158168574,0.011207244246677607,75.97402597402598,2.3866666666666703,81.20728929384966,38.724373576309794,51.48063781321185,50.91116173120729,44.127708095781074,53.29023410207193,66.47597254004577,64.96751249719823
3376,新日興,電子零組件,188.5,1.072386058981234,491844143.0,True,96.0604425256341,6.006600660066007,-4.76,2026-06-01,False,12.0,-1.5665796344647518,0.025413825484305843,71.40151515151516,5.746666666666666,11.104783599088838,44.533029612756266,57.630979498861045,40.888382687927106,56.32839224629419,42.09711352898549,10.583524027459955,29.510915175429908
1477,聚陽,成衣,201.0,4.415584415584406,481412272.575,True,5.126821370750135,83.3003300330033,0.53,2026-06-01,False,69.56521739130434,-6.293706293706294,-0.19759234862658384,59.37961595273264,-6.003333333333334,72.09567198177676,25.39863325740319,2.5056947608200453,13.325740318906606,21.20866590649943,26.906881245081205,17.048054919908466,44.26770849079716
7751,竑騰,電子設備,1575.0,9.756097560975618,480928814.0,True,61.92468619246861,36.83168316831683,67.24,2026-06-01,False,62.33766233766234,32.91139240506329,-0.003607355327203894,58.011049723756905,3.710000000000001,63.43963553530752,97.49430523917995,43.16628701594533,11.389521640091116,49.25883694412771,52.94971727493032,83.52402745995423,40.214719849043234
3693,營邦,電子零組件,516.0,1.5748031496062964,470057155.55,True,79.11547911547912,23.1023102310231,74.98,2026-06-01,False,36.0,2.584493041749503,0.029650457100165315,70.87912087912088,38.11666666666667,36.38952164009112,64.3507972665148,59.68109339407744,39.63553530751708,93.04446978335234,58.620283478310554,86.38443935926774,49.51467476009029
3023,信邦,電子零組件,319.0,-0.9316770186335366,466587440.125,True,67.78197517539127,32.01320132013201,17.59,2026-06-01,False,51.33333333333333,4.761904761904762,0.0811918694821157,94.79940564635957,0.8933333333333309,53.18906605922551,73.29157175398633,76.76537585421413,91.34396355353076,38.76852907639681,66.67170125947071,41.30434782608695,53.13645142121422
3005,神基,電子零組件,117.5,0.0,461603883.825,True,63.680518078791145,34.917491749174914,28.59,2026-06-01,False,56.00000000000001,3.524229074889868,0.09918368958417748,71.21212121212122,11.260000000000002,58.029612756264235,68.45102505694761,81.6628701594533,40.546697038724375,70.35347776510832,63.80873655529956,55.26315789473685,46.34711065819447
5876,上海商銀,本國銀行,43.65,0.34482758620688614,459401138.2625001,True,41.284403669724774,53.399339933993396,-4.39,2026-06-01,False,66.66666666666666,-2.566964285714283,0.23286150609117243,92.8723404255319,-2.3066666666666666,68.90660592255125,39.29384965831435,96.9248291571754,88.61047835990888,30.33067274800456,64.81328716919089,10.755148741418765,57.24459584139114
6584,南俊國際,金屬製品,586.0,-2.3333333333333317,455824321.375,True,15.02808988764045,74.98349834983499,40.64,2026-06-01,False,71.42857142857143,5.206463195691203,-0.057385514952708834,72.79503105590062,-0.27666666666666373,73.74715261958997,74.25968109339408,19.81776765375854,44.41913439635535,35.11972633979475,49.47269242057854,68.19221967963387,53.02470640054628
9921,巨大,其他,106.0,1.9230769230769162,447061315.69500005,True,92.80045351473923,9.966996699669966,15.98,2026-06-01,False,8.333333333333332,23.976608187134502,0.17175181884020993,95.06726457399103,9.766666666666666,6.719817767653759,95.44419134396355,91.34396355353076,91.68564920273349,67.61687571265679,70.56209951610768,38.787185354691076,35.43711524527869
6207,雷科,電子設備,103.0,0.9803921568627416,446336917.6,True,94.4954128440367,7.788778877887789,-2.51,2026-06-01,False,12.987012987012985,-14.87603305785124,0.04786024954079327,62.2356495468278,-12.8,12.072892938496583,6.492027334851937,66.74259681093395,19.47608200455581,14.02508551881414,23.76173692153048,12.585812356979407,34.410689991294966
4541,晟田,機車船製造,67.6,0.0,441598263.04499996,True,5.84,82.44224422442244,58.68,2026-06-01,False,83.33333333333334,-1.7441860465116321,-0.007836439958880293,89.2998678996037,20.836666666666666,84.90888382687926,43.28018223234624,40.888382687927106,81.6628701594533,84.60661345496008,67.0693864723132,79.74828375286042,75.75996387671168
4763,材料*-KY,其他化學,50.2,-0.9861932938856066,440545958.5675,True,19.427954668105773,71.08910891089108,-10.11,2026-06-01,False,56.25,0.9045226130653323,0.039946100153621544,68.76712328767124,14.663333333333338,58.20045558086561,56.37813211845103,63.43963553530752,33.94077448747153,76.16875712656784,57.62555096973269,6.979405034324943,35.685625746052764
4916,事欣科,電腦及週邊,99.3,-1.1940298507462699,440295638.58000004,True,29.381107491856678,61.98019801980198,80.52,2026-06-01,False,64.40677966101694,-4.057971014492756,-0.0624827179012432,79.75903614457832,2.1566666666666663,65.94533029612755,32.346241457858774,17.312072892938495,60.250569476082006,43.10148232611174,43.79113928982371,87.4141876430206,70.31596148934284
2388,威盛,半導體,73.4,1.9444444444444597,434942443.09000003,True,36.15960099750624,57.557755775577554,34.01,2026-06-01,False,74.80916030534351,0.0,0.05088480671030901,83.4090909090909,-34.943333333333335,76.99316628701595,51.993166287015946,68.3371298405467,70.04555808656036,5.245153933865451,54.522834887000876,62.70022883295194,64.43644672987809
8086,宏捷科,半導體,114.5,-0.8658008658008698,432281356.225,True,2.9535864978902953,86.2046204620462,16.05,2026-06-01,False,91.6030534351145,-6.910569105691057,-0.15684040652092876,63.96648044692738,-18.09,91.91343963553531,23.519362186788154,3.986332574031891,22.779043280182233,10.604332953249715,30.560502125957463,38.901601830663616,57.51868063989825
7828,創新服務,電子設備,1650.0,2.1671826625387025,429082588.5,True,5.952380952380952,82.37623762376238,255.83,2026-06-01,False,94.8051948051948,-12.698412698412698,0.06655794269029548,70.96774193548387,-10611.286666666667,94.874715261959,9.225512528473805,72.55125284738041,39.749430523917994,0.22805017103762829,43.32579226655377,96.91075514874143,80.57734710153616
3022,威強電,電腦及週邊,92.5,0.6528835690968293,423370662.625,True,78.143550998381,23.66336633663366,79.97,2026-06-01,False,23.728813559322035,0.32537960954446543,0.04911126910585262,81.85840707964603,23.75333333333333,23.690205011389523,53.64464692482915,67.3120728929385,66.51480637813212,87.45724059293045,59.72379436004394,87.18535469107552,55.93642978894201
6538,倉和,光電及I/O,194.0,1.305483028720622,420069456.6,True,95.38632573652029,6.864686468646865,46.5,2026-06-01,False,10.81081081081081,33.793103448275865,0.014447219734834012,100.0,41.57,9.567198177676538,97.72209567198178,53.30296127562642,98.63325740318906,93.6145952109464,70.56802154788404,72.42562929061785,45.72599729987542
3455,由田,電子設備,243.0,-1.619433198380571,419483207.9,True,95.08904479222882,7.326732673267326,-30.02,2026-06-01,False,11.688311688311687,20.8955223880597,0.041469171774752726,78.38709677419354,-23.83,10.82004555808656,93.96355353075171,64.57858769931663,57.28929384965832,7.8677309007981755,46.90384230772228,2.2883295194508007,19.108528849110993
3030,德律,電子設備,289.5,1.5789473684210575,412089523.975,True,85.53696708041014,16.765676567656765,0.43,2026-06-01,False,29.87012987012987,-2.360876897133221,0.0348298909843674,69.01072705601908,-25.466666666666665,29.954441913439634,40.091116173120724,61.38952164009112,34.7380410022779,7.525655644241732,34.73975527463422,16.819221967963387,35.35514717764005
3019,亞光,消費性電子,136.0,-0.366300366300365,409491179.525,True,62.169454937938475,36.56765676567657,13.14,2026-06-01,False,42.10526315789473,-0.3663003663003663,0.08585557169723247,79.30029154518951,-3.3299999999999983,42.76765375854214,50.227790432801825,78.13211845102505,59.2255125284738,27.936145952109463,51.65784422459046,34.21052631578947,46.49397554250089
8027,鈦昇,電子設備,170.5,0.8875739644970349,403869655.525,True,95.21452145214522,7.062706270627063,58.48,2026-06-01,False,10.38961038961039,-18.225419664268586,0.05140656864825122,58.19112627986348,-16.023333333333333,9.111617312072893,3.8724373576309796,68.67881548974944,11.503416856492027,11.972633979475484,21.027784199084167,79.51945080091534,49.065511902962314
9914,美利達,其他,87.8,-0.9029345372460473,402216487.74999994,True,72.51861042183623,28.118811881188122,-5.51,2026-06-01,False,20.833333333333336,12.419974391805383,0.0667029731091403,77.01754385964912,-5.013333333333333,20.615034168564918,87.35763097949885,72.66514806378133,53.41685649202733,23.71721778791334,51.554377498357155,9.839816933638444,24.12851915368296
6834,天二科技,電子零組件,93.5,-4.591836734693877,398533495.9499999,True,31.74825174825175,60.85808580858085,66.46,2026-06-01,False,81.33333333333333,-3.608247422680412,-0.012807169750428395,70.83333333333334,13.999999999999993,82.91571753986332,33.94077448747153,37.81321184510251,39.29384965831435,74.68643101482326,53.729996909114995,83.29519450800915,67.89099680467882
2347,聯強,電子通路,87.0,0.8111239860950192,397027943.20000005,True,67.29627630868862,32.34323432343234,135.45,2026-06-01,False,30.76923076923077,-0.9111617312072862,0.12493720650073487,89.59835221421216,19.44999999999999,30.92255125284738,47.9498861047836,86.21867881548975,82.46013667425967,82.66818700114025,66.04388796970413,93.47826086956522,64.72776567297217
6944,兆聯實業,資源回收,715.0,-2.3224043715846965,393372459.8,True,0.0,99.3069306930693,29.98,2026-06-01,False,100.0,-13.751507840772014,-0.2044492736560851,66.82242990654206,-6.783333333333335,98.91799544419135,8.086560364464694,2.164009111617312,29.726651480637813,19.61231470923603,31.701506222029444,57.49427917620137,69.51309143414146
2421,建準,電子零組件,144.0,-0.6896551724137945,392045214.15,True,27.361036157582298,63.597359735973605,18.65,2026-06-01,False,84.66666666666667,7.865168539325842,0.1845779786235082,75.98944591029023,2.4599999999999973,86.10478359908885,80.75170842824602,93.50797266514806,51.025056947608206,44.355758266818704,71.14905598138196,42.848970251716246,49.80677559254182
2812,台中銀,本國銀行,18.8,-1.0526315789473606,391678188.17499995,True,33.67512142471668,59.14191419141914,16.56,2026-06-01,False,100.0,-8.068459657701704,-0.09422163547267635,81.20950323974083,-21.686666666666664,98.91799544419135,19.931662870159453,10.70615034168565,64.12300683371298,8.893956670467503,40.51455443204338,40.160183066361554,70.8173806185266
1102,亞泥,水泥製造,34.7,2.662721893491149,391076021.4425,True,11.656772800863465,78.34983498349834,-2.21,2026-06-01,False,71.42857142857143,6.1162079510703355,0.1153870264847547,88.97435897435898,2.003333333333334,73.74715261958997,76.76537585421413,84.96583143507974,81.20728929384966,42.41733181299886,71.82059620314647,13.272311212814644,47.86534431801003
8016,矽創,半導體,291.5,-1.5202702702702742,390887033.9,True,58.93146249325418,38.87788778877888,26.61,2026-06-01,False,52.67175572519084,-2.1812080536912752,0.039825099051584045,80.3030303030303,-7.960000000000001,54.55580865603644,40.66059225512528,63.32574031890661,61.731207289293856,18.244013683010262,47.703472440474485,52.8604118993135,57.121708897379634
7788,松川精密,電子零組件,256.0,-6.569343065693434,390355773.425,True,16.097560975609756,74.1914191419142,65.66,2026-06-01,False,92.0,11.304347826086957,0.028447610678171326,87.67123287671232,23.953333333333333,92.53986332574033,85.6492027334852,58.76993166287016,79.04328018223235,87.57126567844927,80.71470871655546,82.83752860411899,67.19286734465162
6209,今國光,消費性電子,69.0,2.9850746268656803,390295248.63,True,0.39447731755424065,93.26732673267327,73.31,2026-06-01,False,100.0,-3.8997214484679623,-0.027293037246734275,70.98765432098764,3.026666666666671,98.91799544419135,33.25740318906606,32.57403189066059,39.863325740318906,46.52223489167617,50.22699823118261,85.58352402745996,72.77686050572603
6121,新普,電子零組件,395.0,-1.6189290161892855,388738241.375,True,39.93524015110631,54.521452145214525,11.5,2026-06-01,False,77.33333333333333,4.221635883905013,0.26754260543747016,84.49197860962568,4.8500000000000005,79.15717539863326,71.29840546697038,98.63325740318906,72.4373576309795,53.13568985176739,74.93237715030793,31.57894736842105,52.96876873276585
6715,嘉基,電子零組件,492.0,9.944134078212286,383857929.6,True,99.93846153846154,0.46204620462046203,-9.2,2026-06-01,False,0.6666666666666667,15.62867215041128,0.0257504752634588,86.46748681898066,6.39666666666667,0.11389521640091116,89.86332574031891,57.744874715261965,76.42369020501138,59.064994298745724,56.64215603514778,7.665903890160183,23.585040892813392
2316,楠梓電,印刷電路板,155.5,0.0,382313963.75,True,44.468429573664324,50.79207920792079,27.83,2026-06-01,False,83.72093023255815,-6.042296072507553,-0.052552576918248654,66.31130063965884,-19.236666666666665,85.19362186788155,26.08200455580866,22.55125284738041,28.5876993166287,10.034207525655644,34.48975722267098,54.69107551487414,60.59759803589393
3135,凌航,半導體,168.0,9.80392156862746,379584329.925,True,2.371541501976284,87.26072607260727,150.02,2026-06-01,False,92.36641221374046,12.0,-0.010106272692888782,64.49136276391555,-180.75333333333336,92.8246013667426,86.90205011389521,39.63553530751708,24.373576309794988,1.4823261117445838,49.0436178419389,94.27917620137299,56.14382594100384
3563,牧德,電子設備,674.0,0.0,378601874.65,True,72.9087965461414,27.755775577557756,15.62,2026-06-01,False,48.05194805194805,0.0,0.015115535888158834,70.42842215256009,7.449999999999999,49.65831435079727,51.993166287015946,53.98633257403189,38.382687927107064,62.02964652223489,51.21002953223742,38.100686498855836,43.53713062243605
2605,新興,海運,36.4,-0.9523809523809601,372661595.0975,True,0.3658536585365854,93.79537953795379,51.62,2026-06-01,False,100.0,11.999999999999995,0.019409541865586064,83.9677047289504,31.009999999999998,98.91799544419135,86.78815489749431,55.23917995444191,71.29840546697038,90.64994298745724,80.57873575011104,76.31578947368422,64.93600887183791
2542,興富發,建設,48.3,0.31152647975076775,369435631.88,True,27.95466810577442,62.97029702970297,16.47,2026-06-01,False,62.06896551724138,7.452725250278074,0.22552197053254344,100.0,-2052.976666666667,63.32574031890661,79.84054669703873,96.24145785876993,98.63325740318906,0.34207525655644244,67.67661550689215,40.045766590389015,55.54105440386148
2385,群光,光電及I/O,107.0,0.9433962264151052,369258844.875,True,64.27415002698326,34.38943894389439,-5.48,2026-06-01,False,41.891891891891895,0.9433962264150944,0.11378138109893154,73.03754266211604,3.1499999999999986,42.25512528473804,56.83371298405467,84.51025056947609,45.21640091116173,46.7502850627138,55.11315496242887,9.954233409610984,35.14801165536402
1718,中纖,石化,10.35,-0.9569377990430561,367748621.28249997,True,64.62809917355372,34.12541254125412,1.92,2026-06-01,False,31.57894736842105,-8.81057268722467,-0.06414557489209981,68.0921052631579,-3.1766666666666667,32.06150341685649,17.425968109339408,16.514806378132118,32.346241457858774,28.62029646522235,25.393763165481825,17.73455377574371,41.17908263527989
6727,亞泰金屬,電子設備,460.0,3.7204058624577208,365028568.425,True,89.27285817134629,13.135313531353136,-23.9,2026-06-01,False,23.376623376623375,22.666666666666664,-0.03976902067581357,69.6969696969697,-51.019999999999996,23.34851936218679,95.10250569476082,28.246013667425967,36.56036446469248,4.104903078677309,37.47246125354867,2.745995423340961,16.888093388864853
3498,陽程,電子設備,183.5,-3.6745406824146953,363198951.87,True,30.952380952380953,61.386138613861384,50.69,2026-06-01,False,74.02597402597402,60.26200873362445,0.09607772966464993,96.3254593175853,-34.510000000000005,76.19589977220956,99.88610478359908,80.5239179954442,93.50797266514806,5.359179019384264,71.09461484715703,75.62929061784897,61.36176456790188
7711,永擎,電腦及週邊,454.0,-7.346938775510203,359151967.5,True,19.230769230769234,71.41914191419141,140.79,2026-06-01,False,81.35593220338984,48.608837970540094,0.03378094180762586,84.85981308411215,102.89333333333332,83.02961275626424,99.20273348519362,60.820045558086555,73.00683371298405,97.83352337514253,82.7785497775342,93.7070938215103,62.635201701391246
2428,興勤,電子零組件,267.0,4.093567251461994,353124351.0,True,94.225580140313,8.217821782178218,46.62,2026-06-01,False,15.333333333333332,6.58682634730539,-0.0918699832332782,77.72925764192141,14.716666666666661,14.578587699316628,77.90432801822324,11.047835990888382,54.89749430523918,76.39680729760548,46.965010662254585,72.76887871853546,41.08515817621701
8050,廣積,電腦及週邊,57.1,0.7054673721340388,352366529.535,True,43.60496492174852,51.68316831683168,143.6,2026-06-01,False,47.45762711864407,-9.365079365079362,-0.05224143048951546,82.7536231884058,93.13999999999999,48.86104783599089,15.489749430523919,22.66514806378132,68.56492027334852,97.37742303306727,50.59165772734239,94.05034324942791,73.99664048206085
6265,方土昶,電子通路,56.5,-4.560810810810811,352334563.04999995,True,0.0,99.3069306930693,1209.51,2026-06-01,False,100.0,20.085015940488848,0.07320415040373553,88.41940532081377,152.2833333333333,98.91799544419135,93.50797266514806,74.60136674259681,80.41002277904327,98.4036488027366,89.16820128674321,99.4279176201373,71.31199079455595
2465,麗臺,電腦及週邊,86.0,0.11641443538998875,344871960.24,True,57.41056218057922,39.603960396039604,543.89,2026-06-01,False,37.28813559322034,3.9903264812575534,0.028783661017611425,81.9047619047619,258.88,37.81321184510251,70.27334851936219,58.88382687927107,66.74259681093395,99.2018244013683,66.5829616912076,98.8558352402746,58.284573844237215
3624,光頡,電子零組件,86.3,-3.790412486064665,344702860.59000003,True,75.4452239611441,25.544554455445546,28.72,2026-06-01,False,42.0,-7.897545357524019,-0.07570427945058457,48.89518413597734,1.879999999999999,42.53986332574032,20.72892938496583,13.55353075170843,3.644646924829157,41.50513112884835,24.394420303218418,55.49199084668193,45.2368929280714
6753,龍德造船,機車船製造,144.0,0.6993006993007089,340977235.45,True,0.11933174224343676,97.42574257425743,33.41,2026-06-01,False,100.0,3.9711191335740073,-0.002537393056680714,70.76167076167076,-3.2033333333333402,98.91799544419135,70.04555808656036,43.8496583143508,39.066059225512525,28.39224629418472,56.05430347295995,61.556064073226544,57.373640164092514
2006,東和鋼鐵,基本金屬,82.0,0.8610086100861114,338065405.28000003,True,40.01079913606912,54.38943894389438,9.01,2026-06-01,False,48.78048780487805,15.168539325842692,0.2516189519094951,92.65536723163842,5.550000000000001,50.11389521640092,89.63553530751709,97.60820045558086,88.15489749430525,55.98631698973774,76.29976909270837,28.26086956521739,44.22353174210161
6472,保瑞,藥,445.5,10.000000000000009,336488240.6,True,93.25418240690772,9.174917491749175,39.22,2026-06-01,False,11.11111111111111,11.097256857855362,0.17452084367922188,59.4,21.906666666666666,10.022779043280181,85.42141230068337,92.14123006833714,13.439635535307518,85.17673888255416,57.240359166032476,67.04805491990847,26.272264299453198
2425,承啟,電腦及週邊,38.6,-1.025641025641022,335360987.07,True,44.251087632069606,51.08910891089109,375.57,2026-06-01,False,45.76271186440678,-15.720524017467241,-0.039830827534425337,72.9678638941399,189.39666666666668,46.81093394077448,5.694760820045558,28.132118451025057,44.874715261959,98.74572405929305,44.851650506619436,98.2837528604119,71.06866031077496
4973,廣穎,半導體,152.0,0.9966777408637828,335011515.575,True,11.415259172976121,78.67986798679868,197.3,2026-06-01,False,87.78625954198473,6.666666666666667,-0.020276042662838646,72.38095238095238,33.77000000000001,88.49658314350796,78.35990888382688,34.62414578587699,43.50797266514807,91.79019384264538,67.35576086420106,95.4233409610984,62.26699697148189
6525,捷敏-KY,半導體,141.5,-0.7017543859649145,334942252.15,True,96.16837560712358,5.775577557755775,19.84,2026-06-01,False,6.106870229007633,-5.033557046979865,-0.0337120232123615,64.02714932126696,0.8133333333333326,4.669703872437358,29.38496583143508,29.726651480637813,23.006833712984054,38.42645381984037,25.042921743466934,44.16475972540046,35.6140828698467
3033,威健,電子通路,45.35,0.7777777777777883,327821523.28,True,28.386400431732326,62.57425742574257,54.45,2026-06-01,False,65.38461538461539,-10.198019801980195,-0.046431305446989285,81.56474820143885,21.970000000000006,66.85649202733485,13.78132118451025,25.28473804100228,65.37585421412301,85.29076396807298,51.31783388700867,77.80320366132723,74.0635571795687
2489,瑞軒,光電及I/O,32.45,3.6741214057508076,327325416.9625,True,59.93615323224262,38.415841584158414,23.43,2026-06-01,False,44.5945945945946,2.204724409448828,0.007827360634430533,57.43362831858407,7.866666666666667,45.67198177676538,62.75626423690205,49.65831435079727,10.364464692482915,62.59977194982896,46.21015940135531,48.74141876430206,35.50540024916207
8932,智通*,資訊服務,112.0,2.752293577981657,325937383.46500003,True,48.14004376367615,47.92079207920792,-3.5,2026-06-01,False,26.08695652173913,-3.0303030303030303,-0.002837290958283198,46.3768115942029,-12.586666666666668,26.08200455580866,36.332574031890665,43.735763097949885,2.5056947608200453,14.253135689851767,24.581834427264205,11.670480549199084,25.981401458484278
6138,茂達,半導體,290.0,-2.3569023569023573,319909443.925,True,66.91851052347545,32.772277227722775,11.1,2026-06-01,False,43.89312977099237,-10.21671826625387,-0.13081290376817084,65.9090909090909,-2.3500000000000014,44.24829157175398,13.66742596810934,5.922551252847381,28.018223234624145,30.216647662485745,24.41462793796412,31.12128146453089,47.430092575699916
1727,中華化,其他化學,91.6,-1.1866235167206085,317595921.4,True,80.44692737430168,21.584158415841586,19.24,2026-06-01,False,18.75,15.656565656565647,0.05924920317498971,87.6555023923445,-4.219999999999999,18.223234624145785,90.09111617312074,71.18451025056947,78.92938496583145,25.541619156214367,56.793973033976364,43.59267734553776,37.66354519059857
1714,和桐,清潔劑,17.0,1.4925373134328401,309640184.675,True,18.456375838926174,71.88118811881188,73.41,2026-06-01,False,60.0,10.032362459546931,-0.03235901198764665,74.72527472527473,-3.2466666666666697,61.218678815489746,83.5990888382688,30.52391799544419,48.063781321184514,28.164196123147097,50.313932618706865,85.81235697940504,52.87393206945262
6588,東典光電,通信網路,101.0,6.315789473684208,308019472.66,True,99.84962406015038,0.9900990099009901,49.1,2026-06-01,False,2.0,36.302294197031046,-0.008363704136269834,63.322884012539184,-72.53333333333333,0.9681093394077449,98.29157175398633,40.43280182232346,21.298405466970387,2.6225769669327255,32.72269306992413,74.37070938215103,24.586413108635707
3088,艾訊,電腦及週邊,125.0,-1.1857707509881465,298887054.3,True,83.97193739881274,18.283828382838283,48.37,2026-06-01,False,11.864406779661017,-18.83116883116883,-0.07076635460821337,81.16883116883116,-6.060000000000002,10.933940774487471,3.189066059225513,14.69248291571754,63.89521640091116,20.980615735461804,22.738264377160696,73.97025171624713,61.402585708105065
6526,達發,半導體,585.0,0.8620689655172376,298859010.5,True,38.31640058055152,55.775577557755774,14.4,2026-06-01,False,72.51908396946564,-0.5102040816326531,0.03359578321757616,77.68924302788844,0.5333333333333332,74.94305239179954,49.31662870159453,60.59225512528473,54.783599088838265,37.51425313568985,55.42995768864139,35.92677345537758,54.08419905860521
3265,台星科,半導體,174.5,-3.3240997229916913,296457165.4,True,88.82892606583917,13.531353135313532,3.58,2026-06-01,False,22.137404580152673,7.05521472392638,0.05298252321844242,90.18087855297158,-17.596666666666664,22.095671981776764,79.38496583143508,69.02050113895216,83.48519362186788,10.946408209806158,52.98654815676762,20.251716247139587,36.611904004837285
8114,振樺電,電腦及週邊,198.5,0.761421319796951,296080210.2,True,42.63356718834323,52.34323432343234,19.14,2026-06-01,False,49.152542372881356,-14.439655172413794,0.0490245115478723,72.31329690346084,27.78,50.68337129840547,6.719817767653759,67.19817767653758,43.16628701594533,89.96579247434435,51.546689246577294,43.47826086956522,57.65202535406556
6426,統新,通信網路,250.0,8.225108225108224,294854839.775,True,56.01345668629099,40.85808580858086,103.04,2026-06-01,False,50.0,52.4390243902439,0.002353997068571051,86.65511265164645,19.836666666666673,51.5375854214123,99.54441913439635,46.46924829157175,76.65148063781321,83.58038768529077,71.55662423409687,90.96109839816934,54.901436330749625
2436,偉詮電,半導體,63.3,-2.7649769585253448,292395281.44500005,True,0.37776578521316784,93.5973597359736,18.28,2026-06-01,False,96.94656488549617,5.149501661129558,0.031219172450968658,78.63354037267081,-6.676666666666666,95.8997722095672,74.14578587699316,59.90888382687927,57.85876993166287,19.726339794754846,61.507910327971466,41.99084668192219,55.400900736539775
1810,和成,玻璃陶瓷,26.05,-0.19157088122605526,291370043.91249996,True,19.35905820797907,71.15511551155116,-11.91,2026-06-01,False,66.66666666666666,-15.284552845528454,-0.05914806432620751,76.28111273792094,-3.6333333333333346,68.90660592255125,6.150341685649203,19.134396355353076,51.594533029612755,27.02394526795895,34.56196445222505,5.491990846681922,54.96069702829918
4566,時碩工業,汽車組件,68.3,-2.4285714285714355,288634000.41499996,True,69.17922948073702,31.08910891089109,44.39,2026-06-01,False,41.66666666666667,-1.5850144092219143,0.0271541582760733,89.51507208387942,24.436666666666667,41.91343963553531,44.19134396355353,58.20045558086561,82.34624145785877,87.79931584948689,62.89015929746002,70.93821510297484,62.751638058203845
3048,益登,電子通路,56.0,-1.7543859649122862,287738134.8925,True,54.46650124069479,42.244224422442244,60.1,2026-06-01,False,51.92307692307693,10.236220472440952,-0.058413874205405454,74.46808510638297,12.090000000000003,53.64464692482915,84.16856492027335,19.362186788154897,47.9498861047836,72.29190421892817,55.483437791393825,80.32036613272311,49.43658356051563
2363,矽統,半導體,51.0,0.3937007874015741,287475224.755,True,91.16575591985429,11.41914191419142,74.8,2026-06-01,False,19.84732824427481,-10.683012259194397,-0.017667526447057158,67.01708278580816,-8.783333333333331,19.134396355353076,12.984054669703873,35.42141230068337,30.068337129840543,17.559863169897376,23.03361272509565,86.2700228832952,55.62217542469624
6005,群益證,證券,30.35,0.4966887417218624,285902820.6625,True,22.93577981651376,67.55775577557756,101.2,2026-06-01,False,50.0,-11.901306240928886,-0.26415039611624364,67.36958934517205,-84.91333333333334,51.5375854214123,10.250569476082005,0.7972665148063782,30.751708428246015,2.280501710376283,19.123526310184598,90.61784897025171,65.66414333595701
3673,TPK-KY,光電及I/O,65.1,9.41176470588234,285816468.72,True,19.80572045331894,70.75907590759076,7.03,2026-06-01,False,70.27027027027027,1.2441679626749569,0.03298553021445832,69.25531914893617,3.6100000000000003,72.89293849658314,58.31435079726651,60.36446469248291,35.64920273348519,48.91676168757127,55.2275436814778,25.62929061784897,43.964270262662694
4908,前鼎,通信網路,154.0,0.9836065573770592,281901842.15,True,95.1969778737183,7.128712871287128,29.72,2026-06-01,False,10.0,6.944444444444445,0.013177157077499472,52.4701873935264,5.316666666666666,8.826879271070615,79.04328018223235,52.50569476082004,5.808656036446469,54.27594070695553,40.092090191505,56.693363844393595,23.07140474241958
5386,青雲,電子通路,230.5,0.0,281488693.2,True,0.053966540744738264,98.41584158415841,442.3,2026-06-01,False,98.07692307692307,-9.072978303747535,-0.07472425110922147,38.87015177065767,22.183333333333394,97.26651480637814,16.856492027334852,13.66742596810934,0.9111617312072893,85.63283922462942,42.86688675153181,98.62700228832952,69.98704669964502
8131,福懋科,半導體,62.8,2.950819672131133,280866485.92499995,True,73.12466270912034,27.524752475247528,60.87,2026-06-01,False,35.11450381679389,-8.588064046579339,-0.08151877730542617,73.62250879249707,10.529999999999994,35.7630979498861,18.337129840546698,12.414578587699317,46.24145785876993,68.98517673888256,36.34828819515692,80.54919908466819,61.054156263194386
2637,慧洋-KY,海運,94.7,3.1590413943355156,279822320.495,True,70.31840259039396,30.165016501650165,57.92,2026-06-01,False,27.27272727272727,16.482164821648222,0.17213380188949287,100.0,16.24666666666667,27.27790432801822,91.00227790432803,91.57175398633257,98.63325740318906,78.79133409350057,77.45530554307369,79.17620137299771,53.52127129996924
1409,新纖,人纖,24.4,1.2448132780082943,279510640.06,True,52.83324338909876,43.366336633663366,13.44,2026-06-01,False,44.44444444444444,2.5210084033613356,-0.04154882820336392,76.97160883280758,-11.100000000000003,45.33029612756264,64.2369020501139,27.33485193621868,53.18906605922551,15.279361459521096,41.07409552652836,34.43935926773455,42.1804548511022
8110,華東,半導體,44.35,2.0713463751438344,278406123.90000004,True,0.1243008079552517,97.0957095709571,16.26,2026-06-01,False,99.23664122137404,4.107981220657277,0.006404069481217734,50.39772727272728,-0.8199999999999967,97.72209567198178,70.95671981776765,48.51936218678816,4.441913439635535,33.8654503990878,51.10110830305218,39.588100686498855,42.69884749508712
2606,裕民,海運,70.2,1.0071942446043147,277859897.295,True,16.945493793847817,73.33333333333333,35.52,2026-06-01,False,81.81818181818183,11.075949367088606,0.2768656694656852,96.82758620689656,-3.136666666666663,83.42824601366743,85.19362186788155,98.86104783599089,94.30523917995444,28.734321550741164,78.1044952896471,63.95881006864988,64.12466834859755
1503,士電,電機製品,201.5,2.284263959390853,276684565.075,True,65.2995143011333,33.79537953795379,-10.58,2026-06-01,False,36.36363636363637,-4.7281323877068555,0.029424030865559715,75.18656716417911,-20.68,36.78815489749431,30.068337129840543,59.453302961275625,48.63325740318907,9.35005701254276,36.858621880868455,6.292906178489703,40.411495337333136
8926,台汽電,公用事業,56.8,1.7921146953405076,276305024.8,True,1.9967620075553156,87.92079207920793,1719.48,2026-06-01,False,66.66666666666666,-11.66407465007776,-0.20694199429995713,69.09975669099757,712.66,68.90660592255125,10.933940774487471,1.9362186788154898,34.96583143507973,99.54389965792474,43.25729929377174,99.77116704805492,73.1774159077996
8064,東捷,電子設備,98.7,-0.5040322580645129,272029829.82,True,62.43386243386243,36.303630363036305,15.95,2026-06-01,False,61.038961038961034,-11.081081081081079,0.05666509753794191,57.21739130434783,5.953333333333333,62.1867881548975,12.072892938496583,70.50113895216401,10.136674259681094,57.12656784492588,42.40481243003301,38.672768878718536,49.730834588700134
8081,致新,半導體,259.0,0.7782101167315147,269330622.75,True,52.56341068537507,43.72937293729373,7.19,2026-06-01,False,55.72519083969466,3.187250996015936,0.0011386975465375077,75.84187408491947,7.376666666666667,57.630979498861045,66.97038724373576,45.78587699316628,50.227790432801825,61.91562143671607,56.50613112105621,25.97254004576659,41.71523068342342
6719,力智,半導體,194.0,-1.2722646310432517,267611389.85,True,15.70915619389587,74.45544554455445,-3.56,2026-06-01,False,85.49618320610686,-16.559139784946236,-0.030412833997753665,62.08,4.866666666666665,86.67425968109339,5.125284738041002,31.32118451025057,19.020501138952163,53.24971493728621,39.07818900112467,11.556064073226544,53.03138503880777
2207,和泰車,車輛買賣,508.0,0.39525691699604515,265684661.3,True,0.12391573729863693,97.29372937293729,48.36,2026-06-01,False,97.32262382864792,3.2520325203252036,0.16427978460371995,81.80354267310788,17.78333333333333,96.12756264236903,67.3120728929385,90.54669703872437,66.17312072892938,80.72976054732041,80.17784277005634,73.79862700228833,67.19680937016206
4722,國精化,樹脂,205.0,0.9852216748768461,262251374.725,True,86.94009713977334,15.445544554455445,26.94,2026-06-01,False,14.285714285714285,-4.428904428904429,-0.012208171847252607,66.88417618270799,19.116666666666667,13.439635535307518,31.207289293849662,38.496583143507976,29.84054669703872,82.44013683010262,39.084838299961305,53.775743707093824,41.462159161397594
1795,美時,藥,195.0,4.557640750670244,258236148.775,True,14.948731786292498,75.18151815181518,225.46,2026-06-01,False,57.77777777777777,3.4482758620689653,0.09188284534385703,53.71900826446281,108.40666666666667,59.2255125284738,68.10933940774487,79.95444191343964,6.947608200455581,98.06157354618016,62.45969511925881,96.45308924485126,48.629217641508944
6548,長科*,半導體,70.6,-0.7032348804500654,256050476.35000005,True,88.62405200433369,13.72937293729373,37.63,2026-06-01,False,22.900763358778626,-1.2587412587412667,0.07772392835093489,71.96738022426096,4.700000000000003,22.89293849658314,45.78587699316628,75.74031890660592,42.59681093394077,52.679589509692136,47.93910696799765,66.13272311212815,46.45914888737145
2399,映泰,電腦及週邊,44.45,-1.4412416851441234,253625999.65,True,13.636363636363635,76.63366336633663,-10.32,2026-06-01,False,83.05084745762711,14.561855670103107,0.012473871469421489,80.81818181818183,-30.26,84.62414578587699,89.06605922551253,52.0501138952164,63.097949886104786,6.1573546180159635,58.999124682145336,6.864988558352403,41.38025625120542
6449,鈺邦,電子零組件,223.0,-1.3274336283185861,252697186.875,True,71.28980032379924,29.240924092409244,23.29,2026-06-01,False,46.0,-11.857707509881422,-0.038080520207070125,48.16414686825054,2.669999999999998,47.323462414578586,10.478359908883828,28.701594533029613,3.416856492027335,45.1539338654504,27.014841442793955,48.62700228832952,47.2222403215129
9939,宏全,塑膠製品,132.0,1.538461538461533,252441207.125,True,33.18942255801403,59.537953795379536,12.13,2026-06-01,False,59.370816599732265,1.5384615384615385,0.18613054546918179,91.34948096885813,-0.033333333333333215,60.478359908883824,59.90888382687927,93.73576309794989,86.67425968109339,35.689851767388824,67.29742365643902,32.837528604118994,55.02031609180423
1319,東陽,汽車組件,83.0,1.591187270501826,251169415.05,True,25.849973016729628,65.21452145214522,3.04,2026-06-01,False,63.888888888888886,13.854595336076809,0.2369301174676532,72.17391304347827,5.883333333333334,65.48974943052391,88.49658314350796,97.26651480637814,42.93849658314351,56.89851767388826,70.21797232748835,19.794050343249427,34.93142830335222
1597,直得,機械,135.0,0.0,249307968.075,True,72.36913113869402,28.184818481848183,45.25,2026-06-01,False,22.857142857142858,0.37174721189591076,-0.006971446103102064,61.085972850678736,-10.616666666666667,22.722095671981776,54.21412300683372,41.230068337129836,16.74259681093394,15.735461801596351,30.128869125695125,71.73913043478261,39.24742497771615
2105,正新,輪胎,31.5,1.449275362318847,249237032.65749997,True,12.08850512682137,78.08580858085809,15.01,2026-06-01,False,60.0,0.9615384615384639,-0.019443902836924744,80.45977011494253,6.286666666666665,61.218678815489746,56.947608200455576,34.851936218678816,62.1867881548975,58.551881413911055,54.75137856068655,36.95652173913043,50.85359512726552
2630,亞航,機車船製造,52.3,0.7707129094412402,249136889.225,True,71.9977233921457,28.844884488448848,-30.49,2026-06-01,False,8.333333333333332,-1.876172607879925,-0.02743370037362256,71.93947730398898,-2.950000000000003,6.719817767653759,42.369020501138955,32.346241457858774,42.369020501138955,29.19042189281642,30.598904424121372,2.059496567505721,27.19482858378987
9945,潤泰新,建設,29.85,0.1677852348993314,246448184.78500003,True,21.04695089044792,69.7029702970297,29.57,2026-06-01,False,74.13793103448276,13.71428571428572,0.20156763228785768,93.42723004694837,-23.879999999999995,76.5375854214123,88.15489749430525,94.98861047835992,90.09111617312074,7.753705815279361,71.50518307649551,56.40732265446224,58.7202816886725
6191,精成科,印刷電路板,82.6,0.12121212121212199,245332503.4,True,86.02266594711278,16.435643564356436,10.28,2026-06-01,False,44.18604651162791,-8.017817371937642,0.01918253789206855,56.38225255972695,7.086666666666666,44.874715261959,20.045558086560362,55.125284738041,8.88382687927107,61.23147092360319,38.03217117788692,29.86270022883295,40.89392107087566
6640,均華,電子設備,954.0,-1.2422360248447228,234357479.2,True,74.36589314624933,26.27062706270627,0.33,2026-06-01,False,44.15584415584416,-1.5479876160990713,-0.050289507500588644,54.20454545454545,-32.76666666666667,44.760820045558084,44.64692482915717,23.120728929384963,7.175398633257403,5.473204104903079,25.03541530845214,16.704805491990847,30.99852483541229
8155,博智,印刷電路板,324.5,4.340836012861726,231673035.725,True,68.48354020507286,31.617161716171616,31.9,2026-06-01,False,69.76744186046511,0.0,-0.04323817394351876,71.08433734939759,1.6166666666666671,72.4373576309795,51.993166287015946,26.65148063781321,40.091116173120724,40.820980615735465,46.39882026893297,59.610983981693366,55.03657287469441
2103,台橡,橡膠原料,27.85,2.2018348623853212,230014181.47500005,True,19.0998268897865,71.55115511551156,40.24,2026-06-01,False,71.285140562249,16.771488469601675,0.08584134386663365,97.20767888307155,9.513333333333332,73.34851936218679,91.34396355353076,78.01822323462414,94.64692482915717,67.04675028506271,80.88087625291232,67.84897025171624,61.12511272238236
3227,原相,半導體,200.0,1.0101010101010166,229656993.175,True,40.09713977334053,54.290429042904286,21.05,2026-06-01,False,71.7557251908397,-0.9900990099009901,0.10296827577064381,77.97270955165692,9.186666666666666,74.25968109339408,47.26651480637813,82.11845102505694,55.466970387243734,65.90649942987457,65.00362334838948,46.10983981693364,57.14249412279833
8464,億豐,五金及家具,374.5,1.490514905149043,227139823.65,True,22.93577981651376,67.55775577557756,11.73,2026-06-01,False,90.9090909090909,2.8846153846153846,0.04650730226590923,79.765708200213,8.493333333333334,91.17312072892938,65.37585421412301,65.94533029612755,60.36446469248291,64.76624857468643,69.52500370126985,32.036613272311214,54.54958611990013
8454,富邦媒,數位雲端,254.0,-1.740812379110257,226777112.675,True,21.586616297895304,69.17491749174917,6.5,2026-06-01,False,37.5,3.885480572597137,0.014953930581792075,56.50723025583982,2.526666666666667,38.325740318906604,69.4760820045558,53.64464692482915,9.339407744874716,44.69783352337514,43.09674210330828,24.485125858123567,25.66854797933727
6643,M31,半導體,409.0,-0.12210012210012167,226490772.875,True,95.53466509988249,6.6006600660066,-23.52,2026-06-01,False,8.396946564885496,-2.619047619047619,-0.009438545444111799,58.68005738880918,-19.939999999999998,6.947608200455581,38.61047835990888,39.97722095671982,12.300683371298406,9.692132269099202,21.505624631496378,2.8604118993135015,20.87455627778965
2302,麗正,電子零組件,43.25,-3.2438478747203625,226371131.21750003,True,76.23820754716981,25.082508250825082,45.71,2026-06-01,False,39.33333333333333,1.8845700824499343,0.0012371039861444355,78.06859205776173,14.056666666666665,39.97722095671982,61.617312072892936,45.899772209567196,55.80865603644647,74.9144811858609,55.643488492297465,71.85354691075516,51.50552795775713
8070,長華*,電子通路,50.2,-1.5686274509803866,225070766.35999998,True,94.09534127843988,8.316831683168317,32.82,2026-06-01,False,9.615384615384617,3.9337474120082936,0.007678274707024533,76.8759571209801,3.716666666666665,8.428246013667426,69.70387243735763,49.430523917995444,52.73348519362187,49.37286202964653,45.93379791845778,60.755148741418765,38.05325187783761
5340,建榮,印刷電路板,78.2,3.16622691292876,224421799.1,True,8.148947652455478,80.72607260726072,25.75,2026-06-01,False,95.34883720930233,8.310249307479225,-0.032268102769441746,58.35820895522388,5.510000000000002,95.21640091116174,81.32118451025056,30.637813211845106,11.731207289293849,55.644241733181296,54.91016953114651,51.1441647597254,44.192647112482604
1608,華榮,電纜,35.5,0.56657223796035,221258722.04000002,True,0.3238341968911917,94.12541254125412,13.35,2026-06-01,False,90.9090909090909,17.355371900826448,0.1322546018172854,87.54623921085081,3.6099999999999994,91.17312072892938,91.79954441913439,87.12984054669704,78.5876993166287,48.80273660205245,79.49858832268839,34.32494279176201,53.07155460454642
4542,科嶠,電子設備,251.0,-1.1811023622047223,220207090.85,True,78.37674136886736,23.564356435643564,102.05,2026-06-01,False,41.55844155844156,-24.624624624624623,-0.04996791180278798,50.80971659919028,46.39,41.68564920273349,1.366742596810934,23.34851936218679,4.89749430523918,94.4127708095781,33.1422352553097,90.73226544622426,58.9871665893465
3596,智易,通信網路,162.5,1.5625,217622355.1,True,20.021586616297895,70.52805280528052,3.96,2026-06-01,False,78.0,-13.101604278074866,-0.3806839856961703,65.13026052104209,0.8433333333333328,79.66970387243735,8.656036446469248,0.11389521640091116,25.968109339407746,38.65450399087799,30.612449773118648,20.709382151029747,54.422789729101396
2476,鉅祥,電子零組件,119.5,0.42016806722688926,216955077.35,True,65.35348084187802,33.729372937293725,53.76,2026-06-01,False,53.333333333333336,-0.8298755186721992,0.00413647653184794,87.86764705882352,11.39,54.95444191343963,48.29157175398633,47.380410022779046,79.49886104783599,70.69555302166476,60.16416755194115,77.57437070938215,65.93402547916786
6291,沛亨,半導體,378.5,0.6648936170212671,216866582.85,True,45.28703047484054,49.96699669966997,52.99,2026-06-01,False,65.64885496183206,1.0680907877169559,-0.06300490094684098,55.74374079528719,15.920000000000002,66.97038724373576,57.51708428246014,16.856492027334852,8.200455580865604,78.22120866590649,45.553125560060565,77.11670480549199,48.6926158369083
3479,安勤,電腦及週邊,130.0,-0.7633587786259555,216783323.05,True,80.14031300593632,21.848184818481847,27.85,2026-06-01,False,20.33898305084746,-15.309446254071663,-0.06131813050533404,83.06709265175719,11.8,20.159453302961275,6.0364464692482915,17.76765375854214,69.3621867881549,71.72177879133409,37.00950382204814,54.805491990846676,59.57267140317864
4915,致伸,光電及I/O,60.1,0.5016722408026864,216440606.58,True,48.40798704803022,47.62376237623762,27.58,2026-06-01,False,54.054054054054056,-8.244274809160302,-0.055580153575901146,67.60404949381326,9.693333333333332,55.694760820045566,19.47608200455581,20.842824601366743,31.548974943052393,67.27480045610034,38.96748856502417,54.46224256292906,55.55747408036781
2915,潤泰全,百貨批發,61.6,-0.3236245954692518,213485635.375,True,42.0399352401511,52.8052805280528,12.84,2026-06-01,False,42.857142857142854,19.37984496124031,0.20372754017000175,99.67637540453075,22.96333333333333,43.45102505694761,92.8246013667426,95.10250569476082,97.03872437357631,86.65906499429875,83.01518429726522,33.86727688787185,45.383106237913296
2393,億光,光電及I/O,66.3,2.6315789473684292,212861920.965,True,36.75121424716676,57.02970297029702,10.58,2026-06-01,False,58.108108108108105,-0.8968609865470979,0.029726466201139695,89.83739837398373,4.623333333333333,59.56719817767654,48.17767653758543,59.79498861047836,82.6879271070615,52.451539338654506,60.535865954291275,30.205949656750576,56.0708496009758
3388,崇越電,電子通路,94.1,0.8574490889603492,211989494.285,True,76.41662169454938,24.785478547854787,18.97,2026-06-01,False,19.230769230769234,28.02721088435373,-0.053865461611895274,77.76859504132231,-6.023333333333337,18.678815489749432,96.9248291571754,21.981776765375855,55.23917995444191,21.094640820980615,42.78384843754465,43.30663615560641,30.07495061065559
6491,晶碩,醫療耗材,374.0,-0.3994673768308976,211126361.0,True,25.673249551166965,65.34653465346535,33.94,2026-06-01,False,37.142857142857146,11.30952380952381,0.1844822529172535,98.68073878627969,3.756666666666664,37.58542141230068,85.7630979498861,93.39407744874715,96.01366742596811,49.48688711516533,72.44863027041347,62.58581235697941,52.60545081134052
2406,國碩,光電及I/O,28.6,0.17513134851139256,210788525.72250003,True,88.17204301075269,14.257425742574256,63.0,2026-06-01,False,21.62162162162162,-14.24287856071964,-0.12019671516211107,68.42105263157896,-46.16333333333334,21.4123006833713,7.061503416856492,6.719817767653759,33.029612756264235,4.218928164196123,14.488432557668384,81.6933638443936,57.26844346679316
2305,全友,光電及I/O,26.55,-0.9328358208955279,209122410.88250002,True,0.26619343389529726,95.31353135313532,142.33,2026-06-01,False,90.54054054054053,-22.707423580786028,-0.054649587574219574,62.25087924970693,35.253333333333345,90.54669703872437,1.9362186788154898,21.298405466970387,19.58997722095672,92.24629418472064,45.12351851803752,93.93592677345538,75.53409558858024
3305,昇貿,印刷電路板,109.0,-0.45662100456621557,208862552.465,True,34.7004856988667,58.580858085808586,76.0,2026-06-01,False,88.37209302325581,-3.5398230088495577,-0.05574087804869947,65.07462686567163,6.819999999999993,88.8382687927107,34.16856492027335,20.72892938496583,25.626423690205012,60.319270239452685,45.936291405521516,86.49885583524028,66.69874584947065
2233,宇隆,汽車組件,183.5,-2.652519893899208,206889232.575,True,90.77172153264975,11.683168316831685,7.58,2026-06-01,False,13.88888888888889,-16.018306636155607,0.012665106025380794,48.099606815203146,1.96,12.756264236902052,5.466970387243736,52.277904328018224,3.3029612756264237,42.18928164196123,23.198676373950335,26.43020594965675,34.25561526873537
9958,世紀鋼,基本金屬,101.0,1.5075376884422065,206630561.3,True,1.8888289260658393,88.01980198019803,64.09,2026-06-01,False,92.6829268292683,-8.181818181818182,-0.054069593233513215,52.467532467532465,22.360000000000007,92.9384965831435,19.58997722095672,21.867881548974943,5.694760820045558,85.74686431014823,45.16759609665379,82.15102974828376,65.29857748262903
4551,智伸科,汽車組件,162.0,0.6211180124223503,204993208.15,True,40.42093901780896,53.99339933993399,30.66,2026-06-01,False,52.77777777777778,-13.829787234042554,-0.03668283943389376,57.446808510638306,5.399999999999999,54.66970387243736,7.858769931662871,28.929384965831435,10.592255125284739,54.846066134549595,31.379236005953196,58.23798627002288,53.91029383402052
3675,德微,電子零組件,269.0,-2.7124773960216952,201810829.6,True,86.29249865083648,16.303630363036305,29.99,2026-06-01,False,26.666666666666668,2.0872865275142316,-0.09577439426889331,59.77777777777777,5.486666666666665,26.42369020501139,62.64236902050114,10.136674259681094,14.350797266514807,55.30216647662486,33.771139445666655,57.66590389016019,33.94950558529631
3147,大綜,資訊服務,224.0,1.1286681715575675,201206941.9,True,61.46788990825688,37.35973597359736,334.53,2026-06-01,False,15.217391304347828,-5.485232067510549,-0.00044187272419316637,64.0,-77.82,14.236902050113894,28.473804100227788,44.533029612756266,22.89293849658314,2.394526795895097,22.506240211115237,97.94050343249427,51.64913496974088
2485,兆赫,通信網路,41.1,1.8587360594795488,200071759.14000002,True,51.48861646234676,44.884488448844884,80.93,2026-06-01,False,52.0,-1.083032490974719,0.053573930038814506,50.42944785276073,37.43000000000001,53.92938496583144,46.35535307517084,69.24829157175398,4.555808656036446,92.93044469783352,53.403856593325244,87.70022883295195,49.95751734491225
6829,千附精密,電子設備,214.0,0.23419203747072626,199087911.05,True,91.95189639222941,10.957095709570957,69.4,2026-06-01,False,19.480519480519483,8.629441624365482,0.043733141895957645,76.97841726618705,24.46666666666667,18.906605922551254,82.57403189066059,65.14806378132118,53.30296127562642,87.9133409350057,61.56900076103303,84.32494279176201,43.490119524819775
2374,佳能,消費性電子,67.1,0.2989536621823552,196550419.15000004,True,20.26251025430681,70.36303630363037,18.97,2026-06-01,False,89.47368421052632,-1.4684287812041117,0.034013189479582435,62.71028037383177,-17.47,89.749430523918,45.10250569476082,61.04783599088838,20.50113895216401,11.060433295324971,45.492268891411236,43.30663615560641,52.1136749842319
6435,大中,半導體,253.5,-1.3618677042801508,196041417.275,True,72.53103076092823,28.052805280528055,21.6,2026-06-01,False,36.6412213740458,-13.48122866894198,-0.06365936287157457,60.357142857142854,2.503333333333334,37.12984054669704,8.200455580865604,16.62870159453303,15.432801822323464,44.58380843785633,24.395121596455095,46.567505720823796,47.73242312724467
6739,竹陞科技,電子設備,978.0,0.0,195684184.45,True,13.20754716981132,77.16171617161716,101.13,2026-06-01,False,87.01298701298701,-17.81512605042017,0.003992445788239173,57.19298245614035,0.9299999999999926,87.92710706150342,4.214123006833713,47.26651480637813,10.022779043280181,38.88255416191562,37.66261561598221,90.50343249427918,71.05979889805727
1709,和益,清潔劑,30.3,-6.912442396313356,194746561.51500002,True,46.62709120345386,48.87788778877888,70.14,2026-06-01,False,40.0,11.397058823529417,0.08209047491159291,92.51908396946565,43.870000000000005,40.43280182232346,85.87699316628702,77.22095671981776,87.92710706150342,94.07069555302166,77.10571086459068,84.55377574370709,56.75917286531174
6579,研揚,電腦及週邊,150.0,-0.6622516556291425,194325899.7,True,27.361036157582298,63.597359735973605,47.1,2026-06-01,False,69.49152542372882,-18.256130790190735,-0.04086356933511994,81.74386920980926,12.86333333333333,71.98177676537586,3.758542141230068,27.676537585421414,65.83143507972665,73.4321550741163,48.53608932917406,72.99771167048054,76.76309534358825
2352,佳世達,光電及I/O,29.25,1.7391304347825987,192555331.49249998,True,96.38424177010253,5.412541254125412,-0.62,2026-06-01,False,9.45945945945946,-2.8239202657807354,-0.0702166266305424,82.62711864406779,0.7766666666666667,8.314350797266515,37.92710706150342,14.92027334851936,68.10933940774487,38.19840364880274,33.49389485276738,15.846681922196796,38.58581626642619
8383,千附,電子設備,66.2,-1.4880952380952328,189660371.14000005,True,18.031820860341778,72.40924092409242,200.07,2026-06-01,False,84.4155844155844,-24.77272727272727,-0.0559297805598943,73.23008849557522,105.24666666666666,85.6492027334852,1.1389521640091116,20.615034168564918,45.67198177676538,97.94754846066135,50.20454386069719,95.65217391304348,81.45860156482124
3577,泓格,電腦及週邊,115.0,-3.765690376569042,189479580.125,True,33.72908796546141,59.07590759075908,85.37,2026-06-01,False,59.32203389830508,-28.125,0.00887791599834643,71.42857142857143,24.516666666666673,60.36446469248291,0.5694760820045558,50.227790432801825,41.17312072892938,88.02736602052451,48.07244359134864,88.21510297482837,72.29580307855902
6202,盛群,半導體,57.3,-1.206896551724146,187189041.05749997,True,72.86245353159852,27.854785478547857,30.93,2026-06-01,False,35.87786259541985,1.9572953736654704,0.05403285939704638,77.74762550881952,16.116666666666667,36.21867881548975,62.07289293849658,69.3621867881549,55.125284738041,78.33523375142532,60.222855406321514,58.58123569794051,46.96307657824367
3014,聯陽,半導體,130.5,-0.760456273764254,182767568.15,True,42.57960064759849,52.4092409240924,-1.12,2026-06-01,False,70.22900763358778,-0.7604562737642585,-0.053049113762565075,77.44807121661721,3.4033333333333333,72.77904328018224,48.4624145785877,22.323462414578586,54.32801822323462,48.004561003420754,49.17949990000078,14.530892448512587,48.293884843335434
2855,統一證,證券,46.65,1.7448200654307522,181851610.16249996,True,44.52239611440907,50.693069306930695,199.02,2026-06-01,False,12.5,4.479283314669653,0.02202994885314677,78.93401015228426,-344.1766666666666,11.617312072892938,72.20956719817767,56.15034168564921,58.65603644646925,1.2542759407069555,39.9775066687792,95.53775743707094,48.400384689563865
2466,冠西電,光電及I/O,96.1,-2.929292929292937,180331484.38,True,21.68763878608438,69.04290429042904,53.03,2026-06-01,False,68.91891891891892,-7.596153846153851,-0.05708538926932778,78.77049180327869,55.50666666666667,71.5261958997722,21.753986332574033,20.159453302961275,58.20045558086561,96.00912200684151,53.52984262460292,77.23112128146454,71.30094660738209
5443,均豪,電子設備,104.0,-0.4784688995215336,174951133.23999998,True,78.57528332433891,23.498349834983497,-10.09,2026-06-01,False,40.25974025974026,3.482587064676617,0.055693679605682646,75.63636363636364,-0.2833333333333332,40.77448747152619,68.3371298405467,69.93166287015946,49.772209567198175,35.00570125427594,52.764238200741296,7.093821510297483,32.32584717711879
5314,世紀*,其他,23.65,9.999999999999986,173816599.3325,True,6.59090909090909,81.84818481848185,167.87,2026-06-01,False,79.16666666666666,-58.50877192982457,0.018273493104985526,16.42361111111111,13.219999999999999,80.92255125284738,0.22779043280182232,54.783599088838265,0.45558086560364464,73.88825541619156,42.055555411256535,94.96567505720824,69.02900418571437
3587,閎康,檢測驗證,243.5,-3.1809145129224614,172952527.825,True,95.57235421166307,6.534653465346535,11.01,2026-06-01,False,33.33333333333333,-4.6966731898238745,-0.03657582277857413,61.489898989899,-9.126666666666667,33.769931662870164,30.182232346241456,29.043280182232344,17.65375854214123,17.103762827822123,25.550593112261463,30.94965675057208,38.04777865233551
3704,合勤控,通信網路,42.3,1.9277108433734869,172687123.415,True,39.392020265991135,55.115511551155116,47.87,2026-06-01,False,66.0,-9.12996777658432,-0.10988968276253314,83.92857142857143,7.073333333333338,67.14123006833714,16.62870159453303,7.858769931662871,71.12756264236903,61.117445838084386,44.774742014997294,73.4553775743707,73.77386717263596
1711,永光,染料及顏料,39.35,3.689064558629762,171970048.06750003,True,99.82057416267942,1.188118811881188,15.49,2026-06-01,False,16.666666666666664,4.515272244355917,0.08038573969333579,63.467741935483865,7.6433333333333335,15.945330296127564,72.32346241457859,76.08200455580865,21.64009111617312,62.1436716077537,49.626911998088325,37.87185354691076,25.783453136158215
6155,鈞寶,電子零組件,56.7,-2.409638554216864,170756788.86,True,56.39503507825149,40.5940594059406,47.94,2026-06-01,False,64.66666666666666,-2.409638554216865,-0.03464156336166198,57.56345177664976,12.403333333333329,66.17312072892938,39.749430523917994,29.6127562642369,10.82004555808656,72.74800456100343,43.82067152723485,73.62700228832952,52.71768451285686
3617,碩天,電子零組件,254.0,-1.1673151750972721,169094728.4,True,23.295454545454543,67.26072607260726,25.6,2026-06-01,False,85.33333333333334,17.321016166281755,0.15791861459090886,97.6923076923077,9.496666666666666,86.44646924829156,91.68564920273349,89.52164009111617,95.10250569476082,66.81870011402509,85.91499287018544,51.029748283752866,60.22326850601794
2498,宏達電,消費性電子,40.0,0.37641154328731385,169002480.4575,True,50.25380710659898,46.2046204620462,-8.53,2026-06-01,False,52.63157894736842,-4.5346062052505935,-0.004913578227979753,53.691275167785236,2.8066666666666666,54.38496583143508,30.52391799544419,42.48291571753987,6.83371298405467,45.72405929304447,35.98991436430366,7.894736842105263,34.647374415537705
3236,千如,電子零組件,44.5,-4.608788853161839,165670538.1125,True,73.77358490566037,26.996699669966993,11.93,2026-06-01,False,44.0,-0.5586592178770949,-0.01701163876868758,60.95890410958904,-5.733333333333334,44.47608200455581,49.202733485193626,35.99088838268793,16.514806378132118,21.664766248574686,33.56985529982883,32.494279176201374,36.07060851842392
8422,可寧衛*,資源回收,27.1,1.4981273408239737,165129582.14749998,True,99.13653534808418,2.9042904290429044,50.34,2026-06-01,False,4.3478260869565215,3.2380952380952435,0.1391487277879851,10.840000000000002,-29.14666666666666,2.9612756264236904,67.19817767653758,87.47152619589977,0.3416856492027335,6.499429874572406,32.894419004527236,75.51487414187643,27.904914435241317
7822,倍利科,電子設備,938.0,7.200000000000006,164506486.1,True,6.0606060606060606,82.17821782178217,50.72,2026-06-01,False,93.5064935064935,8.564814814814815,0.027157817374391748,51.3972602739726,-18.78,93.62186788154897,82.34624145785877,58.31435079726651,5.466970387243736,10.376282782212087,50.02514266122601,75.74370709382151,48.121575976188865
4707,磐亞,清潔劑,32.55,3.6624203821655987,164135432.17000002,True,98.1651376146789,3.72937293729373,30.81,2026-06-01,False,20.0,1.4018691588784913,-0.01760123206208221,72.33333333333333,38.58,19.58997722095672,58.997722095671975,35.53530751708428,43.28018223234624,93.15849486887116,50.11233678698608,58.46681922196796,40.58481414489974
3515,華擎,電腦及週邊,217.0,-1.3636363636363669,163851769.825,True,29.249865083648135,62.244224422442244,47.6,2026-06-01,False,67.79661016949152,3.3333333333333335,0.05579854091495276,64.29629629629629,52.74,70.72892938496584,67.53986332574033,70.04555808656036,24.031890660592257,95.55302166476625,65.579852624525,73.22654462242562,50.111875335560846
3221,台嘉碩,電子零組件,48.15,0.6269592476489061,161905322.35500002,True,53.91459074733096,42.70627062706271,26.6,2026-06-01,False,68.66666666666667,6.64451827242525,0.023825843726455943,72.62443438914026,8.286666666666669,71.18451025056947,78.24601366742597,57.061503416856496,43.96355353075171,64.19612314709237,62.930340802539206,52.68878718535469,47.39770932481248
6903,巨漢,電子設備,311.5,-1.579778830963663,160469621.3,True,39.9624765478424,54.45544554455446,163.86,2026-06-01,False,72.72727272727273,-13.950276243093922,-0.06019515486752502,71.7741935483871,-66.15666666666667,75.22779043280183,7.6309794988610475,18.337129840546698,41.7995444191344,2.9646522234891677,29.19201928296663,94.8512585812357,76.06190348357772
5471,松翰,半導體,57.6,1.0526315789473717,159904984.375,True,66.91851052347545,32.772277227722775,47.67,2026-06-01,False,43.89312977099237,1.2302284710017624,-0.05008705621160876,85.20710059171599,14.20666666666667,44.24829157175398,58.20045558086561,23.234624145785876,73.69020501138952,75.37058152793614,54.94883156754622,73.34096109839817,58.269750525169016
6693,廣閎科,半導體,169.0,-2.8735632183908066,159674610.85,True,46.61835748792271,48.976897689768975,106.98,2026-06-01,False,64.12213740458014,-13.77551020408163,-0.07102312651731642,61.12115732368897,4.36666666666666,65.71753986332574,7.972665148063782,14.578587699316628,16.856492027334852,51.767388825541616,31.378534712716522,91.4187643020595,66.50503276116407
1210,大成,油脂飼料,52.6,-0.37878787878786735,156929743.62,True,21.640582838640043,69.10891089108911,12.17,2026-06-01,False,75.0,-7.557117750439363,-0.1090536045626741,89.45578231292518,3.286666666666667,77.33485193621867,21.867881548974943,8.086560364464694,82.11845102505694,47.5484606613455,47.39124110721215,32.951945080091534,67.63434162309805
3029,零壹,資訊服務,111.5,1.3636363636363669,151782518.38,True,71.72153264975715,29.042904290429046,13.58,2026-06-01,False,13.043478260869565,7.211538461538461,0.17320862485030003,87.45098039215686,-4.813333333333334,12.186788154897494,79.6127562642369,91.91343963553531,78.4738041002278,24.401368301026224,57.31763129118474,34.55377574370709,36.40040293364887
4772,台特化,其他化學,249.0,0.60606060606061,151699447.15,True,1.293103448275862,89.37293729372936,272.73,2026-06-01,False,100.0,2.6804123711340204,0.04049619388987064,66.22340425531915,31.383333333333354,98.91799544419135,64.69248291571755,63.89521640091116,28.473804100227788,90.99201824401368,69.3943034210123,97.1395881006865,64.95972618234703
4906,正文,通信網路,34.3,1.0309278350515205,149855283.0475,True,95.07860560492139,7.3927392739273925,-5.24,2026-06-01,False,12.0,-3.244005641748958,-0.025150328232329076,64.23220973782772,8.216666666666669,11.104783599088838,35.42141230068337,32.91571753986332,23.804100227790435,63.85404789053592,33.42001231159237,10.183066361556065,27.417634471937994
2548,華固,建設,95.7,1.9169329073482455,149245759.485,True,24.770642201834864,66.006600660066,-88.82,2026-06-01,False,67.24137931034483,-3.9156626506024015,-0.33862464536221804,72.5,-12615.72,70.15945330296127,33.029612756264235,0.3416856492027335,43.735763097949885,0.11402508551881414,29.476107978379382,0.34324942791762014,45.30221326814113
1708,東鹼,其他化學,50.8,2.008032128514059,143454961.08249998,True,34.7550432276657,58.415841584158414,3.25,2026-06-01,False,50.0,-5.751391465677183,-0.013543924653265212,82.33387358184764,-17.959999999999997,51.5375854214123,27.44874715261959,37.357630979498865,67.65375854214123,10.718358038768528,38.9432160268881,20.022883295194507,52.94137002653211
1514,亞力,電機製品,101.0,1.5075376884422065,142858395.85,True,63.35671883432272,35.18151815181518,39.69,2026-06-01,False,45.45454545454545,-6.481481481481481,-0.017520077323950688,67.55852842809364,23.363333333333333,46.4123006833713,24.829157175398635,35.64920273348519,31.207289293849662,87.115165336374,45.042623044495755,67.3913043478261,55.04543428741211
1609,大亞,電纜,36.9,0.27173913043478937,141644780.73250002,True,36.427415002698325,57.35973597359736,22.67,2026-06-01,False,36.36363636363637,-2.3809523809523774,0.02354542864763037,78.01268498942918,2.3766666666666687,36.78815489749431,39.97722095671982,56.71981776765376,55.694760820045566,43.899657924743444,46.61592247333138,48.05491990846682,50.14015366732171
6432,今展科,電子零組件,66.5,-1.7725258493353047,141234086.50499997,True,69.4009713977334,31.02310231023102,18.87,2026-06-01,False,48.0,-8.14917127071824,-0.015834944308962092,76.52474108170311,1.2633333333333319,49.430523917995444,19.81776765375854,36.90205011389522,52.0501138952164,39.56670467502851,39.553432051178824,43.02059496567506,56.17086628128209
2727,王品,餐飲飯店,237.0,1.2820512820512775,141004860.125,True,2.5529265255292652,86.86468646864687,16.59,2026-06-01,False,72.0,6.756756756756757,0.29944087772170147,95.18072289156626,1.6766666666666676,74.43052391799544,78.70159453302962,99.20273348519362,91.91343963553531,41.04903078677309,77.05946447170541,40.274599542334094,56.979242140708806
4739,康普,其他化學,83.3,0.0,138967671.04500002,True,2.0172910662824206,87.85478547854785,113.79,2026-06-01,False,93.75,-1.6528925619834778,-0.01647932429194536,64.07692307692308,-3.203333333333333,93.73576309794989,43.62186788154897,36.332574031890665,23.234624145785876,28.506271379703534,45.08622010737579,91.87643020594966,66.30623739203412
5469,瀚宇博,印刷電路板,71.6,-0.8310249307479367,138455938.97,True,88.39719373988127,14.125412541254127,15.36,2026-06-01,False,37.2093023255814,0.0,-0.030926631066498206,64.2152466367713,7.023333333333333,37.699316628701595,51.993166287015946,30.979498861047837,23.690205011389523,61.00342075256556,41.073121508144084,37.4141876430206,36.70263574902394
1736,喬山,家電製品,130.5,1.1627906976744207,135772658.0,True,0.40462427745664736,93.06930693069307,14.49,2026-06-01,False,83.33333333333334,-0.7604562737642585,0.10206015086214543,71.31147540983606,6.9799999999999995,84.90888382687926,48.4624145785877,82.00455580865604,40.66059225512528,60.77537058152793,63.36236341015524,36.2700228832952,53.344271096678014
2329,華泰,半導體,42.75,0.11709601873535203,134617710.12999997,True,46.76304211187932,48.71287128712871,3.62,2026-06-01,False,63.358778625954194,-9.23566878980892,-0.028745775579203242,61.158798283261795,-0.4233333333333329,64.57858769931663,16.287015945330296,31.890660592255127,16.970387243735765,34.77765108323831,32.900860512775225,20.48054919908467,46.43562704920169
6215,和椿,電子設備,99.2,-0.10070493454178431,131757091.05999999,True,60.712358337830544,37.557755775577554,30.49,2026-06-01,False,63.63636363636363,1.0183299389002036,-0.0016213285342686328,66.13333333333333,-21.26,65.20501138952164,57.28929384965832,43.96355353075171,28.246013667425967,9.007981755986318,40.74237083866879,58.0091533180778,48.54272113134177
7792,安葆,電機製品,297.5,3.119584055459268,131431874.025,True,12.686567164179104,77.68976897689768,28.27,2026-06-01,False,81.81818181818183,37.73148148148148,-0.006313353358190804,73.27586206896551,16.66,83.42824601366743,98.51936218678816,41.91343963553531,45.78587699316628,79.24743443557583,69.77887185294661,55.034324942791756,46.43227144070933
2061,風青,電纜,49.75,1.84237461617196,130902338.6425,True,56.49819494584838,40.52805280528053,31.46,2026-06-01,False,18.181818181818183,-5.597722960151808,-0.035428040218596565,59.93975903614458,13.573333333333334,17.65375854214123,28.018223234624145,29.271070615034166,14.69248291571754,74.34435575826683,32.79597821315678,59.03890160183066,40.84172995626632
6613,朋億*,電子設備,253.0,0.7968127490039834,129726977.75,True,93.73988127361037,8.844884488448844,120.45,2026-06-01,False,15.584415584415584,-20.440251572327046,-0.19927878118588302,64.87179487179488,42.78666666666666,15.034168564920272,2.5056947608200453,2.277904328018223,25.05694760820046,93.84264538198404,27.743472128788607,92.44851258581235,57.50848349952825
2355,敬鵬,印刷電路板,41.9,0.47961630695443347,127719693.6375,True,37.73057574063723,56.303630363036305,4.44,2026-06-01,False,86.04651162790698,-2.331002331002331,0.020826797554435946,62.537313432835816,0.04999999999999982,87.12984054669704,40.20501138952164,55.80865603644647,20.045558086560362,36.14595210946408,47.86700363373792,21.16704805491991,47.03435882466392
2328,廣宇,電子零組件,45.6,-0.8695652173912993,127614947.47999999,True,99.83810037776578,1.089108910891089,-0.74,2026-06-01,False,1.3333333333333335,-1.9354838709677389,0.006333161337013341,73.54838709677419,4.680000000000001,0.3416856492027335,41.91343963553531,48.405466970387245,45.899772209567196,52.56556442417332,37.825185777773164,15.446224256292906,29.94356061988188
2633,台灣高鐵,陸運,26.0,0.38610038610038533,127240124.3075,True,13.113869400971398,77.26072607260726,2.77,2026-06-01,False,77.07496653279786,0.19267822736031104,-0.0573407683010277,90.59233449477352,-1.4033333333333329,79.04328018223235,53.075170842824605,19.931662870159453,84.39635535307517,31.812998859749147,53.651893621608146,18.87871853546911,57.310795806988004
6937,天虹,電子設備,267.0,0.7547169811320753,125676014.35,True,72.35023041474655,28.250825082508253,64.17,2026-06-01,False,50.649350649350644,-8.24742268041237,0.04467731123673618,75.96017069701281,28.663333333333334,52.50569476082004,19.362186788154897,65.48974943052391,50.68337129840547,90.07981755986317,55.6241639675535,82.2654462242563,66.52308137383173
2439,美律,消費性電子,82.0,3.6662452591656125,124957886.01000002,True,48.40798704803022,47.62376237623762,0.15,2026-06-01,False,63.1578947368421,-1.9138755980861177,-0.19773387349183288,68.6192468619247,-1.3266666666666667,64.29384965831434,42.027334851936224,2.3917995444191344,33.37129840546697,32.155074116305585,34.847871315288444,16.418764302059497,43.014144378476146
2845,遠東銀,本國銀行,13.6,0.7407407407407307,124920682.8425,True,90.5558553696708,11.815181518151816,20.15,2026-06-01,False,11.11111111111111,3.030303030303033,0.2582064073248981,98.19494584837545,-4.456666666666667,10.022779043280181,66.17312072892938,98.0637813211845,95.44419134396355,25.085518814139114,58.957878250299345,44.73684210526316,46.00767294089438
3594,磐儀,電腦及週邊,51.4,1.1811023622047223,124427885.255,True,42.17443249701314,52.67326732673268,43.85,2026-06-01,False,50.847457627118644,-9.507042253521124,0.028896825018506943,85.66666666666667,-5.313333333333333,52.73348519362187,15.261958997722095,58.997722095671975,74.60136674259681,22.91904218928164,44.90271504377888,70.25171624713958,70.58115229640904
3592,瑞鼎,半導體,223.5,-0.666666666666671,123535788.725,True,52.23613595706619,44.09240924092409,18.59,2026-06-01,False,56.48854961832062,-5.296610169491525,-0.06782516408898415,74.00662251655629,1.913333333333334,58.31435079726651,28.815489749430522,15.375854214123008,47.03872437357631,41.73318129988598,38.255520086856464,42.67734553775744,54.80373273979244
2362,藍天,電腦及週邊,47.35,0.42417815482502785,122410865.48999998,True,0.21586616297895306,95.90759075907592,30.25,2026-06-01,False,98.30508474576271,7.98175598631699,0.1143062900816861,91.23314065510598,13.166666666666668,97.38041002277905,80.86560364464692,84.62414578587699,85.99088838268793,73.54618015963513,84.48144559912521,57.89473684210527,65.10010790073133
4760,勤凱,電子零組件,254.5,1.8000000000000016,121742446.1,True,56.53377630121816,40.462046204620464,64.8,2026-06-01,False,64.0,2.208835341365462,-0.028387542514588335,54.380341880341874,0.5633333333333326,65.60364464692483,62.87015945330297,32.004555808656036,7.289293849658314,37.74230330672748,41.10199141305392,82.49427917620137,48.129264554870396
3689,湧德,電子零組件,106.5,0.0,120645639.835,True,30.652995143011335,61.51815181518152,72.66,2026-06-01,False,82.66666666666667,-3.1818181818181817,-0.044574844031031374,75.0,26.946666666666665,84.16856492027335,35.64920273348519,26.08200455580866,48.405466970387245,89.16761687571265,56.694571211133415,85.35469107551488,70.56988005817257
5392,能率,電子零組件,45.1,-0.44150110375275053,120477285.23999998,True,54.335894621295274,42.37623762376238,9.16,2026-06-01,False,68.0,8.54392298435621,0.05818656878004622,77.22602739726028,4.1433333333333335,70.84282460136674,82.11845102505694,70.95671981776765,53.64464692482915,50.7411630558723,65.66076108497855,28.604118993135014,42.74328487356849
4583,台灣精銳,機械,488.0,1.455301455301461,118205985.525,True,54.554170661553215,42.11221122112212,29.98,2026-06-01,False,54.285714285714285,-17.28813559322034,0.24133811400537217,60.02460024600246,6.006666666666668,56.03644646924829,4.669703872437358,97.38041002277905,14.80637813211845,57.35461801596351,46.04951130250934,57.49427917620137,55.91684997628269
3416,融程電,電腦及週邊,178.0,0.8498583569405138,117621396.0,True,62.92498650836481,35.90759075907591,24.3,2026-06-01,False,33.89830508474576,-0.2801120448179272,0.11201079674080701,87.68472906403942,-20.05,34.62414578587699,50.79726651480638,84.05466970387245,79.15717539863326,9.578107183580387,51.6422729173539,49.4279176201373,53.10299307246029
3010,華立,電子通路,127.0,-2.3076923076923106,116855595.425,True,69.56287101996762,30.75907590759076,13.92,2026-06-01,False,28.846153846153843,5.833333333333333,0.0580598723308273,89.43661971830986,-4.3100000000000005,29.271070615034166,75.85421412300684,70.84282460136674,81.83371298405467,25.313568985176737,56.623078261727834,34.89702517162471,42.53689866192668
6175,立敦,電子零組件,74.7,-1.3210039630118908,116420103.08000001,True,93.03831624392876,9.603960396039604,43.96,2026-06-01,False,16.0,-14.3348623853211,0.050546871665719556,64.12017167381975,15.67666666666667,15.205011389521639,6.947608200455581,67.88154897494306,23.462414578587698,77.76510832383124,38.252338293467844,70.4233409610984,50.53578968218804
6477,安集,光電及I/O,38.15,1.73333333333332,116153785.30500002,True,96.88346883468834,4.62046204620462,-10.45,2026-06-01,False,8.108108108108109,-0.9090909090909128,-0.04574407344980419,83.47921225382932,-14.206666666666667,6.492027334851937,48.063781321184514,25.854214123006834,70.3872437357631,13.340935005701255,32.82764030410153,6.636155606407322,33.86291133895946
1722,台肥,藥,46.25,1.0928961748633892,115024571.69500001,True,99.94603345925526,0.19801980198019803,-10.47,2026-06-01,False,3.3333333333333335,0.2166847237269803,0.022928266777515405,85.4898336414048,-9.423333333333334,2.164009111617312,53.18906605922551,56.49202733485193,74.37357630979498,16.875712656784494,40.618878294454845,6.407322654462242,32.43896050416225
8091,翔名,電子設備,219.0,-0.6802721088435382,114305216.525,True,88.93685914732865,13.366336633663368,71.7,2026-06-01,False,24.675324675324674,-11.515151515151516,0.015518203270298306,74.23728813559322,8.63666666666667,24.4874715261959,11.047835990888382,54.21412300683372,47.60820045558087,64.99429874572405,40.47038594504458,85.1258581235698,61.54342352861455
5864,致和證,證券,34.0,3.9755351681957096,113884390.91000001,True,0.5390835579514826,92.4092409240924,107.08,2026-06-01,False,87.5,1.1904761904761862,-0.048246632197877976,63.43283582089552,-724.4033333333332,88.26879271070615,57.85876993166287,24.4874715261959,21.4123006833713,0.9122006841505131,38.58790710721734,91.53318077803205,60.838876060111666
3289,宜特,檢測驗證,137.5,1.85185185185186,113761892.775,True,89.13043478260869,13.267326732673268,-1.56,2026-06-01,False,66.66666666666666,-6.779661016949152,0.04974483357680896,65.32066508313538,0.14666666666666628,68.90660592255125,24.373576309794988,67.53986332574033,26.42369020501139,36.37400228050171,44.72354760871993,13.844393592677346,46.20027835261125
5284,jpp-KY,電子零組件,318.0,3.4146341463414664,113758566.25,True,72.34762979683973,28.316831683168314,32.06,2026-06-01,False,44.666666666666664,8.532423208191126,0.020236500855810673,69.1304347826087,-11.283333333333331,45.78587699316628,81.89066059225513,55.58086560364465,35.079726651480634,14.937286202964653,46.654883208702266,59.78260869565217,39.68938793701099
6279,胡連,汽車組件,127.5,-0.390625,110393957.725,True,5.5585536967080404,82.9042904290429,41.2,2026-06-01,False,91.66666666666666,10.869565217391305,0.26612806298834046,84.71760797342192,13.993333333333336,92.14123006833714,84.85193621867882,98.40546697038725,72.77904328018224,74.57240592930444,84.55001649337798,68.53546910755148,62.15095155934801
6788,華景電,電子設備,348.5,-0.4285714285714337,110372499.85,True,56.22895622895623,40.66006600660066,6.32,2026-06-01,False,66.23376623376623,-0.14326647564469913,0.08976134771227248,66.63479923518165,-4.546666666666667,67.65375854214123,51.252847380410024,79.15717539863326,29.38496583143508,24.857468643101484,50.46124315914422,23.91304347826087,42.42473011785679
3526,凡甲,電子零組件,282.5,-0.3527336860670194,109748535.725,True,59.30922827846735,38.613861386138616,29.72,2026-06-01,False,62.0,-8.723747980613894,-0.28140273557698603,71.51898734177216,-0.9833333333333343,63.21184510250569,17.539863325740317,0.5694760820045558,41.34396355353075,33.52337514253136,31.237704641262535,56.693363844393595,60.927327293672434
3028,增你強,電子通路,65.9,0.45731707317075987,109741819.55999999,True,18.132757690232058,72.27722772277228,65.62,2026-06-01,False,75.0,-3.5139092240117007,-0.09425807534097932,78.08056872037915,-25.85666666666667,77.33485193621867,34.39635535307517,10.592255125284739,55.922551252847384,7.411630558722919,37.13152884522978,82.72311212814645,70.39603999103434
3209,全科,電子通路,51.1,0.5905511811023612,108343122.91,True,15.110631408526714,74.91749174917491,170.41,2026-06-01,False,80.76923076923077,-11.896551724137929,-0.10236792041223391,62.77641277641277,74.96,82.57403189066059,10.364464692482915,9.453302961275627,20.615034168564918,96.57924743443557,43.91721622948393,95.08009153318078,71.97617322498085
6664,群翊,電子設備,331.5,-0.5997001499250421,107397457.575,True,91.47328656233135,11.221122112211221,19.32,2026-06-01,False,22.07792207792208,-8.425414364640885,0.029341830738397925,69.0625,7.020000000000001,21.981776765375855,18.79271070615034,59.33940774487472,34.851936218678816,60.889395667046756,39.1710454204253,43.7070938215103,45.437024024853656
4766,南寶,樹脂,347.5,4.668674698795172,104353734.375,True,44.792228818132756,50.46204620462046,12.82,2026-06-01,False,42.857142857142854,5.78386605783866,0.04424480251284187,79.24743443557583,-0.5566666666666666,43.45102505694761,75.74031890660592,65.26195899772209,59.111617312072894,34.20752565564425,55.554489185798545,33.75286041189931,40.14379596857847
5309,系統電,汽車組件,52.5,-0.379506641366234,103541420.8275,True,88.01724137931033,14.719471947194721,4.19,2026-06-01,False,16.666666666666664,-3.1365313653136586,0.0013098181619854838,64.18092909535453,-4.853333333333333,15.945330296127564,35.7630979498861,46.01366742596811,23.57630979498861,24.173318129988598,29.094344719391795,20.938215102974826,31.174189311051222
6933,AMAX-KY,電腦及週邊,193.0,1.3123359580052396,103516193.725,True,26.074074074074073,65.01650165016501,26.6,2026-06-01,False,74.57627118644068,15.223880597014924,0.04133630271412919,84.27947598253274,-23.383333333333326,76.87927107061503,89.749430523918,64.46469248291572,72.20956719817767,7.98175598631699,62.25694345238869,52.68878718535469,53.00704873255735
2889,國票金,金融控股,15.65,0.6430868167202508,103025014.6625,True,58.71559633027523,39.00990099009901,100.04,2026-06-01,False,84.61538461538461,0.0,0.025155310920402966,88.92045454545455,-1196.24,85.93394077448747,51.993166287015946,57.40318906605923,81.09339407744875,0.6841505131128849,55.42156814362486,90.2745995423341,76.3271920268136
3217,優群,電子零組件,137.0,0.7352941176470562,102384694.65,True,8.094981111710739,80.85808580858085,2.42,2026-06-01,False,94.66666666666667,-9.868421052631579,-0.24077276998702365,66.18357487922705,11.92,94.53302961275627,14.578587699316628,0.9111617312072893,28.35990888382688,71.8358038768529,42.04369836079199,18.306636155606405,56.655246738218224
3013,晟銘電,電子零組件,82.2,-1.3205282112845107,102336761.26999998,True,20.58252427184466,70.0990099009901,26.51,2026-06-01,False,86.66666666666667,-7.328072153325817,0.06472265998735953,58.71428571428572,3.5500000000000043,87.52847380410023,22.66514806378132,71.86788154897495,12.414578587699317,48.46066134549601,48.587348670010364,52.288329519450805,57.391558461867255
4123,晟德,藥,32.4,0.0,100377120.81499998,True,82.8996282527881,19.00990099009901,2.93,2026-06-01,False,15.555555555555555,-15.40469973890339,-0.023540500152544358,65.65349544072949,-10.186666666666667,14.92027334851936,5.922551252847381,33.59908883826879,27.10706150341686,16.305587229190422,19.570912434448566,19.221967963386728,38.831687890618895
4961,天鈺,半導體,164.5,-1.2012012012011963,100005391.625,True,72.09929843497032,28.67986798679868,24.76,2026-06-01,False,38.16793893129771,1.8575851393188854,0.22871205269671827,91.13573407202216,17.59,39.066059225512525,61.38952164009112,96.58314350797266,85.87699316628702,80.27366020524515,72.6378755490217,50.0,53.388382687927106
5498,凱崴,印刷電路板,50.7,3.0487804878048808,99082315.8925,True,84.40065681444992,17.82178217821782,80.28,2026-06-01,False,51.162790697674424,4.1067761806981515,0.06869775082708574,61.01083032490976,6.533333333333346,53.075170842824605,70.84282460136674,73.23462414578587,16.62870159453303,59.74914481185861,54.70609319927378,87.29977116704805,46.540204750759735
8436,大江,藥,125.0,0.8064516129032251,98919222.9,True,25.580140313005938,65.41254125412541,-14.6,2026-06-01,False,46.666666666666664,7.758620689655173,-0.1364512714669627,78.61635220125787,-11.153333333333332,48.12072892938497,80.5239179954442,5.0113895216400905,57.630979498861045,15.16533637400228,41.29047046386652,4.805491990846682,32.508320605912125
8103,瀚荃,電子零組件,91.9,9.928229665071786,98870203.66,True,76.63248785752833,24.554455445544555,45.04,2026-06-01,False,38.666666666666664,15.889029003783115,-0.04159707749653894,71.796875,15.376666666666662,39.29384965831435,90.31890660592255,27.220956719817767,42.027334851936224,77.4230330672748,55.25681618065314,71.51029748283753,40.62814384679139
3645,達邁,印刷電路板,65.8,-0.15174506828529166,98743757.905,True,47.351421188630496,48.382838283828384,2.7,2026-06-01,False,81.3953488372093,-6.267806267806275,0.08621256287586525,55.99999999999999,-3.5566666666666666,83.14350797266515,25.512528473804103,78.35990888382688,8.769931662870158,27.25199543899658,44.60757448643257,18.64988558352403,46.26269918631381
4585,達明,機器人,300.5,0.8389261744966348,98073497.0,True,0.9259259259259258,90.6930693069307,41.88,2026-06-01,False,90.62918340026773,-0.9884678747940692,0.00961967322101258,37.5625,13.466666666666665,90.66059225512528,47.380410022779046,50.79726651480638,0.683371298405467,74.230330672748,52.750394152772834,68.99313501144165,53.23917213554834
5243,乙盛-KY,電子零組件,88.3,0.11337868480725266,97974204.095,True,54.776038855909334,41.914191419141915,38.27,2026-06-01,False,67.33333333333333,-1.450892857142854,0.03206986229955832,65.4074074074074,29.560000000000002,70.3872437357631,45.44419134396355,60.250569476082006,26.537585421412302,90.42189281641961,58.608296558728114,66.70480549199085,54.54636082630067
6177,達麗,建設,47.05,-2.789256198347112,97946804.8125,True,6.931246506428172,81.45214521452145,1322.16,2026-06-01,False,84.48275862068965,-2.989690721649491,-0.05548513741831723,84.62230215827337,743.4366666666667,85.7630979498861,36.56036446469248,20.956719817767656,72.66514806378133,99.65792474344356,63.120651007914226,99.54233409610984,80.35255391127119
2031,新光鋼,基本金屬,46.05,0.6557377049180246,96148633.7975,True,11.029859841560025,78.94389438943894,7.82,2026-06-01,False,82.92682926829268,13.985148514851481,0.1250147999599658,99.03225806451613,0.5166666666666684,84.51025056947609,88.8382687927107,86.33257403189066,96.35535307517085,37.40022805017104,78.68733490388387,26.887871853546912,54.72880167637078
6761,穩得,檢測驗證,184.5,1.3736263736263687,95423626.025,True,89.57795004306632,13.003300330033005,0.86,2026-06-01,False,50.0,17.142857142857142,-0.012320983576357209,80.21739130434783,2.2399999999999998,51.5375854214123,91.57175398633257,38.15489749430524,61.617312072892936,43.443557582668184,57.26502131152224,17.162471395881006,34.686403725963416
1215,卜蜂,油脂飼料,110.5,1.3761467889908285,93188161.025,True,22.611980572045333,67.98679867986799,8.69,2026-06-01,False,62.5,0.91324200913242,-0.033671911496537824,67.58409785932722,6.216666666666667,63.61047835990888,56.49202733485193,29.84054669703872,31.435079726651484,58.15279361459521,47.906185146609246,28.03203661327231,41.64639184124518
6190,萬泰科,電子零組件,65.2,0.3076923076923199,91946587.14000002,True,89.31462493254182,13.06930693069307,28.78,2026-06-01,False,21.333333333333336,-9.944751381215474,0.04674172801060777,70.86956521739131,-4.079999999999998,21.070615034168565,14.236902050113894,66.05922551252847,39.521640091116176,25.997719498289623,33.377220437243345,55.60640732265446,50.49044009945632
2401,凌陽,半導體,25.75,0.1945525291828787,91858826.3125,True,92.49394673123487,10.42904290429043,35.25,2026-06-01,False,18.3206106870229,-8.687943262411345,-0.09254222157508855,73.78223495702007,9.239999999999998,17.88154897494305,17.65375854214123,10.933940774487471,46.583143507972665,66.1345496009122,31.837388280091318,63.7299771167048,52.635227764369816
1229,聯華,油脂飼料,42.05,1.4475271411338753,91489711.6675,True,32.8656233135456,59.8019801980198,-52.01,2026-06-01,False,50.0,-1.0588235294117714,0.11124753053410853,83.43253968253967,-16.593333333333334,51.5375854214123,46.69703872437358,83.5990888382688,70.27334851936219,11.402508551881414,52.70191401105965,1.1441647597254003,44.064514994031576
1773,勝一,其他化學,156.0,1.6286644951140072,90695716.3,True,55.90933621154884,40.99009900990099,20.49,2026-06-01,False,37.5,-6.865671641791045,-0.23624349384006302,80.0,-6.406666666666666,38.325740318906604,23.917995444191344,1.0250569476082005,60.933940774487475,20.296465222348917,28.899839741508508,45.30892448512586,55.16265253358215
5608,四維航,海運,17.05,-2.571428571428569,90416951.59750001,True,99.67532467532467,1.7161716171617163,21.83,2026-06-01,False,9.090909090909092,24.908424908424912,0.036244509872982,82.16867469879519,10.283333333333331,7.744874715261959,96.01366742596811,62.07289293849658,67.08428246013668,68.5290763968073,60.288958787334124,47.025171624713956,31.460165343536122
2211,長榮鋼,基本金屬,83.5,1.5815085158150888,90354376.66999999,True,27.335375191424195,63.6963696369637,47.25,2026-06-01,False,73.17073170731707,-4.680365296803647,0.052414596336972305,69.00826446280992,25.536666666666665,75.5125284738041,30.410022779043278,68.90660592255125,34.62414578587699,88.25541619156215,59.54174383056754,73.11212814645309,63.209694906772725
2009,第一銅,基本金屬,39.2,0.7712082262210984,90061966.22999999,True,17.51824817518248,72.83828382838284,15.46,2026-06-01,False,80.48780487804879,2.349869451697143,0.1319572551615038,71.40255009107469,1.8866666666666685,82.34624145785877,63.32574031890661,87.01594533029613,41.00227790432802,41.61915621436716,63.061872245151335,37.75743707093822,49.4450540285546
6284,佳邦,電子零組件,77.0,-2.654867256637161,89978866.22999999,True,77.65785213167837,24.026402640264028,6.58,2026-06-01,False,38.0,-5.289052890528902,0.06530283492141711,62.096774193548384,12.003333333333334,38.89521640091117,28.929384965831435,72.32346241457859,19.134396355353076,72.06385404789054,46.269262836912965,24.82837528604119,38.482150769118505
6530,創威,通信網路,82.6,3.379224030037542,89829755.84,True,76.90232056125203,24.422442244224424,8.41,2026-06-01,False,42.0,13.774104683195592,-0.03066767103522182,61.872659176029956,-8.876666666666665,42.53986332574032,88.38268792710706,31.207289293849662,18.56492027334852,17.33181299885975,39.60531476378107,27.68878718535469,25.10272071433412
2204,中華,汽車製造,55.0,3.7735849056603765,89737002.05999999,True,24.597701149425287,66.20462046204621,6.71,2026-06-01,False,66.06425702811245,5.769230769230769,0.17188620243822855,85.9375,4.243333333333334,67.3120728929385,75.62642369020502,91.45785876993166,75.17084282460137,51.197263397947545,72.15289231512483,25.057208237986274,47.97842506633029
2323,中環,光電及I/O,10.75,-0.9216589861751112,88095229.776,True,0.0,99.3069306930693,38.84,2026-06-01,False,97.97297297297297,1.4150943396226447,0.01487803813804083,82.06106870229007,20.763333333333335,97.09567198177676,59.2255125284738,53.53075170842825,66.85649202733485,84.37856328392246,72.21739830598723,66.81922196796339,67.8864683621503
5234,達興材料,光電及I/O,299.0,1.5280135823429575,87864323.7,True,76.3086886130599,24.884488448844884,21.77,2026-06-01,False,33.78378378378378,-12.187958883994126,-0.12639293471614205,64.71861471861472,10.176666666666666,34.51025056947608,9.79498861047836,6.264236902050115,24.715261958997722,68.07297605473204,28.67154281914686,46.910755148741416,49.085319766684215
6757,台灣虎航,空運,56.3,-1.2280701754386003,87420098.43,True,23.994038748137108,66.73267326732673,27.12,2026-06-01,False,66.53279785809906,1.4414414414414363,0.06562069708719617,64.05005688282138,2.0166666666666657,67.88154897494306,59.453302961275625,72.4373576309795,23.120728929384963,42.53135689851767,53.08485907902017,54.23340961098398,46.445596138509096
8227,巨有科技,半導體,147.0,-0.6756756756756799,87290530.625,True,1.2429378531073447,89.50495049504951,88.44,2026-06-01,False,94.65648854961832,-2.0,-0.06579978085500762,59.036144578313255,-35.25,94.41913439635535,41.62870159453303,16.059225512528474,12.64236902050114,5.131128848346636,33.976111874452926,88.78718535469108,63.55499679425363
1809,中釉,玻璃陶瓷,37.95,0.9308510638297962,87241937.3725,True,64.95031616982837,33.92739273927393,4.54,2026-06-01,False,33.33333333333333,-2.064516129032251,-0.016114391323811678,63.67449664429531,6.256666666666667,33.769931662870164,41.230068337129836,36.56036446469248,21.981776765375855,58.38084378563284,38.384597003140236,21.62471395881007,34.036588512481565
2402,毅嘉,印刷電路板,53.1,1.724137931034475,86768223.05999999,True,79.24324324324324,22.904290429042902,21.7,2026-06-01,False,62.7906976744186,-10.7563025210084,0.007803080489025601,68.33976833976834,4.876666666666665,64.00911161731207,12.756264236902052,49.54441913439636,32.91571753986332,53.36374002280502,42.51785051025577,46.681922196796336,57.71262177926742
4743,合一,藥,48.3,2.006335797254488,85337513.525,True,48.167539267015705,47.85478547854785,26.46,2026-06-01,False,35.55555555555556,0.8350730688935253,-0.0098738569784776,61.52866242038216,-16.923333333333332,35.876993166287015,56.15034168564921,39.863325740318906,17.88154897494305,11.2884834663626,32.21213860671216,52.17391304347826,37.44552837476478
9941,裕融,租賃,85.4,0.23474178403755097,85301970.935,True,11.81867242309768,78.21782178217822,-4.0,2026-06-01,False,78.045515394913,4.2735042735042725,0.19291437867304767,78.70967741935485,-1.3000000000000003,79.84054669703873,71.5261958997722,94.41913439635535,58.08656036446469,32.2690992018244,67.22830731189107,10.983981693363845,44.34622321377376
2851,中再保,產險,44.2,9.950248756218905,82935244.295,True,0.0,99.3069306930693,1113.15,2026-05-01,False,100.0,24.507042253521135,0.14701335390195283,100.0,553.9733333333334,98.91799544419135,95.78587699316628,88.38268792710706,98.63325740318906,99.42987457240594,96.22993846801194,99.31350114416476,75.26971924959471
6416,瑞祺電通,電腦及週邊,102.5,5.779153766769851,81547724.38,True,29.303831624392878,62.07920792079208,58.62,2026-06-01,False,66.10169491525424,-3.755868544600939,0.08091532771939633,96.24413145539906,36.00666666666666,67.42596810933941,33.48519362186788,76.30979498861048,93.3371298405467,92.58836944127708,72.62929120032831,79.63386727688787,76.72794290122653
1563,巧新,汽車組件,63.5,4.098360655737698,80697370.33500001,True,87.72563176895306,14.785478547854785,21.46,2026-06-01,False,19.444444444444446,4.098360655737705,0.09088415881581911,89.43661971830986,6.146666666666668,18.79271070615034,70.61503416856492,79.72665148063781,81.83371298405467,57.92474344355758,61.77857055659307,46.453089244851256,44.11611969162284
4903,聯光通,通信網路,34.7,0.4341534008683201,80135125.93,True,13.382899628252787,76.76567656765677,4.66,2026-06-01,False,82.0,-7.712765957446805,-0.0013552041996377324,65.22556390977444,-20.279999999999998,83.7129840546697,21.298405466970387,44.07744874715262,26.195899772209568,9.464082098061574,36.949764027812776,21.85354691075515,52.616006317666006
6174,安碁,電子零組件,44.2,-1.229050279329602,80061532.0425,True,48.731786292498654,47.194719471947195,26.9,2026-06-01,False,72.66666666666667,0.22675736961451567,-0.006019382454560213,70.15873015873017,-2.0500000000000007,75.05694760820046,53.30296127562642,42.027334851936224,37.47152619589977,30.90079817559863,47.751913621452296,53.661327231121284,53.22170993989877
7805,威聯通,電腦及週邊,690.0,-0.43290043290042934,79677594.65,True,22.0125786163522,68.77887788778878,28.11,2026-06-01,False,77.96610169491525,11.831442463533225,0.5653576244691486,84.14634146341463,13.176666666666668,79.49886104783599,86.33257403189066,100.0,71.75398633257403,73.77423033067275,82.27193034859468,54.91990846681922,54.96004545383464
2101,南港,輪胎,32.85,1.702786377708998,79571081.31750001,True,0.3115264797507788,94.52145214521452,328.25,2026-06-01,False,100.0,-1.7937219730941745,0.003430100925617782,73.98648648648648,115.70000000000002,98.91799544419135,42.710706150341686,46.69703872437358,46.924829157175395,98.17559863169897,66.6852336215562,97.48283752860412,75.15373899490729
3312,弘憶股,電子通路,51.4,0.19493177387914784,79195656.8025,True,62.70270270270271,36.17161716171617,41.82,2026-06-01,False,34.61538461538461,6.3081695966907905,-0.04768965237710542,70.21857923497268,14.84333333333333,35.30751708428246,77.22095671981776,24.829157175398635,37.81321184510251,76.73888255416192,50.38194507575266,68.8787185354691,41.19462268625907
5009,榮剛,基本金屬,34.25,3.1626506024096335,78968828.53999999,True,52.07771181867243,44.38943894389439,12.93,2026-06-01,False,26.82926829268293,0.43988269794720986,-0.02507046888406769,85.30510585305106,7.766666666666667,26.765375854214124,54.66970387243736,33.029612756264235,73.91799544419135,62.485746864310144,50.17368695828344,33.98169336384439,44.99884019745312
3551,世禾,電子設備,176.0,1.4409221902017322,78810194.55,True,74.25796006475986,26.36963696369637,26.06,2026-06-01,False,45.45454545454545,-5.88235294117647,-0.0319794644394224,78.22222222222223,6.196666666666665,46.4123006833713,26.879271070615037,30.751708428246015,56.37813211845103,58.0387685290764,43.69203616595196,51.830663615560645,56.935456336691985
6412,群電,電子零組件,78.4,1.81818181818183,78733635.13,True,32.81165677280086,59.86798679867987,-0.77,2026-06-01,False,79.33333333333333,-4.854368932038835,-0.060695355162495426,73.61502347417841,6.843333333333334,81.43507972665148,29.84054669703872,18.223234624145785,46.12756264236902,60.547320410490315,47.23474882013907,15.274599542334096,53.24917380357897
2072,世紀風電,基本金屬,151.0,1.0033444816053505,78093861.95,True,0.9900990099009901,90.42904290429043,101.11,2026-06-01,False,97.5609756097561,6.338028169014084,-0.0663516009840139,48.089171974522294,14.266666666666652,96.35535307517085,77.44874715261959,15.945330296127564,3.189066059225513,75.48460661345496,53.684620639319704,90.38901601830663,53.12117200002085
3059,華晶科,消費性電子,39.4,0.3821656050955413,77053502.82749999,True,33.51322180248246,59.33993399339934,3.02,2026-06-01,False,78.94736842105263,-3.075030750307503,0.0795494082346746,62.53968253968254,-3.563333333333333,80.69476082004556,36.10478359908883,75.85421412300684,20.159453302961275,27.137970353477765,47.99023643971606,19.679633867276888,46.10726609779873
3003,健和興,電子零組件,64.0,-0.7751937984496138,76922301.825,True,78.143550998381,23.66336633663366,36.15,2026-06-01,False,36.666666666666664,5.263157894736848,0.13792504977568798,90.78014184397163,-1.056666666666672,37.24373576309795,74.4874715261959,87.35763097949885,85.19362186788155,33.181299885974916,63.49275200452983,64.35926773455377,53.077288459834335
3004,豐達科,機車船製造,121.5,0.0,76673450.725,True,63.37837837837837,35.115511551155116,46.56,2026-06-01,False,25.0,-11.956521739130435,-0.0329557433609048,76.17554858934169,5.426666666666669,24.715261958997722,10.136674259681094,30.410022779043278,51.36674259681093,55.074116305587225,34.340563580024046,72.5400457665904,59.62134401567949
3430,奇鈦科,其他化學,119.5,1.7021276595744705,76268833.595,True,91.31799163179917,11.287128712871288,58.37,2026-06-01,False,6.25,3.0172413793103448,-0.02290582583806373,65.12261580381471,32.22,4.783599088838269,66.05922551252847,33.94077448747153,25.740318906605925,91.56214367160776,44.4172123334104,79.29061784897024,35.93882758297149
2515,中工,營造,11.95,0.8438818565400741,75853312.395,True,32.54182406907717,60.0,-14.32,2026-06-01,False,33.33333333333333,-2.845528455284564,-0.1349121176230612,65.30054644808743,-46.123333333333335,33.769931662870164,37.58542141230068,5.353075170842825,26.30979498861048,4.3329532497149374,21.47023529686782,4.919908466819222,31.853553426499793
1515,力山,家電製品,34.5,9.872611464968163,75779891.94250001,True,64.01808785529715,34.65346534653465,6.37,2026-06-01,False,22.22222222222222,0.0,-0.041708640345128375,76.92307692307692,7.956666666666666,22.266514806378133,51.993166287015946,27.10706150341686,52.961275626423685,62.941847206385404,43.453973085924005,24.14187643020595,36.84412514399796
2201,裕隆,汽車製造,29.2,1.388888888888884,75611681.7425,True,81.16298116298117,20.594059405940595,-8.06,2026-06-01,False,20.481927710843372,4.099821746880565,0.12430700927617593,67.35870818915801,-5.696666666666667,20.273348519362187,70.72892938496584,86.10478359908885,30.637813211845106,22.006841505131128,45.95034324407862,8.352402745995423,22.13365877305922
6620,漢達,藥,75.8,1.3368983957219305,74824375.05999999,True,97.46835443037975,4.29042904290429,-21.75,2026-06-01,False,6.666666666666667,-10.61320754716981,-0.04251548123694736,50.36544850498339,23.26333333333333,5.182232346241458,13.211845102505695,26.879271070615037,4.328018223234624,87.00114025085519,27.320501398690396,3.203661327231121,24.875516698550378
8255,朋程,電子零組件,146.5,0.3424657534246478,74718962.525,True,36.10361575822989,57.62376237623762,5.78,2026-06-01,False,78.0,-2.0066889632107023,-0.0067969567780365335,68.29836829836829,11.653333333333332,79.66970387243735,41.34396355353075,41.45785876993166,32.80182232346242,71.26567844925884,53.307805393724195,23.112128146453088,48.55992269720553
6861,睿生光電,醫療耗材,196.5,1.81347150259068,74567410.325,True,84.28053204353083,17.88778877887789,12.61,2026-06-01,False,5.714285714285714,-8.177570093457943,0.07685207212820486,42.532467532467535,-26.95666666666667,4.328018223234624,19.70387243735763,75.62642369020502,1.366742596810934,6.955530216647662,21.596117432851173,33.29519450800915,29.821520722674272
4510,高鋒,機械,45.3,-1.8418201516793076,74280581.1,True,74.10468319559229,26.534653465346537,2.62,2026-06-01,False,14.285714285714285,16.45244215938303,0.028123022036825773,83.42541436464089,-12.636666666666667,13.439635535307518,90.8883826879271,58.65603644646925,70.15945330296127,14.139110604332952,49.45652371539962,18.53546910755149,27.811543814473293
3694,海華,通信網路,51.4,1.380670611439827,74236299.44,True,32.15017064846417,60.46204620462046,-4.76,2026-06-01,False,70.0,-19.812792511700465,-0.1347504376766989,51.14427860696517,1.083333333333334,72.55125284738041,2.733485193621868,5.466970387243736,5.239179954441914,39.33865450399088,25.06590857733576,10.583524027459955,46.4101179089151
6244,茂迪,光電及I/O,24.95,-0.7952286282306154,73947882.28,True,64.13373860182371,34.52145214521452,65.82,2026-06-01,False,43.24324324324324,-1.577909270216971,0.08139607532469781,68.73278236914601,26.919999999999995,43.8496583143508,44.30523917995444,76.99316628701595,33.712984054669704,89.05359179019385,57.582927925236945,82.95194508009153,54.0523370672894
6670,復盛應用,其他,265.5,-0.5617977528089901,73756149.725,True,42.363734484619535,52.54125412541254,7.85,2026-06-01,False,45.83333333333333,0.5681818181818182,0.11048659710602492,88.35274542429285,-15.083333333333334,47.09567198177677,55.125284738041,83.14350797266515,79.95444191343964,12.542759407069557,55.572333202598415,27.002288329519452,49.73177937167371
5299,杰力,半導體,98.7,-0.9036144578313143,73054727.42,True,21.262817053426875,69.37293729372938,-4.2,2026-06-01,False,82.44274809160305,4.665959703075298,-0.033605823448566746,69.75265017667844,-3.43,84.05466970387245,73.00683371298405,29.954441913439634,36.674259681093396,27.822120866590648,50.30246517559603,10.869565217391305,39.64791522234327
6603,富強鑫,機械,27.1,0.0,72811690.05,True,56.94444444444444,40.06600660066007,22.71,2026-06-01,False,51.42857142857142,13.152400835073077,0.04575961843385345,78.89374090247453,20.463333333333335,53.41685649202733,87.92710706150342,65.71753986332574,58.428246013667426,83.80843785632838,69.85963745737047,48.16933638443936,43.02183295715768
3709,鑫聯大投控,電子通路,67.5,-0.7352941176470562,72648060.825,True,1.834862385321101,88.18481848184818,72.07,2026-06-01,False,90.38461538461539,-9.274193548387103,-0.06359792925453403,72.65877287405812,44.513333333333335,90.43280182232346,16.059225512528474,16.74259681093394,44.07744874715262,94.2987457240593,52.322163723399555,85.24027459954233,75.92282491412249
6913,鴻呈,電子零組件,142.0,1.067615658362997,72526840.275,True,5.25164113785558,83.16831683168317,61.08,2026-06-01,False,96.0,12.25296442687747,0.18620537920950622,91.02564102564102,20.479999999999997,95.55808656036446,87.12984054669704,93.84965831435079,85.6492027334852,83.92246294184721,89.22185021934895,80.77803203661327,68.71387019594147
3535,晶彩科,電子設備,88.0,1.0332950631458226,71462008.76,True,70.19810508182601,30.429042904290426,160.85,2026-06-01,False,54.54545454545454,-1.675977653631285,0.11503630382906692,59.25925925925925,-634.9433333333334,56.32118451025057,43.50797266514807,84.85193621867882,13.097949886104784,1.0262257696693273,39.761053809970306,94.73684210526315,55.162000959117606
2850,新產,產險,166.0,4.0752351097178785,70578338.0,True,99.94603345925526,0.19801980198019803,2.09,2026-05-01,False,20.0,12.925170068027212,0.1136009791298623,100.0,-26.413333333333334,19.58997722095672,87.6993166287016,84.39635535307517,98.63325740318906,7.297605473204105,59.523302415825334,17.90617848970252,37.10752412128667
9938,百和,其他紡織,42.4,0.4739336492890933,70310457.14749998,True,44.792228818132756,50.46204620462046,21.21,2026-06-01,False,50.36813922356092,-9.594882729211088,-0.23535248209021187,70.19867549668875,14.043333333333333,52.277904328018224,15.148063781321182,1.1389521640091116,37.699316628701595,74.80045610034207,36.21293860047844,46.224256292906176,55.263353367076206
6245,立端,電腦及週邊,82.4,-1.1990407673860948,70246528.53999999,True,92.60658391797085,10.231023102310232,14.08,2026-06-01,False,5.084745762711865,-2.9446407538280326,0.07539075422562472,90.15317286652079,-5.803333333333333,3.416856492027335,37.01594533029613,75.17084282460137,83.25740318906605,21.55074116305587,44.08235779980935,35.24027459954233,46.2246472375849
2539,櫻花建,建設,35.5,-13.939393939393941,70065339.2725,True,0.16189962223421478,96.66666666666667,79.55,2026-06-01,False,100.0,-12.128712871287126,0.026388133476246578,55.90551181102362,-272.97666666666663,98.91799544419135,9.90888382687927,57.85876993166287,8.428246013667426,1.3683010262257698,35.29643924852534,87.07093821510298,71.12707396152062
2206,三陽工業,機車船製造,63.5,1.1146496815286566,69770683.22999999,True,38.96384241770103,55.54455445544555,-13.38,2026-06-01,False,58.333333333333336,4.612850082372319,0.20612196024351687,95.2023988005997,-3.876666666666667,59.90888382687927,72.89293849658314,95.21640091116174,92.02733485193622,26.225769669327253,69.25426555117753,5.263157894736842,46.0766095192423
3213,茂訊,電腦及週邊,131.0,-1.132075471698113,69747284.4,True,82.46087425796006,19.471947194719473,6.05,2026-06-01,False,15.254237288135593,0.7692307692307693,0.10799616762431588,91.9298245614035,-30.186666666666664,14.350797266514807,55.694760820045566,82.91571753986332,87.58542141230068,6.2713797035347785,49.36361534845183,23.455377574370708,42.424208858285155
2504,國產,預拌混凝土,31.1,1.6339869281045694,69389563.78249998,True,16.783974011911205,73.53135313531352,-18.57,2026-06-01,False,73.29317269076306,-0.9554140127388444,0.04697924139981155,78.43631778058008,-6.93,75.74031890660592,47.83599088838269,66.51480637813212,57.51708428246014,19.27023945267959,53.37568798165209,3.775743707093822,47.299289001944295
1904,正隆,造紙,25.5,3.0303030303030276,69165639.9025,True,49.97301672962763,46.27062706270627,-2.09,2026-06-01,False,66.66666666666666,17.511520737327192,0.2850077520176859,100.0,-11.196666666666667,68.90660592255125,92.02733485193622,99.08883826879271,98.63325740318906,15.051311288483465,74.74146954699054,13.386727688787186,47.22481404064782
6782,視陽,醫療耗材,204.0,0.49261083743843415,68699477.875,True,1.1098779134295227,90.0990099009901,45.95,2026-06-01,False,68.57142857142857,10.27027027027027,0.19505464245648396,86.80851063829788,25.663333333333338,71.07061503416855,84.28246013667426,94.53302961275627,76.76537585421413,88.48346636259977,83.0269894000826,71.96796338672769,58.88037353460902
3691,碩禾,光電及I/O,101.5,0.0,68526797.845,True,18.345323741007196,72.01320132013201,63.72,2026-06-01,False,71.62162162162163,-13.247863247863249,0.035349882450012554,59.882005899705014,-55.713333333333324,74.14578587699316,8.542141230068337,61.84510250569476,14.578587699316628,3.762827822120866,32.574889026838754,81.92219679633868,65.52610728564503
6125,廣運,電子設備,56.2,8.285163776493265,68305693.33250001,True,82.95668549905838,18.943894389438945,22.57,2026-06-01,False,35.064935064935064,10.196078431372554,-0.04825093707186666,68.62026862026862,-30.28,35.64920273348519,84.05466970387245,24.373576309794988,33.48519362186788,5.929304446978335,36.69838936319977,47.82608695652174,33.22645340200059
2417,圓剛,電腦及週邊,43.95,-3.72398685651697,68076377.17499998,True,34.48979591836735,58.745874587458744,4.96,2026-06-01,False,57.6271186440678,7.588739290085683,-0.03337884049598979,77.24077328646749,-5.543333333333334,59.111617312072894,80.18223234624145,30.068337129840543,53.75854214123007,22.462941847206388,49.11673415531827,22.08237986270023,38.69257674244044
3141,晶宏,半導體,71.0,-0.14064697609000865,67696900.41999999,True,38.26945412311266,55.84158415841585,10.85,2026-06-01,False,73.2824427480916,10.591900311526475,0.1953044848044118,85.33653846153845,-2.5666666666666664,75.62642369020502,84.62414578587699,94.76082004555809,74.03189066059225,29.532497149372862,71.71515546632105,30.606407322654462,48.91014397189369
2480,敦陽科,資訊服務,160.0,0.9463722397476282,67535719.2,True,84.40366972477065,17.722772277227723,14.66,2026-06-01,False,6.521739130434782,0.628930817610063,0.03523939339169897,88.39779005524862,1.6633333333333358,5.0113895216400905,55.23917995444191,61.617312072892936,80.18223234624145,40.935005701254276,48.59702391929413,36.49885583524027,41.61332443716998
6679,鈺太,半導體,200.0,0.25062656641603454,67514565.45,True,3.1567080045095826,85.74257425742574,9.93,2026-06-01,False,90.83969465648855,-12.663755458515283,-0.011948193594058932,57.88712011577424,-1.0700000000000003,90.8883826879271,9.453302961275627,38.61047835990888,11.161731207289293,33.0672748004561,36.6362340033714,29.51945080091533,55.52906543371403
6962,奕力-KY,半導體,31.0,1.1419249592169667,67395448.9125,True,72.14285714285714,28.58085808580858,-0.33,2026-06-01,False,37.404580152671755,-5.918057663125956,-0.05459439904540045,67.31813246471228,-3.6566666666666667,38.041002277904326,26.537585421412302,21.526195899772212,30.52391799544419,26.90992018244014,28.707724355394635,16.247139588100687,39.568618610009224
3094,聯傑,半導體,35.9,-0.96551724137931,67379964.6,True,63.194819212088504,35.57755775577558,74.09,2026-06-01,False,48.854961832061065,-2.5780189959294515,-0.010474455059836758,79.33701657458563,36.64333333333334,50.34168564920274,39.123006833712985,39.17995444191344,59.453302961275625,92.7023945267959,56.16006888258014,86.15560640732265,64.20689704602201
5285,界霖,半導體,77.2,-2.7707808564231717,66980624.73499999,True,47.05882352941176,48.58085808580858,14.12,2026-06-01,False,61.832061068702295,-3.6204744069912502,0.006776897964757009,70.18181818181819,-6.213333333333333,62.98405466970387,33.82687927107062,48.747152619589976,37.58542141230068,20.752565564424174,40.779214707417864,35.58352402745996,50.581530209598476
3402,漢科,電子設備,121.5,-0.4098360655737654,66493422.075,True,87.10199676200756,15.181518151815181,29.9,2026-06-01,False,28.57142857142857,-15.034965034965033,-0.20632967832914204,76.89873417721519,7.363333333333333,28.815489749430522,6.378132118451026,2.050113895216401,52.84738041002278,61.80159635119726,30.378542504863596,57.32265446224256,58.151848125811206
6163,華電網,通信網路,42.35,1.8028846153846256,65839736.165,True,62.70912034538586,36.1056105610561,61.38,2026-06-01,False,44.0,-7.025246981339178,-0.018927612982400803,57.152496626180834,31.44666666666667,44.47608200455581,23.234624145785876,34.96583143507973,9.79498861047836,91.1060433295325,40.71551390508645,81.00686498855835,53.010827864451656
2731,雄獅,旅行社,145.0,2.1126760563380254,65423972.15,True,19.875222816399287,70.62706270627062,-0.46,2026-06-01,False,66.66666666666666,0.6944444444444444,-0.10513331613265732,78.80434782608695,-6.833333333333332,68.90660592255125,55.58086560364465,9.111617312072893,58.31435079726651,19.44127708095781,42.27094334329862,16.018306636155607,46.914599438082185
6419,京晨科,光電及I/O,161.0,-0.3095975232198178,65113670.5,True,2.2988505747126435,87.39273927392739,344.15,2026-06-01,False,83.78378378378379,16.666666666666664,0.0501030283914166,82.77634961439588,-3.060000000000059,85.30751708428245,91.17312072892938,67.76765375854214,68.67881548974944,28.96237172177879,68.37789575665644,98.05491990846681,65.21703293839234
6716,應廣,半導體,133.0,-2.564102564102566,64435067.5,True,59.49935815147626,38.54785478547855,60.58,2026-06-01,False,51.908396946564885,58.333333333333336,0.1119082073028142,96.72727272727273,16.156666666666673,53.53075170842825,99.77220956719817,83.94077448747153,94.07744874715262,78.44925883694413,81.95408866943895,80.43478260869566,57.067693374269595
6605,帝寶,汽車組件,141.0,0.0,64133472.825,True,10.685375067458176,79.40594059405942,4.45,2026-06-01,False,88.88888888888889,6.015037593984962,0.16186937641265023,83.92857142857143,6.38,89.12300683371298,76.42369020501138,90.09111617312074,71.12756264236903,58.836944127708094,77.12046399638443,21.28146453089245,51.27708595049077
4770,上品,樹脂,210.0,-0.9433962264150941,63561683.15,True,77.67936226749336,23.96039603960396,-6.95,2026-06-01,False,21.428571428571427,-8.49673202614379,0.01508584377517519,65.8307210031348,-10.746666666666666,21.298405466970387,18.56492027334852,53.75854214123007,27.904328018223236,15.507411630558723,27.40672150606619,8.924485125858125,34.890574584425806
7714,創泓科技,數位雲端,180.5,9.726443768996962,63214128.15,True,75.38860103626943,25.610561056105613,122.9,2026-06-01,False,8.333333333333332,1.977401129943503,-0.024457444057315675,86.98795180722891,78.05666666666667,6.719817767653759,62.300683371298405,33.14350797266515,77.10706150341686,96.92132269099201,55.238478661205235,92.79176201372998,53.57948947837555
9802,鈺齊-KY,鞋及旅行箱,71.3,1.4224751066856278,62975837.124999985,True,38.478143550998375,55.709570957095714,15.45,2026-06-01,False,44.44444444444444,-2.328767123287675,0.08107863231538143,62.0,13.6,45.33029612756264,40.31890660592255,76.5375854214123,18.906605922551254,74.45838084378563,51.110354984246875,37.64302059496568,40.39025400978926
3581,博磊,電子設備,106.0,0.4739336492890933,62737622.660000004,True,70.22346368715084,30.297029702970296,95.44,2026-06-01,False,53.246753246753244,-10.16949152542373,0.0007843152498518476,37.857142857142854,47.166666666666664,54.783599088838265,13.895216400911162,45.67198177676538,0.7972665148063782,94.64082098061574,41.957776952387384,89.93135011441647,57.904249829287494
2495,普安,光電及I/O,37.2,-0.2680965147452974,61971399.83499999,True,25.31017369727047,65.67656765676567,40.29,2026-06-01,False,64.86486486486487,-4.123711340206171,0.03759923473298547,69.14498141263941,-14.446666666666673,66.2870159453303,32.23234624145786,62.87015945330297,35.19362186788155,13.22690992018244,41.96201068563102,67.96338672768879,59.302919574860695
6517,保勝光學,消費性電子,66.7,0.15015015015016342,61766448.874999985,True,65.65315315315316,33.53135313531353,6.14,2026-06-01,False,31.57894736842105,-1.9117647058823488,0.0521454214148704,81.24238733252133,22.126666666666665,32.06150341685649,42.14123006833713,68.79271070615034,64.2369020501139,85.5188141391106,58.55023207611369,23.684210526315788,44.46034648123726
6146,耕興,檢測驗證,192.5,-1.534526854219953,60568034.725,True,43.38909875876956,52.01320132013202,12.74,2026-06-01,False,83.33333333333334,0.7853403141361256,-0.07128013825928424,80.71278825995807,0.7166666666666668,84.90888382687926,55.922551252847384,14.464692482915718,62.52847380410023,37.97035347776511,51.15899096890154,33.52402745995423,56.25970845952159
6231,系微,資訊服務,217.0,1.6393442622950838,60484495.675,True,53.80464112250405,42.97029702970297,16.86,2026-06-01,False,17.391304347826086,-6.4655172413793105,0.020520098436649117,62.26685796269727,2.2333333333333343,17.084282460136674,25.05694760820046,55.694760820045566,19.70387243735763,43.32953249714937,32.17387916457794,40.389016018306634,38.030055826900124
8936,國統,金屬製品,51.0,0.7905138339920903,60359976.955,True,9.66001079330815,80.13201320132013,21.24,2026-06-01,False,100.0,-2.6717557251908373,-0.056181260588794406,73.5930735930736,7.333333333333332,98.91799544419135,38.496583143507976,20.387243735763096,46.01366742596811,61.57354618015963,53.077807185918026,46.338672768878716,63.19343812388256
6188,廣明,光電及I/O,68.7,-0.5788712011577268,60161817.000000015,True,53.125,43.23432343234324,-1.9,2026-06-01,False,51.35135135135135,-3.2394366197183055,0.07434058966609586,52.846153846153854,10.319999999999999,53.30296127562642,35.53530751708428,74.82915717539863,6.264236902050115,68.6431014823261,47.714952870497115,13.501144164759726,34.383258706338
6863,永道-KY,通信網路,113.5,2.714932126696823,60017192.0,True,90.10856453558505,12.277227722772277,80.81,2026-06-01,False,24.0,3.65296803652968,0.05652449938170732,72.06349206349206,14.076666666666668,24.088838268792713,68.79271070615034,70.27334851936219,42.710706150341686,75.0285062713797,56.17882198320533,87.52860411899313,46.38385945799429
5490,同亨,電腦及週邊,30.0,0.6711409395973034,59594532.56,True,26.422764227642276,64.68646864686468,50.22,2026-06-01,False,72.88135593220339,-8.396946564885496,-0.021637285388889028,82.53094910591471,14.523333333333333,75.39863325740319,18.906605922551254,34.16856492027335,67.76765375854214,76.05473204104904,54.45923797996379,75.40045766590389,74.9150346898245
8182,加高,電子零組件,39.75,-1.6089108910891103,59258689.86,True,85.48300053966541,16.831683168316832,5.56,2026-06-01,False,27.333333333333332,-1.4869888475836466,0.007518861292970611,67.37288135593221,-1.0399999999999991,27.5626423690205,44.98861047835991,49.31662870159453,30.865603644646928,33.352337514253136,37.217164541575,22.65446224256293,34.02352444446761
5522,遠雄,建設,64.1,2.396166134185296,59146991.595000006,True,2.6443604964921748,86.66666666666667,2513.5,2026-06-01,False,93.10344827586206,-2.73141122913507,-0.02922952052414604,77.98053527980534,1364.0166666666667,93.16628701594533,38.26879271070615,31.776765375854215,55.58086560364465,99.8859749144812,63.73573712412631,99.88558352402745,77.59098585822781
3717,聯嘉投控,汽車組件,22.15,-0.22522522522522292,58584952.30499999,True,33.0,59.66996699669968,,2026-06-01,False,61.111111111111114,-2.8508771929824652,-0.05384513655233384,75.46848381601362,,62.47152619589977,37.47152619589977,22.209567198177677,49.202733485193626,,42.83883826879271,,58.06757782839787
3229,晟鈦,印刷電路板,56.9,9.845559845559858,58545302.00750001,True,2.631578947368421,86.73267326732673,99.09,2026-06-01,False,97.67441860465115,30.355097365406646,0.05060140062956681,100.0,27.370000000000005,96.58314350797266,97.38041002277905,67.99544419134396,98.63325740318906,89.73774230330672,90.0659994857183,90.16018306636155,71.99904348868606
6227,茂綸,電子通路,118.0,0.8547008547008517,58463689.725,True,39.7733405288721,54.78547854785478,84.61,2026-06-01,False,63.46153846153846,4.888888888888889,0.03820401086356862,87.08487084870849,44.263333333333335,64.80637813211845,73.69020501138952,63.097949886104786,77.39179954441914,94.18472063854047,74.63421064251447,88.10068649885584,64.15216479100097
8088,品安,半導體,45.2,0.0,57950029.22500001,True,52.17146080090242,44.290429042904286,1.02,2026-06-01,False,57.25190839694656,-4.23728813559322,0.04098512932929932,61.83310533515732,-19.90666666666667,58.88382687927107,32.004555808656036,64.2369020501139,18.337129840546698,9.806157354618016,36.65371438664114,17.276887871853546,40.623322195753815
3317,尼克森,半導體,66.5,-0.5979073243647326,57861742.2,True,95.57474365893145,6.435643564356436,16.07,2026-06-01,False,7.633587786259542,-15.716096324461349,0.06523520045265581,63.03317535545023,11.469999999999999,6.0364464692482915,5.808656036446469,72.20956719817767,20.956719817767656,70.80957810718358,35.16419352576473,39.07322654462242,40.064434198797976
1907,永豐餘,造紙,30.45,1.6694490818029983,57717132.1375,True,56.07123583378305,40.79207920792079,12.66,2026-06-01,False,33.33333333333333,8.556149732620316,0.23386654403047755,98.70340356564019,3.1833333333333336,33.769931662870164,82.23234624145786,97.15261958997722,96.12756264236903,46.97833523375142,71.25215907408514,33.40961098398169,45.268689761940756
4968,立積,半導體,91.2,2.1276595744680993,57113492.635000005,True,10.894418291862811,79.14191419141913,-1.09,2026-06-01,False,88.54961832061069,-8.61723446893787,0.014726219219914124,54.774774774774784,-2.8600000000000003,88.95216400911163,18.109339407744876,53.41685649202733,7.403189066059225,29.304446978335235,39.437199190655654,14.645308924485127,48.22283064797777
2903,遠百,百貨批發,22.75,2.2471910112359605,56549895.15,True,38.96384241770103,55.54455445544555,-2.42,2026-06-01,False,47.61904761904761,3.4090909090909087,0.11761232997910079,93.23770491803279,-2.09,48.9749430523918,67.88154897494306,85.07972665148064,89.86332574031891,30.672748004561,64.4944584847391,12.929061784897025,45.97144540066617
6199,天品,其他,94.1,-1.8769551616267033,56049270.769999996,True,22.769450392576733,67.7887788778878,476.98,2026-06-01,False,66.66666666666666,-10.805687203791473,0.00364499967466979,75.58232931726907,-95.69333333333327,68.90660592255125,12.52847380410023,46.81093394077448,49.54441913439636,2.1664766248574687,35.991381885335954,98.74141876430205,76.16599250428736
6922,宸曜,電腦及週邊,195.0,-2.7431421446383997,55848316.075,True,1.483679525222552,88.84488448844886,39.41,2026-06-01,False,93.22033898305084,0.2570694087403599,0.0604786941370667,86.28318584070797,-12.003333333333337,93.39407744874715,53.41685649202733,71.29840546697038,76.19589977220956,14.59521094640821,61.78009002527252,67.16247139588101,70.83389803120261
6658,聯策,電子設備,164.0,4.792332268370614,55842501.05,True,11.634756995581737,78.41584158415841,51.6,2026-06-01,False,90.9090909090909,2.5,0.0005413598078953032,63.81322957198443,42.21333333333334,91.17312072892938,64.00911161731207,45.33029612756264,22.4373576309795,93.72862029646522,63.33570128024976,76.20137299771167,56.45068493507712
8109,博大,電子零組件,131.5,-2.9520295202952074,55675571.325,True,84.61953588774959,17.326732673267326,36.23,2026-06-01,False,29.333333333333332,3.1372549019607843,-0.1724695874933704,81.42414860681114,9.693333333333335,29.726651480637813,66.74259681093395,3.530751708428246,64.92027334851936,67.38882554161916,46.4618197780277,64.75972540045767,48.16601335467023
2397,友通,電腦及週邊,64.2,-1.078582434514641,55592946.485,True,80.35617916891528,21.716171617161717,31.37,2026-06-01,False,18.64406779661017,7.000000000000004,0.0708740915405698,77.44270205066344,-0.8733333333333313,18.109339407744876,79.15717539863326,73.80410022779044,54.21412300683372,33.75142531356899,51.80723267091425,58.81006864988558,37.99408891645773
2483,百容,半導體,35.5,-1.9337016574585753,54665799.2075,True,95.95250944414462,6.204620462046204,34.28,2026-06-01,False,6.870229007633588,-10.9159347553325,-0.11905372730538741,50.786838340486405,13.446666666666669,5.5808656036446465,12.300683371298406,6.947608200455581,4.783599088838269,74.11630558722919,20.74581237029322,62.81464530892449,40.21960665752725
4105,東洋,藥,79.0,2.5974025974025983,54368860.69500001,True,2.0507285483000537,87.72277227722772,15.28,2026-06-01,False,66.66666666666666,3.6745406824146944,0.01119019808509611,91.54113557358053,5.413333333333332,68.90660592255125,68.90660592255125,51.36674259681093,87.24373576309794,54.96009122006842,66.27675628501596,37.18535469107552,56.107272613543365
3708,上緯投控,樹脂,103.5,1.9704433497536922,54321921.98,True,1.1872638963842417,89.70297029702971,61.7,2026-06-01,False,100.0,2.4752475247524752,0.050999699542371574,71.875,5.150000000000013,98.91799544419135,63.89521640091116,68.45102505694761,42.25512528473804,53.47776510832383,65.3994254590224,81.23569794050344,64.62840056713041
2030,彰源,基本金屬,21.85,1.6279069767441978,53727071.857499994,True,36.27232142857143,57.42574257425742,33.89,2026-06-01,False,60.97560975609756,24.85714285714287,0.11216768027653103,100.0,6.933333333333334,61.958997722095674,95.8997722095672,84.16856492027335,98.63325740318906,60.66134549600912,80.26438755022689,62.24256292906178,56.733761461194824
2520,冠德,建設,36.55,-0.4087193460490579,53376676.292500004,True,79.55555555555556,22.31023102310231,52.31,2026-06-01,False,17.24137931034483,4.131054131054119,0.16750979588919768,90.92039800995023,-4.896666666666668,16.856492027334852,71.07061503416855,90.7744874715262,85.42141230068337,23.945267958950968,57.61365495853279,76.77345537757438,51.99518616785601
2838,聯邦銀,本國銀行,20.15,0.4987531172069737,52521474.3175,True,72.04533189422558,28.778877887788777,-2.49,2026-06-01,False,22.22222222222222,-0.4938271604938342,-0.13382173460719088,81.57894736842105,-42.973333333333336,22.266514806378133,49.54441913439636,5.694760820045558,65.48974943052391,4.4469783352337515,29.48848450531554,12.814645308924485,37.75662260285755
3537,堡達,電子通路,55.0,-2.3090586145648295,52094202.68000001,True,54.99190501888829,41.45214521452145,26.88,2026-06-01,False,46.15384615384615,-2.826855123674914,-0.05593669657125576,61.38392857142857,18.793333333333333,47.55125284738041,37.81321184510251,20.50113895216401,17.425968109339408,81.98403648802737,41.055121648402746,53.546910755148744,45.177729966691516
6509,聚和,其他化學,47.0,2.5081788440566966,51889756.3725,True,15.59633027522936,74.58745874587459,8.49,2026-06-01,False,68.75,-0.6342494714587678,-0.03899760807662712,81.73913043478261,4.216666666666667,71.29840546697038,48.9749430523918,28.473804100227788,65.71753986332574,51.08323831242873,53.10958615906888,27.80320366132723,53.96105148480789
8222,寶一,機車船製造,39.6,0.3802281368821214,51728656.599999994,True,28.95894428152493,62.37623762376238,-10.36,2026-06-01,False,66.66666666666666,2.99089726918075,0.00930320846594252,67.57679180887372,-9.203333333333333,68.90660592255125,65.83143507972665,50.45558086560364,31.32118451025057,16.98973774230331,46.70090882408708,6.750572082379863,35.28673185886376
1582,信錦,電子零組件,73.9,1.3717421124828544,51701828.864999995,True,84.99730167296276,17.16171617161716,-9.5,2026-06-01,False,28.666666666666668,5.4208273894436685,0.0400389487169598,61.84100418410042,-2.37,29.043280182232344,74.82915717539863,63.55353075170843,18.45102505694761,30.10262257696693,43.195923148650785,7.437070938215102,20.025554750499104
6277,宏正,光電及I/O,81.5,-2.628434886499409,51642687.464999996,True,88.77495952509445,13.597359735973596,35.12,2026-06-01,False,20.27027027027027,5.297157622739011,0.22973462810124629,93.14285714285714,16.173333333333332,20.045558086560362,74.60136674259681,96.69703872437357,89.52164009111617,78.56328392246294,71.88577751342197,63.61556064073226,49.645348018952994
2527,宏璟,建設,44.15,0.11337868480725266,51611874.980000004,True,40.37837837837838,54.05940594059406,365.12,2026-06-01,False,48.275862068965516,-9.342915811088304,-0.0759385983537315,87.42574257425743,245.64666666666665,49.88610478359909,15.717539863325742,13.439635535307518,78.24601366742597,99.0877993158495,51.27541863310156,98.16933638443935,77.64597874303468
4571,鈞興-KY,機械,161.5,-1.5243902439024404,51175109.375,True,70.8680142687277,29.63696369636964,5.51,2026-06-01,False,25.71428571428571,5.211726384364821,-0.05074061516939852,69.61206896551724,-2.1966666666666663,25.512528473804103,74.37357630979498,22.89293849658314,36.332574031890665,30.558722919042193,37.93406804622302,22.54004576659039,27.502892990622545
2331,精英,電腦及週邊,19.95,2.3076923076922995,51066485.25749999,True,25.47043010752688,65.61056105610561,25.84,2026-06-01,False,76.27118644067797,1.0126582278480976,-0.009190953699022023,66.6110183639399,18.476666666666667,78.24601366742597,57.1753986332574,40.091116173120724,29.271070615034166,81.41391106043329,57.239502029854314,51.31578947368421,50.41436878072174
1808,潤隆,建設,34.5,3.603603603603611,50984478.02,True,21.153846153846153,69.57095709570957,162537.27,2026-06-01,False,72.41379310344827,7.644305772230899,0.16248213060213954,86.57465495608531,77044.36666666665,74.82915717539863,80.41002277904327,90.20501138952164,76.5375854214123,100.0,84.39635535307517,100.0,67.73917995444191
6585,鼎基,樹脂,116.0,1.7543859649122862,50731309.425,True,32.495164410058024,60.066006600660074,91.44,2026-06-01,False,50.0,-9.72762645914397,-0.0005994556804351243,77.0764119601329,32.449999999999996,51.5375854214123,14.80637813211845,44.41913439635535,53.53075170842825,91.67616875712656,51.194003683088184,89.35926773455377,69.90530668306897
1434,福懋,成衣,17.7,1.1428571428571344,50714522.91,True,45.92552617377226,49.636963696369634,-1.45,2026-06-01,False,30.434782608695656,-9.230769230769234,-0.0033909115814466447,90.53708439897697,-1.1366666666666665,30.239179954441912,16.40091116173121,43.394077448747154,84.16856492027335,32.953249714937286,41.43119664002618,13.958810068649885,52.99141094540848
5534,長虹,建設,80.9,2.146464646464641,50317316.99999999,True,76.41662169454938,24.785478547854787,124.21,2026-06-01,False,18.96551724137931,1.5056461731493134,0.02335384232617212,92.98850574712645,-72.57666666666667,18.45102505694761,59.79498861047836,56.60592255125285,89.06605922551253,2.508551881413911,45.28530946512105,93.02059496567506,60.18567265941421
6890,來億-KY,鞋及旅行箱,164.0,2.180685358255441,50160458.1,True,24.577861163227016,66.27062706270627,-3.2,2026-06-01,False,66.66666666666666,-2.9585798816568047,0.03709071351143925,56.747404844290664,0.6566666666666667,68.90660592255125,36.90205011389522,62.64236902050114,9.453302961275627,37.8563283922463,43.15213128209391,11.784897025171624,38.31068894877582
9907,統一實,金屬製品,15.2,0.9966777408637828,50150110.53000001,True,43.92876416621694,51.28712871287129,-6.1,2026-06-01,False,42.857142857142854,0.33003300330032304,0.06929843169826926,75.43424317617865,9.593333333333335,43.45102505694761,53.87243735763098,73.34851936218679,49.08883826879271,67.16077537058153,57.38431908322792,9.610983981693364,37.06960248745067
2501,國建,建設,23.0,0.8771929824561431,49564164.105000004,True,11.225040474905558,78.81188118811882,-71.58,2026-06-01,False,82.75862068965517,1.5452538631346642,0.005818646604270934,85.18518518518519,-51.55,84.28246013667426,60.02277904328018,48.063781321184514,73.57630979498862,3.990877993158495,53.98724165785721,0.6864988558352403,49.63062243605448
6023,元大期,期貨,82.5,-1.19760479041916,48872870.92,True,0.10793308148947653,97.55775577557756,86.15,2026-06-01,False,97.59036144578313,-5.606407322654468,-0.08530176858238031,76.38888888888889,35.92000000000001,96.46924829157174,27.904328018223236,11.845102505694761,51.82232346241457,92.47434435575826,56.10306932673252,88.32951945080092,77.179190796641
1909,榮成,造紙,11.15,-0.44642857142855874,48847988.535000004,True,80.5,21.45214521452145,44.1,2026-06-01,False,16.666666666666664,10.396039603960403,0.13955328490460606,97.37991266375546,22.83666666666667,15.945330296127564,84.39635535307517,87.58542141230068,94.76082004555809,86.3169897377423,73.80098336896076,70.59496567505721,49.226190165916925
6712,長聖,生物科技,152.0,3.754266211604085,48521092.075,True,43.57084357084357,51.74917491749175,16.08,2026-06-01,False,80.0,3.050847457627119,-0.003289140084258324,81.28342245989305,-6.359999999999999,81.94760820045558,66.2870159453303,43.50797266514807,64.3507972665148,20.410490307867732,55.300776877063285,39.244851258581235,54.814060195055326
6811,宏碁資訊,數位雲端,226.0,0.22172949002217113,48396353.95,True,16.05316973415133,74.25742574257426,6.56,2026-06-01,False,41.66666666666667,-7.942973523421588,-0.010172497270343219,85.93155893536122,-13.88666666666667,41.91343963553531,20.50113895216401,39.521640091116176,75.05694760820046,13.45496009122007,38.08962527564721,24.59954233409611,55.26719765641697
1723,中碳,其他化學,86.3,0.0,48210484.23499999,True,82.29897463572586,19.603960396039604,32.12,2026-06-01,False,12.5,-3.4675615212528057,0.00010885055047654595,95.88888888888889,-11.700000000000003,11.617312072892938,34.62414578587699,45.10250569476082,92.71070615034168,14.823261117445838,39.77558616426366,59.95423340961098,57.414526461742156
6143,振曜,光電及I/O,89.6,0.33594624860022737,48194880.38,True,14.085267134376686,76.36963696369638,30.63,2026-06-01,False,75.67567567567568,-6.471816283924847,-0.046579633299537127,58.94736842105262,17.939999999999998,78.01822323462414,24.943052391799544,25.17084282460137,12.52847380410023,80.84378563283923,44.300875577592905,58.12356979405035,55.9318036102438
6108,競國,印刷電路板,26.0,5.050505050505061,48096362.480000004,True,99.93297587131367,0.594059405940594,46.33,2026-06-01,False,2.3255813953488373,55.223880597014926,0.15843366518798505,100.0,8.083333333333336,1.2528473804100226,99.65831435079726,89.63553530751709,98.63325740318906,63.625997719498294,70.56119043228234,72.08237986270024,43.07754257387552
2543,皇昌,營造,38.95,2.2309711286089273,47768695.192499995,True,21.72236503856041,68.97689768976898,105.33,2026-06-01,False,66.66666666666666,-0.25608194622277675,0.10391679919079179,45.29069767441861,20.789999999999992,68.90660592255125,50.91116173120729,82.34624145785877,2.277904328018223,84.49258836944128,57.786900361815356,91.18993135011442,52.86581996736915
9917,中保科,保全,110.0,1.85185185185186,47611362.525,True,3.237992444684296,85.41254125412541,2.56,2026-06-01,False,85.34136546184739,1.3824884792626728,0.18090730576357816,90.1639344262295,0.29666666666666686,86.56036446469248,58.88382687927107,92.9384965831435,83.37129840546697,36.71607753705815,71.69401277392643,18.421052631578945,57.36722215561683
4949,有成精密,光電及I/O,70.8,1.1428571428571344,47234882.59,True,22.22222222222222,68.51485148514853,68.69,2026-06-01,False,67.56756756756756,-0.28169014084507443,-0.01162101018760952,65.55555555555556,22.53666666666666,70.61503416856492,50.56947608200456,38.724373576309794,26.765375854214124,85.86088939566704,54.507029815352084,84.09610983981693,57.726760945147845
4534,慶騰,機械,30.15,0.16611295681061566,47044692.365,True,40.26845637583892,54.12541254125413,112.04,2026-06-01,False,74.28571428571429,-24.81296758104739,-0.07678312450612096,71.19244391971664,52.79666666666667,76.65148063781321,1.0250569476082005,13.097949886104784,40.43280182232346,95.66704675028507,45.37486720882695,91.76201372997713,76.9553098106264
6104,創惟,半導體,93.4,0.9729729729729852,46695666.385000005,True,46.9661610268378,48.646864686468646,5.66,2026-06-01,False,62.59541984732825,0.4301075268817265,0.16879598260447484,71.84615384615385,5.636666666666667,63.781321184510254,54.55580865603644,91.00227790432803,42.14123006833713,56.10034207525656,61.51619597769369,22.76887871853547,43.5339053288366
3652,精聯,電腦及週邊,34.4,0.8797653958944274,46602327.3925,True,7.146845337800112,81.25412541254126,-1.21,2026-06-01,False,88.13559322033898,-1.0071942446043207,0.007980430193736404,80.56206088992973,-26.45666666666667,88.61047835990888,47.03872437357631,49.88610478359909,62.300683371298405,7.183580387685291,51.003914255213594,14.416475972540047,54.57222833254275
7744,崴寶,電子零組件,500.0,3.1991744066047545,46487101.1,True,32.38636363636363,60.33003300330033,128.13,2026-06-01,False,80.0,18.203309692671397,0.03603586190490351,82.23684210526315,15.870000000000005,81.94760820045558,92.48291571753985,61.958997722095674,67.42596810933941,78.10718358038768,76.38453466596364,93.13501144164759,62.50641800847568
3380,明泰,通信網路,27.3,0.5524861878453136,46387422.65500001,True,94.88054607508532,7.524752475247524,5.46,2026-06-01,False,14.000000000000002,-10.784313725490199,-0.1831464002102607,65.70397111913357,16.61,12.984054669703873,12.64236902050114,3.0751708428246016,27.33485193621868,78.90535917901938,26.988361129653537,22.42562929061785,37.525541719009816
6438,迅得,電子設備,143.5,1.0563380281690238,46291050.425,True,73.0706961683756,27.623762376237625,-3.13,2026-06-01,False,46.75324675324675,-3.040540540540541,0.07242802892188845,69.1566265060241,-16.326666666666668,48.29157175398633,36.21867881548975,74.4874715261959,35.30751708428246,11.630558722919043,41.18715958057469,11.899313501144166,39.819930880980806
4536,拓凱,其他,170.5,0.5899705014749346,46030912.575,True,52.56341068537507,43.72937293729373,10.04,2026-06-01,False,37.5,3.9634146341463414,0.2663675614076062,87.43589743589743,5.533333333333332,38.325740318906604,69.93166287015946,98.51936218678816,78.35990888382688,55.75826681870011,68.17898821567624,29.63386727688787,44.096963402365475
7749,意騰-KY,半導體,336.5,3.3794162826420893,45965583.2,True,2.0618556701030926,87.65676567656766,64.48,2026-06-01,False,93.89312977099237,-6.786703601108034,-0.013562555469833112,48.90988372093023,5.259999999999998,93.84965831435079,24.25968109339408,37.24373576309795,3.758542141230068,53.93386545039909,42.60909655249439,82.37986270022884,63.932095515603905
4127,天良,藥,87.6,-1.3513513513513598,45654934.91,True,49.6417604912999,46.6006600660066,41.38,2026-06-01,False,33.33333333333333,19.835841313269494,0.1402448591143834,94.90790899241604,-3.68333333333333,33.769931662870164,93.39407744874715,87.8132118451025,91.45785876993166,26.68187001140251,66.62338994761079,68.64988558352402,50.12089964189467
2836,高雄銀,本國銀行,12.1,1.680672268907557,45444080.114999995,True,40.09713977334053,54.290429042904286,14.7,2026-06-01,False,77.77777777777779,-5.836575875486381,-0.01680179382159648,93.07692307692308,1.953333333333335,79.32801822323462,26.993166287015946,36.10478359908883,89.17995444191345,42.07525655644242,54.73623582153906,36.670480549199084,69.54632173183279
5464,霖宏,印刷電路板,70.6,-0.14144271570015743,45332215.05499999,True,99.49622166246851,2.178217821782178,36.81,2026-06-01,False,9.30232558139535,-12.839506172839513,-0.062223366101003756,65.67441860465115,-4.839999999999996,8.086560364464694,8.997722095671982,17.539863325740317,27.220956719817767,24.287343215507413,17.226489144240436,65.33180778032036,47.91040069223271
6165,浪凡,數位雲端,47.35,1.1752136752136932,45007611.665,True,26.878130217028378,64.22442244224422,18.44,2026-06-01,False,29.166666666666668,-3.2686414708886646,-0.3385856942112899,79.31323283082077,7.880000000000001,29.6127562642369,35.30751708428246,0.45558086560364464,59.33940774487472,62.713797035347774,37.4858117988691,42.21967963386727,48.96608163967411
3550,聯穎,電子零組件,22.7,0.4424778761061843,44867176.5475,True,99.47201689545935,2.31023102310231,38.08,2026-06-01,False,2.0,0.4424778761061852,-0.05384798085066165,60.939597315436245,4.7933333333333294,0.9681093394077449,54.783599088838265,22.095671981776764,16.40091116173121,52.90763968072976,29.43118625049675,66.5903890160183,32.29395260707975
3162,精確,汽車組件,62.2,0.0,44712024.51,True,83.96334478808706,18.34983498349835,58.73,2026-06-01,False,25.0,-7.025411061285504,-0.0031248228873446827,64.859228362878,32.019999999999996,24.715261958997722,23.120728929384963,43.62186788154897,24.943052391799544,91.33409350057012,41.547000932460264,79.86270022883295,51.60007141256131
4771,望隼,醫療耗材,201.0,0.7518796992481258,44670045.025,True,0.676818950930626,91.61716171617161,31.26,2026-06-01,False,80.0,3.3419023136246784,0.18179674625733613,93.48837209302326,-5.956666666666667,81.94760820045558,67.65375854214123,93.16628701594533,90.20501138952164,21.322690992018245,70.8590712280164,58.69565217391305,65.79862830543726
4736,泰博,醫療耗材,145.5,1.7482517482517501,43590522.325,True,5.5045871559633035,83.003300330033,2.09,2026-06-01,False,62.857142857142854,11.923076923076923,0.2505382307429453,100.0,8.469999999999999,64.12300683371298,86.67425968109339,97.49430523917995,98.63325740318906,64.65222348916761,82.3154105292686,17.90617848970252,48.4970457613778
8390,金益鼎,資源回收,97.5,2.2012578616352085,43275096.545,True,26.6594711279007,64.52145214521452,43.96,2026-06-01,False,47.82608695652174,2.848101265822788,-0.11744062012192188,75.2895752895753,12.810000000000006,49.145785876993166,65.14806378132118,7.061503416856492,48.747152619589976,73.31812998859749,48.68412713667166,70.4233409610984,50.79205391909009
6667,信紘科,電子設備,223.0,-0.44642857142856984,43153622.475,True,19.85968699406368,70.6930693069307,-2.5,2026-06-01,False,80.51948051948052,-7.851239669421488,-0.018723882215892412,74.08637873754152,-5.23,82.46013667425967,20.956719817767656,35.079726651480634,47.15261958997722,23.14709236031927,41.75925901876089,12.700228832951947,55.3390663198553
2546,根基,營造,116.5,4.954954954954949,43039191.255,True,27.145169994603346,63.8943894389439,44.27,2026-06-01,False,46.666666666666664,22.63157894736842,0.09649945270500729,100.0,14.67333333333334,48.12072892938497,94.98861047835992,80.6378132118451,98.63325740318906,76.28278221208666,79.73263844697314,70.82379862700229,55.6472936203041
6768,志強-KY,鞋及旅行箱,65.2,1.7160686427457161,42901659.96,True,26.810477657935284,64.2904290429043,5.2,2026-06-01,False,55.55555555555556,-7.648725212464577,0.037494509441672,52.793522267206484,2.146666666666667,57.28929384965832,21.526195899772212,62.75626423690205,6.150341685649203,42.98745724059293,38.14191058251494,22.31121281464531,41.05616311254516
1231,聯華食,其他食品,82.4,-1.7878426698450522,42554484.83,True,37.344846195358876,56.63366336633663,6.95,2026-06-01,False,44.44444444444444,-10.434782608695645,-0.1254955858197698,59.494584837545126,5.35,45.33029612756264,13.439635535307518,6.378132118451026,13.895216400911162,54.50399087799316,26.709454212045102,25.400457665903893,42.796583664767546
6168,宏齊,光電及I/O,25.0,3.3057851239669533,42490051.925,True,77.77101096224118,23.894389438943893,6.73,2026-06-01,False,31.08108108108108,3.73443983402489,0.0021083220074155254,70.4225352112676,0.026666666666667282,31.207289293849662,69.02050113895216,46.35535307517084,38.26879271070615,36.03192702394527,44.17677264852481,25.286041189931353,31.435405513883754
3356,奇偶,光電及I/O,62.8,-0.31746031746032743,42277020.375,True,0.0,99.3069306930693,24.09,2026-06-01,False,97.97297297297297,8.275862068965512,0.06934073192788741,95.87786259541984,10.523333333333332,97.09567198177676,81.20728929384966,73.4624145785877,92.59681093394077,68.87115165336374,82.64666768830372,49.31350114416476,64.44967369150815
2348,海悅,建設,71.8,2.571428571428558,41540308.45999999,True,91.79708580679979,11.155115511551156,247.66,2026-06-01,False,5.172413793103448,-9.343434343434351,-0.06829559302773026,68.70813397129186,210.90666666666667,3.530751708428246,15.603644646924831,15.261958997722095,33.59908883826879,98.85974914481186,33.37103866723116,96.79633867276888,54.58063364313527
5607,遠雄港,貨運倉儲,55.3,2.4074074074073915,41369603.6725,True,28.818132757690236,62.50825082508251,37.01,2026-06-01,False,64.28571428571429,10.159362549800784,0.2261179009220647,99.2818671454219,-0.023333333333333428,65.83143507972665,83.94077448747153,96.35535307517085,96.69703872437357,35.80387685290764,75.72569564393004,65.56064073226545,61.03708501222354
1342,八貫,塑膠製品,104.0,1.9607843137254832,41359817.645,True,20.65997130559541,69.96699669966998,40.14,2026-06-01,False,69.74564926372156,-7.964601769911504,-0.0976939339977066,88.51063829787233,-0.4799999999999969,72.32346241457859,20.387243735763096,9.90888382687927,80.6378132118451,34.6636259977195,43.58420583735711,67.62013729977116,75.04854229760794
2897,王道銀行,本國銀行,10.25,0.9852216748768461,41278043.67,True,61.73772261198057,37.0957095709571,14.1,2026-06-01,False,44.44444444444444,1.9900497512437738,0.15297758636783998,96.24413145539906,-13.699999999999998,45.33029612756264,62.414578587699324,88.95216400911163,93.3371298405467,13.568985176738883,60.720630748331835,35.35469107551488,52.901884613981224
7712,博盛半導體,半導體,142.0,-1.388888888888884,41092018.325,True,41.35338345864661,53.26732673267327,49.37,2026-06-01,False,70.99236641221374,-2.73972602739726,0.011822169891436725,66.51053864168618,31.043333333333333,73.00683371298405,38.15489749430524,51.82232346241457,28.929384965831435,90.76396807297606,56.53548154170227,74.48512585812357,59.56661176065845
2753,八方雲集,餐飲飯店,186.5,0.8108108108108025,41007717.575,True,5.083333333333333,83.36633663366337,10.85,2026-06-01,False,60.0,5.965909090909091,0.2747071459990357,85.9447004608295,0.14999999999999858,61.218678815489746,76.30979498861048,98.74715261958997,75.28473804100227,36.488027366020525,69.6096783661426,30.606407322654462,47.700007297634
3218,大學光,醫藥通路,137.0,0.7352941176470562,40990653.1,True,0.32379924446842956,94.32343234323433,17.08,2026-06-01,False,77.77777777777779,0.3663003663003663,0.04291291444463982,75.48209366391184,6.756666666666666,79.32801822323462,54.1002277904328,64.92027334851936,49.31662870159453,60.20524515393386,61.57407864354303,40.78947368421053,53.833473204651725
6469,大樹,醫藥通路,69.1,1.767304860088359,40341928.68,True,3.291958985429034,85.34653465346534,-4.9,2026-06-01,False,55.55555555555556,-12.086513994910943,-0.22975334144220894,48.32167832167832,-3.8033333333333337,57.28929384965832,10.022779043280181,1.366742596810934,3.530751708428246,26.339794754846068,19.70987239060475,10.411899313501143,40.302291457076876
2365,昆盈,光電及I/O,30.55,1.6638935108153063,40285829.6625,True,55.729729729729726,41.056105610561055,-17.28,2026-06-01,False,48.64864864864865,0.6589785831960437,0.02660241998584068,60.37549407114624,-26.586666666666666,50.0,55.466970387243734,57.97266514806378,15.603644646924831,7.069555302166476,37.22256709687976,4.233409610983982,28.59252096766627
6179,亞通,工程承攬,26.45,-1.4897579143389295,40182454.595,True,70.3862660944206,30.099009900990097,229.22,2026-06-01,False,16.666666666666664,2.5193798449612346,0.09053166295899193,74.08963585434172,89.10999999999999,15.945330296127564,64.12300683371298,79.49886104783599,47.26651480637813,97.14937286202965,60.79661716921686,96.5675057208238,48.91408599740413
4956,光鋐,光電及I/O,30.45,4.819277108433728,40036003.7075,True,83.97790055248619,18.217821782178216,-0.83,2026-06-01,False,25.675675675675674,0.16447368421052866,0.058940806336926374,55.667276051188296,-5.726666666666667,25.39863325740319,52.84738041002278,71.07061503416855,8.086560364464694,21.892816419612316,35.85920109713432,14.988558352402745,23.906592891061962
5515,建國,營造,54.2,0.743494423791824,39780966.504999995,True,0.16189962223421478,96.66666666666667,24.55,2026-06-01,False,100.0,25.608342989571277,0.11110891064883638,100.0,6.376666666666669,98.91799544419135,96.12756264236903,83.48519362186788,98.63325740318906,58.72291904218928,87.17738563076134,49.59954233409611,62.75580813477687
2364,倫飛,電腦及週邊,82.1,-0.6053268765133124,39256570.8,True,4.428571428571428,83.82838283828383,60.06,2026-06-01,False,91.52542372881356,15.79689703808179,0.2526629100153396,82.67875125881167,21.990000000000002,91.79954441913439,90.20501138952164,97.72209567198178,68.45102505694761,85.40478905359178,86.71649311823545,80.20594965675058,62.56287693582773
6186,新潤,建設,33.0,0.917431192660545,39182320.72,True,35.388409371146736,58.15181518151815,-97.85,2026-06-01,False,55.172413793103445,-22.35294117647059,-0.2104832742118367,46.610169491525426,-10.73333333333332,56.83371298405467,2.164009111617312,1.7084282460136675,2.733485193621868,15.621436716077536,15.812214450277011,0.11441647597254005,39.37940138550794
6642,富致,電子零組件,78.5,-0.7585335018963302,39082474.400000006,True,64.28571428571429,34.32343234323432,52.49,2026-06-01,False,54.666666666666664,3.289473684210526,0.06479476848623568,85.4189336235038,23.520000000000003,56.60592255125285,67.42596810933941,71.98177676537586,74.14578587699316,87.22919042189282,71.47772874497083,76.88787185354691,60.05340304311338
3669,圓展,光電及I/O,37.85,1.0680907877169465,38957118.27250001,True,31.13869400971398,61.25412541254125,2.95,2026-06-01,False,63.51351351351351,2.2972972972973014,0.03777013230613286,87.81902552204176,-1.8533333333333335,64.92027334851936,63.21184510250569,62.98405466970387,79.38496583143508,31.12884834663626,60.32599745976006,19.450800915331808,50.136048748195144
3703,欣陸,營造,19.9,1.7902813299232712,38495168.660000004,True,26.946778711484594,64.15841584158416,-5.55,2026-06-01,False,53.333333333333336,-3.398058252427198,-0.18812862364754174,81.55737704918032,-1.6233333333333326,54.95444191343963,34.96583143507973,2.733485193621868,65.26195899772209,31.356898517673887,37.85452321150744,9.725400457665904,48.74399248343697
1232,大統益,油脂飼料,156.5,0.967741935483879,38398824.275,True,10.415542363734485,79.63696369636963,16.3,2026-06-01,False,87.5,2.9605263157894735,0.06395318763609678,92.87833827893175,6.526666666666667,88.26879271070615,65.60364464692483,71.64009111617312,88.72437357630979,59.635119726339795,74.77440435529073,39.75972540045767,62.78731176013719
4755,三福化,其他化學,115.0,1.3215859030837107,38353155.85,True,56.61090124123044,40.396039603960396,15.63,2026-06-01,False,31.25,-7.630522088353414,-0.13403771608295276,67.84660766961652,16.653333333333332,31.435079726651484,21.64009111617312,5.5808656036446465,31.776765375854215,79.13340935005702,33.9132422344761,38.215102974828376,44.946714240290234
2597,潤弘,營造,169.0,1.8072289156626509,38182896.675,True,70.21046950890448,30.363036303630363,2.95,2026-06-01,False,20.0,5.956112852664576,0.2600549490753002,82.84313725490196,-10.32,19.58997722095672,76.19589977220956,98.17767653758543,68.90660592255125,15.849486887115166,55.743929268083626,19.450800915331808,32.937871071657554
3290,東浦,電子零組件,50.7,-0.39292730844793233,38155339.595000006,True,3.0671296296296298,86.13861386138613,88.72,2026-06-01,False,97.33333333333334,-17.292006525285473,-0.12732548278570957,71.10799438990183,3.9766666666666737,96.24145785876993,4.555808656036446,6.150341685649203,40.20501138952164,49.82896237172178,39.396316392339806,88.90160183066361,80.19806560572968
2413,環科,電子零組件,43.75,-0.3416856492027276,38073489.52499999,True,0.09442870632672333,97.75577557755776,33.55,2026-06-01,False,100.0,4.540023894862601,0.0677660545605067,70.0,3.2366666666666646,98.91799544419135,72.66514806378133,73.12072892938497,37.12984054669704,47.092360319270234,65.78521466066499,61.784897025171624,56.29189623806967
3060,銘異,光電及I/O,27.4,-0.5444646098003658,37784113.2625,True,64.39232409381663,34.25742574257426,48.98,2026-06-01,False,40.54054054054054,-8.361204013377927,-0.08653661192762842,65.78631452581033,19.473333333333333,41.11617312072893,19.020501138952163,11.389521640091116,27.790432801822323,82.89623717217788,36.44257317475448,74.25629290617849,56.03559942244439
6873,泓德能源,光電及I/O,69.5,2.2058823529411686,37748164.55,True,99.7624703087886,1.3201320132013201,42.53,2026-06-01,False,2.7027027027027026,-18.522860492379834,-0.1068211753346597,39.48863636363637,51.13666666666666,1.7084282460136675,3.530751708428246,8.769931662870158,1.1389521640091116,95.32497149372861,22.09460705500996,69.56521739130434,42.22046152322472
6532,瑞耘,電子設備,87.4,-0.4555808656036331,37446103.52,True,13.113869400971398,77.26072607260726,18.65,2026-06-01,False,88.31168831168831,24.324324324324337,-0.051072515476568964,76.66666666666667,-8.220000000000006,88.72437357630979,95.55808656036446,22.779043280182233,52.61958997722096,17.90193842645382,55.516606364106245,42.848970251716246,47.15871181122063
6732,昇佳電子,半導體,150.5,0.0,37257771.5,True,45.09933774834437,50.23102310231023,-14.88,2026-06-01,False,67.17557251908397,-16.15598885793872,-0.029612105011114366,58.67446393762184,1.8400000000000016,70.04555808656036,5.353075170842825,31.662870159453306,12.186788154897494,41.391106043329536,32.12787952301671,4.691075514874142,45.392586646372294
4442,竣邦-KY,成衣,51.4,-0.1941747572815511,37130311.47,True,12.727272727272727,77.62376237623762,36.2,2026-06-01,False,60.86956521739131,-8.865248226950355,0.0451553818955637,70.79889807162535,4.286666666666665,61.84510250569476,17.198177676537586,65.60364464692483,39.17995444191344,51.425313568985175,47.05043856801116,64.58810068649885,62.10374498939237
5222,全訊,通信網路,105.5,-10.212765957446813,36775380.675,True,89.83774551665243,12.673267326732674,-4.97,2026-06-01,False,26.0,-8.658008658008658,-0.057590439276485786,65.12345679012346,-14.48,25.968109339407746,17.88154897494305,19.70387243735763,25.854214123006834,13.112884834663626,20.504125941875778,10.297482837528605,36.05956433125003
4953,緯軟,資訊服務,123.0,0.0,36546669.325,True,14.894765245547761,75.24752475247524,37.07,2026-06-01,False,58.69565217391305,-1.6,-0.004811957494204795,86.01398601398601,3.9933333333333323,60.13667425968109,44.07744874715262,42.59681093394077,75.5125284738041,49.9429874572406,54.45328997436383,65.67505720823799,64.31170279864264
2420,新巨,電子零組件,57.3,0.17482517482516613,36472817.62,True,63.24878575283325,35.37953795379538,10.73,2026-06-01,False,57.99999999999999,0.17482517482516488,0.16410530615937702,87.74885145482388,8.393333333333334,59.33940774487472,52.961275626423685,90.43280182232346,79.27107061503416,64.42417331812999,69.2857458253572,30.434782608695656,54.02099633554521
2535,達欣工,營造,92.0,2.9082774049216997,36443096.08,True,38.15434430652995,55.90759075907591,19.94,2026-06-01,False,26.666666666666668,3.954802259887006,-2.5893122516683885e-05,95.13960703205791,19.6,26.42369020501139,69.81776765375855,44.874715261959,91.79954441913439,83.35233751425314,63.25361101082329,44.39359267734554,48.19976491193319
8040,九暘,半導體,69.7,-2.1067415730337102,36008875.175,True,98.20089955022489,3.6303630363036308,34.49,2026-06-01,False,2.2900763358778624,-7.926023778071334,0.12140421539678146,55.76,-4.969999999999999,1.1389521640091116,20.615034168564918,85.30751708428245,8.314350797266515,23.831242873432153,27.84141941751103,63.04347826086957,37.97043676339507
3046,建碁,電腦及週邊,58.4,-0.5110732538330609,35529994.475,True,10.989010989010989,79.07590759075907,53.63,2026-06-01,False,86.4406779661017,4.47227191413238,0.10168581023576731,91.25,3.3766666666666723,87.35763097949885,72.09567198177676,81.89066059225513,86.21867881548975,47.776510832383124,75.06783064028072,77.4599542334096,69.73514801165535
1612,宏泰,電纜,34.55,0.2902757619738683,35523965.08499999,True,13.65353480841878,76.56765676567657,-11.28,2026-06-01,False,63.63636363636363,11.093247588424424,0.022897369699977237,84.99384993849938,-3.4966666666666653,65.20501138952164,85.30751708428245,56.37813211845103,73.12072892938497,27.366020524515395,61.4754820092311,6.178489702517163,39.799178234285336
6261,久元,半導體,77.7,1.9685039370078705,35412369.36,True,60.226659471127896,38.28382838283829,33.71,2026-06-01,False,51.14503816793893,-8.588235294117643,0.18101719100617997,58.20224719101124,20.843333333333334,52.961275626423685,18.223234624145785,93.05239179954442,11.617312072892938,84.72063854047892,52.11497053269714,62.12814645308925,52.120874882065024
1707,葡萄王,藥,90.5,0.3325942350332456,35397272.675000004,True,1.8888289260658393,88.01980198019803,-7.24,2026-06-01,False,71.11111111111111,-0.330396475770922,-0.13501956014299768,68.8212927756654,-1.2199999999999998,73.12072892938497,50.45558086560364,5.239179954441914,34.28246013667426,32.725199543899656,39.164629886000895,8.695652173913043,41.410815093592156
8462,柏文,其他,176.0,1.1494252873563315,35321142.5,True,4.093567251461988,84.15841584158416,20.11,2026-06-01,False,87.5,13.915857605177994,0.17761799172024972,98.05013927576601,-0.18666666666666742,88.26879271070615,88.72437357630979,92.48291571753985,95.21640091116174,35.23375142531357,79.98524686820622,44.62242562929062,59.84581141871219
1227,佳格,其他食品,29.15,0.865051903114189,35096025.345,True,39.0717754991905,55.31353135313532,-1.57,2026-06-01,False,33.33333333333333,1.2152777777777704,0.12319475040661515,85.86156111929306,-1.2466666666666668,33.769931662870164,57.97266514806378,85.7630979498861,74.94305239179954,32.611174458380844,57.01198432220009,13.729977116704806,41.11757400582768
4114,健喬,藥,31.25,3.305785123966931,35050623.1225,True,30.113329735563948,61.78217821782178,30.68,2026-06-01,False,40.0,6.473594548551954,0.12956217228540676,85.49931600547195,11.643333333333334,40.43280182232346,77.5626423690205,86.67425968109339,74.4874715261959,71.0376282782212,70.03896073537089,58.35240274599543,48.927508431373575
6120,達運,光電及I/O,12.6,0.3984063745019917,35013565.4375,True,0.22805017103762829,95.57755775577557,42.06,2026-06-01,False,91.8918918918919,-4.905660377358493,-0.044640829202669166,78.26086956521738,39.550000000000004,92.36902050113895,29.726651480637813,25.968109339407746,56.49202733485193,93.38654503990878,59.58847073918905,69.22196796338673,72.08909107968495
7722,LINEPAY,數位雲端,281.5,3.1135531135531025,34829094.325,True,0.966183574879227,90.56105610561056,14.16,2026-06-01,False,75.0,-5.378151260504202,0.006047393019874166,43.441358024691354,-0.09999999999999964,77.33485193621867,28.5876993166287,48.17767653758543,1.7084282460136675,35.34777651083238,38.231286509455764,35.6979405034325,46.53838034225903
1712,興農,藥,39.4,0.0,34658004.260000005,True,59.956826767404216,38.34983498349835,4.08,2026-06-01,False,26.666666666666668,0.6385696040868455,-0.04873656885728962,83.56309650053022,-4.223333333333333,26.42369020501139,55.35307517084283,24.145785876993166,70.61503416856492,25.42759407069555,40.39303589842157,20.823798627002287,40.62736195743394
3663,鑫科,資源回收,61.6,0.9836065573770592,34266655.28500001,True,89.84547461368653,12.607260726072608,22.76,2026-06-01,False,21.73913043478261,-11.239193083573493,0.008748104240170827,67.17557251908397,19.596666666666668,21.583143507972665,11.731207289293849,50.11389521640092,30.296127562642365,83.23831242873432,39.39253720100883,48.2837528604119,47.10795416043327
4556,旭然,其他電製品,74.8,-2.2222222222222254,34211357.985,True,70.12910798122066,30.495049504950494,14.45,2026-06-01,False,50.0,-43.54716981132076,-0.04327801221795071,56.45283018867925,12.559999999999999,51.5375854214123,0.3416856492027335,26.537585421412302,9.111617312072893,73.09007981755985,32.123710724332014,36.15560640732266,49.11578087290128
2617,台航,海運,30.95,0.16181229773462036,34077924.722500004,True,29.14193200215866,62.31023102310231,37.28,2026-06-01,False,63.63636363636363,6.540447504302921,0.07004436849149308,92.66467065868264,10.713333333333335,65.20501138952164,77.79043280182233,73.57630979498862,88.26879271070615,69.4412770809578,74.85636475559932,65.90389016018307,60.39681536464713
5288,豐祥-KY,機車船製造,189.5,0.5305039787798504,34006362.95,True,40.798704803022126,53.59735973597359,71.59,2026-06-01,False,50.0,-4.050632911392405,0.0333009952970403,95.9493670886076,16.613333333333337,51.5375854214123,32.46013667425968,60.478359908883824,92.8246013667426,79.01938426453819,63.26401352716732,85.01144164759725,74.22837294037312
6024,群益期,期貨,61.5,1.1513157894736947,33774432.495000005,True,20.939017808958447,69.9009900990099,124.15,2026-06-01,False,69.67871485943775,-4.35458786936236,0.08120613366299385,94.32515337423312,169.84,72.20956719817767,31.548974943052393,76.87927107061503,91.11617312072893,98.63169897377423,74.07713706126965,92.90617848970251,81.17073596638917
2497,怡利電,汽車組件,45.35,1.681614349775784,33613034.292500004,True,4.792332268370607,83.4983498349835,52.52,2026-06-01,False,94.44444444444444,-14.109848484848477,-0.07620245335644737,67.88922155688624,14.313333333333333,94.30523917995444,7.175398633257403,13.325740318906606,31.890660592255127,75.7126567844926,44.481939101773236,77.00228832951946,74.0056973671179
3015,全漢,電子零組件,53.7,0.0,33512384.045000006,True,56.93470048569886,40.165016501650165,-14.01,2026-06-01,False,63.33333333333333,-4.448398576512455,0.003967297971345084,71.79144385026738,-1.83,64.46469248291572,31.09339407744875,47.15261958997722,41.91343963553531,31.242873432155072,43.17340384360642,5.034324942791762,45.07976574594851
2010,春源,基本金屬,22.8,0.6622516556291425,33355468.702499997,True,3.184025903939557,85.64356435643565,-0.43,2026-06-01,False,90.2439024390244,8.31353919239905,0.2009203818167446,88.37209302325581,-0.6966666666666667,90.31890660592255,81.43507972665148,94.874715261959,80.06833712984054,33.97947548460662,76.13530284179603,16.132723112128147,51.271221780309936
6799,來頡,半導體,79.2,1.4084507042253724,33243384.584999997,True,9.903846153846153,80.06600660066006,6.47,2026-06-01,False,89.31297709923665,-4.693140794223817,-0.10201621783762829,71.03139013452915,0.4033333333333333,89.52164009111617,30.296127562642365,9.567198177676538,39.97722095671982,37.058152793614596,41.28406791635389,24.31350114416476,55.8790586573396
6208,日揚,電子設備,82.4,1.1042944785276232,33154505.749999993,True,92.87641662169455,9.801980198019802,22.5,2026-06-01,False,16.883116883116884,-1.0804321728691375,0.034421851724674594,77.73584905660378,10.226666666666667,16.514806378132118,46.46924829157175,61.27562642369021,55.01138952164008,68.18700114025086,49.491614351057,47.7116704805492,43.192154522187415
5292,華懋,電子設備,214.0,1.904761904761898,32987761.65,True,88.88888888888889,13.465346534653467,-8.28,2026-06-01,False,25.97402597402597,27.002967359050444,-0.039973620665394415,80.75471698113208,-10.99,25.854214123006834,96.35535307517085,28.018223234624145,62.75626423690205,15.393386545039908,45.67548824294876,8.237986270022883,25.123277888690225
3152,璟德,電子零組件,233.5,4.7085201793722,32884568.125,True,45.979492714517,49.504950495049506,23.54,2026-06-01,False,75.33333333333333,0.43010752688172044,-0.061067376707571196,71.9568567026194,9.26,77.79043280182233,54.441913439635535,17.995444191343964,42.48291571753987,66.36259977194983,51.8146611844583,48.8558352402746,53.67181758000032
8074,鉅橡,印刷電路板,55.0,0.0,32828048.984999996,True,80.57204533189423,21.287128712871286,22.99,2026-06-01,False,58.139534883720934,-3.846153846153851,0.09544184348590184,59.331175836030205,-1.1466666666666683,59.68109339407744,33.37129840546697,80.41002277904327,13.211845102505695,32.839224629418474,43.902696862102374,48.51258581235698,47.00855647586829
5474,聰泰,電腦及週邊,158.5,-0.6269592476489061,32817912.0,True,83.75607123583379,18.58085808580858,16.3,2026-06-01,False,13.559322033898304,6.0200668896321075,0.05068270155912375,75.29691211401425,16.776666666666667,12.52847380410023,76.5375854214123,68.10933940774487,48.86104783599089,79.36145952109464,57.07958119806858,39.75972540045767,31.15291540478412
8438,昶昕,資源回收,66.2,-0.4511278195488688,32799340.080000002,True,50.693802035152636,45.742574257425744,40.99,2026-06-01,False,39.130434782608695,-2.9325513196480935,0.046968990768865015,62.15962441314554,-1.3866666666666632,39.749430523917994,37.12984054669704,66.4009111617312,19.248291571753988,31.92702394526796,38.89109954987364,68.3066361556064,47.54362942614534
6411,晶焱,半導體,78.9,1.024327784891188,32670140.96999999,True,48.677819751753916,47.26072607260726,9.84,2026-06-01,False,60.30534351145038,-2.5925925925925855,-0.10386366652534261,69.21052631578948,-4.109999999999998,61.617312072892936,38.95216400911162,9.339407744874716,35.42141230068337,25.769669327251993,34.21999309096292,29.40503432494279,46.872898672351866
3078,僑威,電子零組件,53.5,0.7532956685499137,32570131.385,True,87.04803022126282,15.313531353135312,-57.6,2026-06-01,False,24.666666666666668,1.9047619047619049,0.1757252826693932,56.79405520169851,-5.680000000000007,24.373576309794988,61.78815489749431,92.36902050113895,9.567198177676538,22.120866590649943,42.04376329535094,0.9153318077803204,18.266987849439385
2707,晶華,餐飲飯店,180.0,0.8403361344537785,32559057.1,True,16.028062601187266,74.35643564356435,13.94,2026-06-01,False,48.0,1.1235955056179776,0.07377850198632739,88.45208845208845,8.363333333333333,49.430523917995444,57.744874715261965,74.71526195899773,80.5239179954442,64.31014823261117,65.3449453640621,35.01144164759725,51.80525221144373
4721,美琪瑪,其他化學,73.4,0.4103967168262779,32558770.924999993,True,3.882915173237754,84.55445544554455,-19.35,2026-06-01,False,81.25,-2.1333333333333258,-0.12337367006298493,72.67326732673268,-2.9733333333333327,82.80182232346242,41.00227790432802,6.492027334851937,44.19134396355353,29.076396807297606,40.7127736666987,3.5469107551487413,47.384449784459164
8163,達方,光電及I/O,31.15,0.1607717041800516,32465992.015000004,True,93.9557474365893,8.448844884488448,1.08,2026-06-01,False,14.864864864864865,-5.030487804878045,-0.04638875959385529,68.76379690949227,-7.923333333333332,14.009111617312072,29.498861047835987,25.39863325740319,33.82687927107062,18.47206385404789,24.241109809533953,17.391304347826086,33.93210854709319
5291,邑昇,印刷電路板,57.1,3.8181818181818317,32350352.522499997,True,68.41517857142857,31.683168316831683,40.5,2026-06-01,False,72.09302325581395,3.6297640653357535,0.005356752411202165,72.46192893401016,-1.0399999999999991,74.60136674259681,68.67881548974944,47.9498861047836,43.62186788154897,33.352337514253136,53.6408547465864,68.07780320366132,54.40555558451442
3528,安馳,電子通路,84.5,0.5952380952380931,32166749.014999997,True,0.21586616297895306,95.90759075907592,57.4,2026-06-01,False,94.23076923076923,-1.0538641686182735,-0.02824304650156511,60.357142857142854,-11.756666666666668,94.07744874715262,46.81093394077448,32.11845102505695,15.432801822323464,14.709236031927023,40.6297743134469,78.71853546910755,60.354463024452286
2414,精技,電子通路,52.3,0.7707129094412402,31886122.500000007,True,43.766864543982734,51.48514851485149,87.26,2026-06-01,False,61.53846153846154,-4.036697247706427,-0.05929022175754481,80.95975232198143,27.406666666666673,62.8132118451025,32.57403189066059,19.020501138952163,63.32574031890661,89.85176738882555,53.51705051648948,88.558352402746,70.53081816902363
6725,矽科宏晟,電子設備,226.5,-0.6578947368421018,31607036.025,True,27.27272727272727,63.76237623762376,15.91,2026-06-01,False,76.62337662337663,-25.493421052631575,-0.003967767584674518,55.37897310513448,18.61,78.35990888382688,0.9111617312072893,42.93849658314351,7.972665148063782,81.52793614595211,42.34203369843871,38.558352402745996,55.99494117585734
7768,頌勝科技,樹脂,296.0,2.2452504317789224,31461883.65,True,6.756756756756757,81.58415841584159,11.91,2026-06-01,False,92.85714285714286,0.3389830508474576,0.04942791742545188,60.593654042988746,5.323333333333334,93.05239179954442,53.98633257403189,67.42596810933941,15.945330296127564,54.38996579247435,56.959997714303526,32.379862700228834,46.84781305546723
6577,勁豐,電腦及週邊,80.7,0.0,31380701.869999997,True,5.5045871559633035,83.003300330033,4.97,2026-06-01,False,89.83050847457628,-6.053550640279397,0.006667271344352465,85.48728813559322,3.633333333333333,89.97722095671982,25.968109339407746,48.63325740318907,74.25968109339408,49.1448118586089,57.59661613026392,22.19679633867277,65.11639726234473
2108,南帝,橡膠原料,29.5,1.3745704467353903,31303107.25,True,51.43011332973556,44.95049504950495,31.78,2026-06-01,False,44.91298527443106,2.2530329289428024,0.23100347834400145,91.75738724727839,0.11333333333333329,46.01366742596811,62.98405466970387,96.81093394077449,87.47152619589977,36.259977194982895,65.90803188546582,59.382151029748286,57.470822495478075
3114,好德,電子通路,32.3,1.0954616588419341,31043572.49749999,True,25.472207231516457,65.54455445544555,-16.21,2026-06-01,False,69.23076923076923,-0.46224961479200516,-0.04978779177633588,55.979202772963596,-9.556666666666668,71.69703872437357,49.772209567198175,23.462414578587698,8.656036446469248,16.647662485746864,34.04707236047511,4.462242562929062,33.76077704164342
6224,聚鼎,電子零組件,72.1,9.908536585365857,31039289.85,True,90.01618996222342,12.409240924092408,14.7,2026-06-01,False,20.666666666666668,23.458904109589035,0.10585479756836555,75.89473684210526,13.25,20.387243735763096,95.33029612756265,82.6879271070615,50.45558086560364,74.00228050171037,64.57266566754025,36.670480549199084,28.045752255750795
8289,泰藝,電子零組件,46.0,-2.127659574468088,31025415.944999993,True,70.30716723549489,30.23102310231023,29.88,2026-06-01,False,47.333333333333336,4.3083900226757335,0.04115988146289886,60.76618229854689,21.75333333333333,48.51936218678816,71.64009111617312,64.3507972665148,16.173120728929387,85.06271379703534,57.149217019088155,57.20823798627003,37.56515744645361
5426,振發,電子零組件,27.2,0.0,30844413.027499996,True,47.85362420830401,48.118811881188115,44.52,2026-06-01,False,73.33333333333333,1.115241635687735,-0.0436293019685242,68.60025220680959,19.45666666666667,75.85421412300684,57.630979498861045,26.42369020501139,33.25740318906606,82.78221208665907,55.18969982052088,71.16704805491992,55.66192146703294
3303,岱稜,石化,53.6,1.5151515151515138,30762910.044999998,True,32.05612520237453,60.59405940594059,48.97,2026-06-01,False,63.1578947368421,2.6819923371647483,0.06718207360396651,85.21462639109699,19.409999999999997,64.29384965831434,64.80637813211845,72.89293849658314,73.80410022779044,82.55416191562144,71.67028568608556,74.14187643020595,61.85836204604808
2034,允強,基本金屬,20.45,3.544303797468351,30634574.9175,True,81.83925811437403,19.86798679867987,22.48,2026-06-01,False,9.75609756097561,4.603580562659839,0.19148939022397748,90.68736141906874,17.293333333333333,8.542141230068337,72.77904328018224,94.30523917995444,84.85193621867882,80.04561003420753,68.10479398861827,47.59725400457666,42.0530720432854
4746,台耀,藥,53.9,3.653846153846141,30625762.435000002,True,32.49146757679181,60.132013201320134,0.29,2026-06-01,False,37.77777777777778,4.255319148936162,0.06260105990183618,77.77777777777779,10.406666666666666,38.61047835990888,71.4123006833713,71.4123006833713,55.35307517084283,68.75712656784494,61.10905629306785,16.590389016018307,34.78541046584968
6862,三集瑞-KY,電子零組件,137.0,-0.363636363636366,30600045.625,True,75.45045045045045,25.47854785478548,-1.04,2026-06-01,False,41.333333333333336,-7.744107744107744,-0.02260691149995438,60.08771929824561,27.34666666666667,41.45785876993166,21.070615034168565,34.054669703872435,15.034168564920272,89.62371721778791,40.24820585813617,14.759725400457665,37.54528442528526
8473,山林水,資源回收,45.25,0.5555555555555536,30500178.3125,True,0.39318479685452157,93.33333333333333,18.1,2026-06-01,False,86.95652173913044,2.2598870056497176,-0.02346189259533921,80.80357142857143,4.586666666666666,87.8132118451025,63.097949886104786,33.712984054669704,62.87015945330297,52.33751425313569,59.966363898463136,41.76201372997711,57.33685878556945
3485,敘豐,電子設備,222.0,9.90099009900991,30316845.425,True,12.0,78.15181518151815,22.45,2026-06-01,False,89.6103896103896,-7.5,0.03161254010936555,57.4385510996119,6.753333333333332,89.86332574031891,22.209567198177677,60.13667425968109,10.478359908883828,60.091220068415055,48.55582943509531,47.48283752860412,56.403738994907286
2636,台驊控股,貨運倉儲,71.2,-0.14025245441794398,30108669.0,True,80.67997841338371,21.122112211221122,25.18,2026-06-01,False,14.285714285714285,8.536585365853671,0.30010899351984394,98.34254143646407,9.733333333333333,13.439635535307518,82.00455580865604,99.31662870159454,95.55808656036446,67.50285062713797,71.56435144661211,50.57208237986271,44.39131216671966
3138,耀登,通信網路,95.4,0.0,29394549.090000004,True,57.27733526430123,39.73597359735974,-1.44,2026-06-01,False,48.0,-5.544554455445539,0.0709070246288179,43.862068965517246,-8.786666666666667,49.430523917995444,28.35990888382688,73.91799544419135,1.8223234624145785,17.44583808437856,34.19531795856136,14.073226544622425,34.24154126030139
2641,正德,海運,18.35,0.0,29144758.372500002,True,26.21412803532009,64.81848184818482,4.73,2026-06-01,False,72.72727272727273,6.686046511627921,0.019674239545649064,81.19469026548673,0.9333333333333336,75.22779043280183,78.5876993166287,55.35307517084283,64.00911161731207,38.99657924743444,62.43485115700397,21.96796338672769,45.65429153005323
8415,大國鋼,基本金屬,38.35,0.9210526315789558,28963287.032500006,True,20.12951969778737,70.42904290429043,36.57,2026-06-01,False,78.04878048780488,1.5894039735099377,0.18759307238345566,99.22380336351877,11.29333333333333,79.95444191343964,60.36446469248291,93.96355353075171,96.46924829157174,70.46750285062714,80.24384225577464,65.21739130434783,70.31915420421907
4912,聯德控股-KY,電子零組件,91.5,0.7709251101321701,28923918.764999997,True,96.97787371829466,4.554455445544554,53.33,2026-06-01,False,8.0,7.773851590106,0.08417193867159925,79.56521739130434,15.083333333333336,6.378132118451026,80.6378132118451,77.79043280182233,60.02277904328018,76.96693272519954,60.35921798011964,77.34553775743707,40.77715892683079
6840,東研信超,檢測驗證,82.4,0.0,28900734.7,True,32.48031496062992,60.198019801980195,17.85,2026-06-01,False,100.0,37.562604340567624,0.08348083565052444,99.27710843373495,2.7733333333333334,98.91799544419135,98.40546697038725,77.44874715261959,96.58314350797266,45.55302166476625,83.38167494798742,41.53318077803203,59.6572131899522
5225,東科-KY,消費性電子,60.5,1.5100671140939603,28771096.110000003,True,68.0677966101695,31.88118811881188,17.8,2026-06-01,False,26.31578947368421,-16.66666666666666,-0.09561416396018718,51.931330472103,11.693333333333335,26.195899772209568,4.783599088838269,10.250569476082005,5.5808656036446465,71.60775370581528,23.683737529317956,41.41876430205949,42.10298264726886
4561,健椿,機械,47.1,-0.42283298097250954,28719701.4475,True,69.50890447922288,30.825082508250823,43.42,2026-06-01,False,28.57142857142857,27.989130434782624,-0.0183797297355876,82.92253521126761,16.19333333333333,28.815489749430522,96.81093394077449,35.19362186788155,69.24829157175398,78.67730900798176,61.74912922756446,70.0228832951945,42.81893266890113
6112,邁達特,資訊服務,44.8,1.5873015873015817,28377985.845,True,29.296875,62.17821782178218,-2.29,2026-06-01,False,47.82608695652174,8.082026537997573,0.22816475947958748,79.01234567901234,-15.11,49.145785876993166,80.97949886104784,96.46924829157174,58.88382687927107,12.428734321550742,59.58141884608691,13.157894736842104,35.05200215801462
2612,中航,海運,58.7,-1.3445378151260456,28180838.625,True,39.189189189189186,55.24752475247525,11.7,2026-06-01,False,54.54545454545454,12.452107279693486,0.1484299297143543,78.686327077748,0.7799999999999976,56.32118451025057,87.47152619589977,88.61047835990888,57.97266514806378,38.31242873432155,65.73765658968891,31.922196796338675,39.686130064688314
6015,宏遠證,證券,15.75,1.9417475728155331,27765989.047499996,True,24.28343949044586,66.53465346534654,270.84,2026-06-01,False,37.5,-3.6697247706422105,-0.08353681799609528,68.77729257641921,-1343.4433333333336,38.325740318906604,33.59908883826879,12.072892938496583,34.16856492027335,0.5701254275940707,23.747282488707878,97.02517162471396,58.98009700640628
6205,詮欣,電子零組件,61.4,0.6557377049180246,27476928.78000001,True,68.37560712358338,31.74917491749175,34.36,2026-06-01,False,50.66666666666667,-1.7600000000000022,0.1147854850886424,62.525458248472496,31.92,52.61958997722096,43.052391799544424,84.73804100227791,19.931662870159453,91.22006841505132,58.31235081285081,62.92906178489702,48.10698070818326
2033,佳大,基本金屬,22.75,1.1111111111111072,27360174.895000003,True,49.1861288039632,47.06270627062706,-28.85,2026-06-01,False,34.146341463414636,48.2084690553746,0.023578827026763477,100.0,-22.64666666666667,34.96583143507973,98.9749430523918,56.83371298405467,98.63325740318906,8.437856328392247,59.5691202406215,2.402745995423341,34.25672294532508
5521,工信,營造,10.7,0.46948356807510194,27312437.669,True,25.101214574898783,65.8085808580858,-0.66,2026-06-01,False,60.0,4.390243902439018,0.050783700190971795,39.12248628884826,-7.48,61.218678815489746,71.75398633257403,68.22323462414579,1.0250569476082005,18.70011402508552,44.18421414898066,15.675057208237986,26.541201659690476
6957,裕慶-KY,基本金屬,215.5,0.936768149882905,27309522.375,True,94.08396946564885,8.382838283828383,33.53,2026-06-01,False,2.4390243902439024,-11.316872427983538,-0.07169411246351269,85.17786561264822,-2.469999999999999,1.366742596810934,11.617312072892938,14.236902050113894,73.4624145785877,29.874572405929307,26.111588740866956,61.670480549199084,56.220581412926194
4162,智擎,藥,59.3,1.8900343642611617,27238497.805,True,24.878575283324338,65.94059405940594,33.92,2026-06-01,False,51.11111111111111,-11.227544910179642,0.09970888690274614,80.35230352303523,6.030000000000001,52.84738041002278,11.845102505694761,81.77676537585421,61.84510250569476,57.46864310148233,53.156598779749764,62.47139588100686,66.3296940727574
6192,巨路,電子通路,117.0,0.8620689655172376,27146933.975,True,75.82298974635727,25.214521452145217,16.94,2026-06-01,False,23.076923076923077,1.2987012987012987,-0.13334439592418504,87.64044943820225,5.2233333333333345,23.06378132118451,58.54214123006833,5.808656036446469,78.81548974943053,53.81984036488028,44.00998174040202,40.503432494279174,45.96014058370647
3049,精金,光電及I/O,11.2,4.672897196261672,27139950.817,True,92.3368022705771,10.561056105610561,-68.18,2026-06-01,False,18.91891891891892,0.9009009009008978,0.011940781744420502,62.22222222222222,2.839999999999989,18.337129840546698,56.264236902050115,51.93621867881549,19.362186788154897,46.06613454960091,38.393181351833626,0.8009153318077803,20.558998764614813
1440,南紡,人纖,13.55,1.4981273408239737,26982053.8675,True,99.48275862068967,2.2442244224422443,-11.53,2026-06-01,False,11.11111111111111,5.447470817120631,0.12989161210629202,86.85897435897436,2.2200000000000006,10.022779043280181,74.94305239179954,86.78815489749431,76.99316628701595,43.21550741163056,58.39253200624411,5.778032036613272,29.462731243777466
2905,三商,百貨批發,17.4,-0.2865329512893977,26832406.240000002,True,13.321332133213321,76.89768976897689,-19.95,2026-05-01,False,71.42857142857143,10.126582278481,0.18257975100586726,96.13259668508286,-111.84666666666666,73.74715261958997,83.82687927107062,93.28018223234625,93.05239179954442,1.7103762827822122,69.12339644106669,3.318077803203661,46.57268573781686
7786,東方風能,海運,123.0,-0.4048582995951455,26800956.075,True,0.546448087431694,92.14521452145215,18.58,2026-06-01,False,90.9090909090909,-5.019305019305019,0.09706891373112193,42.78260869565217,-17.613333333333337,91.17312072892938,29.6127562642369,81.09339407744875,1.4806378132118452,10.832383124287343,42.838458401622844,42.5629290617849,51.4009828349223
2607,榮運,貨運倉儲,51.8,2.777777777777768,26782396.814999998,True,21.478683216405827,69.24092409240924,25.41,2026-06-01,False,78.57142857142857,9.513742071881607,0.09015552692005001,87.35244519392917,5.366666666666667,80.18223234624145,83.14350797266515,79.27107061503416,77.67653758542141,54.73204104903079,75.00107791367859,50.800915331807786,56.379044322701375
8121,越峰,電子零組件,27.75,0.18050541516245744,26673966.4975,True,96.73202614379085,5.016501650165017,33.01,2026-06-01,False,9.333333333333334,-17.655786350148375,-0.013428028850189302,51.01102941176471,8.649999999999999,8.200455580865604,4.441913439635535,37.47152619589977,5.125284738041002,65.10832383124287,24.069500757136957,61.212814645308924,42.524160381145
4303,信立,石化,50.0,3.3057851239669533,26671757.282500003,True,16.245006657789617,74.05940594059406,-10.0,2026-06-01,False,78.94736842105263,14.416475972540038,0.17923912999688077,59.88023952095808,-14.543333333333333,80.69476082004556,88.95216400911163,92.59681093394077,14.464692482915718,12.884834663625996,57.91865258192794,7.208237986270023,28.35388182002992
2106,建大,輪胎,17.55,0.8620689655172598,26594842.365000002,True,50.81867798665858,45.478547854785475,11.6,2026-06-01,False,20.0,-1.4044943820224718,-0.13887739110985928,82.58823529411765,5.493333333333333,19.58997722095672,45.558086560364465,4.783599088838269,67.99544419134396,55.416191562143666,38.668659724729416,31.80778032036613,43.45877879307559
3580,友威科,電子設備,78.3,0.6426735218509005,26511833.33,True,96.11440906637884,5.874587458745874,-2.83,2026-06-01,False,6.493506493506493,-3.5714285714285783,0.06721491137717643,69.29203539823008,-20.806666666666665,4.89749430523918,34.054669703872435,73.00683371298405,35.99088838268793,9.236031927023944,31.437183606361508,12.242562929061783,29.769068978279115
6651,全宇昕,半導體,139.5,1.0869565217391353,26450184.375,True,75.111441307578,25.80858085808581,19.46,2026-06-01,False,32.82442748091603,11.600000000000001,0.015844514045098772,82.54437869822485,6.140000000000001,33.14350797266515,86.21867881548975,54.32801822323462,67.88154897494306,57.81071835803877,59.87649446887427,43.93592677345538,39.685576226393465
4533,協易機,機械,25.85,-0.19305019305018156,26449667.297500007,True,62.17123670956911,36.5016501650165,0.49,2026-06-01,False,40.0,-2.2684310018903515,-0.004201382070719014,62.66666666666667,-5.079999999999999,40.43280182232346,40.43280182232346,42.8246013667426,20.273348519362187,23.48916761687571,33.49054422952548,16.933638443935926,34.30174674082453
2442,新美齊,建設,19.5,0.7751937984496138,26413639.8,True,16.21150493898896,74.12541254125412,220.09,2026-06-01,False,79.3103448275862,0.775193798449605,0.035312453615992785,65.0,97.56333333333332,81.32118451025056,55.80865603644647,61.731207289293856,25.39863325740319,97.71949828962371,64.39583587660357,96.10983981693364,61.75525038703523
2547,日勝生,建設,10.2,0.990099009900991,26025692.1625,True,84.08759124087591,17.953795379537954,141.99,2026-06-01,False,8.620689655172415,0.9900990099009866,0.1806090473532601,87.93103448275862,77.05333333333334,7.289293849658314,57.061503416856496,92.71070615034168,79.6127562642369,96.80729760547321,66.69631145731333,93.82151029748283,55.91551424863039
3338,泰碩,電子零組件,61.6,0.1626016260162677,25988223.96,True,99.02860226659472,3.036303630363036,20.83,2026-06-01,False,4.0,-7.228915662650608,0.004934907380692281,69.44757609921082,15.096666666666664,2.7904328018223232,22.779043280182233,47.722095671981776,36.10478359908883,77.08095781071836,37.295462632758706,45.766590389016024,40.47069087743624
9925,新保,保全,40.15,0.5006257822277815,25265491.2125,True,3.130059363194819,85.87458745874588,3.31,2026-06-01,False,85.80990629183401,-3.0193236714975846,-0.10860346722864035,96.74698795180723,0.5066666666666668,87.01594533029613,36.44646924829157,8.200455580865604,94.19134396355354,37.28620296465222,52.62808341753181,20.137299771167047,66.22452995418129
9911,櫻花,五金及家具,83.1,1.218026796589533,25150161.735000003,True,27.522935779816514,63.4983498349835,6.72,2026-06-01,False,81.81818181818183,1.218026796589525,-0.11474362691964311,90.03250270855905,-0.5533333333333337,83.42824601366743,58.08656036446469,7.403189066059225,83.14350797266515,34.32155074116305,53.2766108316039,25.171624713958813,58.414204583956675
8147,正淩,電子零組件,121.5,2.1008403361344463,25133259.4,True,55.02994011976048,41.386138613861384,14.91,2026-06-01,False,66.66666666666666,-6.177606177606178,-0.04666913311687237,63.77952755905512,5.833333333333334,68.90660592255125,25.740318906605925,25.05694760820046,22.323462414578586,56.442417331813,39.693950436749844,36.84210526315789,50.58296367342045
5258,虹堡,電腦及週邊,47.75,1.3800424628449992,24976616.167499997,True,19.266625233064012,71.35313531353135,20.75,2026-06-01,False,79.66101694915254,-11.737523105360447,-0.10587699589222321,60.44303797468354,-5.52,81.6628701594533,10.70615034168565,8.88382687927107,15.717539863325742,22.5769669327252,27.90947083529219,45.65217391304348,58.08160839853422
4952,凌通,半導體,52.0,0.0,24644676.595,True,80.57204533189423,21.287128712871286,50.03,2026-06-01,False,29.770992366412212,5.05050505050505,-0.010587562702494708,85.9504132231405,23.143333333333334,29.84054669703872,74.03189066059225,39.066059225512525,75.39863325740319,86.88711516533637,61.044849001176615,75.11441647597255,51.58042644245555
4163,鐿鈦,醫療耗材,144.5,-0.6872852233676952,24454999.125,True,90.44792228818133,11.947194719471947,7.69,2026-06-01,False,2.857142857142857,16.06425702811245,0.08243399355093567,96.33333333333334,-4.333333333333333,1.8223234624145785,90.43280182232346,77.33485193621867,93.62186788154897,25.19954389965792,57.682277800432715,26.773455377574372,32.94621122480362
8478,東哥遊艇,機車船製造,142.0,2.898550724637672,24161248.775,True,3.6157582298974638,84.85148514851485,76.33,2026-06-01,False,91.66666666666666,-5.333333333333334,-0.11359492239272294,61.33909287257019,92.47333333333333,92.14123006833714,28.701594533029613,7.6309794988610475,17.312072892938495,97.26339794754846,48.60985498814294,86.61327231121282,66.8412451848647
3483,力致,電子零組件,71.5,1.4184397163120588,23616877.865000002,True,82.78467350242849,19.075907590759076,-18.47,2026-06-01,False,32.0,-7.979407979407983,-0.02399134942833909,53.558052434456926,-8.08,32.289293849658314,20.159453302961275,33.37129840546697,6.719817767653759,18.129988597491447,22.133970384646354,3.8901601830663615,30.68495462435429
6546,正基,通信網路,62.1,0.1612903225806539,23404794.08,True,23.934108527131784,66.7986798679868,-0.77,2026-06-01,False,74.0,2.985074626865679,-0.07009950054316633,69.0,1.98,76.0250569476082,65.71753986332574,15.034168564920272,34.51025056947608,42.30330672748004,46.71806453456207,15.274599542334096,40.02309179902316
6189,豐藝,電子通路,48.15,2.1208907741251393,23394213.740000002,True,44.468429573664324,50.79207920792079,4.49,2026-06-01,False,59.61538461538461,-1.8348623853210984,0.16997365088890157,85.07067137809187,2.92,60.59225512528473,42.59681093394077,91.11617312072893,73.34851936218679,46.29418472063854,62.78958865255595,21.39588100686499,53.184961140098935
1437,勤益控,物業管理,32.4,0.6211180124223503,22829841.724999998,True,13.221802482460873,77.02970297029704,71.22,2026-06-01,False,76.84069611780455,4.5161290322580605,0.010818245870832823,93.10344827586208,53.06333333333333,78.5876993166287,72.4373576309795,51.252847380410024,89.40774487471526,95.78107183580387,77.49334420770748,84.89702517162472,70.1137779329973
2015,豐興,基本金屬,64.5,1.2558869701726705,22713557.525,True,46.35725849973017,49.24092409240924,-9.73,2026-06-01,False,39.02439024390244,1.574803149606299,0.1952867791895699,91.48936170212765,-0.5099999999999998,39.63553530751708,60.250569476082006,94.64692482915717,87.12984054669704,34.54960091220068,63.24249421433079,7.322654462242563,43.45936521009367
6259,百徽,電子通路,29.85,-2.450980392156865,22531688.2075,True,28.25322391559203,62.70627062706271,82.68,2026-06-01,False,67.3076923076923,-14.10071942446043,0.006938214159311275,70.07042253521126,35.080000000000005,70.27334851936219,7.289293849658314,49.08883826879271,37.24373576309795,92.13226909920182,51.20549710002259,87.87185354691076,72.02491099492815
3556,禾瑞亞,半導體,63.0,2.1069692058346856,22437817.834999997,True,54.12844036697248,42.50825082508251,66.86,2026-06-01,False,54.961832061068705,1.4492753623188384,0.06461005701961695,78.35820895522387,35.61,56.71981776765376,59.56719817767654,71.75398633257403,57.061503416856496,92.36031927023946,67.49256499300006,83.4096109839817,59.40593349770385
1623,大東電,電纜,202.5,-0.24630541871921707,22363594.725,True,17.391304347826086,73.06930693069307,13.63,2026-06-01,False,54.54545454545454,-7.534246575342466,-0.20914713978743862,59.55882352941176,22.886666666666667,56.32118451025057,22.095671981776764,1.8223234624145785,14.009111617312072,86.54503990877993,36.15866629610678,34.66819221967963,45.72570409136638
3093,港建*,電子設備,47.15,-2.178423236514526,22357719.964999996,True,95.25094441446304,6.996699669966996,92.31,2026-06-01,False,9.090909090909092,-4.361054766734277,0.03511766095658116,62.367724867724874,86.42333333333333,7.744874715261959,31.32118451025057,61.50341685649203,19.81776765375854,97.03534777651083,43.48451830245479,89.47368421052632,46.42878551732406
6292,迅德,電子零組件,61.8,-0.6430868167202619,22205944.567500003,True,47.65245547760388,48.18481848184818,20.24,2026-06-01,False,74.0,21.893491124260343,0.03152104007429744,88.41201716738196,-22.33666666666667,76.0250569476082,94.30523917995444,60.02277904328018,80.29612756264237,8.665906499429875,63.86302184658301,44.96567505720824,51.74540509687609
6263,普萊德,通信網路,162.5,0.6191950464396356,22112916.425,True,84.51160280626013,17.425742574257423,4.21,2026-06-01,False,32.0,5.51948051948052,0.2581488141776522,86.20689655172413,-3.7233333333333336,32.289293849658314,75.17084282460137,97.9498861047836,75.85421412300684,26.45381984036488,61.543611348483,21.052631578947366,38.50632418175279
6156,松上,印刷電路板,21.1,0.23752969121140222,22098244.5225,True,99.6100278551532,1.914191419141914,55.51,2026-06-01,False,6.976744186046512,-11.344537815126047,0.04865851744261422,65.9375,20.513333333333335,5.694760820045558,11.389521640091116,67.08428246013668,28.132118451025057,84.03648802736602,39.26743427973289,78.26086956521739,50.17455679904922
4716,大立,樹脂,17.0,0.8902077151335286,21841804.944999997,True,58.17774458551157,39.273927392739274,-0.84,2026-06-01,False,35.714285714285715,-6.336088154269966,-0.059747008632534224,70.24793388429752,6.5133333333333345,36.10478359908883,25.28473804100228,18.678815489749432,37.92710706150342,59.521094640820984,35.503307766433,14.874141876430205,40.90532362400504
5236,凌陽創新,半導體,136.5,0.7380073800737907,21704451.375,True,27.64227642276423,63.300330033003306,12.78,2026-06-01,False,80.1526717557252,-9.30232558139535,-0.16262325318595178,73.19034852546918,-7.076666666666666,82.23234624145786,15.945330296127564,3.758542141230068,45.558086560364465,19.156214367160775,33.33010392126815,33.63844393592677,61.370886610405385
6218,豪勉,資訊服務,38.0,-1.4267185473411104,21307424.325,True,51.64750957854406,44.68646864686468,14.55,2026-06-01,False,19.565217391304348,14.8036253776435,0.08795897697847116,84.25720620842571,-10.189999999999998,19.020501138952163,89.40774487471526,78.70159453302962,72.09567198177676,16.191562143671607,55.083414934429086,36.38443935926773,34.523216901320346
4532,瑞智,家電製品,24.05,1.6913319238900826,21243670.4225,True,22.288181327576904,68.34983498349835,28.8,2026-06-01,False,61.111111111111114,-1.635991820040894,-0.1401315955081635,82.64604810996563,12.366666666666667,62.47152619589977,43.96355353075171,4.669703872437358,68.3371298405467,72.63397947548461,50.41517858302403,55.72082379862701,60.64148157608044
1307,三芳,石化,30.75,1.4851485148514865,20918893.3075,True,1.4031300593631948,89.04290429042905,11.11,2026-06-01,False,94.73684210526315,-5.674846625766875,-0.18555312399575813,82.2192513368984,1.5099999999999998,94.70387243735763,27.676537585421414,2.847380410022779,67.3120728929385,40.364880273660205,46.58094871988011,31.23569794050343,66.39377642134454
2491,吉祥全,家電製品,36.6,-4.062909567496719,20737139.130000003,True,0.10537407797681769,97.6897689768977,7.63,2026-06-01,False,100.0,20.792079207920793,-0.008943256317229966,83.18181818181819,2.833333333333333,98.91799544419135,93.73576309794989,40.31890660592255,69.4760820045558,45.9521094640821,69.68017132334035,26.65903890160183,50.32933831309978
2070,精湛,儀器設備,68.7,6.18238021638331,20626236.572499998,True,88.30749354005168,14.19141914191419,33.17,2026-06-01,False,14.123159303882197,29.62264150943397,-0.021565925109218193,83.37378640776699,7.170000000000002,13.097949886104784,97.26651480637814,34.28246013667426,69.93166287015946,61.345496009122,55.184816741687726,61.441647597254004,36.80118638678502
3484,崧騰,電子零組件,50.7,-1.74418604651162,20277731.250000004,True,60.550458715596335,37.755775577557756,9.04,2026-06-01,False,61.33333333333333,7.643312101910831,0.07586997530119205,89.7345132743363,10.169999999999998,62.64236902050114,80.29612756264237,75.39863325740319,82.57403189066059,67.95895096921323,73.7740225400841,28.37528604118993,48.323889847427324
6235,華孚,電子零組件,37.85,1.4745308310992078,20231042.0425,True,62.484472049689444,36.23762376237624,-3.96,2026-06-01,False,60.0,-3.443877551020411,0.12301438129469702,49.41253263707572,2.3400000000000007,61.218678815489746,34.851936218678816,85.6492027334852,4.100227790432802,43.78563283922463,45.92113567946224,11.098398169336384,35.391342139145024
9934,成霖,五金及家具,11.4,1.333333333333342,20133411.1625,True,86.91796008869179,15.51155115511551,29.84,2026-06-01,False,36.36363636363637,7.042253521126761,0.0570085198713563,95.0,17.36,36.78815489749431,79.27107061503416,70.61503416856492,91.57175398633257,80.15963511972633,71.68112975743045,57.09382151029748,51.545664944772554
1104,環泥,水泥製造,26.8,1.5151515151515138,20038341.145,True,18.456556934700487,71.81518151815182,-18.91,2026-06-01,False,57.14285714285714,0.9416195856873822,-0.11686268332889778,81.83206106870229,-10.273333333333333,58.712984054669704,56.71981776765376,7.175398633257403,66.4009111617312,16.077537058152792,41.017329735092964,3.6613272311212817,43.01385116996711
4128,中天,藥,15.25,1.6666666666666607,19972978.895000003,True,16.257088846880908,73.993399339934,11.86,2026-06-01,False,55.55555555555556,0.3289473684210573,-0.062352915488323134,59.4541910331384,5.94,57.28929384965832,53.75854214123007,17.425968109339408,13.78132118451025,57.01254275940707,39.853533608829025,32.151029748283754,37.36577566030556
3130,一零四,數位雲端,212.0,0.23640661938533203,19949445.425,True,0.16189962223421478,96.66666666666667,7.87,2026-06-01,False,91.66666666666666,2.912621359223301,-0.33887802750838775,92.57641921397381,-1.3333333333333348,92.14123006833714,65.48974943052391,0.22779043280182232,88.04100227790433,32.04104903078677,55.58816424807079,27.11670480549199,60.45229693030239
1720,生達,藥,57.1,1.9642857142857073,19720130.720000003,True,0.4317323259579061,92.9042904290429,9.11,2026-06-01,False,91.11111111111111,1.7825311942959003,0.006935738363697792,87.04268292682927,6.4799999999999995,91.45785876993166,61.27562642369021,48.9749430523918,77.22095671981776,59.293044469783354,67.64448588712295,28.489702517162474,58.97322289580542
5410,國眾,電子通路,35.9,0.27932960893854997,19397026.944999997,True,15.704263356718833,74.52145214521451,11.87,2026-06-01,False,78.84615384615384,-2.5780189959294515,-0.16224915970815976,74.79166666666667,-99.25333333333333,80.5239179954442,39.123006833712985,3.8724373576309796,48.17767653758543,2.0524515393386547,34.749898052742445,32.265446224256294,55.461008480893234
5432,新門,電子零組件,151.5,1.6778523489932917,19381736.165,True,28.25947334617855,62.64026402640263,18.54,2026-06-01,False,83.33333333333334,25.72614107883817,0.03376889987001274,81.89189189189189,25.06,84.90888382687926,96.24145785876993,60.70615034168565,66.62870159453303,88.14139110604333,79.32531694558224,42.44851258581236,49.43616003711368
1537,廣隆,電子零組件,120.0,-0.8264462809917328,19292208.65,True,55.36967080410145,41.12211221122112,14.05,2026-06-01,False,65.33333333333333,-4.0,-0.14913850933236716,91.25475285171103,9.416666666666668,66.74259681093395,32.687927107061505,4.328018223234624,86.33257403189066,66.70467502850627,51.35915824032541,35.12585812356979,63.87827546483322
8213,志超,印刷電路板,32.75,0.7692307692307665,18882973.93,True,96.70804101457097,5.082508250825082,26.05,2026-06-01,False,16.27906976744186,3.149606299212598,-0.10050669257160322,78.34928229665073,11.65,15.489749430523919,66.85649202733485,9.681093394077449,56.947608200455576,71.15165336374002,44.02531928322636,51.7162471395881,39.32427818580818
5306,桂盟,自行車組件,96.2,0.0,18848424.395000003,True,51.59201295196978,44.81848184818482,31.67,2026-06-01,False,44.77911646586345,4.678998911860715,0.08475367983814835,96.58634538152612,15.810000000000002,45.899772209567196,73.12072892938497,77.90432801822324,93.84965831435079,77.99315849486888,73.75352919327902,59.26773455377574,56.47410903707719
6994,富威電力,公用事業,35.0,0.5747126436781658,18726591.02,True,3.1088082901554404,85.94059405940594,26.62,2026-06-01,False,58.333333333333336,-14.00491400491401,-0.058586676169694284,34.48275862068966,-4.876666666666669,59.90888382687927,7.403189066059225,19.248291571753988,0.5694760820045558,24.059293044469783,22.23782671823336,53.03203661327232,51.52680186402423
1617,榮星,電纜,17.55,1.1527377521613813,18622477.91,True,20.525351252290776,70.16501650165017,39.58,2026-06-01,False,45.45454545454545,-8.831168831168828,0.018472513151702282,65.73033707865169,5.873333333333328,46.4123006833713,17.312072892938495,54.89749430523918,27.5626423690205,56.78449258836944,40.59380056778778,67.27688787185355,55.98493950782672
5228,鈺鎧,電子零組件,41.9,-1.527614571092828,18461989.3625,True,55.32407407407407,41.254125412541256,35.09,2026-06-01,False,66.0,-1.0625737898465237,-0.016240278254114063,54.98687664041994,-14.57333333333333,67.14123006833714,46.583143507972665,36.44646924829157,7.517084282460136,12.770809578107183,34.09174733703374,63.50114416475973,47.89407875189608
2461,光群雷,石化,18.15,1.1142061281337101,18439670.9225,True,82.07754206291149,19.735973597359735,2.86,2026-06-01,False,10.526315789473683,12.732919254658368,0.08944731838426169,90.29850746268654,-2.4466666666666668,9.225512528473805,87.58542141230068,78.92938496583145,83.94077448747153,29.98859749144812,57.933938177105105,19.107551487414188,31.17210427276471
5511,德昌,營造,72.8,2.5352112676056304,18401360.229999997,True,2.914193200215866,86.27062706270627,3.9,2026-06-01,False,86.66666666666667,-1.754385964912277,-0.10908909642568262,90.54726368159203,-3.47,87.52847380410023,43.16628701594533,7.972665148063782,84.28246013667426,27.48004561003421,50.085986342963565,20.59496567505721,62.30990314997159
6204,艾華,電子零組件,83.3,-0.23952095808383866,18392425.21,True,86.8861305990286,15.577557755775578,8.99,2026-06-01,False,25.333333333333336,13.179347826086962,-0.005603021928127376,66.64,0.9666666666666668,25.05694760820046,88.04100227790433,42.14123006833713,29.498861047835987,39.110604332953244,44.76972906704623,28.14645308924485,23.665314866844245
6561,是方,通信網路,323.0,0.9374999999999911,18209249.575,True,3.076092822450081,86.03960396039604,10.18,2026-06-01,False,89.0,-1.524390243902439,0.015232376546342645,72.99435028248588,15.64,89.29384965831434,44.874715261959,54.1002277904328,44.98861047835991,77.65108323831242,62.18169728547569,29.74828375286041,54.789007156893916
7703,銳澤,電子設備,179.0,1.1299435028248483,18141000.075,True,58.139534883720934,39.33993399339934,25.14,2026-06-01,False,64.93506493506493,-4.533333333333333,-0.0006250390353674624,61.93771626297578,10.686666666666667,66.4009111617312,30.637813211845106,44.30523917995444,18.678815489749432,69.327251995439,45.870006207743835,50.34324942791763,51.19629071688829
5530,龍巖,靈骨塔,50.1,0.4008016032064132,18023253.5775,True,66.4328116567728,32.87128712871287,-8.33,2026-06-01,False,32.86479250334672,3.0864197530864197,0.17232156601420137,86.08247422680412,0.45000000000000107,33.25740318906606,66.4009111617312,91.68564920273349,75.62642369020502,37.172177879133415,60.82851302457384,8.123569794050344,37.651621377897555
3444,利機,電子通路,79.8,4.724409448818889,17970245.315,True,83.70210469508905,18.67986798679868,17.06,2026-06-01,False,15.384615384615385,7.114093959731539,-0.035774970047941564,67.91489361702128,12.083333333333332,14.749430523917994,79.49886104783599,29.157175398633257,32.004555808656036,72.17787913340935,45.51758038249053,40.61784897025172,26.968243563747443
2387,精元,光電及I/O,36.25,1.2569832402234749,17799378.7925,True,68.07095343680709,31.815181518151814,-17.57,2026-06-01,False,39.189189189189186,-6.692406692406696,-0.21314270822788675,78.37837837837837,-4.503333333333332,39.863325740318906,24.601366742596813,1.5945330296127564,57.1753986332574,24.9714937286203,29.641223574881234,4.118993135011442,44.139087691497735
3219,倚強科,電子設備,69.9,1.0115606936416333,17690676.839999996,True,19.31575196008553,71.28712871287128,26.07,2026-06-01,False,81.81818181818183,10.078740157480324,0.003275955745773032,63.83561643835617,-5.513333333333332,83.42824601366743,83.7129840546697,46.583143507972665,22.55125284738041,22.690992018244014,51.79332368838684,51.94508009153318,43.552898724477835
4951,精拓科,半導體,77.3,1.0457516339869244,17631241.734999996,True,14.4880174291939,75.84158415841584,-3.71,2026-06-01,False,87.02290076335878,-5.036855036855047,-0.007483490852455064,55.214285714285715,-2.5533333333333337,88.04100227790433,29.271070615034166,41.11617312072893,7.858769931662871,29.646522234891677,39.186707636044396,11.441647597254006,44.51758729794676
4137,麗豐-KY,化妝美容,90.3,0.33333333333334103,17544590.96,True,8.958445763626552,80.3960396039604,22.6,2026-06-01,False,66.66666666666666,-3.93617021276596,-0.07318287465285309,77.51072961373391,18.44,68.90660592255125,32.80182232346242,14.009111617312072,54.441913439635535,81.29988597491447,50.29186785557515,47.94050343249428,59.62180011780467
6574,霈方,化妝美容,123.0,0.40816326530612734,17513324.95,True,0.053966540744738264,98.41584158415841,73.91,2026-06-01,False,100.0,-3.90625,-0.010002393080319133,79.87012987012987,27.096666666666664,98.91799544419135,33.14350797266515,39.749430523917994,60.820045558086555,89.39566704675028,64.40532930912227,86.04118993135012,78.15893074024072
6234,高僑,電子設備,35.45,0.4249291784702791,17440778.61,True,88.41427735517847,14.059405940594061,-15.81,2026-06-01,False,27.27272727272727,-0.2812939521800122,0.12296937803965702,57.17741935483871,-22.45,27.27790432801822,50.68337129840547,85.53530751708428,9.90888382687927,8.551881413911062,36.391469676859664,4.576659038901601,22.770018973848405
5508,永信建,建設,53.5,2.490421455938696,17291590.36,True,83.64813815434431,18.745874587458747,329.34,2026-06-01,False,12.068965517241379,2.687140115163145,0.10433558843757419,50.0,166.54333333333332,11.275626423690206,64.92027334851936,82.46013667425967,4.214123006833713,98.51767388825542,52.27756666831167,97.7116704805492,37.07028664063844
2243,宏旭-KY,汽車組件,40.1,0.24999999999999467,17081185.792499997,True,20.303030303030305,70.29702970297029,-40.08,2026-06-01,False,72.22222222222221,-26.286764705882348,-0.10729387166380466,60.75757575757576,-37.516666666666666,74.71526195899773,0.7972665148063782,8.656036446469248,16.059225512528474,4.903078677309008,21.026173822022166,1.6018306636155606,47.894762905083844
6161,捷波,電腦及週邊,50.3,-0.1984126984126977,16964255.057499997,True,48.13815434430653,47.98679867986799,42.67,2026-06-01,False,44.06779661016949,-3.454894433781198,0.07570025212476172,77.38461538461539,-5.263333333333335,44.64692482915717,34.7380410022779,75.28473804100227,54.1002277904328,23.033067274800455,46.36059978753412,69.67963386727689,58.42218637114724
2468,華經,資訊服務,34.95,1.0115606936416333,16920668.927500002,True,49.649217485159205,46.53465346534654,49.98,2026-06-01,False,21.73913043478261,-0.42735042735042333,0.024418432477640684,57.29508196721312,47.343333333333334,21.583143507972665,50.0,57.1753986332574,10.250569476082005,94.75484606613455,46.75279153668932,74.94279176201373,39.194126186517096
2530,華建,建設,19.55,2.894736842105261,16815936.2575,True,44.45497630331754,50.89108910891089,-96.97,2026-06-01,False,46.55172413793103,-2.0050125313283136,0.0037113464419924764,59.24242424242424,0.7666666666666799,47.83599088838269,41.45785876993166,46.924829157175395,12.984054669703873,38.08437856328392,37.4574224096955,0.2288329519450801,29.897754935024995
3066,李洲,光電及I/O,23.6,2.60869565217392,16811135.817500003,True,0.26702269692923897,95.24752475247524,49.95,2026-06-01,False,89.1891891891892,4.424778761061947,-0.047702312588804245,78.14569536423842,-2.213333333333331,89.40774487471526,71.98177676537586,24.715261958997722,56.15034168564921,30.444697833523378,54.53996462365228,74.71395881006865,62.072567151264316
1256,鮮活果汁-KY,飲料乳品,179.5,1.9886363636363535,16771983.15,True,22.018348623853214,68.67986798679868,52.28,2026-06-01,False,68.44042838018741,-4.521276595744681,0.05652005987095007,85.68019093078759,8.233333333333341,70.95671981776765,30.751708428246015,70.15945330296127,74.71526195899773,63.968072976054735,62.11024329680548,76.65903890160183,72.8948280625303
4306,炎洲,石化,15.35,0.32679738562091387,16511186.002499998,True,62.37018937080025,36.36963696369637,19.9,2026-06-01,False,42.10526315789473,4.421768707482996,0.16029335596332187,92.74924471299093,-8.09333333333333,42.76765375854214,71.86788154897495,89.749430523918,88.38268792710706,18.015963511972636,62.15672345410295,44.279176201373,50.890409084511816
8083,瑞穎,機械,159.5,0.6309148264984188,16503045.425,True,2.4284943335132216,87.06270627062706,-8.87,2026-06-01,False,97.14285714285714,1.9169329073482428,-0.03901844421686278,88.61111111111111,1.6966666666666654,96.01366742596811,61.958997722095674,28.35990888382688,80.75170842824602,41.163055872291906,61.64946766648573,7.780320366132723,55.64667462456279
6870,騰雲,數位雲端,261.0,-0.19120458891013214,16430152.85,True,13.220815752461323,77.0957095709571,54.55,2026-06-01,False,45.83333333333333,-2.973977695167286,-0.08615823972333955,79.0909090909091,-9.50333333333333,47.09567198177677,36.674259681093396,11.617312072892938,58.997722095671975,16.76168757126568,34.229330680540144,77.91762013729976,61.83418863341378
3622,洋華,光電及I/O,48.7,0.0,16231851.040000001,True,7.45945945945946,81.1881188118812,-19.47,2026-06-01,False,77.02702702702703,-8.458646616541353,-0.17692132117250747,66.7123287671233,-19.093333333333334,78.92938496583145,18.678815489749432,3.189066059225513,29.6127562642369,10.148232611174459,28.111651078043547,3.4324942791762014,48.323955004873774
2221,大甲,基本金屬,54.3,3.2319391634980876,16075699.425,True,89.80032379924447,12.73927392739274,34.65,2026-06-01,False,4.878048780487805,6.679764243614929,0.09052270543566222,92.97945205479452,11.006666666666664,3.3029612756264237,78.4738041002278,79.38496583143508,88.95216400911163,69.89737742303306,64.00225452788679,63.1578947368421,44.23480398033809
3716,中化控股,藥,36.05,4.040404040404044,16066549.489999998,True,1.1363636363636365,89.96699669966996,-5.39,2026-06-01,False,82.22222222222221,8.095952023987993,0.13956953246597176,100.0,-0.043333333333333,83.94077448747153,81.09339407744875,87.6993166287016,98.63325740318906,35.57582668187001,77.38851385573619,10.068649885583524,52.88732192469884
4555,氣立,機械,47.3,0.0,16055668.737500003,True,77.17231222385863,24.15841584158416,24.67,2026-06-01,False,11.428571428571429,2.0496224379719434,0.1206443950185973,81.41135972461274,7.290000000000003,10.421412300683372,62.52847380410023,85.19362186788155,64.69248291571755,61.45952109464082,56.859102396604705,49.88558352402746,40.617751234082036
3360,尚立,電子通路,15.6,-0.6369426751592355,15896429.079999998,True,99.50641658440277,2.112211221122112,95.16,2026-06-01,False,1.9230769230769231,-13.09192200557103,0.0007442896897284758,68.27133479212253,22.809999999999988,0.7972665148063782,8.769931662870158,45.558086560364465,32.687927107061505,86.20296465222349,34.8032352994652,89.81693363844394,53.63304889936042
6126,信音,電子零組件,29.25,-0.6791171477079749,15582070.522499999,True,92.93038316243928,9.702970297029703,59.02,2026-06-01,False,16.666666666666664,-6.847133757961779,-0.17567490137877115,68.02325581395348,4.4466666666666725,15.945330296127564,24.031890660592257,3.416856492027335,32.23234624145786,51.995438996579246,25.52437253735685,79.9771167048055,51.030725645449664
6026,福邦證,證券,14.65,1.0344827586207028,15564636.4875,True,16.34958382877527,73.92739273927393,1448.39,2026-06-01,False,62.5,1.7361111111111112,-0.10547686945085873,75.90673575129534,809.6866666666667,63.61047835990888,61.16173120728929,8.997722095671982,50.56947608200456,99.77194982896236,56.82227151476742,99.65675057208237,63.16874345167663
6425,易發,電子設備,59.0,2.076124567474058,15525993.699999997,True,40.86021505376344,53.53135313531353,25.87,2026-06-01,False,71.42857142857143,-1.0067114093959755,0.013477943968814972,57.56097560975609,-8.279999999999998,73.74715261958997,47.15261958997722,52.84738041002278,10.70615034168565,17.787913340935006,40.448243260442126,51.48741418764302,47.19702438973536
1522,堤維西,汽車組件,27.85,0.7233273056058032,15424776.852500001,True,79.60064759848893,22.211221122112214,70.02,2026-06-01,False,27.77777777777778,-1.763668430335097,0.0906725992804508,52.746212121212125,15.720000000000006,28.018223234624145,42.93849658314351,79.6127562642369,6.0364464692482915,77.87913340935006,46.89701119212059,84.43935926773455,43.888883097115865
6894,衛司特,資源回收,333.0,0.7564296520423675,15364565.225,True,18.787878787878785,71.61716171617162,44.54,2026-06-01,False,52.17391304347826,1.6793893129770994,-0.031824818459297174,81.41809290953546,-30.663333333333334,54.1002277904328,60.70615034168565,30.865603644646928,64.80637813211845,5.815279361459521,43.258727854068674,71.28146453089245,57.37048002793951
3024,憶聲,家電製品,13.7,1.8587360594795488,15346668.702499997,True,99.89206691851052,0.7260726072607261,-36.91,2026-06-01,False,5.555555555555555,3.396226415094334,0.029177547295540913,76.96629213483145,18.189999999999998,4.214123006833713,67.76765375854214,59.2255125284738,53.075170842824605,81.07183580387685,53.07085918811023,1.8306636155606408,22.838075926669205
9942,茂順,汽車組件,114.5,0.43859649122806044,15275248.675,True,17.215326497571507,73.20132013201321,26.64,2026-06-01,False,75.0,-6.910569105691057,-0.05450770195053797,91.23505976095618,9.506666666666668,77.33485193621867,23.519362186788154,21.64009111617312,86.10478359908885,66.9327251995439,55.10636280756254,53.203661327231124,73.28098366893762
6117,迎廣,電子零組件,61.1,0.16393442622950616,15253225.440000001,True,5.601659751037345,82.77227722772277,-11.35,2026-06-01,False,95.33333333333334,-10.014727540500742,-0.05969896425147484,63.77870563674322,-7.3533333333333335,95.10250569476082,14.123006833712983,18.79271070615034,22.209567198177677,18.92816419612315,33.831190925784995,6.006864988558353,52.298982761945965
6756,威鋒電子,半導體,97.2,2.5316455696202667,15199911.414999997,True,45.262390670553934,50.03300330033004,50.06,2026-06-01,False,66.41221374045801,0.9345794392523424,0.09820431540079505,86.4,22.88,67.76765375854214,56.60592255125285,81.43507972665148,76.30979498861048,86.43101482326112,73.70989316966362,75.28604118993135,65.68939184645778
6568,宏觀,半導體,126.0,0.3984063745019917,15194756.85,True,29.68159740960604,61.84818481848184,11.01,2026-06-01,False,79.38931297709924,-13.402061855670103,0.1366360445380774,45.98540145985402,2.073333333333334,81.54897494305239,8.428246013667426,87.24373576309794,2.3917995444191344,42.7594070695553,44.47443266675844,30.94965675057208,51.61554630609404
6996,力領科技,半導體,180.5,1.6901408450704203,15112418.8,True,17.51824817518248,72.83828382838284,49.96,2026-06-01,False,84.7328244274809,1.4044943820224718,-0.023044807311223877,89.13580246913581,6.829999999999998,86.21867881548975,59.111617312072894,33.82687927107062,81.54897494305239,60.43329532497149,64.22788913333143,74.8283752860412,70.8711029331276
5484,慧友,光電及I/O,40.7,1.750000000000007,15108020.447500002,True,5.797101449275362,82.50825082508251,224.33,2026-06-01,False,78.37837837837837,-1.4527845036319476,-0.007751646541323317,70.29360967184802,93.17000000000002,80.06833712984054,45.33029612756264,41.00227790432802,38.041002277904326,97.49144811858609,60.386672311644325,96.33867276887872,67.27942901226524
5263,智崴,其他電子,88.1,0.1136363636363491,14781154.075,True,69.43573667711598,30.957095709570957,90.23,2026-06-01,False,30.923694779116467,-9.8259979529171,-0.06294964976648515,70.48,19.10333333333334,31.09339407744875,14.69248291571754,17.084282460136674,38.61047835990888,82.32611174458381,36.76134991155913,89.24485125858124,61.06406019505533
3031,佰鴻,光電及I/O,22.65,2.488687782805421,14781048.020000001,True,94.27954668105775,8.085808580858085,27.04,2026-06-01,False,13.513513513513514,-6.211180124223603,0.044274812994511324,65.65217391304347,1.3533333333333317,12.414578587699317,25.626423690205012,65.37585421412301,26.993166287015946,39.68072976054732,34.01815050791812,54.004576659038904,41.94647446088729
3588,通嘉,半導體,52.2,-0.19120458891012104,14697500.925,True,50.43885313048566,45.940594059405946,46.38,2026-06-01,False,58.778625954198475,-5.26315789473684,-0.06744151404306933,68.77470355731225,18.636666666666667,60.250569476082006,29.043280182232344,15.489749430523919,34.054669703872435,81.64196123147093,44.096046004836325,72.31121281464532,59.39329295309185
2511,太子,建設,8.3,1.2195121951219745,14663229.938,True,57.31246627091203,39.66996699669967,76.56,2026-06-01,False,34.48275862068966,-2.4676850763807177,-0.14813835957034666,87.36842105263159,55.986666666666665,35.19362186788155,39.521640091116176,4.441913439635535,77.90432801822324,96.12314709236031,50.63693010184336,86.72768878718536,65.07599964554349
1436,華友聯,建設,38.6,1.5789473684210575,14615602.74,True,65.78521316783595,33.3993399339934,-79.41,2026-06-01,False,27.586206896551722,-0.6435006435006435,0.036939968245339204,47.361963190184056,-59.349999999999994,27.904328018223236,48.86104783599089,62.52847380410023,2.9612756264236904,3.30672748004561,29.11237055295673,0.4576659038901602,20.61555542813655
4119,旭富,藥,52.4,0.7692307692307665,14595222.51,True,93.78299120234604,8.712871287128712,36.15,2026-06-01,False,8.88888888888889,6.612410986775179,0.05449667667876445,85.06493506493507,55.30333333333333,7.517084282460136,78.13211845102505,69.58997722095673,73.23462414578587,95.89509692132269,64.8737802043101,64.35926773455377,41.74471442794368
3257,虹冠電,半導體,49.75,0.3024193548387011,14495562.0125,True,35.4020507285483,58.08580858085809,-42.5,2026-06-01,False,75.57251908396947,-5.95463137996219,-0.0004080180765214617,63.53767560664113,3.280000000000001,77.90432801822324,26.195899772209568,44.64692482915717,21.753986332574033,47.43443557582668,43.58711490559814,1.2585812356979404,43.68024895357141
2423,固緯,電子設備,75.4,2.44565217391306,14327259.37,True,84.0798704803022,18.05280528052805,26.66,2026-06-01,False,33.76623376623377,-1.0498687664041957,0.008086529154305563,88.91509433962264,6.286666666666665,34.39635535307517,46.924829157175395,50.0,80.97949886104784,58.551881413911055,54.1705129570419,53.31807780320366,55.44227571503782
2247,汎德永業,車輛買賣,224.5,1.1261261261261257,14239479.175,True,87.08771929824562,15.247524752475247,-6.99,2026-06-01,False,15.127175368139223,1.3544018058690745,0.20957384102330268,72.07062600321026,13.173333333333334,14.123006833712983,58.76993166287016,95.55808656036446,42.8246013667426,73.66020524515393,56.987166333768826,8.810068649885583,26.74693629686775
7728,光焱科技,電子設備,569.0,-2.7350427350427364,13942819.05,True,48.324022346368714,47.788778877887786,114.18,2026-06-01,False,70.12987012987013,-9.250398724082935,0.09811869639245077,63.43366778149387,75.94,72.66514806378133,16.173120728929387,81.32118451025056,21.526195899772212,96.69327251995439,57.675784344537576,91.9908466819222,67.50226747913659
6570,維田,電腦及週邊,55.0,-0.1814882032667886,13820318.98,True,64.86778197517539,33.993399339933994,23.79,2026-06-01,False,32.20338983050847,6.589147286821702,0.02122478690867983,83.96946564885496,1.9233333333333356,32.57403189066059,78.01822323462414,55.922551252847384,71.4123006833713,41.84720638540479,55.95486268938164,49.19908466819222,43.79179850189999
6902,GOGOLOOK,資訊服務,126.5,-3.065134099616862,13742600.725,True,0.0,99.3069306930693,36.46,2026-06-01,False,97.82608695652173,6.302521008403361,0.03404193045179466,85.76271186440678,8.023333333333333,96.81093394077449,77.10706150341686,61.16173120728929,74.82915717539863,63.169897377423034,74.61575624086046,64.98855835240275,64.88039699128976
6741,91APP*-KY,數位雲端,55.0,1.4760147601476037,13741176.505,True,0.0,99.3069306930693,32.45,2026-06-01,False,97.91666666666666,-2.1352313167259838,0.2248720631911938,66.99147381242388,0.393333333333338,96.9248291571754,40.888382687927106,96.12756264236903,29.954441913439634,36.94412770809578,60.16786882180138,60.297482837528605,61.57209280505413
4720,德淵,樹脂,17.9,1.1299435028248483,13661146.0725,True,58.39179708580679,39.07590759075907,25.06,2026-06-01,False,28.57142857142857,-11.386138613861391,0.01711409936849743,60.26936026936026,5.506666666666668,28.815489749430522,11.161731207289293,54.66970387243736,15.148063781321182,55.53021664766249,33.06504105162817,50.22883295194508,45.757663818851874
5609,中菲行,貨運倉儲,78.1,1.0349288486416475,13535917.469999999,True,60.49649217485159,37.95379537953795,35.26,2026-06-01,False,42.857142857142854,-1.6372795969773442,0.04986029846393409,93.08700834326578,6.496666666666666,43.45102505694761,43.8496583143508,67.65375854214123,89.29384965831434,59.40706955530216,60.73107222541123,63.84439359267735,63.18490249839713
3548,兆利,電子零組件,75.2,0.9395973154362469,13519995.135,True,96.43820831084727,5.214521452145215,7.06,2026-06-01,False,10.0,0.1331557922769754,0.1806925101876995,59.44664031620553,17.073333333333334,8.826879271070615,52.73348519362187,92.8246013667426,13.66742596810934,79.70353477765109,49.5511853154391,25.74370709382151,23.8761317848449
2453,凌群,資訊服務,51.6,0.3891050583657574,13409567.874999998,True,44.846195358877495,50.36303630363036,5.79,2026-06-01,False,28.26086956521739,-0.9596928982725527,0.021858072259009206,80.75117370892019,0.5366666666666662,28.473804100227788,47.722095671981776,56.03644646924829,62.64236902050114,37.62827822120867,46.50059869663353,23.226544622425628,41.6551555177932
2852,第一保,產險,29.2,5.605786618444841,13316149.5475,True,54.88397193739881,41.81518151815182,-6.81,2026-06-01,False,60.0,9.981167608286247,0.3123949148791111,100.0,-3.7199999999999998,61.218678815489746,83.48519362186788,99.54441913439635,98.63325740318906,26.567844925883694,73.88987878016535,9.038901601830664,46.3514110496604
8341,日友,資源回收,76.6,1.1889035667106862,13308139.825,True,0.26983270372369134,95.08250825082509,6.99,2026-06-01,False,93.47826086956522,0.0,0.110827323215725,83.71584699453551,-16.006666666666668,93.50797266514806,51.993166287015946,83.37129840546697,70.84282460136674,12.086659064994299,62.360384204798414,25.514874141876433,59.46812628034382
2419,仲琦,通信網路,24.5,2.083333333333326,13279754.6125,True,96.25095638867636,5.6105610561056105,-0.67,2026-06-01,False,6.0,-3.9215686274509802,0.1232484518702109,64.90066225165563,14.84,4.498861047835991,32.91571753986332,85.87699316628702,25.28473804100228,76.6248574686431,45.04023345272634,15.560640732265446,28.107130570310098
8076,伍豐,電腦及週邊,23.2,0.2159827213823018,13277626.937499998,True,87.21088435374149,14.983498349834983,8.5,2026-06-01,False,8.47457627118644,-3.1315240083507305,-0.05713375982254554,81.11888111888112,-23.05333333333333,7.061503416856492,35.876993166287015,20.045558086560362,63.55353075170843,8.209806157354619,26.949478315753385,27.91762013729977,40.66391528489442
6841,長佳智能,醫療耗材,53.4,1.7142857142857126,13231144.094999999,True,70.6081081081081,29.9009900990099,6.13,2026-06-01,False,11.428571428571429,-8.247422680412377,-0.07665573531989447,64.4927536231884,-6.066666666666667,10.421412300683372,19.248291571753988,13.211845102505695,24.4874715261959,20.86659064994299,17.64712223021639,23.569794050343248,34.80759657636713
6133,金橋,電子零組件,22.15,0.0,13150937.769999998,True,3.3063427800269904,85.28052805280528,15.35,2026-06-01,False,96.66666666666667,5.476190476190469,0.04340591246516827,76.51122625215889,8.033333333333333,95.78587699316628,75.05694760820046,65.03416856492026,51.93621867881549,63.397947548460664,70.24223187871263,37.29977116704806,52.49122980770734
5457,宣德,電子零組件,27.2,1.6822429906542036,13139436.247499999,True,73.93416082029141,26.732673267326735,2.95,2026-06-01,False,43.333333333333336,-9.933774834437086,-0.15203556536114793,52.61121856866537,2.62,43.96355353075171,14.350797266514807,4.100227790432802,5.922551252847381,44.925883694412775,22.652602706991892,19.450800915331808,38.746527108104026
6464,台數科,有線電視,79.0,0.0,13090958.49,True,73.44846195358878,27.260726072607262,-1.29,2026-06-01,False,27.17536813922356,-0.5037783375314933,-0.0174194568993729,98.75,-5.029999999999999,26.993166287015946,49.430523917995444,35.7630979498861,96.24145785876993,23.603192702394526,46.40628774321239,14.302059496567507,47.02653993108949
6122,擎邦,工程承攬,47.75,0.9513742071881603,13066597.209999999,True,27.196885428253616,63.82838283828383,20.25,2026-06-01,False,50.0,-5.818540433925055,-0.06419948069815451,76.15629984051037,24.19333333333333,51.5375854214123,27.220956719817767,16.40091116173121,51.252847380410024,87.68529076396807,46.81951828946787,45.08009153318078,55.16239190379633
7780,大研生醫*,藥,16.85,1.812688821752273,12957471.7825,True,2.6200873362445414,86.79867986798679,37.7,2026-06-01,False,64.44444444444444,-2.6011560693641576,0.07195064005813628,4.985207100591717,1.9266666666666694,66.05922551252847,38.83826879271071,74.37357630979498,0.11389521640091116,41.96123147092361,44.26923946047174,66.2471395881007,48.39549788107985
2537,聯上發,建設,11.65,0.8658008658008587,12914534.055,True,70.61032863849765,29.83498349834984,57.68,2026-06-01,False,25.862068965517242,5.909090909090913,0.1675281250959609,93.95161290322581,-1771.9133333333332,25.626423690205012,75.96810933940775,90.8883826879271,90.66059225512528,0.45610034207525657,56.71992166294808,79.06178489702516,54.84517287573692
4164,承業醫,醫療耗材,26.5,3.112840466926081,12892351.719999999,True,54.93793847814356,41.51815181518152,-38.16,2026-06-01,False,17.142857142857142,-2.7522935779816518,0.07193921382382798,51.25725338491296,-59.44333333333333,16.74259681093394,38.041002277904326,74.25968109339408,5.353075170842825,3.192702394526796,27.517811549520395,1.7162471395881007,21.442729210865135
5312,寶島科,醫藥通路,91.0,0.44150110375276164,12666100.425,True,26.11980572045332,64.88448844884488,9.54,2026-06-01,False,44.44444444444444,-9.0,-0.06480912276947144,79.47598253275109,-4.100000000000001,45.33029612756264,16.970387243735765,16.287015945330296,59.79498861047836,25.883694412770808,32.853276467975576,29.061784897025174,54.3041705978326
3169,亞信,半導體,100.0,0.0,12365598.125,True,57.204533189422555,39.93399339933993,31.41,2026-06-01,False,53.43511450381679,-2.912621359223301,-0.04861983694167628,81.30081300813008,19.83,55.125284738041,37.357630979498865,24.25968109339408,64.46469248291572,83.46636259977195,52.934730378724325,58.924485125858126,60.289207841829
6465,威潤,通信網路,45.75,-0.7592190889370909,12337330.0475,True,0.0,99.3069306930693,42.29,2026-06-01,False,99.0,-10.644531250000005,-0.08501978146085423,64.25561797752809,-55.34000000000001,97.60820045558086,13.097949886104784,11.958997722095672,23.917995444191344,3.8768529076396807,30.09199928312247,69.33638443935926,69.44115761325668
1532,勤美,機械,22.95,2.0000000000000018,12305581.21,True,67.00167504187606,32.541254125412536,20.39,2026-06-01,False,31.428571428571427,-1.2903225806451644,-0.09528802440891719,81.38297872340425,3.09,31.776765375854215,45.67198177676538,10.364464692482915,64.57858769931663,46.63625997719498,39.805611904322824,45.19450800915332,48.96946982688969
8942,森鉅,石化,42.0,1.8181818181818077,12289402.5975,True,10.415542363734485,79.63696369636963,-27.3,2026-06-01,False,84.21052631578947,11.40583554376657,0.16286432403294757,91.30434782608695,6.243333333333329,85.53530751708428,85.99088838268793,90.31890660592255,86.56036446469248,58.26681870011402,81.33445713410025,2.517162471395881,47.15548651762118
2427,三商電,資訊服務,22.2,1.1389521640091216,12205948.902500002,True,31.35456017269293,61.05610561056105,-11.68,2026-06-01,False,43.47826086956522,-4.310344827586207,0.05409211776672738,76.02739726027397,6.399999999999999,44.07744874715262,31.662870159453306,69.4760820045558,51.13895216400911,59.17901938426454,51.10687449188707,5.606407322654462,42.28998451859073
3558,神準,通信網路,124.0,0.4048582995951344,12160811.8,True,99.40636805180787,2.541254125412541,5.74,2026-06-01,False,4.0,-4.247104247104247,0.2633116395288287,70.65527065527066,15.183333333333334,2.7904328018223232,31.890660592255127,98.29157175398633,38.95216400911162,77.30900798175598,49.846767427786276,22.99771167048055,33.21241197228984
8476,台境*,資源回收,20.0,0.5025125628140836,12106606.5775,True,79.28709055876686,22.83828382838284,66.05,2026-06-01,False,34.78260869565217,-18.53360488798371,-0.08639361752095173,80.8080808080808,74.47333333333333,35.42141230068337,3.416856492027335,11.503416856492027,62.98405466970387,96.46522234891675,41.95819253356467,83.06636155606407,69.51374300860599
3546,宇峻,資訊服務,72.2,0.5571030640668662,12102162.250000002,True,40.74473826227739,53.663366336633665,44.44,2026-06-01,False,36.95652173913043,-0.9602194787380012,-0.00019384257240065796,83.27566320645904,-1.5833333333333357,37.47152619589977,47.60820045558087,44.760820045558084,69.70387243735763,31.470923603192702,46.20306854751781,71.05263157894737,57.65495743915598
3705,永信,藥,55.7,1.8281535648994485,12045180.4,True,79.43874797625472,22.574257425742577,-21.98,2026-06-01,False,20.0,3.531598513011163,-0.029911404853083155,93.77104377104378,-13.076666666666666,19.58997722095672,68.56492027334852,31.548974943052393,90.31890660592255,13.797035347776509,44.76396287821134,3.0892448512585813,36.10830210119733
8499,鼎炫-KY,其他電子,264.5,-1.6728624535315983,12040704.575,True,91.85105234754452,11.056105610561056,116.29,2026-06-01,False,10.943775100401606,-1.855287569573284,-0.04917591912672325,66.4572864321608,17.143333333333345,9.79498861047836,42.48291571753987,23.804100227790435,28.815489749430522,79.93158494868872,36.965815850785575,92.21967963386729,47.086810569059075
3051,力特,光電及I/O,22.45,1.3544018058690765,12017423.522499999,True,40.974866717440975,53.46534653465347,42.47,2026-06-01,False,56.75675675675676,-2.39130434782609,0.11053584523499037,72.88961038961038,18.016666666666666,58.54214123006833,39.863325740318906,83.25740318906605,44.760820045558084,80.95781071835803,61.47630018467388,69.45080091533181,58.22260911265983
4909,新復興,印刷電路板,38.5,3.7735849056603765,12013534.2225,True,60.94339622641509,37.491749174917494,-11.94,2026-06-01,False,74.4186046511628,0.0,0.20672820264354966,55.15759312320917,-18.229999999999997,76.76537585421413,51.993166287015946,95.33029612756265,7.744874715261959,10.490307867730902,48.46480417035711,5.377574370709382,34.47366466329238
1568,倉佑,汽車組件,29.2,2.0979020979020824,12002994.309999999,True,24.566473988439306,66.33663366336634,18.2,2026-06-01,False,66.66666666666666,0.0,-0.012998119884942672,58.634538152610446,-0.5399999999999991,68.90660592255125,51.993166287015946,37.699316628701595,12.072892938496583,34.43557582668187,41.02151152068946,41.87643020594965,42.71569069499538
1558,伸興,機械,103.0,3.3099297893681046,11998369.355,True,41.824069077172155,53.069306930693074,7.56,2026-06-01,False,71.42857142857143,14.82720178372352,0.14624544925753755,98.56459330143541,1.8399999999999999,73.74715261958997,89.52164009111617,88.26879271070615,95.67198177676538,41.27708095781072,77.69732963119768,26.31578947368421,51.55332094473084
1789,神隆,藥,19.45,2.638522427440626,11959099.600000001,True,99.94603345925526,0.19801980198019803,-3.91,2026-06-01,False,3.3333333333333335,-1.7676767676767748,-0.014077263731264241,68.84955752212389,4.306666666666667,2.164009111617312,42.8246013667426,37.12984054669704,34.39635535307517,51.539338654503986,33.61082900652722,11.212814645308924,26.237144435814702
8249,菱光,光電及I/O,40.5,1.8867924528301883,11801817.675,True,88.12736103615758,14.422442244224424,12.5,2026-06-01,False,23.64864864864865,-7.428571428571429,0.21470680255084446,63.084112149532714,-1.2933333333333348,23.462414578587698,22.4373576309795,95.67198177676538,21.184510250569478,32.383124287343215,39.02787770484905,33.18077803203661,38.84758630755357
5452,佶優,電子通路,26.7,0.0,11697266.1975,True,55.358134369794556,41.18811881188119,6.69,2026-06-01,False,44.230769230769226,-0.743494423791819,0.1536870621939967,67.680608365019,0.1966666666666672,44.98861047835991,48.63325740318907,89.17995444191345,31.662870159453306,36.60205245153934,50.21334898689101,24.94279176201373,38.24025374915947
2832,台產,產險,61.0,2.866779089376048,11628693.325,True,65.569347004857,33.5973597359736,7.27,2026-06-01,False,40.0,7.583774250440911,0.16081397034264144,100.0,-10.106666666666666,40.43280182232346,79.95444191343964,89.86332574031891,98.63325740318906,16.419612314709237,65.06068783879606,26.20137299771167,46.32824757744614
4104,佳醫,醫療耗材,71.7,0.42016806722688926,11570498.825,True,48.46195358877496,47.45874587458746,16.07,2026-06-01,False,22.857142857142858,1.7021276595744723,0.10844933456948155,81.10859728506787,6.08,22.722095671981776,60.933940774487475,83.02961275626424,63.43963553530752,57.69669327251995,57.564395602112185,39.07322654462242,41.07525424435606
1455,集盛,人纖,10.0,0.10010010010010895,11521165.3695,True,47.22222222222222,48.51485148514851,-13.94,2026-06-01,False,55.55555555555556,10.987791342952278,0.08605945786069347,90.9090909090909,-6.65,57.28929384965832,85.07972665148064,78.24601366742597,85.30751708428245,19.84036488027366,65.15258322662422,5.148741418764303,40.66645642530611
3518,柏騰,其他電子,28.7,3.6101083032491044,11425432.1525,True,6.055900621118012,82.24422442244224,-42.36,2026-06-01,False,82.1285140562249,8.712121212121215,-0.0802370342872153,73.7789203084833,-4.723333333333329,83.82687927107062,82.6879271070615,12.756264236902052,46.46924829157175,24.629418472063854,50.07394747573395,1.3729977116704806,37.24529954181284
1713,國化,染料及顏料,44.7,1.2457531143827971,11374595.187500002,True,13.05990286022666,77.35973597359735,-7.68,2026-06-01,False,66.66666666666666,-6.874999999999994,-0.27777972503835047,83.70786516853933,-19.03333333333333,68.90660592255125,23.804100227790435,0.683371298405467,70.72892938496584,10.262257696693272,34.877052906081246,8.581235697940503,56.10316769441679
6275,元山,電子零組件,44.2,-2.10409745293465,11293585.537499998,True,64.12429378531074,34.587458745874585,-6.28,2026-06-01,False,55.333333333333336,-0.33821871476888066,-0.08210380759849224,72.69736842105264,2.746666666666667,56.947608200455576,50.34168564920274,12.300683371298406,44.30523917995444,45.38198403648803,41.85544008747984,9.382151029748284,40.07332819023889
6909,創控,電子設備,40.4,2.7989821882951738,11293102.365000002,True,14.332247557003258,76.17161716171617,-32.1,2026-06-01,False,85.71428571428571,-6.481481481481491,0.009864453560021117,60.47904191616767,-56.766666666666666,86.84510250569475,24.715261958997722,50.91116173120729,15.831435079726653,3.534777651083238,36.36754778534193,1.9450800915331807,44.97658892948922
2545,皇翔,建設,34.1,1.6393442622950838,11233713.0525,True,83.89189189189189,18.48184818481848,-77.31,2026-06-01,False,10.344827586206897,1.488095238095238,0.04276461866689208,75.69367369589347,-56.77666666666667,8.997722095671982,59.68109339407744,64.69248291571755,50.0,3.4207525655644244,37.35841019420628,0.5720823798627002,24.97217777036431
6914,阜爾運通,其他運儲,148.5,0.0,11207972.4,True,10.714285714285714,79.33993399339934,11.19,2026-06-01,False,79.18340026773761,2.413793103448276,0.15015665206157794,95.80645161290322,2.9000000000000004,81.09339407744875,63.667425968109335,88.72437357630979,92.48291571753985,46.18015963511973,74.42965379490549,31.35011441647597,60.314749560838806
1580,新麥,機械,107.5,0.0,11147441.9,True,9.174311926605505,80.33003300330033,3.17,2026-06-01,False,94.28571428571428,-5.701754385964912,-0.023743319432893806,75.97173144876325,9.153333333333334,94.19134396355354,27.5626423690205,33.48519362186788,50.79726651480638,65.67844925883695,54.34297914561705,19.908466819221967,59.33360873214035
6498,久禾光,消費性電子,75.8,2.571041948579156,11118205.639999999,True,1.2987012987012987,89.3069306930693,8.38,2026-06-01,False,94.73684210526315,-6.419753086419757,0.08777287306213953,67.37777777777777,-16.576666666666668,94.70387243735763,25.17084282460137,78.5876993166287,30.979498861047837,11.516533637400228,48.19168941540715,27.57437070938215,57.02172479579656
1586,和勤,電子零組件,18.15,-0.27472527472527375,11050952.065000001,True,65.27777777777779,33.86138613861387,25.16,2026-06-01,False,54.0,0.8333333333333255,0.04676951777104771,59.70394736842105,12.536666666666665,55.523917995444194,56.03644646924829,66.17312072892938,14.123006833712983,72.97605473204105,52.966509351875175,50.45766590389016,41.01703606594976
3555,博士旺,數位雲端,166.5,4.062499999999991,11038352.9,True,24.68513853904282,66.13861386138615,119.54,2026-06-01,False,33.33333333333333,3.7383177570093453,-0.041489375187502904,60.32608695652174,-1165.88,33.769931662870164,69.13439635535308,27.44874715261959,15.261958997722095,0.798175598631699,29.282641953439327,92.33409610983982,43.057897603769746
1524,耿鼎,汽車組件,27.25,0.92592592592593,11000067.329999998,True,52.45547760388559,43.89438943894389,9.81,2026-06-01,False,50.0,3.219696969696975,0.18607365190652872,76.22377622377621,-0.33000000000000007,51.5375854214123,67.08428246013668,93.62186788154897,51.48063781321185,34.89167616875712,59.72320994901338,29.290617848970253,41.306139655864435
6417,韋僑,通信網路,109.0,1.869158878504673,10990769.45,True,0.053966540744738264,98.41584158415841,26.62,2026-06-01,False,95.0,-11.020408163265307,-0.05032139783586686,74.40273037542661,2.626666666666665,94.98861047835992,12.186788154897494,23.006833712984054,47.83599088838269,45.03990877993159,44.61162640291115,53.03203661327232,70.91746245627937
4129,聯合,醫療耗材,89.0,2.298850574712641,10945105.45,True,0.32379924446842956,94.32343234323433,17.08,2026-06-01,False,90.0,1.251422070534692,-0.09790636944047738,67.93893129770993,1.0299999999999976,90.09111617312074,58.428246013667426,9.79498861047836,32.11845102505695,39.22462941847206,45.9314862481591,40.78947368421053,51.142698717180195
8421,旭源,塑膠製品,13.45,2.281368821292773,10928078.057500001,True,67.12328767123287,32.40924092409241,46.59,2026-06-01,False,32.396251673360105,-11.221122112211228,0.17465787700296131,79.82195845697329,18.346666666666668,32.687927107061505,11.958997722095672,92.25512528473804,60.59225512528473,81.18586088939567,55.73603322571513,72.65446224256293,63.49391168820337
2745,五福,旅行社,88.3,0.5694760820045497,10851445.205,True,4.092526690391459,84.22442244224423,5.98,2026-06-01,False,100.0,-6.758183738120387,-0.11238820123022092,70.64,-7.366666666666669,98.91799544419135,24.4874715261959,7.744874715261959,38.724373576309794,18.814139110604334,37.73777087451267,23.340961098398168,59.12396464817586
2614,東森,百貨批發,18.3,0.5494505494505475,10772428.8,True,15.126050420168067,74.85148514851485,2.75,2026-06-01,False,61.904761904761905,0.5494505494505573,0.09800243132596319,77.37843551797042,7.736666666666667,63.097949886104786,55.01138952164008,81.20728929384966,53.98633257403189,62.25769669327252,63.11213159377979,18.76430205949657,45.20929874949829
2611,志信,貨運倉儲,16.0,3.2258064516129004,10766977.4325,True,23.37448559670782,66.996699669967,56.42,2026-06-01,False,71.42857142857143,12.280701754385964,-0.055474747271039807,98.15950920245399,-1.5100000000000051,73.74715261958997,87.24373576309794,21.070615034168565,95.33029612756265,31.584948688711517,61.79534964662612,78.48970251716247,65.08085387530429
2816,旺旺保,產險,36.5,6.725146198830401,10723553.33,True,18.05210918114144,72.34323432343234,22.17,2026-05-01,False,80.0,8.469539375928683,0.09655477019000186,100.0,-9.083333333333329,81.94760820045558,81.77676537585421,80.75170842824602,98.63325740318906,17.217787913340935,72.06542546421716,47.254004576659035,61.51452620111236
6150,撼訊,電腦及週邊,59.3,0.5084745762711895,10702426.940000001,True,60.60606060606061,37.68976897689769,-30.19,2026-06-01,False,35.59322033898305,3.130434782608691,0.15159217212499185,63.900862068965516,20.733333333333338,35.99088838268793,66.62870159453303,88.8382687927107,22.66514806378132,84.26453819840364,59.677509006423314,2.1739130434782608,23.55031197385362
9940,信義,仲介建經,20.8,1.4634146341463428,10588169.022499999,True,79.38478143550999,22.706270627062704,41.42,2026-06-01,False,22.623828647925034,3.482587064676613,0.09689125824441541,79.84644913627639,7.940000000000005,22.4373576309795,68.22323462414579,80.97949886104784,60.70615034168565,62.82782212086659,59.034812715745076,68.76430205949656,45.92114385200398
7765,中華資安,數位雲端,225.0,1.3513513513513598,10520737.625,True,3.91304347826087,84.48844884488449,6.47,2026-06-01,False,58.333333333333336,-0.4424778761061947,0.10564350137398236,64.1025641025641,-21.74,59.90888382687927,49.88610478359909,82.57403189066059,23.34851936218679,8.779931584948688,44.89949428965488,24.31350114416476,39.42119988740793
1336,台翰,電子零組件,17.25,-0.5763688760807018,10408018.504999999,True,88.12736103615758,14.422442244224424,29.61,2026-06-01,False,22.0,6.811145510835923,0.009408152336583707,93.24324324324324,22.583333333333332,21.753986332574033,78.81548974943053,50.56947608200456,89.97722095671982,86.08893956670467,65.44102253748672,56.52173913043478,47.359364167574526
8045,達運光電,通信網路,53.2,4.7244094488189115,10407046.765,True,21.21951219512195,69.43894389438944,6.34,2026-06-01,False,76.0,-16.614420062695917,-0.06299808532788079,41.5625,-30.76,78.13211845102505,4.89749430523918,16.970387243735765,1.2528473804100226,5.701254275940707,21.390820331270145,24.02745995423341,49.62873287010733
1442,名軒,建設,30.3,1.3377926421404673,10366731.275,True,49.357182783678034,46.99669966996699,26.79,2026-06-01,False,41.37931034482759,2.3648648648648622,0.005043560496726749,53.345070422535215,49.52666666666667,41.571753986332574,63.43963553530752,47.83599088838269,6.492027334851937,95.096921322691,50.887265813513146,53.432494279176204,34.514160016263304
1565,精華,醫療耗材,94.8,-0.10537407797682752,10321518.8,True,16.40582838640043,73.76237623762376,-16.8,2026-06-01,False,42.857142857142854,1.607717041800643,0.16478514853411735,62.99003322259136,-0.09333333333333371,43.45102505694761,60.478359908883824,90.66059225512528,20.842824601366743,35.461801596351194,50.17892068373493,4.3478260869565215,27.040828959096764
1419,新紡,成衣,64.5,1.7350157728706739,10227507.325,True,0.16189962223421478,96.66666666666667,17.98,2026-06-01,False,95.65217391304348,-1.9756838905775034,0.03401143153810529,80.82706766917293,-1.9766666666666666,95.44419134396355,41.7995444191344,60.933940774487475,63.21184510250569,31.014823261117446,58.48086898024171,41.64759725400457,64.62602232033485
4569,六方科-KY,電子零組件,160.5,0.31250000000000444,10125664.7,True,68.64064602960968,31.419141914191417,10.89,2026-06-01,False,50.0,1.9047619047619049,0.05455525199951613,78.29268292682927,2.1466666666666665,51.5375854214123,61.78815489749431,69.70387243735763,56.71981776765376,42.87343215507411,56.52457253579841,30.778032036613272,44.31182008204625
4549,桓達,儀器設備,102.5,2.499999999999991,10125520.295,True,73.0706961683756,27.623762376237625,3.61,2026-06-01,False,27.54350736278447,6.107660455486549,0.14246475072102632,70.44673539518901,12.0,27.790432801822323,76.65148063781321,87.92710706150342,38.496583143507976,71.94982896237173,60.563086521403726,20.36613272311213,27.500417007657305
6148,驊宏資,資訊服務,27.5,-0.36231884057971175,10085775.454999998,True,72.09929843497032,28.67986798679868,-2.86,2026-06-01,False,10.869565217391305,-5.821917808219176,0.01272604319542168,46.53130287648054,11.316666666666668,9.681093394077449,27.10706150341686,52.391799544419136,2.619589977220957,70.58152793614595,32.476214471056075,12.128146453089245,24.330442080242698
9924,福興,五金及家具,38.65,1.3106159895150737,10081654.430000002,True,60.38855909336212,38.15181518151815,-3.73,2026-06-01,False,63.63636363636363,-2.1518987341772187,0.1299492457899039,69.63963963963964,-0.5699999999999998,65.20501138952164,40.77448747152619,86.90205011389521,36.44646924829157,34.09350057012543,52.684303758672016,11.327231121281464,43.05105607189213
2228,劍麟,汽車組件,76.8,0.13037809647977738,10050107.475,True,78.03561791689152,23.762376237623762,2.24,2026-06-01,False,30.555555555555557,-3.396226415094343,0.09175174560209262,61.6867469879518,3.366666666666667,30.637813211845106,35.079726651480634,79.84054669703873,18.109339407744876,47.662485746864306,42.26598234299473,18.07780320366133,32.93630729294267
2032,新鋼,基本金屬,17.05,1.4880952380952328,10039948.2125,True,0.43559427504667086,92.8052805280528,11.99,2026-06-01,False,100.0,4.923076923076927,0.029539220981066615,91.42091152815014,-5.7333333333333325,98.91799544419135,73.80410022779044,59.56719817767654,87.01594533029613,21.7787913340935,68.2168061028096,32.608695652173914,61.18463404971773
6763,綠界科技*,數位雲端,41.9,0.0,10003335.165000001,True,0.8341056533827619,91.0891089108911,14.37,2026-06-01,False,79.16666666666666,-1.179245283018868,0.14276137528695107,61.708394698085414,1.4233333333333338,80.92255125284738,46.01366742596811,88.04100227790433,18.223234624145785,40.022805017103764,54.644652119593864,35.81235697940504,47.23611885760752
