stock_id,name,industry,close,day_change_pct,adv20,listed_ok,pe_hist_pct,value_pct,revenue_yoy,rev_month,bear_regime,value_ind_pct,momentum20,chip20_turnover,high52_prox,rev_accel,value_ind_pct_pool_pct,momentum20_pool_pct,chip20_turnover_pool_pct,high52_prox_pool_pct,rev_accel_pool_pct,composite,revenue_yoy_pool_pct,c2_score
2330,台積電,半導體,2415.0,0.8350730688935215,91790723679.5,True,97.347049269085,5.01002004008016,67.87,2026-06-01,False,5.384615384615385,-1.0245901639344261,-0.06787617925221566,96.21513944223108,29.383333333333333,3.6363636363636362,60.11363636363637,15.340909090909092,95.0,90.22727272727272,52.86363636363636,83.80843785632838,55.58279128226391
2408,南亞科,半導體,482.5,-1.329243353783227,36034171859.0,True,59.183673469387756,43.687374749499,621.34,2026-06-01,False,61.53846153846154,0.31185031185031187,0.018741141518283447,95.54455445544554,-68.26333333333332,62.95454545454545,66.25,54.20454545454545,93.86363636363636,3.1818181818181817,56.090909090909086,98.97377423033066,72.38548901212812
2454,聯發科,半導體,4015.0,-0.12437810945273853,35142930029.75,True,98.59231185706551,3.0728122912491647,2.8,2026-06-01,False,3.076923076923077,7.352941176470589,-0.011163802481874064,86.53017241379311,1.583333333333333,2.0454545454545454,85.56818181818183,37.04545454545455,76.13636363636364,41.47727272727273,48.45454545454545,20.182440136830103,28.199019125116617
2327,國巨*,電子零組件,602.0,-2.4311183144246407,33733128093.575,True,97.45533297238765,4.742818971275885,38.91,2026-06-01,False,9.45945945945946,-24.561403508771928,-0.050494427791581364,52.807017543859644,2.7733333333333334,8.181818181818182,2.9545454545454546,20.0,5.113636363636364,46.25,16.5,67.38882554161916,44.43243365813206
2308,台達電,電子零組件,1790.0,-0.8310249307479256,24230067279.75,True,92.42014076881429,13.426853707414828,55.43,2026-06-01,False,24.324324324324326,-5.291005291005291,-0.07000399371381091,71.03174603174604,7.763333333333335,24.943181818181817,42.61363636363637,14.659090909090908,36.25,62.95454545454545,36.284090909090914,78.56328392246294,49.285707344252096
2303,聯電,半導體,123.0,0.0,24200748844.325,True,71.03410936654033,34.90313961255845,22.85,2026-06-01,False,51.53846153846153,-25.903614457831324,-0.06354751633071742,68.90756302521008,5.706666666666667,52.27272727272727,1.7045454545454544,16.25,31.363636363636367,56.93181818181819,31.704545454545457,49.03078677309008,57.74065123872707
2344,華邦電,半導體,177.0,-0.5617977528089901,21719926895.825,True,44.353741496598644,56.379425517702074,189.88,2026-06-01,False,74.61538461538461,-1.9390581717451523,-0.02756013621300953,79.72972972972973,5.190000000000026,75.45454545454545,56.81818181818182,28.863636363636363,59.09090909090909,54.31818181818182,54.909090909090914,95.43899657924743,68.29156732663003
3037,欣興,印刷電路板,1000.0,0.8064516129032251,20864675343.05,True,86.68110449377369,19.57247828991316,36.31,2026-06-01,False,52.38095238095239,6.837606837606838,0.030694846676105184,92.16589861751152,4.20333333333334,53.18181818181819,84.0909090909091,60.22727272727273,87.04545454545455,51.47727272727273,67.20454545454547,65.56442417331813,55.42519695242044
3231,緯創,電腦及週邊,193.5,1.308900523560208,18100829893.975,True,59.66432051976177,43.28657314629258,53.85,2026-06-01,False,57.758620689655174,32.98969072164948,0.15120933554084187,99.23076923076923,-14.509999999999998,58.46590909090909,98.63636363636363,90.3409090909091,97.72727272727273,13.40909090909091,71.7159090909091,78.10718358038768,58.91600044055147
4958,臻鼎-KY,印刷電路板,471.5,-3.7755102040816335,18071926332.25,True,96.04764482945318,8.550434201736808,32.83,2026-06-01,False,20.238095238095237,-23.705501618122977,-0.07950365251242578,72.9876160990712,5.476666666666663,20.511363636363637,3.977272727272727,11.477272727272728,41.02272727272727,55.90909090909091,26.579545454545457,61.45952109464082,54.75408481911475
1303,南亞,石化,189.0,-0.5263157894736858,17896306908.775,True,55.243116578793206,47.42818971275885,31.79,2026-06-01,False,61.111111111111114,-16.923076923076923,-0.04466118211684899,83.07692307692308,4.263333333333328,62.32954545454545,10.454545454545453,21.818181818181817,68.125,51.81818181818182,42.90909090909091,59.97719498289624,69.99429874572407
3481,群創,光電及I/O,50.4,0.5988023952095745,15869804025.1375,True,91.02715466351829,14.829659318637276,17.25,2026-06-01,False,20.833333333333336,-13.84615384615385,0.005728226492884952,71.08603667136812,4.143333333333333,21.136363636363637,15.909090909090908,47.61363636363637,36.59090909090909,51.24999999999999,34.5,41.96123147092361,45.94485332227636
2317,鴻海,電腦及週邊,270.0,2.6615969581748944,14111696140.2,True,97.67190037899296,4.342017368069472,52.11,2026-06-01,False,8.620689655172415,12.97071129707113,0.16171743618768006,87.37864077669903,11.636666666666663,6.8181818181818175,92.27272727272727,92.04545454545455,77.72727272727272,71.47727272727272,68.06818181818183,76.96693272519954,42.309914999481705
3711,日月光投控,半導體,621.0,-1.2718600953895098,13651337174.5,True,95.20132377275235,10.02004008016032,32.86,2026-06-01,False,16.153846153846153,-9.077598828696926,-0.07592366646269257,85.41953232462174,5.976666666666663,15.454545454545453,28.749999999999996,12.727272727272727,73.4090909090909,57.95454545454546,37.659090909090914,61.63055872291904,55.43604877163885
6770,力積電,半導體,73.7,10.000000000000009,13494457054.3125,True,85.47854785478548,20.841683366733466,68.75,2026-06-01,False,33.84615384615385,-3.153745072273314,-0.027286084533823154,83.0890642615558,15.393333333333338,33.18181818181819,51.81818181818182,29.204545454545457,68.4090909090909,78.06818181818181,52.13636363636364,84.26453819840364,58.50931636778273
8046,南電,印刷電路板,1265.0,10.000000000000009,13329912660.95,True,81.28048780487805,25.517702070808284,50.03,2026-06-01,False,59.523809523809526,-10.60070671378092,-0.018142585827164544,89.39929328621908,8.256666666666668,59.88636363636364,23.522727272727273,33.52272727272727,81.02272727272727,64.54545454545455,52.5,75.42759407069556,73.2034894267648
2383,台光電,印刷電路板,5730.0,3.5230352303523116,12069710008.25,True,96.04764482945318,8.550434201736808,120.69,2026-06-01,False,20.238095238095237,12.795275590551181,-0.025791542108451096,94.24342105263158,11.043333333333337,20.511363636363637,91.93181818181819,29.772727272727273,91.93181818181819,70.56818181818181,60.94318181818183,92.47434435575826,53.24642699803047
3017,奇鋐,電子零組件,2910.0,5.434782608695654,11523916491.5,True,86.19382782891175,20.10688042752171,66.11,2026-06-01,False,35.810810810810814,34.41108545034642,0.08510613388796602,98.81154499151104,-0.013333333333335418,35.11363636363637,98.75,79.0909090909091,97.38636363636364,36.47727272727273,69.36363636363637,83.23831242873432,54.24707810718358
6669,緯穎,電腦及週邊,6025.0,1.6020236087689765,11246131808.75,True,63.14031180400891,40.480961923847694,29.79,2026-06-01,False,48.275862068965516,18.253189401373895,0.04725191812068387,96.16919393455706,3.9166666666666643,49.09090909090909,96.02272727272727,66.81818181818183,94.88636363636364,50.227272727272734,71.4090909090909,57.58266818700114,51.38430341038665
6488,環球晶,半導體,933.0,9.893992932862194,10902576120.65,True,96.7514889009204,6.479625918503674,-1.63,2026-06-01,False,8.846153846153847,-36.95945945945946,-0.04048096487503182,61.584158415841586,3.3899999999999997,7.329545454545454,0.5681818181818182,23.636363636363637,15.454545454545453,48.40909090909091,19.079545454545453,14.937286202964653,34.28829882346844
2337,旺宏,半導體,136.5,3.018867924528301,10086649509.53,True,99.91532599491956,0.4008016032064128,216.09,2026-06-01,False,0.7692307692307693,-8.080808080808081,-0.028463889485716376,73.58490566037736,34.22333333333333,0.22727272727272727,32.38636363636363,28.06818181818182,43.23863636363636,91.81818181818183,39.14772727272727,96.12314709236031,51.800673136726445
3189,景碩,印刷電路板,858.0,1.9002375296912177,9684516586.0,True,77.74193548387098,28.65731462925852,32.27,2026-06-01,False,64.28571428571429,1.5384615384615385,0.010524626518687146,96.29629629629629,1.5899999999999999,65.3409090909091,71.02272727272727,49.54545454545455,95.22727272727273,41.590909090909086,64.54545454545455,60.547320410490315,62.52319373898622
3008,大立光,消費性電子,4585.0,5.281285878300812,9494527758.0,True,94.36924742826204,10.92184368737475,-10.46,2026-06-01,False,15.0,13.490099009900991,-0.028459072335753476,88.25794032723773,-29.35666666666667,13.863636363636363,92.72727272727272,28.18181818181818,79.6590909090909,6.704545454545455,44.22727272727273,7.183580387685291,26.99475873328496
8299,群聯,半導體,2210.0,5.741626794258381,9181837808.0,True,74.17433676231727,32.06412825651302,301.0,2026-06-01,False,46.15384615384615,4.98812351543943,-0.015183810490594186,76.73611111111111,21.379999999999995,47.04545454545455,80.45454545454545,35.22727272727273,51.93181818181818,85.11363636363637,59.95454545454545,97.49144811858609,54.00354384782834
3443,創意,半導體,5130.0,3.5317860746720386,8605845010.5,True,97.18462371413102,5.277221108884436,103.72,2026-06-01,False,6.153846153846154,24.514563106796118,0.017002949350930375,89.52879581151832,-27.180000000000007,4.204545454545454,97.95454545454545,53.18181818181819,81.36363636363636,7.159090909090909,48.772727272727266,90.87799315849487,44.62290738053281
3665,貿聯-KY,電子零組件,2155.0,-2.0454545454545503,8351475735.0,True,97.23876556578234,5.143620574482298,63.79,2026-06-01,False,11.486486486486488,12.827225130890053,-0.009151625309039511,73.29931972789116,22.563333333333333,10.227272727272728,92.04545454545455,38.97727272727273,42.04545454545455,86.36363636363636,53.93181818181819,82.09806157354618,35.581333575204724
2382,廣達,電腦及週邊,325.5,3.1695721077654504,8327793926.1,True,65.94477531131565,38.276553106212425,102.87,2026-06-01,False,44.827586206896555,-14.566929133858267,-0.05328930151962684,78.05755395683454,-3.11666666666666,45.79545454545455,13.636363636363635,18.977272727272727,54.88636363636363,29.545454545454547,32.56818181818181,90.64994298745724,69.42384938322795
6274,台燿,印刷電路板,1600.0,-0.31152647975077885,7982436896.0,True,96.48077964266378,7.414829659318638,107.72,2026-06-01,False,15.476190476190476,11.498257839721255,-0.012954118195256764,84.21052631578947,-3.673333333333332,14.829545454545453,90.79545454545455,36.02272727272727,69.88636363636364,27.045454545454543,47.71590909090909,91.56214367160776,46.37064955426557
2368,金像電,印刷電路板,1000.0,3.734439834024905,7960586343.4,True,91.89349112426035,13.894455577822312,78.22,2026-06-01,False,35.714285714285715,-2.4390243902439024,-0.06008286057817883,66.88963210702342,3.576666666666668,34.88636363636364,54.659090909090914,17.386363636363637,26.30681818181818,49.31818181818181,36.51136363636364,86.88711516533637,48.35530151860682
3661,世芯-KY,半導體,4055.0,2.528445006321123,7665902173.5,True,75.74445046020574,30.62792251169005,15.39,2026-06-01,False,43.07692307692308,8.56760374832664,-0.018650091870825745,75.44186046511628,32.18000000000001,43.75,87.1590909090909,33.409090909090914,48.18181818181818,91.36363636363637,60.77272727272727,38.42645381984037,35.79979527314191
3105,穩懋,半導體,400.0,7.816711590296488,7297570235.5,True,72.6027397260274,33.60053440213761,29.55,2026-06-01,False,50.0,3.6269430051813467,0.0127231919843696,64.82982171799027,-10.029999999999998,50.73863636363637,77.27272727272727,51.24999999999999,21.022727272727273,17.045454545454543,43.465909090909086,56.89851767388826,37.846788509381156
6213,聯茂,印刷電路板,464.0,2.6548672566371723,7062232088.325,True,98.32160259880888,3.2732130928523713,47.94,2026-06-01,False,9.523809523809524,38.50746268656716,0.01245958367759594,100.0,17.596666666666664,8.352272727272728,99.31818181818181,51.02272727272727,99.20454545454545,80.79545454545455,67.73863636363636,73.94526795895096,45.54597608064684
2301,光寶科,電子零組件,259.5,-3.3519553072625663,7036854048.55,True,96.58906334596644,7.014028056112225,36.98,2026-06-01,False,14.864864864864865,20.13888888888889,0.09703530821771233,95.58011049723757,6.629999999999999,13.750000000000002,96.81818181818181,81.5909090909091,93.97727272727273,60.79545454545454,69.38636363636364,66.02052451539339,44.23240385612108
2360,致茂,電子設備,2195.0,5.528846153846145,6897658898.0,True,94.80238224147266,10.487641950567802,73.02,2026-06-01,False,24.0,15.223097112860891,-0.06282859952320878,83.61904761904762,-38.646666666666675,24.431818181818183,94.43181818181819,16.704545454545457,69.20454545454545,5.113636363636364,41.977272727272734,85.40478905359178,46.15233362703431
2313,華通,印刷電路板,209.0,-1.1820330969267157,6800027278.75,True,93.2322685435842,12.558450233800937,20.96,2026-06-01,False,33.33333333333333,-15.725806451612904,-0.009709518289935812,70.01675041876047,10.586666666666668,32.44318181818181,11.363636363636363,38.40909090909091,33.63636363636363,69.6590909090909,37.10227272727273,46.40820980615735,50.2810297242666
2345,智邦,通信網路,2215.0,3.74707259953162,6517089814.5,True,86.03140227395777,20.17368069472278,61.16,2026-06-01,False,32.69230769230769,-5.3418803418803416,-0.04353829676369829,80.54545454545455,3.9566666666666706,31.590909090909093,42.27272727272727,22.613636363636363,61.02272727272727,50.34090909090909,41.56818181818182,81.18586088939567,57.88169249507619
3653,健策,電子零組件,4470.0,9.963099630996307,6388528684.0,True,96.37249593936113,7.715430861723446,57.64,2026-06-01,False,16.216216216216218,36.28048780487805,0.01206144938860469,82.09366391184572,16.869999999999997,15.625,99.0909090909091,50.68181818181819,65.3409090909091,80.0,62.14772727272727,79.24743443557583,40.28060860889396
5483,中美晶,半導體,185.0,9.792284866468837,6330716421.975,True,90.42553191489363,15.497661990647963,7.61,2026-06-01,False,26.153846153846157,-33.45323741007194,-0.026080619561203243,66.54676258992805,3.2700000000000005,26.477272727272727,0.7954545454545454,29.545454545454547,25.0,47.95454545454545,25.95454545454545,27.594070695553018,44.5689722193428
8039,台虹,印刷電路板,227.0,5.092592592592582,6065273419.65,True,99.07958852192745,2.6052104208416833,-6.57,2026-06-01,False,7.142857142857142,25.068870523415974,-0.010206468727790043,88.671875,-4.130000000000001,5.3977272727272725,98.18181818181819,37.84090909090909,80.11363636363636,26.022727272727273,49.51136363636364,9.92018244013683,24.31243197367057
6182,合晶,半導體,103.0,9.57446808510638,5996246882.155001,True,98.12426729191091,3.807615230460922,14.11,2026-06-01,False,4.615384615384616,-42.618384401114206,-0.024420451882805002,54.35356200527705,4.426666666666668,2.840909090909091,0.22727272727272727,30.454545454545457,6.59090909090909,52.5,18.522727272727273,36.259977194982895,36.36613066238209
2449,京元電子,半導體,259.0,5.284552845528445,5952427474.175,True,95.93936112615052,8.817635270541082,28.64,2026-06-01,False,14.615384615384617,-15.63517915309446,-0.11403198840398603,73.1638418079096,-4.630000000000003,13.295454545454547,11.818181818181818,6.4772727272727275,41.70454545454545,25.0,19.65909090909091,55.98631698973774,49.79203379288899
6239,力成,半導體,281.5,-0.3539823008849585,5823441291.425,True,93.77368706009746,12.224448897795591,21.71,2026-06-01,False,20.0,-10.35031847133758,-0.0611706033871307,74.27440633245382,-6.433333333333334,19.772727272727273,24.431818181818183,17.045454545454543,44.88636363636363,20.56818181818182,25.340909090909086,47.5484606613455,46.943933347154555
3374,精材,半導體,330.0,-1.19760479041916,5764741678.75,True,90.15197568389057,15.831663326653306,61.01,2026-06-01,False,27.692307692307693,-17.91044776119403,-0.027452550022288625,78.94736842105263,17.686666666666667,27.954545454545453,8.977272727272727,28.97727272727273,57.04545454545455,81.02272727272727,40.79545454545455,80.95781071835803,64.24513449777132
2059,川湖,金屬製品,12045.0,-2.192448233861144,5758524412.25,True,98.64645370871685,2.972611890447562,220.52,2026-06-01,False,28.57142857142857,41.705882352941174,0.03630100588887984,97.80755176613886,63.28333333333333,28.465909090909093,99.6590909090909,62.5,96.70454545454545,96.36363636363636,76.73863636363636,96.35119726339795,55.465640224940394
3081,聯亞,半導體,2725.0,9.879032258064523,5714623487.25,True,83.88401888064733,22.778891115564463,128.14,2026-06-01,False,36.15384615384615,55.27065527065527,-0.012132923982675214,86.23417721518987,7.35333333333331,35.45454545454545,100.0,36.25,75.45454545454545,62.5,61.93181818181817,93.15849486887116,51.01689644449051
8150,南茂,半導體,92.2,-6.8686868686868685,5680849448.0,True,86.78938819707635,19.438877755511022,37.23,2026-06-01,False,33.07692307692307,-19.12280701754386,-0.04735100468484213,75.26530612244898,8.169999999999998,31.818181818181817,7.2727272727272725,20.56818181818182,47.72727272727273,64.20454545454545,34.31818181818181,66.36259977194983,59.65883176116928
8358,金居,印刷電路板,418.5,9.98685939553219,5372637120.3,True,88.9550622631294,17.468269873079493,43.37,2026-06-01,False,45.23809523809524,-9.513513513513514,-0.10614295137719187,59.785714285714285,3.18333333333333,46.02272727272727,27.27272727272727,7.2727272727272725,12.613636363636363,47.38636363636364,28.113636363636363,70.46750285062714,50.457784803565886
3260,威剛,半導體,409.5,0.9864364981504226,5074283319.05,True,0.05931198102016608,97.32798931195725,212.06,2026-06-01,False,99.23076923076923,0.3676470588235294,0.03771093495775254,78.0,14.72333333333333,97.1590909090909,66.5909090909091,63.18181818181819,54.659090909090914,77.04545454545455,71.72727272727273,96.00912200684151,70.30909868352856
4979,華星光,通信網路,561.0,10.000000000000009,5034316284.575,True,96.15806805708014,8.283233132932532,27.68,2026-06-01,False,17.307692307692307,36.829268292682926,0.040166815938676055,78.13370473537604,8.850000000000001,16.647727272727273,99.20454545454545,63.74999999999999,55.11363636363637,65.68181818181819,60.07954545454545,55.188141391106036,31.936239893231058
2409,友達,光電及I/O,26.25,0.5747126436781658,4811718576.222501,True,99.88584474885845,0.6012024048096193,13.83,2026-06-01,False,1.3888888888888888,-7.243816254416964,-0.02102829925788108,80.27522935779817,11.18,0.5681818181818182,35.56818181818181,32.27272727272727,60.340909090909086,70.79545454545455,39.909090909090914,35.57582668187001,40.229183943194776
6505,台塑化,輕油裂解,70.2,-1.2658227848101111,4650521918.7300005,True,1.391304347826087,92.71877087508351,18.46,2026-06-01,False,92.84750337381917,-3.5714285714285636,0.026537085983419573,75.32188841201717,-7.656666666666663,92.27272727272727,50.227272727272734,57.95454545454546,48.06818181818181,19.090909090909093,53.52272727272727,43.10148232611174,58.30377967243702
6223,旺矽,半導體,6600.0,4.51306413301662,4560688592.5,True,99.45858148348673,2.070808283233133,65.07,2026-06-01,False,2.307692307692308,4.265402843601896,-0.00815119648551325,89.43089430894308,6.576666666666661,1.25,78.52272727272728,39.77272727272727,81.13636363636364,60.68181818181818,52.27272727272727,82.66818700114025,46.63295584119415
6147,頎邦,半導體,156.5,-3.095975232198145,4512903906.35,True,96.3183540877098,7.849031396125585,27.06,2026-06-01,False,11.153846153846155,-23.4718826405868,0.031152645776744738,51.227495908346974,3.6233333333333313,10.056818181818182,4.318181818181818,60.45454545454545,4.090909090909091,49.65909090909091,25.715909090909086,54.73204104903079,41.14039662589406
5274,信驊,半導體,17370.0,5.65693430656935,4477832325.0,True,90.36275040606388,15.564462257849032,67.47,2026-06-01,False,26.923076923076923,24.964028776978417,0.007213100796797169,90.11673151750973,-5.1299999999999955,27.15909090909091,98.06818181818183,48.18181818181818,82.38636363636364,23.806818181818183,55.92045454545455,83.69441277080958,48.792921374520574
7769,鴻勁,電子設備,6480.0,2.0472440944881987,4423874037.75,True,31.176470588235293,65.93186372745491,106.54,2026-06-01,False,89.33333333333333,-3.571428571428571,-0.0032504139367799476,78.4503631961259,5.8700000000000045,89.54545454545455,50.11363636363636,42.61363636363637,56.13636363636364,57.49999999999999,59.18181818181819,91.1060433295325,71.66855628692858
5347,世界,半導體,159.5,0.9493670886076,4411509351.7,True,96.1017866811045,8.3500334001336,33.57,2026-06-01,False,13.076923076923078,-14.47721179624665,-0.07076959927742081,72.5,12.693333333333332,11.931818181818182,14.09090909090909,14.545454545454545,39.31818181818182,73.63636363636363,30.70454545454545,62.485746864310144,49.911209443350266
3450,聯鈞,通信網路,507.0,7.0749736008447695,4401879611.325,True,85.54077501445923,20.57448229792919,88.18,2026-06-01,False,36.53846153846153,5.625,0.03636461841692465,82.84313725490196,26.98333333333334,36.19318181818182,82.04545454545455,62.61363636363636,67.5,89.20454545454545,67.51136363636364,88.59749144811857,52.561304680211464
6446,藥華藥,藥,1440.0,-1.3698630136986356,4332036101.75,True,58.75912408759124,44.15497661990648,94.88,2026-06-01,False,25.0,9.090909090909092,0.002885185948355659,94.11764705882352,4.313333333333333,25.624999999999996,87.95454545454545,46.13636363636363,91.19318181818183,52.27272727272727,60.63636363636364,89.62371721778791,54.62183839535608
2492,華新科,電子零組件,288.0,-4.159733777038266,4305564555.15,True,86.78938819707635,19.438877755511022,25.84,2026-06-01,False,33.78378378378378,-24.010554089709764,-0.12281344557508803,46.677471636953,6.386666666666667,32.95454545454545,3.6363636363636362,6.0227272727272725,2.3863636363636367,59.65909090909091,20.93181818181818,51.938426453819844,45.910742977091324
3026,禾伸堂,電子零組件,685.0,6.037151702786381,4110067605.9,True,97.50947482403897,4.676018704074816,33.9,2026-06-01,False,8.783783783783784,-18.257756563245824,0.011617799487239015,68.1592039800995,8.446666666666665,7.159090909090909,8.409090909090908,50.45454545454545,28.97727272727273,65.0,32.0,62.941847206385404,47.66727998341453
5289,宜鼎,半導體,1520.0,3.401360544217691,3937426266.0,True,3.9523551705468325,88.4435537742151,696.31,2026-06-01,False,92.3076923076923,3.4013605442176873,-0.04839450225202233,76.38190954773869,56.23666666666668,91.875,76.5909090909091,20.34090909090909,50.68181818181819,96.25,67.14772727272728,99.2018244013683,66.29193337306936
6139,亞翔,電子設備,811.0,-0.12315270935960854,3649191561.25,True,85.43584190579317,20.908483633934534,49.7,2026-06-01,False,37.333333333333336,-9.385474860335195,-0.08952110829054634,84.92146596858639,-24.816666666666663,36.70454545454545,27.727272727272727,9.545454545454547,71.70454545454545,7.954545454545454,30.72727272727273,74.9144811858609,63.89907484191977
1326,台化,石化,59.6,2.405498281786933,3475775455.3700004,True,55.41153596889177,47.22778891115564,11.59,2026-06-01,False,55.55555555555556,-15.819209039548019,-0.00913649456340682,83.12412831241282,-6.833333333333332,55.79545454545455,11.25,39.09090909090909,68.63636363636364,19.943181818181817,38.94318181818182,32.611174458380844,61.44824816004976
2357,華碩,電腦及週邊,852.0,1.5494636471990564,3460605580.25,True,68.11044937736871,37.00734802939212,55.63,2026-06-01,False,41.37931034482759,19.662921348314608,0.2608899933480784,91.51450053705693,18.75,41.93181818181818,96.47727272727272,98.06818181818183,85.22727272727273,82.1590909090909,80.77272727272728,78.79133409350057,52.36828806882969
3163,波若威,通信網路,718.0,5.1244509516837455,3371094314.0,True,85.59826746074715,20.507682030728123,-11.53,2026-06-01,False,34.61538461538461,-4.774535809018567,-0.02255837954831262,55.44401544401545,-23.176666666666666,33.92045454545455,45.22727272727273,31.590909090909093,7.727272727272727,8.409090909090908,25.375,6.442417331812998,25.715717969316884
6442,光聖,通信網路,1595.0,10.000000000000009,3292001184.25,True,75.52447552447552,30.928523714094858,1.65,2026-06-01,False,48.07692307692308,11.538461538461538,-0.041814957259188094,67.29957805907173,-32.17,48.80681818181819,90.9090909090909,23.18181818181818,27.045454545454543,5.909090909090909,39.17045454545455,19.04218928164196,25.996342774955945
2379,瑞昱,半導體,766.0,-0.7772020725388629,3291663041.25,True,89.98375744450459,16.39946559786239,20.6,2026-06-01,False,28.46153846153846,1.7264276228419653,0.0029254389681114433,85.11111111111111,2.6833333333333336,28.295454545454547,71.70454545454545,46.25,72.27272727272728,46.02272727272727,52.909090909090914,45.9521094640821,43.703936456929625
6187,萬潤,電子設備,1155.0,10.000000000000009,3145971109.65,True,83.16188413643746,23.446893787575153,87.06,2026-06-01,False,44.0,6.944444444444445,0.03738437460676024,83.09352517985612,34.73666666666667,44.65909090909091,84.20454545454545,62.84090909090909,68.52272727272727,91.93181818181819,70.43181818181819,88.36944127708097,54.33667850108843
2634,漢翔,機車船製造,61.7,-1.7515923566878921,3078000990.645,True,62.15484569572279,41.28256513026052,7.23,2026-06-01,False,33.33333333333333,-9.663250366032203,-0.014717426977156318,86.2937062937063,-5.553333333333331,32.44318181818181,26.590909090909093,35.340909090909086,75.56818181818183,22.840909090909093,38.55681818181818,27.137970353477765,52.13960622473308
2395,研華,電腦及週邊,686.0,3.782148260211793,3068282880.0,True,99.62100703844071,1.9372077488309953,73.39,2026-06-01,False,5.172413793103448,28.705440900562852,0.00996568250222197,100.0,26.68999999999999,3.295454545454545,98.4090909090909,49.20454545454545,99.20454545454545,88.75,67.77272727272728,85.63283922462942,47.43093707888463
2455,全新,半導體,384.5,4.625850340136051,3049550770.275,True,91.12073632918246,14.629258517034069,23.55,2026-06-01,False,25.384615384615383,21.870047543581617,0.005853758962383781,86.59909909909909,-12.38666666666666,26.022727272727273,97.5,47.72727272727273,76.47727272727273,14.772727272727273,52.5,49.60091220068415,38.65022805017104
1301,台塑,石化,56.2,1.0791366906474753,2934224436.335,True,72.29254571026723,33.86773547094188,-2.69,2026-06-01,False,38.88888888888889,-14.45966514459665,-0.035068447619408326,84.89425981873111,-6.453333333333333,39.03409090909091,14.204545454545455,25.454545454545453,71.47727272727272,20.454545454545457,34.125,13.683010262257698,52.49745711101897
8996,高力,其他電製品,1170.0,9.859154929577475,2875179950.6,True,90.14618299945857,15.898463593854375,37.56,2026-06-01,False,14.285714285714285,-1.2658227848101267,-0.05093343052206062,73.58490566037736,-16.979999999999997,13.125,59.20454545454545,19.886363636363637,43.23863636363636,11.477272727272728,29.386363636363633,66.59064994298745,40.93743521301959
3324,雙鴻,電子零組件,1050.0,0.4784688995215225,2783515647.0,True,53.32972387655658,48.897795591182366,62.13,2026-06-01,False,73.64864864864865,17.1875,0.07314778880823124,82.03125,-3.463333333333331,74.88636363636364,95.79545454545455,76.13636363636364,65.22727272727272,27.954545454545453,67.99999999999999,81.64196123147093,56.490035762413186
3491,昇達科,通信網路,1320.0,3.529411764705892,2757284708.4,True,94.42036836403034,10.821643286573146,89.38,2026-06-01,False,23.076923076923077,10.460251046025103,-0.010493419345029313,60.0,12.510000000000005,23.579545454545457,89.77272727272727,37.5,12.954545454545455,73.29545454545455,47.42045454545455,88.93956670467503,33.925232585259664
3036,文曄,電子通路,217.5,-1.1363636363636354,2716944414.1,True,68.65186789388197,36.506346025384104,188.09,2026-06-01,False,40.38461538461539,8.75,-0.04727558286448317,72.13930348258707,48.26333333333332,40.85227272727273,87.55681818181819,20.681818181818183,38.63636363636363,95.0,56.54545454545455,95.32497149372861,46.81419741888669
2376,技嘉,電腦及週邊,375.5,7.132667617689026,2716316244.075,True,59.12290200324851,43.75417501670007,68.55,2026-06-01,False,60.3448275862069,9.156976744186046,0.09901613849845402,94.11027568922306,19.486666666666665,61.59090909090909,88.18181818181819,81.93181818181819,91.02272727272728,83.29545454545455,81.20454545454547,84.03648802736602,62.11707655229605
3211,順達,電子零組件,412.0,3.0000000000000027,2703385876.4,True,99.94585814834868,0.13360053440213762,20.63,2026-06-01,False,0.6756756756756757,-3.51288056206089,-0.002523584402059547,87.84648187633263,11.156666666666666,0.11363636363636363,50.68181818181819,42.84090909090909,78.75,70.68181818181817,48.61363636363636,46.06613454960091,43.561988182854776
3532,台勝科,半導體,312.0,9.859154929577475,2659818516.3,True,96.7514889009204,6.479625918503674,23.71,2026-06-01,False,8.846153846153847,-40.344168260038245,-0.00959527802862255,59.65583173996176,2.986666666666668,7.329545454545454,0.3409090909090909,38.52272727272727,12.386363636363637,46.93181818181818,21.102272727272727,49.71493728620297,42.27248432155074
2881,富邦金,金融控股,127.0,-0.78125,2635181242.1,True,86.95181375203032,19.171676686706746,155.03,2026-05-01,False,46.15384615384615,-1.1673151750972763,0.1278932272346727,91.69675090252709,-16.25,47.04545454545455,59.43181818181819,87.72727272727273,85.68181818181819,12.15909090909091,58.409090909090914,94.64082098061574,66.98406888151757
2891,中信金,金融控股,66.6,-0.29940119760479833,2608001799.7650003,True,95.12723335138061,10.08684034736139,-17.9,2026-06-01,False,23.076923076923077,4.881889763779519,0.17827803238173118,91.98895027624307,-499.2299999999999,23.579545454545457,80.0,93.75,86.81818181818181,1.25,57.07954545454545,4.3329532497149374,33.68267013061055
6515,穎崴,半導體,7170.0,3.6127167630057855,2595646949.0,True,93.99109792284867,11.623246492985972,287.9,2026-06-01,False,17.692307692307693,-1.1716057891109581,-0.0648937637825795,66.41963872163038,135.16666666666666,17.272727272727273,59.31818181818181,15.909090909090908,24.431818181818183,98.29545454545455,43.04545454545455,97.37742303306727,44.94094666735773
2481,強茂,電子零組件,139.0,-1.7667844522968212,2588466461.675,True,97.60712298274903,4.542418169672679,27.37,2026-06-01,False,7.4324324324324325,-20.34383954154728,-0.08051843803099867,61.0989010989011,10.773333333333333,5.681818181818182,6.136363636363637,11.363636363636363,14.431818181818182,70.3409090909091,21.59090909090909,54.96009122006842,42.234340986835285
2377,微星,電腦及週邊,169.0,9.740259740259738,2541502516.325,True,42.28478613968598,58.583834335337336,-9.23,2026-06-01,False,70.6896551724138,13.804713804713806,0.1239063003434542,100.0,9.176666666666666,71.47727272727272,93.29545454545455,87.1590909090909,99.20454545454545,66.25,83.47727272727272,8.323831242873432,46.427548719809266
6805,富世達,電子零組件,1835.0,2.5139664804469275,2530600608.75,True,11.676646706586826,82.6319305277221,32.66,2026-06-01,False,95.94594594594594,31.54121863799283,-0.004597374129708493,82.84424379232506,-10.31666666666667,94.88636363636364,98.52272727272727,41.47727272727273,67.61363636363636,16.477272727272727,63.79545454545455,61.00342075256556,56.24517336995957
2451,創見,半導體,294.5,2.9720279720279796,2481220592.0,True,0.6497022198159177,94.5557782231129,381.55,2026-06-01,False,96.92307692307692,16.40316205533597,-0.004135122262771615,81.01788170563961,-100.38666666666666,95.56818181818181,95.11363636363637,41.93181818181818,62.272727272727266,2.159090909090909,59.409090909090914,98.4036488027366,65.28273038250232
3006,晶豪科,半導體,274.0,2.4299065420560817,2480113607.075,True,18.354430379746837,76.68670674682699,328.35,2026-06-01,False,83.84615384615385,14.644351464435147,0.08148931890367941,99.45553539019963,3.5600000000000023,85.0,93.97727272727273,78.75,97.95454545454545,49.20454545454545,80.97727272727272,97.71949828962371,71.67419275422411
6531,愛普*,半導體,878.0,5.655836341756926,2431195354.85,True,64.00996264009963,39.879759519038075,59.48,2026-06-01,False,57.692307692307686,-6.892895015906681,0.010102064101150528,73.78151260504202,-21.086666666666666,58.18181818181818,37.04545454545455,49.31818181818181,43.63636363636363,9.431818181818182,39.522727272727266,80.38768529076397,61.2901031408728
2412,中華電,通信網路,136.0,0.0,2380236146.525,True,76.61072008662696,29.392117568470272,11.4,2026-06-01,False,44.230769230769226,2.2556390977443606,0.3270528282402802,92.83276450511946,3.2666666666666675,44.94318181818181,72.95454545454545,99.77272727272727,88.75,47.840909090909086,70.85227272727272,32.383124287343215,48.280440162744895
3042,晶技,電子零組件,181.5,1.3966480446927276,2367993112.45,True,97.94260963724959,4.041416165664663,19.98,2026-06-01,False,4.72972972972973,-4.221635883905013,0.032028129389055714,72.89156626506023,9.346666666666668,2.9545454545454546,48.06818181818181,60.79545454545454,40.79545454545455,67.04545454545455,43.93181818181819,45.03990877993159,35.18043174043744
2404,漢唐,電子設備,1135.0,-1.30434782608696,2343594875.25,True,91.06659447753113,14.729458917835672,50.9,2026-06-01,False,28.000000000000004,-11.673151750972762,-0.06018792859161501,81.94945848375451,-28.48000000000001,28.06818181818182,20.227272727272727,17.272727272727273,64.88636363636363,7.045454545454545,27.499999999999993,76.28278221208666,62.252513734839845
3034,聯詠,半導體,537.0,-0.18587360594795044,2261473969.8,True,83.4325933946941,23.246492985971944,18.96,2026-06-01,False,36.92307692307693,13.771186440677965,0.18500581333098026,94.70899470899471,9.136666666666668,36.47727272727273,92.95454545454545,93.97727272727273,92.61363636363636,66.02272727272728,76.40909090909092,43.78563283922463,44.98049911889707
3529,力旺,半導體,2660.0,0.0,2251964269.5,True,49.864645370871685,51.97060788243153,47.05,2026-06-01,False,69.23076923076923,5.138339920948617,-0.03732898841568148,56.5356004250797,23.043333333333333,70.17045454545455,81.25,25.113636363636367,9.090909090909092,86.81818181818181,54.488636363636374,73.20410490307869,42.80386713486058
5351,鈺創,半導體,122.0,2.092050209205021,2208784603.59,True,48.459958932238195,53.106212424849694,657.48,2026-06-01,False,73.07692307692307,16.74641148325359,0.04163742767229052,100.0,97.47333333333336,74.375,95.56818181818181,64.20454545454545,99.20454545454545,97.61363636363637,86.19318181818181,99.0877993158495,69.27479073805328
2887,台新新光金,金融控股,35.65,0.2812939521800395,2160421029.6375,True,89.98375744450459,16.39946559786239,329.5,2026-06-01,False,38.46153846153847,-1.3831258644536655,0.09311822600048895,96.74355495251017,-110.59999999999997,38.29545454545455,58.75,80.79545454545455,95.56818181818181,2.0454545454545454,55.090909090909086,97.94754846066135,68.26529620607442
2356,英業達,電腦及週邊,69.0,5.990783410138256,2145897347.8850002,True,73.36220898754738,32.86573146292585,61.62,2026-06-01,False,34.48275862068966,12.929623567921439,0.13238926533661513,80.79625292740046,17.13666666666667,33.75,92.1590909090909,88.29545454545455,61.93181818181818,80.3409090909091,71.29545454545455,81.41391106043329,46.23415958329014
2882,國泰金,金融控股,99.7,0.10040160642570406,2108360815.0400002,True,82.56632376827288,24.04809619238477,-42.04,2026-06-01,False,61.53846153846154,3.2091097308488705,0.16611956285634857,86.32034632034632,-122.87666666666667,62.95454545454545,75.79545454545455,92.61363636363636,75.68181818181819,1.8181818181818181,61.77272727272727,1.596351197263398,41.10931507204312
4991,環宇-KY,半導體,484.5,0.7276507276507305,2095026518.05,True,80.97281831187411,25.918503674014698,55.06,2026-06-01,False,39.23076923076923,13.732394366197184,0.0059464388101761615,55.68965517241379,-4.056666666666665,39.54545454545455,92.8409090909091,47.95454545454545,8.068181818181818,26.477272727272727,42.97727272727272,78.44925883694413,33.305496527417844
2885,元大金,金融控股,68.6,0.29239766081869956,2071764969.86,True,99.67514889009203,1.7702070808283232,,2026-06-01,False,7.6923076923076925,2.3880597014925287,0.10244074812011941,95.94405594405593,487.2633333333334,5.965909090909091,73.4090909090909,82.72727272727273,94.54545454545455,99.31818181818181,71.19318181818183,,42.36742424242424
6415,矽力*-KY,半導體,449.0,-3.7513397642015,2029342501.675,True,56.090958310774234,46.52638610554442,37.77,2026-06-01,False,63.84615384615384,-10.912698412698413,0.00749824713659008,66.71619613670133,5.270000000000003,65.0,23.18181818181818,48.29545454545455,25.568181818181817,54.77272727272727,43.36363636363637,66.9327251995439,58.57977220897688
2324,仁寶,電腦及週邊,39.9,9.917355371900838,2007264227.2899997,True,99.67514889009203,1.7702070808283232,58.38,2026-06-01,False,3.4482758620689653,10.37344398340249,0.13511915683235323,84.80340063761955,26.313333333333333,2.5,89.54545454545455,88.75,71.25,88.52272727272728,68.11363636363637,79.70353477765109,40.977020058049135
8021,尖點,印刷電路板,427.0,-2.733485193621865,1989731377.925,True,95.74468085106383,8.95123580494322,90.11,2026-06-01,False,23.809523809523807,-19.736842105263158,0.015398859975320983,73.49397590361446,10.25,24.204545454545453,6.704545454545455,52.61363636363636,42.95454545454545,68.86363636363636,39.06818181818181,89.05359179019385,62.37703431118483
3533,嘉澤,電子零組件,2010.0,1.005025125628145,1986810515.25,True,93.01570113697889,12.859051436205746,17.26,2026-06-01,False,22.2972972972973,-0.7407407407407408,-0.0791939737114473,70.52631578947368,3.4433333333333334,22.727272727272727,61.70454545454545,11.704545454545455,34.88636363636364,48.75,35.95454545454545,42.07525655644242,34.49608686638334
6285,啟碁,通信網路,251.5,-0.9842519685039353,1947762055.6,True,94.2609637249594,11.15564462257849,84.37,2026-06-01,False,25.0,-5.805243445692884,0.010525220771901737,78.84012539184953,39.42333333333334,25.624999999999996,40.56818181818182,49.65909090909091,56.93181818181819,93.18181818181817,53.19318181818181,87.9133409350057,57.47549432466052
6414,樺漢,電腦及週邊,455.5,1.5607580824972045,1899934024.125,True,98.10503519220357,3.9078156312625247,56.97,2026-06-01,False,6.896551724137931,15.462610899873258,0.05527099537192819,90.55666003976143,18.843333333333334,5.0,94.54545454545455,70.56818181818181,84.31818181818181,82.5,67.38636363636364,78.90535917901938,43.41952161293666
2603,長榮,海運,214.5,-1.6055045871559592,1890467557.8,True,67.03170028818444,37.54175016700067,30.01,2026-06-01,False,36.36363636363637,7.518796992481203,0.339918155839267,90.50632911392405,8.033333333333331,35.79545454545455,85.9090909090909,99.88636363636364,84.0909090909091,63.86363636363637,73.9090909090909,58.38084378563284,48.089529128226395
2486,一詮,電子零組件,230.0,-0.2169197396963085,1884404296.025,True,62.41776315789473,41.14896459585838,35.04,2026-06-01,False,65.54054054054053,-10.505836575875486,-0.019975840971503612,74.9185667752443,5.850000000000001,66.5909090909091,23.977272727272727,32.5,46.47727272727273,57.38636363636363,45.38636363636363,63.968072976054735,63.26474551674096
2464,盟立,電子設備,196.5,4.800000000000004,1872738386.525,True,99.93769470404985,0.33400133600534404,43.05,2026-06-01,False,1.3333333333333335,23.197492163009404,0.08535239035141617,98.74371859296483,10.726666666666667,0.3409090909090909,97.72727272727273,79.20454545454545,97.27272727272728,70.11363636363637,68.93181818181819,70.35347776510832,42.55996035036799
8271,宇瞻,半導體,232.0,-1.0660980810234588,1868049901.95,True,0.48727666486193827,94.72277889111557,200.65,2026-06-01,False,97.6923076923077,27.823691460055095,0.026187753598035428,89.0595009596929,-61.316666666666634,96.02272727272727,98.29545454545455,57.61363636363637,80.56818181818181,3.5227272727272725,67.20454545454545,95.89509692132269,68.5476378666943
8069,元太,光電及I/O,166.0,0.60606060606061,1801884584.75,True,31.18570655116405,65.86506346025384,-0.62,2026-06-01,False,70.83333333333334,-11.936339522546419,-0.1124598792346413,61.141804788213626,3.4466666666666663,71.81818181818181,19.886363636363637,6.59090909090909,14.659090909090908,48.86363636363637,32.36363636363636,17.046750285062714,45.90941484399295
8112,至上,電子通路,96.9,-3.0999999999999917,1771645085.625,True,15.268002165674066,79.35871743486975,231.17,2026-06-01,False,84.61538461538461,10.616438356164396,0.1509043564770542,96.4179104477612,51.06666666666666,85.56818181818183,90.0,90.22727272727272,95.3409090909091,95.22727272727273,91.27272727272728,96.80729760547321,71.92909712864103
2618,長榮航,空運,42.15,0.9580838323353325,1757357726.9550004,True,22.616699539776462,73.41349365397461,26.58,2026-06-01,False,73.54925775978407,0.0,0.3173610284106392,93.87527839643653,4.053333333333331,74.6590909090909,64.94318181818181,99.54545454545455,90.45454545454545,50.79545454545455,76.07954545454545,53.02166476624858,63.29802982792578
2886,兆豐金,金融控股,48.7,-1.4170040485829927,1709780864.8174999,True,82.24147265836491,24.248496993987974,1.53,2026-06-01,False,69.23076923076923,5.869565217391311,0.017221068304484093,91.71374764595103,-28.51,70.17045454545455,82.61363636363637,53.29545454545455,85.79545454545455,6.931818181818182,59.76136363636365,18.92816419612315,48.07010923084897
2484,希華,電子零組件,73.9,0.8185538881309906,1680519422.225,True,95.39794260963725,9.619238476953909,-1.4,2026-06-01,False,17.56756756756757,-9.325153374233123,-0.01215877143644987,76.6597510373444,-2.5166666666666666,17.045454545454543,28.06818181818182,36.13636363636364,51.590909090909086,30.795454545454547,32.72727272727273,15.507411630558723,39.01889836218513
1216,統一,飲料乳品,76.3,0.5270092226613787,1679358970.665,True,8.44612885760693,84.83633934535739,4.6,2026-06-01,False,100.0,-2.9262086513994876,0.2814906123530045,94.78260869565217,1.4133333333333336,98.69318181818181,52.84090909090909,98.86363636363636,92.72727272727272,40.68181818181818,76.76136363636364,22.80501710376283,65.34614063957707
5328,華容,電子零組件,67.2,1.81818181818183,1653558668.37,True,92.67185473411155,13.293253173012692,63.54,2026-06-01,False,23.64864864864865,1.510574018126888,-0.010769018239283924,81.55339805825243,30.199999999999996,24.09090909090909,70.79545454545455,37.38636363636363,63.52272727272727,90.45454545454545,57.25,81.98403648802737,49.70055457655229
2049,上銀,機械,369.0,0.27173913043478937,1651012059.95,True,79.48023822414727,27.187708750835004,31.62,2026-06-01,False,17.647058823529413,14.774494556765164,0.08061727558172364,90.10989010989012,4.793333333333333,17.15909090909091,94.20454545454545,78.63636363636364,82.27272727272728,53.75,65.20454545454545,59.635119726339795,41.21559811340313
2892,第一金,金融控股,33.15,1.3761467889908063,1624790063.2475002,True,80.50893340552247,26.452905811623246,9.73,2026-06-01,False,76.92307692307693,0.15105740181268024,-0.0045165395976229095,90.20408163265306,-19.740000000000002,77.5,65.56818181818181,41.590909090909086,82.95454545454545,10.227272727272728,55.56818181818183,30.10262257696693,56.247246553332644
2884,玉山金,金融控股,36.75,-0.40650406504064707,1621385637.9699998,True,30.481862479696805,66.5998663994656,25.3,2026-06-01,False,100.0,6.676342525399121,0.19287032549127134,95.08408796895213,-7.326666666666664,98.69318181818181,83.75,94.6590909090909,93.18181818181817,19.545454545454547,77.9659090909091,51.31128848346636,64.85907212086659
5371,中光電,光電及I/O,86.5,-1.2557077625570678,1538017925.095,True,99.78343259339469,1.3694054776219104,-11.35,2026-06-01,False,2.7777777777777777,-8.851422550052693,0.022702387763474618,66.03053435114504,-15.18,1.7045454545454544,29.545454545454547,56.59090909090909,23.522727272727273,12.727272727272727,24.81818181818182,6.670467502850627,25.5880714211672
3264,欣銓,半導體,216.5,-1.3667425968109326,1528907897.575,True,94.42338927991337,10.754843019372078,36.56,2026-06-01,False,16.923076923076923,-3.5634743875278394,-0.032145306538544326,84.24124513618678,4.123333333333335,16.363636363636363,50.45454545454545,26.81818181818182,70.0,51.13636363636363,42.95454545454545,65.79247434435575,50.42539131336167
8033,雷虎,無人載具,173.0,-8.465608465608465,1519145919.55,True,62.57088846880907,40.94856379425518,19.63,2026-06-01,False,41.02564102564102,-35.80705009276438,-0.06933985771565199,64.19294990723562,14.129999999999999,41.47727272727273,0.6818181818181818,15.0,19.65909090909091,75.68181818181819,30.5,44.58380843785633,51.25958847310044
1590,亞德客-KY,機械,1595.0,2.2435897435897356,1516891614.75,True,79.85923118570655,26.853707414829657,44.88,2026-06-01,False,11.76470588235294,16.84981684981685,-0.011430937981817619,100.0,8.046666666666667,10.568181818181818,95.68181818181817,36.93181818181818,99.20454545454545,64.0909090909091,61.29545454545455,71.8358038768529,46.4816782419405
8210,勤誠,電子零組件,1005.0,-0.9852216748768461,1490296761.15,True,74.71575527883053,31.529726118904478,98.03,2026-06-01,False,51.35135135135135,-12.22707423580786,-0.05246472451262423,64.63022508038586,51.373333333333335,51.87500000000001,18.977272727272727,19.43181818181818,20.227272727272727,95.45454545454545,41.19318181818181,89.85176738882555,60.74419184720639
8028,昇陽半導體,半導體,265.0,1.5325670498084198,1462299255.125,True,87.76394152680021,18.537074148296593,33.62,2026-06-01,False,31.538461538461537,-16.797488226059652,-0.006705851356704327,74.33380084151473,-3.3133333333333397,31.136363636363633,10.681818181818182,40.340909090909086,45.22727272727273,28.522727272727273,31.18181818181818,62.59977194982896,57.070397532911784
3090,日電貿,電子通路,170.5,-2.2922636103151817,1450930211.45,True,95.5062263129399,9.418837675350701,32.37,2026-06-01,False,5.769230769230769,-24.22222222222222,-0.08163668699574914,50.14705882352941,5.533333333333335,4.034090909090909,3.1818181818181817,11.022727272727273,3.5227272727272725,56.59090909090909,15.670454545454547,60.77537058152793,41.28759264538198
3045,台灣大,通信網路,109.5,0.0,1449015390.075,True,0.16242555495397942,96.32598530394122,6.57,2026-06-01,False,96.15384615384616,0.45871559633027525,0.28159795254719705,90.87136929460581,2.4833333333333334,95.17045454545455,67.1590909090909,98.97727272727272,84.54545454545455,45.22727272727273,78.2159090909091,25.769669327251993,59.581621877267544
2890,永豐金,金融控股,39.85,2.0486555697823317,1446634822.0575001,True,99.13373037357877,2.50501002004008,50.94,2026-06-01,False,15.384615384615385,-0.2503128911138959,0.1427733186180683,95.1073985680191,-22.723333333333343,14.488636363636365,63.74999999999999,89.43181818181817,93.29545454545455,8.636363636363637,53.92045454545454,76.39680729760548,55.107724551674096
1802,台玻,玻璃陶瓷,57.6,3.0411449016100267,1438134115.47,True,90.07981755986317,16.098864395457582,27.0,2026-06-01,False,16.666666666666664,-8.860759493670887,-0.027806423358302437,75.1958224543081,9.943333333333332,16.022727272727273,29.43181818181818,28.749999999999996,47.5,68.29545454545455,38.0,54.50399087799316,47.14872499222556
2883,凱基金,金融控股,31.2,0.48309178743961567,1418868355.7475,True,94.9106659447753,10.420841683366733,,2026-06-01,False,30.76923076923077,3.4825870646766193,0.2443505582528931,98.73417721518987,-55.833333333333314,30.511363636363637,76.81818181818181,97.27272727272728,97.1590909090909,4.090909090909091,61.17045454545454,,50.284090909090914
3441,聯一光,消費性電子,87.2,9.962168978562435,1418805904.395,True,51.1127063890883,50.50100200400801,73.63,2026-06-01,False,50.0,34.77588871715611,-0.0021478622063565373,93.96551724137932,18.72333333333333,50.73863636363637,98.86363636363636,43.18181818181818,90.68181818181819,82.04545454545455,73.10227272727273,85.86088939566704,57.104426894371315
1815,富喬,印刷電路板,90.0,1.465614430665152,1411989569.15,True,56.205128205128204,46.292585170340686,46.36,2026-06-01,False,78.57142857142857,-1.4238773274917822,0.057485876340900965,70.86614173228347,-3.4466666666666725,79.6590909090909,58.52272727272727,71.5909090909091,35.90909090909091,28.06818181818182,54.75,72.63397947548461,57.419858505234785
4939,亞電,印刷電路板,60.8,-1.4586709886547866,1409964050.095,True,84.96435515230071,21.442885771543086,44.18,2026-06-01,False,57.14285714285714,0.0,0.0025205669488874813,83.51648351648352,19.54,57.44318181818182,64.94318181818181,46.02272727272727,69.0909090909091,83.4090909090909,64.18181818181817,71.15165336374002,58.18564061366228
3131,弘塑,電子設備,2555.0,6.903765690376562,1404046063.25,True,81.10449377368705,25.751503006012022,15.21,2026-06-01,False,48.0,-20.2808112324493,-0.07443696472316341,65.42893725992317,9.203333333333333,48.63636363636364,6.25,13.522727272727272,22.272727272727273,66.47727272727273,31.431818181818187,37.8563283922463,50.6288548253343
3702,大聯大,電子通路,122.5,-2.39043824701195,1358359511.5,True,77.15213860314023,29.091516366065463,131.85,2026-06-01,False,31.73076923076923,5.150214592274678,-0.0026485444314390295,94.23076923076923,47.349999999999994,31.25,81.36363636363636,42.72727272727273,91.81818181818183,94.88636363636364,68.4090909090909,93.38654503990878,58.77277262361356
3044,健鼎,印刷電路板,485.5,9.966024915062288,1353552727.4,True,96.48077964266378,7.414829659318638,41.97,2026-06-01,False,15.476190476190476,13.96713615023474,-0.08184817098052324,84.72949389179756,2.8233333333333306,14.829545454545453,93.52272727272727,10.909090909090908,71.02272727272727,46.47727272727273,47.35227272727272,69.66932725199544,40.49971817663523
3167,大量,電子設備,672.0,5.826771653543306,1314851123.2,True,75.93676814988291,30.193720774883097,139.66,2026-06-01,False,60.0,-24.663677130044842,-0.06263553294686146,70.66246056782335,14.940000000000012,60.79545454545454,2.840909090909091,16.818181818181817,35.22727272727273,77.5,38.63636363636364,93.6145952109464,71.69910334819114
6271,同欣電,半導體,198.0,1.278772378516635,1296662684.6,True,61.66756903086086,42.017368069472276,10.56,2026-06-01,False,60.0,-11.607142857142858,-0.046136988565284004,68.8695652173913,4.19,60.79545454545454,20.34090909090909,21.136363636363637,31.079545454545453,51.36363636363637,36.94318181818182,31.014823261117446,50.63722854255209
4904,遠傳,通信網路,101.0,0.0,1254297810.375,True,59.23118570655116,43.587174348697395,15.9,2026-06-01,False,55.769230769230774,4.880581516095537,0.2837111877260742,89.77777777777777,2.243333333333334,56.19318181818181,79.88636363636363,99.0909090909091,81.81818181818183,44.31818181818182,72.26136363636364,39.22462941847206,49.33740735461802
4931,新盛力,電子零組件,267.0,4.705882352941182,1245761503.25,True,79.74598930481284,26.920507682030724,145.09,2026-06-01,False,44.5945945945946,19.196428571428573,0.061370098915835246,95.52772808586762,4.719999999999999,45.68181818181819,96.25,73.4090909090909,93.75,53.63636363636364,72.54545454545455,94.18472063854047,59.34163470508966
2880,華南金,金融控股,43.2,-1.0309278350515316,1215518643.165,True,86.46453708716838,19.87307949231797,,2026-06-01,False,53.84615384615385,11.1969111969112,0.04579069420123655,97.2972972972973,17.623333333333335,54.03409090909091,90.68181818181819,66.25,96.13636363636363,80.9090909090909,77.60227272727272,,53.16287878787878
3293,鈊象,資訊服務,781.0,-2.8606965174129306,1208413861.25,True,60.80129940443963,42.48496993987976,17.18,2026-06-01,False,20.0,10.9375,0.2963385326338896,92.6453143534994,2.553333333333333,19.772727272727273,90.11363636363636,99.31818181818181,87.95454545454545,45.56818181818182,68.54545454545453,41.84720638540479,39.86521068726029
6510,精測,半導體,2825.0,0.8928571428571397,1159597198.5,True,74.4450460205739,31.79692718770875,40.19,2026-06-01,False,45.38461538461539,0.5338078291814947,-0.06978943289098408,67.26190476190477,5.356666666666662,46.25,67.61363636363636,14.772727272727273,26.931818181818183,55.34090909090909,42.18181818181818,68.18700114025086,43.43879573960817
6257,矽格,半導體,211.0,3.17848410757946,1158149120.775,True,95.23551705468327,9.886439545758183,21.0,2026-06-01,False,15.384615384615385,-11.157894736842106,-0.12062610574807348,77.2893772893773,-2.083333333333332,14.488636363636365,22.045454545454547,6.136363636363637,53.63636363636364,31.704545454545453,25.602272727272727,46.63625997719498,48.178951357935105
3706,神達,電腦及週邊,92.4,2.666666666666684,1156358467.77,True,73.09149972929075,33.13293253173013,80.93,2026-06-01,False,36.206896551724135,1.65016501650165,0.15456851549470108,86.35514018691589,26.89666666666667,35.56818181818181,71.36363636363636,91.13636363636364,75.79545454545455,88.86363636363637,72.54545454545455,87.62827822120866,56.90706955530216
4967,十銓,半導體,279.5,1.821493624772308,1133154019.75,True,0.06802721088435373,97.1943887775551,35.0,2026-06-01,False,98.46153846153847,21.25813449023861,0.06902277913526694,91.78981937602627,-40.39999999999999,96.5909090909091,97.1590909090909,75.3409090909091,86.02272727272727,4.772727272727273,71.97727272727272,63.85404789053592,62.32714833627035
1560,中砂,半導體,728.0,5.967976710334799,1129167603.45,True,96.04764482945318,8.550434201736808,16.39,2026-06-01,False,13.846153846153847,-1.8867924528301887,-0.07727771405441237,94.66840052015606,-1.2733333333333334,12.954545454545455,57.04545454545455,12.5,92.38636363636363,33.29545454545455,41.63636363636364,40.706955530216646,47.25060251891779
4938,和碩,電腦及週邊,91.4,2.696629213483148,1108454754.7800002,True,89.87547374120194,16.566466265865063,15.89,2026-06-01,False,17.24137931034483,10.519951632406292,0.22101579692502465,92.79187817258884,11.676666666666666,16.477272727272727,89.88636363636363,96.70454545454545,88.4090909090909,71.98863636363636,72.69318181818183,39.110604332953244,38.52765108323831
8261,富鼎,半導體,184.0,0.0,1091599307.875,True,77.63941526800217,28.75751503006012,16.09,2026-06-01,False,41.53846153846154,-39.473684210526315,0.03008910610150786,52.27272727272727,8.59,42.15909090909091,0.45454545454545453,59.54545454545455,4.659090909090909,65.3409090909091,34.43181818181818,40.136830102622575,46.62511661656474
3413,京鼎,電子設備,303.5,-0.6546644844517169,1086569664.975,True,74.28262046561991,31.99732798931196,39.75,2026-06-01,False,65.33333333333333,-12.78735632183908,0.0016561310017895142,79.45026178010471,18.826666666666668,66.13636363636364,17.613636363636363,45.11363636363636,58.63636363636363,82.38636363636364,53.97727272727273,67.95895096921323,68.77951046957604
5871,中租-KY,租賃,113.5,-1.7316017316017285,1074962414.575,True,27.12506767731456,69.13827655310621,-0.82,2026-06-01,False,69.23076923076923,-4.621848739495799,0.22966552316417274,91.90283400809717,0.31000000000000016,70.17045454545455,46.02272727272727,97.04545454545455,86.36363636363636,37.38636363636363,67.39772727272728,16.305587229190422,56.70423771638851
1605,華新,電纜,40.0,4.438642297650142,1042484604.5349998,True,50.67677314564158,50.901803607214426,29.34,2026-06-01,False,30.0,14.285714285714285,0.15911517512510673,90.29345372460497,19.866666666666667,29.602272727272727,93.75,91.5909090909091,83.29545454545455,83.97727272727272,76.44318181818183,56.78449258836944,43.98305496527418
2472,立隆電,電子零組件,250.0,2.249488752556239,1037260063.925,True,97.40119112073633,4.909819639278557,36.2,2026-06-01,False,10.472972972972974,-26.68621700879765,0.035776196663957385,55.12679162072768,9.306666666666668,9.488636363636363,1.4772727272727273,62.15909090909091,7.2727272727272725,66.93181818181819,29.465909090909086,65.27936145952108,45.140863092153
2359,所羅門,電子通路,143.0,1.7793594306049876,1032133766.725,True,81.13207547169812,25.651302605210418,35.56,2026-06-01,False,25.0,-0.6944444444444444,0.015398101802294482,85.88588588588588,-5.473333333333329,25.624999999999996,61.81818181818181,52.5,74.20454545454545,23.295454545454543,47.48863636363636,64.65222348916761,50.66589678138281
3035,智原,半導體,179.0,1.7045454545454586,1028092200.8,True,93.88197076340012,11.923847695390782,26.57,2026-06-01,False,18.461538461538463,-13.526570048309178,-0.004427402402950945,76.82403433476395,47.11,18.181818181818183,16.704545454545457,41.81818181818181,52.159090909090914,94.54545454545455,44.68181818181819,52.90763968072976,51.63600082927336
7734,印能科技,電子設備,3350.0,3.7151702786377694,1006997759.75,True,76.47058823529412,29.52571810287241,-6.43,2026-06-01,False,56.00000000000001,10.016420361247947,0.020706887559163,76.57142857142857,-69.60666666666667,56.477272727272734,89.0909090909091,55.34090909090909,51.13636363636363,3.0681818181818183,51.022727272727266,10.034207525655644,32.13923369959573
2610,華航,空運,20.25,0.0,991777126.1049999,True,24.594257178526842,71.14228456913828,28.82,2026-06-01,False,71.25506072874494,-4.481132075471695,0.06718636192980695,83.67768595041323,4.473333333333336,72.38636363636364,47.04545454545455,74.43181818181817,69.43181818181819,52.72727272727272,63.20454545454545,56.442417331813,62.80378615113507
1519,華城,電機製品,720.0,2.4182076813655806,983902371.25,True,77.06013363028953,29.191716766867064,-25.78,2026-06-01,False,27.27272727272727,1.5514809590973202,0.04525861671022157,66.66666666666666,-16.203333333333333,27.670454545454547,71.13636363636363,65.79545454545455,25.227272727272727,12.272727272727273,40.42045454545455,2.9646522234891677,21.181503964963206
3406,玉晶光,消費性電子,578.0,7.434944237918217,983585863.9,True,39.469409853817,60.320641282565134,4.51,2026-06-01,False,70.0,4.332129963898916,0.03343755633305916,74.67700258397933,-15.343333333333332,70.9659090909091,78.75,61.47727272727273,46.13636363636363,12.613636363636363,53.98863636363636,22.5769669327252,40.23230991499948
6781,AES-KY,電子零組件,1145.0,-2.553191489361706,981240757.4,True,42.57425742574257,58.4502338009352,25.58,2026-06-01,False,79.05405405405406,10.096153846153847,0.15317170951569123,76.33333333333333,4.579999999999998,80.11363636363636,89.20454545454545,90.79545454545455,50.45454545454545,52.95454545454545,72.70454545454545,51.539338654503986,48.22574375453509
5536,聖暉*,電子設備,918.0,-2.444208289054195,970426016.7,True,88.7384948565241,17.802271209084836,24.9,2026-06-01,False,33.33333333333333,-26.56,-0.07314997138762705,63.97212543554007,2.2766666666666637,32.44318181818181,1.5909090909090908,13.863636363636363,19.318181818181817,44.43181818181819,22.329545454545453,50.7411630558723,50.22790440033171
8043,蜜望實,電子通路,147.5,0.0,964594469.225,True,61.617380808690406,42.15096860387442,48.37,2026-06-01,False,48.07692307692308,-4.53074433656958,-0.007527799037938782,65.12141280353201,3.4566666666666634,48.80681818181819,46.590909090909086,40.11363636363636,21.477272727272727,48.97727272727273,41.19318181818181,74.2873432155074,49.495131258422305
3605,宏致,電子零組件,120.0,8.108108108108114,946073811.7299999,True,90.7732293697206,15.16366065464262,29.81,2026-06-01,False,27.027027027027028,39.86013986013987,0.07989185695132632,100.0,9.256666666666668,27.386363636363637,99.43181818181817,78.29545454545455,99.20454545454545,66.70454545454545,74.20454545454545,57.69669327251995,46.21394604540272
6173,信昌電,電子零組件,203.5,10.000000000000009,943601084.75,True,96.53492149431511,7.1810287241148965,29.08,2026-06-01,False,15.54054054054054,-12.095032397408207,-0.04994229802607626,58.059914407988586,4.056666666666668,15.113636363636363,19.318181818181817,20.227272727272727,10.795454545454545,50.90909090909091,23.272727272727273,56.55644241733181,40.78683787706022
2441,超豐,半導體,125.5,1.2096774193548487,942312264.01,True,96.96805630752571,5.878423513694055,33.15,2026-06-01,False,6.923076923076923,-8.058608058608058,-0.00400808735617754,86.55172413793103,10.73,5.113636363636364,32.5,42.04545454545455,76.25,70.22727272727273,45.22727272727273,61.91562143671607,52.69481445008811
2615,萬海,海運,87.1,0.0,915089295.805,True,52.31481481481482,49.56579826319305,32.7,2026-06-01,False,45.45454545454545,6.609547123623,0.2721289228159457,98.41807909604519,9.816666666666666,46.42045454545455,83.63636363636363,98.29545454545455,97.04545454545455,68.18181818181817,78.7159090909091,61.17445838084379,55.251000958847314
2912,統一超,百貨批發,219.5,0.22831050228311334,913197189.1,True,2.4363833243096917,90.71476285905143,6.31,2026-06-01,False,95.23809523809523,-10.224948875255624,0.1158153805647343,85.24271844660194,0.8233333333333341,94.375,25.340909090909093,85.68181818181819,73.29545454545455,39.09090909090909,63.55681818181817,24.857468643101484,66.79675352441174
2801,彰銀,本國銀行,23.7,2.5974025974025983,893241087.8325001,True,33.02652950730915,64.59585838343354,9.51,2026-06-01,False,88.88888888888889,-0.21052631578947667,-0.09133542382180723,93.30708661417323,-4.789999999999999,89.26136363636363,63.97727272727273,9.090909090909092,89.31818181818181,24.772727272727273,55.2840909090909,29.874572405929307,61.11921128330051
1785,光洋科,資源回收,106.5,-0.4672897196261627,888521965.9950001,True,16.459122902003248,78.3567134268537,70.84,2026-06-01,False,73.91304347826086,-11.983471074380166,0.07399123419472545,57.567567567567565,-0.9566666666666634,75.22727272727273,19.772727272727273,76.93181818181817,10.0,34.31818181818182,43.25,84.83466362599772,62.57230227013579
2645,長榮航太,機車船製造,182.0,-4.712041884816753,877476988.675,True,49.63855421686747,52.237808951235806,13.01,2026-06-01,False,41.66666666666667,-24.793388429752067,0.0024303185422212877,72.36580516898609,1.2100000000000009,42.32954545454545,2.6136363636363633,45.68181818181819,39.09090909090909,40.22727272727273,33.98863636363636,34.89167616875712,53.42462358764382
5904,寶雅,百貨批發,82.5,-5.281285878300801,877382919.79,True,68.58695652173913,36.6065464261857,8.35,2026-06-01,False,19.047619047619047,-88.55755894590847,-0.2769017207450999,11.194029850746269,-6.406666666666668,18.636363636363637,0.11363636363636363,0.3409090909090909,0.3409090909090909,20.681818181818183,8.022727272727272,28.506271379703534,36.84247693583498
6196,帆宣,電子設備,499.0,-2.1568627450980427,861478617.15,True,75.69030860855442,30.72812291249165,120.99,2026-06-01,False,62.66666666666667,-14.700854700854702,0.021699874661190492,84.57627118644068,43.58333333333333,64.20454545454545,13.522727272727272,56.022727272727266,70.68181818181817,93.97727272727273,59.68181818181819,92.58836944127708,78.48800145122837
2027,大成鋼,基本金屬,46.85,0.8611410118406937,860983466.0199999,True,53.149370125974805,49.0313961255845,43.73,2026-06-01,False,36.58536585365854,13.438256658595654,0.19516966848842968,99.04862579281185,2.4199999999999946,36.36363636363637,92.61363636363636,94.88636363636364,97.61363636363637,45.0,73.29545454545455,70.69555302166476,53.01479734632528
2467,志聖,電子設備,552.0,3.759398496240607,859493638.7,True,92.47428262046562,13.360053440213763,94.08,2026-06-01,False,25.333333333333336,-6.281833616298811,0.027833273846524526,82.63473053892216,8.876666666666665,25.90909090909091,39.77272727272727,58.63636363636363,67.1590909090909,65.79545454545455,51.45454545454545,89.50969213226911,60.70128666943091
2493,揚博,電子設備,243.0,1.4613778705636848,839458028.025,True,98.86302111532214,2.8724114896459585,32.06,2026-06-01,False,5.333333333333334,-2.9940119760479043,0.009331286704747496,74.884437596302,14.10666666666667,3.5227272727272725,52.61363636363636,49.09090909090909,46.36363636363636,75.56818181818183,45.43181818181817,60.262257696693275,39.38374624235514
2478,大毅,電子零組件,128.5,6.198347107438007,831002821.405,True,97.78018408229562,4.275217100868404,35.76,2026-06-01,False,5.405405405405405,-25.722543352601157,-0.03157167782443443,53.099173553719005,14.489999999999998,3.75,1.8181818181818181,27.27272727272727,5.340909090909091,76.47727272727273,22.93181818181818,64.76624857468643,43.00974396185343
1717,長興,樹脂,78.6,9.318497913769107,830505519.54,True,93.88197076340012,11.923847695390782,16.21,2026-06-01,False,7.142857142857142,9.930069930069923,0.07341601660379896,92.0374707259953,1.5166666666666675,5.3977272727272725,88.75,76.5909090909091,86.93181818181817,41.36363636363637,59.80681818181819,40.250855188141394,35.95760016067171
2609,陽明,海運,51.7,-0.5769230769230749,821523028.5250001,True,82.99856527977045,23.580494321977287,20.18,2026-06-01,False,18.181818181818183,2.98804780876494,0.17185427479327428,78.33333333333333,1.4199999999999982,17.84090909090909,74.88636363636364,93.18181818181817,55.56818181818181,40.79545454545455,56.45454545454545,45.38198403648803,35.97617782730382
2834,臺企銀,本國銀行,16.5,0.6097560975609762,790734121.345,True,51.86789388197076,49.899799599198396,-7.72,2026-06-01,False,55.55555555555556,-7.563025210084041,-0.08988222005061428,90.41095890410958,-14.620000000000001,55.79545454545455,34.88636363636364,9.431818181818182,83.63636363636363,13.068181818181818,39.36363636363636,9.236031927023944,53.44537161811962
6672,騰輝電子-KY,印刷電路板,268.0,4.280155642023353,786898375.325,True,99.21480650588896,2.338009352037408,68.12,2026-06-01,False,4.761904761904762,0.0,-0.05723698977490943,85.07936507936508,21.439999999999998,3.0681818181818183,64.94318181818181,17.954545454545453,71.93181818181819,85.22727272727273,48.625,83.92246294184721,48.49482028091635
6789,采鈺,半導體,452.5,2.840909090909083,783308032.525,True,66.5,37.94255177020708,15.55,2026-06-01,False,53.07692307692308,-14.13662239089184,0.057899850499654924,74.05891980360066,5.193333333333333,53.40909090909091,14.886363636363637,71.93181818181819,44.09090909090909,54.43181818181818,47.75000000000001,38.76852907639681,55.3455413600083
2354,鴻準,電子零組件,63.0,0.4784688995215225,778346329.05,True,87.06009745533298,19.03807615230461,10.66,2026-06-01,False,33.108108108108105,11.70212765957447,0.12048501576655571,86.0655737704918,37.10666666666667,31.931818181818183,91.02272727272728,86.47727272727272,74.77272727272727,92.72727272727272,75.38636363636363,31.242873432155072,36.73117290349331
5434,崇越,電子通路,532.0,1.9157088122605304,771112336.125,True,97.94260963724959,4.041416165664663,32.86,2026-06-01,False,1.9230769230769231,-4.316546762589928,0.0560725757964186,89.26174496644296,10.23,0.9659090909090908,47.61363636363637,71.13636363636363,80.9090909090909,68.75,53.875,61.63055872291904,48.972980589820665
3583,辛耘,電子設備,734.0,4.55840455840455,758536035.45,True,95.61451001624256,9.18503674014696,-2.67,2026-06-01,False,18.666666666666668,-12.826603325415679,0.017481976200485232,75.98343685300208,-5.876666666666667,18.409090909090907,17.5,53.63636363636364,50.0,21.931818181818183,32.29545454545455,13.797035347776509,41.17653156421685
4764,雙鍵,其他化學,249.5,3.7422037422037313,756810889.55,True,64.56140350877193,39.14495657982632,22.36,2026-06-01,False,37.5,-31.550068587105624,0.034613546666620164,68.44993141289437,-6.230000000000004,37.04545454545455,0.9090909090909091,61.81818181818181,30.227272727272727,21.022727272727273,30.204545454545457,48.004561003420754,53.59204934176428
6166,凌華,電腦及週邊,137.0,0.7352941176470562,748894038.475,True,23.516110797060485,72.21108884435537,25.89,2026-06-01,False,86.20689655172413,5.7915057915057915,0.011381728533062446,82.28228228228228,-30.279999999999994,87.1590909090909,82.5,50.11363636363636,65.9090909090909,6.363636363636363,58.4090909090909,52.109464082098064,55.66941147506997
2375,凱美,電子零組件,127.0,-1.1673151750972721,742394632.025,True,94.04439631835409,11.52304609218437,18.39,2026-06-01,False,19.256756756756758,-25.294117647058822,0.027244611638458427,54.623655913978496,11.676666666666666,19.090909090909093,2.159090909090909,58.06818181818182,7.045454545454545,71.98863636363636,31.67045454545455,42.87343215507411,41.712676220586715
5425,台半,電子零組件,86.7,0.8139534883720989,741060079.01,True,97.18462371413102,5.277221108884436,9.46,2026-06-01,False,12.162162162162163,-19.34883720930232,-0.004494562427066911,60.20833333333333,1.5066666666666677,11.022727272727273,7.159090909090909,41.70454545454545,13.18181818181818,41.13636363636364,22.84090909090909,29.760547320410492,36.70150046646626
3715,定穎投控,印刷電路板,118.0,-3.2786885245901676,740641220.37,True,93.59903381642512,12.291249164996659,45.48,2026-06-01,False,30.952380952380953,-17.192982456140353,0.020763644345409494,57.98525798525799,-3.123333333333335,30.681818181818183,10.113636363636363,55.56818181818181,10.454545454545453,29.43181818181818,27.25,72.29190421892817,50.828657872913865
5880,合庫金,金融控股,24.1,0.4166666666666652,739203804.3225,True,43.47590687601516,57.548430193720776,-8.4,2026-06-01,False,92.3076923076923,-4.930966469428007,0.16475182113987813,87.31884057971014,-39.89,91.875,44.43181818181819,92.27272727272727,77.61363636363636,4.886363636363637,62.215909090909086,8.779931584948688,58.45918744169171
3680,家登,電子設備,452.5,1.6853932584269593,726343312.525,True,55.55555555555556,46.96058784235137,37.93,2026-06-01,False,78.66666666666666,-14.783427495291901,-0.03532215757233557,73.45779220779221,2.3866666666666703,79.88636363636363,13.18181818181818,25.340909090909093,42.84090909090909,44.88636363636363,41.22727272727273,67.04675028506271,69.14805120762932
8111,立碁,光電及I/O,58.8,1.379310344827589,710561246.8025,True,73.14564158094207,33.06613226452906,2.34,2026-06-01,False,36.11111111111111,16.435643564356432,-0.00834545233646238,72.6823238566131,6.076666666666666,35.340909090909086,95.3409090909091,39.31818181818182,39.659090909090914,58.409090909090914,53.61363636363636,19.49828962371722,24.789345133202033
2353,宏碁,電腦及週邊,31.75,2.254428341384851,704083451.22,True,43.221258134490235,57.91583166332666,-3.02,2026-06-01,False,68.96551724137932,2.2544283413848607,0.09495225742375862,73.15668202764977,-36.976666666666674,69.88636363636364,72.8409090909091,81.13636363636364,41.590909090909086,5.340909090909091,54.1590909090909,13.340935005701255,37.99432466051622
4749,新應材,其他化學,809.0,0.7471980074719831,701646628.45,True,11.11111111111111,83.16633266533067,24.61,2026-06-01,False,75.0,-6.581986143187067,0.014849911846793414,68.85106382978722,17.063333333333333,75.79545454545455,38.52272727272727,52.04545454545455,30.795454545454547,80.11363636363636,55.45454545454546,50.39908779931584,54.61681740437441
2474,可成,電子零組件,205.0,-0.4854368932038833,695765348.7,True,70.1678397401191,35.80494321977288,-55.07,2026-06-01,False,55.4054054054054,7.329842931937172,-0.003307780997189113,79.76653696498055,-8.549999999999997,55.45454545454545,85.45454545454545,42.5,59.20454545454545,18.295454545454547,52.18181818181819,0.9122006841505131,32.529186534674
6207,雷科,電子設備,111.5,4.20560747663552,682752995.175,True,97.88846778559827,4.141616566466266,-2.51,2026-06-01,False,8.0,-24.915824915824917,0.02234544114330471,67.37160120845923,-12.8,6.25,2.3863636363636367,56.36363636363636,27.27272727272727,14.431818181818182,21.34090909090909,13.911060433295324,36.26185601741474
6278,台表科,印刷電路板,171.0,2.0895522388059806,677078946.4,True,89.44233892799134,16.967267869071474,9.24,2026-06-01,False,40.476190476190474,-3.389830508474576,0.03222845318643318,69.3711967545639,4.046666666666667,41.02272727272727,50.90909090909091,60.909090909090914,32.5,50.68181818181819,47.20454545454545,29.646522234891677,38.06503964963201
6683,雍智科技,半導體,1270.0,2.008032128514059,675445754.7,True,93.87296233839236,12.024048096192384,24.55,2026-06-01,False,19.230769230769234,-13.60544217687075,0.008903314535866347,49.512670565302145,5.273333333333333,18.863636363636363,16.590909090909093,48.86363636363637,3.4090909090909087,54.88636363636363,28.52272727272727,50.22805017103763,38.977467088213956
7750,新代,機械,2390.0,1.4861995753715496,664900793.25,True,46.54377880184332,54.575818303273216,151.4,2026-06-01,False,67.64705882352942,20.100502512562816,0.016303126204834074,77.85016286644951,39.890000000000015,68.75,96.70454545454545,52.95454545454545,54.43181818181818,93.4090909090909,73.25,94.4127708095781,55.22251088421271
4541,晟田,機車船製造,70.3,6.03318250377074,661016466.345,True,10.85209003215434,83.2999331997328,58.68,2026-06-01,False,91.66666666666666,-3.5665294924554303,0.01877754743459364,92.86657859973579,20.836666666666666,91.47727272727273,50.34090909090909,54.31818181818182,88.86363636363637,84.88636363636364,73.97727272727272,80.04561003420753,77.5114025085519
1476,儒鴻,成衣,324.5,-2.259036144578308,643422794.2,True,0.10828370330265295,96.79358717434869,14.42,2026-06-01,False,100.0,-1.9637462235649545,0.02741862269886155,71.7920353982301,10.63,98.69318181818181,56.59090909090909,58.18181818181818,37.84090909090909,69.77272727272728,64.2159090909091,36.830102622576966,54.19332111018969
3016,嘉晶,半導體,104.0,2.4630541871921263,640601389.985,True,51.21951219512195,50.300601202404806,41.17,2026-06-01,False,65.38461538461539,-15.447154471544716,-0.027439132552006012,68.1967213114754,4.07,66.30681818181819,12.15909090909091,29.09090909090909,29.318181818181817,51.02272727272727,37.57954545454545,68.98517673888256,63.11277145744791
5475,德宏,印刷電路板,148.5,10.000000000000009,638639159.125,True,90.3292181069959,15.631262525050099,160.08,2026-06-01,False,38.095238095238095,-16.573033707865168,0.002305269652296069,37.125,-5.1299999999999955,37.84090909090909,10.795454545454545,45.56818181818182,0.5681818181818182,23.806818181818183,23.715909090909093,94.75484606613455,55.59212060744272
6197,佳必琪,電子零組件,305.5,1.3266998341625147,637177978.25,True,93.28641039523552,12.424849699398797,45.21,2026-06-01,False,20.945945945945947,-8.669656203288492,-0.001970498523079189,81.79384203480589,14.46,21.25,30.113636363636363,43.40909090909091,64.20454545454545,76.36363636363637,47.06818181818182,72.06385404789054,56.85119078469991
6290,良維,電子零組件,218.5,-0.6818181818181834,631372706.65,True,86.46453708716838,19.87307949231797,-2.32,2026-06-01,False,35.13513513513514,-17.234848484848484,0.048760323664533506,59.53678474114441,-5.643333333333333,34.31818181818182,10.0,67.5,12.272727272727273,22.727272727272727,29.363636363636363,14.367160775370582,37.73951746656992
6282,康舒,電子零組件,47.15,-5.4162487462387165,631184259.73,True,67.61049723756905,37.20774883099532,28.28,2026-06-01,False,58.78378378378378,-16.103202846975094,-0.07451186792205568,66.59604519774011,-1.4133333333333304,59.20454545454545,11.022727272727273,13.40909090909091,25.113636363636367,32.5,28.25,55.75826681870011,57.263430341038664
5876,上海商銀,本國銀行,42.85,-0.5800464037122977,612458232.365,True,36.275040606388735,62.658650634602544,-4.39,2026-06-01,False,77.77777777777779,-3.9237668161434973,0.27757851881696166,91.17021276595744,-2.3066666666666666,78.4659090909091,48.86363636363637,98.63636363636363,85.0,31.25,68.44318181818183,11.972633979475484,56.64372667668705
8042,金山電,電子零組件,113.0,-3.0042918454935674,584786266.795,True,19.364691508857668,76.08550434201736,51.3,2026-06-01,False,91.21621621621621,-25.412541254125415,-0.0016698543528037607,53.681710213776725,12.136666666666663,91.02272727272728,2.0454545454545454,43.52272727272727,5.909090909090909,72.8409090909091,43.06818181818182,76.51083238312428,67.84929900487198
6409,旭隼,電子零組件,995.0,-1.4851485148514865,569135641.25,True,64.37466161342718,39.4121576486306,5.72,2026-06-01,False,61.48648648648649,-7.87037037037037,0.033456059681762844,77.13178294573643,8.01,62.727272727272734,33.06818181818182,61.59090909090909,52.95454545454545,63.63636363636363,54.79545454545455,23.945267958950968,51.63972608064684
6944,兆聯實業,資源回收,747.0,0.9459459459459474,568880798.45,True,22.2972972972973,73.6806947227789,29.98,2026-06-01,False,65.21739130434783,-27.82608695652174,-0.16242409969508131,69.81308411214954,-6.783333333333335,65.85227272727273,1.1363636363636365,3.0681818181818183,33.409090909090914,20.113636363636363,24.71590909090909,58.09578107183581,64.05519526795895
5439,高技,印刷電路板,245.5,2.079002079002068,566485932.125,True,43.80075798592312,57.214428857715426,22.13,2026-06-01,False,88.09523809523809,-17.06081081081081,-0.08458330963201809,55.60588901472253,-13.399999999999995,88.75,10.227272727272728,10.340909090909092,7.840909090909092,14.09090909090909,26.25,47.890535917901936,58.56354307038457
4966,譜瑞-KY,半導體,591.0,-0.6722689075630228,560979579.35,True,27.233351380617215,69.07147628590515,12.23,2026-06-01,False,81.53846153846153,-7.0754716981132075,0.001390637878911663,67.93103448275862,9.026666666666667,82.61363636363637,36.25,45.0,28.749999999999996,65.9090909090909,51.70454545454545,33.75142531356899,52.21626541930134
3033,威健,電子通路,50.3,-0.1984126984126977,551212881.33,True,32.53925284244721,65.06346025384101,54.45,2026-06-01,False,73.07692307692307,-9.532374100719432,-0.002451600185875595,90.46762589928056,21.970000000000006,74.375,27.045454545454543,42.95454545454545,83.86363636363636,85.68181818181819,62.784090909090914,78.22120866590649,77.35359762102208
2312,金寶,電腦及週邊,33.5,1.9786910197869156,547610438.4525,True,61.46627565982404,42.28456913827655,32.7,2026-06-01,False,53.44827586206896,-3.179190751445091,0.06939433147803421,77.18894009216591,25.663333333333334,53.86363636363637,51.70454545454546,75.45454545454545,53.18181818181819,88.29545454545455,64.5,61.17445838084379,54.12884186793822
2388,威盛,半導體,77.5,-2.146464646464652,545478642.175,True,84.98122653316645,21.37608550434202,34.01,2026-06-01,False,34.61538461538461,2.242744063324542,0.0637136123436612,88.06818181818183,-34.943333333333335,33.92045454545455,72.72727272727273,74.0909090909091,79.31818181818183,5.568181818181818,53.125,63.283922462941845,50.94882152482637
7828,創新服務,電子設備,1760.0,9.657320872274134,541339577.0,True,61.53846153846154,42.217768871075485,255.83,2026-06-01,False,76.0,-12.655086848635236,0.06860690807530266,75.6989247311828,-10611.286666666667,76.70454545454545,18.06818181818182,75.11363636363636,48.86363636363637,0.22727272727272727,43.79545454545455,97.03534777651083,76.13383694412771
4971,IET-KY,半導體,500.0,7.526881720430101,540018647.5,True,91.94583036350677,13.827655310621243,-6.26,2026-06-01,False,24.615384615384617,17.785630153121318,-0.033191116901060566,57.3394495412844,-12.943333333333332,25.227272727272727,95.9090909090909,26.25,9.772727272727273,14.318181818181818,34.29545454545455,10.490307867730902,12.395304239659998
2351,順德,半導體,172.0,1.4749262536873253,530398299.825,True,81.8083378451543,24.782899131596526,51.72,2026-06-01,False,38.46153846153847,-14.214463840399002,0.07512588166367459,75.10917030567686,14.29,38.29545454545455,14.545454545454545,77.27272727272727,47.27272727272727,76.13636363636364,50.70454545454546,76.85290763968074,61.96890872810201
1504,東元,電機製品,67.3,-0.14836795252226587,527614377.92999995,True,84.89442338927992,21.54308617234469,0.15,2026-06-01,False,9.090909090909092,-2.4637681159420333,-0.01877381469502265,56.31799163179916,-7.933333333333334,7.784090909090908,54.54545454545454,33.29545454545455,8.75,18.863636363636363,24.647727272727273,17.730900798175597,19.92988429045299
3023,信邦,電子零組件,315.5,-0.9419152276295084,527539565.975,True,64.21223605847321,39.67935871743487,17.59,2026-06-01,False,62.83783783783784,-1.8662519440124419,0.0004541283636935602,93.7592867756315,0.8933333333333309,64.31818181818181,57.15909090909091,44.65909090909091,90.11363636363636,39.43181818181819,59.13636363636364,42.18928164196123,59.86550222867212
1513,中興電,電機製品,165.5,3.1152647975077885,525016461.05,True,45.42501353546291,55.444221776887105,8.31,2026-06-01,False,54.54545454545454,-3.216374269005848,0.05393691894604243,88.50267379679144,2.380000000000001,54.60227272727273,51.590909090909086,69.77272727272728,80.0,44.77272727272727,60.14772727272727,28.39224629418472,52.85090248263709
4763,材料*-KY,其他化學,52.6,1.9379844961240345,523251657.71999997,True,23.930698429886302,71.81028724114896,-10.11,2026-06-01,False,68.75,12.034078807241743,0.09015232762545407,72.05479452054794,14.663333333333338,69.6590909090909,91.25,79.77272727272727,38.29545454545455,76.70454545454545,71.13636363636364,7.639680729760548,31.0860565460765
2458,義隆,半導體,146.0,0.3436426116838476,518565002.75,True,63.61667569030861,40.21376085504342,7.13,2026-06-01,False,58.46153846153847,-18.207282913165265,-0.07526286333996308,77.24867724867724,1.4500000000000002,58.97727272727272,8.636363636363637,13.068181818181818,53.40909090909091,41.02272727272727,35.022727272727266,26.90992018244014,57.66498004561004
6831,邁科,電子零組件,678.0,9.886547811993518,515460691.475,True,33.13953488372093,64.4622578490314,29.3,2026-06-01,False,84.45945945945947,-4.507042253521127,-0.03139972338513612,70.92050209205021,31.23,85.22727272727273,46.93181818181818,27.386363636363637,36.13636363636364,90.79545454545455,57.29545454545455,56.67046750285063,57.7755714211672
1402,遠東新,人纖,27.55,0.9157509157509125,514304283.89,True,44.93773687060097,55.81162324649298,12.06,2026-06-01,False,77.77777777777779,0.0,0.4279919774328248,94.18803418803418,-3.2200000000000006,78.4659090909091,64.94318181818181,100.0,91.47727272727273,28.863636363636363,72.75,33.409350057012546,59.602337514253136
8096,擎亞,電子通路,125.5,3.292181069958855,512636671.6,True,83.6248012718601,23.04609218436874,433.49,2026-06-01,False,21.153846153846153,-14.04109589041096,-0.043141952534889894,74.04129793510324,230.37333333333333,21.420454545454547,15.227272727272728,22.727272727272727,43.97727272727273,98.97727272727272,40.465909090909086,98.51767388825542,62.17203210842749
9904,寶成,鞋及旅行箱,23.95,-0.4158004158004269,509070423.0050001,True,21.169463995668654,74.41549766199064,-3.26,2026-06-01,False,77.77777777777779,-1.4403292181070015,-0.028511009354171953,74.37888198757763,-3.513333333333333,78.4659090909091,58.409090909090914,27.954545454545453,45.45454545454545,27.613636363636363,47.57954545454545,12.884834663625996,44.59904957499741
3357,臺慶科,電子零組件,230.5,5.251141552511407,504503998.375,True,93.0178432893716,12.758851035404142,57.44,2026-06-01,False,21.62162162162162,-7.8,-0.019694572848093523,66.23563218390804,20.563333333333333,21.988636363636363,33.52272727272727,32.61363636363636,23.977272727272727,84.43181818181819,39.30681818181818,79.13340935005702,47.894147792059705
2347,聯強,電子通路,91.6,0.659340659340657,488057798.78999996,True,70.87168381158637,35.136940547762194,135.45,2026-06-01,False,38.46153846153847,5.045871559633017,0.18582857044260662,94.33573635427395,19.44999999999999,38.29545454545455,80.68181818181817,94.0909090909091,92.04545454545455,82.95454545454545,77.61363636363636,93.5005701254276,60.789915258629634
4916,事欣科,電腦及週邊,103.0,-1.4354066985645897,487275642.56499994,True,29.496402877697843,67.46826987307949,80.52,2026-06-01,False,81.03448275862068,-8.849557522123893,-0.0563182599266759,82.73092369477911,2.1566666666666663,82.04545454545455,29.659090909090907,18.295454545454547,67.27272727272727,43.86363636363637,48.22727272727273,87.34321550741163,76.75057660412563
5388,中磊,通信網路,82.4,-9.549945115257952,485184010.77,True,57.28207904710341,45.424181696726784,70.83,2026-06-01,False,59.61538461538461,-7.829977628635346,-0.025389638917924374,77.37089201877934,2.056666666666672,60.0,33.29545454545455,30.0,53.75,43.40909090909091,44.09090909090909,84.72063854047892,66.2937959987561
6691,洋基工程,電子設備,733.0,0.6868131868131844,480740802.1,True,78.04659498207886,28.390113560454246,115.19,2026-06-01,False,53.333333333333336,-2.6560424966799467,-0.10090860607732698,91.96988707653702,27.10666666666667,53.57954545454545,53.86363636363637,7.840909090909092,86.47727272727272,89.43181818181817,58.23863636363636,92.01824401368302,69.55285645796621
3376,新日興,電子零組件,192.0,4.347826086956519,480054921.775,True,97.56361667569031,4.609218436873747,-4.76,2026-06-01,False,8.108108108108109,-3.7593984962406015,-0.008756168035425824,72.72727272727273,5.746666666666666,6.420454545454546,49.65909090909091,39.20454545454545,39.82954545454545,57.04545454545455,38.43181818181819,11.801596351197263,27.09812636052659
9914,美利達,其他,93.3,-1.0604453870625696,479510853.09000003,True,71.3574097135741,34.46893787575151,-5.51,2026-06-01,False,26.08695652173913,21.80156657963447,0.09684026227413406,81.84210526315789,-5.013333333333333,26.30681818181818,97.38636363636364,81.47727272727273,64.43181818181817,24.09090909090909,58.73863636363636,10.946408209806158,26.074670234269718
3030,德律,電子設備,307.5,1.6528925619834656,479041174.475,True,88.57606930157012,18.169672678690716,0.43,2026-06-01,False,36.0,1.8211920529801324,0.015834851800729802,73.30154946364719,-25.466666666666665,35.22727272727273,71.93181818181819,52.84090909090909,42.15909090909091,7.840909090909092,42.0,18.244013683010262,30.924639784388926
2812,台中銀,本國銀行,18.65,0.8108108108108025,475963581.5775,True,31.077422847861396,66.09886439545758,16.56,2026-06-01,False,100.0,-8.128078817734002,0.00019726333714426697,80.56155507559394,-21.686666666666664,98.69318181818181,32.04545454545455,44.54545454545455,61.13636363636363,9.204545454545453,49.125,40.992018244013686,67.19402728827615
6206,飛捷,電腦及週邊,146.0,2.0979020979021046,474078991.3,True,70.22198159177044,35.671342685370746,26.29,2026-06-01,False,37.93103448275862,15.873015873015872,0.08739699709739972,92.40506329113924,-12.376666666666665,37.72727272727273,94.6590909090909,79.54545454545455,87.38636363636364,14.886363636363637,62.840909090909086,52.56556442417332,45.755027469679696
6176,瑞儀,光電及I/O,81.3,-0.4895960832313362,461885117.88499993,True,57.44450460205739,45.29058116232465,-15.03,2026-06-01,False,51.388888888888886,-7.823129251700686,-0.03199557626480484,56.458333333333336,-3.2733333333333317,52.04545454545455,33.409090909090914,26.931818181818183,8.977272727272727,28.636363636363637,30.0,5.017103762827822,33.15768503161605
8932,智通*,資訊服務,107.5,2.3809523809523725,459517905.78999996,True,50.991189427312776,50.76820307281229,-3.5,2026-06-01,False,28.888888888888886,-15.019762845849801,-0.050204936825446904,44.51345755693582,-12.586666666666668,28.636363636363637,12.613636363636363,20.113636363636363,1.7045454545454544,14.659090909090908,15.545454545454543,12.770809578107183,32.62452057634498
1810,和成,玻璃陶瓷,24.2,-2.4193548387096864,453359160.52,True,18.581746552856202,76.48630594522378,-11.91,2026-06-01,False,83.33333333333334,-22.18649517684888,-0.014612087825257091,70.86383601756955,-3.6333333333333346,84.48863636363636,4.659090909090909,35.45454545454545,35.79545454545455,27.27272727272727,37.53409090909091,6.043329532497149,55.41708238312429
3005,神基,電子零組件,114.5,0.0,446947775.0,True,64.91608012994044,39.011356045424186,28.59,2026-06-01,False,60.13513513513513,-0.8658008658008658,0.10729537289599009,69.39393939393939,11.260000000000002,61.47727272727273,60.79545454545454,84.0909090909091,32.72727272727273,70.9090909090909,62.0,55.872291904218926,47.32034570332746
2385,群光,光電及I/O,105.0,0.4784688995215225,445414292.225,True,60.58473199783433,42.65197060788243,-5.48,2026-06-01,False,45.83333333333333,-0.47393364928909953,0.10890214556896449,71.67235494880546,3.1499999999999986,46.70454545454545,62.95454545454545,84.54545454545455,37.72727272727273,47.27272727272727,55.840909090909086,11.060433295324971,33.13442650564943
7795,長廣,電子設備,506.0,10.000000000000009,444818036.35,True,97.79411764705883,4.208416833667335,62.55,2026-06-01,False,9.333333333333334,-14.527027027027026,-0.155800443797805,75.97597597597597,29.019999999999996,8.068181818181818,13.863636363636363,3.295454545454545,49.88636363636363,90.11363636363636,33.04545454545455,81.75598631698973,56.46172385197471
1102,亞泥,水泥製造,32.35,-0.30816640986133237,433059878.3125,True,44.450460205739034,56.24582498329993,-2.21,2026-06-01,False,42.857142857142854,-7.04022988505746,0.07901209234967681,82.10659898477158,2.003333333333334,43.52272727272727,36.47727272727273,77.95454545454545,65.45454545454545,43.18181818181818,53.31818181818181,14.59521094640821,46.77380273660205
8131,福懋科,半導體,64.1,1.4240506329113778,426457265.9250001,True,73.52463454250136,32.598530394121575,60.87,2026-06-01,False,47.69230769230769,-21.059113300492623,-0.10896248728152927,75.14654161781945,10.529999999999994,48.29545454545455,5.454545454545454,6.931818181818182,47.38636363636364,69.54545454545455,35.52272727272727,80.84378563283923,67.767764590028
3019,亞光,消費性電子,137.5,-0.36231884057971175,418940578.375,True,64.32051976177586,39.478957915831664,13.14,2026-06-01,False,40.0,-4.844290657439446,0.0083222998236706,80.17492711370262,-3.3299999999999983,40.17045454545455,45.0,48.52272727272727,60.11363636363637,28.40909090909091,44.44318181818182,35.00570125427594,47.572448040841714
4977,眾達-KY,通信網路,154.0,5.119453924914685,418509295.075,True,76.44829453167297,29.659318637274552,8.08,2026-06-01,False,46.15384615384615,3.3557046979865772,-0.00824399648781801,56.931608133086876,23.523333333333333,47.04545454545455,76.25,39.43181818181819,9.318181818181818,87.38636363636364,51.88636363636364,28.278221208665904,27.097964393075564
2316,楠梓電,印刷電路板,161.5,-6.104651162790697,417080343.9,True,47.915538711423935,53.674014696058784,27.83,2026-06-01,False,85.71428571428571,-9.523809523809524,-0.058787831274537426,68.86993603411514,-19.236666666666665,86.81818181818181,27.15909090909091,17.727272727272727,31.25,10.340909090909092,34.65909090909091,55.30216647662486,61.55281434642894
3693,營邦,電子零組件,502.0,2.0325203252032464,415778445.9,True,93.8964241676942,11.823647294589177,74.98,2026-06-01,False,20.27027027027027,2.8688524590163933,0.05472316906797833,68.95604395604396,38.11666666666667,20.681818181818183,74.20454545454545,70.22727272727273,31.704545454545453,92.95454545454545,57.95454545454545,86.3169897377423,41.12470197989012
6121,新普,電子零組件,431.5,-0.6904487917146152,412326583.625,True,82.67460747157553,23.947895791583164,11.5,2026-06-01,False,41.891891891891895,12.22366710013004,0.254893985502097,92.29946524064171,4.8500000000000005,42.5,91.47727272727273,97.8409090909091,87.1590909090909,53.86363636363637,74.56818181818183,32.497149372862026,42.669741888670046
6834,天二科技,電子零組件,107.0,0.9433962264151052,411989349.36,True,33.286318758815234,64.32865731462925,66.46,2026-06-01,False,83.78378378378379,-3.6036036036036037,0.010611804370500728,81.06060606060606,13.999999999999993,84.82954545454545,49.88636363636363,49.77272727272727,62.5,75.0,64.39772727272728,83.35233751425314,70.19887983310873
1718,中纖,石化,11.2,9.80392156862746,411167621.395,True,72.78797996661102,33.46693386773547,1.92,2026-06-01,False,33.33333333333333,-24.832214765100677,-0.05310641458192997,73.68421052631578,-3.1766666666666667,32.44318181818181,2.5,19.090909090909093,43.40909090909091,29.204545454545457,25.329545454545453,19.156214367160775,48.12712177360837
3563,牧德,電子設備,717.0,5.908419497784334,409317325.35,True,75.36545749864645,31.19572478289913,15.62,2026-06-01,False,64.0,0.7022471910112359,0.054586529410268154,74.92163009404389,7.449999999999999,65.11363636363636,68.18181818181817,69.88636363636364,46.590909090909086,62.84090909090909,62.52272727272727,38.88255416191562,45.60132035866073
9921,巨大,其他,109.0,-2.2421524663677084,404377509.67,True,92.83276450511946,13.092852371409485,15.98,2026-06-01,False,8.695652173913043,36.25,0.17283707650775057,97.75784753363229,9.766666666666666,6.988636363636363,98.97727272727272,93.4090909090909,96.5909090909091,68.06818181818181,72.80681818181819,39.56670467502851,36.04224435057531
3022,威強電,電腦及週邊,105.5,-2.314814814814814,398806296.745,True,99.83757444504602,0.9018036072144289,79.97,2026-06-01,False,1.7241379310344827,20.84765177548683,0.11909978151212398,93.36283185840708,23.75333333333333,0.7954545454545454,97.04545454545455,86.25,89.54545454545455,87.5,72.22727272727272,87.115165336374,45.10265497045714
6525,捷敏-KY,半導體,143.0,1.7793594306049876,398427436.675,True,96.91391445587439,5.978623914495658,19.84,2026-06-01,False,7.6923076923076925,-24.137931034482758,0.05758389560149234,64.70588235294117,0.8133333333333326,5.965909090909091,3.295454545454545,71.70454545454545,20.454545454545457,38.97727272727273,28.079545454545457,44.69783352337514,41.95570838084379
6209,今國光,消費性電子,75.0,0.0,392525576.725,True,3.992015968063872,88.2431529726119,73.31,2026-06-01,False,95.0,-4.214559386973177,0.012293928618655914,77.1604938271605,3.026666666666671,94.0340909090909,48.29545454545455,50.90909090909091,53.06818181818181,47.04545454545455,58.67045454545454,85.5188141391106,71.0814080802322
3576,聯合再生,光電及I/O,17.3,0.0,387361773.265,True,20.198675496688743,75.28390113560455,-9.51,2026-06-01,False,76.38888888888889,-2.2598870056497096,0.07410721156073706,64.7940074906367,-16.286666666666665,77.1590909090909,55.34090909090909,77.04545454545455,20.795454545454543,12.045454545454545,48.47727272727273,8.095781071835804,37.677354358868044
3088,艾訊,電腦及週邊,140.0,0.35842293906809264,385706374.15,True,92.90741743367623,13.026052104208416,48.37,2026-06-01,False,13.793103448275861,0.7194244604316548,-0.0021776767414003746,90.9090909090909,-6.060000000000002,12.840909090909092,68.29545454545455,43.06818181818181,84.7159090909091,21.477272727272727,46.07954545454545,74.2873432155074,50.88717671296776
4576,大銀微系統,機械,227.0,3.89016018306636,385029553.975,True,41.122071516646116,59.25183700734803,62.56,2026-06-01,False,73.52941176470588,10.194174757281553,0.046224682871707924,79.78910369068541,12.266666666666673,74.54545454545455,89.31818181818181,66.47727272727273,59.43181818181819,72.95454545454545,72.54545454545455,81.87001140250855,56.63227557789987
2421,建準,電子零組件,150.5,-0.660066006600657,384968874.025,True,32.322685435841905,65.33066132264528,18.65,2026-06-01,False,85.13513513513513,8.273381294964029,0.1500331545005228,79.41952506596306,2.4599999999999973,86.25,87.04545454545455,90.11363636363636,58.29545454545455,45.11363636363636,73.36363636363637,43.50057012542759,50.2501425313569
6138,茂達,半導體,292.5,1.5625,374293880.75,True,75.41959935029779,31.09552438209753,11.1,2026-06-01,False,43.84615384615385,-12.293853073463268,-0.12671747596789215,66.47727272727273,-2.3500000000000014,44.54545454545455,18.636363636363637,5.227272727272727,24.659090909090907,31.136363636363633,24.840909090909086,32.04104903078677,45.65230771224215
2363,矽統,半導體,55.4,-2.8070175438596467,371924316.235,True,92.21611721611723,13.694054776219106,74.8,2026-06-01,False,23.076923076923077,-14.76923076923077,-0.0754343810054531,72.79894875164258,-8.783333333333331,23.579545454545457,13.295454545454547,12.954545454545455,40.340909090909086,18.181818181818183,21.670454545454543,86.20296465222349,59.206991163055875
1477,聚陽,成衣,219.0,-1.1286681715575675,370364163.6,True,10.557661072008663,83.56713426853707,0.53,2026-06-01,False,70.0,0.9216589861751152,-0.14024974811612437,64.69719350073855,-6.003333333333334,70.9659090909091,68.97727272727273,4.090909090909091,20.34090909090909,21.704545454545453,37.215909090909086,18.47206385404789,35.20040232714834
8050,廣積,電腦及週邊,58.8,-4.545454545454552,370151979.72499996,True,45.046020573903625,55.67802271209084,143.6,2026-06-01,False,67.24137931034483,-3.764320785597388,-0.022776354709120417,85.21739130434783,93.13999999999999,68.29545454545455,49.54545454545455,31.136363636363633,72.95454545454545,97.38636363636364,63.86363636363636,94.07069555302166,71.44381025189178
8016,矽創,半導體,311.5,1.7973856209150263,367944379.4,True,64.26637791012453,39.57915831663327,26.61,2026-06-01,False,56.92307692307692,3.145695364238411,0.07110304059658984,85.81267217630854,-7.960000000000001,57.15909090909091,75.56818181818183,75.79545454545455,73.97727272727272,18.75,60.25,53.36374002280502,52.23298046024671
6753,龍德造船,機車船製造,142.0,0.7092198581560183,364527241.275,True,43.75,57.31462925851704,33.41,2026-06-01,False,58.333333333333336,-8.974358974358974,-0.021218498141514643,69.77886977886978,-3.2033333333333402,58.80681818181818,29.318181818181817,32.04545454545455,33.29545454545455,28.97727272727273,36.48863636363636,62.1436716077537,56.23194062921115
2542,興富發,建設,44.8,0.561167227833903,361109017.7225,True,20.519761775852736,75.08350033400134,16.47,2026-06-01,False,77.96610169491525,3.107019562715752,0.0588709573650594,95.8288770053476,-2052.976666666667,78.86363636363637,75.45454545454545,72.61363636363637,94.31818181818183,0.3409090909090909,64.31818181818181,40.820980615735465,59.63706333575206
6472,保瑞,藥,424.0,0.11806375442739991,351549621.375,True,90.63345966432051,15.230460921843688,39.22,2026-06-01,False,9.090909090909092,-1.0501750291715286,0.06645281792050108,54.1507024265645,21.906666666666666,7.784090909090908,59.77272727272728,74.20454545454545,6.4772727272727275,85.56818181818183,46.76136363636364,67.50285062713797,30.497871747693583
7788,松川精密,電子零組件,256.0,7.3375262054507395,351507030.075,True,16.582914572864322,78.22311289245157,65.66,2026-06-01,False,93.91891891891892,-5.009276437847866,0.011463420601471989,87.67123287671232,23.953333333333333,93.06818181818181,43.97727272727273,50.227272727272734,78.52272727272728,87.61363636363636,70.68181818181817,82.89623717217788,77.62746838395356
2006,東和鋼鐵,基本金屬,83.8,-1.9883040935672502,350700517.735,True,45.07042253521127,55.577822311289246,9.01,2026-06-01,False,46.34146341463415,16.71309192200557,0.30402270041460444,94.68926553672317,5.550000000000001,47.27272727272727,95.45454545454545,99.43181818181817,92.5,56.70454545454545,78.27272727272727,29.304446978335235,43.405657199129266
2489,瑞軒,光電及I/O,33.0,0.7633587786259444,350593288.90999997,True,60.304731355252606,43.01937207748831,23.43,2026-06-01,False,47.22222222222222,-9.836065573770496,0.029492158842466296,58.4070796460177,7.866666666666667,47.95454545454545,26.25,59.20454545454545,11.136363636363637,63.18181818181819,41.54545454545455,49.37286202964653,45.55344278013891
8027,鈦昇,電子設備,192.0,5.785123966942152,347957055.9,True,99.66832504145937,1.8704074816299265,58.48,2026-06-01,False,2.666666666666667,-21.311475409836063,0.08050049162564758,65.52901023890784,-16.023333333333333,1.4772727272727273,5.340909090909091,78.52272727272728,22.727272727272727,12.386363636363637,24.09090909090909,79.81755986316989,49.670299056701566
8064,東捷,電子設備,105.5,2.9268292682926855,347534334.475,True,63.421828908554566,40.28056112224449,15.95,2026-06-01,False,74.66666666666667,-19.46564885496183,0.06363601374665556,61.15942028985507,5.953333333333333,75.56818181818183,6.931818181818182,73.97727272727272,14.772727272727273,57.840909090909086,45.81818181818183,39.45267958950969,55.71544262465015
8114,振樺電,電腦及週邊,215.0,1.6548463356973908,347189000.15,True,46.99512723335138,54.10821643286573,19.14,2026-06-01,False,65.51724137931035,9.974424552429667,0.11889143482956456,75.83774250440916,27.78,66.47727272727273,88.97727272727273,86.13636363636363,49.20454545454545,89.88636363636363,76.13636363636364,44.127708095781074,42.70806338758163
3479,安勤,電腦及週邊,140.5,-0.35460992907800915,346421449.65,True,86.41039523551706,19.97327989311957,27.85,2026-06-01,False,20.689655172413794,-4.745762711864407,0.004367396122710074,89.77635782747603,11.8,20.909090909090907,45.34090909090909,46.70454545454545,81.70454545454545,72.27272727272728,53.38636363636364,55.416191562143666,53.17222970871773
3135,凌航,半導體,165.5,-0.8982035928143728,346340856.25,True,0.0,98.9311957247829,150.02,2026-06-01,False,100.0,2.7950310559006213,-0.02834185418459188,63.53166986564299,-180.75333333333336,98.69318181818181,73.86363636363636,28.295454545454547,18.181818181818183,1.5909090909090908,44.12500000000001,94.2987457240593,59.32752734010573
6548,長科*,半導體,75.3,0.9383378016085908,341440713.78999996,True,92.22826086956522,13.627254509018035,37.63,2026-06-01,False,22.30769230769231,-6.343283582089562,0.053789153413621976,76.75840978593273,4.700000000000003,22.840909090909093,39.43181818181819,69.43181818181819,52.04545454545455,53.52272727272728,47.45454545454545,66.70467502850627,50.539805120762935
2105,正新,輪胎,32.1,0.9433962264151052,341188601.5275,True,12.723335138061723,81.29592518370073,15.01,2026-06-01,False,80.0,-2.28310502283105,0.08831565883029253,80.35043804755945,6.286666666666665,81.02272727272727,55.22727272727273,79.6590909090909,60.45454545454545,59.26136363636364,67.125,37.74230330672748,55.99807582668187
8086,宏捷科,半導體,119.0,2.145922746781115,339269554.05,True,5.323653962492438,86.5063460253841,16.05,2026-06-01,False,90.76923076923077,-9.848484848484848,-0.05797080345578363,66.4804469273743,-18.09,90.68181818181819,26.136363636363637,17.84090909090909,24.772727272727273,10.909090909090908,34.06818181818182,39.68072976054732,57.24972789468228
6005,群益證,證券,30.6,2.0000000000000018,338423268.94249994,True,23.389279913373038,72.27788911155645,101.2,2026-06-01,False,62.5,-11.046511627906968,-0.22649800459366626,67.9245283018868,-84.91333333333334,63.86363636363637,22.386363636363637,0.6818181818181818,28.636363636363637,2.5,23.613636363636367,90.42189281641961,65.13388229501399
6719,力智,半導體,206.0,-0.2421307506053294,336935258.7,True,16.877256317689532,77.9559118236473,-3.56,2026-06-01,False,84.61538461538461,-16.93548387096774,-0.026854753094832273,65.92,4.866666666666665,85.56818181818183,10.340909090909092,29.318181818181817,23.40909090909091,53.97727272727273,40.52272727272727,12.656784492588368,52.823287032238
2630,亞航,機車船製造,47.9,-1.8442622950819665,336887818.59000003,True,70.24557395773844,35.60454241816967,-30.49,2026-06-01,False,8.333333333333332,-20.826446280991735,-0.012001928815322143,65.88720770288859,-2.950000000000003,6.59090909090909,5.681818181818182,36.47727272727273,23.295454545454543,30.113636363636363,20.43181818181818,2.508551881413911,31.67827433398984
8081,致新,半導體,268.0,-0.7407407407407418,334118365.675,True,59.33946940985382,43.45357381429526,7.19,2026-06-01,False,60.76923076923077,3.076923076923077,0.03524904301859278,78.47730600292826,7.376666666666667,61.70454545454545,75.3409090909091,61.93181818181818,56.25,62.727272727272734,63.5909090909091,27.02394526795895,42.40939540789883
6526,達發,半導體,619.0,-0.1612903225806428,331799234.7,True,40.11713030746706,59.986639946559784,14.4,2026-06-01,False,76.15384615384615,-3.7325038880248838,0.032837859688247435,82.20451527224436,0.5333333333333332,76.81818181818181,49.77272727272727,61.25000000000001,65.68181818181819,38.06818181818182,58.31818181818183,36.71607753705815,57.360837566082715
5386,青雲,電子通路,278.0,1.2750455373406133,330308430.6,True,0.8662696264212236,94.22177688710754,442.3,2026-06-01,False,98.07692307692307,-25.568942436412318,-0.06550092937542248,46.880269814502526,22.183333333333394,96.42045454545455,1.9318181818181817,15.795454545454547,2.5,86.02272727272727,40.534090909090914,98.63169897377423,73.90508383435265
1503,士電,電機製品,199.0,1.0152284263959421,325156307.825,True,71.5755278830536,34.20173680694723,-10.58,2026-06-01,False,36.36363636363637,-5.011933174224343,-0.037411962690834154,74.25373134328358,-20.68,35.79545454545455,43.86363636363637,24.886363636363637,44.65909090909091,9.659090909090908,31.77272727272727,6.955530216647662,35.886609826889185
8383,千附,電子設備,69.7,1.6034985422740622,324775297.85499996,True,84.03311649911295,22.44488977955912,200.07,2026-06-01,False,41.333333333333336,-22.383073496659236,0.030152360713865612,77.10176991150442,105.24666666666666,41.81818181818181,4.545454545454546,59.77272727272728,52.84090909090909,97.95454545454545,51.38636363636364,95.78107183580387,71.47367704986006
6214,精誠,資訊服務,142.5,-0.34965034965035446,324617260.55,True,21.386031402273957,74.28189712758851,76.9,2026-06-01,False,60.0,1.0638297872340425,0.07360903898735074,90.18987341772153,26.556666666666672,60.79545454545454,69.43181818181819,76.70454545454545,82.8409090909091,88.63636363636364,75.68181818181817,86.77309007981756,65.24440888359075
6191,精成科,印刷電路板,87.1,1.1614401858304202,323659155.65999997,True,88.41364374661613,18.236472945891784,10.28,2026-06-01,False,50.0,-10.113519091847277,-0.04706716418575834,59.45392491467576,7.086666666666666,50.73863636363637,25.454545454545453,20.795454545454543,12.045454545454545,62.04545454545455,34.215909090909086,30.90079817559863,42.05758590753602
7751,竑騰,電子設備,1315.0,4.7808764940239,323154979.25,True,44.63519313304721,56.179024716098866,67.24,2026-06-01,False,84.0,8.677685950413224,0.020984650435950988,48.43462246777164,3.710000000000001,85.11363636363637,87.27272727272727,55.79545454545455,3.0681818181818183,49.88636363636363,56.22727272727273,83.58038768529077,46.12236964859542
3673,TPK-KY,光電及I/O,63.2,0.4769475357710773,322856700.435,True,18.949648077964266,76.35270541082164,7.03,2026-06-01,False,77.77777777777779,-14.824797843665769,0.03249036319966371,67.2340425531915,3.6100000000000003,78.4659090909091,13.068181818181818,61.02272727272727,26.81818181818182,49.54545454545455,45.784090909090914,26.68187001140251,54.7244447755779
3577,泓格,電腦及週邊,130.5,-1.1363636363636354,316004169.75,True,40.768814293448834,59.519038076152306,85.37,2026-06-01,False,72.41379310344827,3.571428571428571,0.002288167337450639,81.05590062111801,24.516666666666673,73.4090909090909,77.04545454545455,45.45454545454545,62.38636363636364,88.06818181818183,69.27272727272727,88.14139110604333,61.72284777651083
1409,新纖,人纖,24.8,2.268041237113394,315086221.53,True,81.48348673524634,25.384101536406146,13.44,2026-06-01,False,33.33333333333333,-4.2471042471042395,-0.04359234976611269,78.23343848580441,-11.100000000000003,32.44318181818181,47.95454545454545,22.5,55.22727272727273,15.795454545454547,34.784090909090914,35.23375142531357,43.73741512905566
6584,南俊國際,金屬製品,543.0,0.9293680297397744,313740579.925,True,32.71954674220963,64.92985971943888,40.64,2026-06-01,False,71.42857142857143,-18.46846846846847,-0.03172615458242828,67.45341614906832,-0.27666666666666373,72.67045454545455,8.181818181818182,27.045454545454543,27.613636363636363,35.68181818181818,34.23863636363637,68.6431014823261,65.1863435523997
4973,廣穎,半導體,158.5,1.6025641025640969,309258462.8,True,14.202220923436586,80.09352037408149,197.3,2026-06-01,False,87.6923076923077,-0.6269592476489028,-0.009736937700694543,75.47619047619048,33.77000000000001,88.06818181818183,62.04545454545455,38.29545454545455,48.40909090909091,91.70454545454545,65.70454545454547,95.55302166476625,67.49620996164612
6449,鈺邦,電子零組件,244.0,2.5210084033613356,308112215.6,True,84.62371413102329,21.8436873747495,23.29,2026-06-01,False,39.189189189189186,-16.295025728987994,0.028684783972583394,52.69978401727862,2.669999999999998,39.43181818181819,10.909090909090908,58.97727272727272,4.886363636363637,45.909090909090914,32.02272727272727,49.25883694412771,45.66698196330466
1714,和桐,清潔劑,17.4,4.504504504504503,307668118.49,True,21.49270482603816,74.14829659318637,73.41,2026-06-01,False,60.0,4.191616766467062,-0.028998921168991824,76.48351648351648,-3.2466666666666697,60.79545454545454,78.4090909090909,27.84090909090909,50.90909090909091,28.749999999999996,49.340909090909086,85.74686431014823,54.76057971390069
8155,博智,印刷電路板,321.5,1.7405063291139333,304413093.325,True,85.4899837574445,20.674682698730795,31.9,2026-06-01,False,54.761904761904766,-4.7407407407407405,-0.04654602920730198,70.42716319824753,1.6166666666666671,55.11363636363637,45.45454545454545,21.022727272727273,34.659090909090914,41.70454545454545,39.590909090909086,60.091220068415055,51.10235047164922
8926,台汽電,公用事業,56.8,1.7921146953405076,302383875.0749999,True,1.7325392528424473,92.21776887107549,1719.48,2026-06-01,False,83.33333333333334,-16.10044313146234,-0.21781361423204804,69.09975669099757,712.66,84.48863636363636,11.136363636363637,1.25,32.04545454545455,99.54545454545455,45.69318181818183,99.77194982896236,76.29241927542242
3227,原相,半導體,204.0,-2.392344497607657,300978547.9,True,42.33892799133731,58.517034068136276,21.05,2026-06-01,False,75.38461538461539,3.816793893129771,0.07397166112429897,79.53216374269006,9.186666666666666,76.02272727272728,77.89772727272727,76.81818181818181,58.75,66.36363636363637,71.17045454545455,46.7502850627138,50.90632126567846
6538,倉和,光電及I/O,161.5,9.863945578231291,300228332.05,True,98.27105409927496,3.406813627254509,46.5,2026-06-01,False,5.555555555555555,6.6006600660066,0.005708248301709648,100.0,41.57,3.8636363636363633,83.52272727272727,47.5,99.20454545454545,93.63636363636364,65.54545454545453,72.86202964652223,48.101871047994194
2207,和泰車,車輛買賣,504.0,-1.3698630136986356,293322230.85,True,0.0,98.9311957247829,48.36,2026-06-01,False,98.98785425101214,5.0,0.20350510008334766,81.15942028985508,17.78333333333333,96.98863636363636,80.56818181818181,95.68181818181817,62.84090909090909,81.13636363636364,83.44318181818183,74.11630558722919,63.34441730589821
9939,宏全,塑膠製品,134.0,-1.1070110701106972,290982929.075,True,36.599891716296696,62.458249832999336,12.13,2026-06-01,False,62.55060728744939,7.199999999999999,0.16639427718318914,92.73356401384083,-0.033333333333333215,64.0909090909091,85.0,92.72727272727272,88.18181818181819,36.25,73.25,33.52337514253136,50.19902560381466
6739,竹陞科技,電子設備,1030.0,2.487562189054726,288872616.6,True,15.92356687898089,78.75751503006012,101.13,2026-06-01,False,93.33333333333333,-6.787330316742081,0.031068672480134136,60.23391812865497,0.9299999999999926,92.89772727272727,37.55681818181818,60.340909090909086,13.295454545454547,39.54545454545455,48.72727272727273,90.3078677309008,64.7360578418161
1795,美時,藥,188.5,-0.2645502645502673,288476808.425,True,9.36654033567948,84.23513694054776,225.46,2026-06-01,False,68.18181818181817,-6.91358024691358,0.058826544651971645,51.92837465564738,108.40666666666667,69.0909090909091,36.81818181818181,72.5,4.204545454545454,98.06818181818183,56.13636363636364,96.57924743443557,58.264130040427084
6175,立敦,電子零組件,78.5,1.2903225806451646,280317706.025,True,96.91391445587439,5.978623914495658,43.96,2026-06-01,False,13.513513513513514,-23.78640776699029,0.04869261612937053,67.38197424892704,15.67666666666667,12.5,3.8636363636363633,67.27272727272727,27.386363636363637,78.29545454545455,37.86363636363636,70.98061573546181,51.75083575204727
3624,光頡,電子零組件,86.5,1.5258215962441257,278905560.675,True,75.79859231185706,30.42752171008684,28.72,2026-06-01,False,50.0,-24.12280701754386,-0.019141800284646824,49.008498583569406,1.879999999999999,50.73863636363637,3.4090909090909087,33.06818181818182,3.1818181818181817,42.27272727272727,26.534090909090914,56.10034207525656,51.65292642790505
4566,時碩工業,汽車組件,72.4,2.840909090909083,273311517.295,True,71.87675070028011,34.06813627254509,44.39,2026-06-01,False,37.83783783783784,7.738095238095243,0.05255208681585984,94.88859764089122,24.436666666666667,37.55681818181818,86.25,69.0909090909091,93.06818181818181,87.8409090909091,74.76136363636365,71.37970353477765,53.93867588369441
4722,國精化,樹脂,210.0,-2.3255813953488413,271746428.8,True,87.1142393069843,18.97127588510354,26.94,2026-06-01,False,21.428571428571427,-23.497267759562842,-0.03214929033927362,68.51549755301795,19.116666666666667,21.761363636363637,4.204545454545454,26.704545454545453,30.454545454545457,82.72727272727273,33.17045454545455,54.38996579247435,50.600332357209496
4908,前鼎,通信網路,162.5,7.615894039735105,268945171.75,True,96.80563075257173,6.279225116900468,29.72,2026-06-01,False,9.615384615384617,4.501607717041801,0.04195431715842963,55.36626916524702,5.316666666666666,8.579545454545455,79.20454545454545,64.43181818181817,7.613636363636364,55.00000000000001,42.965909090909086,57.2405929304447,23.557307323520266
8110,華東,半導體,46.8,1.0799136069114423,265881002.58249998,True,15.84529008109794,78.95791583166333,16.26,2026-06-01,False,86.15384615384616,-6.400000000000006,-0.015356210125810016,53.18181818181817,-0.8199999999999967,87.04545454545455,38.97727272727273,34.88636363636364,5.568181818181818,34.54545454545455,40.20454545454546,40.364880273660205,48.50031097750596
6715,嘉基,電子零組件,396.5,9.986130374479885,264718736.05,True,95.67634342186535,9.084836339345358,-9.2,2026-06-01,False,16.89189189189189,6.016042780748663,-0.045324595521640705,69.68365553602813,6.39666666666667,16.25,82.72727272727273,21.59090909090909,33.06818181818182,59.77272727272728,42.68181818181819,8.437856328392247,18.757191354825334
6643,M31,半導體,456.5,1.4444444444444482,260169007.075,True,96.16745283018868,8.216432865731463,-23.52,2026-06-01,False,12.307692307692308,7.159624413145541,0.027496092425908735,65.49497847919655,-19.939999999999998,11.25,84.6590909090909,58.29545454545455,22.5,10.0,37.340909090909086,3.192702394526796,13.070902871358973
8454,富邦媒,數位雲端,267.5,-1.291512915129156,255048660.625,True,29.61559285327558,67.40146960587843,6.5,2026-06-01,False,26.08695652173913,0.5639097744360901,0.022567728004896516,59.51056729699666,2.526666666666667,26.30681818181818,67.8409090909091,56.477272727272734,12.15909090909091,45.45454545454545,41.64772727272727,25.541619156214367,24.04165478905359
6588,東典光電,通信網路,97.1,9.966024915062288,254959750.81,True,99.84825493171472,0.6680026720106881,49.1,2026-06-01,False,1.9230769230769231,20.322180916976446,-0.005348319257082649,60.87774294670846,-72.53333333333333,0.9659090909090908,96.93181818181819,41.13636363636364,14.09090909090909,2.9545454545454546,31.2159090909091,74.68643101482326,23.202857753705814
3048,益登,電子通路,59.7,1.5306122448979664,250411545.5525,True,57.59651307596513,45.09018036072144,60.1,2026-06-01,False,55.769230769230774,4.553415061295974,-0.07388814249747928,79.38829787234043,12.090000000000003,56.19318181818181,79.31818181818183,13.750000000000002,58.18181818181818,72.72727272727273,56.034090909090914,80.61573546180159,53.918138410904945
2476,鉅祥,電子零組件,128.0,2.8112449799196693,247180477.175,True,74.60747157552788,31.596526386105545,53.76,2026-06-01,False,52.02702702702703,-1.1583011583011582,0.0517087568253641,94.11764705882352,11.39,52.84090909090909,59.54545454545455,68.86363636363636,91.19318181818183,71.25,68.73863636363636,77.99315849486888,65.6204487146263
2606,裕民,海運,67.4,1.5060240963855387,243802457.23000002,True,13.806172171088251,80.26052104208416,35.52,2026-06-01,False,90.9090909090909,4.984423676012465,0.29592375115718994,92.96551724137932,-3.136666666666663,90.85227272727273,80.3409090909091,99.20454545454545,88.97727272727273,29.318181818181817,77.73863636363636,64.5381984036488,66.0067086918213
2352,佳世達,光電及I/O,28.9,0.0,236496176.43,True,96.37249593936113,7.715430861723446,-0.62,2026-06-01,False,9.722222222222223,-8.253968253968258,-0.039792156990480866,81.63841807909604,0.7766666666666667,8.75,31.590909090909093,23.863636363636363,63.63636363636363,38.75,33.31818181818182,17.046750285062714,39.460551207629315
6202,盛群,半導體,63.8,-0.7776049766718529,232409174.4725,True,73.44527363184079,32.66533066132264,30.93,2026-06-01,False,48.46153846153846,-10.01410437235544,-0.0158265327818573,86.56716417910447,16.116666666666667,49.20454545454545,25.90909090909091,34.77272727272727,76.36363636363637,78.86363636363637,53.02272727272727,59.17901938426454,64.70952757333887
5314,世紀*,其他,62.5,2.2913256955810146,232236104.60499996,True,24.94279176201373,70.74148296593187,167.87,2026-06-01,False,65.21739130434783,-6.156156156156148,0.022167226792374303,43.40277777777778,13.219999999999999,65.85227272727273,39.88636363636363,56.25,1.4772727272727273,74.31818181818181,47.55681818181818,95.096921322691,55.63502578521821
2428,興勤,電子零組件,254.5,9.935205183585305,230765981.625,True,90.52517596101787,15.397461589846358,46.62,2026-06-01,False,28.37837837837838,-13.728813559322035,0.030097023237232425,74.09024745269286,14.716666666666661,28.18181818181818,16.136363636363637,59.65909090909091,44.31818181818182,76.93181818181817,45.04545454545454,73.09007981755985,57.36342904529906
2436,偉詮電,半導體,67.6,0.8955223880596996,230484846.74499997,True,0.9745533297238765,93.85437541750167,18.28,2026-06-01,False,96.15384615384616,7.643312101910824,0.0375996780811439,83.9751552795031,-6.676666666666666,95.17045454545455,86.13636363636363,63.06818181818182,69.6590909090909,20.227272727272727,66.85227272727272,42.7594070695553,55.363147221934284
2233,宇隆,汽車組件,204.0,1.4925373134328401,230131726.575,True,94.63995668651867,10.62124248496994,7.58,2026-06-01,False,8.108108108108109,-13.742071881606766,0.043502332125340375,53.473132372214934,1.96,6.420454545454546,16.022727272727273,65.11363636363636,5.795454545454545,42.95454545454545,27.261363636363637,27.48004561003421,30.918306857054006
2485,兆赫,通信網路,44.0,2.4447031431897415,229953931.58499998,True,91.85840707964601,14.02805611222445,80.93,2026-06-01,False,26.923076923076923,-10.931174089068824,0.07426938174352911,53.987730061349694,37.43000000000001,27.15909090909091,23.068181818181817,77.1590909090909,6.363636363636363,92.8409090909091,45.31818181818182,87.62827822120866,49.52070591893853
6291,沛亨,半導體,402.5,9.97267759562841,225963093.225,True,48.89679715302491,52.77221108884436,52.99,2026-06-01,False,71.53846153846153,-5.516431924882629,-0.010346587098249734,59.27835051546392,15.920000000000002,72.95454545454545,41.36363636363637,37.61363636363637,11.477272727272728,78.75,48.43181818181818,77.53705815279362,55.151309992743855
2103,台橡,橡膠原料,27.35,-4.537521815008716,225585789.22000003,True,18.87666473653735,76.41950567802272,40.24,2026-06-01,False,76.58569500674763,6.8359375,0.05379647298136602,95.46247818499128,9.513333333333332,77.27272727272727,83.97727272727272,69.54545454545455,93.63636363636364,67.5,78.38636363636364,68.30102622576966,63.808211101896966
4915,致伸,光電及I/O,60.4,0.6666666666666599,221853365.225,True,48.781808337845156,53.0060120240481,27.58,2026-06-01,False,62.5,-10.51851851851852,-0.03431060246267187,67.94150731158605,9.693333333333332,63.86363636363637,23.863636363636363,25.795454545454543,28.863636363636363,67.72727272727272,42.02272727272727,55.074116305587225,55.984438167305896
3147,大綜,資訊服務,229.5,1.5486725663716783,220914799.425,True,65.40335679480238,38.476953907815634,334.53,2026-06-01,False,17.77777777777778,-5.555555555555555,-0.018834091209582297,65.57142857142857,-77.82,17.386363636363637,41.19318181818182,33.18181818181819,22.954545454545457,2.727272727272727,23.488636363636367,98.06157354618016,49.30232520472686
2374,佳能,消費性電子,71.5,0.5625879043600568,218981257.86999997,True,20.93981863149217,74.81629926519706,18.97,2026-06-01,False,85.0,-1.7857142857142818,0.031404136615102544,66.82242990654206,-17.47,86.13636363636363,57.38636363636363,60.56818181818182,26.136363636363637,11.363636363636363,48.31818181818181,43.95667046750285,49.71075852596662
6579,研揚,電腦及週邊,160.0,0.6289308176100628,218465857.875,True,33.89279913373037,63.92785571142284,47.1,2026-06-01,False,79.3103448275862,-0.9287925696594427,0.018683781660113512,87.19346049046321,12.86333333333333,80.22727272727272,60.68181818181818,54.090909090909086,77.27272727272727,73.86363636363636,69.22727272727272,73.31812998859749,67.53407795169483
3455,由田,電子設備,222.0,9.90099009900991,217224722.85,True,98.10503519220357,3.9078156312625247,-30.02,2026-06-01,False,6.666666666666667,-1.3333333333333335,0.055704647373451044,71.61290322580646,-23.83,4.659090909090909,58.97727272727272,70.79545454545455,37.61363636363637,8.181818181818182,36.04545454545455,2.7366020524515395,21.508014149476523
3305,昇貿,印刷電路板,116.0,3.111111111111109,215615637.49,True,66.70276123443422,37.70875083500334,76.0,2026-06-01,False,73.80952380952381,-2.5210084033613445,-0.04582897030885002,69.25373134328359,6.819999999999993,75.0,54.43181818181818,21.477272727272727,32.38636363636363,61.13636363636363,48.88636363636363,86.43101482326112,59.846390069451644
2393,億光,光電及I/O,63.3,-1.4018691588785104,215471679.98500004,True,44.125609095831074,56.91382765531062,10.58,2026-06-01,False,66.66666666666666,-7.860262008733633,-0.11967943909115175,85.77235772357723,4.623333333333333,67.5,33.18181818181819,6.25,73.75,53.18181818181819,46.77272727272727,31.12884834663626,59.79925754120452
2305,全友,光電及I/O,27.8,2.0183486238532167,212534327.4225,True,0.2676181980374665,95.99198396793587,142.33,2026-06-01,False,95.83333333333334,-20.684736091298138,-0.045969565570889236,65.18171160609614,35.253333333333345,94.77272727272728,5.795454545454545,21.25,21.59090909090909,92.1590909090909,47.11363636363636,93.95667046750285,76.13121307142117
6435,大中,半導體,261.5,0.7707129094412402,211165634.25,True,92.04114780725502,13.760855043420172,21.6,2026-06-01,False,23.846153846153847,-19.41448382126348,0.013251481373639637,62.26190476190476,2.503333333333334,24.31818181818182,7.045454545454545,51.47727272727273,16.25,45.34090909090909,28.886363636363637,47.20638540478905,45.18227816937908
9958,世紀鋼,基本金屬,107.0,-5.726872246696035,211014958.325,True,3.356794802382242,89.21175684702739,64.09,2026-06-01,False,95.1219512195122,-10.084033613445378,0.047723401611976864,54.4529262086514,22.360000000000007,94.20454545454545,25.681818181818183,66.93181818181819,6.931818181818182,86.13636363636363,55.97727272727273,82.212086659065,64.41665802840261
1597,直得,機械,149.0,0.6756756756756799,210071724.475,True,73.4163508391987,32.765531062124246,45.25,2026-06-01,False,33.82352941176471,7.971014492753622,0.02631755592548699,67.42081447963801,-10.616666666666667,33.06818181818182,86.5909090909091,57.840909090909086,27.500000000000004,16.25,44.25,72.17787913340935,36.53878796517052
1514,亞力,電機製品,102.0,0.0,209244936.075,True,63.88738494856524,40.01336005344021,39.69,2026-06-01,False,45.45454545454545,-7.6923076923076925,-0.01114486544011269,68.22742474916387,23.363333333333333,46.42045454545455,34.31818181818182,37.15909090909091,29.43181818181818,87.1590909090909,46.89772727272727,67.84492588369442,52.344754198196334
8464,億豐,五金及家具,391.0,-1.7587939698492483,209003785.225,True,33.24309691391446,64.39545758183033,11.73,2026-06-01,False,72.72727272727273,11.079545454545455,0.0621402517148412,82.3157894736842,8.493333333333334,73.69318181818181,90.3409090909091,73.75,66.02272727272728,65.22727272727272,73.80681818181817,32.953249714937286,45.582062428734325
6426,統新,通信網路,222.0,1.83486238532109,208719743.375,True,98.22485207100591,3.5404141616566465,103.04,2026-06-01,False,5.769230769230769,23.333333333333332,0.0019832149321350676,76.94974003466204,19.836666666666673,4.034090909090909,97.8409090909091,45.22727272727273,52.5,83.86363636363636,56.69318181818181,90.76396807297606,37.364287472789464
5443,均豪,電子設備,113.5,5.581395348837215,206760409.6,True,85.32755820249052,21.008684034736138,-10.09,2026-06-01,False,38.666666666666664,5.092592592592593,0.0588135183087871,82.54545454545455,-0.2833333333333332,38.75,80.79545454545455,72.38636363636364,66.5909090909091,35.56818181818181,58.81818181818181,7.753705815279361,33.07479009018348
7711,永擎,電腦及週邊,447.5,9.950859950859957,206352341.275,True,15.909090909090908,78.89111556446225,140.79,2026-06-01,False,89.65517241379311,40.94488188976378,0.03756869103000236,83.64485981308411,102.89333333333332,89.77272727272727,99.54545454545455,62.95454545454545,69.31818181818183,97.8409090909091,83.88636363636363,93.72862029646522,63.318518710479935
2637,慧洋-KY,海運,88.0,0.8018327605956443,206165068.79500002,True,67.51488900920411,37.27454909819639,57.92,2026-06-01,False,27.27272727272727,4.88676996424314,0.19982774996118224,99.88649262202044,16.24666666666667,27.670454545454547,80.11363636363636,95.3409090909091,98.29545454545455,79.31818181818183,76.14772727272728,79.36145952109464,56.30343306209184
2465,麗臺,電腦及週邊,95.5,9.896432681242807,204578342.895,True,60.413080895008605,42.818971275885104,543.89,2026-06-01,False,55.172413793103445,14.64585834333734,0.12461831672344126,100.0,258.88,55.34090909090909,94.0909090909091,87.27272727272727,99.20454545454545,99.20454545454545,87.02272727272727,98.85974914481186,64.82857364983931
2855,統一證,證券,47.5,2.813852813852802,204130315.1875,True,46.99512723335138,54.10821643286573,199.02,2026-06-01,False,12.5,1.2793176972281481,0.029835675238486355,80.37225042301183,-344.1766666666666,11.477272727272728,70.0,59.43181818181819,60.56818181818182,1.3636363636363635,40.56818181818183,95.66704675028507,49.42812532393491
6491,晶碩,醫療耗材,378.0,0.0,200936931.15,True,26.786786786786788,69.33867735470942,33.94,2026-06-01,False,42.42424242424242,3.5616438356164384,0.17718457429138362,99.73614775725594,3.756666666666664,43.06818181818181,76.93181818181817,93.52272727272727,98.18181818181819,50.11363636363636,72.36363636363636,63.169897377423034,56.87201979890122
6829,千附精密,電子設備,211.0,2.4271844660194164,199734605.65,True,96.0,8.750835003340013,69.4,2026-06-01,False,14.666666666666666,-17.898832684824903,-0.015286172054885697,75.89928057553958,24.46666666666667,13.522727272727272,9.090909090909092,35.11363636363637,49.43181818181818,87.95454545454545,39.02272727272727,84.37856328392246,59.5605499118897
1608,華榮,電纜,37.95,4.115226337448563,199323131.4075,True,0.3250975292587776,95.45758183032731,13.35,2026-06-01,False,100.0,13.114754098360674,0.12478686334413798,93.58816276202221,3.6099999999999994,98.69318181818181,92.5,87.38636363636364,90.0,49.43181818181818,83.60227272727272,35.11972633979475,57.82822703949414
2867,三商壽,壽險,9.43,-0.527426160337563,199223978.51250002,True,90.83333333333333,15.096860387441549,154.94,2026-05-01,False,15.182186234817813,6.553672316384182,0.3200221964656611,95.25252525252525,144.58666666666667,14.09090909090909,83.4090909090909,99.6590909090909,93.52272727272727,98.4090909090909,77.81818181818183,94.52679589509692,54.682835337410594
8091,翔名,電子設備,233.0,-2.713987473903967,198941275.2,True,97.02219815917704,5.744822979291917,71.7,2026-06-01,False,12.0,-17.813051146384478,-0.03245344364837945,78.98305084745762,8.63666666666667,10.795454545454545,9.318181818181818,26.477272727272727,57.15909090909091,65.45454545454545,33.840909090909086,85.06271379703534,60.92476935834975
1319,東陽,汽車組件,79.2,0.5076142131979822,198794993.26499996,True,17.271250676773146,77.62191048764196,3.04,2026-06-01,False,83.78378378378379,4.761904761904773,0.09498068915830365,68.8695652173913,5.883333333333334,84.82954545454545,79.77272727272727,81.25,31.079545454545453,57.72727272727273,66.93181818181819,20.86659064994299,39.25073857157666
3014,聯陽,半導體,135.0,0.3717472118959009,198288246.725,True,51.00162425554954,50.63460253841016,-1.12,2026-06-01,False,66.92307692307692,0.7462686567164178,-0.05880126218491087,80.1186943620178,3.4033333333333333,68.18181818181817,68.4090909090909,17.613636363636363,59.88636363636364,48.52272727272727,52.522727272727266,15.735461801596351,43.84863817767181
6727,亞泰金屬,電子設備,395.0,1.1523687580025532,196894601.025,True,91.39551699204628,14.228456913827655,-23.9,2026-06-01,False,26.666666666666668,-5.389221556886228,-0.0172248907128703,59.84848484848485,-51.019999999999996,26.875,42.04545454545455,33.86363636363636,12.727272727272727,4.318181818181818,23.965909090909086,3.0786773090079818,25.15887387270654
2302,麗正,電子零組件,45.55,-1.0857763300760048,194962513.01,True,78.87573964497041,27.85571142284569,45.71,2026-06-01,False,46.62162162162162,-0.32822757111598616,0.008789073287874991,82.22021660649818,14.056666666666665,47.5,63.40909090909091,48.75,65.79545454545455,75.3409090909091,60.1590909090909,72.40592930444699,55.573073235202656
3498,陽程,電子設備,131.0,5.2208835341365445,192380874.67000002,True,71.08433734939759,34.80293921175684,50.69,2026-06-01,False,69.33333333333334,6.504065040650407,0.030223368870263657,81.875,-34.510000000000005,70.45454545454545,83.29545454545455,59.88636363636364,64.77272727272727,5.681818181818182,56.81818181818181,75.94070695553022,56.96813128433709
6903,巨漢,電子設備,324.0,2.5316455696202445,191235910.0,True,43.643263757115754,57.44822979291917,163.86,2026-06-01,False,85.33333333333334,-20.19704433497537,-0.09801138765044638,74.65437788018433,-66.15666666666667,86.36363636363636,6.4772727272727275,8.295454545454547,46.02272727272727,3.4090909090909087,30.113636363636363,94.98289623717217,80.22299678656577
4551,智伸科,汽車組件,172.5,9.872611464968163,189033246.85,True,44.93773687060097,55.81162324649298,30.66,2026-06-01,False,62.16216216216216,-14.392059553349876,0.0010075934526169797,61.170212765957444,5.399999999999999,63.465909090909086,14.431818181818182,44.88636363636363,14.886363636363637,55.56818181818181,38.647727272727266,58.836944127708094,55.68934966829065
6640,均華,電子設備,1000.0,5.820105820105814,188832903.35,True,76.0693015701137,29.993319973279892,0.33,2026-06-01,False,58.666666666666664,2.0408163265306123,-0.022575261800765745,56.81818181818182,-32.76666666666667,59.09090909090909,72.27272727272728,31.477272727272727,9.204545454545453,5.795454545454545,35.56818181818182,18.015963511972636,28.509672696174977
2399,映泰,電腦及週邊,45.1,6.24263839811543,188118906.3,True,62.88981288981289,40.6813627254509,-10.32,2026-06-01,False,50.0,8.153477218225417,0.04537985137310517,82.0,-30.26,50.73863636363637,86.70454545454545,65.9090909090909,65.11363636363636,6.4772727272727275,54.98863636363636,7.525655644241732,34.16834572924225
4542,科嶠,電子設備,282.5,2.914389799635697,186817369.95,True,89.72644376899696,16.76686706746827,102.05,2026-06-01,False,30.666666666666664,-24.059139784946236,-0.05428224137688681,57.18623481781376,46.39,30.34090909090909,3.5227272727272725,18.522727272727273,9.431818181818182,94.43181818181819,31.25,90.53591790193842,56.69647947548461
3596,智易,通信網路,168.5,-0.295857988165682,183777007.95,True,24.905251759610177,70.80828323313293,3.96,2026-06-01,False,80.76923076923077,-11.780104712041885,-0.20287095858120818,67.53507014028057,0.8433333333333328,81.70454545454545,20.113636363636363,1.5909090909090908,27.84090909090909,39.31818181818182,34.11363636363636,21.7787913340935,52.802652378977925
3704,合勤控,通信網路,42.6,-6.167400881057262,182037911.74249998,True,39.73299427844882,60.120240480961925,47.87,2026-06-01,False,69.23076923076923,-14.457831325301196,-0.05633505416335364,84.52380952380953,7.073333333333338,70.17045454545455,14.318181818181818,18.181818181818183,70.45454545454545,61.93181818181818,47.01136363636364,73.77423033067275,75.02026212812274
6265,方土昶,電子通路,56.8,1.2477718360071277,181288570.89249998,True,32.66384778012685,64.99665998663995,1209.51,2026-06-01,False,71.15384615384616,5.576208178438662,0.07945798404818843,88.88888888888889,152.2833333333333,72.2159090909091,81.70454545454545,78.18181818181819,80.22727272727272,98.52272727272727,82.17045454545455,99.42987457240594,67.54212773401058
3675,德微,電子零組件,275.5,1.1009174311926495,180245436.075,True,87.9263670817542,18.43687374749499,29.99,2026-06-01,False,31.08108108108108,-14.969135802469136,-0.0037529180589675097,61.22222222222222,5.486666666666665,30.909090909090907,12.840909090909092,42.15909090909091,15.0,56.022727272727266,31.386363636363637,58.26681870011402,47.83375012957396
3221,台嘉碩,電子零組件,49.0,1.5544041450777257,179542676.1175,True,85.86762075134168,20.240480961923847,26.6,2026-06-01,False,36.486486486486484,-7.372400756143664,0.014912352321513913,73.90648567119156,8.286666666666669,36.02272727272727,35.22727272727273,52.159090909090914,43.75,64.6590909090909,46.36363636363636,53.19270239452679,49.434539234995334
1708,東鹼,其他化學,49.3,0.10152284263957867,177073088.8675,True,30.480046269519956,66.66666666666666,3.25,2026-06-01,False,62.5,-13.051146384479729,-0.01204531802827405,79.902755267423,-17.959999999999997,63.86363636363637,17.045454545454543,36.36363636363637,59.54545454545455,11.022727272727273,37.56818181818182,21.094640820980615,56.864569296154244
3587,閎康,檢測驗證,253.0,0.0,174893587.8,True,96.47887323943662,7.548430193720774,11.01,2026-06-01,False,20.0,-4.887218045112782,-0.01600631988070124,63.888888888888886,-9.126666666666667,19.772727272727273,44.65909090909091,34.54545454545455,18.977272727272727,17.84090909090909,27.159090909090914,31.870011402508553,31.49023012335441
2605,新興,海運,32.55,-0.6106870229007688,173795741.5075,True,0.0,98.9311957247829,51.62,2026-06-01,False,100.0,2.8436018957345928,0.09494285065537937,75.08650519031141,31.009999999999998,98.69318181818181,74.0909090909091,81.02272727272727,47.159090909090914,90.56818181818181,78.30681818181819,76.73888255416192,62.12506154763139
2498,宏達電,消費性電子,40.5,0.0,173261875.02749997,True,51.03092783505154,50.56780227120908,-8.53,2026-06-01,False,55.00000000000001,-8.577878103837467,0.00532883996018036,54.36241610738255,2.8066666666666666,55.22727272727273,30.568181818181817,47.159090909090914,6.704545454545455,46.36363636363636,37.20454545454546,8.665906499429875,35.00738571576656
8422,可寧衛*,資源回收,26.9,0.9380863039399667,172008721.925,True,96.69734704926908,6.713426853707414,50.34,2026-06-01,False,8.695652173913043,1.701323251417767,0.10379032902965135,10.76,-29.14666666666666,6.988636363636363,71.47727272727272,82.95454545454545,0.22727272727272727,6.8181818181818175,33.69318181818181,75.8266818700114,27.891329558411943
6477,安集,光電及I/O,34.25,-2.002861230329045,171894547.07,True,97.07482993197279,5.678022712090848,-10.45,2026-06-01,False,6.944444444444445,-18.83886255924171,-0.006427935463505239,74.945295404814,-14.206666666666667,5.227272727272727,7.727272727272727,40.45454545454545,46.70454545454545,13.750000000000002,22.772727272727273,7.297605473204105,37.87553773193739
2548,華固,建設,93.6,0.0,171647410.235,True,21.061180292366,74.71609886439545,-88.82,2026-06-01,False,74.57627118644068,-7.7832512315271,-0.2366960943316882,70.9090909090909,-12615.72,75.3409090909091,33.63636363636363,0.5681818181818182,36.02272727272727,0.11363636363636363,29.136363636363637,0.34207525655644244,44.517336995957294
2727,王品,餐飲飯店,234.0,-1.0570824524312905,171345100.6,True,1.5625,92.38476953907816,16.59,2026-06-01,False,96.29629629629629,0.21413276231263384,0.255106539103958,93.97590361445783,1.6766666666666676,95.3409090909091,66.02272727272728,97.95454545454545,90.79545454545455,41.93181818181818,78.4090909090909,41.163055872291906,65.31917305898207
2466,冠西電,光電及I/O,94.0,2.1739130434782705,170321770.73999998,True,45.65055762081784,55.243820975283896,53.03,2026-06-01,False,65.27777777777779,-18.614718614718615,-0.029645019536661155,77.04918032786885,55.50666666666667,66.02272727272728,8.068181818181818,27.727272727272727,52.72727272727272,96.02272727272727,50.11363636363636,77.65108323831242,72.08322535503265
9945,潤泰新,建設,27.2,0.5545286506469349,167176238.92,True,46.29128316188414,54.776219104876425,29.57,2026-06-01,False,42.3728813559322,3.030303030303033,0.19427908214988368,85.13302034428794,-23.879999999999995,42.95454545454545,75.11363636363636,94.77272727272728,72.5,8.068181818181818,58.68181818181819,57.01254275940707,49.33836296257904
4906,正文,通信網路,36.5,1.388888888888884,165670518.2175,True,95.60741249142073,9.285237140948563,-5.24,2026-06-01,False,19.230769230769234,-5.927835051546385,-0.039317151441173474,68.35205992509363,8.216666666666669,18.863636363636363,40.11363636363636,23.977272727272727,30.0,64.31818181818181,35.45454545454545,11.402508551881414,30.038127137970356
2329,華泰,半導體,44.7,0.44943820224718767,165629350.9675,True,50.1577287066246,51.503006012024045,3.62,2026-06-01,False,68.46153846153847,-13.035019455252911,-0.0714916464271457,63.94849785407726,-0.4233333333333329,69.54545454545455,17.15909090909091,14.318181818181818,19.090909090909093,35.340909090909086,31.090909090909086,21.436716077537056,48.228497201202444
4772,台特化,其他化學,254.0,0.994035785288272,164814390.225,True,1.5283842794759825,92.5183700734803,272.73,2026-06-01,False,100.0,-5.75139146567718,0.03596849278463402,67.5531914893617,31.383333333333354,98.69318181818181,41.02272727272727,62.272727272727266,28.06818181818182,90.9090909090909,64.19318181818183,97.26339794754846,70.75050857779621
3236,千如,電子零組件,45.2,-2.058504875406275,164713053.97000003,True,85.47979797979798,20.7748830995324,11.93,2026-06-01,False,37.83783783783784,-17.367458866544787,-0.016137239121193078,61.917808219178085,-5.733333333333334,37.55681818181818,9.886363636363637,34.31818181818182,15.681818181818183,22.272727272727273,23.94318181818182,33.29532497149373,44.16189942469161
6693,廣閎科,半導體,184.5,6.340057636887608,161264281.6,True,48.05352798053528,53.57381429525718,106.98,2026-06-01,False,73.84615384615385,-14.976958525345621,-0.04111046694211476,66.72694394213381,4.36666666666666,75.11363636363636,12.727272727272727,23.522727272727273,25.90909090909091,52.38636363636363,37.93181818181818,91.33409350057012,69.90738701150616
1727,中華化,其他化學,79.3,3.524804177545704,160477868.79000002,True,85.73208722741434,20.374081496325985,19.24,2026-06-01,False,12.5,-15.548455804046865,0.0024737082324974213,75.88516746411483,-4.219999999999999,11.477272727272728,12.045454545454545,45.909090909090914,49.31818181818181,25.90909090909091,28.93181818181818,44.241733181299885,48.24793329532497
5340,建榮,印刷電路板,79.6,7.567567567567557,159438075.275,True,8.28370330265295,85.10354041416166,25.75,2026-06-01,False,95.23809523809523,0.0,-0.008218313814818265,59.402985074626855,5.510000000000002,94.375,64.94318181818181,39.54545454545455,11.818181818181818,56.36363636363636,53.409090909090914,51.767388825541616,48.254347206385404
1210,大成,油脂飼料,53.0,-1.6697588126159513,159435558.21,True,15.430427720628046,79.22511690046761,12.17,2026-06-01,False,70.0,-8.620689655172415,-0.038345984026855906,90.1360544217687,3.286666666666667,70.9659090909091,30.227272727272727,24.431818181818183,82.5,48.18181818181818,51.26136363636364,33.63740022805017,64.21900914792164
3551,世禾,電子設備,179.5,0.8426966292134797,157552240.775,True,75.79859231185706,30.42752171008684,26.06,2026-06-01,False,61.33333333333333,-20.22222222222222,-0.06487377621996392,79.77777777777779,6.196666666666665,62.5,6.363636363636363,16.022727272727273,59.31818181818181,58.86363636363636,40.61363636363636,52.33751425313569,66.94801492692028
6937,天虹,電子設備,291.5,1.5679442508710784,157364633.0,True,81.70542635658916,24.98329993319973,64.17,2026-06-01,False,46.666666666666664,11.047619047619047,0.0906617496336899,82.9302987197724,28.663333333333334,47.67045454545455,90.22727272727272,79.88636363636363,67.95454545454545,90.0,75.14772727272727,82.32611174458381,51.930959754327766
3265,台星科,半導體,175.0,9.717868338557988,156417876.375,True,88.9550622631294,17.468269873079493,3.58,2026-06-01,False,30.76923076923077,2.941176470588235,0.05474234949738941,90.43927648578811,-17.596666666666664,30.511363636363637,74.60227272727272,70.3409090909091,83.75,11.25,54.090909090909086,21.322690992018245,40.245445475277286
3029,零壹,資訊服務,108.5,0.4629629629629539,152710054.28,True,69.40985381700054,36.33934535738143,13.58,2026-06-01,False,15.555555555555555,5.339805825242718,0.1378219350577426,85.09803921568627,-4.813333333333334,15.227272727272728,81.47727272727273,89.0909090909091,72.1590909090909,24.659090909090907,56.52272727272727,35.34777651083238,35.31421685498082
2355,敬鵬,印刷電路板,42.8,0.7058823529411784,152034670.28750002,True,38.36231071228267,61.12224448897795,4.44,2026-06-01,False,90.47619047619048,-10.272536687631039,0.0419079477342653,63.880597014925364,0.04999999999999982,90.3409090909091,25.0,64.31818181818181,18.863636363636363,36.70454545454545,47.04545454545455,22.234891676168758,51.609859282678556
1609,大亞,電纜,37.7,1.4804845222072816,151981166.41500002,True,55.224688684353005,47.56179024716099,22.67,2026-06-01,False,20.0,-3.949044585987254,-0.007882918831901752,79.70401691331925,2.3766666666666687,19.772727272727273,48.75,40.0,58.97727272727272,44.65909090909091,42.43181818181818,48.68871151653364,44.67217787913341
5469,瀚宇博,印刷電路板,76.7,1.0540184453227797,151904387.54,True,88.90092041147807,17.635270541082164,15.36,2026-06-01,False,47.61904761904761,0.0,-0.04774638645384936,68.78923766816143,7.023333333333333,48.18181818181818,64.94318181818181,20.454545454545457,30.681818181818183,61.81818181818181,45.21590909090909,38.31242873432155,38.058220819944026
4707,磐亞,清潔劑,33.0,10.000000000000009,150720661.1625,True,99.1878722252301,2.404809619238477,30.81,2026-06-01,False,20.0,-21.334922526817646,-0.010282195320147337,73.33333333333333,38.58,19.772727272727273,5.227272727272727,37.72727272727273,42.27272727272727,93.06818181818181,39.61363636363636,59.064994298745724,53.97079402923189
5471,松翰,半導體,56.2,0.0,147953898.68499997,True,65.99891716296698,38.142952571810284,47.67,2026-06-01,False,54.61538461538461,-10.935023771790805,-0.05398770044772748,83.13609467455623,14.20666666666667,54.77272727272727,22.954545454545457,18.75,68.86363636363636,75.79545454545455,48.22727272727273,73.66020524515393,68.58550585674303
1736,喬山,家電製品,139.0,-4.137931034482756,147750536.05,True,0.8700696055684455,94.12157648630594,14.49,2026-06-01,False,89.47368421052632,6.106870229007633,0.0734042586959981,75.95628415300546,6.9799999999999995,89.6590909090909,82.8409090909091,76.47727272727273,49.77272727272727,61.59090909090909,72.06818181818183,37.058152793614596,48.41226547113092
2540,愛山林,建設,44.5,1.1363636363636465,147042686.285,True,95.61451001624256,9.18503674014696,-49.07,2026-06-01,False,3.389830508474576,-16.822429906542055,0.035555504618673635,52.10772833723652,3.2433333333333323,2.159090909090909,10.568181818181818,62.04545454545455,4.318181818181818,47.72727272727273,25.363636363636363,1.1402508551881414,24.262335441069766
3592,瑞鼎,半導體,238.0,-0.4184100418409997,145534029.1,True,66.18705035971223,38.07615230460922,18.59,2026-06-01,False,53.84615384615385,-4.609218436873747,-0.000902386276885543,78.28947368421053,1.913333333333334,54.03409090909091,46.25,43.86363636363637,55.34090909090909,42.5,48.39772727272727,43.32953249714937,51.61363312428735
6613,朋億*,電子設備,266.5,2.303262955854124,142936901.85,True,95.23551705468327,9.886439545758183,120.45,2026-06-01,False,22.666666666666664,-27.6797829036635,-0.1481955350149008,68.33333333333333,42.78666666666666,23.068181818181817,1.25,3.75,29.772727272727273,93.86363636363636,30.340909090909086,92.36031927023946,60.987807090287134
5284,jpp-KY,電子零組件,299.5,-0.33277870216306127,142406367.625,True,69.25254813137033,36.4061456245825,32.06,2026-06-01,False,56.75675675675676,-0.16666666666666669,-0.01960360396597148,65.1086956521739,-11.283333333333331,57.04545454545455,64.20454545454545,32.72727272727273,21.363636363636363,15.454545454545453,38.159090909090914,60.262257696693275,43.61670078780969
4739,康普,其他化學,87.0,-0.4576659038901698,142331323.655,True,4.684788895315211,87.30794923179693,113.79,2026-06-01,False,87.5,-5.434782608695652,0.02185245323957139,66.92307692307692,-3.203333333333333,87.89772727272728,41.875,56.13636363636364,26.477272727272727,29.09090909090909,48.29545454545455,91.79019384264538,66.07254846066135
7822,倍利科,電子設備,880.0,3.0444964871194413,140681903.85,True,0.0,98.9311957247829,50.72,2026-06-01,False,98.66666666666667,-10.112359550561797,0.020711022137286626,48.21917808219178,-18.78,96.81818181818181,25.568181818181817,55.45454545454545,2.9545454545454546,10.681818181818182,38.29545454545455,76.16875712656784,62.59332564527833
1434,福懋,成衣,17.7,-0.28169014084507005,140546838.94750002,True,45.8040064970222,55.04342017368069,-1.45,2026-06-01,False,45.0,-9.462915601023026,-0.04694204778495214,90.53708439897697,-1.1366666666666665,45.909090909090914,27.613636363636363,20.909090909090907,84.20454545454545,33.63636363636363,42.45454545454545,15.279361459521096,54.44484036488028
3028,增你強,電子通路,69.7,-0.9943181818181879,139377559.575,True,21.33188955062263,74.34869739478958,65.62,2026-06-01,False,80.76923076923077,-9.480519480519476,-0.1338437577539021,82.58293838862559,-25.85666666666667,81.70454545454545,27.500000000000004,4.545454545454546,66.93181818181819,7.727272727272727,37.68181818181818,82.78221208665907,75.97964393075569
3594,磐儀,電腦及週邊,56.7,-0.35149384885764245,138218750.94749996,True,81.89448441247002,24.649298597194388,43.85,2026-06-01,False,29.310344827586203,7.18336483931948,0.06770697476116408,94.5,-5.313333333333333,29.09090909090909,84.77272727272728,74.77272727272727,92.1590909090909,23.40909090909091,60.840909090909086,70.80957810718358,51.82171270861408
2915,潤泰全,百貨批發,54.5,1.679104477611948,138029382.595,True,74.82403898213319,31.462925851703403,12.84,2026-06-01,False,14.285714285714285,4.406130268199228,0.15220902972981626,96.97508896797153,22.96333333333333,13.125,78.86363636363637,90.56818181818181,95.68181818181817,86.70454545454545,72.98863636363636,34.6636259977195,41.151701953975326
6432,今展科,電子零組件,74.0,-0.13495276653170407,137599804.15500003,True,75.96101786681105,30.12692050768203,18.87,2026-06-01,False,49.32432432432432,0.4070556309362241,0.012246385454145,85.15535097813579,1.2633333333333319,49.65909090909091,66.81818181818183,50.79545454545455,72.61363636363637,40.340909090909086,56.04545454545455,43.671607753705814,49.78153830206281
8070,長華*,電子通路,48.7,0.308959835221434,134091885.0625,True,93.96739130434783,11.75684702738811,32.82,2026-06-01,False,9.615384615384617,-7.061068702290068,-0.03465781358072843,74.57886676875958,3.716666666666665,8.579545454545455,36.36363636363637,25.681818181818183,45.909090909090914,50.0,33.30681818181818,61.345496009122,44.8676240022805
3689,湧德,電子零組件,110.5,0.454545454545463,133291464.80999999,True,35.462912831618844,63.059452237808955,72.66,2026-06-01,False,82.43243243243244,-5.555555555555555,-0.07852926957313903,77.8169014084507,26.946666666666665,83.52272727272727,41.19318181818182,12.15909090909091,54.31818181818182,89.0909090909091,56.05681818181817,85.29076396807298,70.48462281020007
2633,台灣高鐵,陸運,25.8,0.3891050583657574,132703024.47250001,True,11.099079588521928,83.23313293253173,2.77,2026-06-01,False,83.40080971659918,-0.5780346820809193,-0.021759683854525442,89.89547038327527,-1.4033333333333329,84.6590909090909,62.15909090909091,31.931818181818183,81.93181818181819,32.61363636363636,58.659090909090914,20.068415051311288,56.12505830828237
6788,華景電,電子設備,363.5,2.250351617440227,132317800.15,True,64.46700507614213,39.34535738142952,6.32,2026-06-01,False,72.0,-7.033248081841433,0.05284748972819824,69.50286806883366,-4.546666666666667,73.06818181818183,36.59090909090909,69.31818181818183,32.84090909090909,25.113636363636367,47.38636363636364,24.9714937286203,48.57241888670053
2646,星宇航空,空運,20.55,-0.9638554216867434,130097815.31749997,True,65.13761467889908,38.7441549766199,40.81,2026-06-01,False,38.798920377867745,-3.5211267605633805,0.07176902934157309,78.43511450381679,3.4366666666666674,38.86363636363636,50.56818181818182,75.9090909090909,56.022727272727266,48.63636363636364,54.0,68.75712656784494,53.26882709650668
2845,遠東銀,本國銀行,13.1,0.0,128587136.07749999,True,84.08229561451002,22.37808951235805,20.15,2026-06-01,False,11.11111111111111,-2.602230483271373,0.13469774745363658,93.23843416370106,-4.456666666666667,9.829545454545455,54.20454545454545,88.63636363636364,89.0909090909091,25.340909090909093,53.42045454545455,45.26795895096921,47.49596701046957
6664,群翊,電子設備,366.5,4.119318181818188,127539583.825,True,96.26421223605848,7.9492317969271875,19.32,2026-06-01,False,13.333333333333334,-7.097591888466413,-0.0007985493520278093,76.35416666666667,7.020000000000001,12.15909090909091,35.90909090909091,44.09090909090909,50.56818181818182,61.70454545454545,40.88636363636364,44.355758266818704,42.793485021250135
3515,華擎,電腦及週邊,224.5,3.935185185185186,126561214.075,True,34.16350839198701,63.660654642618574,47.6,2026-06-01,False,77.58620689655173,10.319410319410318,0.018792754375150003,66.51851851851852,52.74,77.95454545454545,89.43181818181817,54.43181818181818,24.886363636363637,95.68181818181817,68.47727272727272,73.54618015963513,46.7388177671815
3416,融程電,電腦及週邊,187.5,0.8064516129032251,126472739.325,True,75.74445046020574,30.62792251169005,24.3,2026-06-01,False,32.758620689655174,7.758620689655173,0.15374514569887968,92.36453201970444,-20.05,31.704545454545453,86.36363636363636,91.02272727272728,87.27272727272727,9.886363636363637,61.25,50.0570125427594,45.667662226598935
4760,勤凱,電子零組件,257.5,0.5859375,126000362.125,True,58.22222222222222,44.68937875751503,64.8,2026-06-01,False,68.24324324324324,-9.490333919156415,0.060343662075793655,55.02136752136752,0.5633333333333326,69.20454545454545,27.386363636363637,73.06818181818183,7.159090909090909,38.29545454545455,43.02272727272727,82.55416191562144,57.88285866072354
3289,宜特,檢測驗證,140.5,0.3571428571428559,125717012.675,True,88.2793017456359,18.30327321309285,-1.56,2026-06-01,False,40.0,-12.461059190031152,0.056226368626445124,66.7458432304038,0.14666666666666628,40.17045454545455,18.522727272727273,71.25,26.022727272727273,36.93181818181818,38.57954545454545,15.16533637400228,40.70894772986421
1709,和益,清潔劑,28.0,2.1897810218978186,123694849.64750001,True,79.5343800757986,27.120908483633933,70.14,2026-06-01,False,40.0,2.3765996343692817,0.04862786481263694,99.64412811387899,43.870000000000005,40.17045454545455,73.29545454545455,67.1590909090909,98.06818181818183,94.0909090909091,74.55681818181817,84.60661345496008,62.38744881828548
2439,美律,消費性電子,81.1,-0.9768009768009955,122288843.89000002,True,46.88684353004873,54.2752171008684,0.15,2026-06-01,False,60.0,-5.807200929152149,-0.1976568991384865,67.58333333333333,-1.3266666666666667,60.79545454545454,40.45454545454545,1.7045454545454544,28.295454545454547,32.95454545454545,32.840909090909086,17.730900798175597,41.59181610863481
3013,晟銘電,電子零組件,86.7,0.8139534883720989,121726812.65,True,24.041585445094217,71.67668670674684,26.51,2026-06-01,False,87.83783783783784,-11.530612244897956,0.06176665931738898,61.92857142857143,3.5500000000000043,88.29545454545455,20.795454545454543,73.63636363636363,15.909090909090908,49.09090909090909,49.54545454545455,52.79361459521095,59.05067637607546
3010,華立,電子通路,132.5,6.000000000000005,121044780.125,True,86.62696264212236,19.7060788243153,13.92,2026-06-01,False,17.307692307692307,9.95850622406639,0.09955674292308783,93.30985915492957,-4.3100000000000005,16.647727272727273,88.86363636363637,82.04545454545455,89.43181818181817,25.568181818181817,60.51136363636364,35.689851767388824,38.226440214574474
2328,廣宇,電子零組件,46.5,0.8676789587852562,120114085.23249999,True,97.40119112073633,4.909819639278557,-0.74,2026-06-01,False,10.472972972972974,-7.1856287425149725,0.017335717586356512,75.0,4.680000000000001,9.488636363636363,35.68181818181818,53.40909090909091,46.875,53.40909090909091,39.772727272727266,16.647662485746864,34.33237016689126
5243,乙盛-KY,電子零組件,91.4,3.5107587768969495,119716054.86999997,True,59.23118570655116,43.587174348697395,38.27,2026-06-01,False,66.8918918918919,-7.676767676767671,0.05506200390267635,67.70370370370371,29.560000000000002,68.06818181818181,34.43181818181818,70.45454545454545,28.522727272727273,90.3409090909091,58.36363636363636,67.16077537058153,57.329966569918106
6517,保勝光學,消費性電子,63.0,1.7770597738287597,118403414.85999998,True,95.01133786848072,10.287241148964595,6.14,2026-06-01,False,10.0,-9.742120343839538,0.014806325433593028,76.73568818514008,22.126666666666665,8.977272727272727,26.477272727272727,51.93181818181818,51.81818181818182,85.9090909090909,45.022727272727266,24.743443557582665,39.76540634394112
1215,卜蜂,油脂飼料,108.5,-0.4587155963302725,117938205.45,True,19.924201407688145,75.55110220440882,8.69,2026-06-01,False,60.0,-3.125,0.012899981836969677,66.36085626911316,6.216666666666667,60.79545454545454,52.159090909090914,51.36363636363637,24.204545454545453,58.97727272727272,49.49999999999999,29.076396807297606,40.47932647455167
2401,凌陽,半導體,27.7,1.0948905109489093,117650712.9675,True,92.92682926829269,12.959251837007349,35.25,2026-06-01,False,20.76923076923077,-11.217948717948719,-0.043712858543826526,79.36962750716332,9.239999999999998,21.022727272727273,21.818181818181817,22.386363636363637,58.06818181818182,66.5909090909091,37.977272727272734,64.31014823261117,55.39571887633461
1773,勝一,其他化學,161.0,0.0,116705172.825,True,59.01461829994585,43.95457581830327,20.49,2026-06-01,False,43.75,-12.737127371273713,-0.19107136449319836,82.56410256410255,-6.406666666666666,44.43181818181819,17.954545454545453,1.9318181818181817,66.70454545454545,20.795454545454543,30.363636363636363,45.83808437856328,59.75497564009537
1229,聯華,油脂飼料,41.5,-0.9546539379474916,116283943.14499998,True,24.41797509474824,71.30928523714095,-52.01,2026-06-01,False,50.0,2.4691358024691357,0.03321796728615286,82.34126984126985,-16.593333333333334,50.73863636363637,73.52272727272727,61.36363636363637,66.13636363636364,11.704545454545455,52.69318181818181,1.0262257696693273,36.09462462423552
6190,萬泰科,電子零組件,68.8,0.0,116094729.44000001,True,97.1304818624797,5.444221776887107,28.78,2026-06-01,False,12.837837837837837,-11.907810499359792,0.015546463167562353,74.78260869565217,-4.079999999999998,11.704545454545455,20.0,52.72727272727272,46.25,26.36363636363636,31.409090909090914,56.21436716077537,48.54222815383021
3402,漢科,電子設備,128.5,1.5810276679841806,114829481.65,True,89.98375744450459,16.39946559786239,29.9,2026-06-01,False,29.333333333333332,-18.670886075949365,-0.12725256673608404,81.32911392405063,7.363333333333333,29.204545454545457,7.954545454545454,5.113636363636364,62.95454545454545,62.61363636363636,33.56818181818182,57.92474344355758,60.53232222452576
3526,凡甲,電子零組件,288.5,0.698080279232105,114658244.65,True,61.77585273416351,41.883767535070135,29.72,2026-06-01,False,66.21621621621621,-6.634304207119741,-0.27388437549191635,73.0379746835443,-0.9833333333333343,66.93181818181819,38.29545454545455,0.45454545454545453,41.25,34.20454545454545,36.22727272727273,57.2405929304447,56.78173914170209
6155,鈞寶,電子零組件,58.4,5.797101449275344,114467745.43999998,True,58.581483486735245,44.28857715430862,47.94,2026-06-01,False,67.56756756756756,-13.481481481481483,0.02358216483439784,59.28934010152284,12.403333333333329,68.63636363636364,16.818181818181817,56.93181818181819,11.59090909090909,73.18181818181819,45.43181818181818,73.94526795895096,59.33858971701047
5309,系統電,汽車組件,56.0,-0.5328596802841923,114229509.0625,True,85.00866551126516,21.309285237140948,4.19,2026-06-01,False,21.62162162162162,-5.245346869712354,-0.004894286152040913,68.45965770171149,-4.853333333333333,21.988636363636363,42.95454545454545,41.25,30.34090909090909,24.545454545454547,32.215909090909086,22.006841505131128,32.84546037628279
6284,佳邦,電子零組件,79.3,1.6666666666666607,114204139.55500002,True,79.1553871142393,27.621910487641948,6.58,2026-06-01,False,45.27027027027027,-14.084507042253522,0.019846143916109647,63.95161290322581,12.003333333333334,46.13636363636363,15.113636363636363,54.88636363636363,19.204545454545453,72.5,41.56818181818181,25.883694412770808,44.02774178501088
1722,台肥,藥,46.1,0.0,113999628.4825,True,99.83757444504602,0.9018036072144289,-10.47,2026-06-01,False,3.4090909090909087,-4.058272632674289,0.05090748066920161,85.05535055350553,-9.423333333333334,2.3295454545454546,48.52272727272727,68.4090909090909,71.81818181818181,17.5,41.715909090909086,7.069555302166476,33.173638825541616
5864,致和證,證券,33.45,9.852216748768484,112578637.63,True,0.2706359945872801,95.85838343353373,107.08,2026-06-01,False,100.0,-7.724137931034475,-0.02277441079416927,62.406716417910445,-724.4033333333332,98.69318181818181,33.97727272727273,31.25,16.704545454545457,0.7954545454545454,36.28409090909091,91.44811858608894,68.21714328288587
3645,達邁,印刷電路板,71.2,5.014749262536888,112491181.225,True,50.0,51.703406813627254,2.7,2026-06-01,False,80.95238095238095,-8.365508365508365,0.10629731218859603,60.59574468085107,-3.5566666666666666,81.93181818181819,31.25,83.63636363636363,13.750000000000002,27.500000000000004,47.61363636363636,19.954389965792473,46.096552036902665
3317,尼克森,半導體,69.8,0.8670520231213841,112080464.405,True,96.53492149431511,7.1810287241148965,16.07,2026-06-01,False,10.0,-22.958057395143484,0.026302417264558578,66.1611374407583,11.469999999999999,8.977272727272727,4.431818181818182,57.72727272727273,23.75,71.36363636363636,33.25,39.85176738882554,42.03680548357002
7777,能率亞洲,創投,40.1,0.6273525721455453,111213681.70250002,True,67.3202614379085,37.40814963259853,-77.03,2026-06-01,False,37.449392712550605,0.25000000000000355,0.0436789575611955,90.31531531531533,-717.8233333333333,36.81818181818181,66.13636363636364,65.22727272727272,83.4090909090909,0.9090909090909091,50.5,0.6841505131128849,38.693764901005494
3617,碩天,電子零組件,235.0,2.6200873362445476,109855884.0,True,79.13340935005702,27.722110888443552,25.6,2026-06-01,False,45.94594594594595,4.444444444444445,0.1284469353218927,91.61793372319687,9.496666666666666,46.81818181818182,78.97727272727273,87.95454545454545,85.45454545454545,67.27272727272727,73.29545454545453,51.653363740022805,51.23720457136933
3694,海華,通信網路,53.2,-1.1152416356877248,108470119.88999999,True,35.092529129540786,63.19305277221109,-4.76,2026-06-01,False,71.15384615384616,-21.64948453608248,-0.07933194706237794,51.15384615384616,1.083333333333334,72.2159090909091,5.0,11.59090909090909,3.8636363636363633,40.0,26.534090909090914,11.801596351197263,45.72028545143568
2362,藍天,電腦及週邊,48.9,3.3826638477801207,107060020.6525,True,0.10828370330265295,96.79358717434869,30.25,2026-06-01,False,100.0,16.15201900237529,0.15187684252682948,94.21965317919076,13.166666666666668,98.69318181818181,95.0,90.45454545454545,91.5909090909091,73.97727272727272,89.94318181818183,58.49486887115165,63.44473994506064
4961,天鈺,半導體,173.0,0.0,105109319.75,True,77.04385489983757,29.258517034068138,24.76,2026-06-01,False,42.30769230769231,3.2835820895522385,0.20726406813561457,93.26145552560648,17.59,42.784090909090914,76.13636363636364,95.79545454545455,89.20454545454545,80.68181818181817,76.92045454545455,50.62713797035347,51.61985267440656
4766,南寶,樹脂,343.5,0.1457725947521915,105008342.9,True,72.55008121277747,33.700734802939216,12.82,2026-06-01,False,35.714285714285715,1.7777777777777777,0.018946609231893435,78.33523375142532,-0.5566666666666666,34.88636363636364,71.81818181818181,54.54545454545454,55.68181818181818,34.77272727272727,50.34090909090909,34.54960091220068,38.324900228050176
6933,AMAX-KY,電腦及週邊,194.0,3.1914893617021267,103843661.625,True,25.85949177877429,69.67267869071476,26.6,2026-06-01,False,84.48275862068965,13.78299120234604,0.032698063339188226,84.71615720524017,-23.383333333333326,85.3409090909091,93.06818181818181,61.13636363636363,70.9090909090909,8.295454545454547,63.75,53.19270239452679,54.09363014408624
6215,和椿,電子設備,104.5,1.9512195121951237,103040410.28999999,True,64.69951272333515,39.078156312625254,30.49,2026-06-01,False,70.66666666666667,-0.4761904761904762,-0.015348110284952773,67.63754045307444,-21.26,71.36363636363636,62.84090909090909,35.0,28.40909090909091,9.318181818181818,41.38636363636363,58.60889395667047,48.88517803462216
2206,三陽工業,機車船製造,60.8,-1.9354838709677469,102957017.1,True,41.36437466161343,58.98463593854375,-13.38,2026-06-01,False,66.66666666666666,-4.851330203442881,0.11222608697558895,91.1544227886057,-3.876666666666667,67.5,44.88636363636363,85.0,84.88636363636364,26.590909090909093,61.77272727272727,5.701254275940707,53.30031356898518
2515,中工,營造,11.95,-0.8298755186722073,102885770.84,True,32.48511099079588,65.13026052104209,-14.32,2026-06-01,False,26.666666666666668,-14.028776978417273,-0.14749518770846817,65.30054644808743,-46.123333333333335,26.875,15.454545454545453,3.8636363636363633,21.818181818181817,4.431818181818182,14.488636363636363,5.359179019384264,34.64945384575516
5498,凱崴,印刷電路板,55.2,8.023483365949113,102724989.495,True,94.22442244224423,11.22244488977956,80.28,2026-06-01,False,26.190476190476193,-2.127659574468078,0.11803877401987951,66.4259927797834,6.533333333333346,26.590909090909093,56.022727272727266,86.02272727272727,24.545454545454547,60.45454545454545,50.72727272727273,87.22919042189282,45.5857066963823
4583,台灣精銳,機械,497.0,-0.6000000000000005,102661713.55,True,54.86981677917069,47.762191048764194,29.98,2026-06-01,False,58.82352941176471,-17.5787728026534,0.2805031974773124,61.131611316113165,6.006666666666668,59.31818181818181,9.545454545454547,98.75,14.545454545454545,58.06818181818182,48.04545454545455,58.09578107183581,55.603490722504404
6279,胡連,汽車組件,130.5,0.0,102478020.225,True,6.280454791553872,86.03874415497663,41.2,2026-06-01,False,97.2972972972973,8.75,0.2447734852874973,86.71096345514951,13.993333333333336,95.85227272727272,87.55681818181819,97.38636363636364,76.5909090909091,74.88636363636364,86.45454545454545,69.09920182440136,63.49639136519125
4585,達明,機器人,311.0,0.8103727714748876,100899574.575,True,0.0,98.9311957247829,41.88,2026-06-01,False,98.98785425101214,2.302631578947368,0.008099911997381859,38.875,13.466666666666665,96.98863636363636,73.18181818181819,48.40909090909091,0.7954545454545454,74.6590909090909,58.80681818181817,69.55530216647662,48.539393723437335
3094,聯傑,半導體,36.7,-2.393617021276595,99784215.6775,True,65.13264753654575,38.84435537742151,74.09,2026-06-01,False,56.15384615384615,-9.270704573547588,-0.03491713835237072,81.10497237569061,36.64333333333334,56.59090909090909,28.295454545454547,25.568181818181817,62.727272727272734,92.61363636363636,53.159090909090914,86.08893956670467,69.27791670985799
6861,睿生光電,醫療耗材,212.0,-2.752293577981646,99108581.1,True,86.23629719853837,20.04008016032064,12.61,2026-06-01,False,12.121212121212121,-11.11111111111111,0.05542781087766381,45.887445887445885,-26.95666666666667,10.909090909090908,22.15909090909091,70.68181818181817,2.159090909090909,7.2727272727272725,22.636363636363633,34.09350057012543,31.250647869804084
6416,瑞祺電通,電腦及週邊,100.0,0.30090270812437314,98904838.88000001,True,48.13210611802924,53.37341349365398,58.62,2026-06-01,False,63.793103448275865,-1.477832512315271,0.05795931935425814,93.89671361502347,36.00666666666666,64.88636363636363,58.18181818181818,72.04545454545455,90.56818181818181,92.5,75.63636363636364,79.93158494868872,69.301078055354
2402,毅嘉,印刷電路板,56.7,1.9784172661870603,98639832.275,True,75.81344902386117,30.32732130928524,21.7,2026-06-01,False,66.66666666666666,-11.544461778471128,-0.011625045053976931,72.97297297297297,4.876666666666665,67.5,20.681818181818183,36.70454545454545,40.909090909090914,54.090909090909086,43.977272727272734,47.43443557582668,58.79042707577485
6670,復盛應用,其他,264.0,-1.8587360594795488,96637699.975,True,72.92907417433676,33.26653306613226,7.85,2026-06-01,False,21.73913043478261,0.5714285714285714,0.10782777227261402,87.85357737104825,-15.083333333333334,22.15909090909091,67.95454545454545,84.20454545454545,78.86363636363637,12.954545454545455,53.22727272727273,28.05017103762828,40.279588213952536
5234,達興材料,光電及I/O,337.5,0.746268656716409,94751283.975,True,80.72550081212778,25.985303941215765,21.77,2026-06-01,False,30.555555555555557,-10.23936170212766,-0.154083744659457,73.05194805194806,10.176666666666666,30.227272727272727,25.227272727272727,3.4090909090909087,41.36363636363637,68.52272727272727,33.75,47.662485746864306,48.50653052762517
8227,巨有科技,半導體,159.0,0.6329113924050667,93606348.45,True,2.2753128555176336,90.84836339345357,88.44,2026-06-01,False,94.61538461538461,-4.216867469879518,-0.051270782855843404,63.85542168674698,-35.25,93.63636363636364,48.18181818181818,19.772727272727273,18.75,5.454545454545454,37.159090909090914,88.71151653363741,63.229015497045715
4743,合一,藥,46.85,-0.9513742071881492,93279184.51750001,True,47.07446808510639,53.9746158984636,26.46,2026-06-01,False,34.090909090909086,-7.593688362919135,-0.13178192809566042,59.68152866242038,-16.923333333333332,33.409090909090914,34.659090909090914,4.772727272727273,12.5,11.59090909090909,19.386363636363637,52.679589509692136,40.982397377423034
3004,豐達科,機車船製造,126.0,-0.7874015748031482,93093331.225,True,68.11397557666214,36.94054776219105,46.56,2026-06-01,False,16.666666666666664,-18.971061093247588,-0.03982224725892985,78.99686520376176,5.426666666666669,16.022727272727273,7.5,23.75,57.38636363636363,55.79545454545455,32.090909090909086,72.97605473204105,59.721286410282985
3709,鑫聯大投控,電子通路,71.2,-0.5586592178770777,92660585.655,True,2.1115322144017323,91.41616566466266,72.07,2026-06-01,False,94.23076923076923,-9.0676883780332,-0.03060485634977246,76.64155005382132,44.513333333333335,93.23863636363636,28.863636363636363,27.613636363636363,51.36363636363637,94.31818181818183,59.07954545454546,85.17673888255416,75.22884381154763
2889,國票金,金融控股,15.2,0.0,92522318.95000002,True,56.090958310774234,46.52638610554442,100.04,2026-06-01,False,84.61538461538461,-3.797468354430389,-0.022731645263769445,86.36363636363636,-1196.24,85.56818181818183,49.20454545454545,31.363636363636367,75.9090909090909,0.5681818181818182,48.52272727272727,90.07981755986317,75.58813620814762
2204,中華,汽車製造,51.5,-0.579150579150578,91906352.745,True,33.564280215550426,64.06145624582498,6.71,2026-06-01,False,64.1025641025641,-10.59027777777778,-0.006088564935807284,80.46875,4.243333333333334,65.22727272727272,23.75,40.68181818181818,60.79545454545454,51.70454545454546,48.43181818181818,26.111744583808438,57.096117964133924
9941,裕融,租賃,85.7,0.3512880562060783,90901298.2,True,11.965349214943151,82.19772879091516,-4.0,2026-06-01,False,82.3549257759784,3.627569528415961,0.21713691310907313,78.98617511520737,-1.3000000000000003,83.4090909090909,77.38636363636363,96.25,57.27272727272727,33.06818181818182,69.47727272727272,12.200684150513112,43.874034673991915
1809,中釉,玻璃陶瓷,40.7,-2.979737783075087,90782566.17750001,True,70.48138056312443,35.40414161656646,4.54,2026-06-01,False,50.0,-10.253583241455344,0.014915243271126146,68.28859060402685,6.256666666666667,50.73863636363637,25.113636363636367,52.27272727272727,29.659090909090907,59.09090909090909,43.375,22.690992018244014,44.49377073183373
8436,大江,藥,124.5,-1.1904761904761862,90547961.5,True,24.688684353004874,71.00868403473613,-14.6,2026-06-01,False,52.27272727272727,7.792207792207792,-0.1001015230032771,78.30188679245283,-11.153333333333332,53.06818181818181,86.47727272727272,8.068181818181818,55.45454545454545,15.681818181818183,43.75,5.245153933865451,31.82265211983
3217,優群,電子零組件,148.0,0.0,90404693.125,True,10.503519220357337,83.63393453573813,2.42,2026-06-01,False,96.62162162162163,-6.329113924050633,-0.128508222405359,71.49758454106279,11.92,95.45454545454545,39.54545454545455,5.0,37.38636363636363,72.38636363636364,49.95454545454545,19.61231470923603,53.22694231367264
8255,朋程,電子零組件,148.0,4.225352112676051,90352855.45,True,37.19545208446129,61.923847695390776,5.78,2026-06-01,False,81.75675675675676,-13.702623906705538,-0.03325023775556831,68.997668997669,11.653333333333332,82.72727272727273,16.25,26.136363636363637,31.818181818181817,71.81818181818181,45.75,24.173318129988598,55.61719316886079
6757,台灣虎航,空運,55.7,-0.7130124777183555,90248284.91,True,11.879699248120302,82.29792919171676,27.12,2026-06-01,False,82.45614035087719,-4.948805460750851,-0.06320925917956664,63.36746302616609,2.0166666666666657,83.63636363636363,44.20454545454545,16.363636363636363,18.06818181818182,43.29545454545455,41.11363636363636,54.846066134549595,53.08651653363739
3209,全科,電子通路,55.5,-2.2887323943661886,90133630.11500001,True,91.28316188413643,14.529058116232466,170.41,2026-06-01,False,11.538461538461538,-7.96019900497512,-0.08584854993370612,68.18181818181817,74.96,10.397727272727272,32.84090909090909,10.227272727272728,29.09090909090909,96.5909090909091,35.82954545454545,95.21094640820981,50.46466842023427
1232,大統益,油脂飼料,155.0,0.3236245954692629,90006811.7,True,7.850568489442339,85.37074148296593,16.3,2026-06-01,False,90.0,1.9736842105263157,-0.011904340853128838,91.98813056379822,6.526666666666667,90.05681818181817,72.04545454545455,36.59090909090909,86.70454545454545,60.340909090909086,69.14772727272727,40.535917901938426,61.312956748211874
9938,百和,其他紡織,42.5,0.0,89229479.53,True,38.92799133730374,60.72144288577155,21.21,2026-06-01,False,60.796221322537114,-8.207343412526992,-0.2134563570676499,70.36423841059603,14.043333333333333,61.81818181818181,31.818181818181817,1.4772727272727273,34.31818181818182,75.22727272727273,40.93181818181819,46.86431014823261,52.79562299160361
4770,上品,樹脂,223.5,2.522935779816504,89132649.675,True,86.64292074799644,19.639278557114228,-6.95,2026-06-01,False,28.57142857142857,1.1312217194570136,0.12136713708528722,70.0626959247649,-10.746666666666666,28.465909090909093,69.6590909090909,86.81818181818181,33.86363636363636,16.022727272727273,46.96590909090909,9.806157354618016,25.61915297501814
6412,群電,電子零組件,79.8,1.2690355329949332,88469166.425,True,33.62208987547374,63.99465597862392,-0.77,2026-06-01,False,83.1081081081081,-6.884480746791138,-0.0726318996952134,73.54838709677419,6.843333333333334,84.31818181818181,37.15909090909091,14.204545454545455,43.06818181818181,61.36363636363637,48.02272727272727,16.476624857468643,51.67597439618534
3535,晶彩科,電子設備,92.5,3.93258426966292,88447556.94,True,71.42857142857143,34.335337341349366,160.85,2026-06-01,False,68.0,-7.960199004975125,0.11214902857948855,62.2895622895623,-634.9433333333334,68.97727272727273,32.72727272727273,84.88636363636364,16.477272727272727,1.1363636363636365,40.84090909090909,94.86887115165337,61.89903596973153
1515,力山,家電製品,31.25,0.1602564102564097,88202343.70750001,True,58.49546044098574,44.35537742150969,6.37,2026-06-01,False,42.10526315789473,-23.96593673965937,0.007124098034034013,69.67670011148272,7.956666666666666,42.61363636363637,3.75,48.06818181818181,32.95454545454545,63.52272727272727,38.18181818181818,25.19954389965792,49.254431429459935
6732,昇佳電子,半導體,156.5,1.2944983818770295,87947937.0,True,49.40159574468085,52.438209752839015,-14.88,2026-06-01,False,70.76923076923077,-22.139303482587064,0.005248054608436368,61.01364522417154,1.8400000000000016,71.70454545454545,4.772727272727273,47.04545454545455,14.318181818181818,42.15909090909091,36.0,5.131128848346636,46.59528221208666
4534,慶騰,機械,34.2,-0.2915451895043608,87223642.4225,True,74.37641723356009,31.863727454909817,112.04,2026-06-01,False,29.411764705882355,-11.168831168831161,-0.058889052506851954,80.7556080283353,52.79666666666667,29.318181818181817,21.931818181818183,17.5,61.70454545454545,95.79545454545455,45.25,91.67616875712656,65.1917694620089
1563,巧新,汽車組件,65.3,5.152979066022545,87103641.91999999,True,87.95620437956204,18.37007348029392,21.46,2026-06-01,False,16.216216216216218,4.479999999999996,0.09097884215675792,91.97183098591549,6.146666666666668,15.625,79.0909090909091,80.0,86.5909090909091,58.75,64.01136363636364,47.092360319270234,42.55434007981756
6811,宏碁資訊,數位雲端,227.5,-1.3015184381778733,85998994.175,True,16.666666666666664,78.08951235804943,6.56,2026-06-01,False,47.82608695652174,2.941176470588235,0.09207451740889458,86.50190114068441,-13.88666666666667,48.52272727272727,74.60227272727272,80.3409090909091,76.02272727272728,13.863636363636363,58.67045454545455,25.65564424173318,43.89970651497875
5009,榮剛,基本金屬,33.15,-0.300751879699257,85704683.49000001,True,53.275582024905255,48.96459585838343,12.93,2026-06-01,False,34.146341463414636,-5.01432664756447,-0.044449006486180984,82.56537982565379,7.766666666666667,33.52272727272727,43.75,22.15909090909091,66.81818181818183,63.06818181818182,45.86363636363636,34.77765108323831,47.84214004353686
2009,第一銅,基本金屬,41.35,3.2459425717852763,84826085.29,True,19.920053297801466,75.61790247160988,15.46,2026-06-01,False,85.36585365853658,6.985769728331184,0.1772895105793693,75.31876138433516,1.8866666666666685,86.47727272727272,84.31818181818181,93.63636363636364,47.95454545454545,42.38636363636364,70.95454545454545,38.65450399087799,47.192035088628586
2527,宏璟,建設,46.35,-0.8556149732620311,84239184.08749999,True,45.770065075921906,55.11022044088176,365.12,2026-06-01,False,45.76271186440678,2.885682574916769,0.017898240419898494,91.78217821782178,245.64666666666665,46.590909090909086,74.31818181818181,53.97727272727273,85.9090909090909,99.0909090909091,71.97727272727272,98.2896237172178,64.117860474759
4903,聯光通,通信網路,37.4,-0.6640106241699861,83238546.3775,True,15.601503759398497,79.0247160988644,4.66,2026-06-01,False,82.6923076923077,-4.347826086956529,0.012002633508463244,70.30075187969925,-20.279999999999998,83.86363636363636,47.38636363636364,50.56818181818182,34.20454545454545,9.772727272727273,45.15909090909091,22.91904218928164,48.40021509277496
6620,漢達,藥,79.5,3.650586701434144,82318970.6,True,43.42105263157895,57.71543086172345,-21.75,2026-06-01,False,38.63636363636363,-8.8302752293578,-0.044770674589714156,52.823920265780735,23.26333333333333,38.63636363636363,29.88636363636364,21.704545454545453,5.227272727272727,87.04545454545455,36.5,3.4207525655644244,29.349506323209287
3059,華晶科,消費性電子,40.8,1.1152416356877248,81464308.0975,True,37.79101245262588,61.32264529058116,3.02,2026-06-01,False,80.0,-10.329670329670336,0.08236083059236504,64.76190476190476,-3.563333333333333,81.02272727272727,24.659090909090907,78.86363636363637,20.681818181818183,27.386363636363637,46.52272727272727,20.752565564424174,49.449505027469684
2495,普安,光電及I/O,39.95,2.8314028314028405,81056964.475,True,30.448318804483186,66.73346693386773,40.29,2026-06-01,False,72.22222222222221,-11.32075471698112,0.02010640258987236,74.25650557620818,-14.446666666666673,73.18181818181819,21.136363636363637,55.00000000000001,44.77272727272727,13.636363636363635,41.54545454545455,68.4150513112885,66.30830828236758
2031,新光鋼,基本金屬,45.35,-1.6268980477223471,78550050.73500001,True,10.703363914373089,83.43353373413494,7.82,2026-06-01,False,87.8048780487805,12.670807453416153,0.18923355208916778,97.52688172043011,0.5166666666666684,88.18181818181819,91.70454545454545,94.43181818181819,96.36363636363636,37.95454545454545,81.72727272727272,27.936145952109463,55.19426376075464
4105,東洋,藥,77.3,-0.3865979381443285,78141707.50499998,True,0.8662696264212236,94.22177688710754,15.28,2026-06-01,False,79.54545454545455,-1.4030612244898066,-0.11130200301262805,89.5712630359212,5.413333333333332,80.3409090909091,58.63636363636363,6.704545454545455,81.47727272727273,55.68181818181818,56.56818181818183,38.08437856328392,60.31654918627553
4123,晟德,藥,35.1,-9.999999999999998,77873337.1075,True,84.2056074766355,22.177688710754843,2.93,2026-06-01,False,13.636363636363635,-7.752956636005245,0.04016016895779926,71.12462006079028,-10.186666666666667,12.727272727272727,33.86363636363636,63.63636363636363,36.81818181818181,16.818181818181817,32.772727272727266,20.296465222348917,33.99457085104177
5285,界霖,半導體,80.8,2.278481012658218,77857341.835,True,49.810503519220354,52.037408149632604,14.12,2026-06-01,False,70.0,-13.859275053304904,0.017400978834433176,73.45454545454545,-6.213333333333333,70.9659090909091,15.795454545454547,53.52272727272728,42.72727272727273,21.136363636363637,40.82954545454545,36.37400228050171,58.56793238830724
1723,中碳,其他化學,84.8,-0.46948356807512415,77417999.555,True,81.64591229020033,25.116900467601873,32.12,2026-06-01,False,25.0,-0.9345794392523332,0.06710026543788881,94.22222222222221,-11.700000000000003,25.624999999999996,60.56818181818182,74.31818181818181,91.70454545454545,15.340909090909092,53.511363636363626,60.43329532497149,54.29866474033378
6244,茂迪,光電及I/O,24.3,0.8298755186721962,77137464.80999999,True,60.99236641221374,42.418169672678694,65.82,2026-06-01,False,44.44444444444444,-8.988764044943816,0.011276696053686034,66.94214876033058,26.919999999999995,45.34090909090909,29.204545454545457,50.0,26.590909090909093,88.97727272727273,48.02272727272727,83.0102622576967,56.43438374624236
6245,立端,電腦及週邊,88.0,0.11376564277587597,76311910.005,True,96.21007038440715,8.082832331329326,14.08,2026-06-01,False,10.344827586206897,6.28019323671498,0.1146806062181535,96.2800875273523,-5.803333333333333,9.318181818181818,82.95454545454545,85.56818181818183,95.11363636363637,22.15909090909091,59.02272727272729,36.03192702394527,39.37729993780451
2072,世紀風電,基本金屬,151.0,-0.983606557377048,74950915.7,True,0.0,98.9311957247829,101.11,2026-06-01,False,100.0,3.4246575342465753,-0.0338554899381727,48.089171974522294,14.266666666666652,98.69318181818181,76.70454545454545,26.022727272727273,2.840909090909091,76.02272727272728,56.05681818181817,90.19384264538198,53.75584702498186
2504,國產,預拌混凝土,31.2,0.8077544426494443,74057378.825,True,16.892992938620317,77.88911155644622,-18.57,2026-06-01,False,78.0701754385965,0.4830917874396089,0.0515861394806094,78.68852459016394,-6.93,78.97727272727273,67.38636363636363,68.75,56.81818181818182,19.772727272727273,58.340909090909086,4.104903078677309,43.12849849694206
2201,裕隆,汽車製造,28.35,2.1621621621621623,74003583.45500001,True,82.22222222222221,24.315297261189045,-8.06,2026-06-01,False,24.291497975708502,0.17667844522968448,0.10420252076116311,65.39792387543253,-5.696666666666667,24.772727272727273,65.79545454545455,83.29545454545455,22.15909090909091,22.5,43.70454545454545,9.122006841505131,22.56459261946719
7714,創泓科技,數位雲端,151.0,-1.6286644951140072,73576586.8,True,25.0,70.50768203072812,122.9,2026-06-01,False,34.78260869565217,-27.228915662650603,-0.01437760835566512,72.77108433734941,78.05666666666667,34.090909090909086,1.3636363636363635,35.56818181818181,40.11363636363636,96.93181818181819,41.61363636363636,92.7023945267959,66.38582590442624
5299,杰力,半導體,103.0,2.487562189054726,73382966.05499999,True,24.688684353004874,71.00868403473613,-4.2,2026-06-01,False,82.3076923076923,-0.4830917874396135,-0.03884796551137861,72.79151943462897,-3.43,83.18181818181817,62.61363636363636,24.31818181818182,40.22727272727273,28.295454545454547,47.72727272727273,12.086659064994299,43.2205284026122
3430,奇鈦科,其他化學,113.0,0.8928571428571397,72867645.14500001,True,92.73684210526316,13.226452905811623,58.37,2026-06-01,False,6.25,-20.97902097902098,-0.026060395755897827,61.58038147138964,32.22,4.318181818181818,5.568181818181818,29.659090909090907,15.340909090909092,91.47727272727273,29.272727272727273,79.58950969213227,48.420104695760344
3213,茂訊,電腦及週邊,134.0,-1.4705882352941124,72662078.05,True,84.35300487276665,22.044088176352705,6.05,2026-06-01,False,24.137931034482758,4.6875,0.10789535162697782,94.03508771929825,-30.186666666666664,24.545454545454547,79.60227272727273,84.43181818181819,90.9090909090909,6.59090909090909,57.215909090909086,24.51539338654504,40.09191652845443
6679,鈺太,半導體,212.0,0.4739336492890933,72653832.225,True,3.8461538461538463,88.67735470941884,9.93,2026-06-01,False,93.07692307692308,-12.757201646090536,-0.017477754229465584,61.3603473227207,-1.0700000000000003,92.38636363636363,17.84090909090909,33.75,15.113636363636363,33.75,38.56818181818182,30.444697833523378,55.02594718565357
2211,長榮鋼,基本金屬,87.6,-1.016949152542379,71399682.315,True,23.692307692307693,72.01068804275216,47.25,2026-06-01,False,82.92682926829268,-8.27225130890053,0.09178052063893549,72.39669421487602,25.536666666666665,84.0909090909091,31.363636363636367,80.22727272727272,39.20454545454545,88.18181818181819,64.61363636363636,73.4321550741163,66.34099331398362
6658,聯策,電子設備,167.0,4.374999999999996,71005657.3,True,54.68053491827637,48.02939211756847,51.6,2026-06-01,False,80.0,-4.297994269340974,-0.013246262265845608,64.98054474708171,42.21333333333334,81.02272727272727,47.840909090909086,35.90909090909091,21.25,93.75,55.95454545454545,76.6248574686431,57.76416891261532
2365,昆盈,光電及I/O,31.2,0.48309178743961567,70969663.8025,True,56.61605206073753,45.958583834335336,-17.28,2026-06-01,False,54.166666666666664,-4.587155963302763,0.027532576633308933,61.6600790513834,-26.586666666666666,54.43181818181818,46.36363636363636,58.409090909090914,15.568181818181817,7.386363636363637,36.43181818181817,4.561003420752566,32.04934176427905
3003,健和興,電子零組件,69.7,-1.134751773049636,70453768.05999999,True,99.78343259339469,1.3694054776219104,36.15,2026-06-01,False,1.3513513513513513,10.459587955625993,0.13459687452419108,98.86524822695037,-1.056666666666672,0.45454545454545453,89.6590909090909,88.52272727272728,97.5,33.86363636363636,62.0,65.05131128848348,43.3366914584845
6782,視陽,醫療耗材,207.5,-2.1226415094339646,70312246.75,True,1.1173184357541899,93.5871743486974,45.95,2026-06-01,False,81.81818181818183,3.233830845771144,0.15259066253508094,88.29787234042553,25.663333333333338,82.89772727272727,75.9090909090909,90.68181818181819,79.77272727272727,88.4090909090909,83.5340909090909,72.51995438996579,64.82032950658234
6104,創惟,半導體,93.3,-0.21390374331551332,69918859.22,True,50.99531615925058,50.70140280561122,5.66,2026-06-01,False,67.6923076923077,-6.606606606606615,-0.010059891532665056,68.85608856088561,5.636666666666667,68.86363636363636,38.40909090909091,37.95454545454545,30.909090909090907,56.81818181818182,46.590909090909086,23.831242873432153,46.298719809267126
6605,帝寶,汽車組件,137.5,-0.7220216606498187,69684205.15,True,40.33567948023823,59.85303941215765,4.45,2026-06-01,False,64.86486486486487,7.003891050583658,0.14122174754698255,81.84523809523809,6.38,65.56818181818181,84.54545454545455,89.31818181818181,64.54545454545455,59.54545454545455,72.70454545454547,22.34891676168757,41.97927464496735
6177,達麗,建設,47.7,-1.1398963730569922,69380295.02,True,14.806505888951204,79.75951903807615,1322.16,2026-06-01,False,84.7457627118644,1.7057569296375357,0.005549558625570258,85.79136690647482,743.4366666666667,85.9090909090909,71.5909090909091,47.27272727272727,73.86363636363636,99.6590909090909,75.6590909090909,99.54389965792474,71.93142945993574
5490,同亨,電腦及週邊,30.55,1.1589403973510048,68712731.765,True,27.369281045751638,68.80427521710087,50.22,2026-06-01,False,82.75862068965517,-0.9724473257698565,0.01156603337574247,84.04401650618982,14.523333333333333,83.97727272727272,60.45454545454545,50.34090909090909,69.77272727272728,76.5909090909091,68.22727272727272,75.7126567844926,67.25202783248679
2483,百容,半導體,36.45,3.9942938659058624,68527581.12250002,True,96.3183540877098,7.849031396125585,34.28,2026-06-01,False,11.153846153846155,-28.529411764705877,-0.016404715051990232,52.14592274678112,13.446666666666669,10.056818181818182,1.0227272727272727,34.090909090909086,4.431818181818182,74.54545454545455,24.829545454545453,63.397947548460664,44.21596415984244
5522,遠雄,建設,63.0,-3.2258064516128893,68307554.69500001,True,5.035192203573362,86.84034736138945,2513.5,2026-06-01,False,89.83050847457628,-7.759882869692529,0.09134580453452502,76.64233576642336,1364.0166666666667,89.88636363636363,33.75,80.11363636363636,51.47727272727273,99.88636363636364,71.02272727272728,99.8859749144812,76.87490281952938
8103,瀚荃,電子零組件,81.1,1.2484394506866447,68283177.82,True,63.941526800216565,39.94655978623914,45.04,2026-06-01,False,63.51351351351351,-5.477855477855481,-0.04449041018329275,63.35937499999999,15.376666666666662,64.6590909090909,41.47727272727273,22.045454545454547,17.954545454545453,77.95454545454545,44.81818181818181,71.94982896237173,53.271548149683845
6231,系微,資訊服務,220.5,1.379310344827589,67959843.75,True,55.98267460747157,46.65998663994656,16.86,2026-06-01,False,22.22222222222222,-14.035087719298245,0.07533798449964786,63.271162123385935,2.2333333333333343,22.443181818181817,15.340909090909092,77.61363636363636,17.727272727272727,44.09090909090909,35.44318181818182,41.27708095781072,41.526656603089044
6174,安碁,電子零組件,44.05,2.680652680652673,67746579.9075,True,48.781808337845156,53.0060120240481,26.9,2026-06-01,False,75.67567567567568,-24.700854700854705,0.0046944083430320235,69.92063492063491,-2.0500000000000007,76.30681818181819,2.727272727272727,46.81818181818182,33.52272727272727,31.818181818181817,38.23863636363637,54.27594070695553,65.34455335855706
2850,新產,產險,158.0,-0.6289308176100628,67741400.85,True,99.02544667027612,2.738810955243821,2.09,2026-05-01,False,20.0,6.397306397306397,0.0673102392455731,95.75757575757575,-26.413333333333334,19.772727272727273,83.18181818181817,74.54545454545455,94.0909090909091,7.613636363636364,55.8409090909091,19.327251995438996,37.50226754431429
8182,加高,電子零組件,41.75,5.031446540880502,67564005.31750001,True,88.79263670817542,17.70207080828323,5.56,2026-06-01,False,30.405405405405407,-6.808035714285708,0.01023945471006661,70.76271186440678,-1.0399999999999991,29.88636363636364,37.27272727272727,49.43181818181818,35.56818181818181,34.03409090909091,37.23863636363636,23.71721778791334,37.97475899243288
6277,宏正,光電及I/O,78.6,-1.750000000000007,67483840.45,True,99.35029778018408,2.137608550434202,35.12,2026-06-01,False,4.166666666666666,5.787348586810225,0.105181727299492,97.03703703703704,16.173333333333332,2.727272727272727,82.38636363636364,83.52272727272727,95.9090909090909,79.0909090909091,68.72727272727272,64.19612314709237,45.11153078677309
6188,廣明,光電及I/O,71.8,0.0,67278776.325,True,57.27883538633819,45.49098196392786,-1.9,2026-06-01,False,52.77777777777778,-4.010695187165775,0.0680961551086617,55.230769230769226,10.319999999999999,53.29545454545455,48.63636363636364,75.0,7.386363636363637,69.20454545454545,50.70454545454545,14.823261117445838,31.717178915725096
4968,立積,半導體,96.9,0.20682523267838704,67203414.64,True,12.829169480081026,81.1623246492986,-1.09,2026-06-01,False,88.46153846153845,-8.151658767772506,-0.04115961909264728,58.198198198198206,-2.8600000000000003,88.97727272727273,31.931818181818183,23.40909090909091,11.022727272727273,30.34090909090909,37.13636363636364,15.849486887115166,45.97941717632425
2101,南港,輪胎,34.3,1.4792899408283988,66374325.065,True,8.607198748043817,84.70273881095525,328.25,2026-06-01,False,100.0,0.5865102639296063,0.11334766805499867,77.25225225225225,115.70000000000002,98.69318181818181,68.06818181818181,85.22727272727273,53.52272727272728,98.18181818181819,80.73863636363636,97.6054732041049,70.43830011920804
6530,創威,通信網路,87.5,8.966376089663775,65833967.96500001,True,82.07904710341094,24.582498329993317,8.41,2026-06-01,False,40.38461538461539,13.784135240572162,0.0036902160886839014,65.54307116104869,-8.876666666666665,40.85227272727273,93.18181818181817,46.47727272727273,22.840909090909093,17.954545454545453,44.26136363636364,28.734321550741164,24.811421296776203
2851,中再保,產險,36.7,2.2284122562674202,65520613.4175,True,3.0319436924742824,89.77955911823648,1113.15,2026-05-01,False,100.0,-4.675324675324668,0.01901223511169955,90.5055487053021,553.9733333333334,98.69318181818181,45.68181818181819,54.659090909090914,83.97727272727272,99.43181818181817,76.48863636363636,99.31584948688712,84.07612146263087
6023,元大期,期貨,85.8,-1.379310344827589,65429743.84499999,True,2.1115322144017323,91.41616566466266,86.15,2026-06-01,False,91.53171390013495,-19.056603773584907,-0.024627527433446775,79.44444444444444,35.92000000000001,91.25,7.386363636363637,30.227272727272727,58.52272727272727,92.38636363636363,55.95454545454545,88.25541619156215,82.66044495698145
3141,晶宏,半導體,75.0,-3.474903474903479,65353898.01500001,True,89.1025641025641,17.234468937875754,10.85,2026-06-01,False,30.0,7.296137339055784,0.22282716251749446,90.14423076923077,-2.5666666666666664,29.602272727272727,85.22727272727273,96.81818181818181,82.61363636363637,30.454545454545457,64.94318181818181,31.527936145952108,39.629143127397114
9917,中保科,保全,107.5,0.0,65099437.325,True,1.245262587980509,92.98597194388778,2.56,2026-06-01,False,93.11740890688259,0.46728971962616817,0.22793617974777258,88.11475409836066,0.29666666666666686,92.61363636363636,67.27272727272727,96.93181818181819,79.43181818181819,37.27272727272727,74.70454545454545,19.726339794754846,56.124766766870536
2731,雄獅,旅行社,145.5,0.0,64974351.05,True,20.07168458781362,75.35070140280561,-0.46,2026-06-01,False,66.66666666666666,-0.3424657534246575,-0.05422836832944036,79.07608695652173,-6.833333333333332,67.5,63.29545454545455,18.636363636363637,57.49999999999999,19.943181818181817,45.375,17.217787913340935,44.730583341971595
2480,敦陽科,資訊服務,154.0,0.6535947712418277,64679867.0,True,79.31781266919329,27.321309285237138,14.66,2026-06-01,False,8.88888888888889,-4.3478260869565215,-0.005942401409634119,85.0828729281768,1.6633333333333358,7.5,47.5,40.79545454545455,72.04545454545455,41.81818181818181,41.93181818181818,37.28620296465222,42.33291437752669
2838,聯邦銀,本國銀行,19.9,0.0,64296227.4,True,68.65186789388197,36.506346025384104,-2.49,2026-06-01,False,22.22222222222222,-5.463182897862243,-0.1408050496810156,80.56680161943319,-42.973333333333336,22.443181818181817,41.590909090909086,3.977272727272727,61.25000000000001,4.659090909090909,26.784090909090914,14.139110604332952,39.06034583290142
6712,長聖,生物科技,150.0,-0.6622516556291425,64193306.75,True,41.7283950617284,58.85103540414162,16.08,2026-06-01,False,60.0,-8.256880733944955,-0.019432994458864098,80.21390374331551,-6.359999999999999,60.79545454545454,31.477272727272727,32.95454545454545,60.22727272727273,20.909090909090907,41.272727272727266,40.022805017103764,57.392064890639574
2836,高雄銀,本國銀行,11.9,0.42194092827005925,63813981.42499999,True,36.49160801299404,62.525050100200396,14.7,2026-06-01,False,66.66666666666666,-5.179282868525899,0.005628980162407668,91.53846153846155,1.953333333333335,67.5,43.18181818181818,47.38636363636364,85.3409090909091,42.84090909090909,57.25,37.45724059293045,61.77908287550534
1582,信錦,電子零組件,75.4,0.13280212483401943,63642612.43000001,True,85.4899837574445,20.674682698730795,-9.5,2026-06-01,False,37.16216216216216,-3.5805626598465436,0.05830513510001365,63.09623430962343,-2.37,36.59090909090909,50.0,72.1590909090909,17.5,31.022727272727273,41.45454545454545,8.209806157354619,28.07517881206593
9802,鈺齊-KY,鞋及旅行箱,72.8,-2.8037383177570208,63570653.86499999,True,24.688684353004874,71.00868403473613,15.45,2026-06-01,False,66.66666666666666,-2.412868632707771,0.11707148631838676,63.304347826086946,13.6,67.5,54.77272727272727,85.79545454545455,17.84090909090909,74.77272727272727,60.13636363636364,38.54047890535918,42.27716518088525
6163,華電網,通信網路,43.1,0.23255813953488857,63334308.75,True,72.98321602598809,33.199732798931194,61.38,2026-06-01,False,51.92307692307693,-3.794642857142848,0.041984244151025786,58.1646423751687,31.44666666666667,52.55681818181818,49.31818181818181,64.54545454545455,10.909090909090908,91.02272727272728,53.67045454545455,81.29988597491447,48.86190331191044
6962,奕力-KY,半導體,34.0,0.591715976331364,62299541.19,True,82.1256038647343,24.51569806279225,-0.33,2026-06-01,False,37.69230769230769,-2.995720399429379,-0.08812121928412193,70.10309278350515,-3.6566666666666667,37.27272727272727,52.5,9.886363636363637,34.090909090909086,27.15909090909091,32.18181818181818,17.44583808437856,34.07736861200373
6509,聚和,其他化學,48.5,1.6771488469601525,61600125.00749999,True,42.717920952896584,58.183032732130926,8.49,2026-06-01,False,56.25,-5.0880626223092005,-0.12445858208178083,84.34782608695653,4.216666666666667,56.70454545454545,43.63636363636363,5.681818181818182,70.22727272727273,51.590909090909086,45.56818181818182,28.848346636259976,53.035950295428634
8936,國統,金屬製品,52.0,0.0,60643762.29,True,10.61180292365999,83.500334001336,21.24,2026-06-01,False,100.0,-5.282331511839706,0.046213350428111,75.03607503607503,7.333333333333332,98.69318181818181,42.72727272727273,66.36363636363637,47.04545454545455,62.38636363636364,63.44318181818181,46.97833523375142,62.497424717528766
2520,冠德,建設,35.25,2.3222060957909907,60167915.685,True,75.75250836120402,30.527722110888444,52.31,2026-06-01,False,18.64406779661017,-3.0261348005502104,0.08286908293521603,87.6865671641791,-4.896666666666668,18.295454545454547,52.38636363636363,78.97727272727273,78.63636363636364,24.31818181818182,50.52272727272727,77.19498289623718,55.435109360422935
9907,統一實,金屬製品,14.9,0.6756756756756799,59945601.2725,True,41.147807255008125,59.185036740146955,-6.1,2026-06-01,False,57.14285714285714,-2.6143790849673225,0.02470479156341927,73.9454094292804,9.593333333333335,57.44318181818182,54.090909090909086,57.38636363636363,43.86363636363637,67.61363636363636,56.07954545454545,10.604332953249715,39.455060511039704
3312,弘憶股,電子通路,51.7,3.607214428857719,59764124.510000005,True,90.88937093275487,15.030060120240481,41.82,2026-06-01,False,13.461538461538462,-4.612546125461255,0.030367441814709975,70.62841530054645,14.84333333333333,12.386363636363637,46.13636363636363,60.0,35.11363636363637,77.38636363636363,46.20454545454545,69.4412770809578,42.701228361148544
6761,穩得,檢測驗證,178.5,2.586206896551735,59233832.775,True,86.83982683982684,19.305277221108884,0.86,2026-06-01,False,60.0,4.081632653061225,0.015140609162411393,77.6086956521739,2.2399999999999998,60.79545454545454,78.23863636363636,52.38636363636363,54.090909090909086,44.20454545454545,57.94318181818181,18.586088939566707,38.80845405307349
4536,拓凱,其他,170.5,-0.5830903790087438,58741172.225,True,50.460205739036276,51.1690046760187,10.04,2026-06-01,False,39.130434782608695,-0.29239766081871343,0.12685562952840307,87.43589743589743,5.533333333333332,39.26136363636364,63.63636363636363,87.5,77.95454545454545,56.477272727272734,64.9659090909091,30.672748004561,46.06307336477661
8088,品安,半導體,49.2,0.0,58467004.220000006,True,62.478777589134125,41.08216432865731,1.02,2026-06-01,False,59.23076923076923,-5.202312138728315,0.04646045811440315,67.30506155950752,-19.90666666666667,59.43181818181819,43.06818181818181,66.5909090909091,27.15909090909091,10.113636363636363,41.27272727272727,18.70011402508552,40.5557103244532
6863,永道-KY,通信網路,117.0,-4.098360655737709,57919782.095000006,True,98.17739975698665,3.6072144288577155,80.81,2026-06-01,False,7.6923076923076925,12.5,0.10058256585992718,74.28571428571429,14.076666666666668,5.965909090909091,91.5909090909091,82.38636363636364,45.0,75.45454545454545,60.07954545454545,87.45724059293045,36.70806014823261
2897,王道銀行,本國銀行,10.1,-0.49261083743843415,57876308.5475,True,60.69301570113698,42.55177020708083,14.1,2026-06-01,False,44.44444444444444,-3.809523809523813,0.08688239983304653,94.8356807511737,-13.699999999999998,45.34090909090909,49.09090909090909,79.43181818181819,92.8409090909091,13.977272727272727,56.13636363636365,36.14595210946408,56.30921530009329
2539,櫻花建,建設,42.15,1.4440433212996373,57406643.92749999,True,34.9756361667569,63.259853039412164,79.55,2026-06-01,False,61.016949152542374,5.112219451371564,0.13242057713540428,60.91040462427745,-272.97666666666663,62.15909090909091,80.9090909090909,88.4090909090909,14.204545454545455,1.4772727272727273,49.43181818181818,87.00114025085519,45.61392142635016
1907,永豐餘,造紙,30.15,-0.33057851239669533,57251620.05250001,True,62.96697347049269,40.61456245824983,12.66,2026-06-01,False,20.0,3.2534246575342443,0.23855737914927666,97.73095623987032,3.1833333333333336,19.772727272727273,76.02272727272728,97.1590909090909,96.47727272727272,47.5,67.38636363636364,34.20752565564425,43.60869959572924
3581,博磊,電子設備,119.0,3.4782608695652195,57233574.56,True,77.74663677130044,28.59051436205745,95.44,2026-06-01,False,54.666666666666664,-6.666666666666667,0.04095692602783817,42.5,47.166666666666664,54.88636363636363,38.18181818181819,64.0909090909091,1.1363636363636365,94.6590909090909,50.590909090909086,89.73774230330672,51.89466284855395
6146,耕興,檢測驗證,192.5,0.26041666666667407,56807463.325,True,43.47590687601516,57.548430193720776,12.74,2026-06-01,False,80.0,1.0498687664041995,-0.04412664141600224,80.71278825995807,0.7166666666666668,81.02272727272727,69.20454545454545,22.272727272727273,61.59090909090909,38.52272727272727,54.52272727272727,34.32155074116305,51.93266041256349
2323,中環,光電及I/O,10.3,0.9803921568627638,56305863.04099999,True,1.7341040462427744,92.11756847027388,38.84,2026-06-01,False,88.88888888888889,-6.787330316742081,-0.1490164176403154,78.6259541984733,20.763333333333335,89.26136363636363,37.55681818181818,3.6363636363636362,56.477272727272734,84.6590909090909,54.31818181818183,67.27480045610034,68.86415465947962
2417,圓剛,電腦及週邊,45.2,3.1963470319634757,55911444.879999995,True,85.62628336755647,20.440881763527056,4.96,2026-06-01,False,22.413793103448278,4.62962962962963,-0.05213195608589461,79.43760984182776,-5.543333333333334,22.954545454545457,79.43181818181819,19.545454545454547,58.409090909090914,22.954545454545457,40.659090909090914,23.14709236031927,31.269727635534366
8222,寶一,機車船製造,39.1,1.1642949547218784,55747301.69499999,True,27.908689248895435,68.40347361389446,-10.36,2026-06-01,False,75.0,-6.793802145411207,-0.0019946450841592635,66.72354948805462,-9.203333333333333,75.79545454545455,37.38636363636363,43.29545454545455,25.681818181818183,17.727272727272727,39.977272727272734,7.411630558722919,42.875634912408
6438,迅得,電子設備,149.5,3.103448275862064,55430628.725,True,78.45154304277206,28.189712758851037,-3.13,2026-06-01,False,52.0,-2.922077922077922,0.019367148799036896,72.04819277108435,-16.326666666666668,52.72727272727272,53.06818181818181,54.77272727272727,38.18181818181819,11.931818181818182,42.13636363636364,13.22690992018244,37.76695475277288
6913,鴻呈,電子零組件,150.0,2.0408163265306145,54788474.675,True,20.620842572062084,75.01670006680027,61.08,2026-06-01,False,90.54054054054053,19.52191235059761,0.16138122475377584,96.15384615384616,20.479999999999997,90.45454545454545,96.36363636363636,91.93181818181819,94.77272727272728,84.20454545454545,91.54545454545453,81.07183580387685,67.48386804187831
8105,凌巨,光電及I/O,17.15,0.0,54327369.71750001,True,96.00798403193613,8.684034736138944,-8.9,2026-06-01,False,12.5,-5.769230769230773,-0.044635553150348714,68.19085487077534,-3.0166666666666675,11.477272727272728,40.909090909090914,21.931818181818183,29.204545454545457,29.88636363636364,26.681818181818187,8.551881413911062,27.081152171659582
6227,茂綸,電子通路,125.5,-4.19847328244275,54176359.375,True,44.72116946399567,56.045424181696724,84.61,2026-06-01,False,67.3076923076923,9.130434782608695,0.05108436016283797,92.619926199262,44.263333333333335,68.4659090909091,88.06818181818183,68.52272727272727,87.72727272727273,94.20454545454545,81.39772727272728,88.02736602052451,64.03809150513113
2397,友通,電腦及週邊,66.7,-1.477104874446089,54110624.370000005,True,83.05360043313482,23.51369405477622,31.37,2026-06-01,False,25.862068965517242,14.017094017094022,0.11775980321566716,80.45838359469239,-0.8733333333333313,26.136363636363637,93.63636363636364,85.9090909090909,60.68181818181818,34.43181818181818,60.159090909090914,59.40706955530216,38.14722193428008
1904,正隆,造紙,25.15,2.6530612244897833,53606009.765,True,49.16080129940444,52.705410821643284,-2.09,2026-06-01,False,60.0,12.780269058295953,0.2761679446399463,100.0,-11.196666666666667,60.79545454545454,91.81818181818183,98.52272727272727,99.20454545454545,15.568181818181817,73.18181818181817,14.709236031927023,45.722763553436295
6890,來億-KY,鞋及旅行箱,179.5,2.865329512893977,53605275.125,True,39.658444022770404,60.18704074816299,-3.2,2026-06-01,False,44.44444444444444,1.9886363636363635,0.15712885665694443,62.11072664359861,0.6566666666666667,45.34090909090909,72.1590909090909,91.47727272727273,16.022727272727273,38.40909090909091,52.68181818181819,13.112884834663626,25.57935757230227
3162,精確,汽車組件,66.2,0.1512859304084957,53417362.195,True,51.67243367935409,50.03340013360054,58.73,2026-06-01,False,54.054054054054056,-15.128205128205124,0.057644801631718305,69.03023983315954,32.019999999999996,54.26136363636363,12.386363636363637,71.81818181818181,31.931818181818183,91.25,52.32954545454545,80.15963511972633,63.491613325386126
6922,宸曜,電腦及週邊,204.0,-4.225352112676061,53337513.525,True,3.8922155688622757,88.57715430861724,39.41,2026-06-01,False,94.82758620689656,15.909090909090908,0.13705124598917579,90.2654867256637,-12.003333333333337,93.86363636363636,94.77272727272728,88.86363636363637,83.18181818181817,15.113636363636363,75.1590909090909,67.61687571265679,62.47240074634602
6585,鼎基,樹脂,118.0,0.8547008547008517,53191719.25,True,37.35408560311284,61.72344689378757,91.44,2026-06-01,False,71.42857142857143,-7.086614173228346,0.01363467349782432,78.40531561461795,32.449999999999996,72.67045454545455,36.02272727272727,51.590909090909086,55.79545454545455,91.5909090909091,61.5340909090909,89.28164196123147,70.43120594485333
3380,明泰,通信網路,28.4,0.5309734513274211,53181520.81250001,True,95.27073337902672,9.686038744154976,5.46,2026-06-01,False,21.153846153846153,-13.677811550151977,-0.18041228868934378,68.35138387484957,16.61,21.420454545454547,16.363636363636363,2.159090909090909,29.88636363636364,79.43181818181819,29.852272727272727,23.48916761687571,39.60808735876438
2348,海悅,建設,70.6,0.14184397163119478,52640093.25,True,91.28316188413643,14.529058116232466,247.66,2026-06-01,False,5.084745762711865,-7.3490813648294075,-0.022047204073687484,67.5598086124402,210.90666666666667,3.1818181818181817,35.340909090909086,31.704545454545453,28.18181818181818,98.86363636363636,39.45454545454545,96.92132269099201,48.236012490929824
2543,皇昌,營造,41.0,4.325699745547085,51747204.402499996,True,31.61290322580645,65.66466265865063,105.33,2026-06-01,False,33.33333333333333,3.666245259165621,0.11260582995095826,47.674418604651166,20.789999999999992,32.44318181818181,77.5,85.11363636363637,2.6136363636363633,84.77272727272728,56.488636363636374,90.99201824401368,37.13720910645796
6143,振曜,光電及I/O,88.8,-0.22471910112359383,51674748.285,True,13.643746616134273,80.36072144288578,30.63,2026-06-01,False,81.94444444444444,-14.20289855072464,-0.08713775321913372,58.42105263157894,17.939999999999998,83.06818181818181,14.772727272727273,10.0,11.25,81.25,40.06818181818182,58.72291904218928,59.567093396910956
6199,天品,其他,103.5,5.076142131979688,51373726.970000006,True,44.73118279569893,55.978623914495664,476.98,2026-06-01,False,43.47826086956522,0.975609756097561,-0.009309924278321016,83.13253012048193,-95.69333333333327,44.20454545454545,69.0909090909091,38.86363636363636,68.75,2.3863636363636367,44.65909090909091,98.74572405929305,60.65234010573236
3060,銘異,光電及I/O,28.9,0.3472222222222099,51353832.692499995,True,66.52267818574515,37.87575150300601,48.98,2026-06-01,False,40.27777777777778,-13.988095238095246,-0.10593631285647953,69.38775510204081,19.473333333333333,40.68181818181818,15.681818181818183,7.386363636363637,32.61363636363636,83.18181818181817,35.90909090909091,74.57240592930444,58.046510573235196
4526,東台,機械,31.95,4.241435562805873,50808861.417500004,True,54.33155080213904,48.22979291917168,26.68,2026-06-01,False,61.76470588235294,-10.754189944134072,-0.08107757372852062,71.47651006711409,4.550000000000001,63.18181818181819,23.40909090909091,11.25,37.27272727272727,52.84090909090909,37.59090909090909,53.93386545039909,57.74482999896341
6957,裕慶-KY,基本金屬,218.0,1.1600928074245953,50661632.675,True,95.55984555984556,9.352037408149632,33.53,2026-06-01,False,7.317073170731707,-8.403361344537815,0.0005323881467615108,86.16600790513834,-2.469999999999999,5.568181818181818,31.136363636363633,44.77272727272727,75.11363636363636,30.909090909090907,37.49999999999999,62.25769669327252,52.95078780968177
3303,岱稜,石化,53.4,-1.4760147601476148,50423994.92,True,30.265295073091497,67.06746826987307,48.97,2026-06-01,False,77.77777777777779,-14.83253588516747,-0.06163893398655356,84.8966613672496,19.409999999999997,78.4659090909091,12.954545454545455,16.93181818181818,71.5909090909091,82.8409090909091,52.55681818181817,74.45838084378563,77.89016339276459
6165,浪凡,數位雲端,49.6,-0.9980039920159722,50419588.1825,True,25.671140939597315,69.87307949231797,18.44,2026-06-01,False,30.434782608695656,-2.554027504911586,-0.28069820094103,83.08207705192629,7.880000000000001,30.056818181818183,54.31818181818182,0.22727272727272727,68.29545454545455,63.29545454545455,43.23863636363636,42.98745724059293,46.75538703742096
6603,富強鑫,機械,27.7,2.973977695167296,50135324.525,True,64.11149825783971,39.74615898463594,22.71,2026-06-01,False,50.0,8.840864440078585,0.039041778848240845,80.64046579330422,20.463333333333335,50.73863636363637,87.72727272727273,63.52272727272727,61.36363636363637,84.0909090909091,69.48863636363637,48.80273660205245,43.29443415051311
1808,潤隆,建設,32.75,0.9244992295839749,49997053.59250001,True,19.76608187134503,75.75150300601202,162537.27,2026-06-01,False,81.35593220338984,4.967948717948721,0.11416111113292647,82.1831869510665,77044.36666666665,82.5,80.22727272727272,85.3409090909091,65.56818181818181,100.0,82.72727272727272,100.0,66.96022727272728
6667,信紘科,電子設備,229.5,1.7738359201773912,49924149.75,True,23.17271250676773,72.67869071476287,-2.5,2026-06-01,False,90.66666666666666,-11.218568665377177,-0.04281862760469474,76.24584717607974,-5.23,90.56818181818181,21.704545454545453,22.954545454545457,50.34090909090909,23.636363636363637,41.840909090909086,14.02508551881414,58.307407743339894
7712,博盛半導體,半導體,151.0,3.7800687285223455,49916075.975,True,52.67175572519084,49.43219772879092,49.37,2026-06-01,False,64.61538461538461,-8.484848484848486,-0.0218250154292094,70.72599531615926,31.043333333333333,65.45454545454545,30.909090909090907,31.818181818181817,35.45454545454545,90.68181818181819,50.86363636363636,74.80045610034207,61.20011402508552
7749,意騰-KY,半導體,359.5,0.0,49675321.4,True,4.912280701754386,86.97394789579158,64.48,2026-06-01,False,91.53846153846153,-10.349127182044887,-0.025739394332101508,52.252906976744185,5.259999999999998,91.36363636363637,24.545454545454547,29.88636363636364,4.545454545454546,54.659090909090914,41.0,82.44013683010262,63.45094329843475
5534,長虹,建設,78.3,0.6426735218509005,49559643.565000005,True,75.58202490525176,30.861723446893784,124.21,2026-06-01,False,20.33898305084746,-2.369077306733174,0.011098088381684496,90.0,-72.57666666666667,20.795454545454543,54.88636363636363,49.88636363636363,82.04545454545455,2.840909090909091,42.09090909090909,92.93044469783352,60.221247538094744
4571,鈞興-KY,機械,172.0,2.3809523809523725,49355642.85,True,78.28162291169451,28.256513026052104,5.51,2026-06-01,False,23.52941176470588,8.176100628930817,-0.06710504320203035,74.13793103448276,-2.1966666666666663,23.863636363636363,86.81818181818181,15.568181818181817,44.43181818181819,31.477272727272727,40.43181818181818,23.603192702394526,26.270116357416818
1231,聯華食,其他食品,81.4,0.24630541871921707,48740837.379999995,True,36.76231727125068,62.32464929859719,6.95,2026-06-01,False,44.44444444444444,-7.709750566893421,-0.07289065926248287,53.72937293729373,5.35,45.34090909090909,34.090909090909086,14.09090909090909,6.0227272727272725,55.22727272727273,30.954545454545457,26.45381984036488,35.93163677827303
6168,宏齊,光電及I/O,25.1,2.0325203252032464,48606031.4075,True,89.85330073349633,16.63326653306613,6.73,2026-06-01,False,23.61111111111111,-9.057971014492754,-0.06606671082406025,70.70422535211269,0.026666666666667282,23.977272727272727,28.97727272727273,15.681818181818183,35.340909090909086,36.59090909090909,28.113636363636363,26.339794754846068,39.17017596143879
1342,八貫,塑膠製品,103.0,0.4878048780487809,47914710.52,True,17.507204610951007,77.35470941883767,40.14,2026-06-01,False,77.53036437246963,-11.587982832618025,-0.0780909659494217,87.65957446808511,-0.4799999999999969,77.8409090909091,20.454545454545457,12.386363636363637,78.4090909090909,35.22727272727273,44.86363636363636,68.07297605473204,75.96710765004664
4755,三福化,其他化學,119.5,0.42016806722688926,47653870.175,True,57.98592311857066,44.789579158316634,15.63,2026-06-01,False,50.0,-12.773722627737227,-0.15045762954929984,70.50147492625368,16.653333333333332,50.73863636363637,17.727272727272727,3.5227272727272725,34.77272727272727,79.6590909090909,37.28409090909091,38.99657924743444,51.69516753913134
4956,光鋐,光電及I/O,31.7,3.2573289902280145,47458889.345000006,True,90.13035381750466,16.03206412825651,-0.83,2026-06-01,False,22.22222222222222,-5.794947994056462,0.023864290257945172,57.95246800731261,-5.726666666666667,22.443181818181817,40.68181818181818,57.04545454545455,10.340909090909092,22.386363636363637,30.57954545454545,16.191562143671607,27.073458717736084
3015,全漢,電子零組件,55.7,-2.280701754385961,47151555.455,True,57.552788305360046,45.15698062792251,-14.01,2026-06-01,False,69.5945945945946,-8.837970540098198,-0.09246844583500985,74.46524064171123,-1.83,70.68181818181817,29.772727272727273,8.863636363636363,45.68181818181819,32.15909090909091,37.43181818181818,5.473204104903079,48.01602829895304
3708,上緯投控,樹脂,104.0,1.4634146341463428,46605766.92,True,1.028695181375203,93.72077488309954,61.7,2026-06-01,False,100.0,1.4634146341463417,0.020921040338783555,70.03367003367003,5.150000000000013,98.69318181818181,70.56818181818181,55.68181818181818,33.75,54.20454545454545,62.57954545454545,81.52793614595211,60.85073403648803
8040,九暘,半導體,75.1,0.5354752342703994,46577110.97,True,99.69742813918305,1.6700066800267204,34.49,2026-06-01,False,1.5384615384615385,-12.266355140186917,0.1039047914606198,60.08,-4.969999999999999,0.6818181818181818,18.75,83.06818181818181,13.068181818181818,24.204545454545453,27.95454545454545,63.625997719498294,39.65649942987457
4771,望隼,醫療耗材,203.5,0.992555831265518,45471715.625,True,45.81196581196581,54.97661990647963,31.26,2026-06-01,False,30.303030303030305,-0.24509803921568626,0.10718733688332499,94.65116279069767,-5.956666666666667,29.772727272727273,63.86363636363637,83.86363636363636,92.27272727272727,21.818181818181817,58.31818181818181,59.293044469783354,54.368715662900385
2903,遠百,百貨批發,22.0,0.4566210045662267,45211798.730000004,True,15.05143475906876,79.55911823647295,-2.42,2026-06-01,False,57.14285714285714,-1.345291479820631,0.16871989402460477,90.1639344262295,-2.09,57.44318181818182,58.86363636363636,92.8409090909091,82.72727272727273,31.590909090909093,64.69318181818183,14.253135689851767,48.88998846791749
2597,潤弘,營造,167.0,-0.29850746268657025,45143346.95,True,73.19978343259339,32.93253173012692,2.95,2026-06-01,False,13.333333333333334,1.5197568389057752,0.16263735591196982,81.86274509803921,-10.32,12.15909090909091,70.9090909090909,92.1590909090909,64.6590909090909,16.363636363636363,51.25,20.524515393386544,31.608401575619364
8074,鉅橡,印刷電路板,57.4,1.773049645390068,44818253.59500001,True,89.33405522468868,17.034068136272545,22.99,2026-06-01,False,42.857142857142854,-6.66666666666667,0.02808665397945115,61.92017259978425,-1.1466666666666683,43.52272727272727,38.06818181818182,58.86363636363636,15.795454545454547,33.52272727272727,37.95454545454545,49.1448118586089,42.598702964652226
8390,金益鼎,資源回收,100.0,0.908173562058523,44749416.07,True,29.128316188413645,67.53507014028057,43.96,2026-06-01,False,56.52173913043478,-1.9607843137254901,-0.1694991006137712,77.22007722007721,12.810000000000006,56.93181818181819,56.70454545454545,2.727272727272727,53.29545454545455,73.75,48.68181818181819,70.98061573546181,56.12583575204728
3652,精聯,電腦及週邊,37.2,-0.40160642570280514,44585197.91250001,True,8.347338935574228,84.96993987975952,-1.21,2026-06-01,False,93.10344827586206,19.04000000000001,-0.027906796145583848,87.11943793911007,-26.45666666666667,92.5,96.13636363636363,28.522727272727273,77.04545454545455,7.5,60.340909090909086,15.621436716077536,47.25763190629212
6261,久元,半導體,79.2,0.5076142131979822,44443206.760000005,True,83.97401191120736,22.511690046760187,33.71,2026-06-01,False,35.38461538461539,-12.195121951219512,0.15342132291822497,59.325842696629216,20.843333333333334,34.54545454545455,19.090909090909093,90.9090909090909,11.704545454545455,85.0,48.25000000000001,62.713797035347774,47.46822198610967
2753,八方雲集,餐飲飯店,183.0,0.0,44068949.4,True,9.798994974874372,84.03473613894455,10.85,2026-06-01,False,59.25925925925925,3.389830508474576,0.24931664169852152,84.33179723502305,0.14999999999999858,59.54545454545455,76.47727272727273,97.61363636363637,70.11363636363637,37.04545454545455,68.1590909090909,31.527936145952108,46.17743858194257
8109,博大,電子零組件,130.5,-1.5094339622641506,43909296.9,True,83.6491608012994,22.979291917167668,36.23,2026-06-01,False,40.54054054054054,-5.434782608695652,-0.06970902521386274,80.80495356037152,9.693333333333335,41.13636363636364,41.875,14.886363636363637,62.04545454545455,67.8409090909091,45.55681818181818,65.45039908779931,56.68930431740438
3537,堡達,電子通路,56.1,-1.5789473684210464,43907783.419999994,True,57.98592311857066,44.789579158316634,26.88,2026-06-01,False,51.92307692307693,-12.068965517241374,-0.04175240926475795,62.61160714285715,18.793333333333333,52.55681818181818,19.545454545454547,23.295454545454543,16.93181818181818,82.27272727272728,38.92045454545455,54.16191562143672,51.02627435990463
4949,有成精密,光電及I/O,70.0,-5.913978494623661,43783002.425,True,50.161812297734635,51.436205744822985,68.69,2026-06-01,False,61.111111111111114,-11.280101394169842,0.0434208795495074,64.81481481481481,22.53666666666666,62.32954545454545,21.59090909090909,65.0,20.909090909090907,86.25,51.2159090909091,84.15051311288484,61.449560096403026
3290,東浦,電子零組件,56.0,1.6333938294010864,43422907.435,True,13.356562137049943,80.69472277889112,88.72,2026-06-01,False,94.5945945945946,-17.888563049853374,-0.13509713930386338,78.5413744740533,3.9766666666666737,93.52272727272727,9.204545454545453,4.431818181818182,56.36363636363636,50.45454545454545,42.79545454545454,88.82554161915621,82.3768399502436
8438,昶昕,資源回收,68.0,1.4925373134328401,43260244.19,True,52.372093023255815,49.498997995991985,40.99,2026-06-01,False,43.47826086956522,-23.595505617977526,0.10635418848079305,63.84976525821596,-1.3866666666666632,44.20454545454545,4.090909090909091,83.75,18.636363636363637,32.72727272727273,36.68181818181818,68.87115165336374,56.905287913340935
6768,志強-KY,鞋及旅行箱,65.6,-2.8148148148148255,43002754.145,True,27.321981424148607,68.87107548430194,5.2,2026-06-01,False,55.55555555555556,-7.605633802816909,0.06801045164347766,53.11740890688259,2.146666666666667,55.79545454545455,34.54545454545455,74.88636363636364,5.454545454545454,43.75,42.88636363636364,23.3751425313569,37.51992199647559
3663,鑫科,資源回收,65.2,2.8391167192429068,42609724.70999999,True,90.97452934662236,14.963259853039412,22.76,2026-06-01,False,13.043478260869565,-15.653298835705037,-0.005532829945135815,71.10141766630316,19.596666666666668,11.818181818181818,11.704545454545455,40.909090909090914,36.70454545454545,83.52272727272727,36.93181818181818,48.91676168757127,46.43373587643828
4114,健喬,藥,29.8,-0.8319467554076532,41643762.41500001,True,26.69193286410395,69.53907815631263,30.68,2026-06-01,False,47.72727272727273,-11.30952380952381,-0.21691657944061732,81.53214774281807,11.643333333333334,48.40909090909091,21.363636363636363,1.3636363636363635,63.40909090909091,71.5909090909091,41.22727272727273,58.95096921322691,62.35137866694309
6469,大樹,醫藥通路,70.7,-0.28208744710860323,41526339.355000004,True,4.926908500270709,86.90714762859052,-4.9,2026-06-01,False,77.77777777777779,-9.242618741976896,-0.1310039177967887,43.109756097560975,-3.8033333333333337,78.4659090909091,28.522727272727273,4.886363636363637,1.25,26.704545454545453,27.965909090909093,11.630558722919043,40.70593513527521
6125,廣運,電子設備,50.2,1.1077542799597273,41470723.50750001,True,84.375,21.977287909151634,22.57,2026-06-01,False,40.0,-9.874326750448832,-0.00551102023079444,57.767548906789415,-30.28,40.17045454545455,26.022727272727273,41.02272727272727,10.113636363636363,6.25,24.71590909090909,48.46066134549601,43.18050624546491
3669,圓展,光電及I/O,39.5,2.5974025974025983,40886738.6875,True,32.26854358419058,65.39746158984636,2.95,2026-06-01,False,69.44444444444444,11.739745403111735,0.048545785272829586,91.64733178654292,-1.8533333333333335,70.56818181818181,91.13636363636364,67.04545454545455,85.56818181818183,32.04545454545455,69.27272727272728,20.524515393386544,46.381128848346634
4162,智擎,藥,62.9,-1.2558869701726927,40728497.03000001,True,25.33838657282079,70.20708082832331,33.92,2026-06-01,False,50.0,-6.676557863501493,0.05875228502965321,85.23035230352303,6.030000000000001,50.73863636363637,37.95454545454545,72.27272727272728,73.06818181818183,58.29545454545455,58.4659090909091,63.055872291904215,62.22703625479424
3229,晟鈦,印刷電路板,55.9,9.60784313725489,40705005.4425,True,0.0,98.9311957247829,99.09,2026-06-01,False,100.0,51.902173913043484,0.05993321092013314,100.0,27.370000000000005,98.69318181818181,99.88636363636364,72.72727272727273,99.20454545454545,89.6590909090909,92.0340909090909,89.96579247434435,71.994289027677
6862,三集瑞-KY,電子零組件,146.0,-1.3513513513513487,40590062.975,True,82.87671232876713,23.780895123580496,-1.04,2026-06-01,False,41.21621621621622,-14.117647058823529,-0.021156719473909583,64.03508771929825,27.34666666666667,41.70454545454545,15.0,32.15909090909091,19.43181818181818,89.54545454545455,39.56818181818181,15.96351197263398,40.524968902249405
4953,緯軟,資訊服務,125.0,0.0,40507012.35,True,17.379534380075796,77.4883099532398,37.07,2026-06-01,False,68.88888888888889,0.0,0.049850921794472695,87.41258741258741,3.9933333333333323,69.77272727272728,64.94318181818181,67.95454545454545,77.8409090909091,50.56818181818182,66.2159090909091,66.24857468643101,62.22975730797139
1227,佳格,其他食品,28.7,-0.692041522491349,40399185.9925,True,53.65457498646453,48.69739478957916,-1.57,2026-06-01,False,22.22222222222222,-4.651162790697681,0.07323925760635591,84.53608247422679,-1.2466666666666668,22.443181818181817,45.79545454545455,76.25,70.56818181818181,33.409090909090914,49.69318181818182,15.051311288483465,40.566805094848135
6208,日揚,電子設備,81.6,-0.3663003663003761,40303113.755,True,95.77693557119653,8.884435537742151,22.5,2026-06-01,False,16.0,-7.692307692307705,0.004168971062810786,76.98113207547169,10.226666666666667,15.340909090909092,34.20454545454545,46.590909090909086,52.61363636363636,68.63636363636364,43.47727272727273,48.346636259977195,45.52415906499429
5288,豐祥-KY,機車船製造,192.0,-0.7751937984496138,40065916.5,True,45.69572279371955,55.177020708082836,71.59,2026-06-01,False,50.0,1.0526315789473684,0.055809714658783253,97.21518987341771,16.613333333333337,50.73863636363637,69.31818181818183,71.02272727272727,96.02272727272727,79.54545454545455,73.32954545454545,84.94868871151652,65.59796763242458
6120,達運,光電及I/O,12.75,-1.1627906976744207,40011221.525,True,0.0,98.9311957247829,42.06,2026-06-01,False,100.0,-9.57446808510638,-0.08635492166498493,79.19254658385093,39.550000000000004,98.69318181818181,26.931818181818183,10.113636363636363,57.72727272727273,93.29545454545455,57.35227272727273,69.78335233751424,74.81799717528764
7792,安葆,電機製品,232.5,9.92907801418439,39872972.4,True,0.0,98.9311957247829,28.27,2026-06-01,False,100.0,-0.8528784648187633,0.2160116388746912,57.26600985221675,16.66,98.69318181818181,60.909090909090914,96.13636363636363,9.545454545454547,79.77272727272727,69.01136363636363,55.644241733181296,50.743446796931686
1712,興農,藥,39.1,-0.761421319796951,39628290.195,True,58.906334596643205,44.02137608550434,4.08,2026-06-01,False,22.727272727272727,-1.0126582278480976,-0.0926326501308731,82.92682926829269,-4.223333333333333,23.18181818181818,60.22727272727273,8.75,67.8409090909091,25.795454545454543,37.15909090909091,21.892816419612316,38.172067741266716
8289,泰藝,電子零組件,47.2,5.4748603351955305,39578807.0175,True,71.21315969842358,34.60253841015364,29.88,2026-06-01,False,54.729729729729726,-10.436432637571157,0.10004840397028228,62.351387054161165,21.75333333333333,55.00000000000001,24.31818181818182,82.1590909090909,16.590909090909093,85.45454545454545,52.70454545454546,57.81071835803877,51.27086140769151
2413,環科,電子零組件,45.75,3.3898305084745672,39185374.685,True,0.2849002849002849,95.7247828991316,33.55,2026-06-01,False,99.32432432432432,1.328903654485053,0.061181815224952904,73.2,3.2366666666666646,97.27272727272728,70.3409090909091,73.29545454545455,41.93181818181818,47.61363636363637,66.0909090909091,62.37172177879133,57.80883953560693
3388,崇越電,電子通路,75.6,4.132231404958686,39016637.24499999,True,75.90687601515972,30.26052104208417,18.97,2026-06-01,False,36.53846153846153,-4.785894206549132,0.15623549395473563,62.47933884297521,-6.023333333333337,36.19318181818182,45.11363636363636,91.25,16.818181818181817,21.59090909090909,42.19318181818182,43.95667046750285,37.96359943505753
1612,宏泰,電纜,34.65,1.9117647058823461,38881280.815,True,13.481321061180292,80.62792251169004,-11.28,2026-06-01,False,80.0,7.27554179566564,-0.09152579961790618,85.23985239852398,-3.4966666666666653,81.02272727272727,85.11363636363637,8.977272727272727,73.18181818181819,27.727272727272727,55.20454545454545,6.841505131128849,43.98310355550949
4442,竣邦-KY,成衣,52.8,0.5714285714285561,38733518.904999994,True,21.712538226299692,74.01469605878424,36.2,2026-06-01,False,65.0,7.5356415478614975,0.04561547608545676,72.72727272727273,4.286666666666665,65.68181818181819,86.02272727272727,66.13636363636364,39.82954545454545,51.93181818181818,61.92045454545454,65.27936145952108,46.19199945578937
6186,新潤,建設,34.7,-1.9774011299434902,38500692.692499995,True,37.12871287128713,62.057448229792925,-97.85,2026-06-01,False,57.6271186440678,-19.675925925925924,-0.1389470612057939,49.011299435028256,-10.73333333333332,57.95454545454546,6.8181818181818175,4.204545454545454,3.295454545454545,16.136363636363637,17.681818181818183,0.11402508551881414,38.63646081683425
5291,邑昇,印刷電路板,56.9,0.5300353356890497,38415356.1575,True,68.3090705487122,36.80694722778891,40.5,2026-06-01,False,71.42857142857143,7.358490566037733,-0.013722698935114205,72.20812182741116,-1.0399999999999991,72.67045454545455,85.68181818181819,35.79545454545455,38.86363636363636,34.03409090909091,53.40909090909092,68.5290763968073,48.59533728102001
3078,僑威,電子零組件,54.2,-0.367647058823517,38384900.82000001,True,55.92853275582025,46.82698730794923,-57.6,2026-06-01,False,70.94594594594594,0.18484288354898598,0.04049986982485351,57.537154989384284,-5.680000000000007,71.93181818181819,65.9090909090909,63.86363636363637,9.886363636363637,22.613636363636363,46.84090909090909,0.798175598631699,29.176816626930655
6799,來頡,半導體,85.5,-0.1168224299065379,38332304.260000005,True,11.702127659574469,82.56513026052104,6.47,2026-06-01,False,89.23076923076924,-7.567567567567568,-0.11506569918989228,76.68161434977578,0.4033333333333333,89.43181818181817,34.77272727272727,6.363636363636363,51.70454545454546,37.61363636363637,43.977272727272734,25.37058152793615,57.93355447289313
2414,精技,電子通路,52.8,1.7341040462427681,38102798.845000006,True,46.99512723335138,54.10821643286573,87.26,2026-06-01,False,63.46153846153846,-18.266253869969038,-0.11130106834750357,81.73374613003097,27.406666666666673,64.54545454545455,8.295454545454547,6.8181818181818175,63.86363636363637,89.77272727272727,46.659090909090914,88.48346636259977,77.14927568155903
3152,璟德,電子零組件,230.5,2.6726057906458767,37983575.9,True,45.046020573903625,55.67802271209084,23.54,2026-06-01,False,78.37837837837837,-10.311284046692606,-0.01804986464833566,71.03235747303543,9.26,79.26136363636364,24.772727272727273,33.63636363636363,36.36363636363637,66.81818181818183,48.17045454545455,49.48688711516533,60.08478996060952
6411,晶焱,半導體,78.9,1.024327784891188,37314178.325,True,79.1553871142393,27.621910487641948,9.84,2026-06-01,False,40.76923076923077,-11.048478015783536,-0.08414647380059948,69.21052631578948,-4.109999999999998,41.25,22.272727272727273,10.454545454545453,32.15909090909091,26.136363636363637,26.45454545454545,30.33067274800456,45.366759096092046
3218,大學光,醫藥通路,142.5,-2.397260273972601,37038121.5,True,0.32485110990795885,95.62458249832999,17.08,2026-06-01,False,100.0,2.888086642599278,0.21572102750862648,74.21875,6.756666666666666,98.69318181818181,74.43181818181817,96.02272727272727,44.54545454545455,61.02272727272727,74.94318181818181,41.67616875712657,52.62074673473619
2707,晶華,餐飲飯店,179.0,-0.5555555555555536,37000247.225,True,15.484569572279373,79.15831663326654,13.94,2026-06-01,False,48.148148148148145,-0.5555555555555556,0.1228341412888855,87.96068796068795,8.363333333333333,48.97727272727273,62.272727272727266,86.93181818181817,79.20454545454545,64.77272727272727,68.43181818181817,35.80387685290764,50.428241940499646
6725,矽科宏晟,電子設備,246.5,1.4403292181069949,36779617.225,True,33.108108108108105,64.52905811623246,15.91,2026-06-01,False,88.0,-21.99367088607595,-0.006730249139336177,60.26894865525673,18.61,88.52272727272728,4.886363636363637,40.22727272727273,13.522727272727272,81.81818181818183,45.79545454545455,39.33865450399088,59.124436353270454
2497,怡利電,汽車組件,48.8,2.628811777076767,36601719.949999996,True,21.910112359550563,73.8810955243821,52.52,2026-06-01,False,78.37837837837837,-17.706576728499158,-0.07464111115463012,73.05389221556887,14.313333333333333,79.26136363636364,9.431818181818182,13.295454545454547,41.47727272727273,76.25,43.94318181818182,77.4230330672748,72.18246281227324
8163,達方,光電及I/O,31.9,0.0,36513440.760000005,True,94.74824038982133,10.554442217768871,1.08,2026-06-01,False,18.055555555555554,-11.018131101813118,-0.08936889048785898,70.41942604856513,-7.923333333333332,17.613636363636363,22.5,9.659090909090908,34.54545454545455,18.977272727272727,20.659090909090907,18.814139110604334,37.11830750492381
5222,全訊,通信網路,118.0,2.60869565217392,36370574.9,True,96.22317596566523,8.016032064128256,-4.97,2026-06-01,False,15.384615384615385,-6.349206349206349,-0.07552613121481402,72.8395061728395,-14.48,14.488636363636365,39.31818181818182,12.840909090909092,40.56818181818182,13.522727272727272,24.147727272727273,11.516533637400228,31.813792500259147
6024,群益期,期貨,61.4,-0.32467532467532756,36355729.595000006,True,19.761775852734164,75.81830327321309,124.15,2026-06-01,False,75.97840755735493,-5.246913580246912,0.05056572921272814,94.17177914110428,169.84,76.5909090909091,42.84090909090909,68.18181818181817,91.36363636363637,98.75,75.54545454545455,92.8164196123147,79.48251399398777
3485,敘豐,電子設備,217.0,5.853658536585371,36227237.05,True,1.4492753623188406,92.65197060788243,22.45,2026-06-01,False,96.0,-18.726591760299627,0.00899244563934026,56.144890038809834,6.753333333333332,95.0,7.840909090909092,48.97727272727273,8.409090909090908,60.909090909090914,44.22727272727273,48.118586088939566,60.921691976780345
8462,柏文,其他,179.0,5.604719764011801,36134059.725,True,5.088062622309197,86.70674682698731,20.11,2026-06-01,False,82.6086956521739,11.180124223602485,0.16553337141572436,100.0,-0.18666666666666742,83.75,90.56818181818181,92.38636363636363,99.20454545454545,35.79545454545455,80.3409090909091,45.1539338654504,59.38507437545351
8121,越峰,電子零組件,30.3,0.0,35890965.02499999,True,99.3421052631579,2.2044088176352705,33.01,2026-06-01,False,2.7027027027027026,-24.438902743142148,0.02047601434920559,55.69852941176471,8.649999999999999,1.5909090909090908,3.0681818181818183,55.11363636363637,8.181818181818182,65.56818181818181,26.70454545454545,61.80159635119726,42.126535451435686
3338,泰碩,電子零組件,64.1,1.5847860538827252,35876293.5,True,99.72929074174337,1.6032064128256511,20.83,2026-06-01,False,2.027027027027027,-4.470938897168406,-0.03814077587503056,72.26606538895152,15.096666666666664,1.1363636363636365,47.159090909090914,24.545454545454547,38.97727272727273,77.72727272727272,37.90909090909091,46.29418472063854,34.812182543796
2030,彰源,基本金屬,21.55,1.891252955082745,35406366.254999995,True,34.71444568868981,63.326653306613224,33.89,2026-06-01,False,68.29268292682927,21.408450704225356,0.1722457806224586,100.0,6.933333333333334,69.31818181818183,97.27272727272728,93.29545454545455,99.20454545454545,61.47727272727273,84.11363636363637,62.82782212086659,58.51945553021665
6259,百徽,電子通路,31.05,0.9756097560975618,35372227.7,True,66.47058823529412,38.00935203740815,82.68,2026-06-01,False,44.230769230769226,-15.279672578444742,0.023197454601075303,72.88732394366197,35.080000000000005,44.94318181818181,12.272727272727273,56.70454545454545,40.68181818181818,92.04545454545455,49.32954545454545,87.79931584948689,65.28789714418991
7722,LINEPAY,數位雲端,291.5,0.0,34948420.525,True,12.5,81.69672678690715,14.16,2026-06-01,False,52.17391304347826,-4.893964110929853,0.05241145935187775,43.31352154531947,-0.09999999999999964,52.95454545454545,44.54545454545455,68.97727272727273,1.3636363636363635,35.90909090909091,40.75000000000001,36.488027366020525,36.565188659686946
6642,富致,電子零組件,86.0,0.0,34914671.185,True,76.46356033452808,29.592518370073478,52.49,2026-06-01,False,47.2972972972973,8.723135271807845,0.049132785550286245,93.57997823721436,23.520000000000003,48.06818181818181,87.38636363636364,67.72727272727272,89.88636363636363,87.27272727272727,76.0681818181818,77.30900798175598,56.96929744998445
4127,天良,藥,89.0,-0.5586592178770999,34802660.300000004,True,49.742533470648816,52.104208416833664,41.38,2026-06-01,False,31.818181818181817,9.605911330049258,0.132067374117113,99.4413407821229,-3.68333333333333,31.477272727272727,88.52272727272728,88.18181818181819,97.8409090909091,26.931818181818183,66.5909090909091,69.21322690992018,52.50217036384368
6419,京晨科,光電及I/O,153.0,0.990099009900991,34761211.2,True,63.28382838283828,40.41416165664663,344.15,2026-06-01,False,41.66666666666667,4.081632653061225,0.03619516932250932,78.66323907455013,-3.060000000000059,42.32954545454545,78.23863636363636,62.38636363636364,56.70454545454545,29.772727272727273,53.886363636363626,98.17559863169897,54.74276329428838
6179,亞通,工程承攬,27.35,-0.5454545454545379,34711565.96,True,94.97126436781609,10.354041416165664,229.22,2026-06-01,False,20.0,-1.4414414414414363,0.05157286175630537,76.61064425770307,89.10999999999999,19.772727272727273,58.29545454545455,68.63636363636364,51.24999999999999,97.1590909090909,59.02272727272727,96.69327251995439,52.355136311806774
5306,桂盟,自行車組件,97.8,-1.8072289156626509,34313966.974999994,True,65.72820790471035,38.41015364061457,31.67,2026-06-01,False,38.46153846153847,8.185840707964593,0.05469801868925935,98.19277108433735,15.810000000000002,38.29545454545455,86.93181818181817,70.11363636363637,96.93181818181819,78.52272727272728,74.1590909090909,59.74914481185861,52.0111498393283
3138,耀登,通信網路,97.6,1.6666666666666607,34180116.17,True,58.472727272727276,44.422177688710754,-1.44,2026-06-01,False,57.692307692307686,-12.46636771300449,0.12734397724123755,44.8735632183908,-8.786666666666667,58.18181818181818,18.409090909090907,87.61363636363636,1.9318181818181817,18.06818181818182,36.840909090909086,15.393386545039908,39.27448299989634
3024,憶聲,家電製品,13.35,1.1363636363636465,34094082.724999994,True,99.94585814834868,0.13360053440213762,-36.91,2026-06-01,False,5.263157894736842,0.7547169811320728,-0.006405695505549315,75.0,18.189999999999998,3.4090909090909087,68.52272727272727,40.56818181818182,46.875,81.47727272727273,48.17045454545455,2.1664766248574687,20.98196006530528
2535,達欣工,營造,88.8,0.3389830508474523,33890501.629999995,True,26.204656199242017,69.60587842351369,19.94,2026-06-01,False,53.333333333333336,0.794551645856984,-0.03239635894215575,91.83040330920372,19.6,53.57954545454545,68.86363636363636,26.590909090909093,86.13636363636363,83.63636363636363,63.761363636363626,44.925883694412775,53.94453910542137
5426,振發,電子零組件,29.85,-3.0844155844155785,33294983.827500004,True,49.89399293286219,51.837007348029395,44.52,2026-06-01,False,75.0,5.663716814159296,-0.07289176669837576,75.28373266078184,19.45666666666667,75.79545454545455,82.1590909090909,13.977272727272727,47.840909090909086,83.06818181818181,60.56818181818181,71.60775370581528,53.271256608272004
2221,大甲,基本金屬,50.2,2.2403258655804503,32940446.839999996,True,80.5630752571738,26.285905143620575,34.65,2026-06-01,False,14.634146341463413,-5.461393596986815,-0.02054805301711865,85.95890410958906,11.006666666666664,13.40909090909091,41.70454545454545,32.38636363636363,74.54545454545455,70.45454545454545,46.5,63.740022805017105,52.49750570125428
6577,勁豐,電腦及週邊,80.4,0.12453300124533051,32806294.189999998,True,59.66432051976177,43.28657314629258,4.97,2026-06-01,False,57.758620689655174,2.9449423815621145,0.024722035401262863,85.16949152542374,3.633333333333333,58.46590909090909,74.77272727272727,57.49999999999999,72.8409090909091,49.77272727272727,62.67045454545455,23.261117445838085,44.94880208873225
6156,松上,印刷電路板,22.0,1.1494252873563315,32688528.457500003,True,99.94410285075462,0.26720106880427524,55.51,2026-06-01,False,2.380952380952381,-17.910447761194032,0.07926341303620484,68.75,20.513333333333335,1.3636363636363635,8.863636363636363,78.06818181818181,30.568181818181817,84.31818181818181,40.63636363636363,78.67730900798176,50.436372706540894
6873,泓德能源,光電及I/O,74.9,0.13368983957220415,32587681.95,True,70.21531100478468,35.73814295257181,42.53,2026-06-01,False,37.5,-14.20389461626574,-0.05505419770170916,41.04109589041096,51.13666666666666,37.04545454545455,14.659090909090908,18.409090909090907,1.0227272727272727,95.3409090909091,33.29545454545455,70.1254275940707,48.383629625790405
2547,日勝生,建設,10.1,-4.2654028436019065,32476130.630000003,True,84.0909090909091,22.31128924515698,141.99,2026-06-01,False,6.779661016949152,-8.597285067873313,0.10721288422279904,87.06896551724138,77.05333333333334,4.772727272727273,30.454545454545457,83.97727272727272,76.93181818181817,96.81818181818181,58.590909090909086,93.84264538198404,61.27316134549601
3114,好德,電子通路,36.25,-0.8207934336525224,32444894.275,True,67.35246345425013,37.34134936539746,-16.21,2026-06-01,False,42.30769230769231,-1.7615176151761478,-0.03899089808874805,62.82495667244367,-9.556666666666668,42.784090909090914,57.49999999999999,24.204545454545453,17.272727272727273,17.15909090909091,31.784090909090907,4.789053591790194,26.8364679434021
1623,大東電,電纜,213.0,2.4038461538461453,32345956.85,True,33.33333333333333,64.16165664662658,13.63,2026-06-01,False,40.0,-9.361702127659575,-0.22493914701027776,62.64705882352941,22.886666666666667,40.17045454545455,27.954545454545453,0.7954545454545454,17.045454545454543,86.5909090909091,34.51136363636364,35.461801596351194,41.18079130817871
3615,安可,光電及I/O,36.5,1.671309192200554,32298213.702500004,True,54.33198380566802,48.16299265197061,-45.11,2026-06-01,False,58.333333333333336,-17.51412429378531,0.06762626232459615,59.93431855500822,-9.353333333333332,58.80681818181818,9.772727272727273,74.6590909090909,12.840909090909092,17.613636363636363,34.73863636363637,1.2542759407069555,40.78231898517674
4721,美琪瑪,其他化學,74.8,1.7687074829932037,32163041.049999993,True,4.796163069544365,87.10754843019372,-19.35,2026-06-01,False,81.25,-3.359173126614998,-0.10258820104921705,74.05940594059406,-2.9733333333333327,82.27272727272728,51.02272727272727,7.613636363636364,44.20454545454545,30.0,43.02272727272727,3.8768529076396807,44.83284959054628
4510,高鋒,機械,44.55,9.999999999999986,32114331.5075,True,72.29916897506925,33.80093520374082,2.62,2026-06-01,False,38.23529411764706,6.706586826347298,0.14697254771573534,80.70652173913042,-12.636666666666667,37.95454545454545,83.86363636363636,89.77272727272727,61.47727272727273,14.545454545454545,57.52272727272727,19.84036488027366,33.852136674613874
2420,新巨,電子零組件,56.8,-0.5253940455341555,32005307.034999996,True,82.18733080671359,24.382097528390116,10.73,2026-06-01,False,42.567567567567565,-4.5378151260504245,0.036850974686943316,86.98315467075038,8.393333333333334,43.18181818181818,46.47727272727273,62.727272727272734,76.81818181818181,64.88636363636363,58.81818181818181,31.356898517673887,51.21990644760029
2010,春源,基本金屬,22.95,-0.21739130434782483,31556084.464999996,True,3.6816459122902003,88.84435537742151,-0.43,2026-06-01,False,92.6829268292683,6.993006993006993,0.21963093011570883,88.95348837209302,-0.6966666666666667,92.1590909090909,84.43181818181819,96.36363636363636,80.45454545454545,34.659090909090914,77.61363636363636,17.33181299885975,51.37840779516948
6205,詮欣,電子零組件,64.4,4.545454545454541,31501029.285000004,True,72.55008121277747,33.700734802939216,34.36,2026-06-01,False,53.37837837837838,-3.880597014925365,0.14540380576419992,65.58044806517313,31.92,53.75,48.97727272727273,89.54545454545455,23.068181818181817,91.13636363636364,61.29545454545454,63.511972633979475,47.83822043122214
3580,友威科,電子設備,80.4,3.6082474226804218,31297104.199999996,True,97.1304818624797,5.444221776887107,-2.83,2026-06-01,False,10.666666666666668,-10.963455149501652,0.08659581325428088,71.15044247787611,-20.806666666666665,9.659090909090908,22.840909090909093,79.31818181818183,36.93181818181818,9.545454545454547,31.659090909090914,13.568985176738883,34.329746294184716
3528,安馳,電子通路,89.3,-1.8681318681318726,31155942.96000001,True,3.4650785056848945,89.04475617902472,57.4,2026-06-01,False,92.3076923076923,-1.7601760176017693,-0.04593437674421234,63.78571428571428,-11.756666666666668,91.875,57.61363636363637,21.363636363636363,18.522727272727273,15.227272727272728,40.92045454545455,79.01938426453819,57.950868793407274
6870,騰雲,數位雲端,257.0,0.0,30903108.95,True,24.397163120567374,71.40948563794255,54.55,2026-06-01,False,39.130434782608695,-15.599343185550083,-0.092812975264802,77.87878787878788,-9.50333333333333,39.26136363636364,11.931818181818182,8.636363636363637,54.54545454545454,17.386363636363637,26.352272727272727,78.33523375142532,65.05255843785633
2331,精英,電腦及週邊,19.3,0.5208333333333481,30875015.182499997,True,66.53171390013495,37.80895123580494,25.84,2026-06-01,False,43.103448275862064,-6.537530266343817,-0.0008991214853167481,64.440734557596,18.476666666666667,43.86363636363637,38.63636363636363,43.97727272727273,20.113636363636363,81.70454545454545,45.659090909090914,51.938426453819844,44.31983388618223
7768,頌勝科技,樹脂,270.0,5.263157894736836,30824092.875,True,25.0,70.50768203072812,11.91,2026-06-01,False,78.57142857142857,-18.91891891891892,0.1210360268719856,55.27123848515865,5.323333333333334,79.6590909090909,7.613636363636364,86.5909090909091,7.5,55.11363636363637,47.29545454545455,33.181299885974916,53.18168860785737
2546,根基,營造,99.6,3.534303534303529,30769996.339999996,True,1.136978884677856,93.42017368069472,44.27,2026-06-01,False,100.0,4.075235109717859,0.0707354472229697,95.76923076923076,14.67333333333334,98.69318181818181,78.06818181818181,75.68181818181819,94.20454545454545,76.81818181818181,84.69318181818181,71.26567844925884,71.52380597595108
2034,允強,基本金屬,20.2,-1.2224938875305624,30734249.367499996,True,81.75465838509317,24.916499665998664,22.48,2026-06-01,False,12.195121951219512,-2.6506024096385574,0.10454374467114239,89.1832229580574,17.293333333333333,11.136363636363637,53.97727272727273,83.4090909090909,80.68181818181817,80.56818181818181,61.95454545454545,48.23261117445838,46.51838006634187
6716,應廣,半導體,109.0,4.306220095693769,30661271.48,True,39.819587628865975,60.05344021376086,60.58,2026-06-01,False,76.92307692307693,16.080937167199142,0.03797630017670388,92.76595744680851,16.156666666666673,77.5,94.88636363636364,63.40909090909091,88.29545454545455,78.97727272727273,80.61363636363636,80.72976054732041,62.90971286410283
4556,旭然,其他電製品,101.0,9.663409337676443,30540999.665,True,79.26972909305064,27.45490981963928,14.45,2026-06-01,False,57.14285714285714,-20.47244094488189,0.03419478553426912,76.22641509433963,12.559999999999999,57.44318181818182,6.0227272727272725,61.70454545454545,50.227272727272734,73.52272727272727,49.784090909090914,36.94412770809578,59.64796374520577
3046,建碁,電腦及週邊,62.3,3.316749585406309,29836974.465000004,True,21.78072111846946,73.94789579158316,53.63,2026-06-01,False,87.93103448275862,13.89396709323582,0.14721145927874918,97.34375,3.3766666666666723,88.4090909090909,93.4090909090909,89.88636363636363,96.25,48.29545454545455,83.25,77.87913340935006,67.28228335233752
1436,華友聯,建設,37.85,1.6107382550335503,29520645.195,True,65.13264753654575,38.84435537742151,-79.41,2026-06-01,False,27.11864406779661,-15.701559020044536,-0.07915383058567979,46.441717791411044,-59.349999999999994,27.500000000000004,11.477272727272728,11.818181818181818,2.272727272727273,3.75,11.363636363636365,0.45610034207525657,29.68788872188245
8147,正淩,電子零組件,130.0,2.3622047244094446,29473457.275,True,40.625,59.58583834335337,14.91,2026-06-01,False,79.72972972972973,-8.12720848056537,-0.032500853654314266,68.24146981627297,5.833333333333334,80.45454545454545,32.15909090909091,26.36363636363636,29.545454545454547,57.27272727272727,45.15909090909091,37.62827822120867,53.867296828029446
9911,櫻花,五金及家具,82.1,-0.243013365735123,29159634.975,True,24.959393611261504,70.64128256513025,6.72,2026-06-01,False,90.9090909090909,-2.145411203814078,-0.09518380475835671,88.94907908992415,-0.5533333333333337,90.85227272727273,55.79545454545455,8.409090909090908,80.3409090909091,34.88636363636364,54.05681818181819,26.225769669327253,60.405874235513636
7805,威聯通,電腦及週邊,698.0,1.6011644832605532,29075634.5,True,69.93464052287581,35.938543754175015,28.11,2026-06-01,False,39.6551724137931,11.146496815286625,0.13731167428515323,85.1219512195122,13.176666666666668,39.659090909090914,90.45454545454545,88.97727272727273,72.38636363636364,74.20454545454545,73.13636363636364,55.53021664766249,44.2802814346429
3703,欣陸,營造,20.0,-0.7444168734491274,29013239.97,True,27.037661607644743,69.20507682030728,-5.55,2026-06-01,False,46.666666666666664,-3.1476997578692427,-0.027825704288933883,81.9672131147541,-1.6233333333333326,47.67045454545455,51.93181818181818,28.636363636363637,65.0,32.27272727272727,45.10227272727273,10.718358038768528,42.86424860060122
3093,港建*,電子設備,48.95,-0.3054989816700604,28662724.0325,True,95.72279371954521,9.01803607214429,92.31,2026-06-01,False,17.333333333333336,-5.86538461538461,5.559438274356759e-05,64.74867724867725,86.42333333333333,16.818181818181817,40.340909090909086,44.43181818181819,20.56818181818182,97.04545454545455,43.840909090909086,89.39566704675028,46.6102803980512
4912,聯德控股-KY,電子零組件,94.7,6.165919282511201,28648770.130000003,True,97.61775852734164,4.442217768871076,53.33,2026-06-01,False,6.418918918918918,8.850574712643681,0.06343034659922535,82.34782608695652,15.083333333333336,4.488636363636363,87.8409090909091,73.86363636363636,66.25,77.61363636363636,62.01136363636364,77.76510832383124,40.165708899139624
8415,大國鋼,基本金屬,38.65,1.1780104712041828,28631670.6625,True,34.10936654033568,63.727454909819635,36.57,2026-06-01,False,70.73170731707317,5.601092896174856,0.19527739288704432,100.0,11.29333333333333,71.5909090909091,81.81818181818183,95.0,99.20454545454545,71.02272727272727,83.72727272727272,65.90649942987457,63.72094303928682
5258,虹堡,電腦及週邊,50.9,-0.9727626459143934,28246294.5075,True,65.19026824703681,38.61055444221777,20.75,2026-06-01,False,46.55172413793103,-6.776556776556782,0.02158441798222756,63.7046307884856,-5.52,47.38636363636364,37.72727272727273,55.90909090909091,18.409090909090907,23.068181818181817,36.5,46.18015963511973,43.56208536332539
3556,禾瑞亞,半導體,65.0,1.8808777429467183,28019276.15,True,58.635625338386575,44.22177688710755,66.86,2026-06-01,False,62.30769230769231,-5.385735080058228,0.05579767832202318,80.8457711442786,35.61,63.63636363636363,42.15909090909091,70.9090909090909,62.15909090909091,92.27272727272727,66.22727272727272,83.46636259977195,66.7756815590339
1440,南紡,人纖,13.6,-0.7299270072992692,27976311.2725,True,99.8266897746967,1.068804275217101,-11.53,2026-06-01,False,11.11111111111111,1.115241635687735,0.043027609100959104,87.17948717948718,2.2200000000000006,9.829545454545455,69.54545454545455,64.88636363636363,77.1590909090909,43.97727272727273,53.07954545454545,6.442417331812998,30.971399787498704
2108,南帝,橡膠原料,30.85,3.6974789915966477,27930904.590000004,True,52.73416350839199,49.298597194388776,31.78,2026-06-01,False,49.32523616734143,7.304347826086961,0.19550270725329935,95.9564541213064,0.11333333333333329,49.77272727272727,85.3409090909091,95.11363636363637,94.6590909090909,36.81818181818181,72.3409090909091,59.863169897377425,54.73851974707163
4746,台耀,藥,53.8,-2.1818181818181848,27781114.294999998,True,44.27690198766278,56.57982631930528,0.29,2026-06-01,False,36.36363636363637,-0.18552875695733104,0.016789963142223797,77.63347763347764,10.406666666666666,35.79545454545455,64.0909090909091,53.06818181818181,54.20454545454545,69.31818181818183,55.29545454545454,17.90193842645382,35.95275733388618
3630,新鉅科,消費性電子,26.25,1.1560693641618602,27244786.779999994,True,4.294478527607362,87.64195056780227,-5.54,2026-06-01,False,90.0,-2.7777777777777777,-0.02487220738356486,63.25301204819277,-4.296666666666667,90.05681818181817,53.40909090909091,30.113636363636363,17.613636363636363,25.681818181818183,43.375,10.832383124287343,41.27343669016274
8473,山林水,資源回收,42.85,1.9024970273484154,26955141.139999997,True,3.9473684210526314,88.51035404141616,18.1,2026-06-01,False,78.26086956521739,-5.094130675526018,-0.011523169379535066,76.51785714285715,4.586666666666666,79.0909090909091,43.52272727272727,36.81818181818181,51.02272727272727,53.06818181818181,52.70454545454545,42.53135689851767,57.28056649735669
6015,宏遠證,證券,16.05,6.29139072847682,26855073.014999997,True,25.36,70.14028056112225,270.84,2026-06-01,False,50.0,-8.547008547008547,-0.10056293872248642,70.08733624454149,-1343.4433333333336,50.73863636363637,30.795454545454547,7.954545454545454,33.97727272727273,0.45454545454545453,24.78409090909091,97.14937286202965,62.767456851871046
4532,瑞智,家電製品,23.8,0.42194092827005925,26845953.067500003,True,25.446670276123445,70.0066800267201,28.8,2026-06-01,False,68.42105263157895,-7.3929961089494105,-0.17844182211751172,81.78694158075601,12.366666666666667,69.43181818181819,35.11363636363637,2.272727272727273,64.0909090909091,73.06818181818183,48.79545454545455,56.32839224629419,63.68437078884627
4736,泰博,醫療耗材,134.0,1.9011406844106515,26838030.875,True,16.296697347049268,78.49031396125584,2.09,2026-06-01,False,57.57575757575758,4.6875,0.20324099951857227,93.37979094076655,8.469999999999999,57.840909090909086,79.60227272727273,95.56818181818181,89.77272727272727,65.11363636363636,77.57954545454545,19.327251995438996,46.83465390795065
3483,力致,電子零組件,75.1,2.176870748299309,26751107.44,True,86.5186789388197,19.772879091516366,-18.47,2026-06-01,False,34.45945945945946,-10.595238095238102,-0.02456035798689057,56.254681647940075,-8.08,33.63636363636363,23.636363636363637,30.34090909090909,8.522727272727272,18.636363636363637,22.954545454545453,4.218928164196123,30.68541385923085
5225,東科-KY,消費性電子,62.0,-1.5873015873015928,26567595.425,True,71.13682777399592,34.736138944555776,17.8,2026-06-01,False,35.0,-14.718019257221462,-0.07832934219987343,53.21888412017167,11.693333333333335,34.20454545454545,13.40909090909091,12.272727272727273,5.681818181818182,72.1590909090909,27.545454545454543,42.30330672748004,42.19514486368819
7786,東方風能,海運,130.5,0.0,26460612.9,True,38.983050847457626,60.65464261857048,18.58,2026-06-01,False,54.54545454545454,-0.38167938931297707,0.1142730891176134,44.84536082474227,-17.613333333333337,54.60227272727273,63.18181818181819,85.45454545454545,1.8181818181818181,11.136363636363637,43.23863636363636,43.21550741163056,34.11353594381673
6224,聚鼎,電子零組件,61.2,2.34113712374584,26449990.099999998,True,92.74499187872225,13.159652638610556,14.7,2026-06-01,False,22.972972972972975,-5.116279069767438,0.05390436355852236,64.42105263157895,13.25,23.295454545454543,43.40909090909091,69.6590909090909,20.0,74.43181818181817,46.159090909090914,37.45724059293045,34.335901057323525
5521,工信,營造,10.3,-0.48309178743960457,26291444.133999996,True,28.105906313645622,68.26987307949231,-0.66,2026-06-01,False,40.0,-0.4830917874396033,-0.042703303030699184,37.6599634369287,-7.48,40.17045454545455,62.727272727272734,23.068181818181817,0.6818181818181818,19.204545454545453,29.17045454545455,16.875712656784494,23.75017816419612
6651,全宇昕,半導體,138.0,0.363636363636366,26284057.425,True,73.73134328358208,32.46492985971944,19.46,2026-06-01,False,46.92307692307692,0.36363636363636365,-0.030762757538222975,81.65680473372781,6.140000000000001,47.840909090909086,66.47727272727273,27.500000000000004,63.74999999999999,58.63636363636363,52.840909090909086,44.469783352337515,47.39585492899347
6189,豐藝,電子通路,49.6,0.6085192697768749,26024082.4775,True,94.36924742826204,10.92184368737475,4.49,2026-06-01,False,7.6923076923076925,0.0,0.14827835020571295,87.63250883392226,2.92,5.965909090909091,64.94318181818181,90.0,78.29545454545455,46.81818181818182,57.20454545454545,22.462941847206388,35.44528091634705
2442,新美齊,建設,19.6,0.512820512820511,25934918.71,True,15.218658892128282,79.42551770207082,220.09,2026-06-01,False,83.05084745762711,1.5544041450777237,0.09737947858312633,65.33333333333334,97.56333333333332,84.20454545454545,71.25,81.70454545454545,22.045454545454547,97.72727272727273,71.38636363636364,96.23717217787913,57.80929304446978
6263,普萊德,通信網路,162.5,1.8808777429467183,25840037.25,True,84.67785598267461,21.77688710754843,4.21,2026-06-01,False,38.46153846153847,3.1746031746031744,0.1469600859968586,86.20689655172413,-3.7233333333333336,38.29545454545455,75.68181818181819,89.6590909090909,75.22727272727273,26.81818181818182,61.13636363636364,22.120866590649943,39.99044392038976
5474,聰泰,電腦及週邊,156.5,4.333333333333322,25766625.8,True,82.67460747157553,23.947895791583164,16.3,2026-06-01,False,27.586206896551722,0.3205128205128205,0.0702651890941073,74.34679334916865,16.776666666666667,27.84090909090909,66.36363636363637,75.56818181818183,45.34090909090909,79.88636363636363,59.0,40.535917901938426,36.83852493003006
6112,邁達特,資訊服務,46.15,-0.5387931034482762,25742481.6225,True,30.57110862262038,66.39946559786239,-2.29,2026-06-01,False,44.44444444444444,5.72737686139748,0.20198860850743747,81.39329805996472,-15.11,45.34090909090909,82.27272727272728,95.45454545454545,63.18181818181819,12.840909090909092,59.81818181818181,14.481185860889395,35.18279646522235
2243,宏旭-KY,汽車組件,41.0,1.7369727047146455,25726345.8475,True,22.530864197530864,73.48029392117569,-40.08,2026-06-01,False,75.67567567567568,-19.921875000000007,-0.0928920971728922,62.121212121212125,-37.516666666666666,76.30681818181819,6.59090909090909,8.522727272727272,16.136363636363637,5.227272727272727,22.55681818181818,1.7103762827822122,46.890662252513735
9925,新保,保全,40.1,-0.12453300124531941,25293319.122500002,True,44.39631835408771,56.312625250501,3.31,2026-06-01,False,56.41025641025641,-3.140096618357481,-0.0037043782980895773,96.62650602409639,0.5066666666666668,56.81818181818182,52.04545454545455,42.38636363636364,95.45454545454545,37.84090909090909,56.9090909090909,21.20866590649943,55.358984658443035
1720,生達,藥,56.5,0.17730496453900457,25133772.550000004,True,0.05414185165132648,97.6619906479626,9.11,2026-06-01,False,93.18181818181817,-12.130637636080866,-0.023625865524675445,86.1280487804878,6.4799999999999995,92.72727272727272,19.204545454545453,30.681818181818183,74.88636363636364,60.0,55.5,29.532497149372862,69.48539701461594
5515,建國,營造,45.9,5.154639175257736,25108120.4775,True,5.955603681645912,86.23914495657982,24.55,2026-06-01,False,80.0,9.415971394517271,0.06006907982853022,100.0,6.376666666666669,81.02272727272727,88.29545454545455,72.8409090909091,99.20454545454545,59.43181818181819,80.1590909090909,50.22805017103763,60.53996708821394
8478,東哥遊艇,機車船製造,146.0,-0.6802721088435382,24886902.975,True,4.060638873849485,88.17635270541082,76.33,2026-06-01,False,100.0,-6.41025641025641,-0.008077660695915024,63.06695464362851,92.47333333333333,98.69318181818181,38.86363636363636,39.88636363636363,17.386363636363637,97.27272727272728,58.42045454545455,86.54503990877993,65.94023724992225
2106,建大,輪胎,18.2,-3.703703703703698,24875453.220000003,True,96.83505782105904,6.145624582498329,11.6,2026-06-01,False,20.0,2.824858757062147,-0.02790730779864347,84.65116279069768,5.493333333333333,19.772727272727273,73.97727272727272,28.40909090909091,70.79545454545455,56.13636363636364,49.81818181818181,32.725199543899656,37.32902715870219
6192,巨路,電子通路,120.5,-0.4132231404958664,24782835.475,True,80.07579859231186,26.753507014028056,16.94,2026-06-01,False,26.923076923076923,0.0,-0.10719847007210559,90.2621722846442,5.2233333333333345,27.15909090909091,64.94318181818181,7.159090909090909,83.06818181818181,54.54545454545454,47.37499999999999,41.391106043329536,46.66879923810511
6532,瑞耘,電子設備,86.4,1.6470588235294237,24397561.045,True,12.398484028153762,81.89712758851036,18.65,2026-06-01,False,94.66666666666667,14.58885941644562,-0.0009278300547696696,75.78947368421053,-8.220000000000006,93.75,93.86363636363636,43.75,48.97727272727273,18.409090909090907,59.75,43.50057012542759,48.091051622265994
6235,華孚,電子零組件,39.2,0.0,24251400.7,True,22.443890274314214,73.54709418837675,-3.96,2026-06-01,False,88.51351351351352,-11.312217194570135,0.04291627414719667,51.17493472584857,2.3400000000000007,89.0909090909091,21.25,64.77272727272727,3.977272727272727,44.54545454545455,44.72727272727273,12.314709236031927,46.03322276355344
5508,永信建,建設,53.9,-1.2820512820512886,24091466.744999997,True,83.91987005955603,22.645290581162325,329.34,2026-06-01,False,10.16949152542373,-3.231597845601444,0.06168929538062452,50.37383177570093,166.54333333333332,9.204545454545453,51.47727272727273,73.52272727272727,3.6363636363636362,98.63636363636363,47.29545454545454,97.83352337514253,39.79928993469473
4167,松瑞藥,藥,18.45,0.0,23908435.6125,True,19.04036557501904,76.28590514362057,-0.18,2026-06-01,False,61.36363636363637,-13.380281690140853,-0.12359453190568893,84.43935926773455,14.023333333333333,62.61363636363636,16.93181818181818,5.909090909090909,70.3409090909091,75.11363636363636,46.18181818181817,17.559863169897376,58.39564761065616
3356,奇偶,光電及I/O,60.0,2.3890784982935065,23669467.060000002,True,1.843817787418655,91.98396793587175,24.09,2026-06-01,False,87.5,-0.49751243781094057,-0.07866697623821386,91.88361408882083,10.523333333333332,87.89772727272728,62.38636363636364,11.931818181818182,86.25,69.43181818181819,63.57954545454546,49.9429874572406,65.42608777340106
4716,大立,樹脂,17.4,-7.936507936507942,23478332.979999997,True,58.88972243060765,44.08817635270541,-0.84,2026-06-01,False,50.0,-17.535545023696695,-0.06836801462299706,71.90082644628099,6.5133333333333345,50.73863636363637,9.659090909090908,15.227272727272728,37.95454545454545,60.22727272727273,34.76136363636364,16.077537058152792,48.77790699181092
1218,泰山,油脂飼料,15.55,-0.9554140127388422,23270356.43,True,13.27823691460055,80.82832331329325,-11.86,2026-06-01,False,80.0,-4.307692307692303,-0.19498918947247715,79.33673469387756,-9.556666666666667,81.02272727272727,47.72727272727273,1.8181818181818181,57.840909090909086,17.272727272727273,41.13636363636364,6.1573546180159635,49.3234295635949
5236,凌陽創新,半導體,142.0,0.0,23181433.5,True,31.944444444444443,65.59786239144957,12.78,2026-06-01,False,80.76923076923077,-9.26517571884984,-0.12476298624459478,76.13941018766755,-7.076666666666666,81.70454545454545,28.40909090909091,5.568181818181818,50.11363636363636,19.65909090909091,37.090909090909086,34.43557582668187,59.4611666839432
7744,崴寶,電子零組件,457.5,0.9933774834437026,23084504.325,True,53.529411764705884,48.76419505678023,128.13,2026-06-01,False,72.97297297297297,-0.4352557127312296,-0.026514299050619722,75.24671052631578,15.870000000000005,74.14772727272727,63.06818181818182,29.43181818181818,47.61363636363637,78.63636363636364,58.57954545454546,93.04446978335234,62.93441290038354
2015,豐興,基本金屬,63.5,-1.7027863777089647,23000850.82,True,44.28803465078506,56.51302605210421,-9.73,2026-06-01,False,48.78048780487805,-0.78125,0.2505638884170288,90.0709219858156,-0.5099999999999998,49.43181818181818,61.25000000000001,97.72727272727273,82.1590909090909,35.11363636363637,65.13636363636365,7.98175598631699,44.58066626930652
6234,高僑,電子設備,37.35,1.9099590723056004,22841736.817500003,True,95.24368761009983,9.752839011356047,-15.81,2026-06-01,False,21.333333333333336,-11.282660332541568,0.12317651551036984,60.24193548387097,-22.45,21.59090909090909,21.477272727272727,87.04545454545455,13.40909090909091,8.863636363636363,30.47727272727273,4.903078677309008,29.606451487509073
1617,榮星,電纜,19.0,0.0,22719018.974999998,True,60.51502145922747,42.75217100868404,39.58,2026-06-01,False,10.0,-20.5020920502092,0.024172556739638525,71.16104868913858,5.873333333333328,8.977272727272727,5.909090909090909,57.15909090909091,37.04545454545455,57.61363636363637,33.34090909090909,67.7309007981756,51.96113429045299
1307,三芳,石化,30.9,-0.3225806451612967,22693895.1525,True,1.136978884677856,93.42017368069472,11.11,2026-06-01,False,94.44444444444444,-4.62962962962963,-0.06316004735661268,82.62032085561498,1.5099999999999998,93.4090909090909,45.909090909090914,16.477272727272727,67.04545454545455,41.25,52.81818181818181,32.155074116305585,61.67513216544003
5292,華懋,電子設備,187.0,4.178272980501396,22521645.25,True,80.60606060606061,26.118904475617903,-8.28,2026-06-01,False,49.333333333333336,5.352112676056338,-0.08131299722436248,70.56603773584905,-10.99,49.88636363636363,81.5909090909091,11.136363636363637,35.0,15.909090909090908,38.70454545454545,9.007981755986318,28.075859075360214
2607,榮運,貨運倉儲,50.5,3.696098562628336,22128666.305,True,23.82241472658365,71.87708750835003,25.41,2026-06-01,False,71.42857142857143,7.446808510638298,0.18702069824054204,85.16020236087691,5.366666666666667,72.67045454545455,85.79545454545455,94.20454545454545,72.72727272727273,55.45454545454545,76.17045454545455,51.425313568985175,52.75689657406447
5607,遠雄港,貨運倉儲,51.6,2.7888446215139417,21921275.3675,True,21.440173253925284,74.21509686038745,37.01,2026-06-01,False,78.57142857142857,1.1764705882352968,-0.05258111381562076,92.63913824057451,-0.023333333333333428,79.6590909090909,69.77272727272728,19.318181818181817,87.8409090909091,36.36363636363637,58.5909090909091,66.1345496009122,65.96545558204623
4952,凌通,半導體,49.45,0.9183673469387754,21562541.987500004,True,80.07579859231186,26.753507014028056,50.03,2026-06-01,False,40.0,-9.59780621572212,-0.0648345874780417,81.73553719008265,23.143333333333334,40.17045454545455,26.704545454545453,16.136363636363637,63.97727272727273,86.93181818181817,46.784090909090914,75.42759407069556,63.21769397221935
5410,國眾,電子通路,35.2,1.5873015873016039,21437858.865000002,True,12.615051434759069,81.4629258517034,11.87,2026-06-01,False,86.53846153846155,-8.452535760728217,-0.17807573142439106,73.33333333333334,-99.25333333333333,87.27272727272727,31.022727272727273,2.3863636363636367,42.38636363636364,2.272727272727273,33.06818181818182,33.0672748004561,57.92590960920493
5511,德昌,營造,72.1,1.6925246826515972,21092817.494999997,True,2.5446670276123444,90.5811623246493,3.9,2026-06-01,False,93.33333333333333,6.342182890855454,-0.10104831018920633,89.67661691542287,-3.47,92.89772727272727,83.06818181818181,7.727272727272727,81.5909090909091,27.84090909090909,58.624999999999986,21.664766248574686,53.27130519850731
4951,精拓科,半導體,80.2,-0.24875621890547706,21055605.81,True,16.557017543859647,78.28991315965264,-3.71,2026-06-01,False,85.38461538461539,-4.52380952380952,-0.01608735567319883,57.285714285714285,-2.5533333333333337,86.5909090909091,46.70454545454545,34.43181818181818,9.659090909090908,30.568181818181817,41.59090909090909,12.542759407069557,40.52205348813102
8213,志超,印刷電路板,33.3,2.304147465437789,20880243.172500003,True,97.18462371413102,5.277221108884436,26.05,2026-06-01,False,11.904761904761903,-2.7737226277372344,-0.15794306900914515,79.66507177033493,11.65,10.681818181818182,53.52272727272728,3.1818181818181817,58.86363636363636,71.70454545454545,39.59090909090909,52.223489167616876,42.061554110086036
2617,台航,海運,29.0,-0.6849315068493178,20756288.87,True,23.226854358419057,72.61189044756179,37.28,2026-06-01,False,72.72727272727273,0.1727115716753047,0.05671497080371952,86.82634730538923,10.713333333333335,73.69318181818181,65.68181818181819,71.36363636363636,76.70454545454545,70.0,71.48863636363636,66.47662485746865,62.79813348709443
3484,崧騰,電子零組件,50.4,0.3984063745019917,20752540.127499998,True,47.915538711423935,53.674014696058784,9.04,2026-06-01,False,76.35135135135135,-3.2629558541266848,-0.0004435108917702556,89.20353982300885,10.169999999999998,77.04545454545455,51.36363636363637,44.20454545454545,80.79545454545455,68.4090909090909,64.36363636363637,29.418472063854047,58.9739361977817
8045,達運光電,通信網路,52.9,0.9541984732824416,20734966.875,True,27.475247524752476,68.67067468269873,6.34,2026-06-01,False,78.84615384615384,-8.000000000000004,-0.07091027004621595,39.774436090225564,-30.76,80.0,32.61363636363636,14.431818181818182,0.9090909090909091,6.0227272727272725,26.795454545454543,25.085518814139114,43.34524333989842
7703,銳澤,電子設備,180.0,0.278551532033422,20651054.4,True,59.905660377358494,43.15297261189045,25.14,2026-06-01,False,77.33333333333333,-9.774436090225564,-0.0822940571354822,62.28373702422145,10.686666666666667,77.72727272727272,26.36363636363636,10.795454545454545,16.363636363636363,69.88636363636364,40.22727272727273,50.969213226909915,54.674121488545666
5228,鈺鎧,電子零組件,42.4,1.3142174432496878,20494080.270000003,True,56.10328638497653,46.42618570474282,35.09,2026-06-01,False,70.27027027027027,-13.995943204868153,-0.004817353467126163,55.64304461942257,-14.57333333333333,71.25,15.568181818181817,41.36363636363637,7.954545454545454,13.18181818181818,29.863636363636367,64.08209806157355,56.929615424484304
2905,三商,百貨批發,16.4,0.0,20293695.2125,True,83.89140271493213,22.712090848363392,-19.95,2026-05-01,False,9.523809523809524,5.1282051282051215,0.21416023216572616,95.906432748538,-111.84666666666666,8.352272727272728,81.02272727272727,95.9090909090909,94.43181818181819,1.9318181818181817,56.32954545454546,3.6488027366020526,31.352541593241426
4303,信立,石化,47.0,5.3811659192825045,20275941.990000002,True,59.09090909090909,43.820975283901134,-10.0,2026-06-01,False,50.0,3.070175438596488,0.15658941829476056,56.287425149700596,-14.543333333333333,50.73863636363637,75.22727272727273,91.36363636363637,8.636363636363637,13.295454545454547,47.85227272727273,7.8677309007981755,23.00386454338136
4163,鐿鈦,醫療耗材,139.0,-4.467353951890029,20271730.55,True,99.78343259339469,1.3694054776219104,7.69,2026-06-01,False,3.0303030303030303,9.448818897637794,0.07559075492548549,92.66666666666666,-4.333333333333333,1.9318181818181817,88.4090909090909,77.72727272727272,88.06818181818183,25.454545454545453,56.31818181818181,27.822120866590648,32.35325748937494
2636,台驊控股,貨運倉儲,67.6,-0.7342143906020504,20184218.265,True,78.1266919328641,28.32331329325317,25.18,2026-06-01,False,21.428571428571427,5.1321928460342106,0.18049128651412766,92.6027397260274,9.733333333333333,21.761363636363637,81.13636363636364,93.86363636363636,87.61363636363636,67.95454545454545,70.4659090909091,51.197263397947545,44.85897494039598
6546,正基,通信網路,68.0,9.854604200323113,19753530.180000003,True,27.582846003898638,68.5370741482966,-0.77,2026-06-01,False,76.92307692307693,3.816793893129771,-0.016890813049995786,75.55555555555556,1.98,77.5,77.89772727272727,33.97727272727273,48.75,43.06818181818181,56.23863636363635,16.476624857468643,41.20722439618534
2364,倫飛,電腦及週邊,78.5,3.289473684210531,19398297.09,True,35.86800573888092,62.859051436205746,60.06,2026-06-01,False,75.86206896551724,12.142857142857142,0.19578552889732184,70.4035874439462,21.990000000000002,76.47727272727273,91.36363636363637,95.22727272727273,34.43181818181818,85.79545454545455,76.65909090909092,80.50171037628279,50.01179123043433
3031,佰鴻,光電及I/O,23.3,1.5250544662309462,19280339.832500003,True,95.23551705468327,9.886439545758183,27.04,2026-06-01,False,15.277777777777779,-18.24561403508772,-0.03636528986256954,67.53623188405797,1.3533333333333317,14.204545454545455,8.522727272727272,25.227272727272727,27.954545454545453,40.45454545454545,23.272727272727273,54.618015963511965,47.063594899968905
9942,茂順,汽車組件,116.0,-1.276595744680853,19248246.0,True,61.451001624255554,42.35136940547763,26.64,2026-06-01,False,43.24324324324324,-5.3061224489795915,0.07525781284540321,92.43027888446214,9.506666666666668,43.97727272727273,42.5,77.5,87.5,67.38636363636363,63.77272727272727,53.70581527936146,60.67077200165855
3588,通嘉,半導體,55.4,-0.7168458781361964,19222142.625000004,True,89.2542571931885,17.167668670674683,46.38,2026-06-01,False,29.230769230769234,-11.50159744408946,-0.10862781691332538,72.99077733860342,18.636666666666667,28.97727272727273,20.909090909090907,7.045454545454545,41.13636363636364,81.93181818181819,36.0,72.74800456100343,55.48813750388722
4533,協易機,機械,26.8,0.3745318352059934,19053523.0875,True,97.4171813587872,4.809619238476954,0.49,2026-06-01,False,2.941176470588235,-6.129597197898424,-0.0016000123425723516,64.96969696969697,-5.079999999999999,1.8181818181818181,40.0,43.63636363636363,21.136363636363637,23.977272727272727,26.113636363636363,18.358038768529074,25.32814605576863
6994,富威電力,公用事業,36.6,0.826446280991755,18984085.380000003,True,6.315789473684211,85.97194388777555,26.62,2026-06-01,False,66.66666666666666,-11.380145278450355,-0.031689020213710076,36.05911330049261,-4.876666666666669,67.5,21.022727272727273,27.15909090909091,0.45454545454545453,24.431818181818183,28.113636363636363,53.534777651083246,50.116648958225355
8476,台境*,資源回收,20.15,1.2562814070351758,18851046.500000004,True,76.55038759689923,29.458917835671343,66.05,2026-06-01,False,30.434782608695656,-10.44444444444445,-0.06746508400298654,81.41414141414141,74.47333333333333,30.056818181818183,24.204545454545453,15.454545454545453,63.29545454545455,96.47727272727272,45.897727272727266,83.12428734321551,63.0680036539857
2641,正德,海運,17.5,1.156069364161838,18828433.1825,True,21.59468438538206,74.08149632598531,4.73,2026-06-01,False,81.81818181818183,-1.1299435028248548,-0.0373621299028223,77.43362831858407,0.9333333333333336,82.89772727272727,59.65909090909091,25.0,53.86363636363637,39.659090909090914,52.2159090909091,23.033067274800455,50.033835000518295
6292,迅德,電子零組件,66.3,0.9132420091324089,18799043.5725,True,53.70871683811587,48.63059452237809,20.24,2026-06-01,False,72.2972972972973,22.324723247232463,-0.009882689250641485,94.8497854077253,-22.33666666666667,73.29545454545455,97.61363636363637,38.06818181818182,92.95454545454545,8.977272727272727,62.18181818181819,45.49600912200684,53.53309318959262
6574,霈方,化妝美容,132.0,-5.035971223021585,18662232.8,True,0.0,98.9311957247829,73.91,2026-06-01,False,100.0,0.7633587786259541,0.012555552069189782,85.71428571428571,27.096666666666664,98.69318181818181,68.63636363636364,51.13636363636363,73.63636363636363,89.31818181818181,76.2840909090909,85.97491448118586,72.41702407484192
5608,四維航,海運,14.3,2.508960573476715,18491384.94,True,94.26229508196722,11.088844355377422,21.83,2026-06-01,False,9.090909090909092,-1.0380622837370144,0.014196882785316944,68.91566265060241,10.283333333333331,7.784090909090908,59.88636363636364,51.81818181818182,31.477272727272727,69.0909090909091,44.01136363636364,47.776510832383124,31.78787770809578
6026,福邦證,證券,14.65,5.017921146953408,18454271.525,True,31.085918854415272,65.99866399465598,1448.39,2026-06-01,False,37.5,-2.333333333333331,-0.13882622838700948,75.90673575129534,809.6866666666667,37.04545454545455,55.00000000000001,4.318181818181818,49.54545454545455,99.77272727272727,49.13636363636364,99.65792474344356,57.81220845858816
3257,虹冠電,半導體,52.0,0.38610038610038533,18432324.8275,True,39.415268002165675,60.387441549766194,-42.5,2026-06-01,False,78.46153846153847,-10.499139414802068,-0.0232010860351346,66.41123882503193,3.280000000000001,79.43181818181819,24.09090909090909,30.795454545454547,24.31818181818182,48.06818181818181,41.340909090909086,1.3683010262257698,45.25684798382917
6568,宏觀,半導體,140.0,0.35842293906809264,18335625.9,True,39.63183540877098,60.25384101536406,11.01,2026-06-01,False,77.6923076923077,-9.385113268608414,0.16610741401007867,51.09489051094891,2.073333333333334,78.06818181818181,27.84090909090909,92.5,3.75,43.52272727272727,49.13636363636364,31.870011402508553,46.461821032445314
6161,捷波,電腦及週邊,54.0,1.6949152542372836,18238542.8525,True,54.141851651326476,48.43019372077488,42.67,2026-06-01,False,62.06896551724138,-1.8181818181818181,0.07258004932429589,83.07692307692308,-5.263333333333335,63.29545454545455,57.27272727272727,76.02272727272728,68.125,23.522727272727273,57.64772727272727,70.2394526795895,61.09679498807919
3130,一零四,數位雲端,207.0,1.9704433497536922,18127094.575,True,2.2198159177043855,91.18236472945893,7.87,2026-06-01,False,86.95652173913044,1.4705882352941175,-0.45498739362488894,90.39301310043668,-1.3333333333333348,87.5,70.68181818181817,0.11363636363636363,83.52272727272727,32.84090909090909,54.93181818181817,28.164196123147097,57.12627630351405
2530,華建,建設,19.4,0.7792207792207684,18104973.154999997,True,44.13727359389895,56.84702738810955,-96.97,2026-06-01,False,49.152542372881356,1.3054830287206267,0.07521676946135852,58.78787878787879,0.7666666666666799,49.54545454545455,70.22727272727273,77.38636363636363,11.363636363636363,38.63636363636363,49.43181818181818,0.22805017103762829,22.727467088213952
6561,是方,通信網路,329.0,1.3867488443759735,18041431.125,True,3.84407146724418,88.77755511022045,10.18,2026-06-01,False,90.38461538461539,1.2307692307692308,0.10177702930279556,72.07009857612267,15.64,90.22727272727272,69.88636363636364,82.5,38.52272727272727,78.18181818181819,71.86363636363636,30.786773090079816,47.412602363429045
2033,佳大,基本金屬,22.0,7.055961070559613,17845990.6725,True,43.923240938166316,57.11422845691383,-28.85,2026-06-01,False,51.21951219512195,46.666666666666664,0.020640950431361608,100.0,-22.64666666666667,51.70454545454546,99.77272727272727,55.22727272727273,99.20454545454545,8.75,62.93181818181817,2.8506271379703536,38.4967476935835
6204,艾華,電子零組件,85.5,6.211180124223592,17839543.369999997,True,87.70979967514889,18.637274549098194,8.99,2026-06-01,False,31.756756756756754,-0.812064965197219,0.029716056687899298,68.4,0.9666666666666668,31.363636363636367,61.13636363636363,59.31818181818181,30.113636363636363,39.77272727272727,44.34090909090909,29.19042189281642,32.38283274593138
6126,信音,電子零組件,30.55,-0.32626427406198255,17785518.4475,True,94.15268002165675,11.356045424181696,59.02,2026-06-01,False,18.243243243243242,-7.424242424242422,-0.12594958232572462,71.04651162790698,4.4466666666666725,18.06818181818182,35.0,5.340909090909091,36.47727272727273,52.61363636363636,29.5,80.27366020524515,49.954778687674924
2423,固緯,電子設備,75.0,2.8806584362139898,17732627.665,True,83.75744450460205,22.84569138276553,26.66,2026-06-01,False,42.66666666666667,-11.556603773584904,0.05463392783498086,88.44339622641509,6.286666666666665,43.29545454545455,20.56818181818182,70.0,79.88636363636363,59.26136363636364,54.60227272727273,53.81984036488028,64.10836918212917
1522,堤維西,汽車組件,28.5,0.8849557522123908,17559018.0675,True,81.59177043854899,25.18370073480294,70.02,2026-06-01,False,24.324324324324326,-5.315614617940204,0.04874777216319424,53.97727272727273,15.720000000000006,24.943181818181817,42.38636363636364,67.38636363636363,6.25,78.4090909090909,43.87499999999999,84.49258836944128,43.32485163781486
2745,五福,旅行社,88.5,-0.33783783783783994,17383478.305,True,3.8461538461538463,88.67735470941884,5.98,2026-06-01,False,100.0,-14.492753623188406,-0.16727899918676767,70.8,-7.366666666666669,98.69318181818181,13.977272727272727,2.840909090909091,35.68181818181818,19.318181818181817,34.10227272727273,24.401368301026224,61.199773893438376
1256,鮮活果汁-KY,飲料乳品,180.0,0.278551532033422,17336105.2,True,22.30644288034651,73.61389445557782,52.28,2026-06-01,False,80.0,-4.509283819628647,0.04290518782795129,85.91885441527445,8.233333333333341,81.02272727272727,46.81818181818182,64.6590909090909,74.31818181818181,64.43181818181817,66.25,77.08095781071836,71.4009212708614
5312,寶島科,醫藥通路,88.9,0.22547914317925244,17246867.18,True,22.631293990254466,73.34669338677354,9.54,2026-06-01,False,55.55555555555556,-1.0022271714921955,-0.03768291689915245,74.39330543933055,-4.100000000000001,55.79545454545455,60.340909090909086,24.772727272727273,45.56818181818182,26.25,42.54545454545455,29.98859749144812,42.752831191043846
3219,倚強科,電子設備,73.6,1.377410468319562,17164427.43,True,19.971367215461704,75.48430193720776,26.07,2026-06-01,False,92.0,-0.13568521031208755,-0.016251975943315046,67.21461187214611,-5.513333333333332,91.5909090909091,64.31818181818181,34.20454545454545,26.704545454545453,23.18181818181818,48.0,52.451539338654506,51.607203016481805
1104,環泥,水泥製造,26.65,0.0,17007324.8325,True,32.43096913914456,65.19706078824315,-18.91,2026-06-01,False,85.71428571428571,-0.7448789571694705,-0.07510296564294125,81.37404580152672,-10.273333333333333,86.81818181818181,61.59090909090909,13.18181818181818,63.06818181818182,16.590909090909093,48.25,3.990877993158495,48.07158313465326
5450,南良,其他化學,15.0,-0.990099009900991,16991160.37,True,83.729216152019,22.912491649966597,21.66,2026-06-01,False,18.75,3.806228373702427,0.002271958851800121,80.0,4.296666666666667,18.522727272727273,77.72727272727272,45.34090909090909,59.65909090909091,52.04545454545455,50.659090909090914,47.32041049030787,36.94373898621333
2387,精元,光電及I/O,37.05,-0.2691790040376896,16973734.18,True,68.35372636262514,36.74014696058784,-17.57,2026-06-01,False,38.88888888888889,-4.878048780487819,-0.16283158345975812,80.1081081081081,-4.503333333333332,39.03409090909091,44.77272727272727,2.9545454545454546,59.77272727272728,25.227272727272727,34.352272727272734,4.4469783352337515,39.620267311081165
8076,伍豐,電腦及週邊,23.7,0.0,16884488.702499997,True,77.3224043715847,28.92451569806279,8.5,2026-06-01,False,31.03448275862069,-1.659751037344407,-0.0911158259900379,82.86713286713287,-23.05333333333333,30.795454545454547,57.840909090909086,9.204545454545453,67.72727272727272,8.522727272727272,34.81818181818182,28.96237172177879,42.411047475899245
7728,光焱科技,電子設備,600.0,0.33444816053511683,16820825.45,True,54.26136363636363,48.296593186372746,114.18,2026-06-01,False,81.33333333333333,-10.979228486646884,0.08034677250175246,66.88963210702342,75.94,82.38636363636364,22.727272727272727,78.4090909090909,26.30681818181818,96.70454545454545,61.30681818181819,91.9042189281642,69.46753200476832
3169,亞信,半導體,101.5,-0.4901960784313708,16708967.530000001,True,58.36491608012994,44.62257849031396,31.41,2026-06-01,False,63.07692307692307,-0.49019607843137253,-0.023168953788447202,82.52032520325203,19.83,64.43181818181817,62.5,30.909090909090907,66.47727272727273,83.75,61.61363636363636,59.521094640820984,56.98254638747797
6218,豪勉,資訊服務,36.15,1.118881118881121,16661418.267499998,True,46.65127020785219,54.50901803607214,14.55,2026-06-01,False,33.33333333333333,-0.8230452674897236,0.030680257014212165,80.15521064301552,-10.189999999999998,32.44318181818181,61.02272727272727,60.11363636363637,60.0,16.704545454545457,46.05681818181819,37.172177879133415,42.14815810614699
6756,威鋒電子,半導體,98.2,-1.7017017017017078,16599205.669999998,True,71.44948755490483,34.2685370741483,50.06,2026-06-01,False,50.76923076923077,-2.7722772277227694,0.0604533628913227,87.28888888888889,22.88,51.590909090909086,53.63636363636364,73.18181818181819,77.5,86.47727272727272,68.47727272727272,75.59863169897378,62.76329428837981
6122,擎邦,工程承攬,46.6,-0.1071811361200381,16593555.382500002,True,23.046875,72.812291249165,20.25,2026-06-01,False,60.0,-12.24105461393597,-0.13227782620021877,74.32216905901117,24.19333333333333,60.79545454545454,18.863636363636363,4.659090909090909,45.11363636363636,87.72727272727273,43.43181818181819,45.61003420752566,58.16387218824505
2612,中航,海運,55.0,1.6635859519408491,16525297.694999998,True,25.16268980477224,70.34068136272545,11.7,2026-06-01,False,63.63636363636363,0.5484460694698302,0.049201494075112054,73.7265415549598,0.7799999999999976,64.77272727272727,67.72727272727272,67.8409090909091,43.52272727272727,38.86363636363636,56.54545454545455,32.839224629418474,43.351851611900074
5452,佶優,電子通路,27.2,1.303538175046537,16517932.775,True,55.93314763231197,46.760187040748164,6.69,2026-06-01,False,57.692307692307686,-8.108108108108116,0.05076136779359975,68.94803548795943,0.1966666666666672,58.18181818181818,32.27272727272727,68.29545454545455,31.590909090909093,37.15909090909091,45.5,25.997719498289623,45.8744298745724
2511,太子,建設,8.29,0.48484848484846577,16515466.050999999,True,57.11965349214944,45.62458249832999,76.56,2026-06-01,False,33.89830508474576,-2.927400468384075,-0.09106996447765695,87.26315789473684,55.986666666666665,33.29545454545455,52.72727272727272,9.318181818181818,77.38636363636363,96.13636363636363,53.772727272727266,86.65906499429875,61.153402612211046
5530,龍巖,靈骨塔,49.35,-0.6042296072507503,16479551.917499999,True,89.98375744450459,16.39946559786239,-8.33,2026-06-01,False,16.497975708502025,3.0271398747390457,0.1308399884762806,84.79381443298969,0.45000000000000107,15.795454545454547,75.0,88.06818181818183,71.13636363636363,37.72727272727273,57.54545454545455,8.893956670467503,30.20644371307142
3548,兆利,電子零組件,77.8,3.595206391478034,16301378.895,True,97.61775852734164,4.442217768871076,7.06,2026-06-01,False,6.418918918918918,-3.354037267080749,0.1605928035229096,61.501976284584984,17.073333333333334,4.488636363636363,51.13636363636363,91.81818181818183,15.227272727272728,80.22727272727272,48.57954545454545,26.795895096921324,23.843860137866695
2419,仲琦,通信網路,24.95,1.2170385395537497,16112647.247499999,True,96.771714066103,6.346025384101536,-0.67,2026-06-01,False,11.538461538461538,-8.608058608058613,0.10787636201170457,66.09271523178808,14.84,10.397727272727272,30.34090909090909,84.31818181818181,23.636363636363637,77.27272727272727,45.19318181818181,16.76168757126568,30.113717347361874
3444,利機,電子通路,77.9,2.0969855832241313,15895007.180000002,True,82.29561451001625,24.11489645958584,17.06,2026-06-01,False,23.076923076923077,-6.370192307692305,-0.05651100455316912,66.29787234042553,12.083333333333332,23.579545454545457,39.20454545454545,18.06818181818182,24.09090909090909,72.61363636363637,35.51136363636364,41.50513112884835,37.49276005493936
6841,長佳智能,醫療耗材,54.2,-2.517985611510787,15826352.64,True,70.64846416382252,35.337341349365396,6.13,2026-06-01,False,15.151515151515152,-15.047021943573661,-0.12398558562933955,65.45893719806763,-6.066666666666667,13.977272727272727,12.5,5.795454545454545,22.386363636363637,21.363636363636363,15.204545454545453,24.629418472063854,37.12326370892505
2468,華經,資訊服務,34.75,0.43352601156068094,15731083.147499999,True,55.495397942609635,47.09418837675351,49.98,2026-06-01,False,24.444444444444443,-7.0855614973262,0.06009504798970251,56.41233766233766,47.343333333333334,25.113636363636367,36.13636363636364,72.95454545454545,8.863636363636363,94.77272727272728,47.56818181818183,75.25655644241733,43.2743663833316
6741,91APP*-KY,數位雲端,55.8,0.540540540540535,15644816.264999997,True,0.9448818897637795,93.9879759519038,32.45,2026-06-01,False,95.65217391304348,-3.793103448275867,0.27262163423508795,64.13793103448275,0.393333333333338,94.60227272727273,49.43181818181818,98.4090909090909,19.545454545454547,37.5,59.89772727272727,60.889395667046756,56.40132618948897
8341,日友,資源回收,76.6,-0.39011703511054874,15576789.620000001,True,0.0,98.9311957247829,6.99,2026-06-01,False,95.65217391304348,0.5249343832020885,0.17140235102395196,83.71584699453551,-16.006666666666668,94.60227272727273,67.5,93.06818181818181,69.54545454545455,12.5,67.44318181818183,26.567844925883694,55.80389304965274
6465,威潤,通信網路,47.5,1.6042780748663166,15552600.9325,True,1.171875,93.25317301269205,42.29,2026-06-01,False,94.23076923076923,-18.103448275862068,-0.03809120928681893,66.7134831460674,-55.34000000000001,93.23863636363636,8.75,24.659090909090907,25.454545454545453,4.204545454545454,31.261363636363637,69.89737742303306,69.96013981030372
6894,衛司特,資源回收,338.5,-1.8840579710144967,15477548.8,True,23.24159021406728,72.54509018036072,44.54,2026-06-01,False,60.86956521739131,-3.2857142857142856,-0.09876306828459691,82.76283618581907,-30.663333333333334,61.98863636363636,51.24999999999999,8.181818181818182,67.38636363636363,6.136363636363637,38.98863636363636,71.72177879133409,62.46169469783352
3066,李洲,光電及I/O,23.75,9.953703703703699,15458437.0775,True,0.06702412868632708,97.26118904475618,49.95,2026-06-01,False,98.61111111111111,-6.311637080867856,-0.05394935048337624,78.64238410596026,-2.213333333333331,96.70454545454545,39.659090909090914,18.863636363636363,56.59090909090909,31.363636363636367,48.63636363636364,75.0285062713797,72.16621747693583
5457,宣德,電子零組件,27.9,-2.2767075306479923,15353450.344999999,True,89.7671900378993,16.7000668002672,2.95,2026-06-01,False,29.72972972972973,-11.004784688995224,-0.1854116579476959,53.965183752417786,2.62,29.43181818181818,22.613636363636363,2.0454545454545454,6.136363636363637,45.68181818181819,21.181818181818183,20.524515393386544,33.369765211983
7780,大研生醫*,藥,16.8,0.0,15324454.612500003,True,0.0,98.9311957247829,37.7,2026-06-01,False,97.72727272727273,-5.882352941176474,-0.052728021610194506,4.8554913294797695,1.9266666666666694,96.13636363636363,40.22727272727273,19.204545454545453,0.11363636363636363,42.72727272727273,39.68181818181818,66.81870011402509,55.71035684668809
6133,金橋,電子零組件,22.25,1.1363636363636465,15281671.4475,True,28.387533875338754,68.00267201068804,15.35,2026-06-01,False,87.16216216216216,-4.71092077087795,-0.07434387292012898,76.8566493955095,8.033333333333333,87.61363636363636,45.56818181818182,13.636363636363635,52.27272727272727,63.97727272727273,52.61363636363636,38.19840364880274,58.12914636674614
5484,慧友,光電及I/O,41.8,0.23980815347719453,15181960.8625,True,30.158730158730158,67.13426853707415,224.33,2026-06-01,False,73.61111111111111,-12.552301255230125,-0.00985626289026287,72.19343696027633,93.17000000000002,74.77272727272727,18.295454545454547,38.18181818181819,38.75,97.5,53.5,96.46522234891675,72.92312376904736
4555,氣立,機械,50.1,4.702194357366762,15160227.872499999,True,79.73372781065089,26.9873079492318,24.67,2026-06-01,False,14.705882352941178,3.6194415718717683,0.09745447805616539,86.23063683304647,7.290000000000003,13.636363636363635,77.1590909090909,81.81818181818183,75.3409090909091,62.272727272727266,62.04545454545455,50.51311288483467,40.58282367575412
2427,三商電,資訊服務,21.75,0.23041474654377225,15111442.207500001,True,43.80075798592312,57.214428857715426,-11.68,2026-06-01,False,35.55555555555556,-15.697674418604654,0.02775042776724417,74.48630136986301,6.399999999999999,34.659090909090914,11.59090909090909,58.52272727272727,45.79545454545455,59.88636363636364,42.090909090909086,6.2713797035347785,43.783754016792784
2453,凌群,資訊服務,52.7,0.9578544061302763,15021351.535,True,48.07796426637791,53.44021376085505,5.79,2026-06-01,False,31.11111111111111,-1.3108614232209659,0.052576109166124436,82.47261345852895,0.5366666666666662,31.022727272727273,59.09090909090909,69.20454545454545,66.36363636363637,38.18181818181819,52.77272727272727,24.287343215507413,40.64569944024049
6996,力領科技,半導體,178.0,0.8498583569405138,14929144.275,True,15.308641975308642,79.29191716766867,49.96,2026-06-01,False,86.92307692307692,-1.9283746556473829,-0.05135214823845734,87.90123456790123,6.829999999999998,87.38636363636364,56.93181818181819,19.65909090909091,78.97727272727273,61.25000000000001,60.840909090909086,75.14253135689853,71.14358738467918
5263,智崴,其他電子,91.0,-3.9070749736008437,14900586.975,True,70.72784810126582,35.27054108216433,90.23,2026-06-01,False,35.29014844804318,-9.0,-0.06889942044404099,72.8,19.10333333333334,34.43181818181818,29.09090909090909,15.113636363636363,40.45454545454545,82.61363636363637,40.340909090909086,89.16761687571265,58.7407678552918
6909,創控,電子設備,41.9,2.6960784313725616,14824501.735,True,72.09302325581395,33.93453573814295,-32.1,2026-06-01,False,66.66666666666666,-12.617309697601675,-0.07863743165331302,62.72455089820359,-56.766666666666666,67.5,18.181818181818183,12.045454545454545,17.15909090909091,3.977272727272727,23.772727272727273,2.280501710376283,42.18944360941225
1584,精剛,基本金屬,18.0,0.5586592178770999,14575132.34,True,49.714285714285715,52.17100868403474,-3.21,2026-06-01,False,41.46341463414634,-10.891089108910888,-0.01586769912590886,64.40071556350627,10.263333333333335,42.04545454545455,23.295454545454543,34.659090909090914,19.886363636363637,68.97727272727273,37.77272727272727,12.998859749144811,37.90880584637711
1558,伸興,機械,97.0,1.6771488469601525,14550248.874999996,True,38.17000541418516,61.18904475617902,7.56,2026-06-01,False,82.35294117647058,4.301075268817205,0.06893756312883187,92.82296650717703,1.8399999999999999,83.29545454545455,78.63636363636364,75.22727272727273,88.52272727272728,42.04545454545455,73.54545454545456,27.366020524515395,55.1369596765834
6117,迎廣,電子零組件,66.8,0.4511278195488577,14535368.629999999,True,6.784968684759916,85.77154308617234,-11.35,2026-06-01,False,97.2972972972973,-2.052785923753674,-0.019493482919872962,69.72860125260961,-7.3533333333333335,95.85227272727272,56.25,32.84090909090909,33.18181818181819,19.43181818181818,47.51136363636364,6.670467502850627,44.86363960298539
8499,鼎炫-KY,其他電子,265.5,0.18867924528302993,14496830.3,True,92.31185706551163,13.560454241816966,116.29,2026-06-01,False,13.630229419703104,-12.08609271523179,-0.17162905669404355,66.70854271356784,17.143333333333345,12.613636363636363,19.43181818181818,2.5,25.340909090909093,80.45454545454545,28.06818181818182,92.13226909920182,52.66374909298227
6570,維田,電腦及週邊,57.3,0.5263157894736858,14451628.905000001,True,91.06659447753113,14.729458917835672,23.79,2026-06-01,False,15.517241379310345,14.829659318637272,0.03158162944839592,87.48091603053435,1.9233333333333356,15.0,94.31818181818183,60.68181818181818,78.06818181818181,42.61363636363637,58.13636363636364,49.82896237172178,37.14474059293045
2247,汎德永業,車輛買賣,228.5,-0.21834061135370675,14448110.85,True,88.7244538407329,17.90247160988644,-6.99,2026-06-01,False,17.94871794871795,-0.6521739130434783,0.269157544026654,73.35473515248796,13.173333333333334,17.5,61.93181818181818,98.18181818181819,42.5,74.0909090909091,58.8409090909091,9.692132269099202,26.940078521820254
1537,廣隆,電子零組件,127.5,0.3937007874015741,14278232.225,True,64.26637791012453,39.57915831663327,14.05,2026-06-01,False,62.16216216216216,0.7905138339920948,0.1202330276471455,87.93103448275862,9.416666666666668,63.465909090909086,68.75,86.36363636363636,79.0909090909091,67.1590909090909,72.96590909090908,35.91790193842645,52.43118003006116
3558,神準,通信網路,130.0,0.0,14026624.075,True,99.83757444504602,0.9018036072144289,5.74,2026-06-01,False,3.8461538461538463,-7.142857142857142,0.1882856264131918,72.62569832402235,15.183333333333334,2.6136363636363633,35.79545454545455,94.31818181818183,39.43181818181819,77.8409090909091,50.00000000000001,24.059293044469783,32.57732326111744
4119,旭富,藥,55.1,4.15879017013232,14019981.752499998,True,94.11418481459683,11.422845691382765,36.15,2026-06-01,False,6.8181818181818175,19.782608695652176,0.09630570883473875,89.44805194805194,55.30333333333333,4.886363636363637,96.5909090909091,81.36363636363636,81.25,95.9090909090909,72.0,65.05131128848348,38.6491914584845
5609,中菲行,貨運倉儲,78.7,-0.8816120906801062,13985936.709999999,True,61.88413643746616,41.81696726786907,35.26,2026-06-01,False,35.714285714285715,-0.7566204287515692,0.17012920576086948,93.80214541120381,6.496666666666666,34.88636363636364,61.47727272727273,92.95454545454545,90.3409090909091,60.11363636363637,67.95454545454545,64.42417331812999,57.043543329532504
1586,和勤,電子零組件,18.35,0.2732240437158584,13982154.945000002,True,90.23494860499267,15.764863059452239,25.16,2026-06-01,False,29.054054054054053,-2.1333333333333258,0.04701835174371945,60.361842105263165,12.536666666666665,28.749999999999996,55.90909090909091,66.70454545454545,13.636363636363635,73.4090909090909,47.68181818181818,51.08323831242873,34.39012775992536
4909,新復興,印刷電路板,39.15,2.08604954367666,13975896.0,True,61.76470588235294,41.95056780227121,-11.94,2026-06-01,False,76.19047619047619,-6.896551724137928,0.19207617257280074,56.08882521489972,-18.229999999999997,76.93181818181817,36.93181818181818,94.54545454545455,8.295454545454547,10.795454545454545,45.49999999999999,5.929304446978335,38.55618974810822
4137,麗豐-KY,化妝美容,94.1,-1.9791666666666763,13966423.0,True,11.586356253383865,82.79893119572478,22.6,2026-06-01,False,66.66666666666666,-2.284527518172381,0.024671586806126484,80.7725321888412,18.44,67.5,55.11363636363637,57.27272727272727,61.81818181818181,81.5909090909091,64.6590909090909,48.574686431014825,55.69480797139006
4133,亞諾法,醫療耗材,20.9,-0.23866348448687846,13956514.167499999,True,93.02995391705069,12.692050768203073,-6.41,2026-06-01,False,9.090909090909092,2.200488997555009,-0.023932155187456106,72.06896551724138,-2.9133333333333336,7.784090909090908,72.5,30.568181818181817,38.40909090909091,30.227272727272727,35.897727272727266,10.148232611174459,20.96035360733907
4164,承業醫,醫療耗材,27.25,2.0599250936329527,13908515.069999998,True,55.98267460747157,46.65998663994656,-38.16,2026-06-01,False,24.242424242424242,-1.6245487364620912,0.04998701414596176,52.70793036750483,-59.44333333333333,24.659090909090907,57.95454545454546,68.06818181818181,5.0,3.6363636363636362,31.863636363636363,1.9384264538198404,18.41074297709132
1442,名軒,建設,29.65,-0.6700167504187671,13793730.4875,True,37.240605720695456,61.857047428189716,26.79,2026-06-01,False,55.932203389830505,2.2413793103448225,-0.0037403679886356387,44.056463595839524,49.52666666666667,56.36363636363636,72.61363636363637,42.27272727272727,1.5909090909090908,95.11363636363637,53.5909090909091,54.0478905359179,34.84719990670675
1568,倉佑,汽車組件,28.9,1.403508771929829,13786159.007500002,True,24.071925754060324,71.60988643954576,18.2,2026-06-01,False,72.97297297297297,-8.688783570300158,-0.008160235874626904,58.032128514056225,-0.5399999999999991,74.14772727272727,30.0,39.659090909090914,10.681818181818182,35.0,37.89772727272727,42.64538198403649,49.368731859645486
3518,柏騰,其他電子,28.3,1.433691756272415,13670317.875,True,4.702194357366771,87.24114896459587,-42.36,2026-06-01,False,87.4493927125506,-3.0821917808219133,-0.12581418839236197,72.75064267352185,-4.723333333333329,87.72727272727273,52.27272727272727,5.454545454545454,40.0,24.886363636363637,42.06818181818182,1.4823261117445838,44.234217891572506
3178,公準,電子設備,58.8,1.2048192771084265,13599594.655000005,True,95.41939321832243,9.55243820975284,36.03,2026-06-01,False,20.0,-8.553654743390359,0.023330675422593275,79.13862718707941,21.623333333333335,19.772727272727273,30.681818181818183,56.81818181818182,57.61363636363637,85.3409090909091,50.04545454545455,64.88027366020525,52.896204778687675
3622,洋華,光電及I/O,55.1,0.36429872495447047,13496412.064999998,True,6.670281995661605,85.83834335337342,-19.47,2026-06-01,False,84.72222222222221,0.0,-0.034116767081264814,75.47945205479452,-19.093333333333334,85.79545454545455,64.94318181818181,25.90909090909091,48.52272727272727,10.454545454545453,47.125,3.762827822120866,43.28445695553022
4306,炎洲,石化,14.5,1.3986013986013957,13465899.382499998,True,85.16247700797057,21.175684702738813,19.9,2026-06-01,False,16.666666666666664,-2.684563758389264,0.04074404840032594,87.6132930513595,-8.09333333333333,16.022727272727273,53.75,63.97727272727273,78.18181818181819,18.522727272727273,46.09090909090909,44.81185860889396,46.31660101585985
4104,佳醫,醫療耗材,71.2,-0.41958041958041203,13401325.605,True,58.41905793178127,44.48897795591182,16.07,2026-06-01,False,18.181818181818183,-1.521438450899024,0.048876658032862036,80.54298642533936,6.08,17.84090909090909,58.06818181818182,67.61363636363636,60.909090909090914,58.52272727272727,52.590909090909086,39.85176738882554,40.133396392660934
1734,杏輝,藥,31.7,0.47543581616480424,13357782.907499999,True,29.82456140350877,67.26786907147628,3.78,2026-06-01,False,40.909090909090914,-3.5007610350076166,-0.0824920264376429,93.78698224852072,-3.4466666666666668,41.36363636363637,50.79545454545455,10.681818181818182,90.22727272727272,28.18181818181818,44.25,21.55074116305587,50.586548927127595
3051,力特,光電及I/O,23.25,0.4319654427645814,13347484.58,True,78.57689364957919,28.122912491649966,42.47,2026-06-01,False,33.33333333333333,-2.9227557411273457,0.028872462286574738,75.48701298701297,18.016666666666666,32.44318181818181,52.95454545454545,59.09090909090909,48.63636363636364,81.36363636363636,54.89772727272727,70.01140250855188,49.534100627137974
1732,毛寶,清潔劑,26.5,1.5325670498084198,13330862.52,True,12.507516536380036,81.62992651970607,10.02,2026-06-01,False,80.0,0.37878787878788417,0.028033737073412456,79.34131736526946,1.373333333333333,81.02272727272727,66.70454545454545,58.75,57.95454545454546,40.56818181818182,61.0,30.558722919042193,50.70786254794237
6902,GOGOLOOK,資訊服務,130.0,1.5625,13049458.55,True,0.0,98.9311957247829,36.46,2026-06-01,False,97.77777777777777,-2.2556390977443606,0.04544051592063878,88.13559322033898,8.023333333333333,96.25,55.45454545454545,66.02272727272728,79.54545454545455,63.74999999999999,72.20454545454545,65.67844925883695,71.50483958743652
1789,神隆,藥,18.85,-0.5277044854881119,13006523.56,True,99.83757444504602,0.9018036072144289,-3.91,2026-06-01,False,3.4090909090909087,-9.59232613908873,-0.061044045392941476,66.72566371681417,4.306666666666667,2.3295454545454546,26.81818181818182,17.15909090909091,25.795454545454543,52.159090909090914,24.85227272727273,12.428734321550742,28.43388812584223
3025,星通,通信網路,56.7,3.0909090909090997,12940993.205,True,3.140227395776936,89.54575818303273,-13.15,2026-06-01,False,92.3076923076923,-1.733102253032929,-0.08278340556491076,71.95431472081218,-79.11333333333334,91.875,57.72727272727273,10.568181818181818,38.06818181818182,2.6136363636363633,40.17045454545455,5.815279361459521,44.50779711309215
2491,吉祥全,家電製品,34.5,0.8771929824561209,12927077.627500001,True,38.60021208907741,60.92184368737475,7.63,2026-06-01,False,57.89473684210527,2.0710059171597717,0.017547433192267866,78.4090909090909,2.833333333333333,58.63636363636363,72.38636363636364,53.75,55.90909090909091,46.590909090909086,57.45454545454545,27.708095781071833,42.46679667254068
4506,崇友,其他電製品,123.0,0.8196721311475308,12851051.175,True,48.456957227937195,53.17301269205077,12.28,2026-06-01,False,85.71428571428571,0.40816326530612246,0.24506483321357606,92.83018867924528,6.556666666666667,86.81818181818181,66.93181818181819,97.5,88.63636363636364,60.56818181818182,80.0909090909091,33.8654503990878,60.59704441795377
6270,倍微,電子通路,31.05,3.499999999999992,12656517.855,True,85.32755820249052,21.008684034736138,29.73,2026-06-01,False,19.230769230769234,-9.210526315789478,0.10409808148081957,72.63157894736842,14.256666666666666,18.863636363636363,28.636363636363637,83.18181818181817,39.54545454545455,75.9090909090909,49.227272727272734,57.46864310148233,46.8103425935524
6417,韋僑,通信網路,112.0,0.9009009009008917,12593427.225,True,0.10828370330265295,96.79358717434869,26.62,2026-06-01,False,98.07692307692307,-9.31174089068826,0.005896028265427253,76.45051194539249,2.626666666666665,96.42045454545455,28.18181818181818,47.840909090909086,50.79545454545455,45.79545454545455,53.80681818181819,53.534777651083246,68.14221714004354
8048,德勝,通信網路,52.4,0.9633911368015502,12537645.345,True,42.93448835950189,58.04943219772879,130.48,2026-06-01,False,67.3076923076923,-13.673805601317964,-0.22340803494168118,71.29251700680271,51.7,68.4659090909091,16.477272727272727,0.9090909090909091,37.15909090909091,95.56818181818181,43.715909090909086,93.27251995438996,70.6050618067793
8011,台通,通信網路,16.3,0.6172839506172867,12441480.7225,True,44.22827496757458,56.71342685370742,-31.36,2026-06-01,False,65.38461538461539,-4.39882697947214,-0.00944529120449264,65.3306613226453,-6.173333333333332,66.30681818181819,47.27272727272727,38.63636363636363,21.931818181818183,21.25,39.07954545454545,2.394526795895097,35.84010897170105
1532,勤美,機械,22.0,0.686498855835227,12430270.735,True,67.22689075630252,37.4749498997996,20.39,2026-06-01,False,44.11764705882353,-5.781584582441119,-0.10480312421095643,78.01418439716312,3.09,44.77272727272727,40.79545454545455,7.5,54.77272727272727,47.159090909090914,39.0,45.72405929304447,51.11851482326112
9940,信義,仲介建經,21.7,3.0878859857482066,12388215.715,True,80.45479155387115,26.519706078824317,41.42,2026-06-01,False,26.518218623481783,9.873417721518983,0.15951578354419443,83.30134357005757,7.940000000000005,26.704545454545453,88.63636363636364,91.70454545454545,68.97727272727273,63.40909090909091,67.88636363636365,69.327251995439,44.09317663522339
3555,博士旺,數位雲端,164.0,-0.3039513677811523,12383612.7,True,23.785166240409207,71.9438877755511,119.54,2026-06-01,False,43.47826086956522,7.18954248366013,-0.013938290005202528,59.42028985507246,-1165.88,44.20454545454545,84.88636363636364,35.68181818181818,11.931818181818182,0.6818181818181818,35.477272727272734,92.24629418472064,40.874073546180156
4720,德淵,樹脂,20.05,0.7537688442211143,12235748.455000002,True,59.66432051976177,43.28657314629258,25.06,2026-06-01,False,42.857142857142854,-10.290827740492173,0.04473875589608173,67.50841750841752,5.506666666666668,43.52272727272727,24.886363636363637,65.56818181818181,27.727272727272727,56.25,43.590909090909086,50.8551881413911,49.30470612625686
3546,宇峻,資訊服務,73.6,-0.4059539918809363,12218689.790000001,True,42.66377910124526,58.31663326653307,44.44,2026-06-01,False,37.77777777777778,2.506963788300832,0.04493064167798178,84.89042675893886,-1.5833333333333357,37.38636363636363,73.63636363636363,65.68181818181819,71.36363636363636,32.38636363636363,56.090909090909086,71.49372862029647,51.651841245983206
2070,精湛,儀器設備,63.4,7.457627118644061,12192718.2925,True,81.7769130998703,24.849699398797593,33.17,2026-06-01,False,24.831309041835357,13.012477718360065,0.003314651087371713,76.94174757281552,7.170000000000002,25.340909090909093,92.38636363636363,46.36363636363636,52.38636363636363,62.15909090909091,55.72727272727273,62.02964652223489,36.842638903285994
7765,中華資安,數位雲端,230.0,1.9955654101995624,12132325.275,True,8.928571428571429,84.43553774215097,6.47,2026-06-01,False,60.86956521739131,3.3707865168539324,0.13919887854538548,65.52706552706553,-21.74,61.98863636363636,76.36363636363637,89.20454545454545,22.613636363636363,9.090909090909092,51.85227272727273,25.37058152793615,33.40230447289312
6275,元山,電子零組件,44.6,1.82648401826484,12096104.785,True,65.02267573696146,38.94455577822311,-6.28,2026-06-01,False,59.45945945945946,-6.498951781970652,-0.07679204253890216,73.35526315789474,2.746666666666667,59.71590909090909,38.75,12.613636363636363,42.61363636363637,46.13636363636363,39.965909090909086,10.376282782212087,43.48895705918939
2248,華勝-KY,汽車組件,56.4,-0.8787346221441172,11991598.55,True,49.279538904899134,52.638610554442224,106.59,2026-06-01,False,59.45945945945946,-14.545454545454547,0.008487641853776661,85.45454545454545,40.68333333333334,59.71590909090909,13.750000000000002,48.63636363636364,73.52272727272727,93.52272727272727,57.82954545454545,91.22006841505132,77.67717619467192
3705,永信,藥,54.0,0.5586592178770999,11991574.069999998,True,71.142393069843,34.66933867735471,-21.98,2026-06-01,False,18.181818181818183,-1.9963702359346667,-0.0631514917660153,90.9090909090909,-13.076666666666666,17.84090909090909,56.36363636363636,16.590909090909093,84.7159090909091,14.204545454545455,37.94318181818182,3.30672748004561,37.37497732455686
4569,六方科-KY,電子零組件,163.0,-2.39520958083832,11977504.5,True,71.37042062415196,34.40213760855043,10.89,2026-06-01,False,54.054054054054056,-2.1021021021021022,0.07337242669662408,75.81395348837209,2.1466666666666665,54.26136363636363,56.13636363636364,76.36363636363637,49.09090909090909,43.63636363636363,55.89772727272727,31.698973774230332,44.728720716284855
6498,久禾光,消費性電子,75.2,2.3129251700680253,11960859.335,True,2.6490066225165565,90.31396125584502,8.38,2026-06-01,False,100.0,-12.04678362573099,0.09248319259530488,60.64516129032258,-16.576666666666668,98.69318181818181,19.65909090909091,80.56818181818181,13.863636363636363,11.818181818181818,44.92045454545455,28.62029646522235,55.379505934487405
1524,耿鼎,汽車組件,27.15,-0.18382352941176405,11892058.3825,True,51.813752030319435,49.96659986639946,9.81,2026-06-01,False,51.35135135135135,-1.985559566787006,0.09228425557837307,75.94405594405595,-0.33000000000000007,51.87500000000001,56.477272727272734,80.45454545454545,49.65909090909091,35.45454545454545,54.784090909090914,30.216647662485745,43.81836646107598
6763,綠界科技*,數位雲端,43.25,0.5813953488372103,11887660.1175,True,2.050326188257223,91.64996659986639,14.37,2026-06-01,False,91.30434782608695,-1.0297482837528669,0.11021253556170492,63.696612665684825,1.4233333333333338,91.13636363636364,60.0,84.77272727272728,18.295454545454547,40.909090909090914,59.02272727272727,36.60205245153934,46.508467658339384
5381,光譜,電機製品,24.35,0.4123711340206171,11857931.16,True,22.993827160493826,73.01269205076821,16.56,2026-06-01,False,72.72727272727273,-6.704980842911877,0.037868521772028055,71.51248164464025,-5.830000000000002,73.69318181818181,37.84090909090909,63.29545454545455,37.5,22.045454545454547,46.875,40.992018244013686,53.5860727428216
8249,菱光,光電及I/O,42.5,0.591715976331364,11775447.6625,True,51.16404981050352,50.36740146960588,12.5,2026-06-01,False,59.72222222222222,-10.052910052910052,0.21999159528251572,66.1993769470405,-1.2933333333333348,60.11363636363637,25.795454545454543,96.47727272727272,23.863636363636363,33.18181818181819,47.88636363636364,33.97947548460662,48.0403234166062
3438,類比科,半導體,59.6,-0.33444816053510573,11749949.010000002,True,51.11940298507462,50.43420173680695,-6.39,2026-06-01,False,66.15384615384615,-4.180064308681674,-0.009346385300254398,75.44303797468355,5.760000000000001,66.81818181818183,48.40909090909091,38.75,48.29545454545455,57.15909090909091,51.88636363636365,10.262257696693272,44.241700787809684
6150,撼訊,電腦及週邊,60.5,2.195945945945943,11738808.19,True,62.01859229747676,41.616566466265866,-30.19,2026-06-01,False,51.724137931034484,-2.8892455858747947,0.12797714210261138,65.19396551724138,20.733333333333338,52.38636363636363,53.18181818181819,87.8409090909091,21.704545454545453,84.54545454545455,59.93181818181819,2.6225769669327255,30.882916969005905
4129,聯合,醫療耗材,86.3,-0.11574074074075513,11634118.4,True,7.471575527883053,85.57114228456913,17.08,2026-06-01,False,72.72727272727273,-6.39913232104122,-0.2230698279990047,65.87786259541984,1.0299999999999976,73.69318181818181,39.09090909090909,1.0227272727272727,23.18181818181818,39.88636363636363,35.37499999999999,41.67616875712657,49.86506491655437
2832,台產,產險,58.5,0.5154639175257714,11627617.095,True,55.495397942609635,47.09418837675351,7.27,2026-06-01,False,40.0,2.2727272727272676,0.10043782371972927,97.01492537313433,-10.106666666666666,40.17045454545455,73.06818181818183,82.27272727272728,95.79545454545455,16.93181818181818,61.64772727272727,27.25199543899658,47.53743067793097
6596,寬宏藝術,廣告,93.7,7.3310423825887705,11520928.7,True,4.2367601246105915,87.84235136940548,-38.99,2026-06-01,False,88.05668016194332,3.765227021040981,0.07892202525280291,52.3463687150838,-635.0966666666667,88.63636363636364,77.61363636363636,77.8409090909091,4.772727272727273,1.0227272727272727,49.977272727272734,1.8244013683010263,29.404963978438897
8240,華宏,光電及I/O,43.4,2.721893491124261,11508404.2825,True,81.10449377368705,25.751503006012022,-7.7,2026-06-01,False,29.166666666666668,-8.245243128964058,0.2208091162811096,58.02139037433155,-2.546666666666667,28.863636363636363,31.704545454545453,96.5909090909091,10.568181818181818,30.681818181818183,39.68181818181818,9.35005701254276,29.269332434953874
2545,皇翔,建設,34.95,3.0973451327433787,11360799.78,True,83.94793926247289,22.578490313961254,-77.31,2026-06-01,False,8.47457627118644,1.3043478260869648,-0.010829430684118914,77.58046614872364,-56.77666666666667,6.704545454545455,70.11363636363637,37.27272727272727,53.97727272727273,3.8636363636363633,34.38636363636364,0.5701254275940707,22.78457681144397
1565,精華,醫療耗材,96.4,1.902748414376343,11306869.440000001,True,19.05793178126692,76.21910487641951,-16.8,2026-06-01,False,51.515151515151516,-0.31023784901757717,0.10309625225240085,60.820189274447955,-0.09333333333333371,52.159090909090914,63.52272727272727,82.8409090909091,13.977272727272727,36.02272727272727,49.70454545454545,4.67502850627138,26.822166217476934
4561,健椿,機械,46.05,9.904534606205239,11256621.895,True,69.57227937195452,36.27254509018036,43.42,2026-06-01,False,41.17647058823529,16.43489254108723,-0.00015027624624554497,81.07394366197182,16.19333333333333,41.590909090909086,95.22727272727273,44.31818181818182,62.61363636363636,79.20454545454545,64.5909090909091,70.58152793614595,44.88970016585466
6914,阜爾運通,其他運儲,147.5,0.0,11248717.85,True,8.483754512635379,84.76953907815631,11.19,2026-06-01,False,84.95276653171389,1.3745704467353952,0.11002145344835886,95.16129032258065,2.9000000000000004,86.02272727272727,70.45454545454545,84.6590909090909,93.4090909090909,46.70454545454545,76.24999999999999,32.2690992018244,60.31159298227428
4807,日成-KY,其他,31.15,-0.1602564102564097,11057652.752500001,True,75.26205450733752,31.329325317301272,29.72,2026-06-01,False,17.391304347826086,-21.437578814627994,0.09292124113920225,69.22222222222221,-12.21,16.93181818181818,5.113636363636364,80.68181818181817,32.27272727272727,15.0,30.0,57.2405929304447,50.33287550533845
1580,新麥,機械,110.5,-2.643171806167399,10903783.125,True,2.273957769355712,90.91516366065464,3.17,2026-06-01,False,97.05882352941177,-5.150214592274678,-0.04292067293448673,78.09187279151944,9.153333333333334,95.68181818181817,43.29545454545455,22.840909090909093,55.00000000000001,66.13636363636364,56.590909090909086,20.980615735461804,57.09174484295636
3716,中化控股,藥,34.95,-1.5492957746478742,10891761.262500001,True,12.427745664739884,81.76352705410822,-5.39,2026-06-01,False,65.9090909090909,0.4310344827586371,0.10220029848401539,98.17415730337079,-0.043333333333333,66.70454545454545,67.04545454545455,82.61363636363637,96.81818181818181,36.13636363636364,69.86363636363636,11.174458380843785,51.91293277702913
6776,展碁國際,電子通路,53.8,0.18621973929235924,10846834.245000001,True,47.09035222052068,53.90781563126252,50.7,2026-06-01,False,61.53846153846154,-2.8880866425992804,-0.039097328213097395,73.19727891156462,1.1300000000000026,62.95454545454545,53.29545454545455,24.09090909090909,41.81818181818181,40.11363636363636,44.45454545454545,76.05473204104904,56.88300119208044
6735,美達科技,電子設備,65.5,1.5503875968992276,10752384.989999998,True,76.34803921568627,29.792919171676687,15.24,2026-06-01,False,57.333333333333336,-13.014608233731737,0.044665079676936406,45.17241379310345,-66.24333333333334,57.72727272727273,17.386363636363637,65.45454545454545,2.0454545454545454,3.295454545454545,29.181818181818176,37.97035347776511,45.089179278532185
1455,集盛,人纖,9.97,3.8541666666666696,10628877.4755,True,46.88473520249221,54.37541750167001,-13.94,2026-06-01,False,55.55555555555556,5.614406779661029,0.01778768553747775,90.63636363636364,-6.65,55.79545454545455,81.93181818181819,53.86363636363637,84.43181818181819,20.34090909090909,59.27272727272727,5.587229190421892,40.97067093396911
9930,中聯資源,其他水泥,62.3,0.0,10614739.795,True,13.102328099621008,81.02872411489645,-7.26,2026-06-01,False,81.17408906882592,-2.197802197802207,0.04405783640884826,85.81267217630855,0.8333333333333339,82.1590909090909,55.68181818181818,65.3409090909091,74.0909090909091,39.20454545454545,63.29545454545454,9.578107183580387,52.53657225044055
1419,新紡,成衣,65.3,-0.152905198776776,10449944.345,True,1.0828370330265296,93.65397461589846,17.98,2026-06-01,False,95.0,-2.245508982035928,0.0949187064037469,81.8295739348371,-1.9766666666666666,94.0340909090909,55.56818181818181,80.9090909090909,64.31818181818181,31.931818181818183,65.35227272727272,42.41733181299886,61.30035568052244
5210,寶碩,資訊服務,28.6,0.17513134851139256,10439137.16,True,10.432569974554708,83.70073480293921,-20.73,2026-06-01,False,75.55555555555556,-7.293354943273905,-0.08859600951857953,86.01503759398497,-43.39,76.13636363636364,35.45454545454545,9.772727272727273,74.6590909090909,4.545454545454546,40.11363636363636,3.534777651083238,54.71892168549809
4741,泓瀚,染料及顏料,44.1,2.7972027972028135,10360128.625,True,95.01894964807796,10.220440881763528,32.28,2026-06-01,False,20.0,-13.017751479289943,0.013865007296149307,54.44444444444445,4.676666666666666,19.772727272727273,17.272727272727273,51.70454545454546,6.8181818181818175,53.29545454545455,29.772727272727273,60.66134549600912,42.49488182854773
6625,必應,電視廣播,77.7,1.8348623853211121,10328240.29,True,4.162633107454018,88.04275217100869,-37.18,2026-06-01,False,88.25910931174089,-0.7662835249042074,0.002446727483566577,85.95132743362832,-39.86333333333333,88.86363636363637,61.36363636363637,45.79545454545455,74.43181818181817,5.0,55.0909090909091,2.0524515393386547,50.9960674302892
2528,皇普,建設,20.6,1.980198019801982,10265637.5725,True,23.285024154589372,72.47828991315966,-5.37,2026-06-01,False,72.88135593220339,-6.997742663656872,0.12105065621235989,64.375,-139.34666666666666,73.97727272727272,36.70454545454545,86.70454545454545,19.772727272727273,1.7045454545454544,43.77272727272727,11.2884834663626,42.08348450295429
2471,資通,資訊服務,50.1,0.0,10227982.5675,True,12.77747698971305,81.22912491649966,0.37,2026-06-01,False,71.11111111111111,-4.9335863377609135,-0.2200177866319114,91.42335766423358,-3.0899999999999994,72.04545454545455,44.31818181818182,1.1363636363636365,85.11363636363637,29.659090909090907,46.45454545454545,18.129988597491447,57.74272442210014
2459,敦吉,電子通路,66.2,0.6079027355623268,10147401.925,True,88.68435300487276,18.00267201068804,20.97,2026-06-01,False,15.384615384615385,2.7950310559006164,-0.022896116777755878,93.37094499294781,6.019999999999998,14.488636363636365,73.75,31.022727272727273,89.6590909090909,58.18181818181818,53.42045454545454,46.52223489167617,44.22999054110086
1713,國化,染料及顏料,46.0,2.4498886414253906,10132592.64,True,12.939902544667028,81.09552438209752,-7.68,2026-06-01,False,60.0,-4.958677685950411,-0.16995208041753576,86.14232209737828,-19.03333333333333,60.79545454545454,44.09090909090909,2.6136363636363633,75.0,10.568181818181818,38.61363636363636,9.464082098061574,50.29215688815176
6220,岳豐,電子零組件,26.25,2.739726027397249,10126923.525,True,76.1528326745718,29.926519706078825,57.98,2026-06-01,False,48.64864864864865,-25.0,0.05734256162075268,57.94701986754968,14.756666666666668,49.31818181818181,2.272727272727273,71.47727272727272,10.227272727272728,77.1590909090909,42.090909090909086,79.47548460661345,59.18705296983518
6148,驊宏資,資訊服務,28.5,0.5291005291005346,10075992.6075,True,74.49918787222522,31.730126920507683,-2.86,2026-06-01,False,13.333333333333334,-7.915993537964456,0.004999337642958728,47.979797979797986,11.316666666666668,12.15909090909091,32.95454545454545,46.93181818181818,2.727272727272727,71.13636363636363,33.18181818181817,13.45496009122007,23.846694568259565
