stock_id,name,industry,close,adv20,listed_ok,pe_hist_pct,value_pct,revenue_yoy,rev_month,bear_regime,value_ind_pct,momentum20,chip20_turnover,high52_prox,rev_accel,value_ind_pct_pool_pct,momentum20_pool_pct,chip20_turnover_pool_pct,high52_prox_pool_pct,rev_accel_pool_pct,composite,revenue_yoy_pool_pct,c2_score
2330,台積電,半導體,2370.0,98299636633.25,True,96.20390455531454,8.054607508532422,67.87,2026-06-01,False,11.153846153846155,-1.8633540372670807,-0.0875427375802982,94.42231075697211,29.383333333333333,10.338983050847457,67.57062146892655,10.847457627118644,92.54237288135593,90.28248587570621,54.31638418079096,83.78684807256236,54.7743956339598
2408,南亞科,半導體,457.0,37737825738.675,True,55.89198036006546,49.55631399317406,621.34,2026-06-01,False,66.15384615384615,4.936854190585533,-0.006827674976879155,90.4950495049505,-68.26333333333332,65.98870056497175,86.21468926553672,41.12994350282486,86.32768361581921,2.937853107344633,56.51977401129943,98.9795918367347,66.27032168799724
2327,國巨*,電子零組件,540.0,36729008902.325,True,97.18004338394793,5.085324232081911,38.91,2026-06-01,False,7.931034482758621,-40.0,-0.046671970142213665,47.368421052631575,2.7733333333333334,6.3841807909604515,1.1299435028248588,22.598870056497177,3.2768361581920904,45.08474576271186,15.694915254237287,67.23356009070295,43.94115838425766
2454,聯發科,半導體,3900.0,36218801777.5,True,98.2646420824295,3.0034129692832763,2.8,2026-06-01,False,3.4615384615384617,-0.6369426751592357,-0.02932940765393842,84.05172413793103,1.583333333333333,2.4293785310734464,72.090395480226,29.717514124293785,74.68926553672316,40.225988700564976,43.83050847457627,19.27437641723356,31.075656251201043
3037,欣興,印刷電路板,955.0,24356882855.85,True,86.55097613882863,22.116040955631398,36.31,2026-06-01,False,51.21951219512195,9.142857142857142,0.00886913309614246,88.0184331797235,4.20333333333334,51.41242937853108,91.75141242937853,50.056497175141246,82.25988700564972,50.960451977401135,65.28813559322035,65.41950113378685,51.835101272147284
2303,聯電,半導體,116.0,24165605740.775,True,64.26247288503254,43.208191126279864,22.85,2026-06-01,False,56.15384615384615,-25.64102564102564,-0.07346765757261602,64.9859943977591,5.706666666666667,56.38418079096045,7.231638418079096,14.124293785310735,27.11864406779661,56.49717514124294,32.271186440677965,48.75283446712018,56.256005226949526
2308,台達電,電子零組件,1650.0,23485265258.25,True,91.26898047722342,16.655290102389078,55.43,2026-06-01,False,29.655172413793103,-12.23404255319149,-0.0672258213130559,65.47619047619048,7.763333333333335,29.491525423728817,33.78531073446327,15.593220338983052,28.8135593220339,62.59887005649718,34.056497175141246,78.45804988662131,50.74445597448019
4958,臻鼎-KY,印刷電路板,473.0,21123849574.975,True,97.2885032537961,4.6416382252559725,32.83,2026-06-01,False,9.75609756097561,-19.5578231292517,-0.02509318401647568,73.21981424148606,5.476666666666663,8.587570621468926,15.254237288135593,30.96045197740113,48.58757062146893,55.48022598870056,31.774011299435028,61.564625850340136,50.8713824512856
2344,華邦電,半導體,163.5,19981927305.725,True,42.740286298568506,59.863481228668945,189.88,2026-06-01,False,75.38461538461539,-7.365439093484419,-0.036103344847131194,73.64864864864865,5.190000000000026,75.9322033898305,50.50847457627119,27.231638418079097,49.83050847457628,53.78531073446327,51.45762711864406,95.46485260770974,67.67977247396134
1303,南亞,石化,188.0,19521798736.325,True,82.33568075117371,27.71331058020478,31.79,2026-06-01,False,25.0,3.581267217630854,-0.036266478619575535,82.63736263736263,4.263333333333328,25.480225988700568,83.61581920903954,27.005649717514125,71.52542372881356,51.29943502824859,51.78531073446328,59.97732426303855,43.34178869287828
3481,群創,光電及I/O,47.55,17386294048.1225,True,90.04739336492891,17.95221843003413,17.25,2026-06-01,False,22.857142857142858,-27.182235834609497,-0.003199417973188868,67.06629055007052,4.143333333333333,23.559322033898304,5.19774011299435,43.163841807909606,32.7683615819209,50.73446327683616,31.08474576271186,41.950113378684804,48.27001422037742
3231,緯創,電腦及週邊,183.5,17264701655.8,True,75.10845986984816,33.99317406143344,53.85,2026-06-01,False,40.35087719298245,26.989619377162633,0.15051217459367286,94.1025641025641,-14.509999999999998,40.33898305084746,99.32203389830508,90.84745762711864,91.86440677966101,12.88135593220339,67.05084745762713,78.00453514739229,52.72147276989892
8046,南電,印刷電路板,1080.0,16660452309.45,True,79.2302993280391,30.921501706484644,50.03,2026-06-01,False,63.41463414634146,-11.11111111111111,-0.0150801277361595,76.32508833922262,8.256666666666668,63.389830508474574,37.79661016949152,36.045197740113,56.836158192090394,64.0677966101695,51.627118644067785,75.34013605442176,64.4423786463738
3711,日月光投控,半導體,585.0,14196830130.5,True,97.23756906077348,4.709897610921502,32.86,2026-06-01,False,5.384615384615385,-13.58936484490399,-0.07560490354428075,80.46767537826685,5.976666666666663,3.84180790960452,29.6045197740113,13.559322033898304,67.00564971751413,57.51412429378531,34.30508474576271,61.73469387755102,50.74440793266459
2317,鴻海,電腦及週邊,260.0,13954592129.75,True,95.39045553145337,10.034129692832765,52.11,2026-06-01,False,14.035087719298245,9.473684210526317,0.1277545989258811,84.14239482200647,11.636666666666663,13.446327683615818,92.09039548022598,88.24858757062147,74.91525423728814,70.84745762711864,67.909604519774,76.87074829931973,43.28548368499942
6488,環球晶,半導體,872.0,12552839150.4,True,95.87852494577007,8.9419795221843,-1.63,2026-06-01,False,15.0,-35.40740740740741,-0.027464888060248015,57.557755775577554,3.3899999999999997,14.463276836158192,2.0338983050847457,30.056497175141246,12.54237288135593,47.79661016949153,21.37853107344633,13.60544217687075,34.64429839732503
6770,力積電,半導體,65.5,12525961367.8225,True,82.08955223880598,28.191126279863482,68.75,2026-06-01,False,40.76923076923077,-7.87623066104078,-0.05164601372335189,73.8444193912063,15.393333333333338,40.56497175141243,48.8135593220339,20.677966101694913,50.73446327683616,78.07909604519774,47.77401129943503,84.24036281179139,56.681559629501514
2383,台光電,印刷電路板,5240.0,11744337094.75,True,95.7700650759219,9.283276450511945,120.69,2026-06-01,False,17.073170731707318,-1.0387157695939566,-0.03948360433408111,86.18421052631578,11.043333333333337,16.836158192090394,70.50847457627118,25.649717514124294,78.53107344632768,69.94350282485875,52.293785310734464,92.51700680272108,54.34394096621699
3017,奇鋐,電子零組件,2785.0,11011667490.0,True,94.95661605206074,11.262798634812286,66.11,2026-06-01,False,21.379310344827587,18.51063829787234,0.07426877582052492,94.56706281833617,-0.013333333333335418,21.35593220338983,97.51412429378531,78.98305084745762,92.88135593220339,35.25423728813559,65.19774011299435,83.21995464852607,49.98577962258349
6669,緯穎,電腦及週邊,6100.0,10683166599.25,True,73.39654210819855,35.42662116040955,29.79,2026-06-01,False,42.10526315789473,21.03174603174603,0.06806590158926731,97.36632083000798,3.9166666666666643,41.9774011299435,98.75706214689266,75.9322033898305,96.045197740113,49.717514124293785,72.48587570621469,57.48299319727891,49.18713248011069
3008,大立光,消費性電子,4385.0,10192878933.75,True,91.97396963123644,15.597269624573379,-10.46,2026-06-01,False,15.0,11.012658227848101,-0.05327792006727667,84.40808469682388,-29.35666666666667,14.463276836158192,93.89830508474576,20.112994350282488,75.48022598870057,6.440677966101695,42.079096045197744,6.349206349206349,25.598601022329838
3189,景碩,印刷電路板,823.0,9723063355.9,True,76.92307692307693,32.35494880546075,32.27,2026-06-01,False,68.29268292682927,3.5220125786163523,0.007788251943833102,92.36812570145904,1.5899999999999999,68.24858757062147,83.38983050847457,49.49152542372882,89.15254237288136,40.33898305084746,66.12429378531074,60.657596371882086,58.667223951727586
8299,群聯,半導體,2020.0,9245942801.5,True,71.69197396963123,37.098976109215016,301.0,2026-06-01,False,51.53846153846153,-9.00900900900901,-0.031115370534852166,70.13888888888889,21.379999999999995,51.52542372881356,44.85875706214689,28.926553672316384,40.790960451977405,85.08474576271186,50.23728813559322,97.50566893424036,61.240824013221115
2337,旺宏,半導體,121.5,9157418628.28,True,99.830220713073,1.023890784982935,216.09,2026-06-01,False,0.7692307692307693,-15.33101045296167,-0.04984482881617391,65.49865229110512,34.22333333333333,0.22598870056497175,23.502824858757062,21.129943502824858,28.926553672316384,91.86440677966101,33.12994350282486,96.14512471655328,50.44871055766939
6182,合晶,半導體,101.0,8632127475.78,True,98.06224310041104,3.4129692832764507,14.11,2026-06-01,False,4.615384615384616,-41.449275362318836,-0.013230565313709544,53.29815303430079,4.426666666666668,3.1638418079096042,1.0169491525423728,37.514124293785315,7.344632768361582,51.9774011299435,20.203389830508478,36.281179138321995,36.443176140512705
2382,廣達,電腦及週邊,298.0,8553391042.95,True,42.46203904555315,60.13651877133106,102.87,2026-06-01,False,75.43859649122807,-20.214190093708165,-0.06342327893019822,71.46282973621103,-3.11666666666666,76.045197740113,13.446327683615818,16.72316384180791,43.50282485875706,28.474576271186443,35.63841807909604,90.58956916099773,74.17281601906299
6274,台燿,印刷電路板,1440.0,8426893383.0,True,95.93275488069413,8.771331058020477,107.72,2026-06-01,False,14.634146341463413,-8.280254777070063,-0.006354460738344444,75.78947368421053,-3.673333333333332,14.237288135593221,46.89265536723164,41.5819209039548,55.70621468926553,25.98870056497175,36.881355932203384,91.49659863945578,53.63686152427072
2313,華通,印刷電路板,208.5,8079306508.475,True,94.41431670281996,12.081911262798634,20.96,2026-06-01,False,26.82926829268293,-6.502242152466367,0.03965040313313804,69.84924623115577,10.586666666666668,27.11864406779661,53.44632768361583,65.76271186440678,39.77401129943503,69.03954802259888,51.02824858757062,46.25850340136054,39.92620777124409
5483,中美晶,半導體,168.5,8041513211.25,True,86.76388109927089,21.97952218430034,7.61,2026-06-01,False,36.15384615384615,-19.95249406175772,-0.0079893601492039,60.61151079136691,3.2700000000000005,35.367231638418076,13.67231638418079,40.67796610169492,17.17514124293785,47.11864406779661,30.802259887005654,27.32426303854875,41.54857988393097
3665,貿聯-KY,電子零組件,2200.0,7859187687.5,True,97.83080260303689,3.78839590443686,63.79,2026-06-01,False,3.4482758620689653,17.962466487935657,0.019565219486607666,74.82993197278913,22.563333333333333,2.2598870056497176,97.28813559322033,55.932203389830505,52.429378531073446,86.21468926553672,58.824858757062145,81.97278911564626,34.843479764787276
3443,創意,半導體,4545.0,7847374009.25,True,96.31236442516268,7.542662116040956,103.72,2026-06-01,False,9.615384615384617,4.723502304147465,0.009545187648344947,79.31937172774869,-27.180000000000007,8.305084745762711,85.53672316384181,50.50847457627119,64.18079096045197,6.892655367231638,43.08474576271187,90.81632653061224,44.441369768246275
6213,聯茂,印刷電路板,389.0,7264746822.525,True,95.5531453362256,9.658703071672354,47.94,2026-06-01,False,19.51219512195122,1.0389610389610389,-0.012797571221351833,98.23232323232324,17.596666666666664,19.322033898305087,76.94915254237287,38.079096045197744,96.94915254237289,80.56497175141243,62.3728813559322,73.9795918367347,53.32540643375995
3661,世芯-KY,半導體,3715.0,7175080830.5,True,68.70932754880694,39.59044368600683,15.39,2026-06-01,False,54.61538461538461,-11.75771971496437,-0.061982338526494644,69.11627906976744,32.18000000000001,54.68926553672316,35.367231638418076,17.062146892655367,37.85310734463277,91.41242937853107,47.27683615819209,38.32199546485261,48.87428417694762
2360,致茂,電子設備,2030.0,7086007208.0,True,94.03470715835141,12.86689419795222,73.02,2026-06-01,False,23.28767123287671,11.538461538461538,-0.060322990224412024,77.33333333333333,-38.646666666666675,23.954802259887007,94.12429378531073,17.966101694915253,59.49152542372881,4.858757062146893,40.079096045197744,85.37414965986395,43.674045889542256
3105,穩懋,半導體,366.0,6854168822.5,True,77.91640673736744,31.67235494880546,29.55,2026-06-01,False,43.07692307692308,-9.852216748768473,0.005297887729617005,59.3192868719611,-10.029999999999998,42.824858757062145,41.920903954802256,47.570621468926554,14.915254237288137,16.158192090395477,32.67796610169491,56.80272108843537,43.155482531995844
2345,智邦,通信網路,2215.0,6361351348.5,True,86.06290672451193,22.5938566552901,61.16,2026-06-01,False,34.69387755102041,-10.323886639676113,-0.018457104598204713,80.54545454545455,3.9566666666666706,34.57627118644068,39.887005649717516,33.89830508474576,67.2316384180791,49.83050847457628,45.08474576271187,81.06575963718821,60.74666589799762
2301,光寶科,電子零組件,247.0,6330869899.75,True,95.33622559652929,10.204778156996587,36.98,2026-06-01,False,17.93103448275862,15.690866510538642,0.09943597490553074,97.82178217821782,6.629999999999999,17.51412429378531,96.045197740113,84.29378531073446,96.72316384180792,60.33898305084746,70.98305084745763,65.87301587301587,46.016276567124024
2368,金像電,印刷電路板,982.0,6284905090.6,True,91.64196799051571,16.040955631399317,78.22,2026-06-01,False,39.02439024390244,-8.651162790697674,-0.0473696924343225,65.685618729097,3.576666666666668,38.53107344632768,45.98870056497175,22.146892655367232,29.265536723163844,48.70056497175141,36.92655367231639,86.84807256235828,52.163995541719515
3374,精材,半導體,306.5,6189686730.35,True,87.39342265529841,20.887372013651877,61.01,2026-06-01,False,33.07692307692307,-14.025245441795231,-0.037112524679603465,73.32535885167464,17.686666666666667,32.655367231638415,27.683615819209038,26.779661016949152,48.8135593220339,80.7909604519774,43.34463276836158,80.8390022675737,58.65607825050925
3653,健策,電子零組件,4380.0,6137930873.75,True,99.18655097613883,1.9795221843003412,57.64,2026-06-01,False,2.0689655172413794,36.661466458658346,0.025447711281439873,80.44077134986226,16.869999999999997,1.0169491525423728,99.77401129943503,58.079096045197744,66.77966101694915,79.88700564971751,61.10734463276835,79.13832199546485,36.79023021638034
2449,京元電子,半導體,242.0,6120426799.875,True,95.28199566160521,10.443686006825939,28.64,2026-06-01,False,16.923076923076923,-21.555915721231766,-0.12713845152302394,68.36158192090396,-4.630000000000003,16.610169491525422,11.299435028248588,5.19774011299435,36.271186440677965,24.06779661016949,18.689265536723163,55.89569160997733,49.36940312848303
8039,台虹,印刷電路板,237.5,6027351271.275,True,99.24078091106291,1.877133105802048,-6.57,2026-06-01,False,4.878048780487805,54.22077922077923,0.02171587635840202,92.7734375,-4.130000000000001,3.389830508474576,100.0,56.49717514124294,89.94350282485875,24.97175141242938,54.960451977401135,9.070294784580499,25.600907029478456
8150,南茂,半導體,86.3,5869447588.424999,True,87.74403470715835,20.44368600682594,37.23,2026-06-01,False,32.30769230769231,-26.239316239316242,-0.03993164967292133,70.44897959183673,8.169999999999998,32.20338983050847,6.440677966101695,25.423728813559322,41.35593220338983,63.84180790960452,33.85310734463277,66.21315192743764,58.33294899880856
6239,力成,半導體,262.5,5823902971.225,True,92.51626898047722,14.982935153583618,21.71,2026-06-01,False,22.30769230769231,-17.96875,-0.046287338844709335,69.26121372031663,-6.433333333333334,22.824858757062145,19.096045197740114,22.71186440677966,38.53107344632768,19.54802259887006,24.542372881355934,47.3922902494331,47.413044313770705
3081,聯亞,半導體,2305.0,5433116121.25,True,91.01351351351352,16.860068259385667,128.14,2026-06-01,False,26.923076923076923,14.962593516209477,-0.034170604381177985,72.94303797468355,7.35333333333331,27.34463276836158,95.81920903954803,27.90960451977401,47.570621468926554,62.03389830508475,52.13559322033899,93.19727891156462,43.07333102732618
2059,川湖,金屬製品,11110.0,5335421486.75,True,97.99349240780911,3.48122866894198,220.52,2026-06-01,False,28.57142857142857,34.66666666666667,0.021271763395515748,100.0,63.28333333333333,28.8135593220339,99.66101694915255,56.271186440677965,99.2090395480226,96.38418079096044,76.0677966101695,96.3718820861678,56.183366001767936
2409,友達,光電及I/O,24.55,5194697218.83,True,95.30355097365405,10.37542662116041,13.83,2026-06-01,False,12.857142857142856,-21.939586645468996,-0.04854368976487083,75.07645259938838,11.18,12.429378531073446,10.3954802259887,21.468926553672315,53.559322033898304,70.16949152542374,33.60451977401131,35.487528344671205,47.77018717091356
3260,威剛,半導體,416.0,4909258961.1,True,0.0,99.55631399317406,212.06,2026-06-01,False,99.61538461538461,1.4634146341463417,0.04518433117500035,79.23809523809524,14.72333333333333,97.34463276836158,78.30508474576271,68.24858757062147,63.84180790960452,76.94915254237287,76.93785310734464,96.03174603174604,69.72827549098736
6505,台塑化,輕油裂解,71.0,4903394252.515,True,1.5098722415795587,94.06143344709898,18.46,2026-06-01,False,94.05666897028334,20.7482993197279,0.06131825025634553,76.1802575107296,-7.656666666666663,94.35028248587571,98.64406779661017,74.01129943502825,56.158192090395474,18.192090395480225,68.27118644067797,43.08390022675737,48.737076751604604
6147,頎邦,半導體,146.5,4792813078.225,True,96.14967462039046,8.327645051194539,27.06,2026-06-01,False,12.692307692307692,-32.48847926267281,0.05265463346415818,47.95417348608838,3.6233333333333313,12.259887005649718,2.937853107344633,71.9774011299435,3.389830508474576,49.03954802259887,27.92090395480226,54.421768707483,41.78340827856566
5274,信驊,半導體,16345.0,4691216060.5,True,95.87852494577007,8.9419795221843,67.47,2026-06-01,False,15.0,19.612147822905232,0.0005658979720590737,84.79896238651102,-5.1299999999999955,14.463276836158192,97.96610169491525,44.74576271186441,76.27118644067797,22.88135593220339,51.26553672316385,83.6734693877551,44.110457742419
6223,旺矽,半導體,6100.0,4665331820.5,True,98.2646420824295,3.0034129692832763,65.07,2026-06-01,False,3.4615384615384617,-13.841807909604519,-0.04163175636722949,82.65582655826557,6.576666666666661,2.4293785310734464,28.135593220338983,24.519774011299436,71.63841807909604,60.22598870056497,37.389830508474574,82.6530612244898,57.146316153580074
5347,世界,半導體,143.5,4655607110.475,True,96.20390455531454,8.054607508532422,33.57,2026-06-01,False,11.153846153846155,-17.052023121387283,-0.07754431790623131,65.22727272727272,12.693333333333332,10.338983050847457,20.451977401129945,12.768361581920903,27.683615819209038,73.33333333333333,28.91525423728814,62.47165532879818,45.01056919943119
7769,鴻勁,電子設備,6320.0,4617654501.75,True,58.68263473053892,47.610921501706486,106.54,2026-06-01,False,73.97260273972603,-5.105105105105105,-0.004224490661699691,76.51331719128329,5.8700000000000045,74.68926553672316,57.28813559322033,42.59887005649718,57.51412429378531,57.06214689265536,57.830508474576256,91.04308390022676,66.48958453437872
8358,金居,印刷電路板,352.0,4613328488.8,True,87.36442516268981,20.955631399317408,43.37,2026-06-01,False,46.34146341463415,-33.95872420262664,-0.11516126063020567,50.28571428571429,3.18333333333333,46.32768361581921,2.4858757062146895,6.553672316384181,4.745762711864407,46.440677966101696,21.310734463276837,70.52154195011337,54.777278142895575
3026,禾伸堂,電子零組件,535.0,4376715869.35,True,97.0173535791757,5.563139931740614,33.9,2026-06-01,False,11.03448275862069,-46.766169154228855,0.04049011082641352,53.233830845771145,8.446666666666665,9.717514124293785,0.5649717514124294,66.55367231638418,7.231638418079096,64.51977401129943,29.717514124293785,62.925170068027214,44.82733771474692
1326,台化,石化,58.9,4370163959.95,True,54.740259740259745,50.85324232081911,11.59,2026-06-01,False,81.25,-1.8333333333333357,0.008201114927146164,82.14783821478382,-6.833333333333332,82.25988700564972,67.79661016949152,49.83050847457628,70.50847457627118,19.152542372881356,57.90960451977401,32.426303854875286,54.34951381682617
3450,聯鈞,通信網路,477.0,4208607336.475,True,84.24101969872537,25.52901023890785,88.18,2026-06-01,False,40.816326530612244,-4.9800796812749,0.01482258962059941,77.94117647058823,26.98333333333334,40.67796610169492,57.40112994350282,52.76836158192091,61.46892655367232,89.15254237288136,60.293785310734464,88.66213151927438,58.35197355778469
4979,華星光,通信網路,488.0,4080547771.425,True,93.94273127753304,12.969283276450511,27.68,2026-06-01,False,20.408163265306122,12.83236994219653,0.027948933663325962,67.96657381615599,8.850000000000001,20.677966101694913,94.57627118644068,59.66101694915255,34.80225988700565,65.08474576271186,54.960451977401135,54.98866213151927,28.973154233444788
5289,宜鼎,半導體,1500.0,3867766405.75,True,3.14533622559653,91.46757679180887,696.31,2026-06-01,False,95.38461538461539,-1.9607843137254901,-0.03307022580876673,75.37688442211056,56.23666666666668,95.25423728813558,66.89265536723164,28.474576271186443,54.23728813559322,96.27118644067797,68.22598870056497,99.20634920634922,70.4513048157116
2634,漢翔,機車船製造,61.7,3817650357.140001,True,92.24511930585683,15.187713310580206,7.23,2026-06-01,False,8.333333333333332,6.379310344827591,0.0004975293503427228,86.2937062937063,-5.553333333333331,6.892655367231638,88.70056497175142,44.632768361581924,79.2090395480226,21.807909604519775,48.24858757062147,26.87074829931973,31.067969560705638
6446,藥華藥,藥,1240.0,3801814180.25,True,62.20183486238532,44.98293515358362,94.88,2026-06-01,False,25.0,-3.501945525291829,-0.03896453852126294,81.04575163398692,4.313333333333333,25.480225988700568,62.485875706214685,25.98870056497175,68.36158192090396,51.75141242937853,46.8135593220339,89.56916099773242,55.23127330028056
6139,亞翔,電子設備,802.0,3712717927.5,True,83.8937093275488,26.075085324232084,49.7,2026-06-01,False,47.94520547945205,-8.342857142857143,-0.09234745235927264,83.97905759162305,-24.816666666666663,47.68361581920904,46.440677966101696,9.6045197740113,74.57627118644068,7.796610169491526,37.220338983050844,74.82993197278913,62.662285253084285
2357,華碩,電腦及週邊,817.0,3631975359.05,True,63.55748373101952,43.7542662116041,55.63,2026-06-01,False,50.877192982456144,19.444444444444446,0.26259843735504546,87.75510204081633,18.75,51.186440677966104,97.85310734463278,97.96610169491525,81.58192090395481,81.92090395480226,82.10169491525424,78.68480725623583,53.40001537338099
2379,瑞昱,半導體,750.0,3550874912.3,True,88.23210412147505,19.86348122866894,20.6,2026-06-01,False,30.0,-10.714285714285714,-0.022630289322999025,83.33333333333334,2.6833333333333336,29.943502824858758,39.09604519774012,32.090395480225986,72.82485875706215,44.85875706214689,43.762711864406775,45.80498866213152,52.369326261578074
2492,華新科,電子零組件,251.0,3514258506.4,True,96.90889370932754,6.006825938566553,25.84,2026-06-01,False,12.413793103448276,-46.07948442534909,-0.07446823675722598,40.680713128038896,6.386666666666667,11.525423728813559,0.6779661016949152,14.01129943502825,1.1299435028248588,59.2090395480226,17.310734463276837,51.75736961451247,40.93369268611399
3532,台勝科,半導體,312.5,3255373118.15,True,96.8004338394794,6.484641638225256,23.71,2026-06-01,False,6.923076923076923,-26.210153482880756,0.026297655113303633,59.75143403441683,2.986666666666668,5.536723163841808,6.553672316384181,58.53107344632769,15.819209039548024,45.87570621468927,26.463276836158194,49.43310657596372,41.05884161574234
2891,中信金,金融控股,65.6,3178818728.2500005,True,95.06507592190889,10.955631399317406,-17.9,2026-06-01,False,30.76923076923077,-6.1516452074392145,0.1849668899470714,90.60773480662981,-499.2299999999999,31.016949152542374,54.57627118644067,93.78531073446328,86.4406779661017,1.2429378531073447,53.412429378531066,3.968253968253968,41.712402475114345
6442,光聖,通信網路,1325.0,3155658644.25,True,63.2484076433121,44.36860068259386,1.65,2026-06-01,False,61.224489795918366,-10.472972972972974,-0.03670013597632529,55.907172995780584,-32.17,61.016949152542374,39.66101694915255,26.892655367231637,9.943502824858758,5.649717514124294,28.632768361581924,17.800453514739228,37.27497213574695
2455,全新,半導體,364.0,3095623125.7,True,89.587852494577,18.49829351535836,23.55,2026-06-01,False,29.230769230769234,10.136157337367626,0.008162531898911677,81.98198198198197,-12.38666666666666,29.265536723163844,93.10734463276836,49.717514124293785,70.05649717514125,14.124293785310735,51.2542372881356,49.31972789115646,38.8836042891733
3163,波若威,通信網路,671.0,2951858835.9,True,84.59869848156181,24.641638225255974,-11.53,2026-06-01,False,38.775510204081634,-10.05361930294906,-0.012762491648681602,51.81467181467182,-23.176666666666666,38.4180790960452,41.01694915254237,38.19209039548023,5.988700564971752,8.248587570621469,26.3728813559322,5.6689342403628125,27.264691187209348
2881,富邦金,金融控股,127.0,2938345315.6,True,87.09327548806941,21.160409556313994,155.03,2026-05-01,False,53.84615384615385,2.0080321285140563,0.13374268378141227,91.69675090252709,-16.25,53.27683615819209,79.54802259887006,89.26553672316385,87.68361581920904,11.751412429378531,64.30508474576271,94.67120181405896,64.0209077981475
2481,強茂,電子零組件,133.0,2861411359.9,True,97.21293199554069,4.982935153583617,27.37,2026-06-01,False,6.896551724137931,-37.558685446009385,-0.07584802443567516,58.46153846153847,10.773333333333333,5.423728813559322,1.5819209039548021,13.333333333333334,13.785310734463277,69.71751412429379,20.768361581920903,54.6485260770975,43.06891118029132
8996,高力,其他電製品,1045.0,2843413943.6,True,85.57483731019524,23.344709897610922,37.56,2026-06-01,False,14.285714285714285,-15.040650406504067,-0.032232600992259525,65.72327044025157,-16.979999999999997,13.954802259887005,24.40677966101695,28.8135593220339,29.37853107344633,11.186440677966102,21.548022598870055,66.43990929705215,46.34161574234213
3491,昇達科,通信網路,1235.0,2719132012.4,True,93.70591427021161,13.651877133105803,89.38,2026-06-01,False,22.448979591836736,-2.7559055118110236,-0.006454957122939199,56.13636363636364,12.510000000000005,23.050847457627118,64.63276836158191,41.46892655367231,10.3954802259887,72.88135593220339,42.485875706214685,89.00226757369614,39.453956723932514
3034,聯詠,半導體,542.0,2718529395.15,True,84.54446854663775,24.7098976109215,18.96,2026-06-01,False,38.46153846153847,0.0,0.2093063847660734,95.59082892416225,9.136666666666668,37.90960451977401,74.01129943502825,94.68926553672317,94.57627118644068,65.42372881355932,73.32203389830508,43.76417233560091,50.559687151696835
2395,研華,電腦及週邊,634.0,2717552850.5,True,97.45119305856834,4.300341296928328,73.39,2026-06-01,False,12.280701754385964,17.40740740740741,0.006656067259596149,100.0,26.68999999999999,11.299435028248588,96.94915254237289,48.36158192090396,99.2090395480226,88.70056497175142,68.90395480225989,85.60090702947846,49.7900572658442
6515,穎崴,半導體,6760.0,2680688092.25,True,93.60594795539033,13.85665529010239,287.9,2026-06-01,False,20.76923076923077,-12.942691564713456,-0.05750023236027998,62.621584066697544,135.16666666666666,21.01694915254237,31.07344632768362,19.2090395480226,20.33898305084746,98.30508474576271,37.98870056497175,97.39229024943312,51.91869403128483
6187,萬潤,電子設備,1130.0,2674924564.4,True,88.93709327548807,19.215017064846414,87.06,2026-06-01,False,35.61643835616438,7.6190476190476195,0.02909266349093375,81.29496402877699,34.73666666666667,35.02824858757062,90.62146892655367,60.67796610169491,68.92655367231639,91.9774011299435,69.44632768361582,88.43537414965986,50.4421768707483
5351,鈺創,半導體,104.0,2646884953.415,True,39.66942148760331,61.911262798634816,657.48,2026-06-01,False,76.92307692307693,5.906313645621178,0.03461991003637027,99.52153110047847,97.47333333333336,77.2316384180791,88.24858757062147,63.84180790960452,98.19209039548022,97.6271186440678,85.02824858757063,99.09297052154194,71.56702794111996
2404,漢唐,電子設備,1150.0,2622440725.0,True,91.97396963123644,15.597269624573379,50.9,2026-06-01,False,30.136986301369863,-5.349794238683128,-0.02592001167485191,83.03249097472924,-28.48000000000001,30.282485875706218,56.158192090395474,30.621468926553675,72.42937853107345,6.779661016949152,39.2542372881356,76.19047619047619,55.68603712671509
2412,中華電,通信網路,137.5,2593906980.875,True,91.3232104121475,16.552901023890783,11.4,2026-06-01,False,26.53061224489796,2.9962546816479403,0.3118485400420966,93.85665529010238,3.2666666666666675,27.005649717514125,82.03389830508473,98.98305084745763,91.18644067796609,47.005649717514125,69.24293785310735,32.19954648526077,42.08943464391406
3324,雙鴻,電子零組件,1015.0,2593416207.4,True,65.88937093275487,41.979522184300336,62.13,2026-06-01,False,62.758620689655174,10.326086956521738,0.06785293770070444,79.296875,-3.463333333333331,62.59887005649718,93.33333333333333,75.81920903954801,63.954802259887,26.892655367231637,64.51977401129942,81.51927437641724,53.68490333986702
3006,晶豪科,半導體,256.5,2565525062.375,True,17.6050753370341,79.38566552901024,328.35,2026-06-01,False,85.38461538461539,8.227848101265822,0.07189650915494684,95.88785046728971,3.5600000000000023,86.21468926553672,91.07344632768361,77.96610169491525,94.91525423728814,48.58757062146893,79.75141242937852,97.73242630385488,71.94723086974903
3036,文曄,電子通路,211.5,2496503638.575,True,66.64859002169197,41.43344709897611,188.09,2026-06-01,False,52.0,0.0,-0.0787490040610872,70.1492537313433,48.26333333333332,51.63841807909605,74.01129943502825,12.54237288135593,40.90395480225989,95.02824858757062,54.824858757062145,95.3514739229025,53.47063684230754
3211,順達,電子零組件,338.5,2462335164.7,True,99.24078091106291,1.877133105802048,20.63,2026-06-01,False,1.3793103448275863,-25.440528634361232,-0.07105493414893715,72.17484008528785,11.156666666666666,0.4519774011299435,7.344632768361582,15.028248587570623,45.98870056497175,70.05649717514125,27.774011299435028,45.91836734693878,46.25360313616972
2377,微星,電腦及週邊,153.0,2437760782.225,True,53.09110629067245,52.286689419795216,-9.23,2026-06-01,False,61.40350877192983,5.517241379310345,0.10725250187976637,98.70967741935483,9.176666666666666,61.35593220338983,87.00564971751412,85.64971751412429,97.28813559322033,65.64971751412429,79.38983050847457,7.482993197278912,44.780352819093736
2376,技嘉,電腦及週邊,344.0,2430602513.725,True,47.722342733188725,55.972696245733786,68.55,2026-06-01,False,68.42105263157895,2.2288261515601784,0.06392694060763994,86.21553884711778,19.486666666666665,68.36158192090396,80.22598870056498,74.80225988700565,78.87005649717514,82.93785310734462,77.03954802259886,84.01360544217688,62.75481378992275
6531,愛普*,半導體,951.0,2407037404.45,True,64.75358702432939,42.93515358361775,59.48,2026-06-01,False,55.38461538461539,3.14533622559653,0.04406011071999885,79.91596638655463,-21.086666666666666,55.254237288135585,82.25988700564972,67.68361581920904,65.64971751412429,9.152542372881356,56.0,80.27210884353741,54.72904416003689
2887,台新新光金,金融控股,35.15,2402546544.07,True,88.06941431670282,20.0,329.5,2026-06-01,False,46.15384615384615,-4.613297150610591,0.07067388438729215,95.38670284938941,-110.59999999999997,46.21468926553673,58.87005649717514,77.28813559322035,94.23728813559322,2.0338983050847457,55.728813559322035,97.95918367346938,69.88527614435606
2451,創見,半導體,297.0,2363191788.0,True,0.596529284164859,96.48464163822526,381.55,2026-06-01,False,97.6923076923077,17.159763313609467,-0.01640150470829013,81.70563961485557,-100.38666666666666,96.61016949152543,96.72316384180792,34.91525423728813,69.83050847457626,2.1468926553672314,60.045197740113,98.4126984126984,67.03255313424805
3042,晶技,電子零組件,168.0,2353010508.725,True,97.55965292841648,4.027303754266211,19.98,2026-06-01,False,4.827586206896552,-16.0,0.028722578007521708,67.46987951807229,9.346666666666668,3.2768361581920904,21.92090395480226,60.451977401129945,33.78531073446327,66.32768361581921,37.152542372881356,45.01133786848073,40.03814520158346
2356,英業達,電腦及週邊,64.0,2226242697.8999996,True,77.9826464208243,31.604095563139932,61.62,2026-06-01,False,35.08771929824561,-8.309455587392547,0.04265143738635288,74.94145199063232,17.13666666666667,34.80225988700565,46.666666666666664,67.00564971751413,53.10734463276836,80.22598870056498,56.36158192090395,81.29251700680273,55.633863714977515
2885,元大金,金融控股,67.7,2215122146.2599998,True,99.29501084598698,1.7064846416382253,,2026-06-01,False,7.6923076923076925,-0.87847730600292,0.07761432919626528,94.6853146853147,487.2633333333334,6.101694915254238,71.1864406779661,79.54802259887006,92.99435028248587,99.32203389830508,69.83050847457628,,42.63653483992467
3529,力旺,半導體,2725.0,2190884805.75,True,53.36225596529284,51.94539249146758,47.05,2026-06-01,False,67.6923076923077,4.606525911708253,-0.020134664675799375,57.917109458023376,23.043333333333333,67.909604519774,85.31073446327684,33.33333333333333,12.994350282485875,86.66666666666667,57.24293785310734,73.24263038548753,42.20896268111764
2882,國泰金,金融控股,99.4,2171991040.66,True,82.32104121475055,27.84982935153584,-42.04,2026-06-01,False,76.92307692307693,3.2191069574247235,0.15680558214673487,86.06060606060608,-122.87666666666667,77.2316384180791,82.37288135593221,91.29943502824858,78.30508474576271,1.807909604519774,66.20338983050847,1.2471655328798186,43.60275183519736
6285,啟碁,通信網路,233.0,2112342190.6,True,93.38394793926247,14.061433447098976,84.37,2026-06-01,False,24.489795918367346,-10.556621880998081,-0.011205745955341202,73.04075235109718,39.42333333333334,24.74576271186441,39.43502824858757,39.09604519774012,47.909604519774014,93.22033898305084,48.88135593220339,87.98185941043084,55.300549598370424
6415,矽力*-KY,半導體,441.5,2095908195.525,True,55.26030368763557,50.44368600682594,37.77,2026-06-01,False,66.92307692307692,-15.583173996175908,0.028006042906658313,65.60178306092125,5.270000000000003,67.34463276836158,23.050847457627118,59.774011299435024,29.152542372881356,54.23728813559322,46.71186440677966,66.78004535147393,60.05659325877244
2486,一詮,電子零組件,231.0,2045474523.575,True,62.57213520197856,44.77815699658703,35.04,2026-06-01,False,67.58620689655173,-10.81081081081081,-0.00679339459134752,75.2442996742671,5.850000000000001,67.79661016949152,38.75706214689266,41.24293785310734,54.01129943502825,56.949152542372886,51.751412429378526,63.94557823129252,61.74910642222991
2618,長榮航,空運,44.4,2012217770.7675,True,27.536231884057973,70.98976109215018,26.58,2026-06-01,False,71.11264685556323,12.121212121212114,0.4058980743118546,98.88641425389754,4.053333333333331,71.52542372881356,94.4632768361582,100.0,97.51412429378531,50.282485875706215,82.75706214689265,52.721088435374156,56.824339905453705
6805,富世達,電子零組件,1670.0,2009807171.25,True,16.691729323308273,79.93174061433447,32.66,2026-06-01,False,95.17241379310344,14.383561643835616,-0.02261698793317619,75.39503386004515,-10.31666666666667,95.14124293785311,95.59322033898306,32.20338983050847,54.35028248587571,15.706214689265538,58.59887005649718,61.111111111111114,53.752354048964214
5371,中光電,光電及I/O,83.0,2004538587.2699997,True,99.83731019522777,0.9215017064846417,-11.35,2026-06-01,False,1.4285714285714286,-10.944206008583695,0.012407854987164306,63.358778625954194,-15.18,0.5649717514124294,38.19209039548023,51.75141242937853,21.92090395480226,12.203389830508476,24.926553672316384,5.839002267573696,22.53319689457704
3533,嘉澤,電子零組件,1910.0,1917983479.5,True,89.09978308026031,18.976109215017065,17.26,2026-06-01,False,33.793103448275865,-2.3017902813299234,-0.04090095378579205,67.01754385964912,3.4433333333333334,33.33333333333333,65.64971751412429,24.74576271186441,32.655367231638415,48.13559322033898,40.90395480225989,42.06349206349206,35.60061877858488
8021,尖點,印刷電路板,395.0,1875793666.0,True,94.92163009404389,11.331058020477816,90.11,2026-06-01,False,24.390243902439025,-24.184261036468328,-0.0035967690193928295,67.98623063683304,10.25,24.63276836158192,8.248587570621469,42.93785310734463,34.91525423728813,68.24858757062147,35.79661016949152,89.1156462585034,60.103770321688
6414,樺漢,電腦及週邊,474.0,1838662615.75,True,99.56616052060737,1.5017064846416381,56.97,2026-06-01,False,5.263157894736842,20.304568527918782,0.07628881246304645,94.23459244532803,18.843333333333334,3.672316384180791,98.30508474576271,79.3220338983051,92.42937853107345,82.25988700564972,71.19774011299435,78.79818594104309,44.148699027633654
2603,長榮,海運,207.5,1829189822.85,True,66.05080831408776,41.911262798634816,30.01,2026-06-01,False,36.36363636363637,6.683804627249357,0.343920932030416,87.55274261603375,8.033333333333331,35.6497175141243,89.15254237288136,99.32203389830508,81.24293785310735,63.502824858757066,73.77401129943503,58.27664399092971,46.50418924632
2484,希華,電子零組件,71.7,1828562243.5600002,True,95.17353579175705,10.716723549488055,-1.4,2026-06-01,False,19.310344827586206,-20.948180815876515,-0.01409166057180462,74.37759336099586,-2.5166666666666666,19.2090395480226,12.203389830508476,36.94915254237288,51.864406779661024,29.830508474576273,30.011299435028246,14.17233560090703,43.26059802452055
3167,大量,電子設備,691.0,1828329460.0,True,81.29032258064515,29.07849829351536,139.66,2026-06-01,False,50.68493150684932,-10.838709677419354,-0.011002167085051104,72.66035751840168,14.940000000000012,50.960451977401135,38.64406779661017,39.32203389830509,46.779661016949156,77.40112994350282,50.621468926553675,93.65079365079364,63.186709712133435
2324,仁寶,電腦及週邊,36.55,1824526467.1775002,True,98.59002169197397,2.5938566552901023,58.38,2026-06-01,False,8.771929824561402,-0.13661202185793514,0.09694264712239958,77.68331562167906,26.313333333333333,7.457627118644068,73.5593220338983,83.84180790960451,61.016949152542374,88.47457627118645,62.87005649717514,79.70521541950113,43.65511741419732
1216,統一,飲料乳品,75.7,1800760321.8700001,True,6.670281995661605,87.71331058020478,4.6,2026-06-01,False,100.0,-3.443877551020411,0.24076523824956927,94.03726708074535,1.4133333333333336,98.75706214689266,62.59887005649718,97.40112994350282,91.52542372881356,39.32203389830509,77.92090395480227,22.33560090702948,62.504804181559635
8271,宇瞻,半導體,235.5,1731279297.0,True,0.4880694143167028,96.89419795221843,200.65,2026-06-01,False,98.46153846153847,30.11049723756906,0.04038619618283797,90.40307101727447,-61.316666666666634,96.8361581920904,99.54802259887006,66.44067796610169,85.98870056497175,3.2768361581920904,70.4180790960452,95.91836734693877,69.79880087628271
4991,環宇-KY,半導體,465.0,1726316000.125,True,80.45977011494253,29.692832764505116,55.06,2026-06-01,False,41.53846153846154,0.7583965330444203,0.03985645958715258,53.44827586206896,-4.056666666666665,41.24293785310734,76.38418079096046,65.87570621468927,7.457627118644068,25.423728813559322,43.27683615819209,78.34467120181405,37.66526384565125
2884,玉山金,金融控股,38.15,1679700526.0799997,True,41.106290672451195,61.092150170648466,25.3,2026-06-01,False,100.0,9.7841726618705,0.2279659321588234,98.70633893919793,-7.326666666666664,98.75706214689266,92.65536723163842,96.27118644067797,97.17514124293785,18.64406779661017,80.70056497175142,51.13378684807256,63.60265575156616
2886,兆豐金,金融控股,50.9,1678149111.0425,True,86.82212581344902,21.87713310580205,1.53,2026-06-01,False,69.23076923076923,8.99357601713061,0.08737133557718677,95.8568738229755,-28.51,69.32203389830508,91.63841807909604,81.24293785310735,94.80225988700565,6.666666666666667,68.73446327683617,17.687074829931973,47.54323763403667
5328,華容,電子零組件,60.8,1665521352.9,True,86.22482131254061,22.389078498293514,63.54,2026-06-01,False,38.62068965517241,-13.758865248226954,-0.007146900462899614,73.78640776699028,30.199999999999996,38.19209039548023,28.474576271186443,40.90395480225989,50.282485875706215,90.5084745762712,49.672316384180796,81.85941043083899,60.46485260770975
8069,元太,光電及I/O,196.0,1626167349.075,True,43.655097613882866,58.97610921501707,-0.62,2026-06-01,False,65.71428571428571,-2.2443890274314215,-0.02234832351118793,72.19152854511971,3.4466666666666663,65.5367231638418,65.76271186440678,32.316384180790955,46.101694915254235,48.24858757062147,51.593220338983045,15.816326530612246,40.423008186325376
1802,台玻,玻璃陶瓷,53.1,1618657775.155,True,89.24485125858124,18.907849829351537,27.0,2026-06-01,False,16.666666666666664,-18.307692307692307,-0.06718554525575252,69.32114882506528,9.943333333333332,16.327683615819208,18.07909604519774,15.706214689265538,38.75706214689266,67.68361581920904,31.310734463276834,54.19501133786848,47.800165263845656
8028,昇陽半導體,半導體,254.0,1613566203.45,True,86.11713665943601,22.457337883959045,33.62,2026-06-01,False,36.92307692307693,-18.72,-0.016155524854815643,71.24824684431978,-3.3133333333333397,36.49717514124294,16.94915254237288,35.367231638418076,43.163841807909606,27.45762711864407,31.887005649717516,62.585034013605444,56.324224605096276
3045,台灣大,通信網路,111.5,1544935245.025,True,11.225596529284164,84.50511945392492,6.57,2026-06-01,False,85.71428571428571,2.7649769585253456,0.35083508826090753,92.5311203319502,2.4833333333333334,86.61016949152543,81.58192090395481,99.54802259887006,89.49152542372882,44.06779661016949,80.25988700564972,25.45351473922903,54.99332218763212
8033,雷虎,無人載具,185.0,1543033956.6,True,66.1611374407583,41.84300341296928,19.63,2026-06-01,False,41.9488597097443,-18.502202643171806,-0.02442700247410844,68.6456400742115,14.129999999999999,41.5819209039548,17.627118644067796,31.412429378531076,36.72316384180791,75.36723163841808,40.54237288135593,44.5578231292517,51.30894730773666
2890,永豐金,金融控股,38.95,1540272294.9325001,True,98.42733188720173,2.7986348122866893,50.94,2026-06-01,False,23.076923076923077,-3.7082818294190356,0.13998047893133053,92.95942720763725,-22.723333333333343,23.785310734463277,61.694915254237294,90.05649717514125,90.28248587570621,8.47457627118644,54.85875706214689,76.30385487528345,57.16918405780392
2883,凱基金,金融控股,30.85,1499960797.5875,True,94.57700650759219,11.80887372013652,,2026-06-01,False,38.46153846153847,2.6622296173044946,0.2436122172289438,97.62658227848101,-55.833333333333314,37.90960451977401,81.24293785310735,97.51412429378531,96.27118644067797,3.84180790960452,63.35593220338984,,50.97928436911488
2892,第一金,金融控股,35.55,1489583310.6200001,True,98.64425162689805,2.525597269624573,9.73,2026-06-01,False,15.384615384615385,5.8035714285714155,0.01697123026171584,96.73469387755101,-19.740000000000002,15.028248587570623,87.79661016949153,54.12429378531074,95.59322033898306,9.943502824858758,52.49717514124294,29.931972789115648,38.18920788654445
3702,大聯大,電子通路,122.5,1478935145.45,True,77.27765726681129,32.081911262798634,131.85,2026-06-01,False,36.0,15.023474178403756,-0.010228161585787059,94.96124031007753,47.349999999999994,35.25423728813559,95.9322033898305,39.66101694915255,93.67231638418079,94.91525423728814,71.88700564971751,93.42403628117914,56.604596640916256
6271,同欣電,半導體,193.5,1448073802.75,True,60.520607375271155,46.00682593856655,10.56,2026-06-01,False,60.76923076923077,-23.214285714285715,-0.0381184146081124,67.30434782608695,4.19,60.564971751412436,9.152542372881356,26.214689265536723,33.559322033898304,50.847457627118644,36.06779661016949,30.839002267573694,53.95268842000077
1590,亞德客-KY,機械,1545.0,1438097379.5,True,75.97613882863341,33.27645051194539,44.88,2026-06-01,False,36.36363636363637,20.703125,0.02813056795988021,99.03846153846155,8.046666666666667,35.6497175141243,98.53107344632768,60.0,97.85310734463278,63.72881355932203,71.15254237288136,71.7687074829932,51.68511472385565
2464,盟立,電子設備,173.5,1416437878.5,True,99.87515605493134,0.8191126279863481,43.05,2026-06-01,False,1.36986301369863,7.430340557275541,0.027913776222500346,87.1859296482412,10.726666666666667,0.3389830508474576,90.16949152542372,59.548022598870055,80.7909604519774,69.49152542372882,60.06779661016949,70.40816326530613,40.34215381067682
2049,上銀,機械,387.0,1413311644.825,True,91.16052060737528,16.757679180887372,31.62,2026-06-01,False,15.151515151515152,16.7420814479638,0.10161610682735084,94.5054945054945,4.793333333333333,14.80225988700565,96.61016949152543,84.63276836158192,92.7683615819209,53.22033898305085,68.40677966101694,59.63718820861678,42.64941004650447
4904,遠傳,通信網路,103.0,1396509538.455,True,67.40780911062907,40.85324232081911,15.9,2026-06-01,False,59.183673469387756,8.421052631578947,0.28202164651477213,91.55555555555556,2.243333333333334,58.75706214689266,91.41242937853107,98.41807909604519,87.57062146892656,43.163841807909606,75.86440677966101,39.229024943310655,48.5360697951497
4939,亞電,印刷電路板,60.8,1374614029.9299998,True,85.12987012987013,23.959044368600683,44.18,2026-06-01,False,53.65853658536586,7.4204946996466346,0.004399076299446481,83.51648351648352,19.54,52.99435028248588,90.05649717514125,47.11864406779661,73.44632768361582,83.1638418079096,69.35593220338983,71.08843537414967,51.868154041277535
1815,富喬,印刷電路板,85.9,1355865932.445,True,55.76131687242798,49.69283276450512,46.36,2026-06-01,False,82.92682926829268,-9.578947368421046,0.03548491616357104,67.63779527559055,-3.4466666666666725,83.954802259887,42.93785310734463,64.0677966101695,34.12429378531073,27.005649717514125,50.4180790960452,72.67573696145124,61.95424497482608
3441,聯一光,消費性電子,84.4,1351071038.775,True,88.27338129496403,19.795221843003414,73.63,2026-06-01,False,20.0,24.85207100591718,-0.005168196274236402,90.94827586206897,18.72333333333333,20.0,99.09604519774011,42.03389830508474,87.00564971751412,81.80790960451978,65.98870056497177,85.82766439909297,48.43431722971674
3264,欣銓,半導體,207.5,1350526560.1,True,94.19739696312365,12.457337883959044,36.56,2026-06-01,False,18.461538461538463,-11.702127659574469,-0.05843172076243445,80.73929961089495,4.123333333333335,17.966101694915253,35.706214689265536,18.757062146892657,67.57062146892655,50.62146892655367,38.12429378531073,65.64625850340136,53.8691917444944
8210,勤誠,電子零組件,1115.0,1349810173.15,True,81.56182212581345,28.668941979522184,98.03,2026-06-01,False,50.3448275862069,-5.106382978723404,0.015926140771740514,71.70418006430869,51.373333333333335,50.847457627118644,57.175141242937855,53.22033898305085,44.293785310734464,95.48022598870057,60.20338983050848,89.79591836734694,56.94050501556555
8112,至上,電子通路,91.2,1340371604.3099997,True,59.00216919739696,47.37201365187713,231.17,2026-06-01,False,60.0,7.294117647058827,0.10144452146890443,90.74626865671642,51.06666666666666,59.71751412429378,89.83050847457628,84.51977401129943,86.55367231638418,95.25423728813558,83.17514124293785,96.82539682539682,63.31651869787463
3131,弘塑,電子設備,2385.0,1333047416.0,True,76.78958785249458,32.55972696245733,15.21,2026-06-01,False,53.42465753424658,-27.83661119515885,-0.10579266370368508,61.07554417413572,9.203333333333333,52.88135593220339,4.745762711864407,7.68361581920904,18.192090395480225,65.87570621468927,29.875706214689266,37.755102040816325,51.020696414158884
2472,立隆電,電子零組件,229.5,1318315917.4,True,96.90889370932754,6.006825938566553,36.2,2026-06-01,False,12.413793103448276,-38.96276595744681,0.06861147290446099,50.60639470782801,9.306666666666668,11.525423728813559,1.2429378531073447,76.38418079096046,5.19774011299435,66.21468926553672,32.112994350282484,65.02267573696146,45.1257254314155
3090,日電貿,電子通路,150.5,1250662429.15,True,92.67895878524945,14.744027303754267,32.37,2026-06-01,False,12.0,-47.4694589877836,-0.04014346015934755,44.26470588235294,5.533333333333335,10.96045197740113,0.3389830508474576,25.19774011299435,2.0338983050847457,56.158192090395474,18.93785310734463,60.8843537414966,43.384930243283755
3044,健鼎,印刷電路板,394.0,1244216646.4,True,93.38394793926247,14.061433447098976,41.97,2026-06-01,False,36.58536585365854,-12.151616499442586,-0.07294833756095248,68.760907504363,2.8233333333333306,35.932203389830505,33.89830508474576,14.350282485875706,37.06214689265537,45.31073446327684,33.31073446327684,69.72789115646259,52.20598408855068
6257,矽格,半導體,199.5,1227442602.5,True,94.03470715835141,12.86689419795222,21.0,2026-06-01,False,20.0,-18.404907975460123,-0.12107390389098431,73.07692307692307,-2.083333333333332,20.0,17.966101694915253,5.875706214689266,48.13559322033898,30.73446327683616,24.54237288135593,46.48526077097506,49.163688074099696
5269,祥碩,半導體,1400.0,1224546184.25,True,5.911062906724512,88.25938566552901,-22.41,2026-06-01,False,93.84615384615384,-5.405405405405405,0.11897560934266793,75.67567567567568,-2.623333333333335,94.01129943502825,55.932203389830505,86.89265536723164,55.028248587570616,29.37853107344633,64.24858757062147,2.8344671201814062,48.98545293823744
3413,京鼎,電子設備,309.0,1213869857.475,True,84.00216919739695,26.006825938566553,39.75,2026-06-01,False,46.57534246575342,-7.623318385650224,0.021386084594672557,80.89005235602095,18.826666666666668,46.440677966101696,49.49152542372882,56.38418079096045,67.909604519774,82.14689265536722,60.474576271186436,67.80045351473923,58.164802644221524
3293,鈊象,資訊服務,799.0,1213747878.1,True,65.0759219088937,42.73037542662116,17.18,2026-06-01,False,20.454545454545457,7.39247311827957,0.2174662139691486,94.78054567022538,2.553333333333333,20.7909604519774,89.94350282485875,95.14124293785311,93.33333333333333,44.40677966101695,68.72316384180792,41.83673469387755,41.50438141358238
3706,神達,電腦及週邊,91.7,1197117847.905,True,72.45119305856834,36.21160409556314,80.93,2026-06-01,False,43.859649122807014,3.3821871476888385,0.11696558204471859,85.70093457943926,26.89666666666667,43.728813559322035,82.93785310734462,86.55367231638418,77.74011299435028,88.8135593220339,75.954802259887,87.6984126984127,56.5573715361851
2880,華南金,金融控股,44.4,1154327032.8475,True,86.8763557483731,21.706484641638223,,2026-06-01,False,61.53846153846154,14.285714285714276,0.10204072572436997,100.0,17.623333333333335,61.63841807909605,95.48022598870057,84.85875706214689,99.2090395480226,80.67796610169492,84.37288135593221,,55.122410546139356
8261,富鼎,半導體,172.0,1146621969.275,True,72.12581344902385,36.655290102389074,16.09,2026-06-01,False,50.76923076923077,-47.07692307692308,0.03724399743254905,48.86363636363637,8.59,51.07344632768361,0.4519774011299435,64.51977401129943,3.615819209039548,64.85875706214689,36.90395480225989,40.136054421768705,48.59333563934048
2645,長榮航太,機車船製造,193.0,1131011766.425,True,84.5223700120919,24.77815699658703,13.01,2026-06-01,False,16.666666666666664,-19.583333333333332,0.007284016722907501,76.73956262425448,1.2100000000000009,16.327683615819208,15.028248587570623,48.92655367231639,58.079096045197744,38.87005649717514,35.44632768361582,34.69387755102041,48.51810215611668
6510,精測,半導體,2695.0,1119013833.5,True,73.7527114967462,34.948805460750854,40.19,2026-06-01,False,46.92307692307692,-5.604203152364273,-0.05928171549466318,64.16666666666667,5.356666666666662,46.666666666666664,55.367231638418076,18.418079096045197,23.954802259887007,54.80225988700565,39.84180790960452,68.02721088435374,45.82036204312233
3035,智原,半導體,172.0,1112714539.35,True,92.5704989154013,14.880546075085324,26.57,2026-06-01,False,21.53846153846154,-20.37037037037037,-0.01057328467352644,73.8197424892704,47.11,21.694915254237287,13.220338983050848,39.43502824858757,50.50847457627119,94.57627118644068,43.887005649717516,52.60770975056689,52.89769014950613
1560,中砂,半導體,662.0,1104743826.15,True,97.23427331887203,4.846416382252559,16.39,2026-06-01,False,6.153846153846154,-6.629055007052186,-0.09612561584202883,86.08582574772431,-1.2733333333333334,4.632768361581921,52.76836158192091,8.813559322033898,78.4180790960452,32.316384180790955,35.38983050847458,40.702947845804985,42.7463584303778
5871,中租-KY,租賃,109.0,1100948540.425,True,18.926247288503255,78.08873720136519,-0.82,2026-06-01,False,78.2308223911541,-4.8034934497816595,0.22372320369072918,88.25910931174089,0.31000000000000016,78.98305084745762,58.30508474576271,95.70621468926554,82.82485875706215,36.15819209039548,70.39548022598869,15.079365079365079,54.64554748453053
1785,光洋科,資源回收,114.5,1094865290.2450001,True,52.386117136659436,52.76450511945392,70.84,2026-06-01,False,43.47826086956522,-19.93006993006993,0.018687664329843666,61.891891891891895,-0.9566666666666634,43.22033898305085,13.785310734463277,55.48022598870056,19.43502824858757,33.33333333333333,33.050847457627114,84.80725623582767,58.4193281832507
4938,和碩,電腦及週邊,87.1,1048086413.1350002,True,98.96963123644251,2.218430034129693,15.89,2026-06-01,False,7.017543859649122,5.3204353083433995,0.1978565906143297,88.42639593908629,11.676666666666666,5.649717514124294,86.89265536723164,94.01129943502825,83.1638418079096,71.35593220338983,68.21468926553672,39.1156462585034,35.25913755332641
1519,華城,電機製品,653.0,1042394274.5,True,71.22141662018963,37.54266211604095,-25.78,2026-06-01,False,27.27272727272727,-9.43134535367545,0.054280830701494975,60.46296296296296,-16.203333333333333,27.74011299435028,43.61581920903955,72.31638418079096,16.94915254237288,11.864406779661017,34.497175141242934,2.494331065759637,25.89194434836081
6789,采鈺,半導體,417.0,1034849928.975,True,62.28686058174524,44.91467576791809,15.55,2026-06-01,False,59.23076923076923,-19.02912621359223,0.03833169835837467,68.24877250409165,5.193333333333333,58.87005649717514,16.158192090395477,65.08474576271186,35.59322033898305,53.898305084745765,45.920903954802256,38.718820861678005,54.25597640186018
2359,所羅門,電子通路,143.5,1027309102.825,True,81.3349084465446,28.9419795221843,35.56,2026-06-01,False,28.000000000000004,3.237410071942446,0.032156954554607535,86.18618618618619,-5.473333333333329,28.24858757062147,82.48587570621469,62.14689265536724,78.64406779661017,22.259887005649716,54.75706214689266,64.5124716553288,47.22981282908644
4967,十銓,半導體,280.0,1023227865.75,True,0.0,99.55631399317406,35.0,2026-06-01,False,99.61538461538461,20.171673819742487,0.08461902847646828,91.95402298850574,-40.39999999999999,97.34463276836158,98.19209039548022,80.7909604519774,88.13559322033898,4.519774011299435,73.79661016949152,63.832199546485256,62.7800837849264
3406,玉晶光,消費性電子,546.0,1022281363.1,True,44.68546637744035,58.15699658703072,4.51,2026-06-01,False,60.0,-11.363636363636363,-0.005051655010011955,70.54263565891473,-15.343333333333332,59.71751412429378,36.836158192090394,42.14689265536723,41.46892655367231,12.09039548022599,38.45197740112994,22.05215419501134,46.60060917022176
7734,印能科技,電子設備,3375.0,991124297.5,True,89.54802259887006,18.56655290102389,-6.43,2026-06-01,False,34.24657534246575,19.047619047619047,0.06260683698270779,77.14285714285715,-69.60666666666667,34.01129943502825,97.74011299435028,74.57627118644068,58.98305084745763,2.824858757062147,53.6271186440678,9.183673469387756,26.10947768938084
5536,聖暉*,電子設備,1060.0,982134004.5,True,92.89587852494577,14.573378839590442,24.9,2026-06-01,False,28.767123287671232,-12.757201646090536,0.004504311647010609,73.86759581881533,2.2766666666666637,29.039548022598872,31.9774011299435,47.2316384180791,50.847457627118644,43.27683615819209,40.47457627118644,50.56689342403629,49.619124485952575
2912,統一超,百貨批發,221.0,956002104.675,True,2.6572668112798263,92.15017064846417,6.31,2026-06-01,False,94.44444444444444,-8.29875518672199,0.15851605639988736,85.65891472868216,0.8233333333333341,94.4632768361582,46.779661016949156,91.75141242937853,77.51412429378531,37.740112994350284,69.64971751412429,24.489795918367346,62.42188400784043
6196,帆宣,電子設備,493.5,947580351.2,True,97.5054229934924,4.163822525597269,120.99,2026-06-01,False,6.8493150684931505,-10.10928961748634,0.03956303509409937,83.64406779661017,43.58333333333333,5.310734463276836,40.790960451977405,65.64971751412429,73.89830508474576,94.01129943502825,55.93220338983051,92.63038548752834,57.76211614589338
5425,台半,電子零組件,82.5,947537133.5200001,True,95.22776572668113,10.580204778156997,9.46,2026-06-01,False,18.620689655172416,-36.7816091954023,-0.03456720141655724,57.291666666666664,1.5066666666666677,18.192090395480225,1.694915254237288,27.570621468926554,12.09039548022599,39.77401129943503,19.864406779661017,29.591836734693878,39.5448518390407
6207,雷科,電子設備,99.9,945516493.725,True,97.39696312364426,4.436860068259386,-2.51,2026-06-01,False,8.21917808219178,-30.624999999999996,0.017212073009922165,60.362537764350456,-12.8,6.779661016949152,3.728813559322034,54.57627118644067,16.72316384180791,13.898305084745763,19.141242937853107,12.585034013605442,33.08976132826012
4764,雙鍵,其他化學,236.5,943593843.575,True,80.80168776371308,29.419795221843003,22.36,2026-06-01,False,37.5,-29.613095238095237,0.04006415560160697,64.88340192043896,-6.230000000000004,37.005649717514125,4.406779661016949,66.21468926553672,26.892655367231637,19.887005649717516,30.881355932203387,47.84580498866213,51.834332603097735
2467,志聖,電子設備,500.0,941441907.05,True,88.66594360086768,19.385665529010236,94.08,2026-06-01,False,36.986301369863014,-10.071942446043165,0.01791558418785395,74.8502994011976,8.876666666666665,36.610169491525426,40.90395480225989,55.028248587570616,52.54237288135594,65.19774011299435,50.056497175141246,89.45578231292517,59.42609247088666
2610,華航,空運,22.5,933044095.405,True,18.82426516572858,78.15699658703072,28.82,2026-06-01,False,78.29993089149966,5.140186915887857,0.22708524142510414,92.97520661157024,4.473333333333336,79.09604519774011,86.55367231638418,96.15819209039547,90.3954802259887,52.20338983050847,80.88135593220338,56.34920634920635,59.82176486413775
4931,新盛力,電子零組件,216.5,929041605.75,True,90.55592766242465,17.33788395904437,145.09,2026-06-01,False,31.03448275862069,-15.098039215686274,0.016081218040019996,77.4597495527728,4.719999999999999,31.186440677966104,24.06779661016949,53.559322033898304,60.33898305084746,53.10734463276836,44.45197740112995,94.21768707482994,65.41882854836851
5434,崇越,電子通路,499.0,919251199.425,True,95.93275488069413,8.771331058020477,32.86,2026-06-01,False,4.0,-1.9646365422396856,0.06260637886997587,83.7248322147651,10.23,2.598870056497175,66.77966101694915,74.46327683615819,74.12429378531074,68.13559322033899,57.22033898305085,61.73469387755102,42.91954917560244
2441,超豐,半導體,117.5,915620800.36,True,95.44468546637745,9.829351535836176,33.15,2026-06-01,False,16.153846153846153,-18.685121107266436,-0.07935840646807595,81.03448275862068,10.73,15.819209039548024,17.17514124293785,12.429378531073446,68.24858757062147,69.6045197740113,36.655367231638415,61.904761904761905,57.199354317998385
3680,家登,電子設備,438.5,907413910.575,True,53.53366722314969,51.80887372013652,37.93,2026-06-01,False,82.1917808219178,-11.59274193548387,-0.0341001073678308,71.18506493506493,2.3866666666666703,83.2768361581921,35.932203389830505,28.0225988700565,42.824858757062145,43.728813559322035,46.75706214689266,66.89342403628117,64.26572889042623
2375,凱美,電子零組件,117.5,900349584.55,True,92.89587852494577,14.573378839590442,18.39,2026-06-01,False,25.517241379310345,-37.6657824933687,0.05606876702443178,50.53763440860215,11.676666666666666,26.101694915254235,1.4689265536723164,72.65536723163842,5.084745762711865,71.35593220338983,35.33333333333333,42.857142857142854,43.14366424535916
2609,陽明,海運,50.5,894398835.25,True,81.09273903666427,29.28327645051195,20.18,2026-06-01,False,18.181818181818183,-2.131782945736437,0.07011801691786776,76.51515151515152,1.4199999999999982,17.683615819209038,66.10169491525424,76.7231638418079,57.6271186440678,39.43502824858757,51.514124293785315,45.3514739229025,38.64012836773128
6173,信昌電,電子零組件,158.0,892002083.175,True,96.90889370932754,6.006825938566553,29.08,2026-06-01,False,12.413793103448276,-42.54545454545455,0.0013696949337997076,45.07845934379458,4.056666666666668,11.525423728813559,0.903954802259887,45.42372881355932,2.4858757062146895,50.3954802259887,22.146892655367232,56.4625850340136,42.392482416695486
2801,彰銀,本國銀行,23.15,888206994.2000002,True,27.765726681127983,70.61433447098976,9.51,2026-06-01,False,100.0,-3.742203742203751,-0.07789364315020683,91.14173228346458,-4.789999999999999,98.75706214689266,61.35593220338983,12.655367231638417,87.11864406779661,23.954802259887007,56.76836158192091,29.705215419501137,63.556247357700144
8043,蜜望實,電子通路,126.0,883984256.8,True,57.25513905683193,48.395904436860064,48.37,2026-06-01,False,64.0,-27.167630057803464,0.013851733468518427,55.62913907284768,3.4566666666666634,64.29378531073446,5.310734463276836,52.429378531073446,9.717514124293785,48.36158192090396,36.02259887005649,74.31972789115646,60.755073215726966
2027,大成鋼,基本金屬,46.6,882143402.0075,True,53.125,52.218430034129696,43.73,2026-06-01,False,47.368421052631575,16.500000000000004,0.21828319432673468,100.0,2.4199999999999946,47.06214689265536,96.38418079096044,95.25423728813558,99.2090395480226,43.84180790960452,76.35028248587571,70.63492063492063,55.130481571159535
3016,嘉晶,半導體,98.0,874215164.735,True,49.82954545454545,54.53924914675768,41.17,2026-06-01,False,72.3076923076923,-19.34156378600823,-0.013478537789954345,64.26229508196721,4.07,72.99435028248588,15.480225988700566,37.28813559322034,24.293785310734464,50.50847457627119,40.11299435028249,69.04761904761905,62.71388216303471
3605,宏致,電子零組件,107.5,847734754.97,True,90.36458333333334,17.542662116040955,29.81,2026-06-01,False,31.724137931034484,17.872807017543856,0.07890610108880147,99.53703703703704,9.256666666666668,32.090395480225986,97.06214689265536,79.88700564971751,98.30508474576271,65.98870056497175,74.66666666666666,57.596371882086174,47.73242630385488
2615,萬海,海運,84.9,843279862.22,True,51.01449275362319,53.37883959044368,32.7,2026-06-01,False,45.45454545454545,5.597014925373134,0.24460291760670091,94.22863485016649,9.816666666666666,45.536723163841806,87.34463276836159,97.6271186440678,92.31638418079096,67.57062146892655,78.07909604519776,61.281179138321995,52.94741342864829
6781,AES-KY,電子零組件,1145.0,836831621.15,True,42.67175572519084,59.93174061433447,25.58,2026-06-01,False,80.0,1.3274336283185841,0.08781078589993371,76.33333333333333,4.579999999999998,80.90395480225989,78.07909604519774,81.35593220338984,56.949152542372886,52.429378531073446,69.94350282485877,51.36054421768708,52.78363887928053
3583,辛耘,電子設備,693.0,836702331.85,True,94.3058568329718,12.252559726962458,-2.67,2026-06-01,False,21.91780821917808,-15.177478580171359,0.015256022145938238,71.73913043478261,-5.876666666666667,21.92090395480226,23.954802259887007,52.88135593220339,44.40677966101695,20.903954802259886,32.813559322033896,12.471655328798185,38.7111341711826
4541,晟田,機車船製造,65.9,832094628.7,True,65.43110394842869,42.25255972696246,58.68,2026-06-01,False,50.0,8.032786885245912,-0.0009652332874877802,87.0541611624835,20.836666666666666,49.83050847457628,90.84745762711864,43.84180790960452,80.45197740112995,84.85875706214689,69.96610169491525,79.93197278911565,54.841750259425815
2493,揚博,電子設備,215.0,828108833.125,True,98.42733188720173,2.7986348122866893,32.06,2026-06-01,False,4.10958904109589,-21.532846715328464,0.04886651652748478,66.2557781201849,14.10666666666667,2.824858757062147,11.412429378531073,70.16949152542374,30.621468926553675,75.2542372881356,38.056497175141246,60.37414965986394,45.60201199123717
2834,臺企銀,本國銀行,16.5,824503094.825,True,51.89804772234273,53.07167235494881,-7.72,2026-06-01,False,55.55555555555556,-8.077994428969355,-0.09871380356024956,90.41095890410958,-14.620000000000001,55.48022598870056,47.344632768361585,8.361581920903955,86.10169491525423,12.54237288135593,41.96610169491525,8.390022675736962,50.656827702832544
2478,大毅,電子零組件,114.0,796077002.5550001,True,97.18004338394793,5.085324232081911,35.76,2026-06-01,False,7.931034482758621,-34.48275862068966,0.009219649623225096,47.107438016528924,14.489999999999998,6.3841807909604515,2.3728813559322033,50.16949152542372,3.050847457627119,76.27118644067797,27.64971751412429,64.62585034013605,42.921999308197854
2353,宏碁,電腦及週邊,30.25,792704104.345,True,37.153720803910915,64.02730375426621,-3.02,2026-06-01,False,77.19298245614034,-6.923076923076923,0.04955183832327923,69.7004608294931,-36.976666666666674,77.74011299435028,51.5819209039548,70.96045197740114,39.548022598870055,5.084745762711865,48.983050847457626,12.131519274376418,44.45943349091049
6278,台表科,印刷電路板,156.0,759565078.625,True,84.11062906724513,25.870307167235495,9.24,2026-06-01,False,58.536585365853654,-21.804511278195488,-0.00011328132280110207,63.28600405679513,4.046666666666667,58.30508474576271,10.96045197740113,44.18079096045198,21.807909604519775,50.16949152542372,37.08474576271187,29.47845804988662,49.657750105691996
8096,擎亞,電子通路,131.5,751043747.35,True,84.38247011952191,24.982935153583618,433.49,2026-06-01,False,22.0,-21.02102102102102,-0.08317898235622387,77.5811209439528,230.37333333333333,22.146892655367232,12.09039548022599,11.525423728813559,60.790960451977405,98.98305084745763,41.10734463276837,98.52607709750568,67.34338368115608
6683,雍智科技,半導體,1120.0,746615904.45,True,94.53828828828829,11.945392491467576,24.55,2026-06-01,False,17.692307692307693,-35.07246376811594,0.020580249885284375,43.66471734892787,5.273333333333333,17.28813559322034,2.1468926553672314,56.158192090395474,1.694915254237288,54.35028248587571,26.327683615819204,50.05668934240363,41.723211883623506
4749,新應材,其他化學,809.0,745750884.75,True,12.0,83.82252559726963,24.61,2026-06-01,False,93.75,-6.581986143187067,0.03232222869743934,68.85106382978722,17.063333333333333,93.61581920903956,52.99435028248588,62.485875706214685,37.40112994350282,80.0,65.2994350282486,50.22675736961452,57.06233905991776
3715,定穎投控,印刷電路板,114.5,740235487.845,True,93.57575757575758,13.92491467576792,45.48,2026-06-01,False,34.146341463414636,-24.17218543046358,0.026288165583357555,56.26535626535627,-3.123333333333335,33.89830508474576,8.361581920903955,58.4180790960452,10.847457627118644,28.361581920903955,27.9774011299435,72.22222222222221,52.15160075329567
6197,佳必琪,電子零組件,293.5,736380284.475,True,92.78741865509761,14.675767918088736,45.21,2026-06-01,False,26.20689655172414,-18.13110181311018,-0.02771313265279704,78.5809906291834,14.46,26.779661016949152,18.757062146892657,29.830508474576273,62.82485875706215,76.15819209039549,42.87005649717515,71.99546485260771,60.71073061993159
1605,華新,電纜,34.55,727775596.095,True,42.78741865509762,59.72696245733788,29.34,2026-06-01,False,30.0,0.43604651162790287,0.013614452217879432,77.99097065462753,19.866666666666667,29.943502824858758,75.36723163841808,52.20338983050847,61.80790960451977,83.84180790960451,60.63276836158192,56.68934240362812,43.268380798647144
6282,康舒,電子零組件,47.15,727166656.3074999,True,82.42214532871972,27.508532423208194,28.28,2026-06-01,False,48.275862068965516,-18.142361111111114,-0.0592015211833108,66.59604519774011,-1.4133333333333304,47.79661016949153,18.531073446327685,18.531073446327685,31.29943502824859,31.52542372881356,29.53672316384181,55.66893424036281,54.058476497943815
6166,凌華,電腦及週邊,141.0,716701920.7,True,47.39524348810872,56.31399317406144,25.89,2026-06-01,False,71.9298245614035,4.83271375464684,0.008493265548969868,84.68468468468468,-30.279999999999994,72.54237288135593,86.10169491525423,49.94350282485876,75.9322033898305,6.101694915254238,58.12429378531074,51.92743764172335,53.57507974941389
6290,良維,電子零組件,202.0,703457581.325,True,86.93058568329718,21.467576791808874,-2.32,2026-06-01,False,36.896551724137936,-32.32830820770519,0.027229364885056923,55.04087193460491,-5.643333333333333,36.32768361581921,3.1638418079096042,58.98305084745763,9.152542372881356,21.694915254237287,25.86440677966102,13.038548752834467,38.83873323340636
5876,上海商銀,本國銀行,43.45,702454675.6875,True,39.859002169197396,61.84300341296929,-4.39,2026-06-01,False,77.77777777777779,1.51869158878506,0.317743337248682,92.4468085106383,-2.3066666666666666,78.24858757062147,78.53107344632768,99.09604519774011,89.26553672316385,30.282485875706218,75.08474576271188,10.657596371882086,49.91016180483493
8111,立碁,光電及I/O,59.4,690586661.1175001,True,93.76355748373102,13.48122866894198,2.34,2026-06-01,False,20.0,18.091451292246525,-0.005328585313832116,73.4239802224969,6.076666666666666,20.0,97.40112994350282,41.920903954802256,49.03954802259887,57.96610169491525,53.265536723163834,18.480725623582767,22.529785925669703
1717,長興,樹脂,66.2,689832921.85,True,92.51626898047722,14.982935153583618,16.21,2026-06-01,False,14.285714285714285,-10.298102981029803,-0.0756363492898122,77.51756440281031,1.5166666666666675,13.954802259887005,40.11299435028249,13.446327683615818,60.451977401129945,40.0,33.59322033898305,40.249433106575964,43.6358046043276
5880,合庫金,金融控股,26.2,689025806.4050001,True,61.82212581344903,45.051194539249146,-8.4,2026-06-01,False,84.61538461538461,4.174950298210739,0.30905642736353073,94.92753623188405,-39.89,85.48022598870057,84.51977401129943,98.87005649717514,93.44632768361582,4.632768361581921,73.38983050847457,7.936507936507936,50.58582189938122
2351,順德,半導體,170.0,688939230.575,True,96.47505422993493,7.337883959044368,51.72,2026-06-01,False,8.461538461538462,-15.0,0.09345595394055482,74.235807860262,14.29,7.005649717514125,24.519774011299436,82.82485875706215,51.29943502824859,75.9322033898305,48.31638418079096,76.75736961451247,52.63567008724394
3033,威健,電子通路,47.05,687707711.7,True,76.2472885032538,33.1740614334471,54.45,2026-06-01,False,38.0,-5.141129032258073,0.0068541444820348916,84.62230215827337,21.970000000000006,37.6271186440678,56.72316384180791,48.58757062146893,75.81920903954801,85.53672316384181,60.85875706214689,78.11791383219955,58.71026941850186
6672,騰輝電子-KY,印刷電路板,229.0,676992822.575,True,97.92134831460673,3.6177474402730376,68.12,2026-06-01,False,7.317073170731707,-23.154362416107382,-0.08813302464700798,72.6984126984127,21.439999999999998,5.988700564971752,9.265536723163843,10.508474576271185,47.11864406779661,85.19774011299435,31.615819209039547,83.90022675736961,56.93550866674353
6409,旭隼,電子零組件,1015.0,655425079.5,True,34.32754880694143,65.66552901023891,5.72,2026-06-01,False,85.51724137931035,-8.144796380090497,-0.008766631750715655,78.68217054263566,8.01,86.32768361581921,47.11864406779661,40.33898305084746,63.05084745762712,63.2768361581921,60.022598870056505,23.582766439909296,56.46066336138975
4916,事欣科,電腦及週邊,108.0,646591520.29,True,29.750982961992133,69.21501706484642,80.52,2026-06-01,False,82.45614035087719,0.0,-0.024569254114296755,86.74698795180723,2.1566666666666663,83.50282485875707,74.01129943502825,31.186440677966104,80.0,42.824858757062145,62.30508474576271,87.41496598639455,69.22662285253084
1810,和成,玻璃陶瓷,24.6,641544893.465,True,18.815789473684212,78.29351535836177,-11.91,2026-06-01,False,66.66666666666666,3.1446540880503147,-0.00728139186331477,72.03513909224012,-3.6333333333333346,66.7231638418079,82.14689265536722,40.790960451977405,45.31073446327684,26.214689265536723,52.237288135593225,5.328798185941043,33.80395095891464
1476,儒鴻,成衣,347.0,639113053.925,True,0.27114967462039047,97.81569965870307,14.42,2026-06-01,False,100.0,3.582089552238806,0.10617496932093257,76.76991150442478,10.63,98.75706214689266,83.72881355932203,85.42372881355932,58.4180790960452,69.15254237288136,79.09604519774011,36.848072562358276,52.57360006149352
6944,兆聯實業,資源回收,771.0,634298209.35,True,24.573378839590443,73.03754266211604,29.98,2026-06-01,False,73.91304347826086,-22.74549098196393,-0.11322137692579666,72.05607476635514,-6.783333333333335,74.57627118644068,9.491525423728813,6.892655367231638,45.42372881355932,19.322033898305087,31.141242937853104,57.993197278911566,67.12541796379568
7750,新代,機械,2330.0,631875794.25,True,43.45794392523364,59.18088737201364,151.4,2026-06-01,False,75.75757575757575,12.832929782082324,0.0015155523120911109,75.8957654723127,39.890000000000015,76.27118644067797,94.68926553672317,45.76271186440678,55.81920903954802,93.44632768361582,73.19774011299435,94.44444444444444,57.96139359698681
1504,東元,電機製品,66.0,624923128.4399999,True,89.75054229934925,18.293515358361777,0.15,2026-06-01,False,9.090909090909092,-2.2222222222222223,-0.011311541746909756,55.23012552301255,-7.933333333333334,7.68361581920904,65.87570621468927,38.87005649717514,9.378531073446329,17.966101694915253,27.954802259887003,16.383219954648524,16.892415158153653
2474,可成,電子零組件,187.5,622714300.5,True,97.12581344902385,5.221843003412969,-55.07,2026-06-01,False,9.310344827586208,-4.092071611253197,-0.052152965848221225,72.95719844357976,-8.549999999999997,7.966101694915253,60.11299435028249,20.451977401129945,47.68361581920904,17.401129943502823,30.72316384180791,0.6802721088435374,24.054248818171335
4966,譜瑞-KY,半導體,598.0,622310103.8,True,29.067245119305856,69.6245733788396,12.23,2026-06-01,False,80.0,-8.702290076335878,0.01634011134060076,68.73563218390805,9.026666666666667,80.90395480225989,45.76271186440678,53.78531073446327,36.94915254237288,65.31073446327683,56.542372881355924,33.560090702947846,51.412621545793456
8042,金山電,電子零組件,116.5,602783005.42,True,20.31823745410037,76.9283276450512,51.3,2026-06-01,False,93.79310344827586,-34.55056179775281,0.038663334952299476,55.34441805225653,12.136666666666663,93.89830508474576,2.2598870056497176,65.31073446327683,9.491525423728813,72.31638418079096,48.65536723163841,76.41723356009071,69.3867942657289
2347,聯強,電子通路,93.4,599888435.3349999,True,72.45119305856834,36.21160409556314,135.45,2026-06-01,False,44.0,5.536723163841814,0.24851743023769574,96.18949536560248,19.44999999999999,43.954802259887,87.11864406779661,97.74011299435028,95.25423728813558,82.59887005649718,81.33333333333333,93.5374149659864,61.406952611553095
1402,遠東新,人纖,27.5,596159517.915,True,44.63123644251627,58.36177474402731,12.06,2026-06-01,False,75.0,0.18214936247723393,0.3755037080861145,94.01709401709401,-3.2200000000000006,75.36723163841808,74.57627118644068,99.77401129943503,91.41242937853107,27.796610169491526,73.78531073446328,33.21995464852608,56.355836119758635
7828,創新服務,電子設備,1710.0,595919324.75,True,56.00000000000001,49.48805460750853,255.83,2026-06-01,False,78.08219178082192,-19.148936170212767,0.06932361851264031,73.54838709677419,-10611.286666666667,78.75706214689265,15.932203389830507,76.49717514124293,49.37853107344633,0.22598870056497175,44.15819209039548,97.05215419501134,77.31388600637996
2458,義隆,半導體,141.5,592316416.175,True,56.995661605206074,48.66894197952219,7.13,2026-06-01,False,63.84615384615384,-22.888283378746593,-0.05371802502580755,74.86772486772487,1.4500000000000002,64.0677966101695,9.378531073446329,19.887005649717516,52.76836158192091,39.66101694915255,37.15254237288136,26.643990929705215,58.52540451208732
5439,高技,印刷電路板,241.0,585050133.2,True,41.97396963123644,60.54607508532423,22.13,2026-06-01,False,90.2439024390244,-25.960061443932414,-0.09446966807164532,54.586636466591166,-13.399999999999995,90.96045197740112,6.892655367231638,9.265536723163843,8.47457627118644,13.559322033898304,25.83050847457627,47.73242630385487,60.068699796302695
2354,鴻準,電子零組件,61.8,583789141.3949999,True,85.84598698481561,23.139931740614333,10.66,2026-06-01,False,40.689655172413794,8.421052631578943,0.07170588737053121,84.42622950819671,37.10666666666667,40.451977401129945,91.29943502824858,77.85310734463276,75.59322033898304,92.7683615819209,75.59322033898304,31.065759637188208,38.95288058726315
2312,金寶,電腦及週邊,31.3,578551413.85,True,55.75793184488836,49.76109215017065,32.7,2026-06-01,False,59.64912280701754,-7.941176470588234,0.05079876641682415,72.11981566820278,25.663333333333334,59.09604519774011,48.47457627118644,71.63841807909604,45.64971751412429,88.24858757062147,62.62146892655367,61.281179138321995,54.38809139474999
2388,威盛,半導體,77.9,576038551.785,True,85.26645768025078,23.754266211604094,34.01,2026-06-01,False,37.69230769230769,6.566347469220263,0.06859742395552372,88.52272727272728,-34.943333333333335,37.28813559322034,88.92655367231639,76.27118644067797,83.61581920903954,5.310734463276836,58.28248587570622,63.26530612244898,48.81067681309811
2630,亞航,機車船製造,48.2,553775134.68,True,70.36613272311213,38.43003412969283,-30.49,2026-06-01,False,33.33333333333333,-10.575139146567711,0.0022162377079082466,66.29986244841815,-2.950000000000003,32.93785310734464,39.32203389830509,46.440677966101696,30.73446327683616,29.039548022598872,35.69491525423729,2.0408163265306123,31.597774703101578
1513,中興電,電機製品,157.5,542793730.925,True,49.891540130151846,54.47098976109215,8.31,2026-06-01,False,54.54545454545454,-6.528189910979229,0.0038363880518327872,84.22459893048129,2.380000000000001,54.40677966101695,53.333333333333336,46.89265536723164,75.14124293785311,43.61581920903955,54.67796610169491,28.117913832199548,51.08315077443407
9904,寶成,鞋及旅行箱,23.9,533834611.3725001,True,20.878524945770067,76.38225255972696,-3.26,2026-06-01,False,77.77777777777779,-1.4432989690721707,-0.037407465773634435,74.22360248447204,-3.513333333333333,78.24858757062147,69.26553672316385,26.440677966101696,51.186440677966104,26.55367231638418,50.33898305084746,11.678004535147393,42.96187401514278
6831,邁科,電子零組件,637.0,530243438.875,True,29.585798816568047,69.48805460750853,29.3,2026-06-01,False,88.96551724137932,-18.542199488491047,-0.04079310163232018,66.63179916317992,31.23,89.83050847457628,17.401129943502823,24.858757062146893,31.412429378531076,90.84745762711864,50.87005649717514,56.575963718820866,65.10444290710635
8932,智通*,資訊服務,98.0,529633947.0400001,True,40.66298342541437,61.29692832764505,-3.5,2026-06-01,False,43.18181818181818,-17.29957805907173,-0.06077127076911738,40.57971014492754,-12.586666666666668,42.93785310734463,20.0,17.740112994350284,1.0169491525423728,14.01129943502825,19.141242937853107,11.564625850340136,33.87985702755678
6525,捷敏-KY,半導體,135.5,526437226.95,True,98.42733188720173,2.7986348122866893,19.84,2026-06-01,False,2.307692307692308,-32.08020050125313,0.0437780092773117,61.31221719457014,0.8133333333333326,1.2429378531073447,3.2768361581920904,67.34463276836158,18.531073446327685,37.6271186440678,25.6045197740113,44.67120181405896,40.29209423882547
3005,神基,電子零組件,115.0,525765561.375,True,65.56399132321042,42.184300341296925,28.59,2026-06-01,False,64.13793103448275,2.6785714285714284,0.1029662550694372,69.6969696969697,11.260000000000002,64.40677966101694,81.35593220338984,84.97175141242937,39.43502824858757,70.28248587570621,68.090395480226,55.78231292517006,44.56704715784618
5475,德宏,印刷電路板,123.5,522003438.625,True,89.02691511387164,19.112627986348123,160.08,2026-06-01,False,41.46341463414634,-35.84415584415584,0.05507847158622016,30.875000000000004,-5.1299999999999955,41.12994350282486,1.92090395480226,72.54237288135593,0.3389830508474576,22.88135593220339,27.762711864406782,94.7845804988662,58.58315077443406
1102,亞泥,水泥製造,32.85,521202763.09250003,True,47.7765726681128,55.836177474402724,-2.21,2026-06-01,False,28.57142857142857,-7.983193277310928,-0.05327835276803784,82.53768844221106,2.003333333333334,28.8135593220339,48.0225988700565,20.0,70.96045197740114,41.920903954802256,41.94350282485876,13.26530612244898,41.25417963795688
3023,信邦,電子零組件,318.0,520656472.975,True,66.86550976138828,41.160409556313994,17.59,2026-06-01,False,61.37931034482759,-2.4539877300613497,-0.03093942733877168,94.50222882615155,0.8933333333333309,61.24293785310735,65.42372881355932,29.265536723163844,92.65536723163842,38.079096045197744,57.333333333333336,42.17687074829932,57.66286175487144
8131,福懋科,半導體,62.7,512472335.0299999,True,73.31887201735357,35.59726962457338,60.87,2026-06-01,False,49.23076923076923,-17.499999999999996,-0.0759433860457483,73.5052754982415,10.529999999999994,48.58757062146893,19.661016949152543,13.220338983050848,49.26553672316384,68.92655367231639,39.93220338983051,80.72562358276643,64.72942849456166
3030,德律,電子設備,290.0,508265582.45,True,85.90021691973969,23.003412969283275,0.43,2026-06-01,False,41.0958904109589,-3.0100334448160537,-0.03917619772596684,69.12991656734208,-25.466666666666665,40.90395480225989,63.954802259887,25.76271186440678,38.079096045197744,7.68361581920904,35.2768361581921,17.006802721088434,33.008762827164766
6691,洋基工程,電子設備,735.0,506856456.35,True,94.69901168014376,11.604095563139932,115.19,2026-06-01,False,20.54794520547945,3.8135593220338984,-0.09502658216408817,92.22082810539524,27.10666666666667,20.903954802259886,84.06779661016948,9.03954802259887,88.58757062146893,89.37853107344634,58.39548022598869,91.9501133786848,54.34346054806103
3357,臺慶科,電子零組件,207.0,505392578.6,True,85.69206842923795,23.208191126279864,57.44,2026-06-01,False,41.37931034482759,-24.727272727272727,0.007700515586363008,59.48275862068966,20.563333333333333,41.01694915254237,7.909604519774012,49.26553672316384,15.254237288135593,84.40677966101696,39.570621468926554,79.02494331065759,56.846631307890384
6753,龍德造船,機車船製造,135.0,501492502.875,True,35.826296743063935,64.91467576791808,33.41,2026-06-01,False,83.33333333333334,-8.783783783783784,-0.01640137710440813,66.33906633906635,-3.2033333333333402,84.51977401129943,45.42372881355932,35.02824858757062,30.847457627118647,27.90960451977401,44.7457627118644,62.131519274376416,58.018755524808796
4971,IET-KY,半導體,460.5,495680642.725,True,91.35714285714286,16.450511945392492,-6.26,2026-06-01,False,26.153846153846157,9.382422802850355,-0.012115154391959572,52.80963302752294,-12.943333333333332,26.666666666666668,91.86440677966101,38.64406779661017,6.779661016949152,13.785310734463277,35.548022598870055,9.63718820861678,12.804777278142897
8064,東捷,電子設備,103.0,487507618.15,True,66.60756501182034,41.50170648464164,15.95,2026-06-01,False,65.75342465753424,-25.36231884057971,0.012077203360029567,59.710144927536234,5.953333333333333,65.64971751412429,7.457627118644068,51.63841807909605,15.706214689265538,57.40112994350282,39.57062146892656,39.455782312925166,53.33852184941773
2812,台中銀,本國銀行,18.65,482533935.1124999,True,48.590021691973966,55.631399317406135,16.56,2026-06-01,False,66.66666666666666,-9.466019417475742,0.033041381897066256,79.70085470085469,-21.686666666666664,66.7231638418079,43.50282485875706,62.93785310734463,65.08474576271186,8.926553672316384,49.435028248587564,40.98639455782313,57.322869825896454
6176,瑞儀,光電及I/O,83.4,477547341.09499997,True,62.418655097613886,44.846416382252556,-15.03,2026-06-01,False,50.0,-7.947019867549657,-0.03100442516905965,57.91666666666667,-3.2733333333333317,49.83050847457628,48.36158192090396,29.152542372881356,12.88135593220339,27.570621468926554,33.55932203389831,4.648526077097506,29.749702140743302
3376,新日興,電子零組件,184.5,476228975.575,True,97.07158351409979,5.324232081911263,-4.76,2026-06-01,False,10.344827586206897,-4.896907216494846,-0.04254830030444445,69.88636363636364,5.746666666666666,9.378531073446329,57.85310734463277,24.06779661016949,40.11299435028249,56.61016949152542,37.60451977401131,10.487528344671201,25.531486605941815
6834,天二科技,電子零組件,87.9,473217515.83000004,True,29.603399433427764,69.419795221843,66.46,2026-06-01,False,88.27586206896552,-32.38461538461538,-0.020817878802117832,66.5909090909091,13.999999999999993,89.26553672316385,3.050847457627119,33.10734463276836,31.186440677966104,74.68926553672316,46.259887005649716,83.33333333333334,75.18361581920904
5388,中磊,通信網路,91.4,460739058.95,True,95.5531453362256,9.658703071672354,70.83,2026-06-01,False,14.285714285714285,8.037825059101669,0.16610014840948592,85.82159624413146,2.056666666666672,13.954802259887005,90.96045197740112,92.42937853107345,77.96610169491525,42.14689265536723,63.49152542372882,84.6938775510204,46.41358238210539
4763,材料*-KY,其他化學,49.9,457814179.39250004,True,18.329718004338392,78.60068259385665,-10.11,2026-06-01,False,78.125,4.831932773109237,0.0469855749208542,68.35616438356165,14.663333333333338,78.87005649717514,85.98870056497175,69.37853107344633,36.15819209039548,76.61016949152543,69.40112994350281,6.802721088435375,33.96056727775856
3019,亞光,消費性電子,129.5,456615872.5,True,52.92841648590022,52.491467576791806,13.14,2026-06-01,False,40.0,-9.75609756097561,-0.014339537277347315,75.51020408163265,-3.3299999999999983,39.66101694915255,42.259887005649716,36.72316384180791,54.91525423728814,27.34463276836158,40.18079096045198,34.92063492063492,46.80925477535647
6138,茂達,半導體,276.0,456191062.5,True,69.68546637744033,38.63481228668942,11.1,2026-06-01,False,53.07692307692308,-26.595744680851062,-0.10762464047636078,62.727272727272734,-2.3500000000000014,52.655367231638415,5.875706214689266,7.005649717514125,20.7909604519774,30.16949152542373,23.29943502824859,31.859410430839002,49.857507974941385
8016,矽創,半導體,310.5,456146380.025,True,91.70281995661605,15.90443686006826,26.61,2026-06-01,False,24.615384615384617,-14.46280991735537,0.048934307054514896,85.53719008264463,-7.960000000000001,24.858757062146893,26.101694915254235,70.3954802259887,77.28813559322035,17.853107344632768,43.299435028248595,53.06122448979592,57.27660555747723
2385,群光,光電及I/O,101.5,455919798.525,True,51.89804772234273,53.07167235494881,-5.48,2026-06-01,False,57.14285714285714,-5.14018691588785,0.0872955308759819,69.28327645051195,3.1499999999999986,57.45762711864407,56.836158192090394,81.12994350282486,38.64406779661017,46.271186440677965,56.06779661016949,10.090702947845804,37.33905991775241
8383,千附,電子設備,70.0,452699320.65,True,84.36018957345972,25.25597269624573,200.07,2026-06-01,False,42.465753424657535,0.4304160688665669,0.04668034377054716,77.43362831858407,105.24666666666666,42.259887005649716,75.2542372881356,69.03954802259888,60.11299435028249,97.96610169491525,68.92655367231639,95.80498866213152,55.730908182482025
2316,楠梓電,印刷電路板,159.5,447560543.25,True,40.075921908893704,61.6382252559727,27.83,2026-06-01,False,92.6829268292683,-23.317307692307693,-0.04235925455956628,68.01705756929638,-19.236666666666665,92.88135593220339,8.926553672316384,24.18079096045198,35.02824858757062,10.16949152542373,34.237288135593225,55.10204081632652,68.52127291594604
3576,聯合再生,光電及I/O,16.95,432971136.30750006,True,17.725752508361204,79.31740614334471,-9.51,2026-06-01,False,84.28571428571429,3.35365853658537,0.11282393882202559,63.48314606741573,-16.286666666666665,85.31073446327684,82.82485875706215,86.10169491525423,22.146892655367232,11.638418079096045,57.604519774011294,7.2562358276643995,32.97225104731158
3563,牧德,電子設備,655.0,426893709.35,True,72.88503253796095,35.83617747440273,15.62,2026-06-01,False,60.273972602739725,-9.153952843273231,0.0380834800548844,68.44305120167189,7.449999999999999,60.33898305084746,44.06779661016949,64.97175141242938,36.38418079096045,62.37288135593221,53.627118644067785,38.88888888888889,47.88606403013183
7788,松川精密,電子零組件,235.0,424986019.275,True,85.20408163265306,23.822525597269625,65.66,2026-06-01,False,42.758620689655174,-6.187624750499002,0.010731513063217917,80.47945205479452,23.953333333333333,42.3728813559322,54.23728813559322,50.73446327683616,67.11864406779661,87.45762711864407,60.38418079096046,82.87981859410431,59.53351397055997
6209,今國光,消費性電子,74.3,423781245.995,True,3.614457831325301,90.85324232081912,73.31,2026-06-01,False,90.0,-8.044554455445544,0.01254163266857977,76.440329218107,3.026666666666671,90.73446327683617,47.570621468926554,51.864406779661024,57.28813559322033,45.98870056497175,58.689265536723155,85.4875283446712,71.48487643645028
2363,矽統,半導體,53.7,422529821.995,True,23.59963269054178,73.99317406143344,74.8,2026-06-01,False,81.53846153846153,-18.140243902439014,-0.082427547027379,70.56504599211564,-8.783333333333331,82.48587570621469,18.64406779661017,11.638418079096045,41.69491525423729,17.28813559322034,34.3502824858757,86.16780045351474,72.92613090433913
6548,長科*,半導體,72.4,412125357.495,True,90.09254218835056,17.8839590443686,37.63,2026-06-01,False,28.46153846153846,-12.665862484921592,0.006167067400807444,73.80224260958207,4.700000000000003,28.474576271186443,32.090395480225986,48.13559322033898,50.3954802259887,52.99435028248588,42.4180790960452,66.55328798185941,53.333237249702144
3693,營邦,電子零組件,527.0,405417122.1,True,94.62631253860407,11.74061433447099,74.98,2026-06-01,False,23.448275862068964,2.131782945736434,0.07075763601752448,72.39010989010988,38.11666666666667,24.06779661016949,80.11299435028249,77.40112994350282,46.32768361581921,92.99435028248587,64.18079096045199,86.28117913832199,44.14091625350705
6719,力智,半導體,213.5,401428510.275,True,17.828054298642535,79.24914675767918,-3.56,2026-06-01,False,84.61538461538461,-19.887429643527206,0.002168090539654187,68.32000000000001,4.866666666666665,85.48022598870057,14.124293785310735,46.32768361581921,35.706214689265536,53.44632768361583,47.01694915254238,11.45124716553288,54.628348514547056
1718,中纖,石化,9.91,389126252.8375,True,71.30872483221476,37.47440273037543,1.92,2026-06-01,False,50.0,-30.211267605633797,-0.06061500120769384,65.19736842105263,-3.1766666666666667,49.83050847457628,3.954802259887006,17.853107344632768,27.45762711864407,28.135593220338983,25.446327683615824,17.913832199546487,47.811791383219955
6121,新普,電子零組件,373.0,388268748.3,True,50.43383947939263,54.19795221843003,11.5,2026-06-01,False,77.93103448275862,-11.296076099881095,0.2589183673058035,79.78609625668449,4.8500000000000005,78.4180790960452,37.06214689265537,97.85310734463278,65.31073446327683,53.333333333333336,66.39548022598869,32.31292517006803,59.744897959183675
6526,達發,半導體,625.0,384715129.95,True,41.17647058823529,61.02389078498294,14.4,2026-06-01,False,76.15384615384615,-4.141104294478527,0.016240140838832202,83.00132802124834,0.5333333333333332,76.49717514124293,59.774011299435024,53.672316384180796,72.20338983050848,36.836158192090394,59.79661016949152,36.734693877551024,56.415311887466856
6206,飛捷,電腦及週邊,144.0,380207984.85,True,68.76355748373102,39.351535836177476,26.29,2026-06-01,False,45.614035087719294,9.505703422053232,0.07912784551744777,97.2972972972973,-12.376666666666665,45.87570621468927,92.42937853107345,80.0,95.81920903954803,14.237288135593221,65.67231638418079,52.38095238095239,50.411622276029064
1409,新纖,人纖,22.5,379089650.71999997,True,74.02386117136659,34.50511945392491,13.44,2026-06-01,False,25.0,-15.254237288135593,-0.08811278615521924,70.97791798107255,-11.100000000000003,25.480225988700568,23.61581920903955,10.621468926553671,42.259887005649716,15.141242937853109,23.423728813559322,35.147392290249435,44.81792151889004
6191,精成科,印刷電路板,83.5,379033484.525,True,86.8763557483731,21.706484641638223,10.28,2026-06-01,False,48.78048780487805,-17.326732673267326,-0.09214610218157772,56.996587030716725,7.086666666666666,48.13559322033898,19.887005649717516,9.717514124293785,11.864406779661017,61.5819209039548,30.237288135593218,30.725623582766442,42.709654483262234
1477,聚陽,成衣,224.0,378522708.875,True,13.177874186550975,83.0716723549488,0.53,2026-06-01,False,73.68421052631578,0.6741573033707865,-0.06658818466615163,66.17429837518463,-6.003333333333334,74.29378531073446,75.9322033898305,16.045197740112993,30.395480225988702,20.56497175141243,43.44632768361582,17.233560090702948,36.49765555939891
3479,安勤,電腦及週邊,138.5,377975484.25,True,86.00867678958785,22.764505119453926,27.85,2026-06-01,False,23.684210526315788,-5.136986301369863,-0.0021112681869351613,88.49840255591054,11.8,24.23728813559322,56.949152542372886,43.389830508474574,83.38983050847457,71.63841807909604,55.920903954802256,55.21541950113379,51.47334640070717
1503,士電,電機製品,193.5,373902692.65,True,68.76355748373102,39.351535836177476,-10.58,2026-06-01,False,36.36363636363637,-12.641083521444695,-0.0715484644787744,72.20149253731343,-20.68,35.6497175141243,32.20338983050847,14.80225988700565,46.21468926553673,9.378531073446329,27.649717514124298,6.122448979591836,38.9458664821861
6829,千附精密,電子設備,191.5,373771524.65,True,93.84328358208955,13.378839590443686,69.4,2026-06-01,False,26.027397260273972,-13.73873873873874,-0.0021963423148115427,68.88489208633094,24.46666666666667,26.440677966101696,28.587570621468927,43.27683615819209,37.514124293785315,87.79661016949153,44.72316384180791,84.35374149659864,54.93024328375419
3673,TPK-KY,光電及I/O,60.4,373655649.475,True,18.16702819956616,78.70307167235495,7.03,2026-06-01,False,82.85714285714286,-22.36503856041131,0.0075681013367713155,64.25531914893618,3.6100000000000003,83.84180790960451,10.16949152542373,49.152542372881356,24.18079096045198,48.92655367231639,43.2542372881356,26.417233560090704,56.06758522618087
7795,長廣,電子設備,428.5,372858972.75,True,84.21052631578947,25.597269624573375,62.55,2026-06-01,False,43.83561643835616,-22.3731884057971,-0.17546237066577866,64.33933933933935,29.019999999999996,43.61581920903955,10.056497175141244,2.4858757062146895,24.858757062146893,90.16949152542372,34.237288135593225,81.63265306122449,60.01268303931742
9914,美利達,其他,80.8,370259069.13500005,True,49.719276356830946,54.8122866894198,-5.51,2026-06-01,False,43.47826086956522,10.989010989010989,0.09377915526258529,70.26086956521739,-5.013333333333333,43.22033898305085,93.78531073446328,83.05084745762711,41.12994350282486,23.27683615819209,56.89265536723165,9.977324263038549,25.135574003612746
2542,興富發,建設,44.3,368917444.985,True,38.611713665943604,62.525597269624576,16.47,2026-06-01,False,54.23728813559322,1.6055045871559532,0.04595085131360185,94.75935828877004,-2052.976666666667,53.78531073446327,78.64406779661017,68.7005649717514,93.10734463276836,0.3389830508474576,58.915254237288124,40.816326530612244,52.26622852530842
2489,瑞軒,光電及I/O,30.85,368840732.0875,True,67.60450160771704,40.61433447098976,23.43,2026-06-01,False,45.714285714285715,-19.661458333333325,0.024291168854779586,54.60176991150443,7.866666666666667,45.98870056497175,14.576271186440678,57.74011299435028,8.587570621468926,62.82485875706215,37.943502824858754,49.09297052154195,47.27324263038548
2105,正新,輪胎,31.4,365366499.79499996,True,22.342733188720175,75.2901023890785,15.01,2026-06-01,False,80.0,-3.08641975308642,0.12351193343370757,78.59824780976219,6.286666666666665,80.90395480225989,63.61581920903955,87.68361581920904,62.93785310734463,58.8135593220339,70.79096045197738,37.641723356009074,54.46692801414351
3088,艾訊,電腦及週邊,136.5,365164100.15,True,91.43167028199566,16.245733788395906,48.37,2026-06-01,False,17.543859649122805,-5.208333333333334,-0.00336949469496312,88.63636363636364,-6.060000000000002,17.17514124293785,56.61016949152542,43.050847457627114,84.01129943502825,20.33898305084746,44.23728813559321,74.31972789115646,54.723999769399285
2421,建準,電子零組件,151.5,364147362.425,True,32.86334056399132,66.48464163822526,18.65,2026-06-01,False,86.20689655172413,6.315789473684211,0.12986062795420616,79.94722955145119,2.4599999999999973,87.45762711864407,88.58757062146893,88.58757062146893,65.87570621468927,43.954802259887,74.89265536723164,43.480725623582764,52.0566220838618
5386,青雲,電子通路,271.0,362436184.15,True,0.7049891540130151,96.27986348122867,442.3,2026-06-01,False,100.0,-27.052489905787347,-0.01629349888252122,45.699831365935914,22.183333333333394,98.75706214689266,5.536723163841808,35.14124293785311,2.824858757062147,85.87570621468926,45.6271186440678,98.63945578231292,73.67116338060647
6449,鈺邦,電子零組件,225.5,359872114.475,True,78.57917570498915,31.262798634812288,23.29,2026-06-01,False,54.48275862068965,-35.9375,0.029340563058783273,48.704103671706264,2.669999999999998,54.12429378531074,1.807909604519774,60.790960451977405,3.5028248587570623,44.74576271186441,32.99435028248588,48.97959183673469,51.19970021907068
3227,原相,半導體,205.5,355931943.3,True,50.81344902386117,53.7542662116041,21.05,2026-06-01,False,70.0,-7.223476297968396,0.01168870805308252,80.11695906432749,9.186666666666666,70.45197740112994,50.960451977401135,51.29943502824859,66.10169491525424,65.76271186440678,60.915254237288124,46.59863945578231,58.047964948691344
4576,大銀微系統,機械,218.0,353067130.25,True,53.73687461395923,51.60409556313993,62.56,2026-06-01,False,69.6969696969697,0.0,0.011075641220653323,76.6256590509666,12.266666666666673,70.05649717514125,74.01129943502825,50.847457627118644,57.96610169491525,72.42937853107345,65.06214689265536,81.74603174603175,58.939332795265
6472,保瑞,藥,417.5,350506264.425,True,89.69631236442517,18.361774744027304,39.22,2026-06-01,False,15.909090909090908,-1.9953051643192488,0.07103620959054338,52.714646464646464,21.906666666666666,15.480225988700566,66.55367231638418,77.62711864406779,6.666666666666667,85.42372881355932,50.35028248587571,67.3469387755102,30.735039778623314
4977,眾達-KY,通信網路,133.5,350149907.825,True,71.14967462039046,37.67918088737201,8.08,2026-06-01,False,53.06122448979592,-12.459016393442624,0.0015105043498701216,49.35304990757856,23.523333333333333,52.54237288135594,32.88135593220339,45.64971751412429,4.067796610169491,87.2316384180791,44.47457627118645,28.00453514739229,37.93333717667858
1514,亞力,電機製品,99.8,345410176.075,True,65.29284164859001,42.491467576791806,39.69,2026-06-01,False,45.45454545454545,-18.530612244897963,-0.07185894230140472,66.75585284280936,23.363333333333333,45.536723163841806,17.51412429378531,14.689265536723164,31.751412429378533,87.00564971751412,39.29943502824859,67.68707482993197,56.86527153234175
8926,台汽電,公用事業,62.0,339237564.04999995,True,0.9219088937093275,95.35836177474403,1719.48,2026-06-01,False,90.9090909090909,-18.421052631578945,-0.18476818397363148,75.4257907542579,712.66,91.41242937853107,17.853107344632768,2.0338983050847457,54.57627118644067,99.54802259887006,53.084745762711876,99.77324263038548,81.97720896268112
2006,東和鋼鐵,基本金屬,88.5,338089562.95,True,55.29028757460662,50.375426621160415,9.01,2026-06-01,False,44.73684210526316,26.068376068376065,0.3484028491424387,100.0,5.550000000000001,44.97175141242938,99.2090395480226,99.43502824858757,99.2090395480226,56.271186440677965,79.81920903954803,29.024943310657598,43.49917368077175
3135,凌航,半導體,168.0,331152208.575,True,7.377049180327869,87.16723549488054,150.02,2026-06-01,False,93.07692307692308,-2.3255813953488373,-0.016219993800692886,64.49136276391555,-180.75333333333336,93.10734463276836,65.5367231638418,35.25423728813559,25.310734463276834,1.5819209039548021,44.158192090395474,94.33106575963718,61.80310542296015
6214,精誠,資訊服務,146.5,330189081.85,True,33.13449023861171,66.21160409556313,76.9,2026-06-01,False,52.27272727272727,2.0905923344947737,0.09131268479023012,92.72151898734177,26.556666666666672,51.9774011299435,80.0,81.92090395480226,89.71751412429379,88.58757062146893,78.44067796610167,86.73469387755102,62.10740228294708
6175,立敦,電子零組件,74.9,328914537.82500005,True,95.82429501084599,9.180887372013652,43.96,2026-06-01,False,17.24137931034483,-28.666666666666664,0.03756352408803906,64.29184549356223,15.67666666666667,17.062146892655367,4.632768361581921,64.85875706214689,24.63276836158192,78.30508474576271,37.898305084745765,70.91836734693877,51.99512855989853
6005,群益證,證券,33.85,328376466.3725,True,30.80260303687636,68.60068259385666,101.2,2026-06-01,False,37.5,-7.005494505494498,-0.20480957315203485,75.1387347391787,-84.91333333333334,37.005649717514125,51.29943502824859,1.4689265536723164,53.78531073446327,2.4858757062146895,29.2090395480226,90.36281179138322,57.46358430377801
1714,和桐,清潔劑,15.75,328328715.78249997,True,14.952220348510398,81.50170648464163,73.41,2026-06-01,False,60.0,-8.695652173913043,-0.037260612490356414,69.23076923076923,-3.2466666666666697,59.71751412429378,45.87570621468927,26.666666666666668,38.4180790960452,27.683615819209038,39.672316384180796,85.71428571428571,59.49354317998385
1795,美時,藥,188.0,327187882.4,True,9.219088937093275,86.3481228668942,225.46,2026-06-01,False,63.63636363636363,-7.8431372549019605,0.011214356957235461,51.790633608815426,108.40666666666667,63.78531073446327,48.92655367231639,51.07344632768361,5.875706214689266,98.07909604519774,53.548022598870055,96.5986394557823,54.33327568315461
8114,振樺電,電腦及週邊,225.5,326588194.775,True,49.0238611713666,55.358361774744026,19.14,2026-06-01,False,66.66666666666666,10.53921568627451,0.14576808564762042,79.54144620811287,27.78,66.7231638418079,93.44632768361582,90.3954802259887,64.85875706214689,89.83050847457628,81.05084745762711,44.10430839002268,45.55997540259041
8086,宏捷科,半導體,111.5,323639728.85,True,1.575757575757576,93.85665529010238,16.05,2026-06-01,False,96.92307692307692,-18.014705882352942,-0.07998480299489488,62.290502793296085,-18.09,96.045197740113,18.870056497175142,12.09039548022599,20.0,10.621468926553671,31.525423728813557,39.682539682539684,59.21442023136939
6538,倉和,光電及I/O,145.0,322967036.75,True,97.82122905027933,3.8907849829351533,46.5,2026-06-01,False,5.714285714285714,6.61764705882353,0.0009555876676243914,92.65175718849841,41.57,4.293785310734463,89.03954802259886,44.97175141242938,89.60451977401131,93.67231638418079,64.31638418079096,72.90249433106575,44.440312848303165
3624,光頡,電子零組件,74.8,321133355.5899999,True,85.68329718004338,23.27645051194539,28.72,2026-06-01,False,42.06896551724138,-48.05555555555556,0.031624404614851664,42.37960339943342,1.879999999999999,41.80790960451977,0.11299435028248588,61.80790960451977,1.3559322033898304,41.01694915254237,29.22033898305084,56.00907029478458,49.76497943810293
8081,致新,半導體,256.0,320030200.275,True,59.436008676789584,47.098976109215016,7.19,2026-06-01,False,62.30769230769231,-9.540636042402827,-0.05830267706005987,74.96339677891655,7.376666666666667,61.92090395480226,43.389830508474574,18.870056497175142,53.22033898305085,62.259887005649716,47.93220338983051,26.75736961451247,49.627195510972754
6202,盛群,半導體,59.9,318369941.84250003,True,73.45794392523365,35.2901023890785,30.93,2026-06-01,False,48.46153846153846,-18.281036834924965,-0.05313018917327316,81.27544097693351,16.116666666666667,47.909604519774014,18.192090395480225,20.225988700564972,68.8135593220339,78.87005649717514,46.802259887005654,59.183673469387756,64.42868672892885
7751,竑騰,電子設備,1385.0,317694661.0,True,61.30434782608696,45.460750853242324,67.24,2026-06-01,False,71.23287671232876,6.94980694980695,0.013830271368813471,51.01289134438306,3.710000000000001,71.63841807909604,89.37853107344634,52.31638418079096,5.536723163841808,49.26553672316384,53.6271186440678,83.56009070294785,42.83917521810984
3577,泓格,電腦及週邊,142.0,309823571.65,True,50.37960954446855,54.30034129692832,85.37,2026-06-01,False,64.91228070175438,13.147410358565736,0.00676485305709235,88.19875776397515,24.516666666666673,64.85875706214689,94.91525423728814,48.47457627118644,82.37288135593221,87.909604519774,75.70621468926554,88.20861678004536,60.13125024020908
4722,國精化,樹脂,232.0,309819275.8,True,97.0173535791757,5.563139931740614,26.94,2026-06-01,False,7.142857142857142,-9.551656920077972,-0.004647726563115893,75.69331158238172,19.116666666666667,5.8192090395480225,43.163841807909606,42.3728813559322,55.254237288135585,82.37288135593221,45.79661016949153,54.08163265306123,42.9978092932088
8155,博智,印刷電路板,295.5,308425609.2,True,79.28416485900217,30.75085324232082,31.9,2026-06-01,False,60.97560975609756,-15.81196581196581,-0.03306046731398577,64.73165388828039,1.6166666666666671,60.67796610169491,22.598870056497177,28.587570621468927,26.327683615819208,40.451977401129945,35.728813559322035,60.090702947845806,56.12437065221569
3022,威強電,電腦及週邊,103.0,304695577.54,True,99.94577006507592,0.2389078498293515,79.97,2026-06-01,False,2.631578947368421,15.730337078651685,0.10365796650397016,100.0,23.75333333333333,1.5254237288135595,96.15819209039547,85.19774011299435,99.2090395480226,87.34463276836159,73.88700564971751,87.18820861678005,47.94111995080519
8050,廣積,電腦及週邊,69.0,303667692.725,True,99.94577006507592,0.2389078498293515,143.6,2026-06-01,False,2.631578947368421,18.55670103092783,0.05043276970430003,100.0,93.13999999999999,1.5254237288135595,97.6271186440678,71.41242937853107,99.2090395480226,97.40112994350282,73.43502824858757,94.10430839002267,49.30291325569776
6739,竹陞科技,電子設備,1005.0,297106905.1,True,38.24786324786324,63.0716723549488,101.13,2026-06-01,False,90.41095890410958,-4.739336492890995,0.02753737628328904,58.77192982456141,0.9299999999999926,91.07344632768361,58.53107344632769,59.32203389830508,14.237288135593221,38.19209039548023,52.271186440677965,90.24943310657596,59.25727353088127
4973,廣穎,半導體,156.0,295684681.525,True,12.88056206088993,83.27645051194538,197.3,2026-06-01,False,90.0,-6.306306306306306,0.007164560895422224,74.28571428571429,33.77000000000001,90.73446327683617,53.898305084745765,48.70056497175141,51.41242937853108,91.75141242937853,67.2994350282486,95.578231292517,70.95670471578462
2207,和泰車,車輛買賣,516.0,294583722.7,True,10.903426791277258,85.11945392491468,48.36,2026-06-01,False,85.27988942639945,8.289611752360965,0.2322511116106372,83.09178743961353,17.78333333333333,86.10169491525423,91.18644067796609,96.61016949152543,72.65536723163842,80.90395480225989,85.4915254237288,74.14965986394559,60.43007033321803
5314,世紀*,其他,60.0,293395843.22,True,23.421354764638348,74.19795221843003,167.87,2026-06-01,False,65.21739130434783,-9.090909090909092,0.004598422371272415,41.66666666666667,13.219999999999999,65.08474576271186,44.40677966101695,47.45762711864407,1.2429378531073447,74.01129943502825,46.44067796610169,95.12471655328798,54.26140512702256
9921,巨大,其他,92.4,285452387.57000005,True,96.46723646723648,7.440273037542662,15.98,2026-06-01,False,8.695652173913043,27.09766162310867,0.09528086262986464,84.38356164383562,9.766666666666666,7.344632768361582,99.43502824858757,83.61581920903954,75.36723163841808,67.45762711864407,66.64406779661017,39.569160997732425,30.71149928898113
2428,興勤,電子零組件,224.5,281709884.825,True,96.85466377440348,6.313993174061433,46.62,2026-06-01,False,14.13793103448276,-30.923076923076927,-0.016040371186381585,65.3566229985444,14.716666666666661,13.615819209039548,3.389830508474576,35.59322033898305,28.361581920903955,76.8361581920904,31.559322033898308,73.12925170068027,52.9292055805373
2476,鉅祥,電子零組件,125.5,274302293.35,True,71.69197396963123,37.098976109215016,53.76,2026-06-01,False,57.931034482758626,-2.7131782945736433,0.046697821481590705,92.27941176470588,11.39,58.079096045197744,64.7457627118644,69.15254237288136,88.70056497175142,70.62146892655367,70.25988700564972,77.89115646258503,64.98126369191745
8110,華東,半導體,45.3,273554480.4875,True,14.625,81.84300341296928,16.26,2026-06-01,False,86.92307692307692,-10.474308300395265,-0.051556589971991126,51.47727272727273,-0.8199999999999967,88.0225988700565,39.548022598870055,20.903954802259886,5.762711864406779,33.559322033898304,37.559322033898304,40.362811791383216,48.65002498174411
6435,大中,半導體,251.5,268443641.05,True,90.6182212581345,17.235494880546078,21.6,2026-06-01,False,27.692307692307693,-32.93333333333333,0.017705797702994387,59.88095238095238,2.503333333333334,28.135593220338983,2.711864406779661,54.80225988700565,16.271186440677965,44.18079096045198,29.220338983050844,47.05215419501133,47.18676736231215
9939,宏全,塑膠製品,144.5,267279234.25,True,86.27982646420824,22.252559726962456,12.13,2026-06-01,False,22.32204561161023,17.959183673469386,0.26483308071868084,100.0,-0.033333333333333215,22.937853107344633,97.17514124293785,98.07909604519774,99.2090395480226,35.02824858757062,70.48587570621469,33.33333333333333,39.57627118644068
6715,嘉基,電子零組件,333.5,265250365.475,True,93.93564356435643,13.037542662116042,-9.2,2026-06-01,False,24.82758620689655,-14.814814814814813,-0.07942668428859932,58.611599297012305,6.39666666666667,24.97175141242938,25.19774011299435,12.31638418079096,13.898305084745763,59.32203389830508,27.14124293785311,7.596371882086168,30.31717206656674
2352,佳世達,光電及I/O,28.3,261203176.325,True,97.45119305856834,4.300341296928328,-0.62,2026-06-01,False,7.142857142857142,-14.24242424242424,-0.06484098047323088,79.94350282485875,0.7766666666666667,5.8192090395480225,27.005649717514125,16.271186440677965,65.76271186440678,37.40112994350282,30.451977401129945,15.816326530612246,40.09814942926323
6643,M31,半導體,437.0,254701455.25,True,96.1015948021264,8.464163822525597,-23.52,2026-06-01,False,13.846153846153847,-1.1312217194570136,0.028062740813110568,62.69727403156384,-19.939999999999998,13.107344632768362,70.16949152542374,59.887005649717516,20.56497175141243,9.717514124293785,34.68926553672317,2.7210884353741496,16.5559783235328
6584,南俊國際,金屬製品,550.0,253648096.075,True,33.997155049786635,65.8703071672355,40.64,2026-06-01,False,71.42857142857143,-17.043740573152338,0.04383448009408931,68.32298136645963,-0.27666666666666373,71.9774011299435,20.56497175141243,67.45762711864407,35.81920903954802,34.57627118644068,46.079096045197744,68.48072562358276,63.92809101041546
8091,翔名,電子設備,225.0,251979410.2,True,96.52928416485899,7.20136518771331,71.7,2026-06-01,False,15.068493150684931,-23.728813559322035,-0.025908205822339082,76.27118644067797,8.63666666666667,14.689265536723164,8.700564971751412,30.73446327683616,56.49717514124294,64.97175141242938,35.11864406779661,85.03401360544217,61.87997232791422
4908,前鼎,通信網路,143.5,250002676.7,True,96.25813449023862,7.849829351535837,29.72,2026-06-01,False,12.244897959183673,-12.5,0.05291236325680905,48.89267461669506,5.316666666666666,11.186440677966102,32.655367231638415,72.090395480226,3.728813559322034,54.463276836158194,34.824858757062145,57.14285714285714,34.850686037126714
6477,安集,光電及I/O,34.05,247025968.21499997,True,94.81935923653715,11.399317406143345,-10.45,2026-06-01,False,17.142857142857142,-14.554579673776672,-0.012357937223497319,74.50765864332602,-14.206666666666667,16.94915254237288,25.76271186440678,38.30508474576271,52.20338983050847,13.220338983050848,29.28813559322034,6.462585034013606,37.46310388562205
2606,裕民,海運,67.5,245823017.36000004,True,38.17787418655097,63.13993174061433,35.52,2026-06-01,False,54.54545454545454,6.973058637083991,0.32097283934791637,93.10344827586206,-3.136666666666663,54.40677966101695,89.49152542372882,99.2090395480226,90.5084745762712,28.24858757062147,72.37288135593221,64.39909297052154,54.95570544602022
3675,德微,電子零組件,265.5,244282411.5,True,85.90021691973969,23.003412969283275,29.99,2026-06-01,False,40.0,-32.95454545454545,-0.009154561853929391,59.0,5.486666666666665,39.66101694915255,2.598870056497175,40.11299435028249,14.689265536723164,55.59322033898305,30.531073446327685,58.16326530612245,52.47866943387525
2485,兆赫,通信網路,40.5,244102260.7625,True,90.39145907473309,17.474402730375427,80.93,2026-06-01,False,30.612244897959183,-18.8376753507014,0.0884662317298448,49.693251533742334,37.43000000000001,30.847457627118647,16.72316384180791,81.58192090395481,4.293785310734463,92.88135593220339,45.26553672316385,87.6984126984127,51.52912294861447
6727,亞泰金屬,電子設備,383.0,243934749.825,True,90.72463768115942,17.133105802047783,-23.9,2026-06-01,False,31.506849315068493,-25.918762088974855,0.0020032608001869317,58.03030303030303,-51.019999999999996,31.751412429378533,7.005649717514125,46.21468926553673,13.107344632768362,4.067796610169491,20.429378531073446,2.6077097505668934,35.11520427379991
3455,由田,電子設備,190.0,239802467.525,True,97.0173535791757,5.563139931740614,-30.02,2026-06-01,False,11.643835616438356,-21.810699588477366,0.047305776603591684,61.29032258064516,-23.83,10.790960451977401,10.847457627118644,69.6045197740113,18.418079096045197,8.022598870056497,23.536723163841806,2.2675736961451247,30.15728890426227
6903,巨漢,電子設備,322.0,239466986.4,True,56.10687022900763,49.28327645051195,163.86,2026-06-01,False,76.71232876712328,-18.274111675126903,-0.023214723522540042,74.19354838709677,-66.15666666666667,77.06214689265536,18.305084745762713,31.63841807909605,51.07344632768361,3.1638418079096042,36.24858757062147,95.01133786848072,76.21046158576425
8454,富邦媒,數位雲端,283.5,238556501.2,True,38.06941431670282,63.24232081911263,6.5,2026-06-01,False,25.0,5.7835820895522385,0.07299051767358009,63.07007786429366,2.526666666666667,25.480225988700568,87.57062146892656,78.4180790960452,21.468926553672315,44.293785310734464,51.44632768361582,25.170068027210885,21.137149775164303
2637,慧洋-KY,海運,87.9,236193766.29000002,True,67.29934924078091,40.989761092150175,57.92,2026-06-01,False,27.27272727272727,5.903614457831332,0.210546744341768,100.0,16.24666666666667,27.74011299435028,88.13559322033898,94.80225988700565,99.2090395480226,79.2090395480226,77.81920903954801,79.36507936507937,54.54465967177832
2233,宇隆,汽車組件,201.0,236101961.525,True,94.19739696312365,12.457337883959044,7.58,2026-06-01,False,16.666666666666664,-20.396039603960396,0.045049698738188405,52.6867627785059,1.96,16.327683615819208,13.107344632768362,68.0225988700565,6.553672316384181,41.69491525423729,29.14124293785311,27.2108843537415,34.24622391329413
3498,陽程,電子設備,116.5,235096962.01999998,True,63.83838383838384,43.617747440273035,50.69,2026-06-01,False,67.12328767123287,-7.905138339920949,-0.0009393290074830469,72.8125,-34.510000000000005,67.45762711864407,48.70056497175141,43.954802259887,47.344632768361585,5.423728813559322,42.57627118644068,75.85034013605441,60.488008762827164
2374,佳能,消費性電子,70.0,233482709.56,True,27.768595041322314,70.51194539249147,18.97,2026-06-01,False,85.0,-6.666666666666667,0.011938925111608637,65.42056074766354,-17.47,85.76271186440678,52.48587570621469,51.52542372881356,28.474576271186443,11.073446327683616,45.864406779661024,43.93424036281179,51.421413198047574
4566,時碩工業,汽車組件,76.3,231533858.575,True,95.67901234567901,9.419795221843003,44.39,2026-06-01,False,13.88888888888889,22.866344605475035,0.06151848161922564,100.0,24.436666666666667,13.220338983050848,98.98305084745763,74.12429378531074,99.2090395480226,87.68361581920904,74.64406779661017,71.31519274376417,46.190380106845
6291,沛亨,半導體,372.5,230916140.3,True,70.82738944365192,38.020477815699664,52.99,2026-06-01,False,52.307692307692314,-19.633225458468175,-0.0018360741995404647,54.86008836524301,15.920000000000002,52.09039548022599,14.80225988700565,43.728813559322035,8.926553672316384,78.75706214689265,39.66101694915254,77.43764172335601,55.913082747223186
3048,益登,電子通路,57.5,223744346.66750002,True,73.36244541484717,35.49488054607509,60.1,2026-06-01,False,42.0,-4.166666666666666,-0.05465401042346567,76.4627659574468,12.090000000000003,41.69491525423729,59.548022598870055,19.54802259887006,57.40112994350282,72.20338983050848,50.079096045197744,80.49886621315193,55.0117222030055
3551,世禾,電子設備,174.0,223555777.075,True,83.78524945770064,26.245733788395903,26.06,2026-06-01,False,49.31506849315068,-14.496314496314497,0.0014767783858303527,77.33333333333333,6.196666666666665,48.70056497175141,25.98870056497175,45.536723163841806,59.49152542372881,58.4180790960452,47.62711864406779,52.15419501133787,58.58939621046159
2305,全友,光電及I/O,26.5,222033463.35,True,30.67978533094812,68.73720136518772,142.33,2026-06-01,False,74.28571428571429,-26.38888888888889,-0.05963974257068506,62.13364595545136,35.253333333333345,74.91525423728814,6.214689265536723,18.305084745762713,19.887005649717516,92.20338983050847,42.30508474576271,93.99092970521542,70.64462508167108
2855,統一證,證券,44.5,220627018.45,True,38.937093275488074,62.35494880546075,199.02,2026-06-01,False,12.5,-11.706349206349204,-0.05233946989480035,75.29610829103216,-344.1766666666666,11.92090395480226,35.59322033898305,20.33898305084746,54.12429378531074,1.3559322033898304,24.666666666666668,95.69160997732426,56.53589684461355
4542,科嶠,電子設備,290.0,219201611.65,True,89.89037758830695,18.156996587030715,102.05,2026-06-01,False,32.87671232876712,-20.656634746922027,-0.04439982949249444,58.70445344129555,46.39,32.54237288135593,12.88135593220339,23.502824858757062,14.01129943502825,94.4632768361582,35.48022598870057,90.47619047619048,56.03712671509281
4915,致伸,光電及I/O,59.5,217249393.325,True,47.017353579175705,56.51877133105801,27.58,2026-06-01,False,61.42857142857143,-13.517441860465112,-0.023049059255573875,66.9291338582677,9.693333333333332,61.46892655367232,29.717514124293785,31.751412429378533,32.316384180790955,67.11864406779661,44.474576271186436,54.761904761904766,54.70742534301856
1708,東鹼,其他化學,48.75,216519040.88250002,True,44.55388180764774,58.43003412969283,3.25,2026-06-01,False,56.25,-17.091836734693874,-0.045198410240578496,79.01134521880064,-17.959999999999997,56.72316384180791,20.33898305084746,23.27683615819209,63.389830508474574,10.734463276836157,34.89265536723163,20.181405895691608,54.98885429878166
3014,聯陽,半導體,135.0,213701892.275,True,51.03036876355749,53.310580204778155,-1.12,2026-06-01,False,68.46153846153847,-3.225806451612903,-0.05164389035164427,80.1186943620178,3.4033333333333333,68.47457627118644,63.2768361581921,20.7909604519774,66.21468926553672,47.909604519774014,53.333333333333336,14.625850340136054,46.50956992966678
2393,億光,光電及I/O,60.9,209778130.32999998,True,39.15401301518438,62.04778156996586,10.58,2026-06-01,False,68.57142857142857,-14.22535211267606,-0.18745300885064697,82.52032520325203,4.623333333333333,68.7005649717514,27.34463276836158,1.807909604519774,70.84745762711864,52.655367231638415,44.271186440677965,30.952380952380953,60.788942695722355
3704,合勤控,通信網路,45.85,209099715.07250002,True,45.605095541401276,57.40614334470989,47.87,2026-06-01,False,65.3061224489796,1.1025358324145533,0.053440016797504666,91.97592778335006,7.073333333333338,65.19774011299435,77.28813559322035,72.20338983050848,88.36158192090396,61.46892655367232,72.90395480225989,73.80952380952381,62.52017756255045
3305,昇貿,印刷電路板,112.5,208698466.54000002,True,65.29284164859001,42.491467576791806,76.0,2026-06-01,False,78.04878048780488,-11.76470588235294,-0.03032878508032729,67.16417910447761,6.819999999999993,78.64406779661017,35.25423728813559,29.37853107344633,32.994350282485875,60.67796610169491,47.38983050847458,86.39455782312925,65.69468465352243
3147,大綜,資訊服務,223.0,207702605.775,True,96.25813449023862,7.849829351535837,334.53,2026-06-01,False,2.272727272727273,-3.8793103448275863,-0.0020562968301774316,63.714285714285715,-77.82,1.1299435028248588,60.67796610169491,43.50282485875706,22.768361581920903,2.598870056497175,26.13559322033898,98.07256235827666,40.32322533533188
6579,研揚,電腦及週邊,171.5,207659789.975,True,85.08676789587852,24.02730375426621,47.1,2026-06-01,False,26.31578947368421,2.083333333333333,0.06623209492699421,93.46049046321527,12.86333333333333,26.892655367231637,79.88700564971751,75.48022598870057,90.96045197740112,73.5593220338983,69.35593220338983,73.35600907029477,52.83052769130251
4551,智伸科,汽車組件,167.5,207446038.775,True,82.48373101952278,27.44027303754266,30.66,2026-06-01,False,30.555555555555557,-27.01525054466231,0.09240376221877279,59.39716312056738,5.399999999999999,30.73446327683616,5.649717514124294,82.48587570621469,15.141242937853109,55.14124293785311,37.83050847457628,58.843537414965986,49.76738152888274
6491,晶碩,醫療耗材,373.0,206689344.05,True,41.21540312876053,60.95563139931741,33.94,2026-06-01,False,34.285714285714285,-0.5333333333333333,0.16831722225166199,98.41688654353563,3.756666666666664,34.18079096045198,72.42937853107345,92.65536723163842,97.06214689265536,49.49152542372882,69.1638418079096,63.15192743764172,55.49137168991891
8464,億豐,五金及家具,381.0,206501869.325,True,35.30368763557484,65.22184300341297,11.73,2026-06-01,False,81.81818181818183,5.833333333333333,0.065054975580184,76.27627627627628,8.493333333333334,82.82485875706215,87.909604519774,75.02824858757063,56.61016949152542,64.7457627118644,73.42372881355932,32.76643990929705,46.07296590952765
2329,華泰,半導體,44.0,199740327.9575,True,49.17825537294564,55.2901023890785,3.62,2026-06-01,False,73.07692307692307,-14.396887159533073,-0.10716880686905597,62.94706723891272,-0.4233333333333329,73.78531073446327,26.779661016949152,7.118644067796611,21.129943502824858,34.23728813559322,32.61016949152542,20.74829931972789,47.22097313501672
9958,世紀鋼,基本金屬,113.5,199023920.375,True,1.9522776572668112,92.96928327645051,64.09,2026-06-01,False,94.73684210526315,-2.9914529914529915,0.07930187131448163,56.89223057644111,22.360000000000007,94.85875706214689,64.18079096045197,80.11299435028249,11.751412429378531,85.98870056497175,67.37853107344633,82.08616780045351,56.128886582881734
5471,松翰,半導體,54.8,198602151.685,True,92.02819956616052,15.392491467576791,47.67,2026-06-01,False,23.076923076923077,-18.934911242603548,-0.06471117255127719,81.06508875739645,14.20666666666667,23.785310734463277,16.38418079096045,16.38418079096045,68.47457627118644,75.59322033898304,40.124293785310726,73.69614512471655,62.39296283485146
2498,宏達電,消費性電子,39.9,198139585.14249998,True,50.649350649350644,53.99317406143345,-8.53,2026-06-01,False,45.0,-11.627906976744185,-0.012010342662973149,53.557046979865774,2.8066666666666666,45.08474576271186,35.81920903954802,38.75706214689266,7.68361581920904,45.19774011299435,34.50847457627118,7.8231292517006805,31.19307044851839
2867,三商壽,壽險,9.81,196948984.588,True,91.64054336468129,16.109215017064844,154.94,2026-05-01,False,16.1022805805114,10.722347629796852,0.35431252999563667,99.0909090909091,144.58666666666667,15.706214689265538,93.67231638418079,99.66101694915255,98.07909604519774,98.41807909604519,81.10734463276836,94.5578231292517,53.667704369883545
3587,閎康,檢測驗證,255.5,195760861.925,True,95.06239826370049,11.058020477815699,11.01,2026-06-01,False,20.0,-10.975609756097562,-0.03452542887688865,64.52020202020202,-9.126666666666667,20.0,38.079096045197744,27.683615819209038,25.536723163841806,16.94915254237288,25.64971751412429,31.689342403628117,34.78674238056804
2436,偉詮電,半導體,61.6,192658059.225,True,14.47939262472885,81.97952218430035,18.28,2026-06-01,False,87.6923076923077,-8.333333333333336,-0.07477047855240704,76.52173913043478,-6.676666666666666,88.8135593220339,46.55367231638418,13.898305084745763,57.74011299435028,19.43502824858757,45.28813559322034,42.7437641723356,60.6859410430839
1319,東陽,汽車組件,76.7,191673929.105,True,30.585683297180044,68.87372013651877,3.04,2026-06-01,False,80.55555555555556,1.1873350923482926,0.015399996702155687,66.69565217391305,5.883333333333334,81.69491525423729,77.74011299435028,52.99435028248588,31.63841807909605,57.28813559322033,60.271186440677965,19.954648526077097,38.886967216265035
2302,麗正,電子零組件,42.9,191107432.8375,True,84.35091879075281,25.324232081911262,45.71,2026-06-01,False,45.51724137931035,-7.443365695792886,0.0017662680585623315,77.43682310469315,14.056666666666665,45.76271186440678,50.16949152542372,45.98870056497175,60.22598870056497,75.02824858757063,55.435028248587585,72.33560090702947,57.038702486644375
3221,台嘉碩,電子零組件,46.15,189179013.01000002,True,84.84304932735427,24.16382252559727,26.6,2026-06-01,False,43.44827586206896,-19.318181818181827,-0.004048056857408624,69.6078431372549,8.286666666666669,43.050847457627114,15.593220338983052,42.71186440677966,39.09604519774012,64.18079096045197,40.92655367231638,52.89115646258503,54.8612071947423
8422,可寧衛*,資源回收,26.3,187756628.1675,True,96.20390455531454,8.054607508532422,50.34,2026-06-01,False,13.043478260869565,-2.59259259259259,-0.008658503027222895,10.52,-29.14666666666666,12.54237288135593,64.97175141242938,40.56497175141243,0.22598870056497175,6.553672316384181,24.971751412429377,75.73696145124717,30.88339290518467
1597,直得,機械,141.0,185820393.875,True,73.21041214750542,35.69965870307168,45.25,2026-06-01,False,45.45454545454545,1.8050541516245486,0.048811552701604165,63.80090497737556,-10.616666666666667,45.536723163841806,78.87005649717514,70.05649717514125,23.163841807909606,15.480225988700566,46.62146892655367,72.10884353741497,40.484838002997805
2355,敬鵬,印刷電路板,40.45,183684841.745,True,42.02247191011236,60.4778156996587,4.44,2026-06-01,False,87.8048780487805,-20.21696252465483,0.044240011400689665,60.37313432835821,0.04999999999999982,89.03954802259886,13.333333333333334,67.79661016949152,16.836158192090394,35.48022598870057,44.49717514124294,21.65532879818594,53.549425419885466
2727,王品,餐飲飯店,236.0,182658885.65,True,1.8159048215403883,93.37883959044369,16.59,2026-06-01,False,87.5,-1.8711018711018712,0.13129154395982962,94.77911646586345,1.6766666666666676,88.4180790960452,67.45762711864407,88.92655367231639,93.22033898305084,40.67796610169492,75.74011299435028,41.156462585034014,63.8343133863715
3236,千如,電子零組件,40.9,181375017.0875,True,82.16318785578748,27.918088737201362,11.93,2026-06-01,False,49.6551724137931,-32.73026315789473,0.017095476914829124,56.02739726027397,-5.733333333333334,48.8135593220339,2.824858757062147,54.35028248587571,10.282485875706215,21.242937853107343,27.502824858757066,33.10657596371882,47.344440601099194
1727,中華化,其他化學,72.2,181059110.52000004,True,84.33208489388264,25.46075085324232,19.24,2026-06-01,False,12.5,-20.572057205720572,-0.021951582912488003,69.0909090909091,-4.219999999999999,11.92090395480226,12.994350282485875,32.655367231638415,37.740112994350284,24.858757062146893,24.033898305084744,44.21768707482993,45.221088435374156
2399,映泰,電腦及週邊,42.55,179306353.3675,True,59.541188738269035,46.894197952218434,-10.32,2026-06-01,False,56.14035087719298,-12.896622313203693,-0.013946695855792076,77.36363636363636,-30.26,56.271186440677965,31.29943502824859,37.06214689265537,59.66101694915255,6.214689265536723,38.10169491525424,6.6893424036281175,47.830527691302514
5443,均豪,電子設備,95.1,178292412.72499996,True,67.95010845986985,40.20477815699658,-10.09,2026-06-01,False,64.38356164383562,-11.12149532710281,-0.0071376756807232265,69.16363636363636,-0.2833333333333332,64.63276836158191,37.6271186440678,41.01694915254237,38.19209039548023,34.463276836158194,43.186440677966104,6.91609977324263,43.02845997155924
2548,華固,建設,94.4,177297410.7,True,22.071583514099782,75.56313993174062,-88.82,2026-06-01,False,76.27118644067797,-6.53465346534653,-0.22528751907243125,71.51515151515152,-12615.72,76.61016949152543,53.10734463276836,0.7909604519774011,43.728813559322035,0.11299435028248588,34.87005649717515,0.11337868480725624,41.836254275721586
2605,新興,海運,32.55,173748049.1575,True,24.09564684242796,73.51535836177474,51.62,2026-06-01,False,90.9090909090909,6.896551724137924,0.12941594796183115,75.08650519031141,31.009999999999998,91.41242937853107,89.26553672316385,88.47457627118645,53.672316384180796,90.62146892655367,82.68926553672318,76.64399092970523,58.115799992313306
2465,麗臺,電腦及週邊,85.1,173592363.005,True,77.50865051903114,31.877133105802045,543.89,2026-06-01,False,36.84210526315789,-4.916201117318442,0.022493788529565434,95.08379888268156,258.88,36.15819209039548,57.6271186440678,56.72316384180791,93.78531073446328,99.2090395480226,68.70056497175142,98.86621315192744,67.7956493331796
6640,均華,電子設備,918.0,172881504.6,True,73.42733188720173,35.358361774744026,0.33,2026-06-01,False,57.534246575342465,-7.738693467336684,0.01891208882805,52.159090909090914,-32.76666666666667,57.85310734463277,49.26553672316384,55.59322033898305,6.214689265536723,5.536723163841808,34.89265536723163,16.666666666666664,32.867231638418076
2466,冠西電,光電及I/O,91.4,169400751.11500004,True,45.380029806259316,57.54266211604096,53.03,2026-06-01,False,64.28571428571429,-7.208121827411161,-0.02267392149426209,74.91803278688525,55.50666666666667,64.51977401129943,51.07344632768361,31.864406779661014,52.99435028248588,96.045197740113,59.299435028248595,77.55102040816327,60.99792459356624
9945,潤泰新,建設,26.75,169098104.5125,True,45.28199566160521,57.61092150170648,29.57,2026-06-01,False,45.76271186440678,3.481624758220497,0.22409948681494862,83.7245696400626,-23.879999999999995,46.101694915254235,83.05084745762711,95.81920903954803,74.01129943502825,7.909604519774012,61.37853107344633,56.916099773242635,48.494561666474496
1609,大亞,電纜,37.05,168980378.59,True,54.12147505422994,51.26279863481229,22.67,2026-06-01,False,20.0,-5.242966751918169,-0.04604836579580655,78.32980972515855,2.3766666666666687,20.0,56.38418079096045,22.824858757062145,62.259887005649716,43.50282485875706,40.994350282485875,48.41269841269841,43.57210115684692
1709,和益,清潔劑,27.8,167527097.36000004,True,79.2299349240781,30.989761092150168,70.14,2026-06-01,False,40.0,13.934426229508206,0.0916603427775127,98.932384341637,43.870000000000005,39.66101694915255,95.36723163841808,82.03389830508473,97.6271186440678,94.12429378531073,81.76271186440678,84.58049886621315,56.62535070525386
2633,台灣高鐵,陸運,25.8,166195749.23250002,True,11.062906724511931,84.91467576791808,2.77,2026-06-01,False,85.07256392536281,-3.3707865168539275,0.12431360701691212,89.89547038327527,-1.4033333333333329,85.87570621468926,62.93785310734463,87.909604519774,85.31073446327684,31.63841807909605,70.73446327683615,19.160997732426306,56.852396325761944
1434,福懋,成衣,17.25,163357106.08999997,True,45.119305856832966,57.81569965870307,-1.45,2026-06-01,False,42.10526315789473,-2.542372881355928,-0.009186904599554995,88.23529411764706,-1.1366666666666665,41.9774011299435,65.19774011299435,40.0,82.59887005649718,32.655367231638415,52.485875706214685,13.945578231292515,43.33102732618471
5284,jpp-KY,電子零組件,297.0,161817799.025,True,68.91661939875213,39.18088737201365,32.06,2026-06-01,False,60.0,-10.0,-0.04007776937219578,64.56521739130436,-11.283333333333331,59.71751412429378,41.186440677966104,25.310734463276834,25.76271186440678,14.80225988700565,33.35593220338983,60.37414965986394,51.16698374264959
4772,台特化,其他化學,233.0,159123606.1,True,0.0,99.55631399317406,272.73,2026-06-01,False,100.0,-13.863216266173753,0.026804826249621827,61.96808510638297,31.383333333333354,98.75706214689266,28.0225988700565,58.644067796610166,19.54802259887006,90.96045197740112,59.186440677966104,97.27891156462584,71.89034936008302
6788,華景電,電子設備,340.0,158826254.3,True,58.35453774385072,47.84982935153584,6.32,2026-06-01,False,75.34246575342466,-15.737298636926889,0.026068189273718453,65.00956022944551,-4.546666666666667,75.81920903954801,22.71186440677966,58.30508474576271,27.231638418079097,24.18079096045198,41.64971751412429,24.6031746031746,51.23553941350552
2915,潤泰全,百貨批發,51.9,158501090.215,True,69.08893709327549,39.044368600682596,12.84,2026-06-01,False,11.11111111111111,-0.19230769230769504,0.0681607566439387,92.34875444839858,22.96333333333333,10.0,73.44632768361582,76.15819209039549,89.03954802259886,86.55367231638418,67.03954802259886,34.467120181405896,40.01508513009723
6613,朋億*,電子設備,276.0,158244349.575,True,97.88503253796095,3.6860068259385668,120.45,2026-06-01,False,5.47945205479452,-14.018691588785046,-0.11547612150217734,70.76923076923077,42.78666666666666,3.954802259887006,27.796610169491526,6.3276836158192085,41.920903954802256,93.89830508474576,34.77966101694915,92.40362811791383,52.62068104077788
3596,智易,通信網路,178.5,157954912.625,True,34.70715835140998,65.52901023890784,3.96,2026-06-01,False,71.42857142857143,-7.989690721649484,0.029468179330322745,71.5430861723447,0.8433333333333328,71.9774011299435,47.909604519774014,61.016949152542374,44.18079096045198,37.96610169491525,52.610169491525426,21.08843537414966,47.33425573619279
4739,康普,其他化學,84.2,157824693.425,True,20.683661645422944,76.72354948805462,113.79,2026-06-01,False,68.75,-14.949494949494946,0.01641763670514889,64.76923076923077,-3.203333333333333,68.92655367231639,24.74576271186441,53.898305084745765,26.440677966101696,28.0225988700565,40.406779661016955,91.72335600907029,65.58620623390598
6265,方土昶,電子通路,55.4,157783581.19250003,True,30.434782608695656,69.01023890784982,1209.51,2026-06-01,False,82.0,5.1233396584440145,0.036408240980517224,86.697965571205,152.2833333333333,83.05084745762711,86.4406779661017,64.29378531073446,79.88700564971751,98.53107344632768,82.4406779661017,99.43310657596372,68.98257042930166
5469,瀚宇博,印刷電路板,71.4,156595450.20000002,True,87.58134490238612,20.68259385665529,15.36,2026-06-01,False,43.90243902439025,-11.414392059553338,-0.14537756881916405,64.03587443946189,7.023333333333333,43.84180790960452,36.49717514124294,4.067796610169491,23.61581920903955,61.35593220338983,33.87570621468926,38.208616780045354,42.292267189361624
3592,瑞鼎,半導體,244.5,155320493.1,True,69.34174932371506,38.77133105802047,18.59,2026-06-01,False,53.84615384615385,-10.275229357798166,0.008032513409753715,78.36538461538461,1.913333333333334,53.27683615819209,40.33898305084746,49.6045197740113,62.37288135593221,41.24293785310734,49.36723163841808,43.31065759637188,54.65534801491218
7822,倍利科,電子設備,850.0,154909385.75,True,8.88888888888889,86.41638225255973,50.72,2026-06-01,False,98.63013698630137,-14.829659318637276,-0.0019520807620144011,46.57534246575342,-18.78,97.06214689265536,25.08474576271186,43.61581920903955,2.937853107344633,10.508474576271185,35.841807909604526,76.07709750566893,62.74808793573927
6693,廣閎科,半導體,185.5,154152202.95,True,48.10744810744811,55.767918088737204,106.98,2026-06-01,False,73.84615384615385,-21.56448202959831,0.04638993287067723,67.08860759493672,4.36666666666666,74.46327683615819,11.186440677966102,68.8135593220339,32.88135593220339,51.864406779661024,47.84180790960452,91.26984126984127,71.85700834005918
8070,長華*,電子通路,47.35,154030782.74499997,True,93.63091997822536,13.78839590443686,32.82,2026-06-01,False,8.0,-10.151802656546492,-0.06082147858011442,72.5114854517611,3.716666666666665,6.553672316384181,40.67796610169492,17.627118644067796,46.666666666666664,49.37853107344633,32.18079096045198,61.451247165532884,43.498405011722205
6426,統新,通信網路,205.5,153484014.575,True,97.54237288135593,4.09556313993174,103.04,2026-06-01,False,6.122448979591836,9.6,0.01118790801062083,71.23050259965338,19.836666666666673,4.519774011299435,92.54237288135593,50.960451977401135,43.050847457627114,83.72881355932203,54.96045197740112,90.702947845805,36.43279910834391
2103,台橡,橡膠原料,25.0,153050056.315,True,17.923433874709975,79.11262798634813,40.24,2026-06-01,False,79.26744989633725,8.45986984815618,-0.018650321432667035,97.65625,9.513333333333332,80.11299435028249,91.52542372881356,33.78531073446327,96.38418079096044,66.77966101694915,73.71751412429379,68.14058956916101,63.27808524539759
3029,零壹,資訊服務,109.5,152208213.655,True,70.39045553145337,38.36177474402731,13.58,2026-06-01,False,18.181818181818183,6.310679611650485,0.18141378523974408,85.88235294117646,-4.813333333333334,17.683615819209038,88.47457627118645,93.33333333333333,78.19209039548024,23.84180790960452,60.30508474576273,35.26077097505669,35.66547522963988
3028,增你強,電子通路,65.9,152017941.755,True,45.98698481561822,56.962457337883954,65.62,2026-06-01,False,74.0,-12.367021276595741,-0.13529972404169918,78.08056872037915,-25.85666666666667,74.80225988700565,32.994350282485875,4.632768361581921,62.03389830508475,7.457627118644068,36.38418079096045,82.76643990929705,71.6520619547254
3694,海華,通信網路,55.6,151053073.965,True,33.035714285714285,66.27986348122867,-4.76,2026-06-01,False,73.46938775510205,-14.46153846153846,-0.05820208329981073,53.46153846153846,1.083333333333334,74.12429378531074,26.214689265536723,18.983050847457626,7.5706214689265545,38.64406779661017,33.10734463276837,10.487528344671201,41.49193858334294
3317,尼克森,半導體,67.3,150437924.88999996,True,96.14967462039046,8.327645051194539,16.07,2026-06-01,False,12.692307692307692,-30.33126293995859,-0.003915417937323927,63.79146919431279,11.469999999999999,12.259887005649718,3.84180790960452,42.824858757062145,23.050847457627118,70.73446327683615,30.54237288135593,39.852607709750565,42.83038356585572
1210,大成,油脂飼料,52.7,150262035.685,True,14.425162689804772,82.04778156996588,12.17,2026-06-01,False,70.0,-7.543859649122803,-0.061375179283052375,89.62585034013605,3.286666666666667,70.45197740112994,49.717514124293785,17.51412429378531,85.19774011299435,47.344632768361585,54.045197740113,33.44671201814059,59.84472885199278
4760,勤凱,電子零組件,236.5,149769789.925,True,50.69560378408459,53.92491467576792,64.8,2026-06-01,False,77.24137931034483,-26.09375,0.08472406970266569,50.534188034188034,0.5633333333333326,77.85310734463276,6.779661016949152,80.90395480225989,4.971751412429379,37.06214689265537,41.51412429378531,82.53968253968253,64.64622006994887
6284,佳邦,電子零組件,73.3,147461390.65,True,86.93058568329718,21.467576791808874,6.58,2026-06-01,False,36.896551724137936,-26.331658291457288,-0.047930591349944235,59.11290322580645,12.003333333333334,36.32768361581921,6.3276836158192085,21.807909604519775,14.80225988700565,71.9774011299435,30.24858757062147,25.623582766439913,42.60646066336139
6664,群翊,電子設備,332.0,145532744.825,True,95.33622559652929,10.204778156996587,19.32,2026-06-01,False,17.80821917808219,-11.11111111111111,-0.008714701649223078,69.16666666666667,7.020000000000001,17.401129943502823,37.79661016949152,40.451977401129945,38.30508474576271,61.24293785310735,39.03954802259887,44.33106575963719,40.5601675698528
3289,宜特,檢測驗證,138.5,144810878.975,True,88.00749531542785,20.13651877133106,-1.56,2026-06-01,False,40.0,-14.241486068111456,0.025780379540857715,65.7957244655582,0.14666666666666628,39.66101694915255,27.11864406779661,58.19209039548022,29.6045197740113,35.706214689265536,38.05649717514124,13.83219954648526,38.994773050463124
6432,今展科,電子零組件,70.9,144270585.53000003,True,94.68546637744033,11.672354948805461,18.87,2026-06-01,False,22.758620689655174,-6.216931216931202,0.0003402145275571147,81.58803222094362,1.2633333333333319,23.389830508474578,54.12429378531074,44.40677966101695,69.37853107344633,38.983050847457626,46.056497175141246,43.65079365079365,45.57371536185096
3402,漢科,電子設備,126.0,144041523.275,True,88.6117136659436,19.453924914675767,29.9,2026-06-01,False,38.35616438356164,-11.888111888111888,-0.07723911863938766,79.74683544303798,7.363333333333333,37.740112994350284,34.91525423728813,12.994350282485875,65.19774011299435,62.14689265536724,42.59887005649718,57.82312925170068,56.4614320304393
1608,華榮,電纜,34.95,144002655.2225,True,0.13029315960912052,98.36177474402731,13.35,2026-06-01,False,100.0,2.643171806167418,-0.040193391469539826,86.18988902589398,3.6099999999999994,98.75706214689266,81.12994350282486,25.08474576271186,78.75706214689265,48.8135593220339,66.50847457627118,35.034013605442176,57.85454859910066
2845,遠東銀,本國銀行,13.2,141857892.55249998,True,85.1409978308026,23.890784982935152,20.15,2026-06-01,False,11.11111111111111,0.0,0.2169606105123057,93.95017793594305,-4.456666666666667,10.0,74.01129943502825,95.02824858757062,91.29943502824858,24.40677966101695,58.949152542372886,45.23809523809524,43.13155770782889
6937,天虹,電子設備,246.0,141306560.375,True,61.37071651090342,45.39249146757679,64.17,2026-06-01,False,69.86301369863014,-4.835589941972921,0.01585250047017404,69.98577524893315,28.663333333333334,70.16949152542374,57.96610169491525,53.10734463276836,40.33898305084746,90.05649717514125,62.32768361581922,82.19954648526077,58.68547984165417
3689,湧德,電子零組件,107.5,139347551.76,True,42.624728850325376,60.0,72.66,2026-06-01,False,80.6896551724138,-12.244897959183673,-0.1011499476618357,75.70422535211267,26.946666666666665,81.80790960451978,33.67231638418079,8.135593220338983,55.367231638418076,89.03954802259886,53.60451977401131,85.26077097505669,72.19089895845343
6517,保勝光學,消費性電子,61.0,138700301.76999998,True,93.85665529010238,13.310580204778159,6.14,2026-06-01,False,10.0,-6.870229007633588,0.014571575244891652,74.29963459196102,22.126666666666665,8.926553672316384,51.864406779661024,52.655367231638415,51.52542372881356,85.76271186440678,50.14689265536724,24.37641723356009,33.240996963757254
3265,台星科,半導體,153.5,138431045.625,True,86.82212581344902,21.87713310580205,3.58,2026-06-01,False,35.38461538461539,-11.527377521613833,-0.013202169910679339,79.32816537467701,-17.596666666666664,34.91525423728813,36.045197740113,37.6271186440678,64.29378531073446,10.96045197740113,36.76836158192091,20.521541950113377,45.92134593950574
7714,創泓科技,數位雲端,153.0,138328359.025,True,60.47745358090185,46.075085324232084,122.9,2026-06-01,False,20.833333333333336,-11.304347826086957,-0.005760636860524733,73.73493975903614,78.05666666666667,21.129943502824858,36.94915254237288,41.69491525423729,50.16949152542372,96.94915254237289,49.378531073446325,92.7437641723356,56.77351166455283
3013,晟銘電,電子零組件,85.1,136110731.47,True,23.567708333333336,74.06143344709898,26.51,2026-06-01,False,91.72413793103448,-16.568627450980397,0.06037388979954049,60.78571428571428,3.5500000000000043,92.20338983050847,21.242937853107343,73.67231638418079,17.51412429378531,48.47457627118644,50.62146892655367,52.49433106575964,60.24222683423651
5243,乙盛-KY,電子零組件,87.1,134688339.935,True,53.579175704989154,51.67235494880546,38.27,2026-06-01,False,75.17241379310344,-10.940695296523522,0.07361291532337697,64.51851851851852,29.560000000000002,75.70621468926554,38.30508474576271,78.75706214689265,25.423728813559322,90.3954802259887,61.71751412429378,67.00680272108843,57.457915369537645
4707,磐亞,清潔劑,31.9,133923964.94000001,True,99.07809110629067,2.0819112627986347,30.81,2026-06-01,False,20.0,-12.000000000000004,-0.013286971741601605,70.88888888888889,38.58,20.0,34.463276836158194,37.40112994350282,42.14689265536723,93.10734463276836,45.42372881355932,59.070294784580504,46.688477650947384
6023,元大期,期貨,86.7,133900834.61500001,True,4.2841648590021695,89.55631399317406,86.15,2026-06-01,False,89.56461644782308,-19.722222222222218,-0.0008189421896086718,80.27777777777779,35.92000000000001,90.3954802259887,14.350282485875706,44.06779661016949,66.44067796610169,92.42937853107345,61.536723163841806,88.3219954648526,82.70196779276682
6190,萬泰科,電子零組件,65.8,133834676.23500001,True,96.85466377440348,6.313993174061433,28.78,2026-06-01,False,14.13793103448276,-19.853836784409253,-0.010229547197260592,71.52173913043478,-4.079999999999998,13.615819209039548,14.237288135593221,39.548022598870055,43.954802259887,25.310734463276834,27.333333333333332,56.12244897959183,49.863945578231295
2495,普安,光電及I/O,36.85,132402883.22749999,True,24.516531503431064,73.10580204778157,40.29,2026-06-01,False,77.14285714285715,-29.809523809523807,-0.1257482208820867,68.49442379182157,-14.446666666666673,77.57062146892655,4.1807909604519775,5.310734463276836,36.49717514124294,13.107344632768362,27.333333333333332,68.25396825396825,69.53524347592145
2328,廣宇,電子零組件,45.15,131905628.63500002,True,97.12581344902385,5.221843003412969,-0.74,2026-06-01,False,9.310344827586208,-6.907216494845364,0.004559067356207416,72.82258064516128,4.680000000000001,7.966101694915253,51.75141242937853,47.344632768361585,47.45762711864407,52.88135593220339,41.48022598870057,15.419501133786847,29.77295437949191
3594,磐儀,電腦及週邊,60.0,128530861.44749999,True,82.64264264264264,27.235494880546074,43.85,2026-06-01,False,31.57894736842105,16.50485436893204,0.04994772946034806,100.0,-5.313333333333333,31.864406779661014,96.49717514124293,71.1864406779661,99.2090395480226,22.48587570621469,64.24858757062147,70.74829931972789,51.33114262654214
1215,卜蜂,油脂飼料,108.0,127586305.55,True,19.522776572668114,77.47440273037543,8.69,2026-06-01,False,50.0,-3.571428571428571,0.04714846846337367,66.05504587155964,6.216666666666667,49.83050847457628,62.259887005649716,69.49152542372882,30.16949152542373,58.53107344632769,54.056497175141246,28.68480725623583,36.60623006264653
2540,愛山林,建設,54.9,127469170.62,True,99.07809110629067,2.0819112627986347,-49.07,2026-06-01,False,1.694915254237288,3.97727272727273,0.1343642372575527,64.28571428571428,3.2433333333333323,0.7909604519774011,84.18079096045197,89.60451977401131,24.463276836158194,46.779661016949156,49.163841807909606,0.9070294784580499,10.495118951535417
3617,碩天,電子零組件,232.0,126102916.1,True,79.04054825813822,31.126279863481226,25.6,2026-06-01,False,53.79310344827586,-4.132231404958678,0.04928935285186313,90.44834307992203,9.496666666666666,53.10734463276836,59.887005649717516,70.62146892655367,86.21468926553672,66.55367231638418,67.27683615819208,51.47392290249433,57.72723778777048
1773,勝一,其他化學,155.0,125729714.675,True,55.63991323210412,50.10238907849829,20.49,2026-06-01,False,50.0,-11.174785100286533,-0.16406061046280798,79.48717948717949,-6.406666666666666,49.83050847457628,37.28813559322034,2.937853107344633,64.7457627118644,19.661016949152543,34.89265536723165,45.69160997732426,55.74493639263615
3526,凡甲,電子零組件,282.5,124273627.65,True,59.54446854663774,46.8259385665529,29.72,2026-06-01,False,69.6551724137931,-9.6,-0.29946529566796043,71.51898734177216,-0.9833333333333343,69.94350282485875,42.824858757062145,0.3389830508474576,43.84180790960452,33.220338983050844,38.03389830508475,57.14285714285714,57.02582728006457
3004,豐達科,機車船製造,124.0,123820927.575,True,66.21346023113529,41.774744027303754,46.56,2026-06-01,False,41.66666666666667,-19.218241042345277,-0.04578286769196677,77.74294670846395,5.426666666666669,41.41242937853107,15.819209039548024,22.937853107344633,61.24293785310735,55.367231638418076,39.355932203389834,73.01587301587301,64.96300780199086
2646,星宇航空,空運,21.3,121486667.67999999,True,75.75057736720554,33.6518771331058,40.81,2026-06-01,False,33.6558396682792,0.7092198581560385,0.20136014452300435,80.68181818181819,3.4366666666666674,33.220338983050844,76.045197740113,94.35028248587571,67.45762711864407,48.0225988700565,63.819209039548035,68.70748299319727,48.335062838694796
5864,致和證,證券,28.8,121128824.0875,True,0.0,99.55631399317406,107.08,2026-06-01,False,100.0,-27.36443883984867,-0.048382227797951476,53.73134328358209,-724.4033333333332,98.75706214689266,4.858757062146893,21.581920903954803,7.796610169491526,0.903954802259887,26.77966101694915,91.38321995464852,73.26953380222145
3416,融程電,電腦及週邊,191.0,120426822.0,True,80.53145336225597,29.55631399317406,24.3,2026-06-01,False,33.33333333333333,5.234159779614325,0.1499216594670786,94.08866995073892,-20.05,32.93785310734464,86.66666666666667,90.62146892655367,91.75141242937853,9.6045197740113,62.31638418079096,49.77324263038549,46.94896037511049
1736,喬山,家電製品,137.0,120079527.525,True,0.8134805345729227,95.7679180887372,14.49,2026-06-01,False,93.75,4.182509505703422,0.04391119265419478,74.86338797814209,6.9799999999999995,93.61581920903956,84.63276836158192,67.57062146892655,52.655367231638415,61.12994350282486,71.92090395480226,37.07482993197279,49.678312002767214
2439,美律,消費性電子,80.2,120025718.95,True,45.22776572668113,57.67918088737202,0.15,2026-06-01,False,55.00000000000001,-9.786276715410576,-0.29808192484353035,66.83333333333333,-1.3266666666666667,54.91525423728814,42.14689265536723,0.4519774011299435,31.9774011299435,31.9774011299435,32.293785310734464,16.383219954648524,40.282245666628235
6155,鈞寶,電子零組件,53.3,119682289.02000003,True,89.04555314533621,19.044368600682592,47.94,2026-06-01,False,34.48275862068966,-27.185792349726785,0.03448316558603746,54.11167512690355,12.403333333333329,34.3502824858757,5.084745762711865,63.61581920903955,8.135593220338983,72.7683615819209,36.7909604519774,73.9795918367347,52.845180445059384
3645,達邁,印刷電路板,68.4,119226075.45,True,64.65237166991554,43.003412969283275,2.7,2026-06-01,False,80.48780487804879,-17.49095295536791,0.13407728017487908,58.21276595744681,-3.5566666666666666,81.46892655367232,19.774011299435028,89.49152542372882,13.220338983050848,26.440677966101696,46.079096045197744,18.820861678004537,48.434028978823164
5340,建榮,印刷電路板,70.3,118377857.60499999,True,4.772234273318872,89.28327645051195,25.75,2026-06-01,False,100.0,-15.096618357487923,0.011536364294705887,52.46268656716418,5.510000000000002,98.75706214689266,24.18079096045198,51.186440677966104,6.3276836158192085,55.932203389830505,47.27683615819209,51.587301587301596,58.12281409739037
6861,睿生光電,醫療耗材,207.0,118338670.175,True,90.34229828850856,17.610921501706482,12.61,2026-06-01,False,14.285714285714285,-29.10958904109589,0.09540326372758075,44.8051948051948,-26.95666666666667,13.954802259887005,4.519774011299435,83.72881355932203,2.3728813559322033,7.005649717514125,22.31638418079096,33.900226757369616,36.42703409047235
1229,聯華,油脂飼料,40.65,117518803.99999997,True,22.66811279826464,74.94880546075086,-52.01,2026-06-01,False,40.0,1.3715710723191947,0.007529161037760467,80.65476190476191,-16.593333333333334,39.66101694915255,78.19209039548024,49.03954802259887,67.34463276836158,11.299435028248588,49.10734463276836,0.7936507936507936,32.401802528921166
5309,系統電,汽車組件,52.0,117389239.5575,True,83.40573414422241,26.621160409556317,4.19,2026-06-01,False,25.0,-17.591125198098258,-0.03397263886415957,63.56968215158925,-4.853333333333333,25.480225988700568,19.54802259887006,28.24858757062147,22.372881355932204,23.728813559322035,23.875706214689266,21.428571428571427,37.43341404358354
1722,台肥,藥,45.5,117042882.7625,True,99.94577006507592,0.2389078498293515,-10.47,2026-06-01,False,3.4090909090909087,-4.311251314405882,0.04305380618759226,83.94833948339483,-9.423333333333334,2.0903954802259888,59.09604519774011,67.2316384180791,74.46327683615819,16.610169491525422,43.898305084745765,6.235827664399093,30.923363695760788
5234,達興材料,光電及I/O,326.0,116931606.675,True,83.56832971800434,26.484641638225252,21.77,2026-06-01,False,32.857142857142854,-14.323258869908015,-0.1568951019129544,70.56277056277057,10.176666666666666,32.429378531073446,26.892655367231637,3.389830508474576,41.5819209039548,67.909604519774,34.44067796610169,47.50566893424036,48.65607825050924
6732,昇佳電子,半導體,158.0,116812939.5,True,50.16655562958028,54.40273037542662,-14.88,2026-06-01,False,71.53846153846153,-19.387755102040817,-0.051675430491498024,61.59844054580896,1.8400000000000016,72.31638418079096,15.36723163841808,20.56497175141243,19.096045197740114,40.90395480225989,33.64971751412429,4.761904761904762,45.20177562550444
8255,朋程,電子零組件,141.0,114291724.8,True,52.49457700650759,52.62798634812287,5.78,2026-06-01,False,75.86206896551724,-20.113314447592067,-0.06716431537125442,65.73426573426573,11.653333333333332,76.38418079096046,13.559322033898304,15.819209039548024,29.491525423728817,71.1864406779661,41.28813559322034,23.809523809523807,54.03147699757869
3094,聯傑,半導體,34.85,113898174.29,True,60.84598698481562,45.80204778156997,74.09,2026-06-01,False,60.0,-13.63073110285006,-0.04190182895364453,77.01657458563537,36.64333333333334,59.71751412429378,29.265536723163844,24.40677966101695,58.75706214689266,92.65536723163842,52.960451977401135,86.05442176870748,68.81586532918251
2515,中工,營造,11.95,113334816.3,True,32.53796095444685,66.79180887372014,-14.32,2026-06-01,False,37.5,-14.028776978417273,-0.17491489402707622,65.30054644808743,-46.123333333333335,37.005649717514125,27.570621468926554,2.598870056497175,27.90960451977401,4.1807909604519775,19.853107344632768,4.988662131519274,35.583323724970214
2402,毅嘉,印刷電路板,54.1,113291548.46000001,True,73.98153177620858,34.60750853242321,21.7,2026-06-01,False,73.17073170731707,-15.993788819875782,-0.040363623325869215,69.62676962676963,4.876666666666665,74.01129943502825,22.033898305084744,24.97175141242938,39.2090395480226,53.559322033898304,42.75706214689266,47.27891156462585,59.61633806064799
7777,能率亞洲,創投,40.35,111250145.00999999,True,68.66666666666667,39.658703071672356,-77.03,2026-06-01,False,39.73738769868694,-0.6157635467980295,0.04891142100596465,90.87837837837839,-717.8233333333333,38.983050847457626,72.20338983050848,70.28248587570621,86.77966101694915,1.0169491525423728,53.85310734463277,0.45351473922902497,38.50320919328183
4961,天鈺,半導體,172.5,110415247.275,True,77.11496746203905,32.21843003412969,24.76,2026-06-01,False,44.61538461538462,-1.9886363636363635,0.08880195015636605,91.75531914893617,17.59,44.85875706214689,66.66666666666666,81.69491525423729,87.79661016949153,80.45197740112995,72.29378531073448,50.45351473922902,54.1105538260502
4766,南寶,樹脂,326.5,108311859.55,True,63.06941431670282,44.436860068259385,12.82,2026-06-01,False,35.714285714285715,-3.829160530191458,-0.016119659242608764,74.45838084378563,-0.5566666666666666,35.14124293785311,60.790960451977405,35.48022598870057,52.09039548022599,33.67231638418079,43.43502824858757,34.35374149659864,40.19860486567508
3010,華立,電子通路,120.5,106702568.05,True,78.52494577006507,31.331058020477816,13.92,2026-06-01,False,34.0,2.553191489361702,-0.024447360420370358,84.85915492957746,-4.3100000000000005,33.559322033898304,80.90395480225989,31.29943502824859,76.49717514124293,24.63276836158192,49.378531073446325,35.600907029478456,41.188362350589955
2206,三陽工業,機車船製造,62.0,105848006.33500001,True,49.72885032537961,54.74402730375426,-13.38,2026-06-01,False,66.66666666666666,-3.4267912772585714,0.12201877934830037,92.95352323838081,-3.876666666666667,66.7231638418079,62.71186440677966,87.34463276836159,90.16949152542372,25.649717514124294,66.51977401129943,5.215419501133787,49.84905261539644
6416,瑞祺電通,電腦及週邊,103.0,105668964.595,True,50.81344902386117,53.7542662116041,58.62,2026-06-01,False,63.1578947368421,4.6747967479674735,0.058585716368432975,96.71361502347418,36.00666666666666,63.10734463276836,85.42372881355932,73.22033898305085,95.48022598870057,92.54237288135593,81.95480225988702,79.81859410430839,63.245608978054506
5009,榮剛,基本金屬,32.85,105593647.80000001,True,52.7114967462039,52.55972696245734,12.93,2026-06-01,False,50.0,-0.755287009063444,0.027117092026030416,81.81818181818183,7.766666666666667,49.83050847457628,71.86440677966101,58.87005649717514,69.94350282485875,62.71186440677966,62.64406779661017,34.58049886621315,45.62252584649679
6670,復盛應用,其他,268.0,104334858.125,True,75.97613882863341,33.27645051194539,7.85,2026-06-01,False,26.08695652173913,2.48565965583174,0.1326733663153561,89.18469217970049,-15.083333333333334,26.55367231638418,80.67796610169492,89.15254237288136,84.63276836158192,12.429378531073446,58.689265536723155,27.77777777777778,39.57156308851224
2889,國票金,金融控股,15.3,104178494.13000001,True,57.10412147505423,48.600682593856654,100.04,2026-06-01,False,92.3076923076923,-3.164556962025316,0.017255601948188086,86.93181818181817,-1196.24,92.59887005649718,63.502824858757066,54.68926553672316,80.33898305084746,0.6779661016949152,58.36158192090395,90.02267573696146,74.86442599638727
3515,華擎,電腦及週邊,212.5,103965362.8,True,27.386117136659436,71.12627986348123,47.6,2026-06-01,False,87.71929824561403,0.7109004739336493,0.07021826604118005,62.96296296296296,52.74,88.92655367231639,76.15819209039549,76.94915254237287,21.242937853107343,95.70621468926554,71.79661016949152,73.58276643990929,51.898516468734385
3535,晶彩科,電子設備,85.2,103673955.81,True,69.70486111111111,38.56655290102389,160.85,2026-06-01,False,61.64383561643836,-18.4688995215311,0.10781718961961062,57.37373737373738,-634.9433333333334,61.80790960451977,17.740112994350284,85.76271186440678,12.31638418079096,1.1299435028248588,35.75141242937853,94.89795918367348,62.82053499365848
4585,達明,機器人,308.5,102761040.725,True,20.77294685990338,76.58703071672355,41.88,2026-06-01,False,76.71043538355218,-2.9874213836477987,0.0010554300782682421,38.5625,13.466666666666665,76.94915254237287,64.29378531073446,45.19774011299435,0.6779661016949152,74.35028248587571,52.293785310734464,69.61451247165533,45.73696145124717
6215,和椿,電子設備,99.0,102641659.66499999,True,63.72017353579176,43.68600682593857,30.49,2026-06-01,False,68.4931506849315,-12.77533039647577,-0.047040837716689446,63.25878594249201,-21.26,68.58757062146893,31.864406779661014,22.48587570621469,21.694915254237287,9.03954802259887,30.734463276836152,58.61678004535147,54.25871478534917
5285,界霖,半導體,77.1,102504264.785,True,82.15835140997831,27.986348122866893,14.12,2026-06-01,False,40.0,-19.687500000000004,0.02906049841306059,70.09090909090908,-6.213333333333333,39.66101694915255,14.463276836158192,60.564971751412436,40.451977401129945,20.0,35.02824858757062,36.394557823129254,50.51106883431339
6412,群電,電子零組件,78.2,102318770.78999999,True,32.75488069414317,66.55290102389078,-0.77,2026-06-01,False,86.89655172413792,-11.936936936936931,-0.13618034497164028,72.07373271889401,6.843333333333334,87.909604519774,34.80225988700565,4.406779661016949,45.536723163841806,60.90395480225988,46.71186440677966,15.249433106575964,53.47337522579653
5498,凱崴,印刷電路板,48.5,101641325.19999999,True,93.71381306865177,13.583617747440274,80.28,2026-06-01,False,31.70731707317073,-18.7604690117253,0.09516561946833468,58.36341756919374,6.533333333333346,31.9774011299435,16.836158192090394,83.50282485875707,13.446327683615818,60.0,41.152542372881356,87.3015873015873,53.97228948076406
7711,永擎,電腦及週邊,375.0,101514205.7,True,1.7341040462427744,93.58361774744027,140.79,2026-06-01,False,96.49122807017544,21.951219512195124,-0.023609849071406765,70.09345794392523,102.89333333333332,95.9322033898305,98.87005649717514,31.52542372881356,40.56497175141243,97.85310734463278,72.9491525423729,93.7641723356009,57.847822744917174
4534,慶騰,機械,34.3,98702358.62249999,True,74.88584474885845,34.129692832764505,112.04,2026-06-01,False,39.39393939393939,2.0833333333333206,-0.03423264170268992,80.99173553719007,52.79666666666667,38.87005649717514,79.77401129943503,27.796610169491526,68.13559322033899,95.81920903954803,62.079096045197744,91.60997732426304,54.71040393558553
3709,鑫聯大投控,電子通路,79.4,97782332.19,True,16.268980477223426,80.44368600682594,72.07,2026-06-01,False,92.0,-0.2512562814070209,0.02853875120740619,85.46824542518837,44.513333333333335,92.42937853107345,73.22033898305085,60.22598870056497,77.17514124293785,94.35028248587571,79.48022598870057,85.14739229024943,70.38289327030247
1232,大統益,油脂飼料,156.5,96845409.45,True,10.032537960954446,85.7679180887372,16.3,2026-06-01,False,90.0,7.560137457044673,0.041002880358444606,92.87833827893175,6.526666666666667,90.73446327683617,90.3954802259887,66.77966101694915,90.05649717514125,59.887005649717516,79.57062146892656,40.532879818594104,57.7320900111457
3059,華晶科,消費性電子,40.15,96025315.24,True,38.937093275488074,62.35494880546075,3.02,2026-06-01,False,65.0,-13.655913978494628,0.07536092268090937,63.73015873015873,-3.563333333333333,64.97175141242938,29.039548022598872,79.09604519774011,22.937853107344633,26.327683615819208,44.47457627118645,19.841269841269842,44.67783158461125
6933,AMAX-KY,電腦及週邊,164.5,94588908.875,True,16.666666666666664,80.0,26.6,2026-06-01,False,89.47368421052632,4.444444444444445,0.0007891947685935848,71.83406113537117,-23.383333333333326,90.28248587570621,84.85875706214689,44.85875706214689,44.51977401129943,8.135593220338983,54.53107344632768,52.89115646258503,50.70866482186095
3217,優群,電子零組件,142.0,94206008.65,True,9.327548806941431,86.1433447098976,2.42,2026-06-01,False,97.24137931034483,-18.155619596541786,-0.12153505666939303,68.59903381642512,11.92,96.38418079096044,18.418079096045197,5.649717514124294,36.610169491525426,71.75141242937853,45.762711864406775,18.594104308390023,58.29259387370767
2527,宏璟,建設,47.1,93209517.35499999,True,45.89896795219989,57.13310580204778,365.12,2026-06-01,False,44.06779661016949,10.56338028169014,0.05639171094631233,93.26732673267327,245.64666666666665,44.06779661016949,93.55932203389831,72.88135593220339,90.73446327683617,99.09604519774011,80.0677966101695,98.29931972789116,59.88556439524963
2204,中華,汽車製造,50.8,92187345.995,True,32.175925925925924,67.09897610921502,6.71,2026-06-01,False,67.17346233586731,-10.877192982456146,-0.02146169257068428,79.375,4.243333333333334,67.57062146892655,38.53107344632768,32.7683615819209,64.51977401129943,51.186440677966104,50.91525423728814,25.850340136054424,54.852415542488174
6620,漢達,藥,84.5,91756698.91,True,53.02013422818792,52.42320819112628,-21.75,2026-06-01,False,27.27272727272727,-15.07537688442211,-0.018208896468143946,56.14617940199336,23.26333333333333,27.74011299435028,24.293785310734464,34.12429378531073,10.508474576271185,86.89265536723164,36.71186440677966,3.061224489795918,29.25400668742073
6712,長聖,生物科技,154.5,91337086.55,True,39.026402640264024,62.25255972696245,16.08,2026-06-01,False,60.0,-11.965811965811966,0.03192295701466739,82.62032085561498,-6.359999999999999,59.71751412429378,34.57627118644068,62.03389830508475,71.2994350282486,19.774011299435028,49.48022598870055,40.022675736961446,59.11583842576579
2483,百容,半導體,35.45,91213079.95000002,True,96.31236442516268,7.542662116040956,34.28,2026-06-01,False,9.615384615384617,-47.86764705882353,-0.014483785929742468,50.71530758226037,13.446666666666669,8.305084745762711,0.22598870056497175,36.49717514124294,5.310734463276836,74.23728813559322,24.915254237288135,63.378684807256235,44.1921288289327
2365,昆盈,光電及I/O,30.25,91054106.175,True,69.0385659967409,39.11262798634812,-17.28,2026-06-01,False,44.285714285714285,-6.923076923076923,0.02183679463412352,59.78260869565217,-26.586666666666666,44.40677966101695,51.5819209039548,56.61016949152542,15.932203389830507,7.118644067796611,35.12994350282486,4.195011337868481,28.238018371190286
6757,台灣虎航,空運,57.4,90820209.39,True,16.314199395770395,80.34129692832764,27.12,2026-06-01,False,80.51140290255702,-1.3745704467354025,-0.016997691588777217,65.30147895335608,2.0166666666666657,81.58192090395481,69.49152542372882,34.57627118644068,28.0225988700565,42.03389830508474,51.14124293785311,54.53514739229025,48.66203543564319
6104,創惟,半導體,93.0,90805935.875,True,50.79178885630499,53.85665529010238,5.66,2026-06-01,False,70.76923076923077,-8.823529411764707,-0.039928782636479185,67.3913043478261,5.636666666666667,71.1864406779661,45.31073446327684,25.536723163841806,33.67231638418079,56.38418079096045,46.41807909604519,23.46938775510204,45.75435258849302
9938,百和,其他紡織,42.1,90365974.17500001,True,36.659436008676785,64.30034129692834,21.21,2026-06-01,False,64.4091223220456,-8.775731310942572,-0.18713733718611342,69.7019867549669,14.043333333333333,64.7457627118644,45.536723163841806,1.92090395480226,39.66101694915255,74.91525423728814,45.35593220338983,46.71201814058957,51.39551865944118
8227,巨有科技,半導體,145.0,90152261.85,True,13.24200913242009,82.86689419795222,88.44,2026-06-01,False,89.23076923076924,-21.83288409703504,-0.026200138357679526,58.23293172690763,-35.25,90.05649717514125,10.734463276836157,30.395480225988702,13.333333333333334,5.19774011299435,29.943502824858758,88.77551020408163,70.35771935893001
1515,力山,家電製品,30.4,89843114.4925,True,56.53021442495126,49.01023890784983,6.37,2026-06-01,False,43.75,-24.283935242839352,0.033764553006136136,67.78149386845038,7.956666666666666,43.44632768361582,8.135593220338983,63.389830508474574,34.3502824858757,63.163841807909606,42.49717514124294,24.829931972789115,48.62273723048541
4770,上品,樹脂,216.5,89700629.45,True,87.05357142857143,21.22866894197952,-6.95,2026-06-01,False,28.57142857142857,-0.45977011494252873,0.11506430781679144,67.86833855799374,-10.746666666666666,28.8135593220339,72.65536723163842,86.4406779661017,34.463276836158194,15.36723163841808,47.548022598870055,8.843537414965986,24.866251585379914
3209,全科,電子通路,57.6,89600652.46000001,True,93.92624728850325,13.10580204778157,170.41,2026-06-01,False,6.0,-2.040816326530605,-0.07539055322119297,70.76167076167076,74.96,4.406779661016949,66.21468926553672,13.67231638418079,41.80790960451977,96.61016949152543,44.54237288135593,95.23809523809523,43.80952380952381
4169,泰宗,藥,157.0,88896539.925,True,27.27272727272727,71.26279863481228,4.01,2026-06-01,False,40.909090909090914,-43.727598566308245,-0.07274397459202954,55.97147950089126,3.26,40.790960451977405,0.7909604519774011,14.463276836158192,10.056497175141244,46.89265536723164,22.598870056497177,21.201814058956916,42.81457780852455
9941,裕融,租賃,84.3,88365331.51999998,True,10.032537960954446,85.7679180887372,-4.0,2026-06-01,False,85.9364201796821,4.07407407407407,0.22533372929289724,77.6958525345622,-1.3000000000000003,87.00564971751412,84.29378531073446,95.9322033898305,61.12994350282486,32.090395480225986,72.090395480226,10.884353741496598,43.68154041277528
2504,國產,預拌混凝土,30.75,86462180.7875,True,13.873775843307943,82.38907849829351,-18.57,2026-06-01,False,82.51554941257776,-4.205607476635518,-0.013838976541331168,77.55359394703657,-6.93,83.61581920903954,59.43502824858757,37.175141242937855,60.564971751412436,18.983050847457626,51.954802259887,3.741496598639456,47.12181482762597
4583,台灣精銳,機械,503.0,85671590.3,True,55.12572533849129,50.51194539249146,29.98,2026-06-01,False,66.66666666666666,-16.996699669966997,0.27788885876469677,61.869618696186954,6.006666666666668,66.7231638418079,20.677966101694913,98.30508474576271,19.322033898305087,57.6271186440678,52.53107344632768,57.993197278911566,55.84010722933241
2362,藍天,電腦及週邊,50.5,85291769.5325,True,0.0,99.55631399317406,30.25,2026-06-01,False,99.12280701754386,16.3594470046083,0.19912644978447522,97.30250481695568,13.166666666666668,97.17514124293785,96.27118644067797,94.23728813559322,95.9322033898305,73.67231638418079,91.45762711864408,58.390022675736965,63.806545216956835
6811,宏碁資訊,數位雲端,230.5,84935483.275,True,17.956656346749224,79.04436860068259,6.56,2026-06-01,False,50.0,1.991150442477876,0.09095795452349022,87.6425855513308,-13.88666666666667,49.83050847457628,79.3220338983051,81.80790960451978,81.46892655367232,13.333333333333334,61.15254237288136,25.283446712018144,44.315211960490416
1723,中碳,其他化學,84.8,84555612.44500001,True,81.77874186550976,28.56655290102389,32.12,2026-06-01,False,25.0,0.47393364928908943,0.09916755870548498,94.22222222222221,-11.700000000000003,25.480225988700568,75.59322033898304,84.18079096045197,92.20338983050847,14.689265536723164,58.42937853107344,60.544217687074834,50.6586532918252
6244,茂迪,光電及I/O,23.1,84136717.035,True,84.6212700841622,24.573378839590443,65.82,2026-06-01,False,31.428571428571427,-14.444444444444441,-0.016468082119206404,63.63636363636365,26.919999999999995,31.581920903954803,26.55367231638418,34.80225988700565,22.598870056497177,88.92655367231639,40.89265536723164,82.99319727891157,52.65507898074485
4105,東洋,藥,76.5,83177944.31500001,True,0.5422993492407809,96.68941979522184,15.28,2026-06-01,False,90.9090909090909,-1.0349288486416524,-0.06354365657669962,88.64426419466976,5.413333333333332,91.41242937853107,70.62146892655367,16.610169491525422,84.18079096045197,55.254237288135585,63.61581920903954,37.98185941043084,60.738402705715046
1809,中釉,玻璃陶瓷,37.3,82901263.35000001,True,67.4863387978142,40.750853242320815,4.54,2026-06-01,False,50.0,-23.25102880658437,0.04573898485665563,62.583892617449656,6.256666666666667,49.83050847457628,9.03954802259887,68.47457627118644,20.225988700564972,58.644067796610166,41.24293785310734,22.22222222222222,45.809792843691156
6658,聯策,電子設備,153.0,81115044.6,True,47.3134328358209,56.382252559726965,51.6,2026-06-01,False,84.93150684931507,-14.763231197771587,-0.03899449264248219,59.53307392996109,42.21333333333334,85.64971751412429,25.423728813559322,25.875706214689266,15.36723163841808,93.78531073446328,49.220338983050844,76.53061224489795,63.030958145970246
5299,杰力,半導體,99.2,80842539.155,True,21.746203904555315,75.76791808873719,-4.2,2026-06-01,False,83.07692307692308,-15.932203389830507,-0.04194997578076384,70.10600706713781,-3.43,84.18079096045197,22.372881355932204,24.293785310734464,40.67796610169492,27.231638418079097,39.75141242937853,10.770975056689343,53.314212690726
3430,奇鈦科,其他化學,109.5,79370147.89500001,True,92.60823653643084,14.812286689419796,58.37,2026-06-01,False,6.25,-14.453125,0.009248304535803036,59.67302452316077,32.22,4.915254237288136,26.440677966101696,50.282485875706215,15.593220338983052,91.52542372881356,37.75141242937853,79.59183673469387,43.41490833621584
8103,瀚荃,電子零組件,78.7,78544076.725,True,60.08676789587852,46.41638225255973,45.04,2026-06-01,False,68.96551724137932,-14.456521739130432,-0.05395745735575095,61.484375,15.376666666666662,69.15254237288136,26.327683615819208,19.774011299435028,18.757062146892657,77.96610169491525,42.395480225988706,71.88208616780045,58.36600176793881
2101,南港,輪胎,35.5,78456166.655,True,11.76470588235294,84.09556313993174,328.25,2026-06-01,False,100.0,4.411764705882353,0.1604402368903337,79.95495495495496,115.70000000000002,98.75706214689266,84.7457627118644,92.20338983050847,65.98870056497175,98.19209039548022,87.9774011299435,97.61904761904762,69.4047619047619
1563,巧新,汽車組件,58.8,77183966.895,True,87.88990825688073,20.341296928327644,21.46,2026-06-01,False,22.22222222222222,-13.146233382570172,0.06539162761027995,82.8169014084507,6.146666666666668,22.598870056497177,30.621468926553675,75.2542372881356,71.75141242937853,58.30508474576271,51.706214689265536,46.93877551020408,52.66689726738153
6679,鈺太,半導體,209.5,76414530.125,True,3.569405099150141,91.0580204778157,9.93,2026-06-01,False,94.61538461538461,-15.863453815261044,-0.011177273001583863,60.63675832127352,-1.0700000000000003,94.68926553672317,22.48587570621469,39.2090395480226,17.28813559322034,32.7683615819209,41.28813559322034,30.272108843537417,54.94090856681656
2072,世紀風電,基本金屬,154.0,76262043.525,True,26.08695652173913,72.21843003412968,101.11,2026-06-01,False,73.68421052631578,4.761904761904762,-0.01667549250238831,49.044585987261144,14.266666666666652,74.29378531073446,85.76271186440678,34.68926553672316,3.954802259887006,75.81920903954801,54.90395480225989,90.1360544217687,45.65548253199585
4903,聯光通,通信網路,38.3,75740222.96249999,True,4.158790170132325,89.76109215017065,4.66,2026-06-01,False,89.79591836734694,-3.037974683544311,0.023328017034004517,71.99248120300751,-20.279999999999998,90.5084745762712,63.72881355932203,57.28813559322033,45.08474576271186,9.491525423728813,53.22033898305085,22.448979591836736,48.57834659287444
2211,長榮鋼,基本金屬,88.1,74739366.25,True,24.13261372397841,73.44709897610922,47.25,2026-06-01,False,78.94736842105263,-7.263157894736848,0.10180168879857883,72.8099173553719,25.536666666666665,79.77401129943503,50.73446327683616,84.7457627118644,47.2316384180791,88.13559322033898,70.12429378531074,73.46938775510205,62.43514354894501
6188,廣明,光電及I/O,71.1,74100516.19000001,True,56.421761076836795,49.14675767918089,-1.9,2026-06-01,False,54.285714285714285,-9.426751592356695,0.038927129404717764,54.692307692307686,10.319999999999999,53.898305084745765,43.728813559322035,65.42372881355932,8.700564971751412,68.58757062146893,48.067796610169495,13.492063492063492,33.09052999730966
6231,系微,資訊服務,228.0,73929709.725,True,59.490238611713664,46.996587030716725,16.86,2026-06-01,False,25.0,-13.636363636363635,0.12723114590651646,65.4232424677188,2.2333333333333343,25.480225988700568,29.152542372881356,88.0225988700565,28.587570621468927,42.93785310734463,42.836158192090394,41.269841269841265,41.54627387678235
2201,裕隆,汽車製造,27.25,72979184.2225,True,79.45544554455446,30.51194539249147,-8.06,2026-06-01,False,30.545957152729784,-4.217926186291737,0.06257456580967054,62.86043829296424,-5.696666666666667,30.621468926553675,59.32203389830508,74.35028248587571,21.01694915254237,21.35593220338983,41.33333333333333,8.276643990929704,25.14825704293017
4123,晟德,藥,39.1,72487199.7975,True,5.060918462980318,89.07849829351537,2.93,2026-06-01,False,70.45454545454545,0.38510911424903355,0.014530102019545642,79.22998986828775,-10.186666666666667,71.01694915254238,75.14124293785311,52.54237288135594,63.72881355932203,15.932203389830507,55.672316384180796,19.387755102040817,44.748068719013034
6279,胡連,汽車組件,126.5,72338224.575,True,5.368763557483731,88.9419795221843,41.2,2026-06-01,False,97.22222222222221,3.2653061224489797,0.2315696996657657,84.0531561461794,13.993333333333336,96.27118644067797,82.59887005649718,96.49717514124293,74.80225988700565,74.57627118644068,84.94915254237289,69.1609977324263,64.40889350090318
2838,聯邦銀,本國銀行,20.6,72014609.265,True,75.65075921908894,33.720136518771334,-2.49,2026-06-01,False,22.22222222222222,-13.4453781512605,-0.12541117289562917,83.4008097165992,-42.973333333333336,22.598870056497177,29.830508474576273,5.536723163841808,73.10734463276836,4.406779661016949,27.096045197740114,12.811791383219957,44.6718743994773
4968,立積,半導體,95.2,71828169.155,True,12.043301759133964,83.7542662116041,-1.09,2026-06-01,False,91.53846153846153,-14.618834080717486,-0.07489013312601875,57.17717717717717,-2.8600000000000003,92.09039548022598,25.649717514124294,13.785310734463277,11.977401129943503,29.265536723163844,34.55367231638418,14.73922902494331,48.28932703024712
9917,中保科,保全,108.0,71087161.55,True,1.572668112798265,93.92491467576792,2.56,2026-06-01,False,93.91845196959227,0.46511627906976744,0.23970462618916855,88.52459016393442,0.29666666666666686,94.23728813559322,75.48022598870057,97.17514124293785,83.72881355932203,36.045197740113,77.33333333333334,18.70748299319728,55.298339674853
8182,加高,電子零組件,38.55,70861899.88750002,True,97.34273318872017,4.539249146757679,5.56,2026-06-01,False,6.206896551724138,-25.722543352601157,0.0012383534639451882,65.33898305084746,-1.0399999999999991,4.745762711864407,7.118644067796611,45.31073446327684,28.24858757062147,33.05084745762712,23.694915254237287,23.356009070294785,37.30792882124601
2850,新產,產險,163.0,70620500.5,True,99.89154013015184,0.6825938566552902,2.09,2026-05-01,False,20.0,13.588850174216027,0.09815349272202972,98.7878787878788,-26.413333333333334,20.0,95.25423728813558,83.954802259887,97.40112994350282,7.344632768361582,60.7909604519774,18.08390022675737,35.05769822053115
5522,遠雄,建設,64.1,70605440.38000001,True,6.453362255965294,87.7815699658703,2513.5,2026-06-01,False,88.13559322033898,-0.9273570324575092,0.238787666359172,77.98053527980534,1364.0166666666667,89.15254237288136,71.07344632768363,96.8361581920904,61.694915254237294,99.88700564971752,83.72881355932205,99.88662131519274,69.91515815365693
6509,聚和,其他化學,47.5,70265945.0925,True,37.744034707158356,63.54948805460751,8.49,2026-06-01,False,62.5,-9.003831417624527,-0.15491415473527875,82.6086956521739,4.216666666666667,62.259887005649716,45.08474576271186,3.5028248587570623,71.07344632768363,51.07344632768361,46.59887005649718,28.458049886621318,54.1766593643107
2836,高雄銀,本國銀行,11.85,70235755.94250001,True,35.68329718004338,65.05119453924915,14.7,2026-06-01,False,88.88888888888889,-4.819277108433733,0.04590624722997323,91.15384615384615,1.953333333333335,89.60451977401131,58.19209039548022,68.58757062146893,87.2316384180791,41.5819209039548,69.03954802259888,37.358276643990926,64.00058611015027
3213,茂訊,電腦及週邊,136.5,70211551.85,True,86.00867678958785,22.764505119453926,6.05,2026-06-01,False,23.684210526315788,2.631578947368421,0.1150369118815716,95.78947368421052,-30.186666666666664,24.23728813559322,81.01694915254237,86.32768361581921,94.68926553672317,6.3276836158192085,58.51977401129943,24.149659863945576,40.5148160959299
4536,拓凱,其他,170.0,70030081.975,True,50.37960954446855,54.30034129692832,10.04,2026-06-01,False,39.130434782608695,-0.8746355685131195,0.17996017187727287,87.17948717948718,5.533333333333332,38.64406779661017,71.2994350282486,93.22033898305084,80.67796610169492,56.045197740113,67.9774011299435,30.498866213151928,44.630366270802114
8222,寶一,機車船製造,37.65,69535659.10499999,True,70.99630996309963,37.883959044368595,-10.36,2026-06-01,False,25.0,-5.8750000000000036,-0.019108406711316687,64.24914675767917,-9.203333333333333,25.480225988700568,55.028248587570616,33.559322033898304,24.06779661016949,16.836158192090394,30.99435028248588,6.575963718820861,25.273934432530076
2480,敦陽科,資訊服務,156.5,69445606.8,True,82.59219088937093,27.33788395904437,14.66,2026-06-01,False,11.363636363636363,-2.4922118380062304,0.019267213827660293,86.22589531680441,1.6633333333333358,10.564971751412429,65.31073446327683,55.81920903954802,79.09604519774011,40.56497175141243,50.271186440677965,37.188208616780045,40.38462277566394
6277,宏正,光電及I/O,79.2,68997277.145,True,99.62039045553145,1.4334470989761092,35.12,2026-06-01,False,2.857142857142857,12.022630834512023,0.09240231695200503,97.77777777777779,16.173333333333332,1.864406779661017,94.35028248587571,82.37288135593221,96.61016949152543,79.09604519774011,70.85875706214689,64.17233560090703,42.07415734655444
3060,銘異,光電及I/O,29.0,68383151.30750002,True,66.73913043478261,41.29692832764505,48.98,2026-06-01,False,47.14285714285714,-21.93808882907133,-0.13020754543714633,69.62785114045619,19.473333333333333,46.89265536723164,10.508474576271185,4.971751412429379,39.32203389830509,82.82485875706215,36.90395480225989,74.60317460317461,62.57734732311003
5490,同亨,電腦及週邊,30.7,68012863.56,True,27.764127764127768,70.71672354948805,50.22,2026-06-01,False,85.96491228070175,2.5041736227045077,0.01973255552508636,84.45667125171938,14.523333333333333,87.11864406779661,80.7909604519774,56.045197740113,75.70621468926554,76.38418079096046,75.2090395480226,75.62358276643991,64.41437026788117
2851,中再保,產險,35.45,67848043.1475,True,2.0607375271149677,92.76450511945391,1113.15,2026-05-01,False,100.0,-6.340819022457063,0.031011410238310538,87.422934648582,553.9733333333334,98.75706214689266,53.78531073446327,61.5819209039548,81.12994350282486,99.43502824858757,78.93785310734464,99.31972789115646,81.35535570160268
2731,雄獅,旅行社,145.0,67788429.3,True,13.20754716981132,82.93515358361775,-0.46,2026-06-01,False,66.66666666666666,-0.3436426116838488,-0.04943507965837146,78.80434782608695,-6.833333333333332,66.7231638418079,72.88135593220339,21.35593220338983,63.163841807909606,19.152542372881356,48.655367231638415,15.98639455782313,43.248011068834316
2009,第一銅,基本金屬,39.9,67516989.255,True,18.55807743658211,78.43003412969284,15.46,2026-06-01,False,81.57894736842105,4.72440944881889,0.11267583379729537,72.6775956284153,1.8866666666666685,82.59887005649718,85.64971751412429,85.98870056497175,46.89265536723164,41.12994350282486,68.45197740112994,38.54875283446712,45.59764018601791
6177,達麗,建設,48.8,67103577.660000004,True,15.393258426966291,81.160409556314,1322.16,2026-06-01,False,81.35593220338984,7.72626931567329,0.15469632799238348,87.76978417266186,743.4366666666667,82.37288135593221,90.73446327683617,91.07344632768361,81.80790960451978,99.66101694915255,89.12994350282486,99.54648526077098,68.2482032360967
6890,來億-KY,鞋及旅行箱,173.0,66983336.65,True,31.87022900763359,67.64505119453925,-3.2,2026-06-01,False,55.55555555555556,-16.019417475728158,0.15885950055909884,59.86159169550172,0.6566666666666667,55.48022598870056,21.807909604519775,91.9774011299435,16.045197740112993,37.175141242937855,44.49717514124294,11.904761904761903,40.40556900726392
6782,視陽,醫療耗材,218.0,66244919.475,True,5.381165919282512,88.80546075085324,45.95,2026-06-01,False,80.0,4.807692307692308,0.14584241000111897,92.76595744680851,25.663333333333338,80.90395480225989,85.87570621468926,90.5084745762712,89.83050847457628,88.36158192090396,87.09604519774011,72.56235827664399,64.35527883469773
1582,信錦,電子零組件,70.3,66096165.585,True,84.65292841648589,24.505119453924916,-9.5,2026-06-01,False,44.13793103448276,-11.237373737373744,0.032241864031441844,58.82845188284519,-2.37,44.18079096045198,37.175141242937855,62.37288135593221,14.350282485875706,30.056497175141246,37.6271186440678,7.369614512471655,32.18138667896537
3303,岱稜,石化,54.8,65757810.29000001,True,58.56832971800434,47.71331058020478,48.97,2026-06-01,False,68.75,-7.432432432432441,0.009404300611277408,87.12241653418124,19.409999999999997,68.92655367231639,50.3954802259887,50.3954802259887,80.56497175141243,82.48587570621469,66.55367231638418,74.48979591836735,68.39646027902687
9907,統一實,金屬製品,14.6,65615565.749999985,True,38.50325379609544,62.593856655290104,-6.1,2026-06-01,False,57.14285714285714,-3.3112582781456954,0.05948926500051629,72.45657568238214,9.593333333333335,57.45762711864407,63.163841807909606,73.33333333333333,46.440677966101696,66.89265536723164,61.45762711864406,9.750566893424036,37.62125754256505
8105,凌巨,光電及I/O,16.4,65503927.875,True,95.1951951951952,10.648464163822526,-8.9,2026-06-01,False,15.714285714285714,-19.012345679012352,-0.061929189754151355,65.20874751491054,-3.0166666666666675,15.141242937853109,16.271186440677965,17.17514124293785,27.570621468926554,28.8135593220339,20.994350282485875,7.709750566893423,33.537607133248784
8936,國統,金屬製品,52.7,65452779.304999985,True,11.550976138828634,84.26621160409556,21.24,2026-06-01,False,100.0,-5.215827338129494,0.049045238342532,76.04617604617604,7.333333333333332,98.75706214689266,56.49717514124294,70.50847457627118,56.045197740113,61.92090395480226,68.74576271186442,46.82539682539682,61.28262039278989
6245,立端,電腦及週邊,84.4,64789288.92999999,True,98.15618221258134,3.242320819112628,14.08,2026-06-01,False,10.526315789473683,4.4554455445544665,0.07989507989203697,92.34135667396062,-5.803333333333333,9.491525423728813,84.97175141242937,80.22598870056498,88.92655367231639,21.129943502824858,56.949152542372886,36.054421768707485,37.37518736308083
6174,安碁,電子零組件,40.0,64770558.4875,True,64.42516268980476,43.10580204778157,26.9,2026-06-01,False,65.51724137931035,-30.675909878682845,-0.005662456303174262,63.49206349206349,-2.0500000000000007,65.42372881355932,3.615819209039548,41.80790960451977,22.259887005649716,30.847457627118647,32.7909604519774,53.96825396825397,59.50901264460586
2323,中環,光電及I/O,10.25,63379697.366,True,1.2560386473429952,94.74402730375427,38.84,2026-06-01,False,92.85714285714286,-8.071748878923769,-0.17135307469800992,78.2442748091603,20.763333333333335,92.99435028248587,47.45762711864407,2.711864406779661,62.14689265536724,84.63276836158192,57.98870056497176,67.12018140589569,68.70094930627619
6146,耕興,檢測驗證,188.0,63145475.375,True,38.06941431670282,63.24232081911263,12.74,2026-06-01,False,100.0,-8.737864077669903,-0.10706079315392397,78.82599580712788,0.7166666666666668,98.75706214689266,45.64971751412429,7.344632768361582,63.2768361581921,37.28813559322034,50.4632768361582,34.12698412698413,62.62779122948615
6438,迅得,電子設備,145.0,62871216.325,True,77.06073752711497,32.28668941979522,-3.13,2026-06-01,False,52.054794520547944,-3.3333333333333335,-0.020578940640706804,69.87951807228916,-16.326666666666668,51.75141242937853,63.05084745762712,33.220338983050844,39.887005649717516,11.525423728813559,39.887005649717516,12.01814058956916,35.15142780275952
8436,大江,藥,117.0,62765390.4,True,12.147505422993492,83.68600682593856,-14.6,2026-06-01,False,61.36363636363637,1.7391304347826086,-0.02211297871121376,73.58490566037736,-11.153333333333332,61.12994350282486,78.75706214689265,32.54237288135593,49.6045197740113,15.028248587570623,47.41242937853107,4.875283446712018,34.21317114416388
3141,晶宏,半導體,79.0,62742869.55,True,91.41856392294221,16.313993174061434,10.85,2026-06-01,False,25.384615384615383,7.046070460704611,0.20582185682035878,94.95192307692307,-2.5666666666666664,25.98870056497175,89.71751412429379,94.4632768361582,93.55932203389831,29.491525423728817,66.64406779661017,31.349206349206348,40.29492870594566
6962,奕力-KY,半導體,31.05,61934132.685,True,72.74939172749392,35.90443686006826,-0.33,2026-06-01,False,50.0,-13.630041724617529,-0.1805364680222549,62.7906976744186,-3.6566666666666667,49.83050847457628,29.37853107344633,2.1468926553672314,20.903954802259886,26.101694915254235,25.67231638418079,16.099773242630384,39.36392636150506
6957,裕慶-KY,基本金屬,208.0,61736313.9,True,91.6504854368932,15.97269624573379,33.53,2026-06-01,False,7.894736842105263,-0.7159904534606205,0.022572410405590524,82.21343873517787,-2.469999999999999,6.214689265536723,71.9774011299435,56.836158192090394,70.62146892655367,29.943502824858758,47.11864406779661,62.244897959183675,41.775913755332645
6163,華電網,通信網路,40.65,61286154.685,True,72.23427331887203,36.45051194539249,61.38,2026-06-01,False,51.02040816326531,-12.012987012987022,0.06391142261972944,54.8582995951417,31.44666666666667,51.29943502824859,34.3502824858757,74.68926553672316,8.813559322033898,91.07344632768361,52.045197740113,81.17913832199547,51.735462546600566
7712,博盛半導體,半導體,141.0,61257844.0,True,62.82051282051282,44.53924914675768,49.37,2026-06-01,False,58.46153846153847,-23.783783783783786,-0.02941827681532747,66.04215456674473,31.043333333333333,58.19209039548022,8.587570621468926,29.6045197740113,30.056497175141246,90.73446327683617,43.43502824858757,74.71655328798185,63.5943925592836
6199,天品,其他,96.0,61068371.735,True,40.87643678160919,61.22866894197953,476.98,2026-06-01,False,47.82608695652174,-9.004739336492891,-0.01800500171694986,77.10843373493977,-95.69333333333327,47.570621468926554,44.97175141242938,34.3502824858757,58.87005649717514,2.3728813559322033,37.6271186440678,98.75283446712018,65.05544025519812
2897,王道銀行,本國銀行,10.15,61029754.642500006,True,61.117136659436014,45.665529010238906,14.1,2026-06-01,False,44.44444444444444,-3.7914691943127994,0.07866991609905838,95.30516431924883,-13.699999999999998,44.632768361581924,61.016949152542374,79.66101694915254,94.12429378531073,13.446327683615818,58.57627118644068,36.16780045351474,53.47697836196625
8088,品安,半導體,47.1,60116496.635000005,True,60.147392290249435,46.279863481228666,1.02,2026-06-01,False,61.53846153846154,-16.19217081850534,0.03272053951983763,64.43228454172367,-19.90666666666667,61.63841807909605,21.468926553672315,62.82485875706215,25.19774011299435,9.830508474576272,36.19209039548023,17.46031746031746,45.706887274683886
1907,永豐餘,造紙,30.85,60045550.19,True,64.8590021691974,42.86689419795222,12.66,2026-06-01,False,20.0,11.171171171171176,0.28739479425797215,100.0,3.1833333333333336,20.0,94.01129943502825,98.53107344632768,99.2090395480226,46.55367231638418,71.66101694915254,34.01360544217687,39.8028363887928
3162,精確,汽車組件,62.2,59858137.320000015,True,45.949074074074076,57.06484641638225,58.73,2026-06-01,False,69.44444444444444,-23.960880195599017,0.04000136105231469,64.859228362878,32.019999999999996,69.6045197740113,8.47457627118644,66.10169491525424,26.779661016949152,91.29943502824858,52.451977401129945,80.04535147392289,66.98873899842422
1342,八貫,塑膠製品,104.0,59752596.245000005,True,20.28880866425993,76.99658703071673,40.14,2026-06-01,False,77.12508638562542,-5.88235294117647,-0.04286616000909244,88.51063829787233,-0.4799999999999969,77.40112994350282,54.91525423728814,23.84180790960452,83.50282485875707,34.12429378531073,54.75706214689266,67.91383219954649,68.47563319112956
6605,帝寶,汽車組件,141.0,59592895.6,True,42.950108459869845,59.59044368600682,4.45,2026-06-01,False,75.0,11.904761904761903,0.19819042229421122,83.92857142857143,6.38,75.36723163841808,94.23728813559322,94.12429378531073,74.35028248587571,59.09604519774011,79.43502824858757,21.768707482993197,44.31223336792344
6143,振曜,光電及I/O,92.6,59227039.339999996,True,15.780911062906725,80.95563139931741,30.63,2026-06-01,False,85.71428571428571,-11.387559808612446,0.004269369591738715,60.921052631578945,17.939999999999998,86.61016949152543,36.610169491525426,47.005649717514125,17.627118644067796,81.01694915254237,53.77401129943503,58.730158730158735,56.58931934355663
4526,東台,機械,29.95,59212742.80000001,True,53.32618025751073,52.01365187713311,26.68,2026-06-01,False,72.72727272727273,-20.66225165562914,-0.13614463345373937,67.00223713646531,4.550000000000001,73.38983050847457,12.768361581920903,4.519774011299435,32.54237288135593,52.31638418079096,35.10734463276836,53.6281179138322,61.697989930435455
4755,三福化,其他化學,114.5,59170130.425,True,81.45336225596529,28.87372013651877,15.63,2026-06-01,False,31.25,-12.927756653992395,-0.12569309801474737,67.55162241887905,16.653333333333332,31.412429378531076,31.186440677966104,5.423728813559322,34.01129943502825,79.54802259887006,36.31638418079096,39.002267573696145,43.30988892732234
3312,弘憶股,電子通路,48.0,58614380.435,True,88.48451928299838,19.522184300341298,41.82,2026-06-01,False,14.000000000000002,-13.66906474820144,0.03171729285406487,65.57377049180327,14.84333333333333,13.333333333333334,28.8135593220339,61.92090395480226,29.039548022598872,77.28813559322035,42.079096045197744,69.50113378684807,45.76511395518659
2031,新光鋼,基本金屬,45.0,58593314.20250001,True,10.53921568627451,85.39249146757679,7.82,2026-06-01,False,86.8421052631579,17.34028683181225,0.2940414090337036,100.0,0.5166666666666684,87.79661016949153,96.8361581920904,98.75706214689266,99.2090395480226,36.72316384180791,83.86440677966101,27.66439909297052,54.458472654598566
3581,博磊,電子設備,110.5,58378225.410000004,True,75.85626052779337,33.58361774744027,95.44,2026-06-01,False,56.16438356164384,-16.917293233082706,0.027030133220949614,39.464285714285715,47.166666666666664,56.49717514124294,20.903954802259886,58.75706214689266,0.7909604519774011,94.68926553672317,46.32768361581922,89.68253968253968,56.516680118375035
7749,意騰-KY,半導體,344.0,58045291.075,True,2.127659574468085,92.55972696245733,64.48,2026-06-01,False,96.15384615384616,-14.85148514851485,-0.024967933570844567,50.0,5.259999999999998,95.81920903954803,24.97175141242938,31.07344632768362,4.463276836158192,54.12429378531074,42.09039548022599,82.31292517006803,64.40591490833621
2520,冠德,建設,34.7,58018314.69,True,73.70184254606366,35.153583617747444,52.31,2026-06-01,False,18.64406779661017,-1.1396011396011354,0.029560277412381285,86.31840796019901,-4.896666666666668,18.305084745762713,69.94350282485875,61.12994350282486,79.3220338983051,23.502824858757062,50.440677966101696,77.09750566893425,51.195280372035825
3380,明泰,通信網路,27.95,57221205.60999999,True,95.32967032967034,10.30716723549488,5.46,2026-06-01,False,16.3265306122449,-17.185185185185187,-0.2044600312366889,67.26835138387484,16.61,15.932203389830507,20.112994350282488,1.5819209039548021,33.44632768361582,79.3220338983051,30.07909604519774,23.12925170068027,38.09869710596102
8040,九暘,半導體,73.0,56999687.17999999,True,99.69604863221885,1.228668941979522,34.49,2026-06-01,False,1.5384615384615385,-21.420882669537143,0.11843220298736865,58.4,-4.969999999999999,0.6779661016949152,11.638418079096045,86.77966101694915,13.559322033898304,23.389830508474578,27.2090395480226,63.60544217687075,41.551078058341986
3290,東浦,電子零組件,53.5,56459546.879999995,True,12.798138452588715,83.34470989761093,88.72,2026-06-01,False,95.86206896551724,-21.783625730994157,-0.10326554724761439,75.0350631136045,3.9766666666666737,95.48022598870057,11.073446327683616,7.909604519774012,53.333333333333336,49.94350282485876,43.548022598870055,88.88888888888889,81.6572504708098
2539,櫻花建,建設,43.3,56393823.55500001,True,36.00867678958785,64.84641638225256,79.55,2026-06-01,False,61.016949152542374,10.178117048346056,0.1940160675832367,62.57225433526011,-272.97666666666663,60.790960451977405,93.22033898305084,93.89830508474576,20.112994350282488,1.4689265536723164,53.89830508474576,87.07482993197279,43.68961143779546
4949,有成精密,光電及I/O,66.8,56236855.3,True,46.07843137254902,56.86006825938566,68.69,2026-06-01,False,62.857142857142854,-15.443037974683548,0.02725176435079937,61.85185185185185,22.53666666666666,62.71186440677966,23.389830508474578,59.09604519774011,19.2090395480226,86.10169491525423,50.101694915254235,84.12698412698413,60.66451439332795
6168,宏齊,光電及I/O,24.2,55436604.042500004,True,89.5284751990202,18.63481228668942,6.73,2026-06-01,False,24.285714285714285,-16.117850953206244,-0.09563650973965228,68.16901408450704,0.026666666666667282,24.519774011299436,21.694915254237287,8.926553672316384,35.48022598870057,35.367231638418076,25.19774011299435,26.077097505668934,41.095545562857914
8109,博大,電子零組件,132.5,55153641.85,True,99.40347071583514,1.5699658703071673,36.23,2026-06-01,False,0.6896551724137931,-12.251655629139073,-0.10044087517538143,82.04334365325077,9.693333333333335,0.11299435028248588,33.559322033898304,8.248587570621469,70.16949152542374,67.2316384180791,35.864406779661024,65.3061224489796,50.50732157269688
9802,鈺齊-KY,鞋及旅行箱,70.1,54929556.964999996,True,20.77006507592191,76.65529010238907,15.45,2026-06-01,False,88.88888888888889,-6.533333333333341,0.10936243759323158,60.95652173913043,13.6,89.60451977401131,53.22033898305085,85.87570621468926,17.853107344632768,74.46327683615819,64.20338983050848,38.435374149659864,48.168165571313274
6863,永道-KY,通信網路,130.5,54563027.345000006,True,99.26829268292683,1.7747440273037545,80.81,2026-06-01,False,4.081632653061225,40.62500000000001,0.09485524212422733,82.85714285714286,14.076666666666668,2.711864406779661,99.88700564971752,83.38983050847457,71.9774011299435,75.14124293785311,66.62146892655367,87.52834467120182,40.58265113955187
6261,久元,半導體,78.4,54270265.19499999,True,83.02603036876356,26.96245733788396,33.71,2026-06-01,False,39.23076923076923,-14.22319474835886,0.12845673829538937,58.72659176029963,20.843333333333334,38.75706214689266,27.45762711864407,88.36158192090396,14.124293785310735,84.97175141242937,50.73446327683616,62.698412698412696,47.030535377993004
2348,海悅,建設,71.4,53629399.69500001,True,92.02819956616052,15.392491467576791,247.66,2026-06-01,False,5.084745762711865,-5.928853754940711,0.030002466095067015,68.32535885167465,210.90666666666667,3.5028248587570623,54.80225988700565,61.24293785310735,35.932203389830505,98.87005649717514,50.87005649717514,96.93877551020408,45.392885967946505
6667,信紘科,電子設備,230.0,53164579.7,True,23.318872017353577,74.26621160409556,-2.5,2026-06-01,False,91.78082191780823,-9.803921568627452,-0.018341986845888777,76.41196013289037,-5.23,92.31638418079096,42.03389830508474,34.01129943502825,57.175141242937855,22.71186440677966,49.6497175141243,12.698412698412698,55.039009954264195
4162,智擎,藥,63.7,52781836.769999996,True,25.488069414316705,72.76450511945393,33.92,2026-06-01,False,47.72727272727273,-1.2403100775193754,0.06553335789356399,81.66666666666667,6.030000000000001,47.45762711864407,69.71751412429379,75.36723163841808,69.49152542372882,57.85310734463277,63.977401129943495,63.038548752834465,52.567546792728386
6165,浪凡,數位雲端,50.6,52292647.36749999,True,27.165685449957948,71.39931740614335,18.44,2026-06-01,False,33.33333333333333,0.998003992015968,-0.2693980529440158,84.7571189279732,7.880000000000001,32.93785310734464,76.8361581920904,0.5649717514124294,76.15819209039549,62.93785310734463,49.88700564971752,42.97052154195011,43.80760213689996
2543,皇昌,營造,39.25,51902626.6125,True,27.79573367808662,70.44368600682593,105.33,2026-06-01,False,56.25,1.1597938144329971,0.12347704405692003,45.63953488372093,20.789999999999992,56.72316384180791,77.51412429378531,87.57062146892656,2.711864406779661,84.7457627118644,61.85310734463277,90.9297052154195,43.21265229255543
6227,茂綸,電子通路,123.0,51332429.675,True,83.35140997830803,26.68941979522184,84.61,2026-06-01,False,24.0,2.0746887966804977,0.0854828068059591,90.7749077490775,44.263333333333335,24.40677966101695,79.66101694915254,81.01694915254237,86.66666666666667,94.23728813559322,73.19774011299435,88.09523809523809,54.876916868442294
6530,創威,通信網路,75.0,50421978.25000001,True,79.28416485900217,30.75085324232082,8.41,2026-06-01,False,48.97959183673469,-9.63855421686747,0.024789321389134266,56.17977528089888,-8.876666666666665,48.36158192090396,42.59887005649718,57.85310734463277,10.734463276836157,17.062146892655367,35.32203389830509,28.34467120181406,36.21046158576425
1231,聯華食,其他食品,80.6,50326599.410000004,True,45.98698481561822,56.962457337883954,6.95,2026-06-01,False,44.44444444444444,-6.712962962962976,-0.05994191317991623,53.201320132013194,5.35,44.632768361581924,52.20338983050847,18.07909604519774,7.118644067796611,54.68926553672316,35.344632768361585,26.190476190476193,31.434624697336563
3015,全漢,電子零組件,54.8,50300649.66500001,True,57.48373101952278,48.32764505119454,-14.01,2026-06-01,False,71.03448275862068,-14.641744548286612,-0.1059403186530292,73.2620320855615,-1.83,71.2994350282486,25.536723163841806,7.457627118644068,48.70056497175141,31.186440677966104,36.836158192090394,5.1020408163265305,49.891329413121184
6585,鼎基,樹脂,115.5,49690208.85,True,30.634146341463413,68.80546075085324,91.44,2026-06-01,False,78.57142857142857,-7.228915662650602,-0.048174910766783645,76.74418604651163,32.449999999999996,79.37853107344633,50.847457627118644,21.694915254237287,58.24858757062147,91.63841807909604,60.36158192090395,89.22902494331065,69.00217149006494
2903,遠百,百貨批發,22.0,48700427.3275,True,15.02169197396963,81.4334470989761,-2.42,2026-06-01,False,61.111111111111114,-1.1235955056179776,0.17079717693839155,90.1639344262295,-2.09,60.90395480225988,70.28248587570621,92.88135593220339,85.64971751412429,30.621468926553675,68.0677966101695,12.925170068027212,47.299089127176295
3663,鑫科,資源回收,62.1,48441121.57000001,True,96.67221297836939,6.96245733788396,22.76,2026-06-01,False,4.3478260869565215,-20.89171974522293,-0.015140450573277248,67.72082878953108,19.596666666666668,3.050847457627119,12.31638418079096,35.932203389830505,34.23728813559322,83.2768361581921,33.762711864406775,48.63945578231292,43.40280179868557
6862,三集瑞-KY,電子零組件,146.0,48361552.525,True,83.44827586206897,26.552901023890783,-1.04,2026-06-01,False,46.89655172413793,-19.55922865013774,-0.02997480491716629,64.03508771929825,27.34666666666667,46.55367231638418,15.141242937853109,29.491525423728817,23.502824858757062,89.49152542372882,40.836158192090394,14.852607709750568,42.44196548675968
4556,旭然,其他電製品,83.0,48243498.015,True,74.86725663716814,34.19795221843003,14.45,2026-06-01,False,57.14285714285714,-17.82178217821782,0.012559171088054778,62.64150943396226,12.559999999999999,57.45762711864407,19.322033898305087,51.9774011299435,20.451977401129945,73.10734463276836,44.46327683615819,36.961451247165535,48.88725546715862
5534,長虹,建設,78.4,48194233.99999999,True,84.3817787418655,25.119453924914676,124.21,2026-06-01,False,6.779661016949152,-1.0101010101010066,0.07049891086048794,90.11494252873564,-72.57666666666667,5.084745762711865,70.73446327683615,77.17514124293785,85.53672316384181,2.711864406779661,48.24858757062147,92.97052154195012,53.214381797916914
2597,潤弘,營造,166.0,47483389.05,True,72.61388286334056,36.04095563139932,2.95,2026-06-01,False,12.5,-1.483679525222552,0.13926825602780993,81.37254901960785,-10.32,11.92090395480226,68.92655367231639,89.83050847457628,69.03954802259888,15.593220338983052,51.06214689265538,19.614512471655328,32.91210269418502
4114,健喬,藥,29.25,46961631.5625,True,23.535791757049893,74.1296928327645,30.68,2026-06-01,False,50.0,-12.293853073463271,-0.15244701195343718,78.0,11.643333333333334,49.83050847457628,33.33333333333333,3.728813559322034,61.92090395480226,70.96045197740114,43.95480225988701,58.95691609977324,59.34374879895461
1808,潤隆,建設,33.05,46791387.472500004,True,26.713532513181022,71.67235494880546,162537.27,2026-06-01,False,69.49152542372882,9.800664451827227,0.15027544933768675,82.93601003764114,77044.36666666665,69.71751412429379,92.7683615819209,90.73446327683617,72.090395480226,100.0,85.06214689265536,100.0,62.259887005649716
6156,松上,印刷電路板,20.6,46720005.99250001,True,99.88801791713325,0.7508532423208191,55.51,2026-06-01,False,2.4390243902439024,-23.562152133580696,0.0277918280246667,64.375,20.513333333333335,1.3559322033898304,8.813559322033898,59.43502824858757,25.028248587570623,84.29378531073446,35.78531073446328,78.57142857142857,49.03551251008878
8289,泰藝,電子零組件,41.9,46046311.957499996,True,86.33241758241759,22.18430034129693,29.88,2026-06-01,False,37.93103448275862,-30.166666666666668,0.08268737292841974,55.350066050198144,21.75333333333333,37.514124293785315,4.067796610169491,80.67796610169492,9.6045197740113,85.31073446327684,43.43502824858758,57.709750566893426,50.19014950613013
2753,八方雲集,餐飲飯店,181.0,45985173.675,True,7.304785894206549,87.23549488054607,10.85,2026-06-01,False,66.66666666666666,2.840909090909091,0.22858914530708271,83.41013824884793,0.14999999999999858,66.7231638418079,81.69491525423729,96.38418079096044,73.22033898305085,35.81920903954802,70.7683615819209,31.349206349206348,47.39944847995695
6125,廣運,電子設備,49.4,45948747.2025,True,84.04558404558404,25.938566552901023,22.57,2026-06-01,False,45.20547945205479,-14.974182444061967,-0.012138135706959588,56.84695051783659,-30.28,45.19774011299435,24.63276836158192,38.53107344632768,11.638418079096045,5.988700564971752,25.19774011299435,48.1859410430839,45.09733271839809
5222,全訊,通信網路,112.5,45548834.8,True,94.49225473321859,12.013651877133105,-4.97,2026-06-01,False,18.367346938775512,-8.536585365853659,-0.08816957162631277,69.44444444444444,-14.48,17.853107344632768,46.21468926553673,10.3954802259887,38.983050847457626,12.994350282485875,25.28813559322034,10.317460317460316,30.234732311003498
8074,鉅橡,印刷電路板,53.4,45529393.575,True,84.43600867678958,24.84641638225256,22.99,2026-06-01,False,56.09756097560976,-15.639810426540283,0.03304272439977657,57.6051779935275,-1.1466666666666683,56.158192090395474,22.824858757062145,63.05084745762712,12.655367231638417,32.54237288135593,37.44632768361582,48.86621315192744,48.7137284292248
8438,昶昕,資源回收,65.0,44996211.79000001,True,48.78731343283582,55.563139931740615,40.99,2026-06-01,False,52.17391304347826,-30.703624733475475,0.08184553457442086,61.03286384976526,-1.3866666666666632,51.864406779661024,3.5028248587570623,80.56497175141243,18.07909604519774,31.751412429378533,37.15254237288136,68.93424036281179,58.84372958222837
6259,百徽,電子通路,29.0,44834940.7425,True,64.17206835592222,43.412969283276446,82.68,2026-06-01,False,56.00000000000001,-24.577373211963593,-0.004665276090085678,68.07511737089202,35.080000000000005,56.045197740113,8.022598870056497,42.259887005649716,35.14124293785311,92.09039548022598,46.71186440677966,87.86848072562358,67.75808063338329
6411,晶焱,半導體,76.6,44636384.165,True,76.35574837310195,33.105802047781566,9.84,2026-06-01,False,45.38461538461539,-21.030927835051553,-0.12022022189445661,67.19298245614034,-4.109999999999998,45.31073446327684,11.977401129943503,5.988700564971752,33.220338983050844,25.08474576271186,24.31638418079096,30.158730158730158,49.178100618778586
3708,上緯投控,樹脂,96.0,44560038.045,True,0.3796095444685466,97.40614334470989,61.7,2026-06-01,False,100.0,-9.859154929577464,-0.08009152379476184,64.64646464646465,5.150000000000013,98.75706214689266,41.80790960451977,11.977401129943503,26.101694915254235,53.672316384180796,46.46327683615819,81.40589569160997,66.11418578730927
5488,松普,電子零組件,13.5,44506586.7875,True,64.24825174825175,43.27645051194539,79.28,2026-06-01,False,66.20689655172414,-16.666666666666664,-0.014702078366047184,75.41899441340783,15.296666666666674,66.10169491525424,21.129943502824858,36.271186440677965,54.463276836158194,77.85310734463276,51.163841807909606,86.96145124716553,71.59911987393828
3152,璟德,電子零組件,218.0,44386477.45,True,41.377440347071584,60.88737201365188,23.54,2026-06-01,False,82.06896551724138,-20.727272727272727,-0.018183764488477732,67.18027734976889,9.26,83.1638418079096,12.54237288135593,34.23728813559322,33.10734463276836,66.10169491525424,45.83050847457626,49.2063492063492,63.23379069141781
6208,日揚,電子設備,81.5,44276925.154999994,True,95.82429501084599,9.180887372013652,22.5,2026-06-01,False,16.43835616438356,-9.745293466223696,0.006094255746447258,76.88679245283019,10.226666666666667,16.045197740112993,42.3728813559322,48.0225988700565,58.644067796610166,68.0225988700565,46.621468926553675,48.07256235827664,45.0972366347669
8462,柏文,其他,168.5,44223176.1,True,6.7973856209150325,87.57679180887372,20.11,2026-06-01,False,82.6086956521739,5.9748427672955975,0.22583650794210225,97.96511627906976,-0.18666666666666742,83.72881355932203,88.36158192090396,96.045197740113,96.8361581920904,34.68926553672316,79.9322033898305,45.12471655328798,59.33202659594912
6799,來頡,半導體,86.3,43546413.23,True,11.930164888457808,83.89078498293514,6.47,2026-06-01,False,92.3076923076923,-12.474645030425961,-0.08731968222320469,77.39910313901345,0.4033333333333333,92.59887005649718,32.7683615819209,10.96045197740113,60.0,36.38418079096045,46.54237288135593,25.0,61.20762711864407
4571,鈞興-KY,機械,171.5,43356915.35,True,78.06335923490735,31.5358361774744,5.51,2026-06-01,False,27.27272727272727,3.625377643504532,-0.04457106018232666,73.92241379310344,-2.1966666666666663,27.74011299435028,83.84180790960451,23.389830508474578,50.960451977401135,30.508474576271187,43.28813559322034,23.24263038548753,29.52534686190861
4953,緯軟,資訊服務,125.5,43320859.3,True,18.004338394793926,78.90784982935153,37.07,2026-06-01,False,65.9090909090909,-1.5686274509803921,0.06044030257789993,87.76223776223776,3.9933333333333323,65.76271186440678,68.8135593220339,73.78531073446327,81.69491525423729,50.056497175141246,68.0225988700565,66.09977324263039,61.185960259810145
6725,矽科宏晟,電子設備,245.5,43280268.925,True,40.0,61.70648464163823,15.91,2026-06-01,False,86.3013698630137,-19.639934533551553,-5.321557532809821e-05,60.024449877750605,18.61,87.57062146892656,14.689265536723164,44.293785310734464,16.497175141242938,81.58192090395481,48.92655367231639,39.342403628117914,57.180233675391065
8390,金益鼎,資源回收,97.0,43219345.39,True,35.30368763557484,65.22184300341297,43.96,2026-06-01,False,69.56521739130434,-5.365853658536586,-0.21392276634875035,74.9034749034749,12.810000000000006,69.83050847457626,56.045197740113,1.2429378531073447,52.88135593220339,73.44632768361582,50.68926553672317,70.91836734693877,59.396258503401356
3078,僑威,電子零組件,54.1,43009567.345,True,55.748373101952275,49.829351535836174,-57.6,2026-06-01,False,72.41379310344827,-3.736654804270465,-0.06702350642531595,56.58995815899582,-5.680000000000007,73.10734463276836,61.46892655367232,15.932203389830507,11.073446327683616,21.468926553672315,36.610169491525426,0.5668934240362812,30.819689457703983
2413,環科,電子零組件,40.8,42884945.96500001,True,53.9047619047619,51.39931740614334,33.55,2026-06-01,False,74.48275862068967,-9.933774834437086,-0.015582542865729724,65.27999999999999,3.2366666666666646,75.02824858757063,41.46892655367231,35.81920903954802,27.796610169491526,46.666666666666664,45.35593220338983,62.358276643990926,55.928552211845194
6761,穩得,檢測驗證,153.0,42604729.85,True,74.30555555555556,34.33447098976109,0.86,2026-06-01,False,60.0,-15.469613259668508,-0.03619079709427251,66.52173913043478,2.2399999999999998,59.71751412429378,23.27683615819209,27.11864406779661,30.96045197740113,43.050847457627114,36.824858757062145,17.346938775510203,46.187017179753255
1227,佳格,其他食品,29.15,42167159.9575,True,56.50759219088937,49.07849829351536,-1.57,2026-06-01,False,22.22222222222222,-2.0168067226890805,0.10313864845799635,85.86156111929306,-1.2466666666666668,22.598870056497177,66.32768361581921,85.08474576271186,78.07909604519774,32.429378531073446,56.90395480225989,13.718820861678005,37.01727583688843
1623,大東電,電纜,208.5,42110567.4,True,20.930232558139537,76.31399317406144,13.63,2026-06-01,False,50.0,-7.9470198675496695,-0.16636976849814658,61.32352941176471,22.886666666666667,49.83050847457628,48.24858757062147,2.824858757062147,18.64406779661017,86.4406779661017,41.19774011299435,35.374149659863946,38.90003459010723
8163,達方,光電及I/O,31.15,41715816.599999994,True,94.3058568329718,12.252559726962458,1.08,2026-06-01,False,18.571428571428573,-16.150740242261104,-0.10175293537102117,68.76379690949227,-7.923333333333332,18.07909604519774,21.581920903954803,8.022598870056497,37.175141242937855,18.07909604519774,20.587570621468927,17.573696145124718,37.81150313232638
6120,達運,光電及I/O,13.45,41614056.425,True,0.0,99.55631399317406,42.06,2026-06-01,False,98.57142857142858,-6.597222222222229,-0.09189136778754678,83.54037267080744,39.550000000000004,96.94915254237289,52.88135593220339,9.830508474576272,73.5593220338983,93.33333333333333,65.31073446327683,69.84126984126983,71.86709712133441
3485,敘豐,電子設備,210.5,40768178.9,True,10.606060606060606,85.32423208191126,22.45,2026-06-01,False,97.26027397260275,-26.3986013986014,0.002681814058652189,54.463130659767145,6.753333333333332,96.49717514124293,6.101694915254238,46.55367231638418,8.248587570621469,60.451977401129945,43.570621468926554,47.95918367346938,61.65081286751989
6768,志強-KY,鞋及旅行箱,66.8,40560363.07000001,True,29.5577967416602,69.55631399317406,5.2,2026-06-01,False,66.66666666666666,-6.179775280898884,0.12242454066456138,54.08906882591092,2.146666666666667,66.7231638418079,54.463276836158194,87.45762711864407,8.022598870056497,42.59887005649718,51.85310734463277,22.90249433106576,35.79624505169299
2497,怡利電,汽車組件,47.5,40533617.532500006,True,20.434432823813356,76.79180887372013,52.52,2026-06-01,False,86.11111111111111,-21.874999999999996,-0.08147812890163128,71.10778443113773,14.313333333333333,87.2316384180791,10.621468926553671,11.751412429378531,42.71186440677966,76.045197740113,45.672316384180796,77.32426303854876,74.16157423421346
6913,鴻呈,電子零組件,146.0,40373918.55,True,71.875,36.9283276450512,61.08,2026-06-01,False,57.24137931034483,14.960629921259844,0.13941404394212825,93.58974358974359,20.479999999999997,57.74011299435028,95.70621468926554,89.94350282485875,91.07344632768361,84.18079096045197,83.72881355932203,80.95238095238095,58.514931396287324
3615,安可,光電及I/O,34.5,40165672.997499995,True,49.51298701298701,54.94880546075085,-45.11,2026-06-01,False,58.57142857142858,-29.80671414038657,0.06025003980705172,56.65024630541872,-9.353333333333332,58.4180790960452,4.293785310734463,73.5593220338983,11.299435028248588,16.72316384180791,32.85875706214689,1.0204081632653061,41.61103424420615
5288,豐祥-KY,機車船製造,192.5,39961847.875,True,46.420824295010846,56.655290102389074,71.59,2026-06-01,False,75.0,1.3157894736842104,0.07547486079877852,97.46835443037975,16.613333333333337,75.36723163841808,77.96610169491525,79.2090395480226,96.15819209039547,79.43502824858757,81.62711864406779,84.92063492063492,69.6199892386333
1904,正隆,造紙,22.8,39852239.22,True,63.34056399132321,44.232081911262796,-2.09,2026-06-01,False,40.0,-2.564102564102555,0.0668396838942673,95.39748953974896,-11.196666666666667,39.66101694915255,65.08474576271186,75.59322033898304,94.35028248587571,14.915254237288137,57.920903954802256,13.378684807256235,45.57630961989316
6179,亞通,工程承攬,27.05,39833254.8475,True,95.03239740820734,11.126279863481228,229.22,2026-06-01,False,16.666666666666664,-3.220035778175308,-0.014959700785672183,75.7703081232493,89.10999999999999,16.327683615819208,63.389830508474574,36.15819209039548,55.59322033898305,97.17514124293785,53.72881355932204,96.71201814058958,51.31077289672932
3537,堡達,電子通路,51.4,39734196.58,True,46.09544468546638,56.79180887372014,26.88,2026-06-01,False,72.0,-24.963503649635037,0.010201984481296071,57.36607142857143,18.793333333333333,72.65536723163842,7.68361581920904,50.62146892655367,12.203389830508476,82.03389830508473,45.03954802259887,53.85487528344671,57.75750413159615
3138,耀登,通信網路,95.6,39618878.67,True,67.78425655976676,40.40955631399317,-1.44,2026-06-01,False,57.14285714285714,-16.869565217391308,0.13397844188939284,43.95402298850574,-8.786666666666667,57.45762711864407,21.01694915254237,89.37853107344634,1.807909604519774,17.17514124293785,37.36723163841808,14.058956916099774,38.07688612168032
2414,精技,電子通路,55.7,39579793.325,True,66.3232104121475,41.63822525597269,87.26,2026-06-01,False,54.0,-9.577922077922075,-0.08844393483470243,86.22291021671828,27.406666666666673,53.44632768361583,43.050847457627114,10.282485875706215,78.98305084745762,89.71751412429379,55.09604519774011,88.54875283446711,69.48182097697836
4721,美琪瑪,其他化學,71.7,39502739.24499999,True,14.114114114114114,82.25255972696246,-19.35,2026-06-01,False,87.5,-13.92557022809123,-0.13620374592695786,70.990099009901,-2.9733333333333327,88.4180790960452,27.90960451977401,4.293785310734463,42.3728813559322,28.926553672316384,38.38418079096045,3.5147392290249435,51.599023790307086
3093,港建*,電子設備,47.4,39347500.537499994,True,96.90889370932754,6.006825938566553,92.31,2026-06-01,False,13.698630136986301,-15.957446808510639,0.031245050721777308,62.698412698412696,86.42333333333333,12.994350282485875,22.146892655367232,61.694915254237294,20.677966101694913,97.06214689265536,42.91525423728814,89.34240362811792,50.21695683923287
2397,友通,電腦及週邊,66.2,38997494.31,True,83.08026030368764,26.89419795221843,31.37,2026-06-01,False,29.82456140350877,13.162393162393169,0.17075918726196135,79.8552472858866,-0.8733333333333313,29.6045197740113,95.02824858757062,92.7683615819209,65.5367231638418,33.44632768361582,63.27683615819209,59.410430839002274,39.88085629732119
6603,富強鑫,機械,26.0,38993659.66500001,True,63.46713205351949,43.95904436860068,22.71,2026-06-01,False,60.60606060606061,1.167315175097279,0.006338564338294081,75.69141193595341,20.463333333333335,60.451977401129945,77.62711864406779,48.24858757062147,55.14124293785311,84.06779661016948,65.10734463276836,48.52607709750567,46.62304469810523
3338,泰碩,電子零組件,64.0,38767246.91,True,94.73969631236443,11.535836177474403,20.83,2026-06-01,False,22.06896551724138,-7.913669064748201,-0.026916601485231985,72.15332581736189,15.096666666666664,22.372881355932204,48.58757062146893,30.16949152542373,45.76271186440678,77.62711864406779,44.90395480225989,46.14512471655329,41.42328682885584
3556,禾瑞亞,半導體,63.8,38730680.535,True,56.182212581344906,49.215017064846414,66.86,2026-06-01,False,65.38461538461539,-15.942028985507257,-0.04292708076876782,79.35323383084577,35.61,65.31073446327683,22.259887005649716,23.728813559322035,64.40677966101694,92.31638418079096,53.604519774011294,83.44671201814059,72.72608478419616
3003,健和興,電子零組件,62.5,38567198.964999996,True,98.2646420824295,3.0034129692832763,36.15,2026-06-01,False,2.7586206896551726,-5.446293494704984,-0.02760556750941366,89.03133903133903,-1.056666666666672,1.694915254237288,55.70621468926553,29.943502824858758,84.40677966101696,32.88135593220339,40.92655367231639,64.79591836734694,48.797849648333916
3669,圓展,光電及I/O,38.35,38545634.0675,True,31.507592190889373,68.05460750853243,2.95,2026-06-01,False,72.85714285714285,9.885386819484248,0.04097285352594513,88.97911832946636,-1.8533333333333335,73.5593220338983,92.88135593220339,66.66666666666666,84.29378531073446,31.07344632768362,69.69491525423729,19.614512471655328,46.146565971021175
4771,望隼,醫療耗材,202.5,38398305.775,True,44.15807560137457,58.5665529010239,31.26,2026-06-01,False,31.428571428571427,-4.929577464788732,0.02941892962727069,94.18604651162791,-5.956666666666667,31.581920903954803,57.51412429378531,60.90395480225988,92.09039548022598,20.677966101694913,52.55367231638418,59.29705215419501,56.36381106114762
6205,詮欣,電子零組件,59.9,38126796.904999994,True,65.8351409978308,42.04778156996587,34.36,2026-06-01,False,63.44827586206897,-13.812949640287773,0.18410660724331573,60.9979633401222,31.92,63.502824858757066,28.361581920903955,93.67231638418079,17.966101694915253,91.18644067796609,58.93785310734463,63.49206349206349,54.149852031207956
4442,竣邦-KY,成衣,51.1,37962261.88,True,10.906298003072196,85.05119453924914,36.2,2026-06-01,False,78.94736842105263,1.996007984031936,0.044394762951014834,70.38567493112949,4.286666666666665,79.77401129943503,79.43502824858757,67.909604519774,41.24293785310734,51.41242937853108,63.954802259887,65.02267573696146,51.65114916022907
3024,憶聲,家電製品,12.7,37922137.07749999,True,98.15618221258134,3.242320819112628,-36.91,2026-06-01,False,6.25,2.4193548387096686,-0.014104355506136696,71.34831460674157,18.189999999999998,4.915254237288136,80.56497175141243,36.836158192090394,43.27683615819209,81.24293785310735,49.36723163841808,1.7006802721088436,17.33194972904416
4127,天良,藥,89.3,37737571.605000004,True,99.89669421487604,0.614334470989761,41.38,2026-06-01,False,6.8181818181818175,20.675675675675674,0.13072411068393966,100.0,-3.68333333333333,5.19774011299435,98.41807909604519,88.8135593220339,99.2090395480226,25.875706214689266,63.50282485875706,69.27437641723357,43.81576924555134
1712,興農,藥,38.95,37599846.3375,True,66.70281995661605,41.36518771331058,4.08,2026-06-01,False,22.727272727272727,-1.6414141414141377,-0.13312436544385164,82.60869565217392,-4.223333333333333,23.220338983050848,68.47457627118644,4.745762711864407,71.1864406779661,24.74576271186441,38.47457627118644,21.31519274376417,36.81184903339867
6922,宸曜,電腦及週邊,185.5,37468711.275,True,61.804511278195484,45.11945392491468,39.41,2026-06-01,False,52.63157894736842,4.507042253521127,0.06717003811570303,82.07964601769912,-12.003333333333337,52.259887005649716,85.19774011299435,75.70621468926554,70.3954802259887,14.463276836158192,59.604519774011294,67.46031746031747,51.229486144740385
2417,圓剛,電腦及週邊,42.95,36788927.73750001,True,83.83110195674563,26.143344709897608,4.96,2026-06-01,False,28.07017543859649,-4.661487236403984,0.023740918964725712,75.48330404217927,-5.543333333333334,28.361581920903955,58.75706214689266,57.51412429378531,54.68926553672316,21.92090395480226,44.24858757062147,22.67573696145125,36.74238056804643
7792,安葆,電機製品,207.0,36674361.8,True,6.4,87.91808873720136,28.27,2026-06-01,False,81.81818181818183,-12.101910828025478,0.22256488886728884,50.98522167487685,16.66,82.82485875706215,34.12429378531073,95.48022598870057,5.423728813559322,79.66101694915254,59.50282485875706,55.55555555555556,52.41996233521657
6024,群益期,期貨,59.9,36554335.78999999,True,10.303687635574837,85.6655290102389,124.15,2026-06-01,False,85.83275742916379,-7.131782945736437,0.018654383557578865,91.87116564417177,169.84,86.89265536723164,51.186440677966104,55.367231638418076,88.0225988700565,98.75706214689266,76.045197740113,92.85714285714286,79.14648910411621
2707,晶華,餐飲飯店,179.5,36298341.025,True,17.84164859002169,79.18088737201366,13.94,2026-06-01,False,54.166666666666664,-0.2777777777777778,0.17440823138244127,88.20638820638821,8.363333333333333,53.61581920903955,73.10734463276836,93.10734463276836,82.48587570621469,64.29378531073446,73.32203389830508,35.714285714285715,49.6771589991929
3580,友威科,電子設備,77.0,36293763.07,True,97.0173535791757,5.563139931740614,-2.83,2026-06-01,False,11.643835616438356,-19.62421711899791,0.06811500364454454,68.14159292035397,-20.806666666666665,10.790960451977401,14.915254237288137,76.045197740113,35.25423728813559,9.265536723163843,29.254237288135595,12.35827664399093,35.87205503670395
2221,大甲,基本金屬,46.95,36141888.135,True,95.60737527114968,9.556313993174061,34.65,2026-06-01,False,5.263157894736842,-0.9493670886075859,0.0027706196713000036,80.39383561643835,11.006666666666664,3.672316384180791,70.96045197740114,46.779661016949156,66.66666666666666,69.83050847457626,51.5819209039548,63.718820861678005,40.77433798378108
3388,崇越電,電子通路,72.6,35981377.05499999,True,74.18655097613883,34.40273037542662,18.97,2026-06-01,False,40.0,-11.138310893512863,0.14161934900901274,60.0,-6.023333333333337,39.66101694915255,37.514124293785315,90.16949152542372,16.38418079096045,20.451977401129945,40.836158192090394,43.93424036281179,40.61632845228486
3218,大學光,醫藥通路,142.5,35621563.675,True,7.592190889370933,87.03071672354949,17.08,2026-06-01,False,66.66666666666666,1.0638297872340425,0.18252373736896715,69.00726392251816,6.756666666666666,66.7231638418079,77.06214689265536,93.55932203389831,37.6271186440678,60.564971751412436,67.10734463276836,41.66666666666667,42.23870056497175
1612,宏泰,電纜,31.65,34650231.61,True,18.817787418655097,78.22525597269625,-11.28,2026-06-01,False,60.0,-5.663189269746643,-0.21808238937692903,77.85977859778598,-3.4966666666666653,59.71751412429378,55.254237288135585,0.903954802259887,61.35593220338983,26.666666666666668,40.77966101694915,6.00907029478458,42.95706983358315
8147,正淩,電子零組件,125.5,34165029.8,True,38.71161950632149,62.45733788395904,14.91,2026-06-01,False,84.13793103448276,-15.488215488215488,-0.0618006090722015,65.87926509186352,5.833333333333334,84.97175141242937,23.163841807909606,17.401129943502823,29.830508474576273,56.836158192090394,42.44067796610169,37.528344671201815,57.29169068757446
2547,日勝生,建設,10.65,33589067.16499999,True,82.14548126377663,28.054607508532424,141.99,2026-06-01,False,10.16949152542373,-6.986899563318769,0.1299474528538947,91.8103448275862,77.05333333333334,9.265536723163843,51.41242937853108,88.70056497175142,87.909604519774,96.8361581920904,66.82485875706215,93.87755102040816,59.910065721203736
7722,LINEPAY,數位雲端,301.5,33503706.6,True,16.790123456790123,79.86348122866895,14.16,2026-06-01,False,54.166666666666664,-6.2208398133748055,0.05224858647475311,44.20821114369502,-0.09999999999999964,53.61581920903955,54.01129943502825,71.86440677966101,1.92090395480226,34.80225988700565,43.24293785310734,36.507936507936506,34.50834005918752
6873,泓德能源,光電及I/O,77.7,33400553.090000004,True,75.27010804321729,33.85665529010239,42.53,2026-06-01,False,40.0,-10.2771362586605,0.028663037341431583,42.57534246575342,51.13666666666666,39.66101694915255,40.225988700564976,60.33898305084746,1.4689265536723164,95.36723163841808,47.41242937853107,70.18140589569161,42.771340174487875
2243,宏旭-KY,汽車組件,40.05,33191015.2575,True,19.003115264797508,78.02047781569966,-40.08,2026-06-01,False,88.88888888888889,-21.470588235294123,-0.09074580385534671,60.68181818181818,-37.516666666666666,89.60451977401131,11.525423728813559,10.056497175141244,17.401129943502823,4.971751412429379,26.711864406779664,1.3605442176870748,49.21019255159691
2331,精英,電腦及週邊,19.8,33164650.4275,True,67.6132521974307,40.54607508532423,25.84,2026-06-01,False,49.122807017543856,-3.64963503649635,0.01705136662231141,66.110183639399,18.476666666666667,48.47457627118644,61.92090395480226,54.23728813559322,30.282485875706218,81.46892655367232,55.27683615819209,51.75736961451247,42.14838195165071
5291,邑昇,印刷電路板,56.1,33161784.432499994,True,68.25574873808189,40.0,40.5,2026-06-01,False,75.60975609756098,-1.7513134851138354,-0.009647951130413389,71.19289340101524,-1.0399999999999991,76.15819209039549,68.0225988700565,39.887005649717516,42.93785310734463,33.05084745762712,52.01129943502825,68.36734693877551,54.860198316614785
3528,安馳,電子通路,89.2,32917609.619999997,True,86.22559652928416,22.320819112627987,57.4,2026-06-01,False,16.0,-10.171198388721042,-0.06396821381543902,63.714285714285715,-11.756666666666668,15.593220338983052,40.56497175141243,16.497175141242938,22.768361581920903,14.576271186440678,22.0,78.91156462585033,44.17704369883546
6577,勁豐,電腦及週邊,78.7,32880495.509999998,True,47.396963123644255,56.2457337883959,4.97,2026-06-01,False,70.17543859649122,-1.6249999999999967,0.03248997631207569,83.36864406779661,3.633333333333333,70.73446327683615,68.58757062146893,62.71186440677966,72.99435028248588,49.152542372881356,64.8361581920904,22.789115646258505,49.482589646027904
3114,好德,電子通路,38.8,32850368.902499996,True,70.17353579175705,38.49829351535836,-16.21,2026-06-01,False,50.0,-3.000000000000007,-0.012239049422134576,67.24436741767764,-9.556666666666668,49.83050847457628,64.0677966101695,38.4180790960452,33.33333333333333,16.271186440677965,40.38418079096046,4.421768707482993,30.879453476305777
2535,達欣工,營造,90.1,32562667.060000002,True,31.941431670281993,67.57679180887372,19.94,2026-06-01,False,43.75,1.8079096045197676,-0.009028040928462334,93.17476732161323,19.6,43.44632768361582,78.98305084745762,40.225988700564976,90.62146892655367,83.38983050847457,67.33333333333334,44.89795918367347,49.99567623659634
2420,新巨,電子零組件,55.3,32467284.37499999,True,79.55531453362255,30.44368600682594,10.73,2026-06-01,False,53.103448275862064,-9.046052631578947,-0.03342647334700726,84.68606431852986,8.393333333333334,52.76836158192091,44.51977401129943,28.361581920903955,76.045197740113,64.40677966101694,53.22033898305085,31.179138321995463,53.86823090818248
7768,頌勝科技,樹脂,257.0,32421896.025,True,16.923076923076923,79.5221843003413,11.91,2026-06-01,False,85.71428571428571,-26.676176890156917,0.11476671597370733,52.610030706243606,5.323333333333334,86.61016949152543,5.762711864406779,86.21468926553672,6.440677966101695,54.57627118644067,47.920903954802256,32.99319727891156,55.07033321803297
3490,單井,電子設備,30.4,32132661.52,True,14.71825063078217,81.70648464163823,-3.75,2026-06-01,False,94.52054794520548,-4.402515723270447,-0.07310600388862197,69.88505747126436,-18.79,94.57627118644068,58.98305084745763,14.237288135593221,40.0,10.3954802259887,43.63841807909604,11.224489795918368,46.70442753372536
6224,聚鼎,電子零組件,55.0,31949064.795000006,True,91.3232104121475,16.552901023890783,14.7,2026-06-01,False,28.965517241379313,-26.174496644295303,0.039979662883487165,57.89473684210527,13.25,29.152542372881356,6.666666666666667,65.98870056497175,12.768361581920903,74.12429378531074,37.740112994350284,37.358276643990926,43.15312848303163
6419,京晨科,光電及I/O,140.0,31918105.175,True,52.44003308519437,52.696245733788395,344.15,2026-06-01,False,55.714285714285715,-4.10958904109589,0.042748265021688436,71.97943444730078,-3.060000000000059,55.70621468926553,60.0,67.11864406779661,44.97175141242938,28.70056497175141,51.29943502824858,98.1859410430839,59.7159767861947
6870,騰雲,數位雲端,256.0,31849426.35,True,24.074074074074073,73.72013651877133,54.55,2026-06-01,False,37.5,-11.418685121107266,-0.06754528516146104,77.57575757575758,-9.50333333333333,37.005649717514125,36.38418079096045,15.480225988700566,60.67796610169491,16.497175141242938,33.2090395480226,78.2312925170068,59.882681886313854
2427,三商電,資訊服務,21.8,31313744.65500001,True,43.872017353579174,58.839590443686006,-11.68,2026-06-01,False,36.36363636363637,-13.663366336633661,0.01338208342238621,73.15436241610739,6.399999999999999,35.6497175141243,28.926553672316384,52.09039548022599,48.36158192090396,59.43502824858757,44.89265536723164,5.555555555555555,40.16007532956685
5306,桂盟,自行車組件,94.7,31183317.435000002,True,63.44902386117137,44.027303754266214,31.67,2026-06-01,False,44.16033172080166,9.47976878612717,0.0474310814428585,95.46370967741935,15.810000000000002,44.293785310734464,92.20338983050847,69.83050847457626,94.4632768361582,78.53107344632768,75.86440677966102,59.750566893424036,51.576059802452065
8415,大國鋼,基本金屬,38.05,30879943.4075,True,32.53796095444685,66.79180887372014,36.57,2026-06-01,False,63.1578947368421,9.496402877697834,0.27043457933734494,99.08854166666666,11.29333333333333,63.10734463276836,92.31638418079096,98.19209039548022,97.96610169491525,70.3954802259887,84.39548022598869,65.75963718820861,58.62917483377531
6015,宏遠證,證券,15.3,30191077.015000004,True,22.93504410585405,74.74402730375427,270.84,2026-06-01,False,62.5,-13.314447592067976,-0.14897618364642348,66.81222707423582,-1343.4433333333336,62.259887005649716,30.282485875706218,3.84180790960452,31.864406779661014,0.5649717514124294,25.762711864406782,97.1655328798186,65.25183519735577
6485,點序,半導體,61.5,29978255.77,True,94.16195856873823,12.627986348122866,-6.63,2026-06-01,False,19.230769230769234,-19.921874999999996,0.0703482901734981,49.39759036144578,3.7633333333333328,18.983050847457626,13.898305084745763,77.06214689265536,4.1807909604519775,49.6045197740113,32.7457627118644,8.956916099773244,29.555613205734275
4532,瑞智,家電製品,24.5,29930578.377499998,True,31.127982646420826,68.25938566552901,28.8,2026-06-01,False,62.5,-5.95009596928983,-0.11326454029612008,84.19243986254295,12.366666666666667,62.259887005649716,54.68926553672316,6.779661016949152,75.02824858757063,72.54237288135593,54.259887005649716,56.235827664399096,59.70867443022407
5258,虹堡,電腦及週邊,51.8,29866389.9775,True,68.75,39.45392491467577,20.75,2026-06-01,False,47.368421052631575,-1.893939393939394,0.07885736453431119,64.83103879849811,-5.52,47.06214689265536,67.2316384180791,79.77401129943503,26.666666666666668,22.033898305084744,48.55367231638418,46.03174603174603,38.13223029324724
6234,高僑,電子設備,34.05,29601601.6975,True,94.76470588235294,11.467576791808874,-15.81,2026-06-01,False,19.17808219178082,-19.31279620853082,0.09227820417226167,54.91935483870968,-22.45,18.870056497175142,15.706214689265538,82.25988700564972,9.03954802259887,8.700564971751412,26.91525423728813,4.535147392290249,29.18463430569968
3483,力致,電子零組件,74.4,29540003.560000002,True,44.95661605206074,57.95221843003413,-18.47,2026-06-01,False,78.62068965517241,-13.689095127610203,-0.025833149977009015,55.730337078651694,-8.08,79.54802259887006,28.70056497175141,30.847457627118647,9.830508474576272,17.740112994350284,33.333333333333336,3.8548752834467117,41.13321034628541
1218,泰山,油脂飼料,15.5,29468432.015000004,True,13.189845474613687,83.00341296928327,-11.86,2026-06-01,False,80.0,-8.011869436201788,-0.14185768042546007,79.08163265306122,-9.556666666666667,80.90395480225989,47.79661016949153,4.1807909604519775,63.502824858757066,16.38418079096045,42.55367231638418,5.442176870748299,50.513086590568435
9911,櫻花,五金及家具,82.6,29160735.78,True,26.301518438177872,72.01365187713311,6.72,2026-06-01,False,90.9090909090909,-1.0778443113772522,-0.0705960853966594,89.4907908992416,-0.5533333333333337,91.41242937853107,70.3954802259887,15.254237288135593,85.08474576271186,33.78531073446327,59.1864406779661,25.963718820861676,58.01635343402897
5521,工信,營造,10.15,28725373.8015,True,25.740551583248212,72.55972696245733,-0.66,2026-06-01,False,62.5,-4.245283018867918,-0.14664287509551321,37.111517367458866,-7.48,62.259887005649716,59.2090395480226,3.954802259887006,0.5649717514124294,18.305084745762713,28.85875706214689,15.646258503401361,29.815519428110225
6235,華孚,電子零組件,39.3,28711327.97,True,22.79825109306683,74.88054607508532,-3.96,2026-06-01,False,92.41379310344827,-7.311320754716985,0.0494166231413308,51.30548302872062,2.3400000000000007,92.7683615819209,50.62146892655367,70.73446327683615,5.649717514124294,43.389830508474574,52.63276836158192,10.997732426303855,39.69858564894884
1436,華友聯,建設,36.35,28465064.085,True,63.93709327548807,43.54948805460751,-79.41,2026-06-01,False,27.11864406779661,-19.04231625835189,-0.10593560270131189,44.60122699386503,-59.349999999999994,27.45762711864407,16.045197740112993,7.5706214689265545,2.1468926553672314,3.5028248587570623,11.344632768361583,0.22675736961451248,28.446519850878204
5511,德昌,營造,69.7,28456031.979999997,True,7.917570498915401,86.75767918088737,3.9,2026-06-01,False,87.5,10.110584518167466,-0.0915611824264429,86.69154228855722,-3.47,88.4180790960452,92.99435028248587,9.943502824858758,79.77401129943503,26.779661016949152,59.5819209039548,20.975056689342402,49.0431992005842
5236,凌陽創新,半導體,142.5,28202771.8,True,32.104832104832106,67.23549488054607,12.78,2026-06-01,False,78.46153846153847,-11.490683229813664,-0.09282852042860786,76.40750670241286,-7.076666666666666,79.2090395480226,36.15819209039548,9.491525423728813,57.06214689265536,18.757062146892657,40.13559322033898,34.24036281179138,58.58833929051846
8473,山林水,資源回收,40.9,28124336.524999995,True,1.7798286090969018,93.44709897610922,18.1,2026-06-01,False,91.30434782608695,-10.307017543859654,-0.017260118798294945,73.03571428571428,4.586666666666666,91.9774011299435,40.0,34.463276836158194,47.79661016949153,52.54237288135594,53.35593220338984,42.517006802721085,60.572754525539025
3229,晟鈦,印刷電路板,46.55,27840399.7425,True,95.4337899543379,9.897610921501707,99.09,2026-06-01,False,21.951219512195124,20.12903225806451,0.06513237918984825,85.56985294117648,27.370000000000005,22.033898305084744,98.07909604519774,75.14124293785311,77.40112994350282,89.60451977401131,72.45197740112994,89.90929705215419,47.816307313886
7703,銳澤,電子設備,178.0,27781419.2,True,39.90498812351544,61.774744027303754,25.14,2026-06-01,False,87.67123287671232,-11.442786069651742,-0.08730161868476673,61.5916955017301,10.686666666666667,88.70056497175142,36.271186440677965,11.073446327683616,18.983050847457626,69.26553672316385,44.85875706214689,50.79365079365079,55.55152004304547
4746,台耀,藥,54.0,27558316.559999995,True,44.642857142857146,58.293515358361766,0.29,2026-06-01,False,34.090909090909086,-1.459854014598535,-0.012933930249696251,75.9493670886076,10.406666666666666,33.728813559322035,69.15254237288136,37.740112994350284,55.932203389830505,68.7005649717514,53.050847457627114,16.55328798185941,34.26544063953265
6263,普萊德,通信網路,154.0,27488701.85,True,85.90021691973969,23.003412969283275,4.21,2026-06-01,False,36.734693877551024,-7.784431137724551,0.09379522330727286,81.6976127320955,-3.7233333333333336,36.045197740113,49.03954802259887,83.1638418079096,69.71751412429379,25.76271186440678,52.7457627118644,21.541950113378686,44.56627848879665
5292,華懋,電子設備,172.0,27456727.825,True,59.665144596651444,46.689419795221845,-8.28,2026-06-01,False,72.6027397260274,-10.649350649350648,-0.19227898561834963,64.90566037735849,-10.99,73.22033898305085,39.2090395480226,1.694915254237288,27.005649717514125,15.254237288135593,31.27683615819209,8.16326530612245,42.2950536146662
6189,豐藝,電子通路,48.6,27347140.77,True,93.11279826464208,14.334470989761092,4.49,2026-06-01,False,10.0,-3.571428571428566,0.1181046975206574,85.11383537653239,2.92,8.926553672316384,62.37288135593221,86.66666666666667,76.7231638418079,45.76271186440678,56.09039548022599,21.882086167800455,36.289730581498134
5410,國眾,電子通路,34.5,27277507.615,True,26.46420824295011,71.84300341296928,11.87,2026-06-01,False,84.0,-22.47191011235955,-0.130508543054544,71.875,-99.25333333333333,84.85875706214689,9.830508474576272,4.858757062146893,44.632768361581924,2.2598870056497176,29.28813559322034,32.87981859410431,63.13520888581421
4912,聯德控股-KY,電子零組件,89.0,26549433.95,True,96.52928416485899,7.20136518771331,53.33,2026-06-01,False,15.862068965517242,2.8901734104046244,0.01785737773972196,77.39130434782608,15.083333333333336,15.36723163841808,81.80790960451978,54.91525423728814,59.887005649717516,77.51412429378531,57.898305084745765,77.66439909297053,42.77768169414659
5508,永信建,建設,53.5,26475990.635,True,83.78524945770064,26.245733788395903,329.34,2026-06-01,False,8.47457627118644,-7.758620689655173,0.03236830494653518,50.0,166.54333333333332,7.118644067796611,49.152542372881356,62.59887005649718,4.463276836158192,98.64406779661017,44.3954802259887,97.84580498866214,40.068795879933894
8478,東哥遊艇,機車船製造,151.5,26309163.725,True,1.0845986984815619,95.08532423208192,76.33,2026-06-01,False,100.0,-1.6233766233766231,0.0730180882906127,65.44276457883369,92.47333333333333,98.75706214689266,68.7005649717514,78.53107344632768,28.70056497175141,97.28813559322033,74.39548022598869,86.5079365079365,61.316249663707296
2636,台驊控股,貨運倉儲,65.2,26292876.000000004,True,71.42082429501085,37.406143344709896,25.18,2026-06-01,False,21.428571428571427,-7.517730496453896,-0.03284807058415823,89.31506849315069,9.733333333333333,21.525423728813557,49.94350282485876,28.70056497175141,84.97175141242937,67.34463276836158,50.497175141242934,51.02040816326531,51.89352011991237
7786,東方風能,海運,127.0,25980677.025,True,28.160919540229884,70.23890784982935,18.58,2026-06-01,False,72.72727272727273,-4.150943396226415,0.1551163250539843,43.6426116838488,-17.613333333333337,73.38983050847457,59.66101694915255,91.18644067796609,1.5819209039548021,10.847457627118644,47.33333333333333,43.197278911564624,39.62700334371036
1720,生達,藥,57.0,25956821.369999997,True,5.802603036876356,88.46416382252559,9.11,2026-06-01,False,68.18181818181817,-10.798122065727696,0.037383647034768236,86.89024390243904,6.4799999999999995,68.0225988700565,38.983050847457626,64.63276836158191,80.11299435028249,59.548022598870055,62.259887005649716,29.25170068027211,59.601060763288366
5474,聰泰,電腦及週邊,146.0,25794957.8,True,89.47939262472885,18.703071672354948,16.3,2026-06-01,False,19.298245614035086,-9.034267912772584,0.06503093361347405,69.35866983372921,16.776666666666667,19.096045197740114,44.632768361581924,74.91525423728814,38.87005649717514,79.77401129943503,51.45762711864406,40.532879818594104,38.46655328798186
2442,新美齊,建設,19.4,25152360.625,True,14.66121495327103,81.77474402730375,220.09,2026-06-01,False,83.05084745762711,0.7792207792207718,0.08155766603583281,64.66666666666666,97.56333333333332,84.06779661016948,76.49717514124293,80.45197740112995,26.214689265536723,97.74011299435028,72.99435028248588,96.25850340136054,57.51095353395595
6651,全宇昕,半導體,132.5,25128680.5,True,86.98578908002992,21.36518771331058,19.46,2026-06-01,False,34.61538461538461,-13.398692810457517,-0.01435493881641508,78.40236686390533,6.140000000000001,34.463276836158194,30.056497175141246,36.610169491525426,62.485875706214685,58.19209039548022,44.36158192090396,44.44444444444444,52.83427495291902
4736,泰博,醫療耗材,130.5,25077653.9,True,16.052060737527114,80.54607508532423,2.09,2026-06-01,False,60.0,3.571428571428571,0.21057435038566924,90.94076655052264,8.469999999999999,59.71751412429378,83.50282485875707,94.91525423728814,86.89265536723164,64.63276836158191,77.9322033898305,18.08390022675737,45.29781121488143
4952,凌通,半導體,50.5,25004474.822499998,True,80.20607375271149,30.034129692832767,50.03,2026-06-01,False,42.30769230769231,-12.629757785467124,-0.06325579865624346,83.47107438016529,23.143333333333334,42.14689265536723,32.316384180790955,16.836158192090394,73.33333333333333,86.77966101694915,50.28248587570621,75.34013605442176,64.62599446558283
2015,豐興,基本金屬,65.8,24972335.749999996,True,49.62039045553146,54.88054607508532,-9.73,2026-06-01,False,55.26315789473685,6.991869918699183,0.394112488858207,93.33333333333333,-0.5099999999999998,55.14124293785311,89.60451977401131,99.88700564971752,90.84745762711864,34.01129943502825,73.89830508474577,7.142857142857142,40.8817594834544
7805,威聯通,電腦及週邊,644.0,24774777.45,True,33.33333333333333,66.00682593856655,28.11,2026-06-01,False,78.94736842105263,-0.30959752321981426,-0.012865907314761825,78.53658536585367,13.176666666666668,79.77401129943503,72.99435028248588,37.85310734463277,62.59887005649718,73.89830508474576,65.42372881355932,55.44217687074829,56.205176986048656
3703,欣陸,營造,20.4,24620358.5625,True,24.605855855855857,72.96928327645051,-5.55,2026-06-01,False,68.75,-0.9708737864077808,0.15911511037963033,83.60655737704919,-1.6233333333333326,68.92655367231639,70.84745762711864,92.09039548022598,73.78531073446327,31.29943502824859,67.38983050847457,9.863945578231291,45.432088089473076
3031,佰鴻,光電及I/O,22.7,24541707.225,True,82.10412147505423,28.12286689419795,27.04,2026-06-01,False,34.285714285714285,-26.41815235008104,-0.07608711785833251,65.79710144927536,1.3533333333333317,34.18079096045198,5.988700564971752,13.107344632768362,29.717514124293785,39.09604519774012,24.418079096045197,54.30839002267574,53.05449863561243
4167,松瑞藥,藥,19.75,24382415.39,True,20.83969465648855,76.45051194539249,-0.18,2026-06-01,False,54.54545454545454,-5.7279236276849606,-0.0497038738991199,90.38901601830663,14.023333333333333,54.40677966101695,55.14124293785311,21.242937853107343,85.87570621468926,74.80225988700565,58.293785310734464,16.213151927437643,50.33859871632268
6112,邁達特,資訊服務,45.9,24276595.835,True,30.45429052159282,68.94197952218431,-2.29,2026-06-01,False,56.81818181818182,3.49492671927846,0.15764590201029213,80.38528896672504,-15.11,57.06214689265536,83.1638418079096,91.52542372881356,66.55367231638418,12.31638418079096,62.12429378531074,13.151927437641723,38.400976209692914
2546,根基,營造,99.1,24257794.25,True,70.98698481561823,37.95221843003413,44.27,2026-06-01,False,18.75,7.483731019522767,0.0739020947126795,95.28846153846153,14.67333333333334,18.47457627118644,90.28248587570621,78.87005649717514,94.01129943502825,76.7231638418079,71.67231638418079,71.20181405895691,48.351300972366346
3356,奇偶,光電及I/O,55.8,24219523.785000004,True,0.32590983161325365,97.61092150170649,24.09,2026-06-01,False,95.71428571428572,-6.688963210702341,-0.12993948668768665,85.45176110260336,10.523333333333332,95.36723163841808,52.31638418079096,5.084745762711865,77.06214689265536,68.8135593220339,59.728813559322035,49.65986394557823,67.44321457396518
4951,精拓科,半導體,79.0,24200102.189999998,True,15.51155115511551,81.09215017064847,-3.71,2026-06-01,False,86.15384615384616,-10.430839002267577,0.0027155362674623445,56.42857142857143,-2.5533333333333337,87.34463276836159,39.77401129943503,46.666666666666664,10.96045197740113,29.6045197740113,42.87005649717514,11.337868480725625,42.467235481763325
9925,新保,保全,40.05,24088118.105,True,43.600867678958785,59.044368600682596,3.31,2026-06-01,False,59.15687629578438,-3.0266343825665865,0.12193614471710995,96.50602409638553,0.5066666666666668,58.644067796610166,63.84180790960452,87.2316384180791,95.36723163841808,36.610169491525426,68.33898305084746,20.294784580498867,52.61606902648065
3257,虹冠電,半導體,50.0,23927037.1825,True,23.91540130151844,73.78839590443687,-42.5,2026-06-01,False,80.76923076923077,-22.1183800623053,0.007176793281181513,63.85696040868455,3.280000000000001,82.03389830508473,10.282485875706215,48.8135593220339,23.389830508474578,47.2316384180791,42.35028248587571,1.1337868480725624,49.06875744648141
1617,榮星,電纜,18.2,23866904.592499997,True,59.7051597051597,46.62116040955631,39.58,2026-06-01,False,10.0,-22.553191489361705,0.005925354341541754,68.16479400749064,5.873333333333328,8.926553672316384,9.717514124293785,47.79661016949153,35.367231638418076,57.175141242937855,31.796610169491526,67.57369614512471,50.53749183289135
5515,建國,營造,43.25,23751707.425,True,2.8199566160520604,91.74061433447099,24.55,2026-06-01,False,93.75,4.975728155339799,0.04541940920535159,97.74011299435028,6.376666666666669,93.61581920903956,86.32768361581921,68.36158192090396,96.49717514124293,58.98305084745763,80.75706214689266,50.05668934240363,63.460500019216724
6642,富致,電子零組件,80.7,23112843.439999998,True,69.23997606223818,38.839590443686006,52.49,2026-06-01,False,59.310344827586206,-2.7710843373493943,-0.026182327532671846,87.81284004352557,23.520000000000003,58.98305084745763,64.51977401129943,30.508474576271187,81.92090395480226,87.11864406779661,64.61016949152543,77.21088435374149,63.39876628617549
6122,擎邦,工程承攬,47.05,22735769.777499996,True,24.48295136948016,73.17406143344711,20.25,2026-06-01,False,50.0,-9.16988416988417,-0.047503355070733284,75.03987240829345,24.19333333333333,49.83050847457628,43.954802259887,22.033898305084744,53.44632768361583,87.57062146892656,51.36723163841808,45.46485260770975,51.19672162650372
3484,崧騰,電子零組件,51.7,22623149.8675,True,50.86767895878525,53.651877133105806,9.04,2026-06-01,False,76.55172413793103,-1.8975332068311195,0.02275363778074855,91.50442477876106,10.169999999999998,76.8361581920904,67.11864406779661,56.949152542372886,87.45762711864407,67.79661016949152,71.23163841807909,29.138321995464857,56.57836580960068
2423,固緯,電子設備,76.5,22616809.055,True,97.34273318872017,4.539249146757679,26.66,2026-06-01,False,9.58904109589041,-4.015056461731496,0.04150191072269657,90.2122641509434,6.286666666666665,8.135593220338983,60.33898305084746,66.89265536723164,85.76271186440678,58.8135593220339,55.98870056497175,53.51473922902494,46.76851531573081
8476,台境*,資源回收,20.5,22475682.009999998,True,76.77356656948494,32.62798634812287,66.05,2026-06-01,False,30.434782608695656,-14.93775933609959,-0.0868514355777819,82.82828282828282,74.47333333333333,30.508474576271187,24.858757062146893,11.299435028248588,71.86440677966101,96.49717514124293,47.00564971751412,83.10657596371883,65.15517506437604
5228,鈺鎧,電子零組件,40.25,22457169.330000002,True,55.7919621749409,49.62457337883959,35.09,2026-06-01,False,71.72413793103448,-27.346570397111915,0.02831435177939939,52.82152230971129,-14.57333333333333,72.42937853107345,4.971751412429379,60.11299435028249,6.892655367231638,12.655367231638417,31.41242937853108,64.05895691609977,59.60230985049387
2108,南帝,橡膠原料,28.7,22456532.95,True,93.76355748373102,13.48122866894198,31.78,2026-06-01,False,13.441603317208017,-0.519930675909886,0.06957592119313862,89.26905132192846,0.11333333333333329,12.655367231638417,72.54237288135593,76.61016949152543,84.85875706214689,35.59322033898305,56.451977401129945,59.863945578231295,46.20892424766517
5426,振發,電子零組件,26.25,22380916.547500003,True,61.18980169971672,45.59726962457338,44.52,2026-06-01,False,68.27586206896552,-12.353923205342236,-0.021459602003675003,66.20428751576293,19.45666666666667,68.13559322033899,33.220338983050844,32.88135593220339,30.508474576271187,82.71186440677965,49.49152542372882,71.54195011337869,59.2414197317345
3046,建碁,電腦及週邊,56.7,22221988.835,True,32.9646017699115,66.41638225255973,53.63,2026-06-01,False,80.7017543859649,1.978417266187053,0.09357163649831093,88.59375,3.3766666666666723,81.92090395480226,79.2090395480226,82.93785310734462,83.84180790960451,47.68361581920904,75.11864406779661,77.77777777777779,66.08286252354048
6532,瑞耘,電子設備,82.1,22143486.170000006,True,8.839479392624728,86.48464163822526,18.65,2026-06-01,False,100.0,5.256410256410248,0.023013589499212433,72.01754385964911,-8.220000000000006,98.75706214689266,86.77966101694915,57.175141242937855,45.19774011299435,17.51412429378531,61.08474576271186,43.480725623582764,50.163966716630156
5452,佶優,電子通路,26.25,22086146.752499998,True,55.52455357142857,50.170648464163826,6.69,2026-06-01,False,66.0,-16.93037974683545,-0.061922566421287455,66.53992395437261,0.1966666666666672,65.87570621468927,20.7909604519774,17.28813559322034,31.07344632768362,35.932203389830505,34.19209039548023,25.736961451247165,50.47378838541067
3588,通嘉,半導體,54.3,21891232.03,True,87.94117647058823,20.204778156996586,46.38,2026-06-01,False,30.76923076923077,-18.7125748502994,-0.11783828900730162,71.54150197628456,18.636666666666667,31.016949152542374,17.062146892655367,6.214689265536723,44.06779661016949,81.69491525423729,36.01129943502825,72.78911564625851,57.702928629078755
3130,一零四,數位雲端,203.5,21814922.25,True,0.596529284164859,96.48464163822526,7.87,2026-06-01,False,83.33333333333334,-7.709750566893423,-0.5065396202673241,87.33905579399142,-1.3333333333333348,84.51977401129943,49.37853107344633,0.11299435028248588,81.01694915254237,31.864406779661014,49.378531073446325,27.89115646258503,61.01233713824512
2106,建大,輪胎,18.05,21807181.535,True,96.28048780487805,7.713310580204778,11.6,2026-06-01,False,20.0,3.735632183908059,0.04509362478244349,83.56481481481481,5.493333333333333,20.0,83.954802259887,68.13559322033899,73.67231638418079,55.70621468926553,60.293785310734464,32.53968253968254,35.56429916599408
2617,台航,海運,28.9,21744500.625,True,34.32754880694143,65.66552901023891,37.28,2026-06-01,False,63.63636363636363,-5.245901639344267,0.06046955349699095,86.52694610778443,10.713333333333335,63.78531073446327,56.271186440677965,73.89830508474576,79.66101694915254,69.37853107344633,68.59887005649718,66.3265306122449,63.375417963795684
3652,精聯,電腦及週邊,33.9,21533675.0375,True,6.790123456790123,87.64505119453925,-1.21,2026-06-01,False,91.22807017543859,0.0,-0.059792042816658356,79.3911007025761,-26.45666666666667,91.86440677966101,74.01129943502825,18.192090395480225,64.63276836158191,7.231638418079096,51.186440677966104,14.399092970521544,49.22124216918405
1307,三芳,石化,32.5,21449146.527499996,True,16.54013015184382,80.27303754266212,11.11,2026-06-01,False,93.75,1.0886469673405956,0.07281006252909894,86.89839572192514,1.5099999999999998,93.61581920903956,77.17514124293785,78.30508474576271,80.22598870056498,39.887005649717516,73.84180790960453,31.97278911564626,57.15986394557824
2905,三商,百貨批發,16.4,21100498.4225,True,84.11978221415607,25.802047781569964,-19.95,2026-05-01,False,5.555555555555555,6.493506493506482,0.23901524880560124,95.906432748538,-111.84666666666666,4.1807909604519775,88.8135593220339,96.94915254237289,95.02824858757062,1.92090395480226,57.378531073446325,3.2879818594104306,28.420865521349782
5607,遠雄港,貨運倉儲,48.95,20844623.009999998,True,27.765726681127983,70.61433447098976,37.01,2026-06-01,False,78.57142857142857,-4.766536964980537,-0.08703341206481789,87.88150807899461,-0.023333333333333428,79.37853107344633,58.4180790960452,11.186440677966102,82.03389830508473,35.14124293785311,53.23163841807909,65.98639455782312,67.24518621007725
6841,長佳智能,醫療耗材,56.2,20781555.13,True,22.81303602058319,74.81228668941979,6.13,2026-06-01,False,48.57142857142857,-13.137557959814528,-0.09841384552937203,67.8743961352657,-6.066666666666667,48.0225988700565,30.73446327683616,8.587570621468926,34.57627118644068,20.225988700564972,28.429378531073446,24.263038548752835,44.03186133210346
1568,倉佑,汽車組件,27.9,20731218.305,True,45.43869843114468,57.47440273037543,18.2,2026-06-01,False,72.22222222222221,-15.19756838905775,0.12412728104103744,56.024096385542165,-0.5399999999999991,72.82485875706215,23.84180790960452,87.79661016949153,10.16949152542373,33.89830508474576,45.70621468926553,42.63038548752834,50.445731965102425
6716,應廣,半導體,95.7,20682911.94,True,31.504196255648804,68.12286689419795,60.58,2026-06-01,False,79.23076923076923,-6.6341463414634125,-0.045423868035019244,81.4468085106383,16.156666666666673,80.0,52.655367231638415,23.163841807909606,69.26553672316385,78.98305084745762,60.813559322033896,80.61224489795919,69.30560359737116
6026,福邦證,證券,14.1,20671486.8075,True,28.153018529587566,70.30716723549489,1448.39,2026-06-01,False,50.0,-10.191082802547768,-0.1152541975423638,73.05699481865284,809.6866666666667,49.83050847457628,40.451977401129945,6.440677966101695,48.0225988700565,99.77401129943503,48.90395480225989,99.65986394557824,64.26524847227027
6568,宏觀,半導體,137.5,20563464.925,True,38.44902386117137,62.76450511945393,11.01,2026-06-01,False,77.6923076923077,-11.858974358974358,0.10665163623675611,50.18248175182482,2.073333333333334,78.07909604519774,35.14124293785311,85.53672316384181,4.632768361581921,42.259887005649716,49.129943502824865,31.689342403628117,44.81499096813867
7744,崴寶,電子零組件,470.0,20520895.275,True,58.68263473053892,47.610921501706486,128.13,2026-06-01,False,70.34482758620689,1.511879049676026,-0.04550287445138159,77.30263157894737,15.870000000000005,70.84745762711864,78.4180790960452,23.050847457627118,59.2090395480226,78.64406779661017,62.03389830508475,93.08390022675736,61.18057957646335
8076,伍豐,電腦及週邊,23.15,20511112.2425,True,76.65982203969884,32.76450511945392,8.5,2026-06-01,False,38.59649122807017,-12.806026365348409,-0.15287723054397284,80.94405594405593,-23.05333333333333,38.079096045197744,31.63841807909605,3.615819209039548,68.0225988700565,8.361581920903955,29.943502824858758,28.57142857142857,50.75867635189669
8213,志超,印刷電路板,30.3,20335937.102499995,True,96.04121475054231,8.600682593856655,26.05,2026-06-01,False,12.195121951219512,-11.143695014662757,-0.24351961095964103,72.48803827751196,11.65,11.073446327683616,37.40112994350282,0.6779661016949152,46.55367231638418,71.07344632768363,33.35593220338983,52.04081632653062,43.0667012567739
6270,倍微,電子通路,29.55,20218762.720000003,True,84.76138828633407,24.40273037542662,29.73,2026-06-01,False,19.0,-22.440944881889767,0.0019987682312063272,69.12280701754386,14.256666666666666,18.70056497175141,9.943502824858758,46.101694915254235,37.96610169491525,75.70621468926554,37.68361581920904,57.36961451247166,51.02319458856989
6994,富威電力,公用事業,36.1,20005520.21,True,0.2652519893899204,97.8839590443686,26.62,2026-06-01,False,100.0,-12.801932367149751,-0.05900012031430514,35.56650246305419,-4.876666666666669,98.75706214689266,31.751412429378533,18.64406779661017,0.4519774011299435,23.61581920903955,34.64406779661017,53.2312925170068,55.17222990891271
2641,正德,海運,17.3,19983458.4475,True,21.020521353300055,76.17747440273037,4.73,2026-06-01,False,100.0,-3.621169916434533,-0.04152280070463566,76.54867256637168,0.9333333333333336,98.75706214689266,62.14689265536724,24.63276836158192,57.85310734463277,38.30508474576271,56.33898305084747,22.56235827664399,54.25640877820055
3169,亞信,半導體,102.5,19943674.98,True,59.11062906724512,47.23549488054608,31.41,2026-06-01,False,63.07692307692307,-1.4423076923076923,-0.022182368260210326,83.33333333333334,19.83,62.93785310734463,69.37853107344633,32.429378531073446,72.82485875706215,83.61581920903954,64.23728813559322,59.523809523809526,56.47699757869249
8045,達運光電,通信網路,53.5,19910292.779999997,True,27.680798004987533,70.78498293515358,6.34,2026-06-01,False,77.55102040816327,-8.390410958904107,-0.06598316028543978,40.225563909774436,-30.76,77.96610169491525,46.32768361581921,16.158192090395477,0.903954802259887,5.762711864406779,29.42372881355932,24.71655328798186,39.31473154233444
6126,信音,電子零組件,31.75,19863220.055,True,95.06507592190889,10.955631399317406,59.02,2026-06-01,False,20.0,-9.544159544159548,-0.15970032793769026,73.83720930232558,4.4466666666666725,20.0,43.27683615819209,3.2768361581920904,50.62146892655367,52.09039548022599,33.85310734463277,80.15873015873017,51.87584073177294
6192,巨路,電子通路,115.5,19784919.125,True,81.77874186550976,28.56655290102389,16.94,2026-06-01,False,26.0,-3.75,-0.0945914676159853,86.51685393258427,5.2233333333333345,26.327683615819208,61.186440677966104,9.152542372881356,79.54802259887006,54.01129943502825,46.045197740113,41.383219954648524,46.51812137284293
6741,91APP*-KY,數位雲端,55.5,19605733.095,True,0.5524861878453038,96.58703071672356,32.45,2026-06-01,False,87.5,-7.5,0.23393443264982655,62.99659477866062,0.393333333333338,88.4180790960452,50.056497175141246,96.72316384180792,21.35593220338983,36.271186440677965,58.56497175141243,60.997732426303855,55.17881163764942
2607,榮運,貨運倉儲,47.9,19581120.93,True,20.17353579175705,77.06484641638225,25.41,2026-06-01,False,85.71428571428571,3.344120819848969,0.20823357235882445,80.77571669477234,5.366666666666667,86.61016949152543,82.71186440677965,94.57627118644068,67.68361581920904,54.91525423728814,77.29943502824858,51.247165532879826,55.707271609208654
3558,神準,通信網路,128.0,19456465.575,True,99.83731019522777,0.9215017064846417,5.74,2026-06-01,False,2.0408163265306123,-11.724137931034482,0.0807884962089841,71.50837988826815,15.183333333333334,0.903954802259887,35.48022598870057,80.33898305084746,43.61581920903955,77.74011299435028,47.61581920903955,23.69614512471655,33.18392328682886
7728,光焱科技,電子設備,598.0,19421063.65,True,54.15472779369628,51.12627986348123,114.18,2026-06-01,False,80.82191780821918,-8.56269113149847,0.05606897909128072,66.66666666666666,75.94,82.14689265536722,46.101694915254235,72.7683615819209,31.52542372881356,96.72316384180792,65.85310734463276,91.83673469387756,64.85183904070102
2745,五福,旅行社,88.5,19308515.120000005,True,10.493273542600896,85.46075085324232,5.98,2026-06-01,False,100.0,-16.50943396226415,-0.17605916635181487,70.8,-7.366666666666669,98.75706214689266,21.35593220338983,2.3728813559322033,42.03389830508474,18.418079096045197,36.58757062146893,24.03628117913832,60.86782735693147
4303,信立,石化,45.05,19197605.25,True,55.65974547890155,49.965870307167236,-10.0,2026-06-01,False,75.0,-1.2061403508772024,0.14306288790780108,53.95209580838323,-14.543333333333333,75.36723163841808,69.83050847457626,90.28248587570621,7.909604519774012,12.768361581920903,51.23163841807909,7.029478458049887,30.118951535416425
9942,茂順,汽車組件,115.5,19081111.875,True,60.73752711496746,45.870307167235495,26.64,2026-06-01,False,52.77777777777778,-3.75,0.1274405447388719,92.03187250996015,9.506666666666668,52.429378531073446,61.186440677966104,88.13559322033898,88.47457627118645,66.66666666666666,71.37853107344634,53.40136054421769,58.27971866712787
6909,創控,電子設備,40.7,19013103.3625,True,68.12080536912751,40.06825938566553,-32.1,2026-06-01,False,63.013698630136986,-20.662768031189074,-0.07131409809477637,60.92814371257486,-56.766666666666666,62.82485875706215,12.655367231638417,14.915254237288137,17.740112994350284,3.728813559322034,22.372881355932204,1.8140589569160999,42.43091586917253
4716,大立,樹脂,16.65,18992877.165,True,57.59398496240602,48.122866894197955,-0.84,2026-06-01,False,50.0,-27.133479212253842,-0.05102419374193175,68.80165289256198,6.5133333333333345,49.83050847457628,5.423728813559322,21.01694915254237,37.28813559322034,59.774011299435024,34.666666666666664,14.965986394557824,49.16522541219878
6561,是方,通信網路,328.5,18934717.6,True,3.633405639913232,90.68259385665529,10.18,2026-06-01,False,93.87755102040816,-0.6051437216338881,0.07094082364078405,71.960569550931,15.64,94.12429378531073,72.31638418079096,77.51412429378531,44.74576271186441,78.19209039548024,73.37853107344634,30.612244897959183,49.291479303585845
1522,堤維西,汽車組件,28.0,18824913.2375,True,96.90889370932754,6.006825938566553,70.02,2026-06-01,False,11.11111111111111,-6.666666666666667,-0.01127234356517044,53.03030303030303,15.720000000000006,10.0,52.48587570621469,38.983050847457626,7.005649717514125,78.4180790960452,37.378531073446325,84.4671201814059,37.246723548176334
1256,鮮活果汁-KY,飲料乳品,178.5,18707293.875,True,21.0412147505423,76.10921501706484,52.28,2026-06-01,False,80.0,-9.620253164556962,0.01899027214716268,85.20286396181385,8.233333333333341,80.90395480225989,42.71186440677966,55.70621468926553,76.8361581920904,63.954802259887,64.0225988700565,76.98412698412699,73.0030938929244
3548,兆利,電子零組件,76.1,18474065.109999996,True,97.45119305856834,4.300341296928328,7.06,2026-06-01,False,5.517241379310345,-7.9806529625151255,0.1587140279343381,60.158102766798415,17.073333333333334,4.067796610169491,48.13559322033898,91.86440677966101,16.610169491525422,80.11299435028249,48.158192090395474,26.53061224489796,24.76824628156347
6204,艾華,電子零組件,78.9,18445369.92,True,92.24511930585683,15.187713310580206,8.99,2026-06-01,False,26.89655172413793,-19.8984771573604,0.05012242537408683,63.12000000000001,0.9666666666666668,27.231638418079097,14.01129943502825,71.2994350282486,21.581920903954803,38.4180790960452,34.50847457627119,28.91156462585034,40.928456128213995
3219,倚強科,電子設備,69.4,18430761.41,True,19.296987087517934,77.74744027303754,26.07,2026-06-01,False,93.15068493150685,-11.366538952745838,-0.04295223649902057,63.37899543378997,-5.513333333333332,93.33333333333333,36.72316384180791,23.61581920903955,22.033898305084744,22.146892655367232,39.57062146892655,52.26757369614512,57.72791037318881
1584,精剛,基本金屬,18.05,18360522.97,True,49.82104509663564,54.60750853242321,-3.21,2026-06-01,False,52.63157894736842,-7.435897435897432,-0.012806106212922249,64.57960644007156,10.263333333333335,52.259887005649716,50.282485875706215,37.96610169491525,25.98870056497175,68.36158192090396,46.97175141242938,11.791383219954648,34.93937122871748
6161,捷波,電腦及週邊,55.7,18203975.2275,True,57.64642082429501,48.05460750853242,42.67,2026-06-01,False,57.89473684210527,2.957486136783736,0.0722584649376608,85.69230769230771,-5.263333333333335,57.96610169491525,81.92090395480226,78.07909604519774,77.62711864406779,22.598870056497177,63.63841807909605,70.29478458049887,55.99177524116992
2419,仲琦,通信網路,24.2,18139853.96,True,96.61016949152543,7.098976109215018,-0.67,2026-06-01,False,8.16326530612245,-13.261648745519711,0.05985022322112074,64.10596026490066,14.84,6.666666666666667,30.395480225988702,73.44632768361582,23.84180790960452,77.17514124293785,42.30508474576271,15.532879818594104,28.911468542219147
6756,威鋒電子,半導體,99.5,18113938.3,True,73.73440939104916,35.01706484641638,50.06,2026-06-01,False,47.69230769230769,-0.2006018054162516,0.05681266808491439,88.44444444444444,22.88,47.344632768361585,73.33333333333333,72.99435028248588,83.2768361581921,86.32768361581921,72.65536723163844,75.51020408163265,58.199584918713256
6133,金橋,電子零組件,21.3,17872155.5675,True,23.761031907671416,73.92491467576792,15.35,2026-06-01,False,91.0344827586207,-13.590263691683562,-0.08439246208856799,73.57512953367876,8.033333333333333,91.75141242937853,29.491525423728817,11.412429378531073,49.49152542372882,63.61581920903955,49.15254237288136,38.095238095238095,62.461662631154155
1104,環泥,水泥製造,26.6,17859659.137499996,True,31.77874186550976,67.84982935153585,-18.91,2026-06-01,False,71.42857142857143,-1.8450184501845017,-0.09740153269934802,81.22137404580153,-10.273333333333333,71.9774011299435,67.68361581920904,8.700564971751412,68.58757062146893,15.819209039548024,46.55367231638418,3.6281179138321997,44.127368461508894
6546,正基,通信網路,60.3,17776259.345000003,True,42.42424242424242,60.20477815699658,-0.77,2026-06-01,False,67.3469387755102,-10.798816568047334,-0.07247681042975333,67.0,1.98,67.68361581920904,38.87005649717514,14.576271186440678,32.429378531073446,41.80790960451977,39.07344632768361,15.249433106575964,44.12309273992083
2248,華勝-KY,汽車組件,58.5,17599290.405,True,59.01162790697675,47.303754266211605,106.59,2026-06-01,False,55.55555555555556,-0.847457627118644,0.02503688576403455,88.63636363636364,40.68333333333334,55.48022598870056,71.41242937853107,57.96610169491525,84.01129943502825,93.55932203389831,72.48587570621469,91.15646258503402,64.80888965755793
2612,中航,海運,55.0,17553415.119999997,True,25.14937533948941,72.83276450511946,11.7,2026-06-01,False,81.81818181818183,1.102941176470591,0.04024227600117667,73.7265415549598,0.7799999999999976,82.82485875706215,77.40112994350282,66.32768361581921,50.056497175141246,37.514124293785315,62.824858757062145,32.6530612244898,47.03332180329758
7780,大研生醫*,藥,16.75,17387061.447499998,True,2.272727272727273,92.4914675767918,37.7,2026-06-01,False,79.54545454545455,-6.424581005586585,-0.09434633472523014,4.841040462427745,1.9266666666666694,80.28248587570621,53.672316384180796,9.378531073446329,0.11299435028248588,41.46892655367231,36.983050847457626,66.66666666666666,48.347457627118644
5484,慧友,光電及I/O,44.8,17374330.264999997,True,38.333333333333336,63.00341296928328,224.33,2026-06-01,False,70.0,-9.127789046653144,-0.037763024151713176,77.3747841105354,93.17000000000002,70.45197740112994,44.18079096045198,26.327683615819208,59.774011299435024,97.51412429378531,59.64971751412429,96.48526077097506,70.63261462777201
2468,華經,資訊服務,34.6,17328946.7325,True,55.04338394793926,50.580204778157004,49.98,2026-06-01,False,29.545454545454547,-5.46448087431694,0.06223392735032156,56.16883116883117,47.343333333333334,29.37853107344633,55.59322033898305,74.23728813559322,10.621468926553671,94.80225988700565,52.92655367231638,75.17006802721087,39.894211922056954
4163,鐿鈦,醫療耗材,144.0,17313295.225,True,99.94577006507592,0.2389078498293515,7.69,2026-06-01,False,2.857142857142857,12.941176470588237,0.09417945245460112,100.0,-4.333333333333333,1.864406779661017,94.80225988700565,83.2768361581921,99.2090395480226,24.519774011299436,60.73446327683615,27.55102040816326,33.45555171221031
6465,威潤,通信網路,47.6,17219210.4975,True,0.3952569169960474,97.26962457337885,42.29,2026-06-01,False,100.0,-24.802527646129533,-0.05721090536556152,66.85393258426966,-55.34000000000001,98.75706214689266,7.796610169491526,19.322033898305087,32.090395480225986,3.954802259887006,32.38418079096046,69.95464852607711,73.25137399592606
5457,宣德,電子零組件,28.5,17205935.3525,True,90.6182212581345,17.235494880546078,2.95,2026-06-01,False,30.344827586206897,-14.542728635682161,-0.20489999753405763,55.12572533849129,2.62,30.395480225988702,25.875706214689266,1.3559322033898304,9.265536723163843,44.51977401129943,22.282485875706215,19.614512471655328,33.349955801529646
8341,日友,資源回收,76.0,17184081.4,True,3.524945770065076,91.160409556314,6.99,2026-06-01,False,86.95652173913044,-0.7832898172323686,0.15843250640982756,83.06010928961749,-16.006666666666668,88.13559322033898,71.63841807909604,91.63841807909604,72.54237288135593,11.977401129943503,67.18644067796609,26.303854875283445,53.835850724470575
5312,寶島科,醫藥通路,88.9,17181917.990000002,True,76.46420824295011,32.83276450511946,9.54,2026-06-01,False,11.11111111111111,0.22547914317925913,-0.026464042115126457,73.47107438016529,-4.100000000000001,10.0,74.68926553672316,30.282485875706218,49.152542372881356,25.19774011299435,37.86440677966102,29.81859410430839,28.570467735116647
2511,太子,建設,8.35,17134090.998000003,True,57.59219088937093,48.19112627986348,76.56,2026-06-01,False,33.89830508474576,-1.648998822143705,-0.05514374741110738,87.89473684210526,55.986666666666665,33.44632768361582,68.36158192090396,19.43502824858757,82.14689265536722,96.15819209039547,59.90960451977401,86.62131519274377,58.46323840270571
6117,迎廣,電子零組件,65.9,16912126.945,True,6.282722513089005,88.05460750853243,-11.35,2026-06-01,False,97.93103448275862,-8.977900552486187,-0.031094811837957915,67.93814432989691,-7.3533333333333335,96.72316384180792,45.19774011299435,29.039548022598872,34.68926553672316,18.531073446327685,44.836158192090394,5.839002267573696,48.013422883277606
5608,四維航,海運,13.25,16771558.642500002,True,89.45634266886327,18.771331058020476,21.83,2026-06-01,False,9.090909090909092,-9.246575342465752,-0.03727119975462981,63.85542168674698,10.283333333333331,7.68361581920904,43.84180790960452,26.55367231638418,23.27683615819209,68.47457627118644,33.96610169491525,47.61904761904761,33.684422921711054
5225,東科-KY,消費性電子,74.1,16689915.344999995,True,80.76398362892225,29.488054607508534,17.8,2026-06-01,False,30.0,0.27063599458726467,0.01805024004864255,63.605150214592264,11.693333333333335,29.943502824858758,75.02824858757063,55.14124293785311,22.48587570621469,71.52542372881356,50.82485875706215,42.290249433106574,29.922844844152348
6894,衛司特,資源回收,347.0,16582119.05,True,71.7357910906298,36.99658703071672,44.54,2026-06-01,False,34.78260869565217,-2.801120448179272,-0.11353892164436227,84.84107579462102,-30.663333333333334,34.68926553672316,64.40677966101694,6.666666666666667,76.38418079096046,5.875706214689266,37.6045197740113,71.65532879818595,54.580498866213155
4306,炎洲,石化,14.45,16567804.792499999,True,84.76658476658476,24.300341296928327,19.9,2026-06-01,False,12.5,-6.774193548387101,0.032203650552986136,87.31117824773413,-8.09333333333333,11.92090395480226,52.09039548022599,62.259887005649716,80.90395480225989,17.627118644067796,44.96045197740113,44.78458049886621,46.37976094392559
2453,凌群,資訊服務,52.8,16556395.755,True,49.511930585683295,55.01706484641639,5.79,2026-06-01,False,34.090909090909086,-1.6759776536312954,0.04951292011023176,82.62910798122066,0.5366666666666662,33.728813559322035,68.24858757062147,70.84745762711864,71.41242937853107,36.94915254237288,56.237288135593225,23.922902494331066,40.203889465390674
5450,南良,其他化學,14.3,16537101.365,True,82.98631766805474,27.030716723549485,21.66,2026-06-01,False,18.75,-3.7037037037036966,0.0004168446489501847,76.26666666666667,4.296666666666667,18.47457627118644,61.80790960451977,44.51977401129943,56.38418079096045,51.52542372881356,46.54237288135593,47.16553287981859,40.05409508436143
6996,力領科技,半導體,185.0,16494033.35,True,19.900497512437813,77.20136518771331,49.96,2026-06-01,False,83.84615384615385,-5.128205128205128,-0.0811327184817568,91.35802469135803,6.829999999999998,84.7457627118644,57.06214689265536,11.864406779661017,87.34463276836159,60.790960451977405,60.36158192090395,75.05668934240363,72.52123448249355
3555,博士旺,數位雲端,156.5,16398988.85,True,22.422680412371136,75.22184300341297,119.54,2026-06-01,False,41.66666666666667,-12.813370473537605,0.036604151307547995,56.70289855072463,-1165.88,41.41242937853107,31.52542372881356,64.40677966101694,11.412429378531073,0.7909604519774011,29.909604519774014,92.29024943310658,53.397421115338794
4533,協易機,機械,24.6,16335673.680000002,True,96.9066366704162,6.21160409556314,0.49,2026-06-01,False,9.090909090909092,-15.60891938250428,0.030153871856388865,59.63636363636364,-5.079999999999999,7.68361581920904,22.937853107344633,61.46892655367232,15.480225988700566,23.050847457627118,26.124293785310737,17.12018140589569,29.336542526615165
2247,汎德永業,車輛買賣,228.5,15830251.65,True,71.045197740113,37.74744027303754,-6.99,2026-06-01,False,37.80234968901175,-1.9313304721030045,0.24047592627724423,73.35473515248796,13.173333333333334,37.40112994350282,67.00564971751413,97.28813559322033,48.92655367231639,73.78531073446327,64.88135593220339,8.73015873015873,32.01304815711595
2387,精元,光電及I/O,38.4,15807689.75,True,69.13649025069638,38.907849829351534,-17.57,2026-06-01,False,42.857142857142854,-3.6386449184441725,-0.09846517936928095,83.02702702702702,-4.503333333333332,42.59887005649718,62.03389830508475,8.47457627118644,72.31638418079096,24.293785310734464,41.943502824858754,4.081632653061225,39.24074714631615
8499,鼎炫-KY,其他電子,258.0,15787844.7,True,90.78091106290672,16.99658703071672,116.29,2026-06-01,False,17.000691085003456,-12.984822934232715,-0.16165999378660054,64.82412060301507,17.143333333333345,16.72316384180791,30.96045197740113,3.1638418079096042,26.55367231638418,80.33898305084746,31.548022598870055,92.06349206349206,51.094969061070756
8183,精星,印刷電路板,28.9,15581558.334999999,True,31.616052060737527,67.91808873720136,64.66,2026-06-01,False,95.1219512195122,-13.0827067669173,-0.038891279241387605,71.09471094710948,27.953333333333326,95.02824858757062,30.847457627118647,26.101694915254235,42.59887005649718,89.94350282485875,56.90395480225989,82.42630385487529,72.30149121795611
6574,霈方,化妝美容,140.0,15533900.85,True,32.59219088937093,66.68941979522184,73.91,2026-06-01,False,50.0,5.660377358490567,0.007764316015255589,98.93992932862191,27.096666666666664,49.83050847457628,87.45762711864407,49.37853107344633,97.74011299435028,89.26553672316385,74.73446327683617,85.94104308390023,61.51350935854568
5530,龍巖,靈骨塔,47.3,15509097.5875,True,82.59219088937093,27.33788395904437,-8.33,2026-06-01,False,27.33241188666206,-4.828973843058361,0.09264001372641235,81.27147766323023,0.45000000000000107,28.0225988700565,58.079096045197744,82.59887005649718,68.7005649717514,36.49717514124294,54.77966101694916,8.049886621315192,36.673488604481335
4164,承業醫,醫療耗材,26.1,15361870.842500001,True,59.1648590021692,47.16723549488054,-38.16,2026-06-01,False,22.857142857142858,-9.999999999999995,-0.004595546590709366,50.483558994197296,-59.44333333333333,23.559322033898304,41.35593220338983,42.485875706214685,4.858757062146893,3.389830508474576,23.129943502824858,1.473922902494331,22.134017448787425
6417,韋僑,通信網路,118.5,15322500.75,True,0.7592190889370932,96.04095563139931,26.62,2026-06-01,False,95.91836734693877,-12.546125461254611,0.047383102302485956,80.88737201365188,2.626666666666665,95.70621468926554,32.429378531073446,69.71751412429379,67.79661016949152,44.632768361581924,62.056497175141246,53.2312925170068,71.0761847111726
1586,和勤,電子零組件,18.2,15267230.125,True,89.99264164827079,18.02047781569966,25.16,2026-06-01,False,32.41379310344827,-4.712041884816765,0.03916248456458654,59.86842105263158,12.536666666666665,32.316384180790955,58.644067796610166,65.5367231638418,16.158192090395477,72.99435028248588,49.12994350282486,50.90702947845806,35.18438448825858
4720,德淵,樹脂,19.35,15260934.812499996,True,58.18872017353579,47.918088737201366,25.06,2026-06-01,False,42.857142857142854,-17.834394904458595,0.006049015313931025,65.15151515151516,5.506666666666668,42.59887005649718,19.2090395480226,47.909604519774014,27.34463276836158,55.81920903954802,38.57627118644068,50.68027210884354,50.353683846419926
3051,力特,光電及I/O,22.9,15111932.6375,True,78.22085889570552,31.46757679180887,42.47,2026-06-01,False,37.142857142857146,-9.12698412698413,-0.06968777934885483,74.35064935064935,18.016666666666666,36.72316384180791,44.293785310734464,15.36723163841808,51.75141242937853,81.12994350282486,45.85310734463277,70.06802721088435,53.56220454283408
4104,佳醫,醫療耗材,70.4,14901636.570000002,True,56.724511930585685,48.9419795221843,16.07,2026-06-01,False,25.71428571428571,0.8595988538682072,0.15249153866676377,79.63800904977376,6.08,26.214689265536723,76.7231638418079,90.96045197740112,64.97175141242938,58.079096045197744,63.389830508474574,39.852607709750565,38.57897113647719
6573,虹揚-KY,電子零組件,17.2,14748941.082500001,True,21.406727828746178,76.04095563139933,6.57,2026-06-01,False,93.10344827586206,-38.46153846153847,0.035835463066779524,61.53846153846154,14.186666666666667,93.22033898305084,1.3559322033898304,64.18079096045197,18.870056497175142,75.48022598870057,50.62146892655367,25.45351473922903,59.0469945040163
1789,神隆,藥,18.9,14602708.969999999,True,99.94577006507592,0.2389078498293515,-3.91,2026-06-01,False,3.4090909090909087,-8.029197080291981,-0.02105665280780293,66.90265486725663,4.306666666666667,2.0903954802259888,47.68361581920904,32.994350282485875,32.20338983050847,51.63841807909605,33.32203389830509,11.11111111111111,24.430320150659135
5381,光譜,電機製品,23.9,14533993.360000003,True,22.583139984532096,75.0853242320819,16.56,2026-06-01,False,63.63636363636363,-12.293577981651381,0.011798656668628784,70.19089574155653,-5.830000000000002,63.78531073446327,33.44632768361582,51.41242937853108,41.01694915254237,21.01694915254237,42.135593220338976,40.98639455782313,53.08558169030324
4133,亞諾法,醫療耗材,21.2,14260098.592500001,True,94.17195614541258,12.559726962457338,-6.41,2026-06-01,False,8.571428571428571,1.9230769230769162,-0.01565663284639027,73.10344827586206,-2.9133333333333336,7.231638418079096,79.09604519774011,35.706214689265536,48.24858757062147,29.152542372881356,39.887005649717516,9.297052154195011,21.420308236288864
1442,名軒,建設,30.1,14166568.59,True,38.42696629213483,62.86689419795222,26.79,2026-06-01,False,55.932203389830505,5.79964850615115,0.02407204891312224,44.72511144130758,49.52666666666667,55.932203389830505,87.68361581920904,57.6271186440678,2.2598870056497176,95.14124293785311,59.728813559322035,53.74149659863946,31.06249279372766
3622,洋華,光電及I/O,54.4,14079060.235,True,5.81205866376969,88.39590443686008,-19.47,2026-06-01,False,88.57142857142857,-2.683363148479428,-0.07748215914354792,74.52054794520548,-19.093333333333334,89.37853107344634,64.85875706214689,12.88135593220339,52.31638418079096,10.282485875706215,45.943502824858754,3.4013605442176873,45.05937968407703
2364,倫飛,電腦及週邊,72.0,13948816.98,True,28.756290438533426,69.82935153583618,60.06,2026-06-01,False,84.21052631578947,5.88235294117647,0.17283324885960466,64.57399103139014,21.990000000000002,85.19774011299435,88.0225988700565,92.99435028248587,25.875706214689266,85.64971751412429,75.54802259887006,80.38548752834467,50.85908374649295
5609,中菲行,貨運倉儲,79.0,13915563.01,True,56.83297180043384,48.80546075085324,35.26,2026-06-01,False,42.857142857142854,0.1267427122940359,0.2225935208129341,94.15971394517283,6.496666666666666,42.59887005649718,74.46327683615819,95.59322033898306,91.9774011299435,59.66101694915255,72.8587570621469,64.28571428571429,56.0996771589992
2832,台產,產險,58.6,13905475.420000002,True,56.01952277657267,49.419795221843,7.27,2026-06-01,False,40.0,4.085257548845479,0.12106113829915308,97.18076285240464,-10.106666666666666,39.66101694915255,84.40677966101696,87.11864406779661,95.70621468926554,16.045197740112993,64.58757062146893,26.984126984126984,44.48614474038203
4555,氣立,機械,46.75,13869566.74,True,76.42698295033358,32.901023890784984,24.67,2026-06-01,False,33.33333333333333,-4.004106776180704,0.07304519133128058,80.46471600688469,7.290000000000003,32.93785310734464,60.451977401129945,78.64406779661017,66.89265536723164,61.80790960451977,60.14689265536723,50.34013605442177,47.42966678196703
1734,杏輝,藥,31.8,13840239.3125,True,30.801687763713083,68.66894197952217,3.78,2026-06-01,False,38.63636363636363,-3.9274924471299113,-0.042556792844052824,94.08284023668641,-3.4466666666666668,38.30508474576271,60.564971751412436,23.954802259887007,91.63841807909604,27.11864406779661,48.316384180790955,20.861678004535147,47.56005226949537
3444,利機,電子通路,75.3,13824385.339999998,True,80.42299349240781,29.761092150170647,17.06,2026-06-01,False,30.0,-9.928229665071768,0.034623532317513396,64.08510638297872,12.083333333333332,29.943502824858758,41.5819209039548,63.954802259887,23.728813559322035,72.090395480226,46.259887005649716,41.49659863945578,38.396748529920444
1537,廣隆,電子零組件,127.0,13814242.1,True,82.97180043383948,27.098976109215016,14.05,2026-06-01,False,47.58620689655172,0.7936507936507936,0.15707939036660856,87.58620689655172,9.416666666666668,47.2316384180791,76.61016949152543,91.41242937853107,81.35593220338984,66.44067796610169,72.61016949152543,35.827664399092974,46.95126638225912
8048,德勝,通信網路,52.2,13774504.34,True,79.39262472885032,30.648464163822524,130.48,2026-06-01,False,46.93877551020408,-13.432835820895514,-0.2156564624262399,71.02040816326532,51.7,46.779661016949156,29.943502824858758,1.1299435028248588,42.485875706214685,95.59322033898306,43.186440677966104,93.31065759637188,63.158172873669244
3066,李洲,光電及I/O,23.95,13749410.235,True,98.79113498992612,2.457337883959044,49.95,2026-06-01,False,4.285714285714286,-11.948529411764707,-0.022650568232954513,79.30463576158941,-2.213333333333331,2.937853107344633,34.68926553672316,31.9774011299435,64.0677966101695,30.395480225988702,32.813559322033896,74.94331065759637,51.81492370959684
4137,麗豐-KY,化妝美容,95.6,13746156.55,True,13.449023861171366,82.66211604095564,22.6,2026-06-01,False,83.33333333333334,-1.137538779731136,0.03414705620127045,82.06008583690986,18.44,84.51977401129943,70.05649717514125,63.502824858757066,70.28248587570621,81.35593220338984,73.94350282485877,48.29931972789115,58.26127060993889
2491,吉祥全,家電製品,31.75,13584039.842500001,True,36.06382978723404,64.64163822525597,7.63,2026-06-01,False,56.25,-13.36971350613915,0.04791900677654916,72.1590909090909,2.833333333333333,56.72316384180791,30.16949152542373,69.94350282485875,45.87570621468927,45.42372881355932,49.6271186440678,27.43764172335601,49.966755063607366
1558,伸興,機械,92.4,13577303.105,True,59.65292841648589,46.75767918088737,7.56,2026-06-01,False,63.63636363636363,0.0,0.04689613605620282,88.42105263157896,1.8399999999999999,63.78531073446327,74.01129943502825,69.26553672316385,83.05084745762711,40.790960451977405,66.18079096045197,27.09750566893424,49.98059110649909
6763,綠界科技*,數位雲端,43.65,13550821.735,True,1.8691588785046727,93.10580204778157,14.37,2026-06-01,False,75.0,-4.901960784313726,0.03850179501401754,64.28571428571428,1.4233333333333338,75.36723163841808,57.74011299435028,65.19774011299435,24.463276836158194,39.548022598870055,52.463276836158194,36.621315192743765,44.67792766824244
2030,彰源,基本金屬,18.6,13446540.3625,True,25.799214806505887,72.49146757679182,33.89,2026-06-01,False,76.31578947368422,4.494382022471914,0.07259476158314092,92.30769230769232,6.933333333333334,76.7231638418079,85.08474576271186,78.19209039548024,88.8135593220339,61.016949152542374,77.96610169491525,62.81179138321995,60.81594219608748
6220,岳豐,電子零組件,26.0,13420134.6775,True,82.37623762376238,27.57679180887372,57.98,2026-06-01,False,48.96551724137931,-22.61904761904762,-0.014579174598333147,57.395143487858725,14.756666666666668,48.24858757062147,9.6045197740113,36.38418079096045,12.429378531073446,77.06214689265536,36.7457627118644,79.47845804988663,57.63797609439256
4506,崇友,其他電製品,122.5,13413489.975,True,70.71583514099783,38.15699658703072,12.28,2026-06-01,False,71.42857142857143,-0.40650406504065045,0.28747180924437826,92.45283018867924,6.556666666666667,71.9774011299435,72.7683615819209,98.64406779661017,89.37853107344634,60.11299435028249,78.57627118644068,33.6734693877551,55.565260002306005
8011,台通,通信網路,16.3,13371091.227500001,True,37.36979166666667,63.75426621160409,-31.36,2026-06-01,False,69.38775510204081,-6.857142857142853,-0.04779591943128166,65.3306613226453,-6.173333333333332,69.49152542372882,51.9774011299435,21.92090395480226,28.135593220338983,20.112994350282488,38.32768361581921,1.9274376417233559,36.894288788961916
1732,毛寶,清潔劑,27.2,13368955.740000002,True,14.036144578313253,82.32081911262799,10.02,2026-06-01,False,80.0,0.740740740740738,0.023689134136332092,81.437125748503,1.373333333333333,80.90395480225989,76.27118644067797,57.40112994350282,69.15254237288136,39.2090395480226,64.58757062146893,30.385487528344672,51.04269956570198
8240,華宏,光電及I/O,42.35,13237267.307500001,True,93.38394793926247,14.061433447098976,-7.7,2026-06-01,False,21.428571428571427,-13.21721311475409,0.22063722733949842,56.61764705882353,-2.546666666666667,21.525423728813557,30.508474576271187,95.36723163841808,11.186440677966102,29.717514124293785,37.66101694915254,8.503401360544217,27.676697797763175
1532,勤美,機械,21.8,13228880.465000002,True,66.77890011223344,41.22866894197952,20.39,2026-06-01,False,54.54545454545454,-5.42299349240781,-0.089413556623494,77.30496453900709,3.09,54.40677966101695,55.81920903954802,10.16949152542373,59.32203389830508,46.101694915254235,45.163841807909606,45.57823129251701,50.871958953072756
3438,類比科,半導體,59.4,13101939.990000002,True,51.00972326103216,53.44709897610922,-6.39,2026-06-01,False,69.23076923076923,-12.51840942562593,-0.0470505471437838,75.18987341772151,5.760000000000001,69.32203389830508,32.54237288135593,22.372881355932204,53.898305084745765,56.72316384180791,46.971751412429384,9.410430839002268,50.022099235174295
1524,耿鼎,汽車組件,27.25,13038944.61,True,52.27765726681128,52.901023890784984,9.81,2026-06-01,False,63.888888888888886,-3.7102473498233235,0.04640711345858586,76.22377622377621,-0.33000000000000007,64.18079096045197,61.5819209039548,68.92655367231639,56.271186440677965,34.3502824858757,57.06214689265537,30.045351473922903,47.228851992774516
2415,錩新,消費性電子,31.55,12896275.785,True,31.54269972451791,67.98634812286689,9.2,2026-06-01,False,80.0,-17.62402088772845,-0.006486442455846391,75.75030012004802,2.8500000000000005,80.90395480225989,19.43502824858757,41.35593220338983,55.48022598870056,45.536723163841806,48.54237288135593,29.365079365079367,61.57855797686306
5519,隆大,建設,27.95,12872117.2225,True,19.739696312364423,77.33788395904438,3.45,2026-06-01,False,77.96610169491525,-18.867924528301895,-0.16268009810530945,79.17847025495752,-19.540000000000006,78.53107344632768,16.497175141242938,3.050847457627119,63.61581920903955,10.056497175141244,34.3502824858757,20.408163265306122,61.51447019485761
4807,日成-KY,其他,33.5,12840200.41,True,77.28706624605678,32.01365187713311,29.72,2026-06-01,False,21.73913043478261,-11.022576361221777,0.022904647907188436,74.44444444444444,-12.21,21.807909604519775,37.96610169491525,57.06214689265536,51.9774011299435,14.350282485875706,36.63276836158192,57.14285714285714,48.240516545601295
6902,GOGOLOOK,資訊服務,120.5,12791193.6,True,2.112676056338028,92.6962457337884,36.46,2026-06-01,False,90.9090909090909,-12.363636363636363,0.037422583182508955,81.69491525423729,8.023333333333333,91.41242937853107,33.10734463276836,64.7457627118644,69.6045197740113,63.389830508474574,64.45197740112994,65.5328798185941,73.36062108459203
4741,泓瀚,染料及顏料,44.15,12616296.219999999,True,95.11930585683297,10.853242320819112,32.28,2026-06-01,False,20.0,-14.768339768339766,0.017205420913051543,54.50617283950617,4.676666666666666,20.0,25.310734463276834,54.463276836158194,8.361581920903955,52.76836158192091,32.18079096045197,60.770975056689345,40.95545562857912
6241,鑫永洋,通信網路,15.85,12541160.8475,True,54.14258188824663,51.19453924914675,-1.18,2026-06-01,False,63.26530612244898,0.6349206349206327,0.0499126533838488,84.30851063829786,-5.3566666666666665,63.2768361581921,75.81920903954801,71.07344632768363,75.2542372881356,22.372881355932204,61.55932203389831,14.512471655328799,44.30608401552712
5210,寶碩,資訊服務,28.25,12484795.867499998,True,8.205128205128204,86.68941979522185,-20.73,2026-06-01,False,79.54545454545455,-7.528641571194765,-0.062395291706513416,84.9624060150376,-43.39,80.28248587570621,49.83050847457628,16.94915254237288,76.61016949152543,4.293785310734463,45.593220338983045,3.1746031746031744,52.55918751681463
6275,元山,電子零組件,44.2,12433164.78,True,55.30948324815446,50.30716723549487,-6.28,2026-06-01,False,73.10344827586206,-8.108108108108105,-0.10716787490107192,72.69736842105264,2.746666666666667,73.89830508474576,47.2316384180791,7.231638418079096,47.005649717514125,44.97175141242938,44.06779661016949,9.523809523809524,45.79903147699757
3546,宇峻,資訊服務,74.6,12221356.02,True,81.50759219088937,28.80546075085324,44.44,2026-06-01,False,13.636363636363635,0.26881720430106,0.03344716196955001,85.25714285714285,-1.5833333333333357,12.824858757062147,74.91525423728814,63.2768361581921,76.94915254237287,31.412429378531076,51.875706214689274,71.42857142857143,46.57183212267958
6625,必應,電視廣播,78.3,12172781.16,True,4.563106796116505,89.419795221843,-37.18,2026-06-01,False,89.426399447132,-0.7604562737642693,0.0016266630273456522,86.32855567805953,-39.86333333333333,90.16949152542372,71.75141242937853,45.87570621468927,79.43502824858757,4.745762711864407,58.395480225988706,1.5873015873015872,49.86010223298358
4119,旭富,藥,51.6,12169368.062499998,True,94.10377358490565,12.696245733788396,36.15,2026-06-01,False,13.636363636363635,13.406593406593409,0.09843177553391118,83.76623376623377,55.30333333333333,12.824858757062147,95.14124293785311,84.06779661016948,74.23728813559322,95.9322033898305,72.4406779661017,64.79591836734694,39.1792055805373
3705,永信,藥,53.5,12159536.515,True,95.87852494577007,8.9419795221843,-21.98,2026-06-01,False,11.363636363636363,-2.0146520146520173,0.0009582868102338354,90.06734006734007,-13.076666666666666,10.564971751412429,66.44067796610169,45.08474576271186,85.42372881355932,13.67231638418079,44.23728813559322,2.947845804988662,33.12396710096468
8249,菱光,光電及I/O,41.3,12141896.814999998,True,47.55965292841648,56.177474402730375,12.5,2026-06-01,False,60.0,-12.127659574468092,0.13225058664429157,64.33021806853581,-1.2933333333333348,59.71751412429378,34.01129943502825,89.03954802259886,24.74576271186441,32.20338983050847,47.943502824858754,33.78684807256236,46.05970636842308
7765,中華資安,數位雲端,226.5,12122300.25,True,4.072398190045249,89.96587030716724,6.47,2026-06-01,False,62.5,2.2573363431151243,0.10038203428389199,64.52991452991454,-21.74,62.259887005649716,80.33898305084746,84.40677966101696,25.649717514124294,8.813559322033898,52.293785310734464,25.0,33.14265536723164
4129,聯合,醫療耗材,86.5,12115294.64,True,7.646420824295011,86.96245733788396,17.08,2026-06-01,False,77.14285714285715,-6.182212581344905,-0.2160179566904697,66.03053435114504,1.0299999999999976,77.57062146892655,54.35028248587571,1.0169491525423728,29.943502824858758,38.53107344632768,40.28248587570622,41.66666666666667,48.70762711864407
6498,久禾光,消費性電子,74.5,12081770.69,True,1.6722408026755853,93.72013651877134,8.38,2026-06-01,False,100.0,-18.845315904139433,0.09340811554833695,58.43137254901961,-16.576666666666668,98.75706214689266,16.610169491525422,82.71186440677965,13.67231638418079,11.412429378531073,44.63276836158192,28.2312925170068,56.012625389138705
4569,六方科-KY,電子零組件,165.0,12069204.15,True,73.70572207084469,35.08532423208191,10.89,2026-06-01,False,55.172413793103445,-1.7857142857142856,0.016017936102634366,76.74418604651163,2.1466666666666665,55.028248587570616,67.909604519774,53.44632768361583,58.24858757062147,42.485875706214685,55.42372881355932,31.519274376417233,44.221626503708826
1529,樂事綠能,電機製品,17.15,12022371.885,True,0.22185246810870773,98.08873720136518,4.51,2026-06-01,False,100.0,-21.149425287356326,-0.08766018581946951,58.833619210977695,-25.77666666666667,98.75706214689266,11.864406779661017,10.734463276836157,14.463276836158192,7.5706214689265545,28.67796610169492,22.05215419501134,55.8520215996003
6570,維田,電腦及週邊,57.8,12018793.975,True,92.13665943600867,15.290102389078497,23.79,2026-06-01,False,15.789473684210526,9.469696969696969,0.05120244931073794,88.2442748091603,1.9233333333333356,15.254237288135593,91.9774011299435,71.75141242937853,82.71186440677965,41.35593220338983,60.610169491525426,49.54648526077097,38.88379645643568
2488,漢平,消費性電子,49.0,11999827.040000001,True,46.691973969631235,56.587030716723554,36.22,2026-06-01,False,50.0,1.2396694214876063,0.13824890335275,89.25318761384335,5.396666666666665,49.83050847457628,77.85310734463276,89.71751412429379,84.7457627118644,55.028248587570616,71.43502824858757,65.19274376417233,55.47897690149506
6164,華興,光電及I/O,11.75,11830570.6775,True,95.84964761158966,9.078498293515358,28.04,2026-06-01,False,10.0,-21.404682274247488,-0.07060608771733343,67.52873563218391,25.056666666666665,8.926553672316384,11.751412429378531,15.141242937853109,33.89830508474576,88.0225988700565,31.548022598870055,55.32879818594104,46.60056112840616
9930,中聯資源,其他水泥,62.3,11828377.645,True,13.123644251626898,83.13993174061434,-7.26,2026-06-01,False,83.27574291637872,-1.7350157728706648,0.0917541510559038,85.81267217630855,0.8333333333333339,84.29378531073446,68.13559322033899,82.14689265536722,77.85310734463276,37.85310734463277,70.05649717514123,8.616780045351474,50.65701987009493
9940,信義,仲介建經,20.8,11824025.822500002,True,95.49891540130152,9.761092150170649,41.42,2026-06-01,False,9.675190048375951,5.583756345177672,0.1665166786631212,79.84644913627639,7.940000000000005,8.47457627118644,87.2316384180791,92.54237288135593,65.42372881355932,63.05084745762712,63.34463276836158,69.38775510204081,39.01360544217687
6150,撼訊,電腦及週邊,57.6,11693782.9,True,60.53333333333333,45.93856655290102,-30.19,2026-06-01,False,54.385964912280706,-6.493506493506493,0.08820448187628814,62.06896551724138,20.733333333333338,54.01129943502825,53.559322033898304,81.46892655367232,19.774011299435028,84.51977401129943,58.666666666666664,2.1541950113378685,30.59504592797571
4549,桓達,儀器設備,90.3,11623078.27,True,81.83297180043384,28.464163822525595,3.61,2026-06-01,False,28.47270214236351,-9.700000000000003,0.03316170461879045,62.06185567010309,12.0,28.587570621468927,42.485875706214685,63.163841807909606,19.661016949152543,71.86440677966101,45.152542372881356,20.634920634920633,31.599408124831854
6776,展碁國際,電子通路,53.8,11620350.725,True,47.12202609363008,56.45051194539249,50.7,2026-06-01,False,70.0,-3.4111310592459705,-0.03569162201421467,73.19727891156462,1.1300000000000026,70.45197740112994,62.82485875706215,27.34463276836158,48.47457627118644,38.75706214689266,49.57062146892655,75.96371882086169,58.01635343402898
7556,意德士,電子設備,223.0,11583722.4,True,73.1811697574893,35.7679180887372,8.78,2026-06-01,False,58.9041095890411,-14.23076923076923,-0.1213014690668322,69.90595611285266,-3.9800000000000004,58.53107344632769,27.231638418079097,5.762711864406779,40.225988700564976,25.536723163841806,31.45762711864407,28.798185941043087,50.08090241746416
3530,晶相光,半導體,54.0,11387451.625,True,21.79930795847751,75.69965870307168,24.34,2026-06-01,False,82.3076923076923,-17.17791411042945,-0.17657333881627346,68.35443037974683,-5.670000000000002,83.38983050847457,20.225988700564972,2.2598870056497176,36.045197740113,21.581920903954803,32.70056497175141,49.88662131519274,62.27391521580384
6735,美達科技,電子設備,65.7,11324689.604999999,True,76.38376383763837,33.037542662116046,15.24,2026-06-01,False,54.794520547945204,-17.97752808988763,0.030057700327611712,45.310344827586206,-66.24333333333334,54.80225988700565,18.983050847457626,61.35593220338983,2.598870056497175,3.050847457627119,28.15819209039548,37.868480725623584,44.0716399554172
3564,其陽,電腦及週邊,46.3,11261249.2925,True,86.9062119366626,21.56996587030717,30.33,2026-06-01,False,21.052631578947366,-14.41774491682071,-0.035192635081978424,74.31781701444623,12.68,21.242937853107343,26.666666666666668,27.45762711864407,51.63841807909605,73.22033898305085,40.045197740113,58.50340136054422,51.179522656520234
2070,精湛,儀器設備,59.3,11236174.627500001,True,95.12670565302143,10.784982935153584,33.17,2026-06-01,False,10.711817553559086,-2.1452145214521523,0.057340915474411974,71.96601941747572,7.170000000000002,9.6045197740113,65.98870056497175,73.10734463276836,44.85875706214689,61.694915254237294,51.050847457627114,62.01814058956916,37.6231792151889
2545,皇翔,建設,32.15,11073393.84,True,72.24334600760456,36.382252559726965,-77.31,2026-06-01,False,22.033898305084744,-7.614942528735629,-0.12006154557775746,71.36514983351832,-56.77666666666667,22.259887005649716,49.6045197740113,6.101694915254238,43.389830508474574,3.615819209039548,24.994350282485875,0.3401360544217687,29.096333448633693
1419,新紡,成衣,64.0,11054226.355,True,0.3796095444685466,97.40614334470989,17.98,2026-06-01,False,94.73684210526315,-4.047976011994007,0.10435495995958127,80.20050125313284,-1.9766666666666666,94.85875706214689,60.22598870056497,85.31073446327684,66.32768361581921,30.96045197740113,67.53672316384181,42.40362811791383,60.84102002382875
2033,佳大,基本金屬,17.0,11002318.1775,True,27.350427350427353,71.19453924914676,-28.85,2026-06-01,False,71.05263157894737,7.594936708860754,0.005725926509803105,77.62557077625571,-22.64666666666667,71.41242937853107,90.5084745762712,47.68361581920904,60.90395480225988,8.587570621468926,55.819209039548014,2.380952380952381,36.04721549636803
6148,驊宏資,資訊服務,28.05,10906159.8375,True,64.42516268980476,43.10580204778157,-2.86,2026-06-01,False,22.727272727272727,-13.824884792626719,0.016565764078904078,47.22222222222223,11.316666666666668,23.220338983050848,28.24858757062147,54.01129943502825,3.1638418079096042,70.50847457627118,35.83050847457627,12.244897959183673,27.595122794880666
6914,阜爾運通,其他運儲,147.5,10885595.025,True,11.796733212341199,84.02730375426621,11.19,2026-06-01,False,84.17415342087077,3.508771929824561,0.16299071627804834,95.16129032258065,2.9000000000000004,85.08474576271186,83.2768361581921,92.31638418079096,93.89830508474576,45.64971751412429,80.045197740113,32.08616780045352,56.94809562242976
1616,億泰,電纜,19.65,10859102.372499999,True,30.87409783480353,68.39590443686006,32.05,2026-06-01,False,40.0,-9.862385321100927,-0.019140422822999957,49.00249376558603,20.28333333333333,39.66101694915255,41.69491525423729,33.44632768361582,3.84180790960452,83.954802259887,40.51977401129944,60.204081632653065,40.50299780929321
6494,九齊,半導體,53.2,10778399.180000002,True,63.385354141656656,44.09556313993174,45.81,2026-06-01,False,56.92307692307692,-18.654434250764528,-0.10429522968150853,76.878612716763,-7.060000000000002,57.175141242937855,17.28813559322034,7.796610169491526,58.53107344632769,18.870056497175142,31.932203389830512,72.44897959183673,67.71676467197048
3284,太普高,印刷,21.2,10766399.999999998,True,9.242761692650333,86.27986348122867,13.11,2026-06-01,False,86.45473393227367,-25.220458553791893,0.03450646029009071,68.71961102106968,14.6,87.68361581920904,7.5706214689265545,63.72881355932203,36.836158192090394,76.49717514124293,54.46327683615819,34.807256235827666,62.93910219455013
6821,聯寶,電子零組件,40.85,10727278.9,True,72.50639386189258,36.10921501706484,2.18,2026-06-01,False,55.86206896551724,-20.833333333333332,0.07662598905884219,56.73611111111111,2.0866666666666673,55.81920903954802,12.429378531073446,79.43502824858757,11.525423728813559,42.3728813559322,40.31638418079096,18.253968253968253,43.2923056228141
2528,皇普,建設,20.6,10723533.93,True,23.25581395348837,74.33447098976109,-5.37,2026-06-01,False,72.88135593220339,-8.24053452115812,0.11902213644357525,64.375,-139.34666666666666,73.67231638418079,47.005649717514125,87.00564971751412,25.028248587570623,1.694915254237288,46.88135593220339,10.204081632653061,40.47474922172258
1219,福壽,油脂飼料,10.75,10655077.5425,True,49.467455621301774,55.08532423208191,0.4,2026-06-01,False,30.0,-11.885245901639339,-0.034023202785240965,73.63013698630138,2.15,29.943502824858758,35.02824858757062,28.135593220338983,49.717514124293785,42.71186440677966,37.10734463276836,16.89342403628118,40.381548099465775
2537,聯上發,建設,11.05,10584474.1125,True,79.26136363636364,30.853242320819113,57.68,2026-06-01,False,15.254237288135593,-1.3392857142857018,0.18192131533505104,89.11290322580645,-1771.9133333333332,14.915254237288137,69.6045197740113,93.44632768361582,84.51977401129943,0.4519774011299435,52.587570621468934,79.25170068027211,52.270552288712096
6967,汎瑋材料,其他電子,68.1,10474299.629999999,True,11.061946902654867,84.98293515358361,40.83,2026-06-01,False,85.14167242570836,-1.873198847262264,-0.04723066850221366,78.54671280276816,12.38333333333333,85.98870056497175,67.34463276836158,22.259887005649716,62.71186440677966,72.65536723163842,62.19209039548023,68.82086167800453,62.54419847034859
1565,精華,醫療耗材,93.3,10367931.825,True,14.20824295010846,82.11604095563139,-16.8,2026-06-01,False,71.42857142857143,-3.814432989690725,0.05058845716902933,58.86435331230284,-0.09333333333333371,71.9774011299435,60.90395480225988,71.52542372881356,14.576271186440678,34.91525423728813,50.77966101694915,4.308390022675737,32.48952688420001
1702,南僑,油脂飼料,33.5,10365052.962500002,True,99.34924078091106,1.6382252559726962,2.76,2026-06-01,False,10.0,2.760736196319014,0.2395004367787148,82.51231527093596,3.3366666666666664,8.926553672316384,81.46892655367232,97.06214689265536,70.73446327683615,47.45762711864407,61.12994350282486,19.047619047619047,29.309927360774818
2471,資通,資訊服務,48.4,10348678.107500002,True,10.466377440347072,85.52901023890786,0.37,2026-06-01,False,70.45454545454545,-9.022556390977451,-0.3097233733318919,88.32116788321169,-3.0899999999999994,71.01694915254238,44.74576271186441,0.22598870056497175,82.93785310734462,28.587570621468927,45.50282485875706,16.780045351473923,56.497271224874126
2614,東森,百貨批發,18.05,10338199.215,True,12.785774767146485,83.41296928327645,2.75,2026-06-01,False,72.22222222222221,-0.8241758241758164,0.07124670440412645,76.32135306553913,7.736666666666667,72.82485875706215,71.52542372881356,77.74011299435028,56.72316384180791,62.485875706214685,68.25988700564972,18.934240362811792,44.23920980821707
2459,敦吉,電子通路,65.2,10335616.725,True,84.76138828633407,24.40273037542662,20.97,2026-06-01,False,19.0,2.3547880690737832,-0.009758481842508613,91.9605077574048,6.019999999999998,18.70056497175141,80.45197740112995,39.77401129943503,88.24858757062147,57.74011299435028,56.983050847457626,46.3718820861678,43.217264306852684
6464,台數科,有線電視,78.0,10310883.8,True,79.06724511930587,31.058020477815703,-1.29,2026-06-01,False,31.098825155494126,0.5154639175257806,0.054438739648138966,96.17755856966708,-5.029999999999999,31.29943502824859,75.70621468926554,72.42937853107345,95.14124293785311,23.163841807909606,59.548022598870055,14.285714285714285,41.25504439063761
2228,劍麟,汽車組件,76.1,10302031.400000002,True,73.31887201735357,35.59726962457338,2.24,2026-06-01,False,44.44444444444444,-10.889929742388771,0.027438988035134892,61.124497991967864,3.366666666666667,44.632768361581924,38.4180790960452,59.2090395480226,18.305084745762713,47.570621468926554,41.6271186440678,18.367346938775512,35.721780237518736
3311,閎暉,電子零組件,32.2,10298791.239999998,True,0.23382696804364772,98.02047781569966,14.07,2026-06-01,False,100.0,-12.021857923497263,-0.07974744669508195,77.96610169491527,3.1499999999999986,98.75706214689266,34.23728813559322,12.203389830508476,61.5819209039548,46.271186440677965,50.610169491525426,35.941043083900226,65.51068449978862
1784,訊聯,生物科技,60.2,10274458.684999999,True,28.90455531453362,69.76109215017064,5.37,2026-06-01,False,80.0,-12.879884225759758,0.018568652419671875,52.121212121212125,-5.913333333333333,80.90395480225989,31.412429378531076,55.254237288135585,6.101694915254238,20.7909604519774,38.89265536723164,23.015873015873016,44.65227333871402
1580,新麥,機械,112.5,10127789.45,True,3.633405639913232,90.68259385665529,3.17,2026-06-01,False,96.96969696969697,-10.0,-0.05436207175085837,75.50335570469798,9.153333333333334,96.15819209039547,41.186440677966104,19.661016949152543,54.80225988700565,65.5367231638418,55.46892655367232,20.068027210884352,57.46050962757984
3687,歐買尬,數位雲端,65.7,10090425.905,True,3.8039974210186975,90.17064846416383,15.55,2026-06-01,False,66.66666666666666,-15.2258064516129,-0.057957139911541077,77.29411764705883,1.5566666666666666,66.7231638418079,23.728813559322035,19.096045197740114,59.09604519774011,40.11299435028249,41.75141242937853,38.718820861678005,60.202304085476
6953,家碩,電子設備,215.5,10085991.5,True,39.08256880733945,62.184300341296925,27.62,2026-06-01,False,89.04109589041096,-5.482456140350877,0.07012933938258085,73.67521367521368,19.5,89.94350282485875,55.48022598870056,76.8361581920904,49.94350282485876,83.05084745762711,71.05084745762711,54.87528344671202,59.82051577693225
6923,中台,資源回收,75.6,10029969.84,True,44.690265486725664,58.08873720136519,40.72,2026-06-01,False,56.52173913043478,0.2652519893899053,-0.018779393326740425,60.480000000000004,9.626666666666665,56.949152542372886,74.80225988700565,33.67231638418079,17.062146892655367,67.00564971751413,49.898305084745765,68.59410430839003,41.95078596410316
7810,捷創科技,電子設備,200.5,10023587.85,True,13.422818791946309,82.73037542662117,116.46,2026-06-01,False,95.8904109589041,-1.4742014742014742,0.016011849095122436,59.319526627218934,19.64666666666666,95.59322033898306,69.03954802259888,53.333333333333336,15.028248587570623,83.50282485875707,63.2994350282486,92.17687074829932,58.439697913063526
