stock_id,name,industry,close,day_change_pct,adv20,listed_ok,pe_hist_pct,value_pct,revenue_yoy,rev_month,bear_regime,value_ind_pct,momentum20,chip20_turnover,high52_prox,rev_accel,value_ind_pct_pool_pct,momentum20_pool_pct,chip20_turnover_pool_pct,high52_prox_pool_pct,rev_accel_pool_pct,composite,revenue_yoy_pool_pct,c2_score
2330,台積電,半導體,2380.0,-0.8333333333333304,76316726703.25,True,75.68881685575364,25.23117569352708,67.87,2026-06-01,False,32.82442748091603,-1.2448132780082988,-0.03047940769107639,94.82071713147411,29.383333333333333,33.030646992054486,47.105561861521004,31.32803632236095,92.62202043132804,90.11363636363636,58.83998039418017,83.58038768529077,65.53187331178808
2408,南亞科,半導體,515.0,-1.717557251908397,39508024021.925,True,62.896663954434494,35.7331571994716,621.34,2026-06-01,False,48.854961832061065,27.160493827160494,0.06940335824688312,98.2824427480916,-68.26333333333332,50.05675368898979,95.68671963677639,75.14188422247446,97.04880817253121,2.840909090909091,64.15501496233618,98.97377423033066,62.598154113768814
2454,聯發科,半導體,3885.0,-4.074074074074074,38013313245.75,True,97.83900594273366,4.0290620871862615,2.8,2026-06-01,False,3.0534351145038165,5.858310626702997,0.007953063419541665,83.72844827586206,1.583333333333333,2.0431328036322363,74.34733257661748,51.19182746878547,71.16912599318955,40.56818181818182,47.863920132081304,19.04218928164196,29.47677887546157
2327,國巨*,電子零組件,576.0,-5.263157894736848,31988087600.475,True,96.48838465694219,5.217965653896962,38.91,2026-06-01,False,9.271523178807946,-14.029850746268657,-0.06255233718830994,50.526315789473685,2.7733333333333334,8.286038592508513,7.150964812712826,19.069239500567537,4.767309875141884,45.39772727272727,16.93425601073161,66.81870011402509,43.18027094224067
2308,台達電,電子零組件,1820.0,-3.4482758620689613,25149124153.75,True,92.54457050243113,10.303830911492733,55.43,2026-06-01,False,16.55629139072848,-0.8174386920980926,-0.052775376352433075,72.22222222222221,7.763333333333335,15.891032917139613,49.60272417707151,22.13393870601589,44.892167990919404,62.15909090909091,38.93579094004746,78.10718358038768,47.3219150778438
2344,華邦電,半導體,176.5,-2.754820936639113,24953383936.65,True,44.23337856173677,50.264200792602374,189.88,2026-06-01,False,68.70229007633588,13.504823151125404,0.00419150946250137,79.5045045045045,5.190000000000026,70.48808172531214,88.08172531214528,49.716231555051074,60.953461975028375,53.18181818181819,64.48426374987102,95.32497149372861,59.67119747048096
3037,欣興,印刷電路板,1145.0,2.2321428571428603,22669739363.85,True,86.709886547812,15.852047556142669,36.31,2026-06-01,False,44.18604651162791,38.78787878787879,0.114980171226547,100.0,4.20333333333334,44.38138479001135,98.5244040862656,84.56299659477867,98.86492622020431,50.56818181818182,75.38037870188836,64.76624857468643,52.37203887465912
2303,聯電,半導體,119.0,-2.0576131687242816,20901085443.675,True,67.69313884386818,32.03434610303831,22.85,2026-06-01,False,43.51145038167939,-11.524163568773234,-0.03542335589809485,66.66666666666666,5.706666666666667,43.81384790011351,10.896708286038592,29.96594778660613,29.682179341657207,55.79545454545455,34.030827571974,48.346636259977195,52.73648880392733
3231,緯創,電腦及週邊,181.0,-3.208556149732622,19434128018.775,True,55.32144786601837,41.677675033025096,53.85,2026-06-01,False,37.93103448275862,21.070234113712374,0.13193888430971049,91.87817258883248,-14.509999999999998,39.046538024971625,92.62202043132804,87.74120317820659,87.51418842224744,12.954545454545455,63.97569910225983,77.65108323831242,52.897447313550856
4958,臻鼎-KY,印刷電路板,474.0,-5.765407554671964,19177183672.25,True,95.89411129119395,6.208718626155878,32.83,2026-06-01,False,25.581395348837212,-6.8762278978389,-0.06422620871429524,73.37461300309597,5.476666666666663,25.425652667423382,22.92849035187287,18.501702610669692,47.332576617480136,54.77272727272727,33.79222990403467,60.77537058152793,52.65127737863965
1303,南亞,石化,200.0,-0.24937655860348684,17620512171.75,True,61.54295733489188,36.78996036988111,31.79,2026-06-01,False,47.368421052631575,2.3017902813299234,-0.0313769512977263,87.91208791208791,4.263333333333328,48.467650397275825,63.677639046538026,30.98751418842225,79.68217934165722,50.90909090909091,54.74481477659684,59.40706955530216,55.969815061924294
6770,力積電,半導體,69.7,-6.568364611260047,15462162405.092499,True,69.83606557377048,29.98678996036988,68.75,2026-06-01,False,38.93129770992366,7.066052227342563,0.020929173491074093,78.57948139797068,15.393333333333338,39.727582292849036,76.61748013620885,57.094211123723035,58.796821793416576,77.38636363636363,61.92449179651222,84.03648802736602,51.485852994355696
3481,群創,光電及I/O,49.5,-3.3203125,14774740058.042501,True,82.7262044653349,19.418758256274767,17.25,2026-06-01,False,28.000000000000004,-2.366863905325449,0.003880228329945271,69.8166431593794,4.143333333333333,28.14982973893303,41.08967082860386,49.60272417707151,38.02497162315551,50.227272727272734,41.41889381900732,41.163055872291906,41.56204660144415
2317,鴻海,電腦及週邊,249.0,-2.352941176470591,14640721681.825,True,83.90059427336574,18.163804491413472,52.11,2026-06-01,False,15.517241379310345,1.2195121951219512,0.07676762145967163,80.58252427184466,11.636666666666663,14.415437003405222,60.04540295119183,77.97956867196368,62.542565266742336,70.79545454545455,57.15568568775152,76.51083238312428,48.35585792552
8046,南電,印刷電路板,1245.0,-3.8610038610038644,13698759383.7,True,80.90024330900243,20.871862615587848,50.03,2026-06-01,False,58.139534883720934,4.621848739495799,-0.015191991153740881,87.98586572438163,8.256666666666668,59.59137343927355,70.60158910329172,39.500567536889896,79.79568671963678,63.86363636363637,62.67057063254566,74.9714937286203,60.939241196059726
3017,奇鋐,電子零組件,3035.0,-3.650793650793649,13461153256.5,True,89.03295515937332,13.276089828269486,66.11,2026-06-01,False,21.192052980132452,30.81896551724138,0.13028512907514528,93.81761978361669,-0.013333333333335418,21.112372304199774,96.48127128263337,87.28717366628831,91.37343927355278,35.68181818181818,66.38721494169849,83.0102622576967,49.753700638203966
3711,日月光投控,半導體,599.0,-2.601626016260161,13033424884.05,True,94.71656576774905,7.793923381770146,32.86,2026-06-01,False,11.450381679389313,-5.371248025276461,-0.04962382062743488,82.39339752407153,5.976666666666663,10.669693530079455,29.284903518728715,23.269012485811576,68.33144154370035,56.93181818181819,37.69737385202766,60.94640820980616,52.665659941214315
6669,緯穎,電腦及週邊,6400.0,-3.3232628398791486,12356903661.25,True,73.77777777777777,26.486129458388376,29.79,2026-06-01,False,24.137931034482758,28.000000000000004,0.04422743505011189,96.67673716012085,3.9166666666666643,24.063564131668556,95.91373439273553,66.62883087400681,94.77866061293983,49.20454545454545,66.11786709317923,56.78449258836944,44.92824573506057
2383,台光電,印刷電路板,6205.0,-2.2834645669291387,12197620106.5,True,96.43435980551054,5.449141347424042,120.69,2026-06-01,False,20.930232558139537,28.467908902691512,-0.0032421011138678893,97.71653543307086,11.043333333333337,20.885357548240634,96.14074914869465,46.31101021566402,96.14074914869465,69.88636363636364,65.87284593953152,92.36031927023946,53.31141920462002
3189,景碩,印刷電路板,865.0,-4.41988950276243,11680273875.45,True,77.7992277992278,23.91017173051519,32.27,2026-06-01,False,65.11627906976744,15.951742627345844,0.003143086670543247,95.58011049723757,1.5899999999999999,66.62883087400681,89.55732122587968,49.2622020431328,93.64358683314416,40.68181818181818,67.95475183159633,59.97719498289624,57.67307286604188
8299,群聯,半導體,2000.0,-4.076738609112707,10865545187.5,True,15.018908698001079,74.10832232496698,301.0,2026-06-01,False,86.25954198473282,7.816711590296496,-0.05304795500484959,69.44444444444444,21.379999999999995,87.51418842224744,79.00113507377979,21.793416572077184,37.003405221339385,84.6590909090909,61.994247239706944,97.37742303306727,60.72347040071858
2337,旺宏,半導體,122.0,-5.7915057915057915,10847681631.28,True,99.32489451476793,2.7080581241743724,216.09,2026-06-01,False,0.7633587786259541,-0.8130081300813009,-0.024283351716867577,65.76819407008087,34.22333333333333,0.22701475595913734,49.716231555051074,34.61975028376845,27.922814982973893,91.70454545454545,40.838071406459605,96.00912200684151,43.610680047680866
6488,環球晶,半導體,1060.0,3.9215686274509887,10750258130.9,True,97.35278227984873,4.326287978863936,-1.63,2026-06-01,False,4.580152671755725,-12.033195020746888,-0.04034091020457484,69.96699669966998,3.3899999999999997,3.40522133938706,9.875141884222474,27.468785471055618,38.36549375709421,47.5,25.32292849035187,13.911060433295324,36.45165841138853
3008,大立光,消費性電子,5290.0,4.339250493096647,10550789656.25,True,99.45975148568341,2.5429326287978866,-10.46,2026-06-01,False,5.263157894736842,32.747804265997495,-0.010123801927681132,100.0,-29.35666666666667,4.029511918274688,96.82179341657208,41.99772985244041,98.86492622020431,6.363636363636363,49.61551955422557,6.61345496009122,28.171524920499536
3443,創意,半導體,5535.0,-5.384615384615388,10524795535.0,True,98.16315505132361,3.830911492734478,103.72,2026-06-01,False,2.2900763358778624,34.50789793438639,0.029446115675561383,94.61538461538461,-27.180000000000007,1.2485811577752552,97.16231555051078,60.83995459704881,92.28149829738933,6.8181818181818175,51.6701062841812,90.87799315849487,46.811439265787165
3661,世芯-KY,半導體,3715.0,-8.497536945812811,9431629293.25,True,68.44948676391141,31.175693527080583,15.39,2026-06-01,False,41.98473282442748,6.446991404011461,-0.008530706772272906,69.11627906976744,32.18000000000001,42.33825198637911,75.7094211123723,43.01929625425653,36.20885357548241,91.25,57.70516458569807,37.62827822120867,35.11649066767447
2368,金像電,印刷電路板,1070.0,5.940594059405946,9319479325.7,True,85.41912632821723,16.974900924702773,78.22,2026-06-01,False,46.51162790697674,9.183673469387756,-0.06478512202031354,71.57190635451505,3.576666666666668,47.21906923950057,82.29284903518729,17.82065834279228,43.4733257661748,48.29545454545455,47.8202713858219,86.77309007981756,48.79315901257642
3105,穩懋,半導體,374.5,-5.904522613065321,8456447513.225,True,69.37888198757764,30.515191545574638,29.55,2026-06-01,False,39.69465648854962,10.309278350515463,-0.012949079917822097,60.6969205834684,-10.029999999999998,40.635641316685586,83.99545970488082,40.86265607264472,16.91259931895573,16.477272727272727,39.77672582808791,56.21436716077537,32.44178702288397
3665,貿聯-KY,電子零組件,2240.0,4.918032786885251,8238528811.25,True,98.05510534846029,3.963011889035667,63.79,2026-06-01,False,5.960264900662252,12.0,-0.011248976959685832,76.19047619047619,22.563333333333333,4.767309875141884,86.2656072644722,41.316685584563,52.667423382519864,85.79545454545455,54.162496130430306,81.87001140250855,38.259784348924526
2382,廣達,電腦及週邊,327.0,-1.9490254872563728,8070775277.15,True,33.06320907617504,58.78467635402907,102.87,2026-06-01,False,58.620689655172406,0.9259259259259258,-0.06428315199483894,78.41726618705036,-3.11666666666666,59.818388195232686,58.56980703745743,18.388195232690123,58.456299659477864,28.522727272727273,44.75108347951708,90.64994298745724,62.588705951177594
6274,台燿,印刷電路板,1545.0,-3.4375000000000044,7959205289.25,True,96.00216099405726,6.142668428005284,107.72,2026-06-01,False,23.25581395348837,25.101214574898783,-0.05084378864945321,81.3157894736842,-3.673333333333332,23.269012485811576,94.8921679909194,23.04199772985244,64.69920544835415,26.36363636363636,46.45320400371478,91.44811858608894,46.13104213233382
2301,光寶科,電子零組件,273.5,3.795066413662229,7892613942.7,True,98.4332793084819,3.533685601056803,36.98,2026-06-01,False,5.298013245033113,32.125603864734295,0.13650046313646363,100.0,6.629999999999999,4.19977298524404,96.7082860385925,88.08172531214528,98.86492622020431,59.77272727272728,69.5254875657827,65.33637400228051,42.92319679228409
8358,金居,印刷電路板,416.0,-0.8343265792610244,7879393681.7,True,88.60075634792004,13.80449141347424,43.37,2026-06-01,False,37.2093023255814,5.4499366286438535,-0.11185980727009656,59.42857142857143,3.18333333333333,38.138479001135074,73.2122587968218,8.967082860385926,14.642451759364357,46.590909090909086,36.31023630172325,69.78335233751424,37.33800607529797
3653,健策,電子零組件,5150.0,-3.5580524344569264,7193386634.0,True,98.91950297136682,3.104359313077939,57.64,2026-06-01,False,3.9735099337748347,46.30681818181818,0.031096966082493512,94.5821854912764,16.869999999999997,2.837684449489217,99.20544835414302,61.52099886492623,91.82746878547105,79.31818181818183,66.94195645444226,78.79133409350057,43.562759743579456
2345,智邦,通信網路,2225.0,-2.8384279475982543,6702931177.25,True,86.8179362506753,15.587846763540291,61.16,2026-06-01,False,29.411764705882355,0.22522522522522523,-0.056891631717259375,80.9090909090909,3.9566666666666706,29.56867196367764,54.25652667423383,20.6583427922815,63.33711691259932,49.31818181818181,43.42776803219482,80.72976054732041,54.844755687340886
2360,致茂,電子設備,2305.0,-2.330508474576276,6661641357.0,True,95.51593733117234,6.605019815059446,73.02,2026-06-01,False,9.090909090909092,14.392059553349876,-0.04205582740884791,87.80952380952381,-38.646666666666675,7.888762769580023,88.30874006810443,26.901248581157777,79.3416572077185,4.772727272727273,41.4426271798576,85.29076396807298,46.05311096931676
8039,台虹,印刷電路板,277.5,7.14285714285714,6612750747.75,True,99.67585089141005,1.6842800528401585,-6.57,2026-06-01,False,4.651162790697675,30.89622641509434,0.008310829247459397,100.0,-4.130000000000001,3.5187287173666286,96.59477866061293,51.305334846765035,98.86492622020431,25.340909090909093,55.12493550717161,9.35005701254276,28.784733322375192
3081,聯亞,半導體,2925.0,4.8387096774193505,6598454792.25,True,85.5413584398117,16.77675033025099,128.14,2026-06-01,False,26.717557251908396,93.06930693069307,-0.004703790830492293,92.5632911392405,7.35333333333331,26.560726447219068,100.0,45.743473325766175,88.87627695800226,61.47727272727273,64.53154989165205,93.04446978335234,52.120368297143415
6213,聯茂,印刷電路板,488.0,1.455301455301461,6057906034.15,True,98.64937871420854,3.368560105680317,47.94,2026-06-01,False,11.627906976744185,37.65867418899859,0.02573520909090556,100.0,17.596666666666664,10.783200908059024,97.95686719636775,59.13734392735528,98.86492622020431,80.22727272727272,69.39392219585181,73.48916761687572,46.29510688719283
5483,中美晶,半導體,185.0,-0.8042895442359255,6024365556.225,True,79.16201117318435,23.051519154557464,7.61,2026-06-01,False,31.297709923664126,-16.099773242630384,-0.04706696935963444,66.54676258992805,3.2700000000000005,31.32803632236095,4.880817253121453,24.51759364358683,29.398410896708288,47.04545454545455,27.43406253224641,26.68187001140251,45.63187499433758
2313,華通,印刷電路板,211.0,0.0,5974601685.925,True,93.19286871961103,9.28005284015852,20.96,2026-06-01,False,27.906976744186046,0.4761904761904762,0.03407881259377143,70.68676716917923,10.586666666666668,28.036322360953463,55.845629965947786,62.99659477866061,40.40862656072645,68.97727272727273,51.25288927871221,45.9521094640821,39.637857104953554
2059,川湖,金屬製品,14370.0,4.509090909090907,5971573354.0,True,99.83792544570503,0.6274768824306473,220.52,2026-06-01,False,14.285714285714285,80.18808777429467,0.05604551403995352,100.0,63.28333333333333,13.393870601589104,99.88649262202043,71.16912599318955,98.86492622020431,96.25,75.91288308740067,96.23717217787913,52.152369094413025
2492,華新科,電子零組件,282.0,-3.2590051457976,5856605554.5,True,85.73743922204214,16.6446499339498,25.84,2026-06-01,False,27.81456953642384,3.296703296703297,-0.12362461729194979,45.705024311183145,6.386666666666667,27.922814982973893,66.96935300794551,7.150964812712826,2.383654937570942,58.63636363636363,32.61263027551336,51.25427594070695,28.647848213326565
6182,合晶,半導體,120.0,-2.0408163265306145,5800703945.455,True,88.7719298245614,13.540290620871861,14.11,2026-06-01,False,23.66412213740458,-7.6923076923076925,-0.038787877181603155,63.3245382585752,4.426666666666668,23.72304199772985,20.317820658342793,27.695800227014754,21.45289443813848,51.47727272727273,28.93336600969972,35.57582668187001,40.10848561484889
4979,華星光,通信網路,528.0,-3.119266055045866,5577900538.575,True,92.78688524590164,9.907529722589167,27.68,2026-06-01,False,19.607843137254903,47.89915966386555,0.03679504636383619,73.53760445682451,8.850000000000001,19.409761634506243,99.31895573212259,64.1316685584563,47.4460839954597,65.0,59.061293984108964,54.50399087799316,30.510220193959128
2449,京元電子,半導體,236.0,-5.030181086519114,5292902091.3,True,93.354943273906,9.147952443857331,28.64,2026-06-01,False,16.030534351145036,-15.412186379928317,-0.13034095357702682,66.66666666666666,-4.630000000000003,15.43700340522134,5.902383654937571,6.242905788876277,29.682179341657207,24.431818181818183,16.33925807450212,55.30216647662486,48.62974139214146
3374,精材,半導體,306.5,4.7863247863247915,5273494531.6,True,87.08308065494239,15.191545574636725,61.01,2026-06-01,False,25.190839694656486,-19.342105263157894,-0.035733112298664244,73.32535885167464,17.686666666666667,25.08513053348468,2.724177071509648,29.73893303064699,46.76503972758229,80.45454545454545,36.95356516355381,80.50171037628279,62.40692589146003
6239,力成,半導體,265.5,-4.496402877697847,5212836326.475,True,92.4365207995678,10.568031704095112,21.71,2026-06-01,False,18.3206106870229,-2.389705882352941,-0.07058790267624805,70.05277044854881,-6.433333333333334,18.274687854710557,40.97616345062429,15.550510783200908,38.592508513053346,19.886363636363637,26.656046847590545,46.86431014823261,40.688835766343054
3260,威剛,半導體,387.0,-3.2499999999999973,5190044714.95,True,0.0,98.11756935270806,212.06,2026-06-01,False,98.47328244274809,5.020352781546811,0.024173894142227675,73.71428571428571,14.72333333333333,98.01362088535754,72.30419977298524,58.56980703745743,48.35414301929625,76.36363636363637,70.72108141574657,95.89509692132269,67.48966526324782
6446,藥華藥,藥,1400.0,-0.7092198581560294,4824694802.5,True,57.608695652173914,39.56406869220608,94.88,2026-06-01,False,31.11111111111111,19.148936170212767,0.016534235993839706,91.50326797385621,4.313333333333333,30.760499432463114,91.08967082860386,54.937570942111236,86.83314415437003,51.24999999999999,62.974177071509644,89.50969213226911,54.003416222624594
3450,聯鈞,通信網路,579.0,5.272727272727273,4785954499.6,True,81.13098672821697,20.607661822985467,88.18,2026-06-01,False,37.254901960784316,35.43859649122807,0.055262006977853675,94.6078431372549,26.98333333333334,38.30874006810443,97.61634506242906,70.60158910329172,92.16799091940976,89.0909090909091,77.55711484882882,88.48346636259977,55.33596307192123
2409,友達,光電及I/O,26.35,-3.302752293577982,4759221898.8324995,True,99.77272727272727,1.1889035667107,13.83,2026-06-01,False,2.666666666666667,2.9296875,-0.00843449410603715,80.58103975535168,11.18,1.8161180476730987,65.49375709421112,43.24631101021566,62.42905788876277,70.11363636363637,48.619776080899804,34.89167616875712,33.41077375274547
6223,旺矽,半導體,5270.0,-9.13793103448276,4659037880.0,True,94.86763911399244,7.694848084544254,65.07,2026-06-01,False,10.687022900763358,-10.297872340425531,-0.06432417989046357,71.40921409214093,6.576666666666661,9.875141884222474,13.280363223609534,18.274687854710557,43.1328036322361,59.65909090909091,28.844417500773915,82.44013683010262,55.54192978073792
6147,頎邦,半導體,163.5,-2.9673590504451064,4527382450.95,True,96.48838465694219,5.217965653896962,27.06,2026-06-01,False,6.106870229007633,-5.491329479768786,0.011064130866319423,53.51882160392799,3.6233333333333313,4.880817253121453,28.944381384790013,52.44040862656073,6.9239500567536885,48.63636363636364,28.365184191517905,54.0478905359179,34.22706911525076
7769,鴻勁,電子設備,6525.0,-3.3333333333333326,4501121213.5,True,31.60919540229885,60.00660501981506,106.54,2026-06-01,False,74.02597402597402,0.38461538461538464,0.022546856553072453,78.99515738498789,5.8700000000000045,75.48240635641316,55.39160045402951,58.11577752553916,59.70488081725313,56.36363636363636,61.01166030337426,91.1060433295325,67.72543251229231
2357,華碩,電腦及週邊,910.0,-2.985074626865669,4327622165.4,True,51.86385737439222,43.95640686922061,55.63,2026-06-01,False,39.6551724137931,23.641304347826086,0.24844024893256292,91.36546184738957,18.75,40.52213393870602,94.09761634506243,98.1838819523269,86.49262202043133,81.70454545454545,80.20015994221441,78.33523375142532,52.813093341375065
8150,南茂,半導體,89.1,-2.622950819672132,4287225445.6100006,True,86.60183684494868,15.918097754293262,37.23,2026-06-01,False,25.954198473282442,-14.326923076923082,-0.06082111226468054,72.73469387755101,8.169999999999998,25.76617480136209,6.583427922814983,19.63677639046538,45.970488081725314,63.52272727272727,32.29591889381901,65.67844925883695,57.707921054777344
5274,信驊,半導體,17055.0,0.2056404230317277,4225173753.25,True,89.57320367368989,12.84676354029062,67.47,2026-06-01,False,22.137404580152673,20.95744680851064,0.017988517055028484,88.48249027237354,-5.1299999999999955,22.24744608399546,92.3950056753689,55.39160045402951,80.8172531214529,23.125,54.79526106696935,83.46636259977195,48.53401403246285
6187,萬潤,電子設備,1260.0,-9.025270758122739,4017139621.1,True,84.54889249054564,17.76750330250991,87.06,2026-06-01,False,31.16883116883117,26.252505010020037,0.09215576412119661,90.64748201438849,34.73666666666667,31.101021566401815,95.34619750283768,81.04426787741204,85.69807037457434,91.81818181818183,77.00154782788154,88.25541619156215,52.42707765742516
6442,光聖,通信網路,1555.0,-4.601226993865026,4008112959.0,True,60.5580215599239,37.31836195508586,1.65,2026-06-01,False,47.05882352941176,23.41269841269841,-0.04283191837434027,65.61181434599156,-32.17,48.01362088535755,93.87060158910329,26.560726447219068,27.695800227014754,5.568181818181818,40.34178619337529,17.787913340935006,24.906683216051004
5289,宜鼎,半導體,1460.0,-4.575163398692805,3965688076.25,True,2.0529443544030253,86.42668428005284,696.31,2026-06-01,False,91.6030534351145,12.307692307692308,-0.06652236456674936,73.36683417085426,56.23666666666668,92.3950056753689,86.71963677639046,17.253121452894437,47.21906923950057,96.13636363636363,67.94463935610361,99.2018244013683,63.02406563496183
2455,全新,半導體,417.5,0.11990407673860837,3935182912.775,True,94.11129119394921,8.3223249669749,23.55,2026-06-01,False,12.977099236641221,41.52542372881356,-4.498395662579817e-05,94.03153153153153,-12.38666666666666,12.145289443813848,98.86492622020431,47.559591373439275,91.48694665153235,14.318181818181818,52.87498710143433,48.91676168757127,38.421017890678286
5347,世界,半導體,155.0,-4.320987654320985,3841471632.325,True,95.02971366828741,7.331571994715984,33.57,2026-06-01,False,9.923664122137405,-0.3215434083601286,-0.03039583605269871,70.45454545454545,12.693333333333332,8.967082860385926,52.09988649262202,31.441543700340524,39.27355278093076,73.06818181818183,40.97004953049221,61.80159635119726,39.48558637497298
2324,仁寶,電腦及週邊,40.6,-2.5210084033613356,3730898292.1475005,True,85.46731496488384,16.90885072655218,58.38,2026-06-01,False,13.793103448275861,12.777777777777782,0.11129540027363859,86.29117959617429,26.313333333333333,12.939841089670828,87.28717366628831,84.10896708286039,76.84449489216799,88.4090909090909,69.91791352801567,79.24743443557583,45.43614918778158
2376,技嘉,電腦及週邊,348.0,-2.7932960893854775,3569573917.375,True,31.92868719611021,59.77542932628798,68.55,2026-06-01,False,60.3448275862069,2.0527859237536656,0.10027428499937589,87.21804511278195,19.486666666666665,61.861520998864926,62.315550510783204,82.51986379114642,78.20658342792282,82.8409090909091,73.5488855639253,83.80843785632838,65.39024794308322
2634,漢翔,機車船製造,73.3,3.2394366197183055,3449662607.5800004,True,66.01836844948676,32.89299867899604,7.23,2026-06-01,False,16.666666666666664,2.5174825174825135,0.02006150217884475,100.0,-5.553333333333331,16.23155505107832,64.24517593643587,56.526674233825204,98.86492622020431,22.15909090909091,51.60548447012693,26.225769669327253,44.2692687510435
6139,亞翔,電子設備,782.0,-3.0978934324659257,3431531781.15,True,53.91680172879525,42.47027741083223,49.7,2026-06-01,False,68.83116883116884,-4.049079754601228,-0.08596528787136404,81.8848167539267,-24.816666666666663,70.71509648127127,33.59818388195232,12.485811577752553,66.17480136208853,7.613636363636364,38.11750593334021,74.45838084378563,69.43752370129829
3026,禾伸堂,電子零組件,668.0,-3.0478955007256947,3411477454.65,True,97.35278227984873,4.326287978863936,33.9,2026-06-01,False,6.622516556291391,-2.0527859237536656,-0.08463705980119764,66.46766169154229,8.446666666666665,5.2213393870601585,42.56526674233825,12.712826333711691,29.284903518728715,64.31818181818181,30.820503560004123,62.25769669327252,38.549668214180784
8996,高力,其他電製品,1175.0,-3.292181069958844,3388006461.5,True,88.27660723933009,14.06869220607662,37.56,2026-06-01,False,12.5,19.53204476093591,-0.06482675884926506,73.89937106918238,-16.979999999999997,11.804767309875142,91.2599318955732,17.707150964812712,48.9216799091941,11.136363636363637,36.16597874316376,65.90649942987457,33.84325368834266
6505,台塑化,輕油裂解,72.0,1.2658227848101333,3281545318.7949996,True,1.9664545980335453,86.65785997357992,18.46,2026-06-01,False,86.46112600536193,-15.690866510538648,-0.006122797100843768,77.25321888412017,-7.656666666666663,87.62769580022702,5.334846765039727,45.2894438138479,55.845629965947786,18.409090909090907,42.501341450830665,42.41733181299886,70.13895270353348
3163,波若威,通信網路,711.0,-3.001364256480221,3280314551.3,True,85.30524041058887,17.239101717305154,-11.53,2026-06-01,False,31.372549019607842,7.078313253012049,-0.0416698782250023,54.9034749034749,-23.176666666666666,31.498297389330304,76.95800227014756,27.128263337116916,8.286038592508513,8.068181818181818,30.387756681457017,5.872291904218928,17.174656403977544
2395,研華,電腦及週邊,679.0,0.7418397626112849,3232976796.05,True,99.40572663425175,2.642007926023778,73.39,2026-06-01,False,1.7241379310344827,19.753086419753085,0.026068565490612414,97.27793696275072,26.68999999999999,0.681044267877412,91.48694665153235,59.364358683314414,95.57321225879683,88.63636363636364,67.14838509957693,85.5188141391106,47.57153100356312
2377,微星,電腦及週邊,148.0,-1.0033444816053505,3081047443.075,True,31.226364127498652,60.43593130779392,-9.23,2026-06-01,False,62.06896551724138,1.36986301369863,0.07731780668466819,87.57396449704143,9.176666666666666,63.45062429057889,60.83995459704881,78.09307604994325,79.11464245175937,65.56818181818181,69.41329584150243,7.639680729760548,47.3412482187625
6805,富世達,電子零組件,1960.0,1.8181818181818077,3047466058.75,True,16.815476190476193,72.39101717305152,32.66,2026-06-01,False,92.05298013245033,38.515901060070675,0.013164196521800384,88.48758465011286,-10.31666666666667,92.84903518728717,98.29738933030647,53.00794551645856,80.93076049943247,15.909090909090908,68.19884428851512,60.319270239452685,58.95041914896646
2481,強茂,電子零組件,139.5,-3.460207612456745,2934993955.55,True,96.11327040533038,6.0105680317040955,27.37,2026-06-01,False,11.920529801324504,-2.7874564459930316,-0.10153216606198126,61.31868131868132,10.773333333333333,11.12372304199773,39.27355278093076,10.32917139614075,18.047673098751417,69.6590909090909,29.686642245382313,54.27594070695553,36.04344601669348
2379,瑞昱,半導體,707.0,-1.3947001394700176,2899456763.25,True,80.01080497028633,21.994715984147952,20.6,2026-06-01,False,29.770992366412212,-6.108897742363878,-0.022286798192270932,78.55555555555556,2.6833333333333336,29.73893303064699,25.76617480136209,35.187287173666284,58.683314415437,45.22727272727273,38.92059642967702,45.49600912200684,52.038020441682185
3324,雙鴻,電子零組件,978.0,-2.68656716417911,2838300304.35,True,50.13506212857914,45.310435931307794,62.13,2026-06-01,False,70.19867549668875,5.615550755939525,0.06093980402594823,76.40625,-3.463333333333331,72.19069239500567,73.66628830874006,72.30419977298524,52.894438138479,27.15909090909091,59.64294190486019,81.18586088939567,58.15117577853507
3533,嘉澤,電子零組件,1625.0,-4.411764705882348,2769058167.5,True,64.50567260940032,34.015852047556145,17.26,2026-06-01,False,54.3046357615894,-19.950738916256157,-0.18937926876089,57.01754385964912,3.4433333333333334,55.845629965947786,2.4971623155505105,2.6106696935300793,10.442678774120317,47.72727272727273,23.82468269528428,41.27708095781072,51.267056845582076
3211,順達,電子零組件,382.5,-2.423469387755106,2746009126.15,True,99.67585089141005,1.6842800528401585,20.63,2026-06-01,False,1.9867549668874174,0.6578947368421052,0.013671787175756348,81.55650319829424,11.156666666666666,1.0215664018161181,57.32122587968218,53.575482406356414,65.38024971623156,70.0,49.459704880817256,45.61003420752566,38.67265611147279
1326,台化,石化,59.4,0.1686340640809414,2675346566.52,True,55.07433742727861,41.87582562747688,11.59,2026-06-01,False,52.63157894736842,-13.41107871720116,-0.0011234360336408891,82.84518828451883,-6.833333333333332,54.199772985244046,8.172531214528945,47.21906923950057,69.46651532349603,19.261363636363637,39.66385047982664,31.812998859749147,61.826688988490076
3529,力旺,半導體,2340.0,-2.092050209205021,2658949664.75,True,36.52079956780119,56.20871862615587,47.05,2026-06-01,False,74.04580152671755,-1.0570824524312896,-0.0676546611592221,49.734325185972374,23.043333333333333,75.59591373439274,47.90011350737798,16.685584562996596,4.0862656072644725,86.5909090909091,46.171757300588176,72.74800456100343,51.13251759882067
3036,文曄,電子通路,202.0,-0.9803921568627416,2626677240.375,True,47.595894111291194,47.556142668428,188.09,2026-06-01,False,52.94117647058824,3.061224489795918,-0.06746788781423131,66.99834162520729,48.26333333333332,54.540295119182744,65.83427922814982,16.79909194097616,30.760499432463114,94.77272727272728,52.54137859869983,95.21094640820981,53.66936543292646
6515,穎崴,半導體,6315.0,-4.4629349470499236,2619179801.5,True,90.60650887573965,11.690885072655217,287.9,2026-06-01,False,20.610687022900763,-5.108940646130729,-0.027902385495482036,58.499305233904586,135.16666666666666,20.54483541430193,30.87400681044268,32.576617480136214,12.939841089670828,98.18181818181819,39.02342379527397,97.26339794754846,49.96851691026963
3532,台勝科,半導體,369.0,-0.6729475100942128,2581356216.425,True,97.08265802269044,4.557463672391017,23.71,2026-06-01,False,5.343511450381679,-14.878892733564014,-0.01687270570240776,70.55449330783938,2.986666666666668,4.426787741203178,6.242905788876277,38.819523269012485,39.727582292849036,46.13636363636363,27.07063254566092,49.03078677309008,46.7355627545665
2451,創見,半導體,280.0,-3.4482758620689613,2580546258.675,True,0.3241491085899514,91.94187582562748,381.55,2026-06-01,False,95.80152671755725,19.148936170212767,-0.0024262817847266983,77.02888583218707,-100.38666666666666,95.9704880817253,91.08967082860386,46.76503972758229,55.164585698070375,1.9318181818181817,58.18432050356,98.4036488027366,64.6122629384821
3042,晶技,電子零組件,178.5,-8.695652173913048,2552762135.275,True,96.70448406266883,4.953764861294584,19.98,2026-06-01,False,8.27814569536424,6.25,0.012866434075437638,71.6867469879518,9.346666666666668,6.980703745743473,75.02837684449489,52.894438138479,43.81384790011351,66.36363636363637,49.01620059849345,44.58380843785633,30.087495809804608
2881,富邦金,金融控股,129.5,3.1872509960159334,2432693016.6,True,88.22258238789843,14.167767503302509,155.03,2026-05-01,False,46.15384615384615,4.8582995951417,0.12821872979689278,93.50180505415162,-16.25,47.04880817253122,71.50964812712827,86.83314415437003,90.80590238365494,11.704545454545455,61.58040965844598,94.52679589509692,65.2179645810387
3006,晶豪科,半導體,248.0,-9.157509157509159,2424577139.275,True,17.42902208201893,71.99471598414794,328.35,2026-06-01,False,83.20610687022901,24.31077694235589,0.1148582479759521,89.36936936936937,3.5600000000000023,84.7900113507378,94.32463110102157,84.4494892167991,82.86038592508514,48.18181818181818,78.92126715509237,97.6054732041049,67.73280984472657
2356,英業達,電腦及週邊,64.9,-2.6986506746626615,2386437150.99,True,72.39330091842248,28.335535006605017,61.62,2026-06-01,False,25.862068965517242,7.986688851913485,0.1080749021128807,75.99531615925059,17.13666666666667,25.652667423382518,79.56867196367764,83.65493757094211,52.213393870601585,79.6590909090909,64.14975234753895,80.95781071835803,44.81380001216612
2603,長榮,海運,238.0,2.807775377969768,2382446654.375,True,67.2225416906268,32.16644649933949,30.01,2026-06-01,False,36.36363636363637,17.24137931034483,0.4125280324141732,100.0,8.033333333333331,37.230419977298524,90.35187287173666,99.88649262202043,98.86492622020431,63.06818181818182,77.88037870188835,57.69669327251995,50.86004164957153
1301,台塑,石化,58.9,-0.33840947546531774,2377139103.2650003,True,72.86115007012623,27.873183619550858,-2.69,2026-06-01,False,21.052631578947366,-6.50793650793651,-0.009686387930135916,88.97280966767372,-6.453333333333333,20.998864926220204,24.290578887627696,42.45175936435868,82.06583427922814,19.772727272727273,37.9159529460324,12.656784492588368,47.85772620260225
6531,愛普*,半導體,863.0,-1.145475372279492,2363740247.45,True,63.726708074534166,34.80845442536328,59.48,2026-06-01,False,47.32824427480916,0.5827505827505828,0.041264010870284355,72.52100840336134,-21.086666666666666,48.240635641316686,56.8671963677639,65.49375709421112,45.51645856980704,9.090909090909092,45.04179135280157,79.93158494868872,54.20537069801213
2464,盟立,電子設備,178.0,-4.3010752688172005,2350449328.275,True,99.502796768179,2.3778071334214,43.05,2026-06-01,False,2.5974025974025974,27.142857142857142,0.07270431002453472,89.44723618090453,10.726666666666667,1.5891032917139614,95.57321225879683,76.27695800227015,83.20090805902383,69.43181818181819,65.2143999587246,69.66932725199544,39.721531585984096
3491,昇達科,通信網路,1250.0,-6.015037593984962,2301787297.9,True,91.78378378378378,11.030383091149274,89.38,2026-06-01,False,21.568627450980394,5.485232067510549,0.0010428453735135887,56.81818181818182,12.510000000000005,21.62315550510783,73.32576617480136,48.12712826333711,10.21566401816118,72.72727272727273,45.20379733773605,88.82554161915621,36.834648741905966
3034,聯詠,半導體,505.0,-0.7858546168958758,2183799231.35,True,79.4165316045381,22.5891677675033,18.96,2026-06-01,False,30.53435114503817,6.092436974789916,0.1596012593961369,89.0652557319224,9.136666666666668,30.30646992054484,74.80136208853575,91.37343927355278,82.29284903518729,65.3409090909091,68.82300588174596,43.21550741163056,45.25336606970673
2891,中信金,金融控股,66.5,1.371951219512213,2162422350.0000005,True,94.9216639654241,7.5297225891677675,-17.9,2026-06-01,False,23.076923076923077,6.060606060606056,0.12538506541321903,91.85082872928176,-499.2299999999999,23.098751418842227,74.57434733257662,86.2656072644722,87.40068104426788,1.1363636363636365,54.49515013930452,4.104903078677309,35.007497052302696
2404,漢唐,電子設備,1115.0,-3.463203463203468,2108478057.75,True,83.19827120475418,18.758256274768826,50.9,2026-06-01,False,33.76623376623377,-3.0434782608695654,-0.04594336352086423,80.50541516245488,-28.48000000000001,34.50624290578887,38.138479001135074,24.858115777525537,62.315550510783204,6.704545454545455,33.30458672995563,75.8266818700114,58.6274990713621
4991,環宇-KY,半導體,485.0,-0.6147540983606592,2100494423.925,True,80.93883357041251,20.805812417437252,55.06,2026-06-01,False,28.24427480916031,26.797385620915033,-0.03764486182710057,55.74712643678161,-4.056666666666665,28.490351872871738,95.45970488081726,28.490351872871738,9.194097616345061,25.795454545454543,37.485992157672065,77.99315849486888,30.054475775817107
5351,鈺創,半導體,122.0,-9.963099630996307,2093052507.375,True,48.06517311608962,46.961690885072656,657.48,2026-06-01,False,61.06870229007634,37.23284589426321,0.10674760033130705,90.03690036900369,97.47333333333336,62.6560726447219,97.72985244040862,83.42792281498296,84.22247446083996,97.5,85.10726447219068,99.0877993158495,62.05912349525068
2882,國泰金,金融控股,99.2,1.1213047910295648,2070679760.9150002,True,81.90167477039438,20.079260237780712,-42.04,2026-06-01,False,69.23076923076923,3.549060542797501,0.10537296400933123,85.88744588744589,-122.87666666666667,70.99886492622021,67.65039727582293,83.20090805902383,76.39046538024972,1.5909090909090908,59.96630894644515,1.4823261117445838,45.3053147855979
2049,上銀,機械,368.0,-3.5386631716906924,2062152135.125,True,79.30848190167477,22.820343461030383,31.62,2026-06-01,False,9.090909090909092,20.655737704918035,0.10165572383268903,89.86568986568987,4.793333333333333,7.888762769580023,91.94097616345063,82.86038592508514,83.99545970488082,52.61363636363636,63.859844185326594,59.064994298745724,39.752060152438986
2887,台新新光金,金融控股,36.9,-0.6729475100942128,2027239517.6974998,True,92.76066990815775,9.973579920739763,329.5,2026-06-01,False,38.46153846153847,6.340057636887596,0.13958257738161367,97.74834437086092,-110.59999999999997,39.38706015891033,75.48240635641316,89.21679909194098,96.25425652667423,1.8181818181818181,60.4317407904241,97.83352337514253,64.49810842607849
8069,元太,光電及I/O,157.5,-3.076923076923077,1993054627.95,True,22.25823878984333,67.50330250990753,-0.62,2026-06-01,False,68.0,-18.393782383419687,-0.14406075676751645,58.011049723756905,3.4466666666666663,69.97729852440409,3.1782065834279227,5.334846765039727,11.804767309875142,47.840909090909086,27.627205654731192,16.020524515393387,48.656095941561176
8021,尖點,印刷電路板,408.5,-4.556074766355145,1982840298.0,True,90.38701622971286,11.955085865257596,90.11,2026-06-01,False,32.55813953488372,7.35873850197109,-0.008395720884374234,70.30981067125646,10.25,32.69012485811578,77.75255391600454,43.35981838819523,39.046538024971625,68.18181818181817,52.20617067382106,88.93956670467503,45.730918917939476
2412,中華電,通信網路,137.0,0.7352941176470562,1967484824.225,True,83.63047001620745,18.428005284015853,11.4,2026-06-01,False,33.33333333333333,-1.4388489208633095,0.21076092347447786,93.51535836177474,3.2666666666666675,33.82519863791146,46.31101021566402,96.7082860385925,90.91940976163451,46.93181818181818,62.93914456712413,31.584948688711517,52.50463671814837
8112,至上,電子通路,90.3,-3.4224598930481354,1930059867.1150002,True,10.372771474878444,78.5336856010568,231.17,2026-06-01,False,84.31372549019608,4.756380510440829,0.12103368675345025,89.8507462686567,51.06666666666666,85.81157775255392,71.16912599318955,85.92508513053349,83.88195232690124,95.0,84.35754824063564,96.69327251995439,73.804419151555
6414,樺漢,電腦及週邊,389.5,-6.706586826347305,1927451815.175,True,47.64991896272285,47.42404227212681,56.97,2026-06-01,False,43.103448275862064,-12.570145903479238,-0.006245084857034988,77.43538767395626,18.843333333333334,43.4733257661748,9.080590238365494,45.17593643586833,56.41316685584563,82.04545454545455,47.23769476834176,78.44925883694413,67.31379030514978
6415,矽力*-KY,半導體,445.5,-1.764057331863289,1923874782.55,True,55.645596974608324,41.41347424042272,37.77,2026-06-01,False,54.19847328244275,-3.4669555796316356,0.024570759860021565,66.1961367013373,5.270000000000003,55.73212258796821,35.98183881952327,58.683314415437,28.717366628830877,53.63636363636364,46.550201217624604,66.24857468643101,53.679056270926715
8271,宇瞻,半導體,223.0,-2.1929824561403466,1903195169.55,True,0.3241491085899514,91.94187582562748,200.65,2026-06-01,False,95.80152671755725,16.449086161879894,0.018010292833280452,85.6046065259117,-61.316666666666634,95.9704880817253,90.01135073779795,55.50510783200908,75.7094211123723,3.0681818181818183,64.05290991641729,95.78107183580387,69.36240757302588
2885,元大金,金融控股,64.0,-6.295754026354317,1831711824.845,True,97.19070772555376,4.425363276089828,,2026-06-01,False,15.384615384615385,4.404567699836873,0.0734487636156956,89.5104895104895,487.2633333333334,14.301929625425652,69.80703745743473,76.61748013620885,83.54143019296254,99.31818181818181,68.71721184604272,,42.678774120317826
2886,兆豐金,金融控股,46.9,0.6437768240343367,1816671121.3025002,True,76.44516477579687,24.570673712021136,1.53,2026-06-01,False,76.92307692307693,-3.4979423868312813,0.07741861901917634,88.32391713747646,-28.51,78.66061293984109,35.754824063564136,78.20658342792282,80.47673098751419,6.59090909090909,55.93793210195027,17.67388825541619,60.264102029801826
2618,長榮航,空運,41.9,0.23923444976077235,1806915307.4899998,True,32.131147540983605,59.5112285336856,26.58,2026-06-01,False,59.383378016085786,-0.9456264775413679,0.26960165843535233,93.31848552338529,4.053333333333331,60.38592508513053,48.694665153234965,98.75141884222475,90.46538024971623,49.77272727272727,69.61402332060675,52.451539338654506,63.65204488006658
6285,啟碁,通信網路,236.0,-2.8806584362139898,1784533004.125,True,93.19286871961103,9.28005284015852,84.37,2026-06-01,False,17.647058823529413,-3.6734693877551026,0.010970155912567774,73.98119122257053,39.42333333333334,17.65039727582293,34.846765039727586,52.32690124858116,49.03518728717366,93.06818181818181,49.385486533897435,87.79931584948689,54.909533843188974
6173,信昌電,電子零組件,194.5,-7.81990521327014,1727644415.55,True,96.27228525121556,5.614266842800529,29.08,2026-06-01,False,10.596026490066226,11.142857142857142,-0.06478225989788598,55.49215406562055,4.056666666666668,9.648127128263337,84.90351872871736,17.93416572077185,8.853575482406356,49.88636363636363,34.245150139304506,55.872291904218926,22.367618946542816
3044,健鼎,印刷電路板,488.5,1.1387163561076497,1704065624.95,True,96.54240950837385,5.085865257595773,41.97,2026-06-01,False,18.6046511627907,20.7663782447466,-0.03716651680265518,85.25305410122164,2.8233333333333306,18.501702610669692,92.05448354143019,28.830874006810443,75.14188422247446,45.68181818181819,52.042152512640584,68.98517673888256,42.64357000764913
5328,華容,電子零組件,62.5,-3.9938556067588227,1656368937.4699998,True,77.9430789133247,23.778071334214,63.54,2026-06-01,False,37.086092715231786,3.6484245439469367,-0.015122818832699688,75.8495145631068,30.199999999999996,38.02497162315551,67.87741203178207,39.61407491486947,51.87287173666289,90.3409090909091,57.54604787947581,81.64196123147093,50.91559813987682
2486,一詮,電子零組件,235.0,-1.2605042016806678,1656034422.25,True,62.95081967213115,35.667107001321,35.04,2026-06-01,False,56.95364238410596,7.551487414187644,0.03154708222905645,76.54723127035831,5.850000000000001,58.910329171396135,78.20658342792282,61.861520998864926,53.34846765039728,56.25,61.71538024971623,63.283922462941845,49.33403396420311
8210,勤誠,電子零組件,1025.0,1.4851485148514865,1644205869.4,True,75.95894111291194,24.76882430647292,98.03,2026-06-01,False,39.0728476821192,-12.017167381974248,-0.07886033161525331,65.91639871382637,51.373333333333335,40.06810442678774,9.988649262202042,13.734392735527809,28.37684449489217,95.22727272727273,37.4790527293365,89.85176738882555,62.07701676207586
1815,富喬,印刷電路板,95.3,-1.2435233160621784,1644146131.35,True,47.80388151174668,47.35799207397623,46.36,2026-06-01,False,79.06976744186046,20.32828282828282,0.06568664428641735,75.03937007874015,-3.4466666666666725,81.04426787741204,91.71396140749148,73.77979568671964,50.73779795686719,27.27272727272727,64.90971004024352,72.06385404789054,53.032989618669575
2359,所羅門,電子通路,177.5,1.4285714285714235,1627462139.425,True,55.76470588235294,41.34742404227213,35.56,2026-06-01,False,43.13725490196079,28.158844765342963,0.06854895573708757,100.0,-5.473333333333329,43.58683314415437,96.0272417707151,74.91486946651533,98.86492622020431,22.613636363636363,67.2015013930451,63.968072976054735,52.59814764242458
2892,第一金,金融控股,33.7,0.8982035928143839,1608482124.0575,True,86.11561318206374,16.248348745046233,9.73,2026-06-01,False,53.84615384615385,-2.1770682148040637,0.02410650221975214,91.70068027210885,-19.740000000000002,55.39160045402951,41.99772985244041,58.456299659477864,87.28717366628831,9.886363636363637,50.60383345371994,29.304446978335235,57.49637281155316
3441,聯一光,消費性電子,86.2,-1.3729977116704872,1579404886.85,True,49.82104509663564,45.77278731836196,73.63,2026-06-01,False,47.368421052631575,35.32182103610675,-0.003499599939273029,92.88793103448276,18.72333333333333,48.467650397275825,97.50283768444949,46.19750283768445,89.67082860385925,81.5909090909091,72.68594572283561,85.74686431014823,56.59562640670845
3264,欣銓,半導體,210.5,-3.8812785388127824,1578782622.875,True,94.0032414910859,8.45442536327609,36.56,2026-06-01,False,13.740458015267176,0.2380952380952381,-0.027325045239721568,81.90661478599222,4.123333333333335,12.826333711691259,54.48354143019296,33.257661748013625,66.2883087400681,50.11363636363636,43.39389639872046,64.99429874572405,47.40634994182262
3406,玉晶光,消費性電子,685.0,1.3313609467455523,1546786681.2,True,58.995137763371154,38.474240422721266,4.51,2026-06-01,False,42.10526315789473,29.001883239171374,0.026675675541820015,88.50129198966408,-15.343333333333332,42.508513053348466,96.25425652667423,59.59137343927355,81.04426787741204,12.15909090909091,58.31150036115984,21.664766248574686,37.24082266316524
3090,日電貿,電子通路,161.5,-2.7108433734939763,1542875017.725,True,94.48946515397083,8.058124174372523,32.37,2026-06-01,False,7.8431372549019605,-7.977207977207977,-0.10430997108615594,47.5,5.533333333333335,6.526674233825198,19.523269012485812,9.988649262202042,2.9511918274687856,55.45454545454545,18.88886595810546,60.091220068415055,37.51145427930581
2615,萬海,海運,105.0,5.421686746987953,1533222187.28,True,43.302540415704385,51.32100396301189,32.7,2026-06-01,False,45.45454545454545,23.239436619718308,0.23759619593027592,100.0,9.816666666666666,46.25425652667423,93.75709421112373,97.50283768444949,98.86492622020431,67.5,80.77582292849036,60.4903078677309,52.96309910087143
2484,希華,電子零組件,71.9,-4.133333333333322,1518851650.025,True,94.86763911399244,7.694848084544254,-1.4,2026-06-01,False,13.90728476821192,0.5594405594405674,0.0014908119590030652,74.5850622406639,-2.5166666666666666,13.053348467650396,56.29965947786606,48.467650397275825,49.82973893303065,29.772727272727273,39.48462490971004,14.481185860889395,30.266153445926097
1590,亞德客-KY,機械,1480.0,1.0238907849829282,1501039462.5,True,69.6380334954079,30.250990752972257,44.88,2026-06-01,False,33.33333333333333,8.823529411764707,-0.017140294223696336,92.78996865203762,8.046666666666667,33.82519863791146,81.4982973893303,38.592508513053346,89.33030646992054,63.29545454545455,61.30835311113403,71.26567844925884,53.230721541940135
4938,和碩,電腦及週邊,91.0,0.7751937984496138,1499438817.4450002,True,89.57320367368989,12.84676354029062,15.89,2026-06-01,False,5.172413793103448,9.90338164251208,0.21020651642302313,92.38578680203045,11.676666666666666,3.745743473325766,83.65493757094211,96.59477866061293,88.7627695800227,71.30681818181817,68.81300949334434,38.42645381984037,36.82000732556168
2884,玉山金,金融控股,38.1,0.9271523178808083,1495493529.2549999,True,40.95083738519719,52.97225891677675,25.3,2026-06-01,False,100.0,3.1123139377537172,0.05348091098072387,98.57697283311772,-7.326666666666664,99.31895573212259,65.9477866061294,70.14755959137344,97.27582292849036,18.863636363636363,70.31075224435043,50.62713797035347,70.31853250620925
8033,雷虎,無人載具,186.0,-2.872062663185382,1479614477.9,True,68.54990583804144,31.109643328929987,19.63,2026-06-01,False,31.16621983914209,-13.084112149532709,-0.07241169464509094,69.01669758812616,14.129999999999999,30.98751418842225,8.51305334846765,15.209988649262202,35.8683314415437,75.11363636363636,33.13850479826643,44.127708095781074,50.61762509431985
3131,弘塑,電子設備,2465.0,-1.4000000000000012,1469701981.5,True,73.68989735278228,26.618229854689563,15.21,2026-06-01,False,48.05194805194805,-17.558528428093645,-0.09867192963387375,63.124199743918055,9.203333333333333,49.148694665153236,3.745743473325766,11.01021566401816,21.112372304199774,65.79545454545455,30.16249613043029,37.172177879133415,50.92187534379016
1802,台玻,玻璃陶瓷,56.5,-3.911564625850339,1429314125.6350002,True,63.56413166855845,35.006605019815055,27.0,2026-06-01,False,50.0,4.436229205175598,0.0016612593185953298,73.75979112271541,9.943333333333332,51.475595913734395,70.14755959137344,48.694665153234965,48.467650397275825,67.61363636363636,57.279821483850995,53.81984036488028,45.903881771129264
2883,凱基金,金融控股,30.95,-1.4331210191082744,1413412931.89,True,94.38141545110751,8.256274768824307,,2026-06-01,False,30.76923076923077,4.208754208754209,0.23464289341380312,97.78830963665087,-55.833333333333314,30.533484676503974,69.46651532349603,97.38933030646993,96.3677639046538,3.6363636363636362,59.47869156949747,,52.47824441922058
1216,統一,飲料乳品,76.2,1.3297872340425565,1403444757.4799998,True,8.373851971907078,80.11889035667107,4.6,2026-06-01,False,100.0,-4.271356783919587,0.31664082322056125,94.65838509316771,1.4133333333333336,99.31895573212259,33.37116912599319,99.6594778660613,92.50851305334847,39.77272727272727,72.92616861005055,21.892816419612316,70.08727901977255
3702,大聯大,電子通路,106.5,-4.054054054054057,1373673483.35,True,21.231766612641813,68.75825627476883,131.85,2026-06-01,False,72.54901960784314,-4.484304932735426,-0.045528872414579764,81.92307692307692,47.349999999999994,74.12031782065834,32.576617480136214,25.425652667423382,66.40181611804768,94.6590909090909,58.636698999071314,93.27251995438996,75.30450910323995
8261,富鼎,半導體,186.5,-4.6035805626598485,1369674760.975,True,78.71420853592652,23.381770145310433,16.09,2026-06-01,False,32.06106870229007,-23.408624229979466,-0.028180372732093575,52.98295454545454,8.59,32.349602724177075,1.2485811577752552,32.349602724177075,6.583427922814983,64.6590909090909,27.43806108760706,39.45267958950969,44.284282269681626
6510,精測,半導體,2765.0,-3.993055555555558,1352365404.0,True,73.90599675850892,26.28797886393659,40.19,2026-06-01,False,33.587786259541986,4.536862003780719,-0.09975195166405672,65.83333333333333,5.356666666666662,34.39273552780931,70.48808172531214,10.783200908059024,28.093076049943242,54.20454545454545,39.59232793313383,67.61687571265679,39.903651391274295
2890,永豐金,金融控股,39.6,0.0,1338098007.4199998,True,98.48730415991356,3.4346103038309117,50.94,2026-06-01,False,7.6923076923076925,-1.4925373134328392,0.16055900922544822,94.51073985680192,-22.723333333333343,6.242905788876277,46.08399545970488,91.48694665153235,91.71396140749148,8.295454545454547,48.7646527706119,75.94070695553022,56.95339467304827
2880,華南金,金融控股,39.7,1.2755102040816313,1332635369.2824998,True,84.98109130199893,17.437252311756936,,2026-06-01,False,61.53846153846154,-2.6960784313725354,0.022047610532222362,89.41441441441442,17.623333333333335,62.99659477866061,39.95459704880817,58.002270147559585,83.08740068104427,80.3409090909091,64.87635434939634,,68.7097994702989
3293,鈊象,資訊服務,742.0,1.5047879616963078,1275919390.4,True,47.10967044840626,48.11756935270806,17.18,2026-06-01,False,21.73913043478261,3.3426183844011144,0.2287368479705786,88.01897983392647,2.553333333333333,21.85017026106697,67.19636776390465,97.16231555051078,79.90919409761634,44.77272727272727,62.17815498916521,41.04903078677309,43.903006845387935
3045,台灣大,通信網路,111.0,0.0,1274117109.875,True,0.37817396002160997,91.44649933949802,6.57,2026-06-01,False,94.11764705882352,-0.8928571428571428,0.1799305971975523,92.11618257261411,2.4833333333333334,94.43813847900114,49.148694665153236,94.09761634506243,88.30874006810443,44.43181818181819,74.08500154782789,24.857468643101484,64.61391313126346
4967,十銓,半導體,252.0,-4.36432637571158,1264915773.275,True,0.0,98.11756935270806,35.0,2026-06-01,False,98.47328244274809,17.75700934579439,0.02784240391313664,82.75862068965517,-40.39999999999999,98.01362088535754,90.46538024971623,60.04540295119183,69.2395005675369,4.545454545454546,64.4618718398514,63.169897377423034,59.9894096451503
5371,中光電,光電及I/O,86.3,-3.3594624860022404,1256330573.9450002,True,99.56780118854674,2.2457067371202113,-11.35,2026-06-01,False,6.666666666666667,-3.575418994413411,0.03395880564418712,65.87786259541984,-15.18,5.391600454029512,35.187287173666284,62.88308740068105,28.263337116912602,12.272727272727273,28.799607883603347,6.100342075256556,26.1419981181331
2609,陽明,海運,56.2,2.7422303473491727,1251600104.6100001,True,78.4692417739628,23.447820343461032,20.18,2026-06-01,False,18.181818181818183,10.412573673870343,0.16176888246753166,85.15151515151516,1.4199999999999982,18.047673098751417,84.33598183881952,91.82746878547105,74.80136208853575,39.88636363636363,61.77976988958827,44.925883694412775,38.3597342607201
4931,新盛力,電子零組件,259.5,-3.710575139146566,1208964475.275,True,77.26666666666667,24.30647291941876,145.09,2026-06-01,False,37.74834437086093,24.16267942583732,0.07353578832129253,92.84436493738819,4.719999999999999,38.819523269012485,94.21112372304201,76.73098751418841,89.55732122587968,52.38636363636363,70.34106387369724,94.07069555302166,57.05910408121795
1605,華新,電纜,37.1,-3.6363636363636376,1203218403.5874999,True,46.78552133981631,48.48084544253633,29.34,2026-06-01,False,27.27272727272727,12.594840667678294,0.18442330624638398,83.74717832957111,19.866666666666667,27.128263337116916,86.83314415437003,94.5516458569807,71.28263337116913,83.52272727272727,72.6636827984728,56.10034207525656,41.91952365729314
3605,宏致,電子零組件,121.0,-7.984790874524716,1197175858.375,True,90.60272197018794,11.756935270805812,29.81,2026-06-01,False,18.543046357615893,43.364928909952596,0.098371010755535,91.66666666666666,9.256666666666668,18.388195232690123,98.97843359818388,81.83881952326901,87.17366628830874,66.02272727272728,70.48036838303581,56.89851767388826,40.8704863991758
3706,神達,電腦及週邊,90.6,-1.6286644951140072,1181416782.045,True,68.0713128038898,31.505944517833555,80.93,2026-06-01,False,29.310344827586203,-0.7667031763417337,0.1641845286459128,84.67289719626167,26.89666666666667,29.284903518728715,49.94324631101021,92.16799091940976,73.8933030646992,88.75,66.80788876276958,87.51425313568986,60.18730335202689
2027,大成鋼,基本金屬,49.7,-0.5999999999999894,1149207975.3449998,True,32.07660083782166,59.643328929986794,43.73,2026-06-01,False,63.41463414634146,20.77764277035238,0.20003688442456682,98.61111111111111,2.4199999999999946,64.69920544835415,92.16799091940976,95.80022701475596,97.38933030646993,44.20454545454545,78.85225982870705,70.01140250855188,59.98298683599155
6257,矽格,半導體,199.5,-4.086538461538458,1142217712.85,True,93.67909238249594,8.784676354029063,21.0,2026-06-01,False,14.50381679389313,-7.638888888888889,-0.09986874599063102,73.07692307692307,-2.083333333333332,13.62088535754824,20.885357548240634,10.669693530079455,46.19750283768445,30.909090909090907,24.456506036528737,46.06613454960091,46.24979129914824
6271,同欣電,半導體,195.0,-1.5151515151515138,1139380779.275,True,60.72393300918423,37.18626155878468,10.56,2026-06-01,False,51.14503816793893,-2.7431421446384037,-0.04856479260960576,67.82608695652173,4.19,53.00794551645856,39.38706015891033,23.83654937570942,33.257661748013625,50.45454545454545,39.988752450727475,30.33067274800456,44.302304963391606
4939,亞電,印刷電路板,60.1,-0.4966887417218513,1129690402.535,True,84.61538461538461,17.635402906208718,44.18,2026-06-01,False,48.837209302325576,-17.445054945054938,-0.005011190885982156,82.55494505494507,19.54,49.94324631101021,3.859250851305335,45.51645856980704,68.89897843359817,82.95454545454545,50.234495924053235,70.58152793614595,71.39112545736225
5904,寶雅,百貨批發,78.7,2.8758169934640643,1107923181.885,True,57.59219088937093,39.69616908850727,8.35,2026-06-01,False,10.0,-89.06944444444443,-0.24437581683648255,10.67842605156038,-6.406666666666668,9.194097616345061,0.11350737797956867,1.0215664018161181,0.22701475595913734,20.0,6.1112372304199765,27.594070695553018,34.22541892246941
3167,大量,電子設備,770.0,10.000000000000009,1100146456.15,True,78.79672897196261,23.31571994715984,139.66,2026-06-01,False,41.55844155844156,5.6241426611796985,-0.05325745158975135,80.96740273396425,14.940000000000012,41.99772985244041,73.77979568671964,21.56640181611805,63.45062429057889,76.70454545454545,55.499819420080485,93.5005701254276,56.29228214543181
5269,祥碩,半導體,1360.0,-1.8050541516245522,1088746333.5,True,1.5667206915180982,87.45046235138706,-22.41,2026-06-01,False,92.36641221374046,-3.546099290780142,0.05968023777630908,78.38616714697406,-2.623333333333335,93.30306469920545,35.527809307605,72.19069239500567,58.342792281498305,29.318181818181817,57.73650810029925,3.0786773090079818,54.79918124552669
1560,中砂,半導體,708.0,-4.582210242587603,1070477853.85,True,95.67801188546731,6.340819022457067,16.39,2026-06-01,False,8.396946564885496,4.733727810650888,-0.04325744008423942,92.06762028608583,-1.2733333333333334,7.264472190692395,71.05561861521,26.333711691259932,88.08172531214528,32.5,45.04710556186152,40.022805017103764,41.07834597618286
5536,聖暉*,電子設備,889.0,-2.0925110132158586,1065475325.2,True,84.76499189627229,17.536327608982827,24.9,2026-06-01,False,29.87012987012987,-25.294117647058822,-0.10287602521361373,61.951219512195124,2.2766666666666637,29.852440408626563,0.9080590238365494,10.102156640181612,19.069239500567537,43.63636363636363,20.71365184191518,50.0570125427594,49.517658357029234
5475,德宏,印刷電路板,182.5,7.98816568047338,1042956472.7,True,86.93877551020408,15.389696169088507,160.08,2026-06-01,False,41.86046511627907,24.573378839590443,-0.05313890067340796,45.625,-5.1299999999999955,42.22474460839955,94.66515323496027,21.679909194097615,2.2701475595913734,23.125,36.79299091940976,94.64082098061574,36.1176399784116
4904,遠傳,通信網路,101.5,0.995024875621886,1005321746.725,True,44.94867639113993,49.735799207397626,15.9,2026-06-01,False,58.82352941176471,-0.49019607843137253,0.2856193882068862,90.22222222222223,2.243333333333334,60.10215664018161,51.0783200908059,99.20544835414302,84.67650397275823,43.52272727272727,67.7170312661232,38.54047890535918,58.060204856873284
6672,騰輝電子-KY,印刷電路板,288.0,1.7667844522968101,972833327.75,True,98.3212087297146,3.6988110964332894,68.12,2026-06-01,False,13.953488372093023,25.49019607843137,-0.0019995331290940817,91.42857142857143,21.439999999999998,13.166855845629966,95.00567536889898,46.99205448354143,86.71963677639046,84.77272727272728,65.33138994943764,83.69441277080958,47.14380750598276
2610,華航,空運,20.1,-0.7407407407407307,969524860.2999998,True,24.03486924034869,65.71994715984147,28.82,2026-06-01,False,65.61662198391421,-6.293706293706284,-0.010683916758177809,83.05785123966943,4.473333333333336,67.08286038592507,25.08513053348468,41.6572077185017,69.9205448354143,51.70454545454546,51.090057785574245,55.75826681870011,66.9191353766387
1717,長興,樹脂,70.5,-1.810584958217265,968990219.64,True,92.59859535386278,10.23778071334214,16.21,2026-06-01,False,7.142857142857142,11.5506329113924,0.06774717780724329,82.55269320843091,1.5166666666666675,5.902383654937571,86.03859250851306,74.80136208853575,68.78547105561861,40.45454545454545,55.19647095243009,39.56670467502851,32.05399171926791
1519,華城,電機製品,714.0,-0.8333333333333304,962260885.5,True,73.38888888888889,27.212681638044916,-25.78,2026-06-01,False,27.27272727272727,3.1791907514450863,0.001503738204274216,66.11111111111111,-16.203333333333333,27.128263337116916,66.2883087400681,48.58115777525539,28.603859250851304,11.818181818181818,36.48395418429471,2.7366020524515395,23.045103975087915
3035,智原,半導體,170.5,-3.672316384180796,940916003.775,True,91.62614802809293,11.162483487450462,26.57,2026-06-01,False,19.083969465648856,-12.339331619537274,0.006967595290167542,73.17596566523605,47.11,18.955732122587968,9.307604994324631,50.73779795686719,46.424517593643586,94.31818181818183,43.94876689712104,52.33751425313569,52.10253974376065
6781,AES-KY,電子零組件,1060.0,-3.1963470319634757,929072546.7,True,33.48519362186788,58.58652575957728,25.58,2026-06-01,False,78.1456953642384,9.39112487100103,0.16763561145752376,70.66666666666667,4.579999999999998,79.56867196367764,82.51986379114642,92.50851305334847,40.18161180476731,51.81818181818182,69.31936848622433,50.8551881413911,47.0214020296724
2426,鼎元,光電及I/O,67.1,-8.333333333333348,923268436.0350001,True,99.74789915966386,1.3870541611624834,19.41,2026-06-01,False,5.333333333333334,22.445255474452548,-0.007755373732036273,70.85533262935584,15.116666666666667,4.313280363223609,93.30306469920545,43.70034052213394,41.08967082860386,77.04545454545455,51.890362191724286,43.899657924743444,23.999886104341368
2472,立隆電,電子零組件,228.5,-5.186721991701249,914404241.2,True,96.16423554835224,5.878467635402906,36.2,2026-06-01,False,11.258278145695364,-16.3003663003663,-0.022392465898490005,50.3858875413451,9.306666666666668,10.556186152099887,4.540295119182747,35.07377979568672,4.540295119182747,66.25,24.19211123723042,64.4811858608894,43.759343003247324
8043,蜜望實,電子通路,138.5,-4.810996563573888,899381432.925,True,60.264900662251655,37.58256274768824,48.37,2026-06-01,False,37.254901960784316,-2.1201413427561837,-0.017745199971268107,61.147902869757175,3.4566666666666634,38.30874006810443,42.33825198637911,37.57094211123723,17.707150964812712,47.95454545454545,36.775926117015786,73.83124287343216,46.87722047999255
5871,中租-KY,租賃,109.5,0.9216589861751112,891866525.55,True,20.043219881145326,69.84808454425362,-0.82,2026-06-01,False,69.80563002680965,-11.336032388663968,0.08227197663099904,88.66396761133603,0.31000000000000016,71.62315550510783,11.350737797956867,79.11464245175937,81.61180476730988,36.59090909090909,56.05824992260862,15.279361459521096,64.29089598349549
2478,大毅,電子零組件,122.5,-2.0000000000000018,888077420.43,True,95.13776337115073,7.232496697490093,35.76,2026-06-01,False,13.245033112582782,-10.256410256410255,-0.07899180000365337,50.6198347107438,14.489999999999998,12.372304199772985,13.62088535754824,13.62088535754824,4.880817253121453,75.79545454545455,24.05806934268909,64.08209806157355,41.92858353922993
7734,印能科技,電子設備,2945.0,-4.071661237785018,883508284.5,True,73.40720221606648,27.14663143989432,-6.43,2026-06-01,False,50.649350649350644,-5.457463884430177,-0.03723652659067103,67.31428571428572,-69.60666666666667,52.32690124858116,29.05788876276958,28.717366628830877,31.441543700340524,2.727272727272727,28.854194613558967,9.464082098061574,41.04365957105342
8028,昇陽半導體,半導體,248.5,-6.226415094339622,861535267.525,True,67.85521339816314,31.803170409511228,33.62,2026-06-01,False,42.74809160305343,-18.524590163934427,-0.12496754694785529,69.7054698457223,-3.3133333333333397,42.90578887627696,3.064699205448354,7.037457434733257,37.684449489216796,27.727272727272727,23.683933546589618,61.91562143671607,59.86029014919038
2441,超豐,半導體,114.5,-3.7815126050420145,853739778.6850001,True,94.59751485683414,7.926023778071334,33.15,2026-06-01,False,12.213740458015266,-8.032128514056225,0.0014309710711030192,78.96551724137932,10.73,11.464245175936435,18.842224744608398,48.35414301929625,59.59137343927355,69.54545454545455,41.55948818491383,61.23147092360319,53.36121619855119
2354,鴻準,電子零組件,59.9,-2.9173419773095732,850513480.4100001,True,83.73851971907077,18.361955085865258,10.66,2026-06-01,False,31.125827814569533,8.51449275362318,0.1313615094500347,81.83060109289617,37.10666666666667,30.87400681044268,80.70374574347332,87.40068104426788,66.06129398410897,92.61363636363636,71.53067278918584,30.558722919042193,36.697569492530135
2493,揚博,電子設備,181.5,-5.46875,826375930.3,True,96.70448406266883,4.953764861294584,32.06,2026-06-01,False,5.194805194805195,-23.89937106918239,-0.058260829077496655,55.932203389830505,14.10666666666667,3.859250851305335,1.1350737797956867,20.204313280363223,9.421112372304199,75.0,21.92395005675369,59.692132269099204,42.959355428228264
5425,台半,電子零組件,91.5,1.7797552836484876,820964158.71,True,83.14424635332253,18.82430647291942,9.46,2026-06-01,False,31.788079470198678,2.2346368715083798,-0.01947479116004594,63.541666666666664,1.5066666666666677,32.00908059023836,63.11010215664018,36.095346197502835,22.02043132803632,40.22727272727273,38.69244659993809,28.96237172177879,29.970445370853323
1785,光洋科,資源回收,100.0,-4.761904761904767,820854557.67,True,13.50621285791464,75.62747688243064,70.84,2026-06-01,False,60.86956521739131,-6.976744186046512,0.02085181434676417,54.054054054054056,-0.9566666666666634,62.42905788876277,22.304199772985246,56.980703745743476,7.832009080590238,33.63636363636363,36.63646682488907,84.60661345496008,58.140870162831966
2801,彰銀,本國銀行,23.9,0.6315789473684053,818456857.6724999,True,35.332252836304704,57.66182298546896,9.51,2026-06-01,False,100.0,-1.6460905349794326,-0.12248287933179845,94.09448818897637,-4.789999999999999,99.31895573212259,44.38138479001135,7.604994324631101,91.60045402951191,24.204545454545453,53.422066866164485,29.076396807297606,68.90360544473019
6830,汎銓,檢測驗證,431.5,-1.258581235697942,802142574.35,True,99.72027972027972,1.5191545574636725,10.36,2026-06-01,False,16.666666666666664,24.53102453102453,-0.03196443798202269,44.256410256410255,-6.313333333333333,16.23155505107832,94.5516458569807,30.760499432463114,1.9296254256526675,20.34090909090909,32.76284697141678,30.216647662485745,13.456545570559008
2645,長榮航太,機車船製造,180.0,-1.098901098901095,795736217.625,True,45.92326139088729,49.207397622192865,13.01,2026-06-01,False,41.66666666666667,-16.27906976744186,-0.13766034074227385,71.57057654075547,1.2100000000000009,42.11123723041998,4.6538024971623155,5.902383654937571,43.35981838819523,39.31818181818182,27.069084717779383,34.20752565564425,53.756194694274285
6166,凌華,電腦及週邊,122.5,-4.296875,783199757.95,True,14.664410603496897,74.37252311756936,25.89,2026-06-01,False,81.03448275862068,-7.196969696969697,-0.006656143853229752,73.57357357357357,-30.279999999999994,83.08740068104427,21.56640181611805,44.835414301929625,47.67309875141884,6.0227272727272725,40.637008564647616,51.539338654503986,65.18335906771226
2912,統一超,百貨批發,215.0,0.9389671361502261,772106883.425,True,2.106969205834684,86.32760898282696,6.31,2026-06-01,False,85.0,-11.522633744855968,0.0306253245602709,83.49514563106796,0.8233333333333341,86.49262202043133,11.01021566401816,61.29398410896708,70.71509648127127,38.29545454545455,53.56147456402848,23.945267958950968,67.53569269915884
2467,志聖,電子設備,564.0,-4.081632653061229,771950314.4,True,92.81469475958941,9.841479524438574,94.08,2026-06-01,False,16.883116883116884,6.415094339622642,0.05276478503452222,84.4311377245509,8.876666666666665,16.685584562996596,75.59591373439274,69.80703745743473,72.98524404086265,65.11363636363636,60.03748323186462,89.39566704675028,50.86764547905419
7750,新代,機械,2490.0,3.534303534303529,767343935.75,True,52.488687782805435,43.52708058124175,151.4,2026-06-01,False,63.63636363636363,22.660098522167488,0.04474394159048877,81.10749185667753,39.890000000000015,64.98297389330307,93.53007945516458,67.19636776390465,63.90465380249716,93.29545454545455,76.5819058920648,94.2987457240593,57.41407349117374
6196,帆宣,電子設備,503.0,-1.5655577299412915,750898401.05,True,76.9313884386818,24.372523117569354,120.99,2026-06-01,False,44.15584415584416,-6.851851851851852,0.06506308065936788,85.2542372881356,43.58333333333333,44.26787741203178,23.15550510783201,73.55278093076049,75.25539160045402,93.75,61.99631101021566,92.47434435575826,72.21052706510301
2353,宏碁,電腦及週邊,30.55,-2.861685214626386,749706849.5400001,True,37.93290043290043,54.95376486129459,-3.02,2026-06-01,False,53.44827586206896,1.1589403973509982,0.06743984809550584,70.39170506912443,-36.976666666666674,55.164585698070375,59.59137343927355,74.6878547105562,39.16004540295119,5.0,46.720771850170266,12.314709236031927,36.76199172444498
2834,臺企銀,本國銀行,16.5,1.2269938650306678,745157782.3025,True,51.917882225823874,43.85733157199472,-7.72,2026-06-01,False,55.55555555555556,-8.333333333333332,-0.1685261421363481,90.41095890410958,-14.620000000000001,57.20771850170261,17.13961407491487,3.6322360953461974,85.24404086265606,12.613636363636363,35.16744917965123,8.665906499429875,58.49451294721842
6278,台表科,印刷電路板,172.0,-1.7142857142857126,742208334.425,True,82.11777417612102,19.947159841479525,9.24,2026-06-01,False,55.81395348837209,2.9940119760479043,0.05267910520616542,69.77687626774848,4.046666666666667,57.77525539160045,65.72077185017025,69.46651532349603,37.911464245175935,49.65909090909091,56.10661954390671,28.848346636259976,39.70357360571653
2375,凱美,電子零組件,122.5,-4.296875,740654079.1,True,86.76391139924365,15.71994715984148,18.39,2026-06-01,False,25.165562913907287,-11.870503597122301,-0.029702606656024873,52.68817204301075,11.676666666666666,24.971623155505107,10.32917139614075,31.66855845629966,6.3564131668558455,71.30681818181817,28.926516871323905,42.18928164196123,40.797036642045356
5880,合庫金,金融控股,24.95,0.20080321285140812,732446898.4124999,True,51.21555915721232,44.64993394980185,-8.4,2026-06-01,False,92.3076923076923,-2.9182879377431905,0.13832735659511317,90.39855072463767,-39.89,93.18955732122588,38.592508513053346,88.87627695800226,85.1305334846765,4.659090909090909,62.089593437209786,8.209806157354619,61.98434711255091
4971,IET-KY,半導體,556.0,5.303030303030298,723137317.1,True,92.67945984363894,10.039630118890356,-6.26,2026-06-01,False,16.793893129770993,37.79429987608427,-0.04652716359461654,63.76146788990825,-12.943333333333332,16.572077185017026,98.1838819523269,24.74460839954597,22.474460839954595,13.863636363636363,35.16773294809617,9.692132269099202,12.63869708543598
8111,立碁,光電及I/O,55.5,-3.141361256544495,719491294.685,True,72.33927606699082,28.401585204755612,2.34,2026-06-01,False,38.666666666666664,18.085106382978726,-0.0064733164998599406,68.60321384425215,6.076666666666666,39.500567536889896,90.69239500567537,45.062429057888764,34.61975028376845,57.27272727272727,53.42957383138994,18.244013683010262,25.41798412449831
3413,京鼎,電子設備,288.5,-2.8619528619528656,688912434.825,True,64.77579686655862,33.883751651254954,39.75,2026-06-01,False,59.74025974025974,-13.880597014925373,-0.03576351369266205,75.52356020942408,18.826666666666668,60.726447219069236,7.264472190692395,29.625425652667424,51.53234960272418,81.93181818181819,46.21610256939429,67.38882554161916,68.09578754318004
3016,嘉晶,半導體,105.0,-1.4084507042253502,679904023.9100001,True,51.782682512733444,44.121532364597094,41.17,2026-06-01,False,56.48854961832062,3.4482758620689653,-0.025367500668265985,68.85245901639344,4.07,58.22928490351873,67.53688989784335,34.165720771850175,35.30079455164586,50.0,49.046538024971625,68.30102622576966,48.57355394577273
3583,辛耘,電子設備,702.0,-3.703703703703709,644522093.35,True,91.19394921663965,11.42668428005284,-2.67,2026-06-01,False,20.77922077922078,-6.4,0.018224276983647977,72.67080745341616,-5.876666666666667,20.771850170261068,24.74460839954597,55.618615209988654,45.85698070374574,21.363636363636363,33.671138169435565,12.770809578107183,38.66375801314201
7795,長廣,電子設備,572.0,4.18943533697631,642889844.375,True,99.28571428571429,2.7741083223249667,62.55,2026-06-01,False,3.896103896103896,37.66546329723225,-0.07330451919845078,85.88588588588588,29.019999999999996,2.4971623155505105,98.07037457434733,14.755959137343927,76.27695800227015,90.0,56.32009080590238,81.29988597491447,40.50090792959695
4749,新應材,其他化學,769.0,-2.1628498727735423,642088846.9,True,8.115183246073299,80.51519154557464,24.61,2026-06-01,False,75.0,-5.759803921568627,0.010959945274495005,65.4468085106383,17.063333333333333,76.50397275822928,27.355278093076052,52.213393870601585,27.014755959137343,79.43181818181819,52.50384377257249,49.71493728620297,56.46959697762338
6789,采鈺,半導體,433.0,-2.367531003382184,639678225.9,True,63.745019920318725,34.74240422721268,15.55,2026-06-01,False,46.56488549618321,-10.07268951194185,0.05723342759741771,70.86743044189852,5.193333333333333,47.4460839954597,13.961407491486947,71.62315550510783,41.20317820658343,53.29545454545455,45.505855948818486,38.08437856328392,53.193058318460025
2474,可成,電子零組件,204.0,0.0,636853753.1,True,68.82766072393301,30.911492734478202,-55.07,2026-06-01,False,49.00662251655629,6.806282722513089,-0.01761342663001452,79.37743190661479,-8.549999999999997,50.28376844494892,76.27695800227015,37.79795686719637,60.61293984108968,17.5,48.49432463110102,1.0262257696693273,33.911494013359444
1513,中興電,電機製品,167.0,-2.3391812865497075,618671463.825,True,46.677471636953,48.67899603698811,8.31,2026-06-01,False,54.54545454545454,2.769230769230769,0.1970624737325612,89.3048128342246,2.380000000000001,56.186152099886485,65.15323496027243,95.23269012485811,82.74687854710557,43.97727272727273,68.65924569187906,27.48004561003421,50.31496032418846
4764,雙鍵,其他化學,206.0,-8.444444444444443,608278304.8,True,59.69209237228832,37.978863936591814,22.36,2026-06-01,False,25.0,-29.692832764505116,0.025478639319984606,56.51577503429356,-6.230000000000004,24.801362088535754,0.4540295119182747,59.02383654937571,9.875141884222474,20.454545454545457,22.921783097719533,47.32041049030787,45.38572123778695
6831,邁科,電子零組件,655.0,-4.657933042212514,607340277.675,True,22.727272727272727,67.17305151915455,29.3,2026-06-01,False,86.75496688741721,9.166666666666666,0.027280319900244415,68.51464435146444,31.23,87.96821793416572,82.17934165720771,59.70488081725313,34.27922814982974,90.68181818181819,70.96269734805489,55.98631698973774,49.01360535413137
6290,良維,電子零組件,209.5,-3.009259259259256,596130236.225,True,83.79254457050244,18.295904887714663,-2.32,2026-06-01,False,30.4635761589404,-15.182186234817813,0.04085962728283133,57.08446866485014,-5.643333333333333,30.192962542565265,6.015891032917139,65.26674233825199,10.556186152099887,22.045454545454547,26.81544732225776,13.340935005701255,37.01854816686232
8096,擎亞,電子通路,110.0,-3.508771929824561,595079049.825,True,76.38668779714739,24.63672391017173,433.49,2026-06-01,False,21.568627450980394,-21.428571428571427,-0.031121221387771143,64.89675516224189,230.37333333333333,21.62315550510783,2.0431328036322363,31.214528944381385,25.53916004540295,98.97727272727272,35.87945000515943,98.51767388825542,60.90921415878349
5439,高技,印刷電路板,242.0,-2.2222222222222254,586647843.325,True,21.06969205834684,68.95640686922061,22.13,2026-06-01,False,90.69767441860465,-5.653021442495127,-0.12067996050144016,54.81313703284258,-13.399999999999995,91.60045402951191,27.809307604994327,8.059023836549375,8.059023836549375,13.636363636363635,29.832834588793723,47.20638540478905,54.764138916464006
1476,儒鴻,成衣,310.5,-1.8957345971563955,583315625.7,True,0.05402485143165856,95.87186261558784,14.42,2026-06-01,False,89.13043478260869,-9.606986899563319,-0.06945492516500777,68.69469026548673,10.63,90.12485811577753,14.755959137343927,16.11804767309875,34.73325766174801,69.0909090909091,44.96460633577546,36.14595210946408,61.562027187411424
6214,精誠,資訊服務,176.0,0.2849002849002913,582767733.1,True,40.19448946515397,53.731836195508585,76.9,2026-06-01,False,34.78260869565217,24.381625441696116,0.05854201879568567,100.0,26.556666666666672,35.35754824063564,94.43813847900114,71.85017026106696,98.86492622020431,88.52272727272728,77.80670209472707,86.65906499429875,56.61085024403439
5434,崇越,電子通路,553.0,7.170542635658905,579170423.375,True,98.4332793084819,3.533685601056803,32.86,2026-06-01,False,3.9215686274509802,1.0968921389396709,0.029260229217971202,92.78523489932886,10.23,2.6674233825198637,59.47786606129398,60.726447219069236,89.21679909194098,68.06818181818181,56.031343514601176,60.94640820980616,48.33819115574326
1504,東元,電機製品,71.0,-1.2517385257301838,578130871.2950001,True,85.7914640734738,16.57859973579921,0.15,2026-06-01,False,9.090909090909092,5.654761904761901,0.11644638172611432,59.41422594142259,-7.933333333333334,7.888762769580023,73.8933030646992,85.01702610669693,14.52894438138479,18.181818181818183,39.90197090083583,16.590649942987458,16.27876350731327
6409,旭隼,電子零組件,1065.0,8.341810783316372,575275142.9,True,70.66450567260941,29.326287978863935,5.72,2026-06-01,False,45.033112582781456,7.684529828109202,0.06939141944590228,82.55813953488372,8.01,45.6299659477866,78.43359818388194,75.02837684449489,69.01248581157775,62.84090909090909,66.18906717573005,23.033067274800455,39.81048021257072
6197,佳必琪,電子零組件,294.0,-2.487562189054726,563386093.3,True,92.49054565099945,10.435931307793924,45.21,2026-06-01,False,17.218543046357617,-4.390243902439024,-0.01715376977143943,78.714859437751,14.46,16.79909194097616,32.91713961407491,38.47900113507378,59.13734392735528,75.68181818181819,44.602878959859666,71.49372862029647,53.628256218638256
8042,金山電,電子零組件,101.5,-6.451612903225811,557196505.295,True,16.392443631931748,72.78731836195509,51.3,2026-06-01,False,92.71523178807946,-15.767634854771783,-0.019435779828062594,48.218527315914486,12.136666666666663,93.53007945516458,5.2213393870601585,36.20885357548241,3.2917139614074915,72.27272727272728,42.10494273036838,76.05473204104904,66.91379651764024
3680,家登,電子設備,473.5,0.5307855626327074,555684726.925,True,21.341463414634145,68.56010568031704,37.93,2026-06-01,False,79.22077922077922,-1.5592515592515594,0.033231646716787806,76.86688311688312,2.3866666666666703,81.1577752553916,45.743473325766175,62.315550510783204,54.59704880817253,44.09090909090909,57.580951398204526,66.36259977194983,64.09348762743694
6683,雍智科技,半導體,1260.0,-4.9056603773584895,550658452.7,True,93.66236679753224,8.91677675033025,24.55,2026-06-01,False,15.267175572519085,7.6923076923076925,-0.10866324687688315,49.122807017543856,5.273333333333333,14.188422247446084,78.54710556186151,9.421112372304199,3.745743473325766,53.75,31.93047673098751,49.54389965792475,22.23273995420877
6206,飛捷,電腦及週邊,143.5,-2.3809523809523836,544496452.225,True,68.17936250675311,31.34081902245707,26.29,2026-06-01,False,27.586206896551722,19.08713692946058,0.09123064969283481,90.82278481012658,-12.376666666666665,27.695800227014754,90.91940976163451,80.93076049943247,85.81157775255392,14.431818181818182,59.957873284490766,51.995438996579246,43.645851803628354
3357,臺慶科,電子零組件,213.0,-3.1818181818181857,534262326.05,True,81.36117556071152,20.343461030383093,57.44,2026-06-01,False,33.11258278145696,-2.73972602739726,-0.06801509576663685,61.206896551724135,20.563333333333333,33.257661748013625,39.55732122587968,16.572077185017026,17.82065834279228,83.97727272727272,38.236998245795064,78.67730900798176,47.549576968226994
2312,金寶,電腦及週邊,31.95,-3.3282904689863835,532772528.5275,True,44.00234055002926,50.59445178335535,32.7,2026-06-01,False,46.55172413793103,-3.4743202416918493,0.061155089698585276,73.61751152073734,25.663333333333334,47.332576617480136,35.8683314415437,72.75822928490352,47.90011350737798,88.18181818181819,58.4082138066247,60.4903078677309,54.96366663776132
4541,晟田,機車船製造,70.5,-3.0261348005502064,527656194.8249999,True,11.298076923076923,77.54293262879789,58.68,2026-06-01,False,83.33333333333334,-6.869220607661826,0.003235171477658769,93.13077939233817,20.836666666666666,85.07377979568672,23.04199772985244,49.48921679909194,90.01135073779795,84.43181818181819,66.40963264884945,79.58950969213227,82.90816062394113
5388,中磊,通信網路,78.1,-1.5132408575031508,524450514.4049999,True,47.86601836844949,47.29194187582563,70.83,2026-06-01,False,54.90196078431373,-8.225616921269095,-0.14583246516388026,73.33333333333333,2.056666666666672,56.526674233825204,17.707150964812712,5.10783200908059,46.878547105561864,42.61363636363637,33.766768135383344,84.49258836944128,67.54766468600391
6282,康舒,電子零組件,46.4,-0.3222341568206222,524224070.70500004,True,67.28650137741047,32.10039630118891,28.28,2026-06-01,False,50.331125827814574,-4.329896907216497,-0.007449059970350488,65.5367231638418,-1.4133333333333304,52.09988649262202,33.14415437003405,43.81384790011351,27.355278093076052,31.704545454545453,37.62354246207822,55.074116305587225,50.34628163031281
4966,譜瑞-KY,半導體,565.0,0.0,509699423.55,True,21.501890869800107,68.22985468956408,12.23,2026-06-01,False,82.44274809160305,-3.0874785591766725,0.04757620794487778,64.9425287356322,9.026666666666667,83.88195232690124,37.57094211123723,67.53688989784335,25.76617480136209,65.22727272727272,55.99664637292333,33.0672748004561,51.286114954370554
5876,上海商銀,本國銀行,43.2,2.2485207100591875,499893521.39750004,True,38.573743922204216,54.689564068692206,-4.39,2026-06-01,False,66.66666666666666,-5.366922234392105,0.1987729630706222,91.91489361702129,-2.3066666666666666,68.44494892167991,29.398410896708288,95.68671963677639,87.62769580022702,30.34090909090909,62.29973686926013,10.946408209806158,59.405160508751194
6944,兆聯實業,資源回收,743.0,-2.2368421052631593,497778878.05,True,1.6666666666666667,87.31836195508586,29.98,2026-06-01,False,73.91304347826086,-26.06965174129353,-0.18160326284666944,69.4392523364486,-6.783333333333335,75.25539160045402,0.681044267877412,2.837684449489217,36.88989784335982,19.43181818181818,27.019167268599727,57.41163055872291,67.21896893366483
4763,材料*-KY,其他化學,50.4,0.5988023952095745,497184831.5849999,True,20.043219881145326,69.84808454425362,-10.11,2026-06-01,False,56.25,-0.39525691699605303,0.05280581345810183,69.04109589041096,14.663333333333338,58.11577752553916,51.53234960272418,69.9205448354143,35.98183881952327,76.02272727272728,58.314647611185634,7.069555302166476,37.408705511126186
3693,營邦,電子零組件,523.0,-0.3809523809523818,492330826.8,True,79.64329643296433,22.324966974900924,74.98,2026-06-01,False,35.099337748344375,10.805084745762713,0.04956996300104227,71.84065934065934,38.11666666666667,35.98183881952327,84.67650397275823,68.21793416572078,44.04086265607264,92.8409090909091,65.1516097409968,86.20296465222349,45.3872905387653
2458,義隆,半導體,141.0,-2.422145328719727,491689003.925,True,30.848190167477043,60.83223249669749,7.13,2026-06-01,False,79.38931297709924,-14.803625377643503,-0.15798502734614775,74.60317460317461,1.4500000000000002,81.38479001135074,6.3564131668558455,4.6538024971623155,50.05675368898979,40.11363636363636,36.51307914559901,25.997719498289623,62.77071250794358
3376,新日興,電子零組件,189.0,-2.072538860103623,489881291.6,True,96.11021069692059,6.07661822985469,-4.76,2026-06-01,False,12.582781456953644,-0.2638522427440633,0.031043498027112357,71.5909090909091,5.746666666666666,12.031782065834278,52.32690124858116,61.407491486946654,43.58683314415437,55.90909090909091,45.052419770921475,10.775370581527936,28.516771135733855
3023,信邦,電子零組件,307.0,-1.1272141706924366,489461840.15,True,58.72501350621285,38.77146631439894,17.59,2026-06-01,False,61.58940397350994,-0.3246753246753247,0.036051523059180024,91.2332838038633,0.8933333333333309,63.11010215664018,51.98637911464245,63.45062429057889,86.15209988649262,38.52272727272727,60.64438654421629,41.391106043329536,59.66673224295497
6207,雷科,電子設備,102.0,-5.116279069767438,488169676.65,True,94.48946515397083,8.058124174372523,-2.51,2026-06-01,False,14.285714285714285,-18.072289156626507,0.048122499462140506,61.631419939577036,-12.8,13.393870601589104,3.5187287173666286,67.7639046538025,18.615209988649262,13.977272727272727,23.45379733773604,12.884834663625996,35.34379663412443
4977,眾達-KY,通信網路,151.0,-4.430379746835444,487823076.0,True,75.7428417071853,25.132100396301187,8.08,2026-06-01,False,39.21568627450981,12.686567164179104,-0.02534137425461533,55.822550831792974,23.523333333333333,40.29511918274688,87.06015891032916,34.27922814982974,9.307604994324631,87.1590909090909,51.620240429264264,27.366020524515395,22.477146447814437
4916,事欣科,電腦及週邊,100.5,-3.3653846153846145,486730489.605,True,29.419439008480104,61.62483487450462,80.52,2026-06-01,False,65.51724137931035,-6.074766355140187,-0.05219833332108269,80.72289156626506,2.1566666666666663,66.85584562996596,25.993189557321227,22.36095346197503,62.99659477866061,43.06818181818181,44.25495304922093,87.22919042189282,72.77211031829954
2351,順德,半導體,176.0,3.529411764705892,485735179.875,True,82.49594813614263,19.616908850726553,51.72,2026-06-01,False,27.480916030534353,7.64525993883792,0.05528765163456193,76.85589519650655,14.29,27.582292849035188,78.32009080590238,70.71509648127127,54.37003405221339,75.45454545454545,61.28841192859353,76.39680729760548,45.00726084823792
3005,神基,電子零組件,117.5,-3.292181069958844,473970546.85,True,63.7493246893571,34.67635402906209,28.59,2026-06-01,False,55.62913907284768,0.8583690987124464,0.11498775931511947,71.21212121212122,11.260000000000002,57.548240635641314,58.22928490351873,84.67650397275823,42.11123723041998,70.22727272727273,62.558507893922204,55.188141391106036,49.15458358841215
1402,遠東新,人纖,27.8,0.9074410163339319,473898362.8325001,True,8.914100486223662,79.6565389696169,12.06,2026-06-01,False,77.77777777777779,1.6453382084095036,0.3589330838338679,95.04273504273505,-3.2200000000000006,79.17139614074915,61.29398410896708,99.77298524404085,92.84903518728717,27.954545454545453,72.20838922711795,32.725199543899656,60.86291169074222
2388,威盛,半導體,72.4,-8.701134930643118,470587595.89000005,True,36.079900124843945,56.671070013210034,34.01,2026-06-01,False,74.80916030534351,0.27700831024931144,0.07424474127883496,82.27272727272728,-34.943333333333335,76.27695800227015,54.710556186152104,76.95800227014756,68.1044267877412,5.227272727272727,56.25544319471676,62.59977194982896,63.06765013842205
1718,中纖,石化,10.5,-1.4084507042253502,463347741.06000006,True,65.00829187396351,33.55350066050198,1.92,2026-06-01,False,31.57894736842105,-20.45454545454545,-0.06315729834588818,69.07894736842105,-3.1766666666666667,31.725312145289443,2.383654937570942,18.955732122587968,36.095346197502835,28.295454545454547,23.49109998968115,17.90193842645382,45.83473545791879
7828,創新服務,電子設備,1630.0,-5.507246376811592,456677796.5,True,3.6585365853658534,84.21400264200793,255.83,2026-06-01,False,93.5064935064935,-12.834224598930483,0.06725139307769142,70.10752688172043,-10611.286666666667,94.09761634506243,8.626560726447218,74.57434733257662,38.70601589103292,0.22727272727272727,43.24636260447838,96.92132269099201,80.27459855016004
4576,大銀微系統,機械,210.5,-6.651884700665189,452726865.25,True,35.54735547355474,57.397622192866585,62.56,2026-06-01,False,81.81818181818183,10.209424083769633,0.03190077268016856,73.98945518453426,12.266666666666673,83.42792281498296,83.88195232690124,62.08853575482406,49.148694665153236,72.38636363636364,70.18669383964502,81.41391106043329,57.52714405341706
1477,聚陽,成衣,197.5,-3.4229828850855792,452150257.275,True,3.6736898973527823,84.11492734478203,0.53,2026-06-01,False,78.26086956521739,-9.403669724770642,-0.28411279137772577,58.34564254062038,-6.003333333333334,79.73893303064699,15.096481271282633,0.7945516458569807,12.712826333711691,21.136363636363637,25.895831183572387,17.217787913340935,48.643266501604245
3022,威強電,電腦及週邊,92.8,-3.83419689119171,444063175.6,True,78.33603457590492,23.57992073976222,79.97,2026-06-01,False,22.413793103448278,7.781649245063884,0.07411687663227415,82.12389380530973,23.75333333333333,22.587968217934165,78.77412031782066,76.84449489216799,67.65039727582293,87.27272727272727,66.62594159529459,87.00114025085519,49.6163463566979
6691,洋基工程,電子設備,713.0,-2.328767123287667,443978091.45,True,75.53571428571428,25.297225891677677,115.19,2026-06-01,False,45.45454545454545,-1.1095700416088765,-0.09762405359291271,89.46047678795483,27.10666666666667,46.25425652667423,47.559591373439275,11.12372304199773,83.3144154370034,89.31818181818181,55.514033639459285,91.9042189281642,68.47832487960063
6584,南俊國際,金屬製品,602.0,1.0067114093959662,433065518.025,True,18.028169014084508,71.73051519154558,40.64,2026-06-01,False,71.42857142857143,11.275415896487985,-0.05502502937996982,74.78260869565217,-0.27666666666666373,73.09875141884223,85.24404086265606,21.22587968217934,50.28376844494892,35.0,52.97048808172531,68.07297605473204,51.55286376396678
7751,竑騰,電子設備,1535.0,3.716216216216206,422145648.5,True,59.07172995780591,38.37516512549538,67.24,2026-06-01,False,64.93506493506493,30.08474576271186,-0.004492758181446476,56.537753222836095,3.710000000000001,66.40181611804768,96.3677639046538,45.970488081725314,9.988649262202042,48.86363636363637,53.51847074605304,83.35233751425314,40.843759747462265
3030,德律,電子設備,289.5,-3.3388981636060078,419317489.575,True,85.57536466774717,16.710700132100396,0.43,2026-06-01,False,28.57142857142857,-0.6861063464837049,0.03446023733992102,69.01072705601908,-25.466666666666665,28.774120317820657,50.28376844494892,63.223609534619754,35.754824063564136,7.5,37.10726447219069,16.98973774230331,32.8087284196848
2347,聯強,電子通路,86.0,-3.1531531531531543,418844794.34000003,True,66.28849270664506,32.628797886393656,135.45,2026-06-01,False,29.411764705882355,0.8206330597889835,0.15695329755583934,88.56848609680742,19.44999999999999,29.56867196367764,57.888762769580026,91.2599318955732,81.27128263337117,82.5,68.49772985244041,93.38654503990878,61.5844342168444
2812,台中銀,本國銀行,19.0,1.0638297872340496,417061369.28499997,True,36.03457590491626,56.869220607661816,16.56,2026-06-01,False,88.88888888888889,-7.090464547677258,-0.09032767705226959,82.07343412526998,-21.686666666666664,89.95459704880817,21.906923950056754,11.91827468785471,67.08286038592507,8.863636363636363,39.94525848725622,40.250855188141394,68.84534716820447
2316,楠梓電,印刷電路板,159.0,-4.790419161676651,412552625.05,True,46.19124797406807,49.07529722589168,27.83,2026-06-01,False,83.72093023255815,2.2508038585209005,-0.0700251700456766,67.80383795309169,-19.236666666666665,85.47105561861521,63.33711691259932,15.664018161180476,33.030646992054486,10.0,41.5005675368899,54.618015963511965,52.44565041539558
6834,天二科技,電子零組件,95.2,-4.799999999999994,409929258.5,True,31.977559607293127,59.709379128137385,66.46,2026-06-01,False,80.13245033112582,-3.9354187689202744,-0.008470695348368603,72.12121212121212,13.999999999999993,82.06583427922814,34.0522133938706,43.1328036322361,44.49489216799092,74.54545454545455,55.65823960375606,83.12428734321551,68.908200099141
9921,巨大,其他,97.4,0.0,409427449.335,True,92.62202043132804,10.105680317040951,15.98,2026-06-01,False,4.3478260869565215,15.130023640661951,0.17019739252635924,87.35426008968611,9.766666666666666,3.064699205448354,88.87627695800226,93.0760499432463,78.54710556186151,67.38636363636363,66.19009906098441,38.88255416191562,32.9045204928058
3019,亞光,消費性電子,137.5,-2.4822695035460973,408809478.35,True,64.23554835224203,34.28005284015852,13.14,2026-06-01,False,36.84210526315789,0.0,0.08615624687511342,80.17492711370262,-3.3299999999999983,37.911464245175935,53.40522133938707,80.24971623155504,61.861520998864926,27.613636363636363,52.208311835723876,34.32155074116305,45.172328661454216
6121,新普,電子零組件,397.5,-2.8117359413202925,408777091.25,True,41.22096164235548,52.807133421400266,11.5,2026-06-01,False,75.82781456953643,7.28744939271255,0.2732000509521929,85.02673796791443,4.8500000000000005,77.35527809307605,77.41203178206584,98.86492622020431,74.6878547105562,52.72727272727272,76.20947270663503,31.698973774230332,51.58251869894919
8086,宏捷科,半導體,115.0,-4.56431535269709,408479258.45,True,2.957151478575739,85.07265521796566,16.05,2026-06-01,False,90.83969465648855,-3.765690376569038,-0.13838830681538863,64.24581005586593,-18.09,91.82746878547105,34.50624290578887,5.788876276958002,23.83654937570942,10.568181818181818,33.305463832421836,38.99657924743444,55.03858862570651
2385,群光,光電及I/O,104.5,-2.336448598130836,403169944.125,True,59.3192868719611,38.24306472919419,-5.48,2026-06-01,False,48.0,0.0,0.09221723850797588,71.33105802047781,3.1499999999999986,48.97843359818388,53.40522133938707,81.1577752553916,42.90578887627696,46.47727272727273,54.58489835930245,10.262257696693272,37.18531470794176
2421,建準,電子零組件,145.5,-1.6891891891891886,394880232.775,True,28.687196110210696,62.021136063408186,18.65,2026-06-01,False,82.78145695364239,13.229571984435799,0.19748719822409036,76.78100263852242,2.4599999999999973,84.4494892167991,87.74120317820659,95.45970488081726,53.91600454029511,44.31818181818182,73.17691672685996,42.93044469783352,48.38868381918029
6209,今國光,消費性電子,67.7,-4.781997187060472,394161872.1700001,True,0.0,98.11756935270806,73.31,2026-06-01,False,100.0,0.14792899408285284,-0.020497276450408938,69.65020576131687,3.026666666666671,99.31895573212259,53.802497162315554,35.754824063564136,37.230419977298524,46.25,54.47133938706016,85.40478905359178,67.03791690017434
3088,艾訊,電腦及週邊,127.0,-0.39215686274509665,391002402.175,True,86.38573743922204,16.050198150594454,48.37,2026-06-01,False,10.344827586206897,-8.303249097472925,-0.02032617181883808,82.46753246753246,-6.060000000000002,9.307604994324631,17.366628830874006,35.8683314415437,68.67196367763904,20.909090909090907,30.42472397069446,73.83124287343216,58.61104567863046
6753,龍德造船,機車船製造,144.5,-1.7006802721088454,389848598.2,True,0.11961722488038277,94.25363276089828,33.41,2026-06-01,False,100.0,-5.555555555555555,-0.015096607638840165,71.007371007371,-3.2033333333333402,99.31895573212259,28.490351872871738,39.727582292849036,41.6572077185017,28.06818181818182,47.452455886905376,61.45952109464082,68.48633316809834
6538,倉和,光電及I/O,192.0,0.7874015748031482,388714861.725,True,95.32554257095158,6.869220607661823,46.5,2026-06-01,False,10.666666666666668,39.63636363636363,0.029704206559779716,100.0,41.57,9.761634506242906,98.63791146424518,60.953461975028375,98.86492622020431,93.4090909090909,72.32540501496233,72.29190421892817,45.57013837028255
8027,鈦昇,電子設備,169.5,-6.868131868131866,386225496.9,True,95.20661157024793,7.001321003963012,58.48,2026-06-01,False,11.688311688311687,-14.177215189873419,0.061107078061982595,57.84982935153583,-16.023333333333333,10.896708286038592,6.81044267877412,72.64472190692395,11.464245175936435,11.931818181818182,22.749587245898258,79.36145952109464,48.72799257607389
3563,牧德,電子設備,690.0,-1.2875536480686733,383609634.35,True,73.96002160994057,26.221928665786,15.62,2026-06-01,False,46.75324675324675,7.142857142857142,0.029257298395948338,72.10031347962382,7.449999999999999,47.786606129398415,77.07150964812712,60.61293984108968,44.38138479001135,61.81818181818181,58.33412444536168,38.19840364880274,38.32372123002135
2542,興富發,建設,47.75,2.029914529914545,378889573.82000005,True,27.71474878444084,62.68163804491414,16.47,2026-06-01,False,61.40350877192983,8.276643990929703,0.17441192601116576,100.0,-2052.976666666667,62.88308740068105,80.24971623155504,93.64358683314416,98.86492622020431,0.3409090909090909,67.19644515529873,40.136830102622575,55.408781872988214
3455,由田,電子設備,258.0,1.976284584980248,378204158.775,True,95.569962182604,6.53896961690885,-30.02,2026-06-01,False,7.792207792207792,33.67875647668394,0.04229889293507735,83.22580645161291,-23.83,6.3564131668558455,97.04880817253121,65.9477866061294,70.14755959137344,7.840909090909092,49.468295325559794,2.394526795895097,20.462422845398294
1810,和成,玻璃陶瓷,26.85,2.4809160305343525,377999201.5925,True,19.515389652914212,70.2774108322325,-11.91,2026-06-01,False,66.66666666666666,-13.526570048309175,-0.028203719382849667,78.62371888726209,-3.6333333333333346,68.44494892167991,7.604994324631101,32.2360953461975,58.910329171396135,26.590909090909093,38.757455370962745,5.587229190421892,56.33437823971671
8050,廣積,電腦及週邊,56.4,-1.5706806282722474,374550274.88,True,42.13938411669368,52.04755614266843,143.6,2026-06-01,False,48.275862068965516,-6.776859504132234,-0.02584141856042849,81.73913043478261,93.13999999999999,49.375709421112376,23.609534619750285,33.938706015891036,65.49375709421112,97.27272727272728,53.93808688473841,93.95667046750285,71.30415059076901
1102,亞泥,水泥製造,33.5,0.1494768310911665,374298429.8725,True,7.509454349000539,81.10964332892999,-2.21,2026-06-01,False,71.42857142857143,1.0558069381598838,0.028003815819829282,85.8974358974359,2.003333333333334,73.09875141884223,59.25085130533485,60.1589103291714,76.50397275822928,42.38636363636364,62.27976988958828,13.568985176738883,50.98021451211889
8016,矽創,半導體,288.0,-4.950495049504955,371032107.775,True,57.05024311183144,40.22457067371202,26.61,2026-06-01,False,53.43511450381679,0.0,0.04461531663397299,79.33884297520662,-7.960000000000001,55.05107832009081,53.40522133938707,67.08286038592507,60.499432463110104,18.06818181818182,50.821354865338975,52.79361459521095,53.7347260097562
2425,承啟,電腦及週邊,39.55,3.942181340341655,366719754.0225,True,46.35967641568139,48.94319682959049,375.57,2026-06-01,False,44.827586206896555,-4.6987951807228985,-0.03650689890617559,74.76370510396974,189.39666666666668,45.40295119182747,31.8955732122588,29.284903518728715,50.17026106696936,98.75,51.10073779795687,98.2896237172178,65.49181569093896
3135,凌航,半導體,157.5,-5.405405405405405,363741751.425,True,0.0,98.11756935270806,150.02,2026-06-01,False,98.47328244274809,8.620689655172415,-0.036112199644862904,60.46065259117083,-180.75333333333336,98.01362088535754,80.93076049943247,29.398410896708288,16.458569807037456,1.4772727272727273,45.2557269631617,94.18472063854047,56.931537707875755
7788,松川精密,電子零組件,278.0,-0.7142857142857117,361286782.1,True,23.645320197044335,66.11624834874505,65.66,2026-06-01,False,86.09271523178808,21.397379912663755,0.0337726095520476,95.2054794520548,23.953333333333333,87.28717366628831,92.96254256526673,62.769580022701476,93.18955732122588,87.38636363636364,84.71904344236921,82.66818700114025,67.54559385584693
9914,美利達,其他,80.6,-1.104294478527612,360510125.065,True,58.4472049689441,39.101717305151915,-5.51,2026-06-01,False,17.391304347826086,0.2487562189054585,0.034291692107629904,70.7017543859649,-5.013333333333333,17.196367763904654,54.59704880817253,63.11010215664018,40.635641316685586,23.40909090909091,39.78965019089877,10.148232611174459,28.34579822089804
6138,茂達,半導體,282.5,-2.9209621993127155,357600294.275,True,63.58725013506212,34.94055482166446,11.1,2026-06-01,False,48.091603053435115,-11.163522012578616,-0.15155943170532626,64.20454545454545,-2.3500000000000014,49.2622020431328,11.804767309875142,4.880817253121453,23.382519863791146,30.227272727272727,23.911515839438653,31.356898517673887,48.04921327868067
8114,振樺電,電腦及週邊,195.5,-3.9312039312039304,355209111.425,True,41.59913560237709,52.50990752972259,19.14,2026-06-01,False,50.0,-2.736318407960199,0.08368915621913861,71.22040072859745,27.78,51.475595913734395,39.727582292849036,79.68217934165722,42.33825198637911,89.77272727272727,60.5992673614694,43.557582668187,49.410962068862865
2006,東和鋼鐵,基本金屬,80.8,1.0000000000000009,340636937.5,True,35.027027027027025,57.92602377807133,9.01,2026-06-01,False,56.09756097560976,13.006993006993003,0.259247561219992,91.29943502824858,5.550000000000001,58.002270147559585,87.62769580022702,98.5244040862656,86.37911464245175,55.56818181818181,77.22033329893716,28.39224629418472,46.28648382099226
3033,威健,電子通路,45.6,-2.355460385438979,339063287.21500003,True,28.63317125877904,62.219286657859975,54.45,2026-06-01,False,66.66666666666666,-7.505070993914799,-0.016411278921565117,82.01438848920863,21.970000000000006,68.44494892167991,21.22587968217934,39.27355278093076,66.74233825198638,85.11363636363637,56.160071200082555,77.76510832383124,72.93162895382955
2465,麗臺,電腦及週邊,86.2,-4.856512141280344,337024999.945,True,57.6068376068376,39.63011889035667,543.89,2026-06-01,False,36.206896551724135,11.225806451612907,0.05545768751808608,82.0952380952381,258.88,36.88989784335982,85.1305334846765,70.94211123723042,67.4233825198638,99.20454545454545,71.9180941079352,98.85974914481186,54.51062400583974
4973,廣穎,半導體,148.5,-3.2573289902280145,336881196.475,True,10.087463556851311,78.86393659180978,197.3,2026-06-01,False,88.54961832061069,6.071428571428571,-0.02680800881214706,70.71428571428572,33.77000000000001,89.78433598183881,74.6878547105562,33.48467650397276,40.74914869466515,91.5909090909091,66.05938499638839,95.43899657924743,62.8211566362988
6525,捷敏-KY,半導體,148.0,0.3389830508474523,334036545.575,True,97.40680713128039,4.227212681638045,19.84,2026-06-01,False,3.816793893129771,-1.9867549668874174,-0.007071343280319505,66.9683257918552,0.8133333333333326,2.383654937570942,42.90578887627696,44.38138479001135,30.533484676503974,38.18181818181819,31.677226292436284,44.241733181299885,33.56327097977446
8932,智通*,資訊服務,109.0,-0.9090909090909038,330066794.765,True,45.28508771929825,49.471598414795245,-3.5,2026-06-01,False,23.91304347826087,-8.016877637130802,-0.04704694222061733,45.13457556935818,-12.586666666666668,23.95005675368899,19.069239500567537,24.6311010215664,2.1566401816118046,14.204545454545455,16.80231658239604,11.85860889395667,29.72401658217248
3498,陽程,電子設備,174.0,9.779179810725559,327732142.945,True,30.87649402390438,60.7661822985469,50.69,2026-06-01,False,75.32467532467533,64.92890995260665,0.09852346626504287,100.0,-34.510000000000005,76.73098751418841,99.6594778660613,82.06583427922814,98.86492622020431,5.340909090909091,72.53242699411825,75.48460661345496,62.8552606204466
2489,瑞軒,光電及I/O,31.1,-3.4161490683229823,325565164.72749996,True,58.752997601918466,38.70541611624835,23.43,2026-06-01,False,49.333333333333336,1.4681892332789654,0.0005817139360547765,55.04424778761062,7.866666666666667,50.62429057888763,61.06696935300795,47.786606129398415,8.51305334846765,62.38636363636364,46.07545660922506,48.68871151653364,36.68977152272024
1714,和桐,清潔劑,16.9,-1.4577259475218707,321118563.745,True,18.253079507278834,71.4002642007926,73.41,2026-06-01,False,60.0,11.184210526315786,-0.04561364487956051,74.28571428571428,-3.2466666666666697,61.18047673098751,85.01702610669693,25.198637911464246,49.2622020431328,27.84090909090909,49.69985037663811,85.63283922462942,52.764622973013196
8131,福懋科,半導體,62.2,-2.8124999999999956,320527261.13500005,True,72.8795245813074,27.77410832232497,60.87,2026-06-01,False,35.87786259541985,-7.715133531157274,-0.07134263803696402,72.91910902696367,10.529999999999994,36.66288308740068,20.204313280363223,15.32349602724177,46.08399545970488,68.86363636363636,37.427664843669376,80.38768529076397,60.73256263937658
6719,力智,半導體,194.5,-2.9925187032418976,316917643.5,True,15.91726618705036,73.18361955085865,-3.56,2026-06-01,False,84.7328244274809,-17.057569296375267,-0.04307569696684853,62.239999999999995,4.866666666666665,86.37911464245175,4.0862656072644725,26.4472190692395,19.523269012485812,52.84090909090909,37.85535548447013,11.630558722919043,53.36166919264804
2363,矽統,半導體,51.3,-3.3898305084745894,316080031.99499995,True,91.33211678832117,11.360634081902246,74.8,2026-06-01,False,19.84732824427481,-10.627177700348435,-0.02009379795333292,67.4113009198423,-8.783333333333331,19.523269012485812,12.599318955732123,35.98183881952327,31.66855845629966,17.386363636363637,23.4318697760809,86.08893956670467,56.1703620199395
6727,亞泰金屬,電子設備,441.5,-7.052631578947366,313173045.325,True,88.89689978370583,13.408190224570674,-23.9,2026-06-01,False,24.675324675324674,32.78195488721805,-0.01936579123126814,66.89393939393939,-51.019999999999996,24.6311010215664,96.93530079455165,36.322360953461974,30.30646992054484,4.090909090909091,38.45722835620679,2.8506271379703536,15.213224321382485
6265,方土昶,電子通路,58.8,-7.109004739336489,307939234.8225,True,0.0,98.11756935270806,1209.51,2026-06-01,False,99.01960784313727,25.641025641025646,0.1328513649249083,92.01877934272301,152.2833333333333,98.35414301929626,95.11918274687855,87.85471055618615,87.96821793416572,98.4090909090909,93.54106903312352,99.42987457240594,72.65826319474735
3479,安勤,電腦及週邊,127.5,-1.5444015444015413,306753415.85,True,79.5245813074014,22.523117569352706,27.85,2026-06-01,False,20.689655172413794,-14.14141414141414,-0.028263973113595717,81.46964856230032,11.8,20.6583427922815,6.9239500567536885,32.122587968217935,65.15323496027243,71.5909090909091,39.289804973686934,54.73204104903079,58.40491718620776
6472,保瑞,藥,404.5,-2.7644230769230727,306555183.4,True,89.78930307941653,12.351387054161163,39.22,2026-06-01,False,11.11111111111111,0.8728179551122194,0.09096518343872864,53.93333333333333,21.906666666666666,10.272417707150964,58.342792281498305,80.70374574347332,7.604994324631101,85.0,48.38479001135074,66.9327251995439,31.616836237456916
6005,群益證,證券,30.5,-0.16366612111292644,306339786.9,True,23.122636412749863,66.7437252311757,101.2,2026-06-01,False,50.0,-9.22619047619048,-0.24046200364375686,67.7025527192009,-84.91333333333334,51.475595913734395,15.777525539160045,1.1350737797956867,32.69012485811578,2.272727272727273,20.670209472706638,90.42189281641961,64.70252201227743
6526,達發,半導體,579.0,-4.297520661157028,302602652.75,True,37.26346433770015,55.61426684280053,14.4,2026-06-01,False,73.2824427480916,-0.8561643835616438,0.03662503277827499,76.89243027888446,0.5333333333333332,74.6878547105562,49.375709421112376,63.7911464245176,54.82406356413166,37.27272727272727,55.99030027860901,36.03192702394527,54.042033969380185
5386,青雲,電子通路,228.5,-4.192872117400414,301717744.5,True,0.0,98.11756935270806,442.3,2026-06-01,False,99.01960784313727,-11.60541586073501,-0.0826606112271921,38.53288364249578,22.183333333333394,98.35414301929626,10.669693530079455,13.053348467650396,1.1350737797956867,85.45454545454545,41.73336085027345,98.63169897377423,71.86280556069667
7711,永擎,電腦及週邊,492.0,3.5789473684210593,299623395.85,True,27.77777777777778,62.615587846763546,140.79,2026-06-01,False,68.96551724137932,61.8421052631579,0.036840833646508565,91.96261682242991,102.89333333333332,70.82860385925085,99.54597048808172,64.24517593643587,87.74120317820659,97.72727272727273,84.01764523784956,93.6145952109464,63.159607940080534
4566,時碩工業,汽車組件,73.5,-1.4745308310991856,293644102.46999997,True,72.55449972051426,28.07133421400264,44.39,2026-06-01,False,35.13513513513514,6.521739130434782,0.04675854996782307,96.3302752293578,24.436666666666667,36.20885357548241,75.82292849035187,67.4233825198638,94.43813847900114,87.61363636363636,72.30138788566713,70.80957810718358,56.40841041782881
1503,士電,電機製品,199.5,-1.9656019656019708,293343963.0,True,64.82982171799027,33.81770145310436,-10.58,2026-06-01,False,36.36363636363637,-3.8554216867469884,0.024902995063804365,74.44029850746269,-20.68,37.230419977298524,34.165720771850175,58.910329171396135,49.48921679909194,9.318181818181818,37.82277370756371,6.385404789053592,39.73483019839847
4908,前鼎,通信網路,150.0,-8.25688073394495,292813493.65,True,95.13776337115073,7.232496697490093,29.72,2026-06-01,False,11.76470588235294,8.695652173913043,-0.007232712133120183,51.10732538330494,5.316666666666666,11.01021566401816,81.27128263337117,44.154370034052214,5.2213393870601585,53.86363636363637,39.10416881642762,56.613454960091225,22.89343184444959
1409,新纖,人纖,24.35,-0.2049180327868716,292173802.625,True,52.78227984873042,43.39498018494056,13.44,2026-06-01,False,44.44444444444444,1.0373443983402488,-0.05125619637323144,76.81388012618298,-11.100000000000003,44.892167990919404,59.13734392735528,22.701475595913735,54.25652667423383,15.227272727272728,39.242957383139,34.54960091220068,43.64023791249966
8064,東捷,電子設備,99.0,-3.8834951456310662,291777368.175,True,62.50735726898176,36.06340819022457,15.95,2026-06-01,False,62.33766233766234,-11.607142857142858,0.05272127584365989,57.391304347826086,5.953333333333333,63.677639046538026,10.556186152099887,69.5800227014756,10.783200908059024,56.81818181818182,42.28304612527087,38.76852907639681,50.668295719723496
6715,嘉基,電子零組件,419.0,4.358655043586546,290121430.925,True,99.93838570548367,0.26420079260237783,-9.2,2026-06-01,False,0.6622516556291391,8.408796895213454,0.006429153600865377,73.63796133567662,6.39666666666667,0.11350737797956867,80.59023836549376,50.51078320090806,48.01362088535755,58.75,47.595629965947786,7.753705815279361,18.822648928280678
2630,亞航,機車船製造,51.7,-1.3358778625954137,288006422.94,True,71.73789173789173,28.66578599735799,-30.49,2026-06-01,False,8.333333333333332,-12.224108658743626,-0.03675615994487984,71.11416781292985,-2.950000000000003,7.150964812712826,9.421112372304199,29.171396140749152,41.77071509648127,29.09090909090909,23.32101950263131,2.1664766248574687,35.41676104043684
8926,台汽電,公用事業,56.0,-1.0600706713780994,285107226.85,True,1.242571582928147,88.50726552179657,1719.48,2026-06-01,False,66.66666666666666,-14.110429447852765,-0.21376919240903183,68.1265206812652,712.66,68.44494892167991,7.037457434733257,1.8161180476730987,33.7116912599319,99.54545454545455,42.111134041894545,99.77194982896236,73.72278314396023
2428,興勤,電子零組件,252.0,-0.9823182711198419,284275344.175,True,89.62722852512157,12.648612945838838,46.62,2026-06-01,False,19.867549668874172,-0.19801980198019803,-0.16201919097726106,73.36244541484717,14.716666666666661,19.63677639046538,52.78093076049943,4.313280363223609,47.105561861521004,76.25,40.01730987514189,72.63397947548461,46.64884674174289
8081,致新,半導體,252.0,-1.5625,283414722.3,True,48.29821717990275,46.76354029062087,7.19,2026-06-01,False,60.30534351145038,2.0242914979757085,-0.027631225218271365,73.79209370424597,7.376666666666667,61.74801362088536,62.20204313280363,32.803632236095346,48.58115777525539,61.70454545454545,53.407878443917035,26.111744583808438,43.55971821178639
8110,華東,半導體,44.3,-3.800217155266017,282479977.925,True,0.0,98.11756935270806,16.26,2026-06-01,False,98.47328244274809,5.8542413381122955,-0.0007802127433866102,50.34090909090909,-0.8199999999999967,98.01362088535754,74.23382519863792,47.332576617480136,4.426787741203178,33.86363636363636,51.57408936126302,39.68072976054732,41.97182829711754
2436,偉詮電,半導體,64.7,-2.56024096385542,281318586.41999996,True,0.8103727714748784,89.33289299867899,18.28,2026-06-01,False,94.65648854961832,8.557046979865774,0.04450609097595819,80.37267080745342,-6.676666666666666,94.8921679909194,80.8172531214529,66.96935300794551,62.08853575482406,19.545454545454547,64.8625528841193,42.07525655644242,54.55967679518324
3624,光頡,電子零組件,84.8,-3.0857142857142916,281176703.675,True,74.01404646137223,26.1558784676354,28.72,2026-06-01,False,42.384105960264904,-6.71067106710672,-0.09430094020535976,48.04532577903682,1.879999999999999,42.67877412031782,24.063564131668556,11.350737797956867,3.1782065834279227,41.47727272727273,24.54971107212878,55.416191562143666,44.30240203355521
3048,益登,電子通路,55.4,-4.482758620689653,280759758.5875,True,52.484472049689444,43.59313077939234,60.1,2026-06-01,False,49.01960784313725,10.358565737051784,-0.06465171165710494,73.67021276595744,12.090000000000003,50.45402951191827,84.22247446083996,18.047673098751417,48.12712826333711,72.1590909090909,54.602079248787526,80.15963511972633,48.62957960853544
6588,東典光電,通信網路,94.5,3.960396039603964,279385973.055,True,99.69834087481146,1.5852047556142668,49.1,2026-06-01,False,1.9607843137254901,35.19313304721029,-0.00908417247130622,59.24764890282132,-72.53333333333333,0.851305334846765,97.38933030646993,42.67877412031782,14.188422247446084,2.6136363636363633,31.544293674543393,74.230330672748,22.97018198714273
6548,長科*,半導體,72.4,-1.0928961748633892,277276158.975,True,89.75054229934925,12.48348745046235,37.63,2026-06-01,False,21.374045801526716,4.9275362318840665,0.0631464197987415,73.80224260958207,4.700000000000003,21.33938706015891,71.7366628830874,73.09875141884223,48.694665153234965,52.27272727272727,53.42843875761015,66.02052451539339,41.07947846142496
6449,鈺邦,電子零組件,224.0,-3.4482758620689613,274219713.75,True,71.79902755267423,28.533685601056803,23.29,2026-06-01,False,44.370860927152314,-8.571428571428571,-0.04554927047815483,48.38012958963283,2.669999999999998,44.49489216799092,16.572077185017026,25.312145289443816,3.5187287173666286,45.11363636363636,27.00229594469095,48.574686431014825,45.00405753283884
3673,TPK-KY,光電及I/O,60.2,-3.83386581469648,272795566.92999995,True,17.990275526742302,71.82959048877147,7.03,2026-06-01,False,72.0,-5.345911949685532,0.04348258796562338,64.04255319148936,3.6100000000000003,73.55278093076049,29.511918274687854,66.2883087400681,22.701475595913735,48.52272727272727,48.11544216283149,25.769669327251993,48.128001894809586
9939,宏全,塑膠製品,129.5,-1.520912547528519,270485295.925,True,29.281469475958943,61.822985468956404,12.13,2026-06-01,False,61.72922252010724,-2.2641509433962264,0.13661053992209296,89.61937716262976,-0.033333333333333215,63.223609534619754,41.77071509648127,88.19523269012485,83.65493757094211,35.45454545454545,62.459808069342685,32.839224629418474,59.48676415962477
2105,正新,輪胎,31.1,1.1382113821138296,267248337.9975,True,11.723392760669908,77.11360634081902,15.01,2026-06-01,False,60.0,-3.5658914728682127,-0.07690765658500312,78.8339670468948,6.286666666666665,61.18047673098751,35.414301929625424,14.074914869466514,59.25085130533485,58.23863636363637,45.631836239810134,37.058152793614596,55.51879472507788
1795,美時,藥,184.0,0.27247956403269047,265375166.65,True,10.588870880605079,78.07133421400265,225.46,2026-06-01,False,60.0,-3.4120734908136483,0.06653692021145526,50.688705234159784,108.40666666666667,61.18047673098751,36.43586833144155,74.34733257661748,4.994324631101021,97.95454545454545,54.9825095449386,96.46522234891675,56.55103884489093
2207,和泰車,車輛買賣,512.0,-0.5825242718446644,264923419.5,True,0.062034739454094295,95.17833553500661,48.36,2026-06-01,False,95.10723860589813,4.0650406504065035,0.17030658886589745,82.4476650563607,17.78333333333333,95.57321225879683,69.01248581157775,93.18955732122588,68.55845629965948,80.56818181818181,81.38037870188836,73.66020524515393,67.19484699800813
8155,博智,印刷電路板,319.0,1.1093502377178988,261240576.075,True,67.1528903295516,32.29854689564069,31.9,2026-06-01,False,72.09302325581395,6.333333333333334,-0.0490856154002621,69.87951807228916,1.6166666666666671,73.66628830874006,75.36889897843359,23.382519863791146,38.138479001135074,40.79545454545455,50.27032813951088,59.521094640820984,48.989240743065636
2606,裕民,海運,69.0,1.024890190336758,257939790.01500002,True,15.235008103727715,73.67899603698811,35.52,2026-06-01,False,81.81818181818183,9.523809523809524,0.30711738803489913,95.17241379310344,-3.136666666666663,83.42792281498296,83.08740068104427,99.54597048808172,93.0760499432463,28.40909090909091,77.50928696728923,63.85404789053592,64.31765499193023
2406,國碩,光電及I/O,28.75,-2.5423728813559365,257924478.70250002,True,88.4476534296029,13.936591809775429,63.0,2026-06-01,False,22.666666666666664,-10.436137071651094,-0.12020731240620253,68.77990430622009,-46.16333333333334,22.8149829738933,12.939841089670828,8.172531214528945,35.187287173666284,4.204545454545454,16.66383758126096,81.52793614595211,56.647591300960215
4722,國精化,樹脂,206.0,-5.5045871559633035,257900612.6,True,86.98001080497029,15.323645970937912,26.94,2026-06-01,False,14.285714285714285,-5.287356321839081,-0.021902989114411773,67.21044045676999,19.116666666666667,13.393870601589104,29.96594778660613,35.30079455164586,31.101021566401815,82.27272727272728,38.406872355794036,53.70581527936146,42.05868991518656
3577,泓格,電腦及週邊,120.5,-4.743083003952564,257176932.55,True,37.60129659643436,55.35006605019815,85.37,2026-06-01,False,55.172413793103445,-23.248407643312103,0.015986647969806218,74.84472049689441,24.516666666666673,56.8671963677639,1.362088535754824,54.710556186152104,50.51078320090806,87.8409090909091,50.2583066762976,88.02736602052451,73.51081426336042
6191,精成科,印刷電路板,85.4,-0.4662004662004615,254512512.88500005,True,87.19611021069692,14.99339498018494,10.28,2026-06-01,False,39.53488372093023,-5.635359116022093,0.020108693813014313,58.29351535836178,7.086666666666666,40.40862656072645,28.036322360953463,56.64018161180476,12.485811577752553,61.02272727272727,39.7187338767929,30.10262257696693,38.740184588623116
2399,映泰,電腦及週邊,45.15,-3.936170212765966,250353443.1225,True,13.975155279503104,75.36327608982828,-10.32,2026-06-01,False,84.48275862068965,18.34862385321101,0.013319777838480354,82.0909090909091,-30.26,86.03859250851306,90.80590238365494,53.121452894438136,67.30987514188422,6.136363636363637,60.6824373129708,6.955530216647662,42.3745238708475
3227,原相,半導體,196.5,-1.0075566750629705,249960582.6,True,38.41166936790924,54.82166446499339,21.05,2026-06-01,False,71.7557251908397,1.8134715025906734,0.13830564130705264,76.60818713450293,9.186666666666666,73.43927355278093,61.52099886492623,88.7627695800227,53.575482406356414,65.68181818181819,68.5960685171809,46.18015963511973,52.9184791823327
1319,東陽,汽車組件,81.9,-2.0334928229664984,245819583.24000007,True,23.3387358184765,66.51254953764861,3.04,2026-06-01,False,67.56756756756756,11.277173913043494,0.19731216912422503,71.21739130434783,5.883333333333334,69.69353007945517,85.35754824063564,95.34619750283768,42.22474460839955,56.59090909090909,69.84258590444742,19.84036488027366,36.600272831873184
9945,潤泰新,建設,29.7,-1.655629139072845,241265702.07750002,True,20.42139384116694,69.41875825627477,29.57,2026-06-01,False,73.68421052631578,11.444652908067546,0.20720312552511327,92.95774647887323,-23.879999999999995,75.08513053348467,85.69807037457434,96.3677639046538,89.89784335981838,7.727272727272727,70.95521617996079,56.32839224629419,58.90332394125573
8454,富邦媒,數位雲端,258.0,-1.526717557251911,239030861.525,True,22.58238789843328,67.27212681638045,6.5,2026-06-01,False,44.0,3.2,0.03163413113215155,57.39710789766407,2.526666666666667,44.09761634506243,66.40181611804768,61.9750283768445,10.896708286038592,44.65909090909091,45.60605200701683,24.629418472063854,28.3054817462793
6426,統新,通信網路,244.0,1.8789144050104456,234761345.925,True,55.181128896377416,41.809775429326294,103.04,2026-06-01,False,50.98039215686274,56.91318327974276,-0.014979892203820526,84.57538994800693,19.836666666666673,52.61066969353008,99.43246311010215,39.95459704880817,73.43927355278093,83.4090909090909,69.76921886286246,90.76396807297606,54.345362052296224
6643,M31,半導體,410.5,-4.976851851851849,230925298.175,True,95.6470588235294,6.406869220607662,-23.52,2026-06-01,False,9.16030534351145,-2.1454112038140645,-0.00661761276072273,58.89526542324247,-19.939999999999998,8.172531214528945,42.11123723041998,44.94892167990919,13.734392735527809,9.659090909090908,23.725234753895368,2.9646522234891677,20.690084735781486
2605,新興,海運,35.2,6.99088145896658,228467458.46000004,True,0.3052503052503053,92.07397622192866,51.62,2026-06-01,False,100.0,13.36553945249598,0.0829538276644765,81.19953863898502,31.009999999999998,99.31895573212259,87.85471055618615,79.56867196367764,64.472190692395,90.45454545454545,84.33381487978536,76.28278221208666,63.054804520104526
1597,直得,機械,139.5,-3.7931034482758585,227064394.45,True,72.8795245813074,27.77410832232497,45.25,2026-06-01,False,27.27272727272727,11.600000000000001,-0.004866881206227083,63.12217194570135,-10.616666666666667,27.128263337116916,86.15209988649262,45.6299659477866,20.998864926220204,15.681818181818183,39.1182024558869,71.60775370581528,33.395695520664944
8464,億豐,五金及家具,371.0,-0.1345895020188448,225393758.875,True,20.475418692598595,69.35270805812418,11.73,2026-06-01,False,83.33333333333334,2.203856749311295,0.0013451143074769212,79.02023429179978,8.493333333333334,85.07377979568672,62.88308740068105,48.240635641316686,59.818388195232686,64.54545454545455,64.11226911567434,32.155074116305585,53.54103867663598
6640,均華,電子設備,1065.0,-0.4672897196261627,225001934.95,True,78.28200972447326,23.712021136063406,0.33,2026-06-01,False,42.857142857142854,14.76293103448276,-0.029260662775787278,60.51136363636363,-32.76666666666667,43.1328036322361,88.64926220204313,31.782065834279226,16.685584562996596,5.454545454545454,37.1408523372201,16.875712656784494,22.011209662493513
6291,沛亨,半導體,374.5,-4.828462515883103,223732921.225,True,44.57061745919091,50.19815059445178,52.99,2026-06-01,False,67.93893129770993,4.172461752433936,-0.07727104067777428,55.154639175257735,15.920000000000002,69.80703745743473,69.2395005675369,13.961407491486947,8.626560726447218,78.06818181818181,47.94053761221752,77.08095781071836,46.568763856765855
2103,台橡,橡膠原料,27.85,1.2727272727272698,222940894.51499996,True,19.064124783362217,70.67371202113605,40.24,2026-06-01,False,70.64343163538874,17.75898520084568,0.07200875145669912,97.20767888307155,9.513333333333332,72.53121452894437,90.5788876276958,75.93643586833144,95.45970488081726,66.81818181818183,80.26488494479415,67.7309007981756,61.28573314506036
3147,大綜,資訊服務,225.0,-2.386117136659438,222837718.65,True,61.85845488924906,36.723910171730516,334.53,2026-06-01,False,13.043478260869565,-1.5317286652078774,-0.018492831409316433,64.28571428571429,-77.82,12.258796821793416,45.85698070374574,36.66288308740068,23.95005675368899,2.3863636363636367,24.22301620059849,97.94754846066135,47.07485533309951
6739,竹陞科技,電子設備,992.0,-3.219512195121954,221393832.25,True,14.105263157894738,75.16512549537649,101.13,2026-06-01,False,84.4155844155844,-17.333333333333336,0.01618321756186441,58.01169590643275,0.9299999999999926,85.92508513053349,3.9727582292849033,54.82406356413166,11.91827468785471,38.63636363636363,39.05530904963368,90.3078677309008,71.04461733000102
6579,研揚,電腦及週邊,151.0,-0.983606557377048,220396747.0,True,27.55267423014587,63.177014531043596,47.1,2026-06-01,False,70.6896551724138,-7.64525993883792,-0.006738352073842449,82.28882833787466,12.86333333333333,72.75822928490352,20.6583427922815,44.60839954597049,68.21793416572078,73.29545454545455,55.90767206686617,72.86202964652223,73.29496257621625
1608,華榮,電纜,35.45,-2.4759284731774356,220007367.65750003,True,0.19455252918287938,93.52708058124173,13.35,2026-06-01,False,90.9090909090909,11.477987421383654,0.12882102339262214,87.422934648582,3.6099999999999994,92.05448354143019,85.81157775255392,86.9466515323496,78.66061293984109,48.40909090909091,78.37648333505315,34.43557582668187,54.8347736388498
4551,智伸科,汽車組件,163.5,-4.105571847507328,219748875.6,True,41.65316045380875,52.443857331572,30.66,2026-06-01,False,56.75675675675676,-10.41095890410959,-0.05297606054648607,57.97872340425532,5.399999999999999,58.56980703745743,13.053348467650396,22.02043132803632,11.691259931895573,54.43181818181818,31.95333298937158,58.15279361459521,53.840128029074464
2305,全友,光電及I/O,27.6,-3.327495621716281,219597031.705,True,0.26666666666666666,92.53632760898283,142.33,2026-06-01,False,85.33333333333334,-13.479623824451403,-0.05386114454852413,64.71277842907386,35.253333333333345,86.71963677639046,7.832009080590238,21.45289443813848,24.858115777525537,92.04545454545455,46.58162212361985,93.84264538198404,74.39709721382745
3265,台星科,半導體,171.0,0.2932551319648091,218692771.35,True,88.49270664505673,13.870541611624834,3.58,2026-06-01,False,24.427480916030532,5.555555555555555,0.06608154375528481,88.37209302325581,-17.596666666666664,24.404086265607265,73.43927355278093,74.00681044267877,80.70374574347332,10.909090909090908,52.69260138272624,20.296465222348917,37.99125591966214
2352,佳世達,光電及I/O,28.35,-2.2413793103448265,214506392.42249998,True,96.16423554835224,5.878467635402906,-0.62,2026-06-01,False,9.333333333333334,-7.504078303425767,-0.05666086104039582,80.08474576271188,0.7766666666666667,8.51305334846765,21.33938706015891,20.771850170261068,61.74801362088536,37.95454545454545,30.06536993086369,16.020524515393387,41.23555110614687
4915,致伸,光電及I/O,59.4,-1.8181818181818188,213794808.46,True,46.51539708265802,48.87714663143989,27.58,2026-06-01,False,54.666666666666664,-10.000000000000002,-0.06987388755546622,66.81664791901012,9.693333333333332,56.41316685584563,14.188422247446084,15.777525539160045,29.96594778660613,67.04545454545455,36.678103394902486,54.38996579247435,56.64516454687001
1727,中華化,其他化學,89.1,7.869249394673128,212301058.715,True,80.2983219390926,21.20211360634082,19.24,2026-06-01,False,18.75,9.594095940959406,0.05886092913767234,85.26315789473684,-4.219999999999999,18.615209988649262,83.3144154370034,72.0771850170261,75.36889897843359,25.227272727272727,54.92059642967702,43.671607753705814,38.58532532094631
4542,科嶠,電子設備,255.5,-3.5849056603773577,212158269.0,True,79.62401455427532,22.39101717305152,102.05,2026-06-01,False,38.961038961038966,-21.263482280431433,-0.05790449876150622,51.720647773279346,46.39,39.84108967082861,2.1566401816118046,20.317820658342793,6.015891032917139,94.20454545454545,32.50719739964916,90.53591790193842,58.55906460601808
2393,億光,光電及I/O,64.1,1.1041009463722329,211848554.89000002,True,35.548352242031335,57.33157199471598,10.58,2026-06-01,False,60.0,-5.037037037037045,-0.05410260143427404,86.85636856368563,4.623333333333333,61.18047673098751,31.32803632236095,21.33938706015891,77.75255391600454,52.04545454545455,48.729181714993295,30.444697833523378,59.51242303953862
2476,鉅祥,電子零組件,119.5,0.0,211418000.225,True,65.37007023230686,33.3553500660502,53.76,2026-06-01,False,53.64238410596026,2.1367521367521367,0.01948497151297221,87.86764705882352,11.39,55.27809307604994,62.542565266742336,56.072644721906926,79.45516458569807,70.56818181818181,64.78332989371582,77.53705815279362,62.43193763694982
3305,昇貿,印刷電路板,109.5,-2.2321428571428603,210412515.76500002,True,34.84602917341977,57.992073976221924,76.0,2026-06-01,False,88.37209302325581,-0.904977375565611,-0.05034057001318871,65.3731343283582,6.819999999999993,89.67082860385925,48.9216799091941,23.15550510783201,26.787741203178207,60.11363636363637,49.729878237539985,86.3169897377423,63.463469908896414
5340,建榮,印刷電路板,77.4,-2.6415094339622525,208248029.66,True,7.941653160453808,80.74636723910172,25.75,2026-06-01,False,95.34883720930233,8.100558659217894,-0.03549266886287376,57.76119402985075,5.510000000000002,95.68671963677639,79.90919409761634,29.852440408626563,11.237230419977298,55.22727272727273,54.38257145805386,51.08323831242873,44.52449856789152
2485,兆赫,通信網路,40.6,-3.44827586206895,208228709.025,True,50.790861159929705,44.91413474240423,80.93,2026-06-01,False,52.94117647058824,-1.5757575757575724,0.05211674252039077,49.8159509202454,37.43000000000001,54.540295119182744,45.40295119182747,69.12599318955732,4.19977298524404,92.72727272727272,53.199257042616864,87.51425313568986,50.21284251207229
6829,千附精密,電子設備,220.5,-7.547169811320753,208165831.275,True,92.21501390176088,10.766182298546896,69.4,2026-06-01,False,18.181818181818183,6.779661016949152,0.05151333835790298,79.31654676258992,24.46666666666667,18.047673098751417,76.16345062429058,68.89897843359817,60.38592508513053,87.72727272727273,62.24465999380868,84.15051311288484,46.60516516811906
2637,慧洋-KY,海運,88.7,1.9540229885057547,208004223.79000002,True,67.85521339816314,31.803170409511228,57.92,2026-06-01,False,27.27272727272727,9.37114673242911,0.21481362947717209,100.0,16.24666666666667,27.128263337116916,82.40635641316686,96.82179341657208,98.86492622020431,78.63636363636364,76.77154060468476,79.01938426453819,55.651554352173136
6435,大中,半導體,254.0,-0.974658869395717,207222929.925,True,73.257698541329,27.344782034346103,21.6,2026-06-01,False,34.35114503816794,-11.188811188811188,-0.0600827414369516,60.476190476190474,2.503333333333334,34.73325766174801,11.577752553916005,19.863791146424518,16.572077185017026,44.54545454545455,25.458466618512023,46.63625997719498,46.590960567511004
9958,世紀鋼,基本金屬,101.0,-1.4634146341463428,206679540.6,True,1.8368449486763911,86.8229854689564,64.09,2026-06-01,False,92.6829268292683,-12.173913043478262,-0.03588691526389736,51.399491094147585,22.360000000000007,93.41657207718501,9.648127128263337,29.511918274687854,5.561861520998865,85.56818181818183,44.741332163863376,81.98403648802737,67.82858573948698
3596,智易,通信網路,162.0,-1.2195121951219523,206193088.975,True,19.286871961102108,70.54161162483487,3.96,2026-06-01,False,78.43137254901961,-12.195121951219512,-0.3588986871159024,64.92985971943888,0.8433333333333328,79.96594778660612,9.534619750283769,0.340522133938706,25.652667423382518,38.40909090909091,30.780569600660403,20.86659064994299,54.23764652741197
2302,麗正,電子零組件,45.3,4.861111111111094,204979171.5475,True,78.33530106257379,23.645970937912814,45.71,2026-06-01,False,36.423841059602644,14.393939393939384,0.02178116835986251,81.76895306859205,14.056666666666665,37.57094211123723,88.42224744608399,57.888762769580026,65.60726447219069,74.77272727272727,64.85238881436383,71.72177879133409,46.61943448216951
2233,宇隆,汽車組件,192.5,-1.7857142857142905,203732342.825,True,91.62614802809293,11.162483487450462,7.58,2026-06-01,False,13.513513513513514,-7.228915662650602,0.010134972452598898,50.45871559633027,1.96,12.599318955732123,21.45289443813848,51.98637911464245,4.6538024971623155,42.15909090909091,26.570297182953254,26.567844925883694,30.592017985159913
2374,佳能,消費性電子,69.3,-2.256699576868837,199152783.615,True,20.213640098603122,69.61690885072656,18.97,2026-06-01,False,89.47368421052632,3.124999999999991,0.041932792994742195,64.76635514018692,-17.47,90.74914869466515,66.06129398410897,65.72077185017025,25.425652667423382,11.022727272727273,51.795918893819,43.38654503990878,48.37501310447208
8383,千附,電子設備,69.1,-2.812939521800284,198687742.7,True,27.787610619469028,62.54953764861294,200.07,2026-06-01,False,77.92207792207793,-18.224852071005923,-0.010456077223489872,76.43805309734513,105.24666666666666,79.3416572077185,3.40522133938706,41.88422247446084,53.00794551645856,97.8409090909091,55.0959911257868,95.66704675028507,81.15285703376877
6491,晶碩,醫療耗材,361.5,-0.5502063273727598,196719432.575,True,21.090473337327744,68.89035667107001,33.94,2026-06-01,False,38.88888888888889,7.91044776119403,0.18149499324405197,95.3825857519789,3.756666666666664,39.61407491486947,79.45516458569807,94.32463110102157,93.53007945516458,49.09090909090909,71.20297182953257,62.485746864310144,54.04368416216153
2915,潤泰全,百貨批發,60.8,0.3300330033003229,195677574.01500002,True,40.896812533765534,53.03830911492734,12.84,2026-06-01,False,40.0,16.92307692307692,0.1808935382797724,100.0,22.96333333333333,41.03291713961407,90.12485811577753,94.21112372304201,98.86492622020431,86.47727272727272,82.14221958518212,33.97947548460662,45.93811518216187
6202,盛群,半導體,57.3,-4.975124378109452,192552588.22750002,True,72.95285359801488,27.542932628797885,30.93,2026-06-01,False,35.11450381679389,0.35026269702275964,0.05300605505216279,77.74762550881952,16.116666666666667,36.095346197502835,55.05107832009081,70.03405221339388,57.20771850170261,78.18181818181819,59.31400268290166,58.49486887115165,49.186713812566566
3014,聯陽,半導體,130.0,-1.1406844106463865,188786743.775,True,41.38303619665046,52.57595772787318,-1.12,2026-06-01,False,70.99236641221374,0.3861003861003861,-0.05523086613946689,77.1513353115727,3.4033333333333333,72.8717366628831,55.50510783200908,21.112372304199774,55.39160045402951,47.61363636363637,50.498890723351565,14.709236031927023,46.86686632920763
1709,和益,清潔劑,32.7,-0.15267175572518665,184960820.3425,True,58.83306320907617,38.57331571994716,70.14,2026-06-01,False,40.0,16.370106761565843,0.08528399986171832,99.84732824427482,43.870000000000005,41.03291713961407,89.78433598183881,80.13620885357548,97.61634506242906,93.86363636363636,80.48668868021876,84.37856328392246,58.310872376031696
2855,統一證,證券,46.85,0.5364806866952732,183928692.2475,True,45.05672609400324,49.66974900924703,199.02,2026-06-01,False,12.5,7.331042382588782,0.009100035376861488,79.27241962774958,-344.1766666666666,11.804767309875142,77.5255391600454,51.64585698070374,60.27241770715096,1.25,40.49971623155505,95.55302166476625,47.52616688043673
5314,世紀*,其他,19.55,9.831460674157299,183048475.52249998,True,6.378132118451026,81.57199471598415,167.87,2026-06-01,False,78.26086956521739,-67.84539473684211,0.01792981077811326,13.576388888888891,13.219999999999999,79.73893303064699,0.22701475595913734,55.27809307604994,0.4540295119182747,73.75,41.88961407491486,94.98289623717217,68.73721100594457
2867,三商壽,壽險,9.82,1.1328527291452062,182330549.0925,True,24.896265560165975,65.05944517833554,154.94,2026-05-01,False,64.94638069705094,3.2597266035751895,0.29484842009425016,99.19191919191918,144.58666666666667,66.51532349602725,66.62883087400681,99.43246311010215,97.50283768444949,98.29545454545455,85.67498194200806,94.4127708095781,72.950525279012
5443,均豪,電子設備,106.5,0.0,181584595.83999997,True,81.25337655321448,20.409511228533685,-10.09,2026-06-01,False,36.36363636363637,8.673469387755102,0.060949992983672686,77.45454545454545,-0.2833333333333332,37.230419977298524,81.1577752553916,72.41770715096482,56.526674233825204,34.88636363636364,56.44378805076875,7.183580387685291,29.945724835854353
3704,合勤控,通信網路,41.35,-4.503464203233243,177054013.72500002,True,37.222574508560555,55.746367239101716,47.87,2026-06-01,False,66.66666666666666,-12.671594508975712,-0.0929894964108096,82.0436507936508,7.073333333333338,68.44494892167991,8.853575482406356,11.577752553916005,66.96935300794551,60.909090909090914,43.35094417500774,73.31812998859749,74.96971410895414
1514,亞力,電機製品,100.0,-1.9607843137254943,174839424.1,True,62.99297676931388,35.468956406869225,39.69,2026-06-01,False,45.45454545454545,-6.976744186046512,-0.02523264840783979,66.88963210702342,23.363333333333333,46.25425652667423,22.304199772985246,34.39273552780931,30.192962542565265,86.93181818181817,44.01519451037044,67.27480045610034,55.354454938088644
1711,永光,染料及顏料,38.45,-2.7812895069532106,173250652.39000002,True,99.76047904191617,1.2549537648612945,15.49,2026-06-01,False,16.666666666666664,1.989389920424403,0.07238989104041323,62.01612903225807,7.6433333333333335,16.23155505107832,62.08853575482406,76.16345062429058,19.182746878547103,61.93181818181818,47.11962129811165,37.97035347776511,27.824029913141622
3675,德微,電子零組件,274.0,-6.802721088435371,170135873.025,True,87.41220961642355,14.927344782034346,29.99,2026-06-01,False,24.503311258278146,2.4299065420560746,-0.07263141197685277,60.88888888888889,5.486666666666665,24.51759364358683,64.01816118047672,14.869466515323495,17.0261066969353,54.88636363636363,35.0635383345372,57.58266818700114,33.777051836761636
5471,松翰,半導體,56.2,-3.7671232876712257,168002215.29999998,True,65.85629389519178,33.091149273447826,47.67,2026-06-01,False,45.038167938931295,-0.35460992907800665,-0.07560884113221236,83.13609467455623,14.20666666666667,45.743473325766175,51.759364358683314,14.415437003405222,70.03405221339388,75.22727272727273,51.43591992570426,73.20410490307869,59.30556652088885
3587,閎康,檢測驗證,242.0,-2.6156941649899346,167859223.3,True,95.45945945945947,6.67107001321004,11.01,2026-06-01,False,33.33333333333333,-1.4256619144602851,-0.022475410787554266,61.111111111111114,-9.126666666666667,33.82519863791146,46.424517593643586,34.96027241770715,17.480136208853576,17.045454545454543,29.947115880714062,31.185860889395666,34.016669535629276
2466,冠西電,光電及I/O,97.0,7.538802660753885,166914117.605,True,22.23869532987398,67.56935270805813,53.03,2026-06-01,False,69.33333333333334,-17.796610169491526,-0.01836631225477258,79.50819672131148,55.50666666666667,71.16912599318955,3.6322360953461974,36.776390465380246,61.123723041997735,95.9090909090909,53.722113301000924,77.19498289623718,76.46389895901956
6155,鈞寶,電子零組件,57.4,-4.966887417218546,166085502.03,True,57.48244192328471,39.86129458388375,47.94,2026-06-01,False,62.913907284768214,-3.529411764705885,-0.03460306258727981,58.2741116751269,12.403333333333329,64.35868331441543,35.64131668558456,30.192962542565265,12.372304199772985,72.61363636363637,43.035780621194924,73.48916761687572,53.64470961136989
8422,可寧衛*,資源回收,27.1,2.457466918714557,163698317.69,True,99.18962722852513,2.97225891677675,50.34,2026-06-01,False,4.3478260869565215,2.6515151515151625,0.13820720157241753,10.840000000000002,-29.14666666666666,3.064699205448354,64.81271282633371,88.53575482406356,0.340522133938706,6.4772727272727275,32.646192343411414,75.37058152793614,28.49077251024737
4707,磐亞,清潔劑,32.9,2.1739130434782483,163615586.3625,True,98.21717990275528,3.7648612945838837,30.81,2026-06-01,False,20.0,0.15220700152206135,-0.009825252827294613,73.1111111111111,38.58,20.03405221339387,53.91600454029511,42.33825198637911,46.31101021566402,92.95454545454545,51.110772882055514,58.38084378563284,42.7024754185989
3221,台嘉碩,電子零組件,46.5,-4.810644831115662,162608982.755,True,51.7825311942959,44.18758256274769,26.6,2026-06-01,False,69.5364238410596,0.0,0.007501603370096991,70.13574660633485,8.286666666666669,71.3961407491487,53.40522133938707,51.0783200908059,38.819523269012485,63.97727272727273,55.735295635125375,52.62257696693272,52.35825491142671
6903,巨漢,電子設備,323.5,0.0,162267980.075,True,43.69114877589454,51.056803170409516,163.86,2026-06-01,False,71.42857142857143,-10.13888888888889,-0.04460624812658747,74.53917050691244,-66.15666666666667,73.09875141884223,13.734392735527809,25.993189557321227,49.60272417707151,2.9545454545454546,33.07672066866165,94.86887115165337,75.95898850300982
3617,碩天,電子零組件,255.5,-1.7307692307692357,159952913.6,True,24.004550625711037,65.78599735799207,25.6,2026-06-01,False,85.43046357615894,20.803782505910164,0.19696736833458867,98.26923076923076,9.496666666666666,86.83314415437003,92.28149829738933,95.11918274687855,96.93530079455165,66.5909090909091,87.55200701681974,50.969213226909915,60.614039969610566
2498,宏達電,消費性電子,39.5,-3.422982885085568,159940795.94750002,True,49.744897959183675,45.83883751651255,-8.53,2026-06-01,False,52.63157894736842,-5.615292712066909,0.00960361632146644,53.02013422818792,2.8066666666666666,54.199772985244046,28.263337116912602,51.87287173666289,6.696935300794552,45.56818181818182,37.32021979155918,8.095781071835804,35.18228806024045
3515,華擎,電腦及週邊,216.5,-1.814058956916098,159865166.275,True,29.227444624527283,61.88903566710701,47.6,2026-06-01,False,67.24137931034483,3.588516746411483,0.07505468880910364,64.14814814814814,52.74,69.46651532349603,67.7639046538025,77.07150964812712,23.04199772985244,95.45454545454545,66.5596945619647,73.09007981755985,49.45867205427645
1210,大成,油脂飼料,53.0,1.9230769230769162,158909331.01500002,True,24.149108589951375,65.62087186261559,12.17,2026-06-01,False,62.5,-7.82608695652174,-0.12216509621067098,90.1360544217687,3.286666666666667,63.847900113507386,19.863791146424518,7.71850170261067,84.4494892167991,47.27272727272727,44.63048189041379,32.953249714937286,65.34671197470482
6693,廣閎科,半導體,172.5,-4.6961325966850875,156576024.25,True,46.973365617433416,48.282694848084546,106.98,2026-06-01,False,63.358778625954194,-7.008086253369273,-0.07623009582030103,62.38698010849909,4.36666666666666,64.58569807037458,22.02043132803632,14.301929625425652,19.863791146424518,51.36363636363637,34.42709730677949,91.22006841505132,63.41228157595352
3236,千如,電子零組件,43.4,-3.7694013303769425,155136938.20999998,True,73.61460957178842,26.75033025099075,11.93,2026-06-01,False,43.04635761589404,-5.85683297180044,-0.035331537502325934,59.45205479452055,-5.733333333333334,43.35981838819523,27.128263337116916,30.0794551645857,14.755959137343927,21.59090909090909,27.38288102363017,32.611174458380844,40.89967216170077
8070,長華*,電子通路,54.4,9.898989898989896,153909015.35,True,94.46854663774403,8.190224570673713,32.82,2026-06-01,False,9.803921568627452,14.889123548046456,0.13191114161633274,83.30781010719755,3.716666666666665,8.796821793416571,88.7627695800227,87.62769580022702,70.37457434733257,48.97727272727273,60.90782684965431,60.66134549600912,37.76749301418389
2548,華固,建設,93.6,0.42918454935620964,153378475.13500002,True,21.177741761210157,68.82430647291942,-88.82,2026-06-01,False,70.17543859649122,-8.235294117647065,-0.3724264623920134,70.9090909090909,-12615.72,72.0771850170261,17.593643586833142,0.22701475595913734,41.43019296254257,0.11363636363636363,26.28833453719946,0.34207525655644244,49.06395241232299
3029,零壹,資訊服務,107.5,-1.82648401826484,152464330.355,True,68.39546191247973,31.241743725231174,13.58,2026-06-01,False,10.869565217391305,0.46728971962616817,0.1421419345272326,84.31372549019608,-4.813333333333334,9.988649262202042,55.73212258796821,89.78433598183881,72.75822928490352,24.09090909090909,50.47084924156433,34.6636259977195,40.41959548921421
4906,正文,通信網路,34.2,-4.602510460251041,151809005.33500004,True,95.00342231348392,7.397622192866579,-5.24,2026-06-01,False,13.725490196078432,-1.2987012987012865,-0.027575203506580447,64.04494382022473,8.216666666666669,12.712826333711691,46.878547105561864,32.91713961407491,22.92849035187287,63.63636363636363,35.81467340831699,10.376282782212087,24.784763090558695
4772,台特化,其他化學,251.0,-1.5686274509803977,151309981.25,True,1.2987012987012987,88.24306472919419,272.73,2026-06-01,False,100.0,3.71900826446281,0.04899745459111159,66.75531914893617,31.383333333333354,99.31895573212259,68.33144154370035,68.1044267877412,29.852440408626563,90.79545454545455,71.28054380352906,97.14937286202965,64.49733186476962
3388,崇越電,電子通路,101.0,9.54446854663773,151193163.155,True,83.52242031334414,18.494055482166445,18.97,2026-06-01,False,15.686274509803921,37.60217983651225,-0.028807172457223872,83.47107438016529,-6.023333333333337,14.699205448354144,97.8433598183882,32.00908059023836,70.60158910329172,21.022727272727273,47.23519244659994,43.38654503990878,32.71099494329161
2329,華泰,半導體,43.1,-2.488687782805432,150353295.3425,True,47.325361862806794,47.754293262879784,3.62,2026-06-01,False,61.832061068702295,-4.646017699115047,-0.048831131901041915,61.659513590844064,-0.4233333333333329,63.33711691259932,32.00908059023836,23.609534619750285,18.842224744608398,34.659090909090914,34.49140955525745,20.524515393386544,42.67369411508898
1708,東鹼,其他化學,50.1,2.6639344262295195,146952964.2825,True,33.00634737449509,58.91677675033024,3.25,2026-06-01,False,50.0,-6.003752345215752,-0.006674312326211275,81.19935170178282,-17.959999999999997,51.475595913734395,26.4472190692395,44.72190692395006,64.35868331441543,10.681818181818182,39.53704468063152,20.068415051311288,52.3638688025554
1609,大亞,電纜,36.95,-1.3351134846461998,146853522.0375,True,36.466774716369535,56.27476882430648,22.67,2026-06-01,False,36.36363636363637,-1.5978695073235536,0.028139980313657827,78.11839323467231,2.3766666666666687,37.230419977298524,45.2894438138479,60.27241770715096,57.77525539160045,43.86363636363637,48.88623465070684,48.004561003420754,49.430198139617964
6432,今展科,電子零組件,67.8,-5.174825174825182,145175971.435,True,70.17828200972447,29.788639365918097,18.87,2026-06-01,False,47.019867549668874,-2.865329512893983,-0.010781423545420457,78.02071346375143,1.2633333333333319,47.90011350737798,38.93303064699206,41.543700340522136,57.548240635641314,39.43181818181819,45.07138066247033,43.10148232611174,52.404201455534746
2727,王品,餐飲飯店,232.5,0.0,144587907.575,True,1.4962593516209477,87.71466314398944,16.59,2026-06-01,False,68.0,2.8761061946902653,0.2584576801846306,93.37349397590361,1.6766666666666676,69.97729852440409,65.38024971623156,98.41089670828603,90.69239500567537,41.02272727272727,73.09671344546487,40.364880273660205,58.91358102187702
1736,喬山,家電製品,129.0,-1.9011406844106515,143749153.925,True,0.28935185185185186,92.27212681638045,14.49,2026-06-01,False,88.88888888888889,-8.8339222614841,0.06424262192015087,70.49180327868852,6.9799999999999995,89.95459704880817,16.458569807037456,73.32576617480136,39.38706015891033,60.56818181818182,55.93883500154783,36.37400228050171,62.31427242029569
2061,風青,電纜,48.0,-6.976744186046513,143230010.93499997,True,56.34057971014492,40.88507265521796,31.46,2026-06-01,False,18.181818181818183,-6.066536203522507,-0.04499279145372883,57.831325301204814,13.573333333333334,18.047673098751417,26.106696935300793,25.76617480136209,11.350737797956867,74.20454545454545,31.095165617583326,58.95096921322691,40.5606707936586
7822,倍利科,電子設備,897.0,0.0,143167041.3,True,3.0927835051546393,84.94055482166446,50.72,2026-06-01,False,94.8051948051948,3.3410138248847927,0.04963287397986246,49.15068493150685,-18.78,95.45970488081726,67.08286038592507,68.44494892167991,3.859250851305335,10.340909090909092,49.03753482612733,75.7126567844926,51.98718803267253
6937,天虹,電子設備,270.0,-3.9145907473309594,142709934.75,True,73.49768875192603,26.948480845442536,64.17,2026-06-01,False,49.35064935064935,0.5586592178770949,0.08185956041834935,76.81365576102418,28.663333333333334,50.73779795686719,56.186152099886485,78.88762769580022,54.14301929625426,89.88636363636363,65.96819213703436,82.09806157354618,57.69818168169529
3594,磐儀,電腦及週邊,50.5,-4.356060606060597,140648361.10999998,True,40.430622009569376,53.36856010568032,43.85,2026-06-01,False,51.724137931034484,3.2719836400818028,0.05592182006351001,84.16666666666667,-5.313333333333333,53.46197502837684,66.85584562996596,71.05561861521,72.53121452894437,22.727272727272727,57.32638530595398,70.1254275940707,57.31569288035649
4739,康普,其他化學,87.0,-3.5476718403547713,139501421.82000002,True,4.67397576457011,82.89299867899604,113.79,2026-06-01,False,81.25,4.945717732207472,-0.018974715539984227,66.92307692307692,-3.203333333333333,83.20090805902383,71.96367763904654,36.54937570942111,30.419977298524405,28.18181818181818,50.06315137756681,91.67616875712656,58.333344118907064
5469,瀚宇博,印刷電路板,74.0,-1.2016021361815787,136025775.335,True,89.9513776337115,12.087186261558784,15.36,2026-06-01,False,34.883720930232556,4.964539007092199,-0.014073966782541521,66.3677130044843,7.023333333333333,35.64131668558456,72.0771850170261,40.40862656072645,29.05788876276958,60.79545454545454,47.596094314312246,37.51425313568985,32.534068391754474
6175,立敦,電子零組件,74.8,-3.2341526520051733,135883879.205,True,93.13884386817936,9.478203434610304,43.96,2026-06-01,False,15.894039735099339,-14.903299203640511,0.029708290062692367,64.20600858369099,15.67666666666667,15.096481271282633,6.129398410896708,61.06696935300795,23.496027241770715,77.61363636363636,36.68050252811887,70.29646522234891,50.68989383112638
8091,翔名,電子設備,221.0,-3.913043478260869,134099847.4,True,89.62722852512157,12.648612945838838,71.7,2026-06-01,False,23.376623376623375,-9.053497942386832,-0.006872786470294049,74.91525423728814,8.63666666666667,23.382519863791146,16.23155505107832,44.49489216799092,50.62429057888763,64.77272727272727,39.90119698689506,84.94868871151652,60.68098602577925
3592,瑞鼎,半導體,221.5,-3.4858387799564294,133430474.475,True,51.344086021505376,44.517833553500665,18.59,2026-06-01,False,57.25190839694656,-6.342494714587738,-0.01757783335367138,73.34437086092716,1.913333333333334,59.25085130533485,24.858115777525537,37.911464245175935,46.99205448354143,41.70454545454545,42.14340625322465,42.7594070695553,56.03604927022651
6613,朋億*,電子設備,255.0,-2.857142857142858,133415627.5,True,93.94921663965424,8.520475561426684,120.45,2026-06-01,False,15.584415584415584,-20.80745341614907,-0.1876173282751955,65.38461538461539,42.78666666666666,14.52894438138479,2.2701475595913734,2.724177071509648,26.901248581157777,93.63636363636364,28.012176246001445,92.24629418472064,57.851584896917956
6477,安集,光電及I/O,38.4,-0.13003901170351995,132176922.5625,True,97.01492537313433,4.623513870541611,-10.45,2026-06-01,False,8.0,-9.327036599763879,-0.031225697450420177,84.02625820568927,-14.206666666666667,6.81044267877412,15.32349602724177,31.101021566401815,71.96367763904654,13.295454545454547,27.698818491383758,6.727480045610035,42.544526084047234
2633,台灣高鐵,陸運,25.9,-0.38461538461539435,131449855.05250001,True,11.939492166396542,76.88243064729194,2.77,2026-06-01,False,76.87667560321717,-0.7662835249042255,-0.09724132480816419,90.2439024390244,-1.4033333333333329,78.54710556186151,50.05675368898979,11.237230419977298,84.90351872871736,31.818181818181817,51.312558043545565,18.92816419612315,58.080508699428066
2355,敬鵬,印刷電路板,41.25,-2.5974025974025983,131419685.17500003,True,37.32512590934527,55.54821664464994,4.44,2026-06-01,False,86.04651162790698,-3.055229142185657,0.00711362162700248,61.56716417910447,0.04999999999999982,87.17366628830874,37.911464245175935,50.96481271282634,18.388195232690123,35.90909090909091,46.069445877618406,21.322690992018245,47.24327206696029
3416,融程電,電腦及週邊,176.0,-4.347826086956519,125515665.6,True,60.45380875202593,37.45046235138705,24.3,2026-06-01,False,34.48275862068966,0.5714285714285714,0.12743102869080108,86.69950738916256,-20.05,34.846765039727586,56.64018161180476,86.71963677639046,77.5255391600454,9.545454545454547,53.05551542668455,49.37286202964653,51.27624615440369
6215,和椿,電子設備,101.5,-2.4038461538461564,125489541.44000001,True,61.04808211777417,36.9220607661823,30.49,2026-06-01,False,63.63636363636363,5.39979231568017,0.021703648961485068,67.66666666666666,-21.26,64.98297389330307,73.09875141884223,57.77525539160045,32.576617480136214,8.977272727272727,47.482174182230935,57.92474344355758,45.59639584953866
4760,勤凱,電子零組件,246.0,-2.1868787276341894,123386704.6,True,53.43680709534369,42.8665785997358,64.8,2026-06-01,False,68.21192052980133,-0.2028397565922921,-0.05298100479807502,52.56410256410257,0.5633333333333326,70.14755959137344,52.667423382519864,21.906923950056754,6.242905788876277,37.5,37.69296254256527,82.32611174458381,51.51228843557841
3689,湧德,電子零組件,107.0,-2.2831050228310557,122139398.41,True,31.388438681793623,60.270805812417436,72.66,2026-06-01,False,82.11920529801324,-2.28310502283105,-0.04741235479761744,75.35211267605634,26.946666666666665,83.65493757094211,41.43019296254257,24.290578887627696,51.305334846765035,88.97727272727273,57.931663399030036,85.17673888255416,69.67670458442969
2362,藍天,電腦及週邊,47.2,-2.680412371134011,121940422.56249997,True,0.05402485143165856,95.87186261558784,30.25,2026-06-01,False,98.27586206896551,9.132947976878619,0.12637722032960097,90.94412331406552,13.166666666666668,97.72985244040862,82.06583427922814,86.60612939841089,86.03859250851306,73.4090909090909,85.16989990713031,57.81071835803877,64.87833225693308
2845,遠東銀,本國銀行,13.45,-1.1029411764705954,121578263.45,True,88.0064829821718,14.332892998678995,20.15,2026-06-01,False,11.11111111111111,0.37313432835820104,0.19781221504706953,96.07142857142857,-4.456666666666667,10.272417707150964,55.164585698070375,95.57321225879683,94.09761634506243,24.772727272727273,55.97611185636157,44.81185860889396,48.50432674075925
3010,華立,電子通路,128.0,0.39215686274509665,119990537.375,True,70.23230686115613,29.689564068692203,13.92,2026-06-01,False,25.49019607843137,10.344827586206897,0.09685777897810832,90.14084507042254,-4.3100000000000005,25.312145289443816,84.10896708286039,81.72531214528944,84.56299659477867,25.0,60.14188422247446,35.00570125427594,40.192969013909504
3289,宜特,檢測驗證,134.0,-3.942652329749108,118957402.9,True,88.61940298507463,13.738441215323647,-1.56,2026-06-01,False,50.0,-7.903780068728522,0.040902535025379994,63.657957244655584,0.14666666666666628,51.475595913734395,19.750283768444948,65.38024971623156,22.13393870601589,36.13636363636364,38.97528634815809,14.139110604332952,41.999590363909576
1722,台肥,藥,45.9,0.879120879120876,117133136.05499999,True,99.78390059427336,1.0237780713342142,-10.47,2026-06-01,False,2.2222222222222223,-2.5477707006369488,-0.007274504589074045,84.68634686346863,-9.423333333333334,1.1350737797956867,40.40862656072645,44.04086265607264,74.00681044267877,16.818181818181817,35.281911051491065,6.499429874572406,35.3081718840801
2439,美律,消費性電子,79.0,-0.8782936010037656,116879480.74000001,True,42.247433819556996,51.981505944517835,0.15,2026-06-01,False,63.1578947368421,-6.729634002361279,-0.22395412578590573,65.83333333333333,-1.3266666666666667,64.472190692395,23.83654937570942,1.4755959137343928,28.093076049943242,32.15909090909091,30.007300588174594,16.590649942987458,46.32984182740407
3028,增你強,電子通路,65.6,-2.235469448584204,115069269.465,True,17.990275526742302,71.82959048877147,65.62,2026-06-01,False,76.47058823529412,-1.2048192771084507,-0.09069731848347226,77.72511848341232,-25.85666666666667,78.14982973893304,47.21906923950057,11.804767309875142,57.094211123723035,7.386363636363637,40.330848209679075,82.55416191562144,67.64478338469424
6788,華景電,電子設備,352.5,-3.159340659340659,114813116.7,True,57.16694772344013,40.158520475561424,6.32,2026-06-01,False,67.53246753246754,-0.423728813559322,0.08181789679924673,67.39961759082217,-4.546666666666667,69.5800227014756,51.41884222474461,78.77412031782066,31.55505107832009,24.545454545454547,51.1746981735631,24.059293044469783,43.44388114988021
5864,致和證,證券,33.5,-0.5934718100890302,114473316.42250001,True,0.33738191632928477,91.54557463672391,107.08,2026-06-01,False,87.5,2.2900763358778624,-0.056211319732829716,62.5,-724.4033333333332,88.7627695800227,63.45062429057889,20.885357548240634,20.090805902383654,0.9090909090909091,38.81972964606335,91.33409350057012,59.1842611730994
5284,jpp-KY,電子零組件,300.5,1.1784511784511675,114384064.275,True,69.43502824858757,30.38309114927345,32.06,2026-06-01,False,48.34437086092716,2.5597269624573378,0.019048789356747357,65.32608695652173,-11.283333333333331,49.48921679909194,64.472190692395,55.95913734392736,26.560726447219068,14.886363636363637,42.2735269837994,59.692132269099204,42.8174712057538
4583,台灣精銳,機械,472.0,-4.742684157416754,114152450.825,True,54.370797310278576,42.27212681638045,29.98,2026-06-01,False,60.60606060606061,-18.33910034602076,0.23933085909724844,58.05658056580566,6.006666666666668,62.08853575482406,3.2917139614074915,97.61634506242906,12.031782065834278,57.04545454545455,46.414766277989884,57.41163055872291,57.060058604493435
2328,廣宇,電子零組件,43.9,-3.3039647577092546,113434266.73500001,True,99.78390059427336,1.0237780713342142,-0.74,2026-06-01,False,1.3245033112582782,-5.793991416309019,0.03362924233334181,70.80645161290322,4.680000000000001,0.340522133938706,27.24177071509648,62.6560726447219,40.97616345062429,52.159090909090914,36.67472397069446,15.621436716077536,32.42408789638601
6933,AMAX-KY,電腦及週邊,191.5,-0.26041666666666297,113197094.25,True,25.11144130757801,64.79524438573316,26.6,2026-06-01,False,75.86206896551724,9.428571428571429,0.040611378154134216,83.62445414847161,-23.383333333333326,77.5255391600454,82.74687854710557,65.03972758229285,70.94211123723042,7.954545454545454,60.841760396243934,52.62257696693272,54.58583720427575
5392,能率,電子零組件,45.85,-1.3978494623655857,112563300.43000002,True,55.775577557755774,41.28137384412153,9.16,2026-06-01,False,64.90066225165563,8.649289099526063,0.06636992464988226,78.51027397260275,4.1433333333333335,66.2883087400681,81.04426787741204,74.23382519863792,58.56980703745743,50.34090909090909,66.09542358889692,28.734321550741164,43.137042362713665
6664,群翊,電子設備,328.5,-3.9473684210526327,112406844.15,True,90.76175040518638,11.55878467635403,19.32,2026-06-01,False,22.07792207792208,-7.9831932773109235,0.01843746446502963,68.4375,7.020000000000001,22.13393870601589,19.409761634506243,55.73212258796821,34.165720771850175,60.68181818181818,38.424672376431744,43.78563283922463,45.16888267064611
3526,凡甲,電子零組件,281.0,-1.5761821366024553,109877593.775,True,58.562938951917886,38.93659180977543,29.72,2026-06-01,False,62.251655629139066,-9.06148867313916,-0.2901384486341422,71.13924050632912,-0.9833333333333343,63.56413166855845,16.11804767309875,0.681044267877412,41.88422247446084,33.52272727272727,31.154034671344544,56.613454960091225,61.48594035750295
3209,全科,電子通路,51.2,-1.9157088122605415,108905020.99000001,True,15.343057806591032,73.57992073976222,170.41,2026-06-01,False,78.43137254901961,-10.645724258289693,-0.08663165091852422,62.8992628992629,74.96,79.96594778660612,12.485811577752553,12.258796821793416,20.54483541430193,96.47727272727272,44.34653286554535,95.096921322691,70.78047323646163
6279,胡連,汽車組件,126.5,-1.171875,108834009.9,True,5.348460291734198,82.36459709379128,41.2,2026-06-01,False,91.8918918918919,7.203389830508475,0.25767707743145934,84.0531561461794,13.993333333333336,92.62202043132804,77.29852440408627,98.29738933030647,72.0771850170261,74.43181818181817,82.94538747291303,68.4150513112885,63.953933088889094
1229,聯華,油脂飼料,40.95,-0.4860267314702238,107256485.18249997,True,30.47001620745543,60.96433289299868,-52.01,2026-06-01,False,50.0,0.7380073800738112,0.02600824510681486,81.25000000000001,-16.593333333333334,51.475595913734395,57.548240635641314,59.25085130533485,64.58569807037458,11.363636363636363,48.8448044577443,1.1402508551881414,39.91332605091395
2401,凌陽,半導體,25.35,-4.8780487804877986,107071896.7475,True,92.47572815533981,10.501981505944517,35.25,2026-06-01,False,17.557251908396946,-8.152173913043478,-0.06735790428001374,72.63610315186247,9.239999999999998,17.480136208853576,18.274687854710557,16.91259931895573,45.6299659477866,65.9090909090909,32.841296047879474,63.625997719498294,52.11535300535698
3013,晟銘電,電子零組件,83.1,-2.579132473622514,106332300.72,True,21.90537913156189,68.09775429326288,26.51,2026-06-01,False,87.41721854304636,-4.70183486238533,0.0553596187737486,59.357142857142854,3.5500000000000043,88.42224744608399,31.782065834279226,70.82860385925085,14.415437003405222,48.06818181818181,50.70330719224022,52.223489167616876,55.81977694570672
5309,系統電,汽車組件,52.2,-3.690036900368998,104297100.4075,True,87.65112262521589,14.72919418758256,4.19,2026-06-01,False,16.216216216216218,-3.3333333333333277,0.015413183501344603,63.814180929095365,-4.853333333333333,15.550510783200908,36.66288308740068,54.48354143019296,22.587968217934165,23.863636363636363,30.629707976473014,21.094640820980615,30.64255918367875
3217,優群,電子零組件,135.5,0.0,103251649.1,True,7.455429497568882,81.24174372523117,2.42,2026-06-01,False,95.36423841059603,-9.666666666666666,-0.22175508520680998,65.45893719806763,11.92,95.80022701475596,14.52894438138479,1.70261066969353,27.128263337116916,71.70454545454545,42.172918171499326,18.358038768529074,56.68939618475429
3645,達邁,印刷電路板,66.8,-3.32850940665701,101507113.245,True,47.93014230271669,47.15984147952444,2.7,2026-06-01,False,76.74418604651163,-6.573426573426577,0.0717102312797955,56.85106382978723,-3.5566666666666666,78.43359818388194,24.177071509648126,75.82292849035187,10.32917139614075,26.81818181818182,43.1161902796409,18.70011402508552,45.82145302386502
5243,乙盛-KY,電子零組件,88.2,-2.6490066225165476,101370724.19,True,54.67314964883847,42.00792602377807,38.27,2026-06-01,False,66.22516556291392,-0.8988764044943788,0.03334774252893364,65.33333333333333,29.560000000000002,67.30987514188422,49.03518728717366,62.42905788876277,26.67423382519864,90.22727272727272,59.135125374058404,66.59064994298745,52.884892905724165
5498,凱崴,印刷電路板,49.8,-2.734375000000011,101108889.3625,True,84.375,17.899603698811095,80.28,2026-06-01,False,51.162790697674424,4.8421052631578885,0.06099319865503729,59.92779783393502,6.533333333333346,53.121452894438136,71.3961407491487,72.53121452894437,15.32349602724177,59.43181818181819,54.36082447631823,87.115165336374,46.0409933772263
4123,晟德,藥,31.95,0.31397174254317317,101034431.56,True,82.86778398510242,19.28665785997358,2.93,2026-06-01,False,17.77777777777778,-16.03153745072273,-0.017359859166414474,64.74164133738601,-10.186666666666667,17.82065834279228,5.10783200908059,38.25198637911464,25.312145289443816,16.25,20.548524404086265,19.27023945267959,39.32380276895877
4766,南寶,樹脂,330.0,-0.6024096385542133,100831992.85,True,36.14262560777958,56.53896961690885,12.82,2026-06-01,False,42.857142857142854,-1.1976047904191618,-0.01460905359649043,75.25655644241733,-0.5566666666666666,43.1328036322361,47.4460839954597,40.18161180476731,51.19182746878547,34.090909090909086,43.208647198431535,33.8654503990878,45.185999376162414
1773,勝一,其他化學,155.0,-1.5873015873015928,100677316.25,True,55.42949756888168,41.611624834874505,20.49,2026-06-01,False,37.5,-8.55457227138643,-0.2270857061053344,79.48717948717949,-6.406666666666666,38.53575482406356,16.685584562996596,1.362088535754824,60.83995459704881,20.113636363636363,27.507403776700034,45.38198403648803,57.01802722365095
6190,萬泰科,電子零組件,65.5,-1.946107784431128,98668590.50000001,True,89.46515397082658,12.978863936591809,28.78,2026-06-01,False,20.52980132450331,-6.160458452722059,0.04340445734801246,71.19565217391305,-4.079999999999998,20.43132803632236,25.53916004540295,66.17480136208853,41.99772985244041,25.681818181818183,35.96496749561449,55.53021664766249,48.105028622755576
1215,卜蜂,油脂飼料,110.0,1.382488479262678,98409195.475,True,22.042139384116695,67.76750330250991,8.69,2026-06-01,False,75.0,-0.4524886877828055,-0.06124136222754968,67.2782874617737,6.216666666666667,76.50397275822928,51.305334846765035,19.296254256526673,31.32803632236095,57.840909090909086,47.25490145495821,28.164196123147097,46.17271758924308
4961,天鈺,半導體,160.0,-3.0303030303030276,98389307.75,True,70.01620745542951,29.920739762219284,24.76,2026-06-01,False,38.16793893129771,-0.9287925696594427,0.20216619171570482,88.64265927977839,17.59,39.16004540295119,48.80817253121453,95.91373439273553,81.4982973893303,80.11363636363636,69.09877721597358,49.9429874572406,55.448289429576896
2889,國票金,金融控股,15.6,-0.31948881789137795,96526190.59750001,True,58.50891410048622,39.03566710700132,100.04,2026-06-01,False,84.61538461538461,-1.2658227848101333,-0.0025354061542295346,88.63636363636363,-1196.24,86.20885357548241,46.99205448354143,46.651532349602725,81.38479001135074,0.6818181818181818,52.3838097203591,90.07981755986317,77.67035166578871
8436,大江,藥,124.5,1.2195121951219523,96492544.675,True,24.79740680713128,65.22457067371202,-14.6,2026-06-01,False,44.44444444444444,7.792207792207792,-0.11858654407047567,78.30188679245283,-11.153333333333332,44.892167990919404,78.88762769580022,8.39954597048808,58.11577752553916,15.113636363636363,41.08175110927665,4.903078677309008,32.25584912449184
7792,安葆,電機製品,262.5,4.166666666666674,95907066.95,True,3.787878787878788,83.75165125495376,28.27,2026-06-01,False,90.9090909090909,23.52941176470588,0.013417702430370361,64.65517241379311,16.66,92.05448354143019,93.98410896708286,53.34846765039728,24.6311010215664,79.0909090909091,68.62181405427717,54.96009122006842,44.41539170399554
6284,佳邦,電子零組件,75.9,-2.190721649484517,94787486.495,True,76.33711507293354,24.702774108322327,6.58,2026-06-01,False,38.41059602649007,-7.999999999999993,0.04989013158215559,61.20967741935485,12.003333333333334,39.27355278093076,19.182746878547103,68.67196367763904,17.93416572077185,71.93181818181819,43.39884944794139,24.9714937286203,40.74911633794395
4585,達明,機器人,299.0,-3.703703703703709,93836400.725,True,0.0,98.11756935270806,41.88,2026-06-01,False,98.08981233243968,-1.644736842105263,0.014196590955462225,37.375,13.466666666666665,97.61634506242906,44.60839954597049,53.91600454029511,0.681044267877412,74.0909090909091,54.182540501496234,68.87115165336374,55.640035359424935
6757,台灣虎航,空運,56.6,1.0714285714285676,91705179.415,True,25.26158445440957,64.66314398943197,27.12,2026-06-01,False,64.54423592493298,-3.4129692832764507,-0.027387698447910568,64.39135381114903,2.0166666666666657,65.72077185017025,36.322360953461974,33.14415437003405,24.290578887627696,42.5,40.395573212258796,54.16191562143672,51.96272635144317
2031,新光鋼,基本金屬,44.35,0.45300113250283935,91057280.64000002,True,10.189139719341062,78.73183619550859,7.82,2026-06-01,False,82.92682926829268,12.849872773536909,0.13732947064079523,95.37634408602152,0.5166666666666684,84.67650397275823,87.51418842224744,88.30874006810443,93.41657207718501,37.15909090909091,78.2150190898772,27.02394526795895,54.40070822391368
6416,瑞祺電通,電腦及週邊,92.5,-2.733964248159826,90767404.15,True,14.478660183684495,74.70277410832232,58.62,2026-06-01,False,82.75862068965517,-6.941649899396383,0.05101534792473527,86.85446009389672,36.00666666666666,84.33598183881952,22.587968217934165,68.78547105561861,77.63904653802497,92.38636363636363,69.14696625735218,79.47548460661345,79.71563619138095
2009,第一銅,基本金屬,38.75,-1.6497461928933976,90643451.05,True,16.27906976744186,72.91941875825627,15.46,2026-06-01,False,80.48780487804879,5.013550135501359,0.14685999577832795,70.58287795992713,1.8866666666666685,82.51986379114642,72.19069239500567,90.5788876276958,39.84108967082861,41.590909090909086,65.3442885151171,37.8563283922463,47.00664736480391
2204,中華,汽車製造,52.5,-0.19011406844107182,90374085.46000001,True,13.967766692248656,75.42932628797885,6.71,2026-06-01,False,75.46916890080428,-6.417112299465242,0.0477801815322929,82.03125,4.243333333333334,76.95800227014756,24.404086265607265,67.65039727582293,66.85584562996596,50.79545454545455,57.332757197399644,25.19954389965792,61.15232638354105
1515,力山,家電製品,31.95,-6.715328467153292,89980403.14750001,True,60.284605433376456,37.51651254953765,6.37,2026-06-01,False,27.77777777777778,-24.911868390129257,-0.05124623218171612,71.23745819397993,7.956666666666666,27.809307604994327,1.0215664018161181,22.8149829738933,42.56526674233825,62.727272727272734,31.38767929006294,24.287343215507413,48.41008779025597
3694,海華,通信網路,51.5,-2.2770398481973486,89579859.60999998,True,32.262474367737525,59.24702774108322,-4.76,2026-06-01,False,70.58823529411765,-22.32277526395173,-0.12697197647064157,51.243781094527364,1.083333333333334,72.41770715096482,1.70261066969353,6.696935300794552,5.448354143019296,39.09090909090909,25.071303271076257,10.775370581527936,46.73470530145463
2211,長榮鋼,基本金屬,80.9,-0.12345679012345512,89296777.38,True,25.383435582822084,64.53104359313078,47.25,2026-06-01,False,73.17073170731707,-8.4841628959276,0.020822527253211653,66.85950413223141,25.536666666666665,74.57434733257662,16.79909194097616,56.8671963677639,30.0794551645857,88.06818181818183,53.27765452481684,72.97605473204105,65.2076913220568
8227,巨有科技,半導體,149.5,-3.2362459546925515,89063345.35,True,1.3590033975084939,87.97886393659181,88.44,2026-06-01,False,93.12977099236642,-0.9933774834437087,-0.06594872171271492,60.040160642570285,-35.25,93.87060158910329,48.467650397275825,17.480136208853576,15.550510783200908,5.113636363636364,36.09650706841399,88.59749144811857,62.38773835578674
6530,創威,通信網路,80.8,-6.805074971164949,88662175.75,True,74.77039438141546,25.825627476882428,8.41,2026-06-01,False,41.17647058823529,15.759312320916907,-0.03799088413821954,60.52434456928839,-8.876666666666665,41.543700340522136,89.44381384790012,28.14982973893303,16.79909194097616,17.15909090909091,38.61910535548447,27.822120866590648,24.180274825047206
2402,毅嘉,印刷電路板,52.4,-3.676470588235292,88234685.58,True,78.84199134199135,23.249669749009247,21.7,2026-06-01,False,62.7906976744186,-9.655172413793107,0.0030376107348606867,67.43886743886743,4.876666666666665,64.24517593643587,14.642451759364357,49.148694665153236,31.782065834279226,52.95454545454545,42.55458672995563,46.7502850627138,57.03376876851614
1434,福懋,成衣,17.55,-0.28409090909091717,88129148.91,True,45.65099945975148,49.339498018494055,-1.45,2026-06-01,False,34.78260869565217,-7.631578947368417,-0.015027295697382216,89.769820971867,-1.1366666666666665,35.35754824063564,20.998864926220204,39.84108967082861,83.76844494892168,32.95454545454545,42.58409864823032,14.253135689851767,53.09506598829722
6761,穩得,檢測驗證,181.0,0.0,87610148.875,True,87.83433994823123,14.597093791281374,0.86,2026-06-01,False,66.66666666666666,16.025641025641026,-0.02779948929153646,78.69565217391305,2.2399999999999998,68.44494892167991,89.67082860385925,32.69012485811578,59.02383654937571,43.40909090909091,58.64776596842431,17.33181299885975,38.78244246651403
1809,中釉,玻璃陶瓷,38.0,-3.430749682337997,87533328.25750001,True,64.97737556561086,33.61955085865257,4.54,2026-06-01,False,33.33333333333333,-2.564102564102564,-0.01579767815066092,63.758389261744966,6.256666666666667,33.82519863791146,40.29511918274688,39.38706015891033,22.36095346197503,58.06818181818182,38.787302651945105,21.7787913340935,34.41745606280828
5234,達興材料,光電及I/O,303.0,-5.0156739811912265,87254734.575,True,76.55321447866018,24.50462351387054,21.77,2026-06-01,False,34.66666666666667,-11.532846715328466,-0.1191047280461666,65.5844155844156,10.176666666666666,35.07377979568672,10.783200908059024,8.286038592508513,27.582292849035188,67.8409090909091,29.91324424723971,46.97833523375142,49.712801742603574
9941,裕融,租賃,84.2,0.35756853396899935,85458692.63,True,9.724473257698541,79.06208718626155,-4.0,2026-06-01,False,79.02144772117963,0.9592326139088694,0.13824737155050804,77.6036866359447,-1.3000000000000003,80.93076049943247,58.796821793416576,88.64926220204313,56.980703745743476,32.27272727272727,63.52605510267258,11.174458380843785,47.57227520815079
3004,豐達科,機車船製造,122.5,-2.0000000000000018,84999269.8,True,64.34370771312584,34.081902245706736,46.56,2026-06-01,False,25.0,-13.427561837455832,-0.06401699247906853,76.8025078369906,5.426666666666669,24.801362088535754,8.059023836549375,18.615209988649262,54.029511918274686,54.659090909090914,32.03283974822,72.40592930444699,60.79444486867702
2323,中環,光電及I/O,11.1,-5.128205128205121,84797196.021,True,0.0,98.11756935270806,38.84,2026-06-01,False,96.66666666666667,5.714285714285711,0.05202461809546455,84.7328244274809,20.763333333333335,96.59477866061293,74.00681044267877,69.01248581157775,74.12031782065834,84.20454545454545,79.58778763801465,66.70467502850627,65.85324026677469
4743,合一,藥,47.4,1.0660980810234477,84655106.7375,True,47.63157894736842,47.49009247027741,26.46,2026-06-01,False,35.55555555555556,-0.8368200836820056,-0.06717176799446947,60.38216560509554,-16.923333333333332,36.43586833144155,49.48921679909194,17.0261066969353,16.34506242905789,11.25,26.109250851305337,52.109464082098064,38.85029451087639
3551,世禾,電子設備,172.5,-1.4285714285714235,84124035.875,True,72.93354943273907,27.60898282694848,26.06,2026-06-01,False,53.246753246753244,-9.921671018276761,-0.060835160534811,76.66666666666667,6.196666666666665,54.82406356413166,14.301929625425652,19.523269012485812,53.68898978433598,57.72727272727273,40.013104942730365,51.767388825541616,61.4946281371459
2515,中工,營造,11.75,-0.8438818565400852,83835326.955,True,31.064289573203673,60.56803170409511,-14.32,2026-06-01,False,33.33333333333333,-4.47154471544716,-0.13606071454597785,64.20765027322403,-46.123333333333335,33.82519863791146,32.69012485811578,6.129398410896708,23.609534619750285,4.318181818181818,20.114487668971208,5.017103762827822,32.440428040593446
4903,聯光通,通信網路,34.55,-2.6760563380281766,83582621.1525,True,12.87313432835821,76.0898282694848,4.66,2026-06-01,False,80.3921568627451,-0.14450867052024352,0.00511854364276388,64.94360902255639,-20.279999999999998,82.34960272417707,52.894438138479,50.17026106696936,25.879682179341657,9.431818181818182,44.14516045815706,22.006841505131128,44.33542206754271
2206,三陽工業,機車船製造,62.4,0.9708737864077666,82984241.20499998,True,29.821717990275527,61.393659180977544,-13.38,2026-06-01,False,66.66666666666666,-2.3474178403755865,0.1774859081210351,93.55322338830584,-3.876666666666667,68.44494892167991,41.20317820658343,93.87060158910329,91.03291713961409,25.90909090909091,64.09214735321433,5.359179019384264,55.908466718523705
3059,華晶科,消費性電子,39.3,-3.79436964504285,81954368.30749997,True,33.22528363047002,58.65257595772787,3.02,2026-06-01,False,78.94736842105263,-4.842615012106538,0.07609378858461119,62.38095238095238,-3.563333333333333,80.70374574347332,31.66855845629966,77.86606129398412,19.750283768444948,26.704545454545453,47.338638943349494,19.726339794754846,47.12795271259336
1563,巧新,汽車組件,62.0,0.0,80931956.23,True,87.13768115942028,15.059445178335535,21.46,2026-06-01,False,18.91891891891892,2.479338842975207,0.07545772508349545,87.32394366197182,6.146666666666668,18.728717366628832,64.1316685584563,77.63904653802497,78.43359818388194,57.61363636363637,59.30933340212569,46.52223489167617,44.888220470932666
6670,復盛應用,其他,261.5,0.0,80390234.9,True,39.92436520799568,53.89696169088507,7.85,2026-06-01,False,43.47826086956522,0.19157088122605362,0.12578335799994664,87.0216306156406,-15.083333333333334,43.70034052213394,54.14301929625426,86.37911464245175,77.97956867196368,12.5,54.940408626560725,27.137970353477765,48.66871506283028
6412,群電,電子零組件,76.9,-2.2871664548919868,79752652.77000001,True,32.36088600756348,59.18097754293263,-0.77,2026-06-01,False,78.80794701986756,-5.875152998776006,-0.08088973229137737,72.20657276995306,6.843333333333334,80.47673098751419,26.901248581157777,13.280363223609534,44.72190692395006,60.340909090909086,45.14423176142813,15.450399087799315,53.436947104526446
3312,弘憶股,電子通路,52.2,-1.5094339622641506,79526461.64750001,True,63.41991341991342,35.204755614266844,41.82,2026-06-01,False,31.372549019607842,9.548793284365171,-0.04865342196305183,71.31147540983606,14.84333333333333,31.498297389330304,83.20090805902383,23.72304199772985,42.79228149829739,76.5909090909091,51.5610876070581,68.75712656784494,39.961699349112195
6244,茂迪,光電及I/O,25.3,-5.243445692883886,79511292.965,True,66.05783866057838,32.826948480845445,65.82,2026-06-01,False,41.333333333333336,-2.1276595744680877,0.06976842626562786,69.6969696969697,26.919999999999995,41.77071509648127,42.22474460839955,75.36889897843359,37.457434733257664,88.86363636363637,57.13708595604169,82.78221208665907,54.94640432699961
6174,安碁,電子零組件,42.5,-5.764966740576504,79218727.17249998,True,47.21772015126958,47.886393659180975,26.9,2026-06-01,False,73.50993377483444,-13.617886178861793,-0.01777351971458948,67.46031746031747,-2.0500000000000007,74.91486946651533,7.377979568671964,37.3439273552781,32.00908059023836,31.022727272727273,36.533716850686204,53.59179019384265,63.28444017048109
6177,達麗,建設,49.1,0.9249743062692772,77986656.1425,True,10.46446558477896,78.20343461030383,1322.16,2026-06-01,False,84.21052631578947,3.259726603575193,-0.10735061559705801,88.3093525179856,743.4366666666667,85.64131668558457,66.74233825198638,9.648127128263337,80.36322360953461,99.6590909090909,68.41081931689196,99.54389965792474,74.70152542526438
2101,南港,輪胎,32.0,0.31347962382446415,77734116.38499999,True,0.15600624024961,93.85733157199472,328.25,2026-06-01,False,80.0,-5.185185185185185,-0.04481307763855005,72.07207207207207,115.70000000000002,81.72531214528944,30.30646992054484,25.879682179341657,44.154370034052214,98.06818181818183,56.026803219482,97.49144811858609,73.26616509434572
6620,漢達,藥,76.6,-0.777202072538874,77327539.875,True,98.07692307692307,3.896961690885073,-21.75,2026-06-01,False,6.666666666666667,-9.563164108618665,-0.036789091413137895,50.897009966777404,23.26333333333333,5.391600454029512,14.869466515323495,29.05788876276958,5.10783200908059,86.81818181818181,28.248993911877,3.30672748004561,24.734173356958053
6861,睿生光電,醫療耗材,198.5,-5.0239234449760755,77164981.25,True,84.48484848484848,17.8335535006605,12.61,2026-06-01,False,5.555555555555555,-5.924170616113744,0.07336724574914257,42.96536796536797,-26.95666666666667,4.597048808172531,26.787741203178207,76.50397275822928,1.70261066969353,6.931818181818182,23.304638324218345,33.409350057012546,28.2303170829251
9938,百和,其他紡織,41.2,-1.904761904761898,77118497.67249998,True,42.40950837385197,51.849405548216644,21.21,2026-06-01,False,51.742627345844504,-13.4453781512605,-0.2975084273368655,68.21192052980133,14.043333333333333,53.575482406356414,7.945516458569807,0.5675368898978433,33.82519863791146,74.6590909090909,34.11456506036529,46.29418472063854,56.43733732658415
8103,瀚荃,電子零組件,83.4,4.249999999999998,77072814.295,True,67.09886547811993,32.36459709379128,45.04,2026-06-01,False,51.65562913907284,7.4742268041237265,-0.025972139581212028,65.15625,15.376666666666662,53.34846765039728,77.97956867196368,33.82519863791146,26.106696935300793,77.27272727272727,53.706531833660094,71.37970353477765,43.213824862128014
2072,世紀風電,基本金屬,151.5,0.0,76623750.575,True,1.0101010101010102,88.96961690885072,101.11,2026-06-01,False,97.5609756097561,5.574912891986063,-0.06933973475352866,48.2484076433121,14.266666666666652,97.27582292849036,73.55278093076049,16.34506242905789,3.40522133938706,75.3409090909091,53.18395934372097,90.19384264538198,54.330526495624724
3709,鑫聯大投控,電子通路,68.6,-2.8328611898017053,76360876.9,True,1.8368449486763911,86.8229854689564,72.07,2026-06-01,False,90.19607843137256,-6.155950752393982,-0.042191958770650656,73.84284176533906,44.513333333333335,91.20317820658343,25.652667423382518,26.67423382519864,48.80817253121453,94.0909090909091,57.28583221545764,85.06271379703534,74.8553492778627
8105,凌巨,光電及I/O,13.8,-8.609271523178796,76262762.39500001,True,93.14115308151094,9.379128137384413,-8.9,2026-06-01,False,16.0,-21.813031161473077,0.07905166706553549,54.87077534791253,-3.0166666666666675,15.266742338251987,1.9296254256526675,78.43359818388194,8.172531214528945,28.863636363636363,26.53322670519038,7.8677309007981755,32.344344756981606
8255,朋程,電子零組件,146.5,-1.6778523489932917,76223168.05,True,36.08860075634792,56.60501981505944,5.78,2026-06-01,False,77.48344370860927,-1.0135135135135136,-0.010596184805710465,68.29836829836829,11.653333333333332,78.88762769580022,48.35414301929625,41.77071509648127,33.938706015891036,71.13636363636363,54.81751109276647,23.261117445838085,46.93332703455827
6245,立端,電腦及週邊,81.2,-4.470588235294115,76141623.39000002,True,92.16639654240952,10.83223249669749,14.08,2026-06-01,False,3.4482758620689653,2.1383647798742174,0.1118645792585014,88.8402625820569,-5.803333333333333,2.2701475595913734,62.6560726447219,84.22247446083996,81.72531214528944,21.477272727272727,50.47025590754308,35.34777651083238,39.17179089274782
5009,榮剛,基本金屬,32.85,-0.3034901365705611,75721384.29749998,True,49.59481361426256,45.97093791281374,12.93,2026-06-01,False,29.268292682926827,-2.5222551928783425,-0.05198470253510189,81.81818181818183,7.766666666666667,29.171396140749152,40.635641316685586,22.474460839954595,65.89103291713961,62.272727272727266,44.08905169745124,34.09350057012543,47.130072077832146
7805,威聯通,電腦及週邊,692.0,-1.2838801711840264,75391257.8,True,23.56687898089172,66.31439894319684,28.11,2026-06-01,False,77.58620689655173,11.43317230273752,0.580836749130347,84.39024390243902,13.176666666666668,79.00113507377979,85.58456299659478,100.0,72.8717366628831,73.63636363636363,82.21875967392427,54.846066134549595,55.283593718654416
3094,聯傑,半導體,36.3,-2.4193548387096975,75094384.10999998,True,64.23554835224203,34.28005284015852,74.09,2026-06-01,False,45.80152671755725,-6.080206985769732,-0.013857898216111292,80.22099447513811,36.64333333333334,46.878547105561864,25.879682179341657,40.52213393870602,61.9750283768445,92.5,53.5510783200908,85.97491448118586,67.23720194606264
3691,碩禾,光電及I/O,101.5,-3.3333333333333326,75035029.32000001,True,18.478260869565215,71.10303830911494,63.72,2026-06-01,False,70.66666666666667,-13.617021276595745,0.037018799827142165,59.882005899705014,-55.713333333333324,72.64472190692395,7.491486946651532,64.472190692395,15.209988649262202,3.75,32.71367763904654,81.75598631698973,65.5298024816311
3003,健和興,電子零組件,67.9,2.5679758308157163,74340026.3,True,80.28092922744462,21.367239101717306,36.15,2026-06-01,False,33.77483443708609,12.790697674418608,0.1718392771901267,96.31205673758866,-1.056666666666672,34.61975028376845,87.40068104426788,93.53007945516458,94.32463110102157,33.18181818181819,68.61139201320813,64.25313568985177,51.449209007593474
6163,華電網,通信網路,43.4,-7.264957264957261,73926046.3,True,63.37115072933549,35.270805812417436,61.38,2026-06-01,False,45.09803921568628,5.853658536585363,-0.01799262829877082,58.56950067476383,31.44666666666667,45.91373439273553,74.12031782065834,37.11691259931896,13.053348467650396,90.9090909090909,52.222680837890834,80.84378563283923,41.422637668141704
3535,晶彩科,電子設備,89.0,-3.575297941495126,73782116.17500001,True,70.49180327868852,29.45838837516512,160.85,2026-06-01,False,55.84415584415584,0.5649717514124294,0.10101299872189935,59.93265993265994,-634.9433333333334,57.888762769580026,56.526674233825204,82.633371169126,15.43700340522134,1.0227272727272727,42.701707770095965,94.75484606613455,52.88848450177768
3402,漢科,電子設備,123.0,-1.2048192771084376,72527221.925,True,87.89843327930849,14.431968295904888,29.9,2026-06-01,False,27.27272727272727,-14.583333333333334,-0.17157124272005642,77.84810126582279,7.363333333333333,27.128263337116916,6.469920544835414,3.40522133938706,57.434733257661755,61.59090909090909,31.205809513982047,57.2405929304447,58.83341724509699
5299,杰力,半導體,99.9,-0.5970149253731294,71772429.735,True,21.988114532685035,67.86657859973579,-4.2,2026-06-01,False,80.91603053435115,6.730769230769243,-0.029229822897031018,70.60070671378092,-3.43,82.9738933030647,76.04994324631102,31.8955732122588,39.95459704880817,27.500000000000004,51.67480136208853,11.060433295324971,39.48474510022171
3430,奇鈦科,其他化學,118.0,4.424778761061954,71582557.89500001,True,90.88050314465409,11.492734478203435,58.37,2026-06-01,False,6.25,-5.9760956175298805,-0.018225812430650763,64.30517711171662,32.22,4.994324631101021,26.560726447219068,36.88989784335982,24.063564131668556,91.36363636363637,36.77442988339696,79.13340935005702,45.40764291640188
2201,裕隆,汽車製造,28.25,-1.7391304347826098,71341622.1425,True,78.42493847415915,23.513870541611624,-8.06,2026-06-01,False,23.525469168900802,-0.7029876977152875,0.07070882461200445,65.16724336793541,-5.696666666666667,23.496027241770715,50.17026106696936,75.59591373439274,26.220204313280366,21.818181818181817,39.460117634919,8.551881413911062,27.024462975498196
6782,視陽,醫療耗材,198.5,-0.9975062344139696,71003304.525,True,0.22246941045606228,92.9326287978864,45.95,2026-06-01,False,80.55555555555556,2.056555269922879,0.14801154554623253,84.46808510638299,25.663333333333338,82.74687854710557,62.42905788876277,90.69239500567537,73.09875141884223,88.29545454545455,79.4525074811681,71.8358038768529,66.31309398850948
6679,鈺太,半導體,200.0,-3.147699757869249,70898056.275,True,3.1038374717832955,84.87450462351387,9.93,2026-06-01,False,90.07633587786259,-11.504424778761061,-0.022674059957954535,57.88712011577424,-1.0700000000000003,91.03291713961409,11.12372304199773,34.846765039727586,11.577752553916005,33.06818181818182,36.32986791868744,29.646522234891677,55.283367221606014
3213,茂訊,電腦及週邊,132.0,-1.4925373134328401,70664325.15,True,82.92814694759589,19.154557463672393,6.05,2026-06-01,False,17.24137931034483,5.179282868525896,0.14135974907438348,92.63157894736842,-30.186666666666664,16.91259931895573,72.64472190692395,89.55732122587968,89.10329171396141,6.25,54.89358683314415,23.603192702394526,39.24359045709693
6603,富強鑫,機械,27.95,-6.6777963272120155,70134840.1,True,58.690614136732336,38.837516512549534,22.71,2026-06-01,False,51.515151515151516,13.387423935091281,0.053965046501895736,81.36826783114992,20.463333333333335,53.23496027241771,87.96821793416572,70.26106696935301,64.81271282633371,83.63636363636363,71.98266432772675,48.118586088939566,44.54951031338131
4770,上品,樹脂,214.0,-2.0594965675057253,69700769.95,True,80.12422360248446,21.730515191545575,-6.95,2026-06-01,False,21.428571428571427,-2.947845804988662,0.104109406424688,67.0846394984326,-10.746666666666666,21.45289443813848,38.47900113507378,82.9738933030647,30.87400681044268,15.454545454545453,37.846868228253015,9.236031927023944,30.77098301013283
6913,鴻呈,電子零組件,145.0,-2.684563758389258,69419791.525,True,8.35164835164835,80.18494055482167,61.08,2026-06-01,False,94.70198675496688,14.624505928853754,0.18781954414936422,92.94871794871796,20.479999999999997,95.00567536889898,88.53575482406356,94.66515323496027,89.78433598183881,83.75,90.34818388195232,80.61573546180159,69.21749799711895
2851,中再保,產險,39.3,0.8985879332477298,69029810.955,True,5.834683954619125,81.96829590488771,1113.15,2026-05-01,False,100.0,8.713692946058089,0.14050906024180987,96.9173859432799,553.9733333333334,99.31895573212259,81.38479001135074,89.44381384790012,94.8921679909194,99.43181818181817,92.89430915282222,99.31584948688712,78.0355457996446
2480,敦陽科,資訊服務,156.5,-1.8808777429467072,68039465.375,True,82.44192328471097,19.715984147952444,14.66,2026-06-01,False,4.3478260869565215,-1.5723270440251573,0.03994775944777975,86.46408839779005,1.6633333333333358,3.064699205448354,45.51645856980704,64.92622020431328,77.18501702610669,40.909090909090914,46.320297182953254,36.60205245153934,42.833827528321834
2504,國產,預拌混凝土,30.65,0.3273322422258529,67953004.60749999,True,15.176151761517614,73.9101717305152,-18.57,2026-06-01,False,73.92761394101876,-3.767660910518062,-0.04387669753276917,77.30138713745272,-6.93,75.36889897843359,34.39273552780931,26.106696935300793,55.95913734392736,19.090909090909093,42.18367557527603,3.8768529076396807,50.20303842554783
5490,同亨,電腦及週邊,30.45,-2.2471910112359494,67936358.18750001,True,27.035830618892508,63.47424042272127,50.22,2026-06-01,False,72.41379310344827,-3.7914691943127945,0.012011546400000038,83.76891334250344,14.523333333333333,73.8933030646992,34.27922814982974,52.78093076049943,71.3961407491487,75.9090909090909,61.65173872665359,75.25655644241733,71.56669302660887
3141,晶宏,半導體,69.7,-4.6511627906976605,67671258.395,True,37.616279069767444,55.28401585204755,10.85,2026-06-01,False,72.51908396946564,9.076682316118942,0.19575319997123025,83.77403846153845,-2.5666666666666664,74.00681044267877,81.83881952326901,94.8921679909194,71.62315550510783,29.43181818181818,70.35855432875863,30.84378563283923,48.658733014339205
2850,新產,產險,161.5,-0.9202453987730008,67671077.275,True,99.72987574284171,1.453104359313078,2.09,2026-05-01,False,20.0,9.491525423728813,0.09995448582117121,97.87878787878788,-26.413333333333334,20.03405221339387,82.9738933030647,82.29284903518729,96.48127128263337,7.2727272727272725,57.8109586214013,18.07297605473204,37.90360156192365
6605,帝寶,汽車組件,138.0,-0.7194244604316502,67449091.875,True,7.941653160453808,80.74636723910172,4.45,2026-06-01,False,89.1891891891892,5.343511450381679,0.10505394719078832,82.14285714285714,6.38,90.23836549375709,72.8717366628831,83.08740068104427,67.7639046538025,58.52272727272727,74.49682695284284,21.436716077537056,51.64181239055338
6962,奕力-KY,半導體,30.2,-2.4232633279482996,67294956.3425,True,69.13875598086125,30.647291941875825,-0.33,2026-06-01,False,40.458015267175576,-9.445277361319345,-0.08792969102419461,64.7374062165059,-3.6566666666666667,41.43019296254257,14.982973893303065,12.145289443813848,25.08513053348468,26.477272727272727,24.024171912083375,16.419612314709237,41.98799047935835
6517,保勝光學,消費性電子,68.1,6.406249999999991,66824040.374999985,True,66.13995485327314,32.76089828269485,6.14,2026-06-01,False,31.57894736842105,-8.221024258760119,0.061185713681206934,82.94762484774665,22.126666666666665,31.725312145289443,17.93416572077185,72.8717366628831,69.5800227014756,85.3409090909091,55.49042926426582,23.831242873432153,51.80060299985634
2495,普安,光電及I/O,37.5,-2.34375,66575676.552499995,True,25.900621118012424,64.13474240422721,40.29,2026-06-01,False,66.66666666666666,-2.975420439844757,0.03636671160398987,69.70260223048328,-14.446666666666673,68.44494892167991,38.36549375709421,63.56413166855845,37.57094211123723,13.18181818181818,44.225466928077594,67.84492588369442,58.873830789879335
4510,高鋒,機械,45.55,0.22002200220021528,66563980.904999994,True,74.79300827966881,25.75957727873184,2.62,2026-06-01,False,15.151515151515152,16.944801026957624,0.04426372884705679,83.88581952117863,-12.636666666666667,13.847900113507377,90.23836549375709,66.74233825198638,71.7366628830874,14.09090909090909,51.33123516664947,18.586088939566707,28.4830716106011
5285,界霖,半導體,76.5,-1.6709511568123392,66192783.0,True,46.62344678552134,48.778071334214005,14.12,2026-06-01,False,64.8854961832061,-5.086848635235725,-0.003133588672828046,69.54545454545455,-6.213333333333333,66.17480136208853,30.98751418842225,46.53802497162315,37.11691259931896,20.56818181818182,40.27708698792694,35.689851767388824,51.99851288509352
2731,雄獅,旅行社,142.0,-1.388888888888884,65511813.05,True,16.428571428571427,72.72126816380448,-0.46,2026-06-01,False,66.66666666666666,-2.73972602739726,-0.14189151197967328,77.17391304347827,-6.833333333333332,68.44494892167991,39.55732122587968,5.448354143019296,55.50510783200908,19.261363636363637,37.64341915179032,16.191562143671607,50.146074417870224
9802,鈺齊-KY,鞋及旅行箱,70.3,-1.1251758087201136,64367624.260000005,True,20.961642355483523,69.15455746367239,15.45,2026-06-01,False,66.66666666666666,-6.016042780748664,0.06569383554297555,61.13043478260869,13.6,68.44494892167991,26.333711691259932,73.8933030646992,17.593643586833142,74.31818181818181,52.1167578165308,37.74230330672748,49.36179603099515
7714,創泓科技,數位雲端,170.0,2.4096385542168752,64337128.975,True,58.072916666666664,39.43196829590489,122.9,2026-06-01,False,16.0,-15.422885572139302,-0.008280325424167116,81.92771084337349,78.05666666666667,15.266742338251987,5.675368898978434,43.58683314415437,66.51532349602725,96.81818181818181,45.57248993911877,92.58836944127708,67.17376659414447
3317,尼克森,半導體,66.9,-3.0434782608695587,64180083.765,True,95.78606158833063,6.274768824306473,16.07,2026-06-01,False,7.633587786259542,-14.230769230769225,0.06953445832631877,63.412322274881525,11.469999999999999,6.129398410896708,6.696935300794552,75.25539160045402,21.679909194097615,70.68181818181817,36.088690537612216,39.16761687571266,40.06999729497811
3581,博磊,電子設備,106.5,-5.752212389380529,64104928.510000005,True,70.24608501118567,29.590488771466315,95.44,2026-06-01,False,57.14285714285714,-6.986899563318777,-0.005424818689238224,38.035714285714285,47.166666666666664,59.080590238365495,22.13393870601589,45.40295119182747,0.7945516458569807,94.43181818181819,44.368769992776805,89.73774230330672,56.86973637037833
3717,聯嘉投控,汽車組件,22.45,1.3544018058690765,63666620.79749999,True,47.95918367346938,47.09379128137384,,2026-06-01,False,54.054054054054056,2.7459954233409514,-0.06938531790064621,76.49063032367972,,55.50510783200908,65.03972758229285,16.23155505107832,53.23496027241771,,47.50283768444949,,47.90011350737799
6419,京晨科,光電及I/O,163.5,-9.166666666666668,62046619.875,True,5.098684210526316,82.56274768824306,344.15,2026-06-01,False,78.66666666666666,21.11111111111111,0.04889885011452707,84.06169665809769,-3.060000000000059,80.24971623155504,92.7355278093076,67.99091940976163,72.19069239500567,28.636363636363637,68.36064389639871,98.06157354618016,64.44161359085831
1904,正隆,造紙,24.55,-1.008064516129037,61768504.847500004,True,47.10967044840626,48.11756935270806,-2.09,2026-06-01,False,66.66666666666666,14.18604651162791,0.2771836136120861,97.61431411530815,-11.196666666666667,68.44494892167991,88.19523269012485,98.97843359818388,95.91373439273553,15.0,73.30646992054484,13.683010262257698,47.461615221637075
6231,系微,資訊服務,221.0,0.454545454545463,61389975.55,True,56.02377093462994,41.18229854689564,16.86,2026-06-01,False,15.217391304347828,-7.142857142857142,0.019612997410670983,63.41463414634146,2.2333333333333343,13.961407491486947,21.793416572077184,56.29965947786606,21.793416572077184,43.29545454545455,31.428670931792386,40.478905359179016,38.610078212666494
1723,中碳,其他化學,86.4,-0.8036739380022806,61181599.464999996,True,82.44192328471097,19.715984147952444,32.12,2026-06-01,False,12.5,-3.4636871508379823,0.07515865975873517,96.00000000000001,-11.700000000000003,11.804767309875142,36.095346197502835,77.18501702610669,93.98410896708286,14.772727272727273,46.76839335465896,59.863169897377425,57.38917499420815
8222,寶一,機車船製造,40.3,-1.225490196078427,60885697.915,True,30.323054331864906,61.228533685601064,-10.36,2026-06-01,False,58.333333333333336,-3.008423586040915,-0.023047543571911897,68.77133105802046,-9.203333333333333,59.70488081725313,38.25198637911464,34.73325766174801,34.96027241770715,16.93181818181818,36.91644309152822,6.841505131128849,40.813667996743625
6658,聯策,電子設備,161.5,1.2539184952978122,60773361.15,True,11.37370753323486,77.4108322324967,51.6,2026-06-01,False,88.31168831168831,5.211726384364821,-0.025499527173540978,62.840466926070036,42.21333333333334,89.55732122587968,72.75822928490352,34.0522133938706,20.204313280363223,93.52272727272727,62.01896089154885,76.16875712656784,53.293040586976815
6863,永道-KY,通信網路,109.0,0.4608294930875667,60759674.175,True,88.39177750906893,14.002642007926024,80.81,2026-06-01,False,27.450980392156865,4.30622009569378,0.0523570000506782,69.2063492063492,14.076666666666668,27.468785471055618,69.69353007945517,69.35300794551645,36.43586833144155,74.88636363636364,55.56751109276648,87.34321550741163,45.388584807613405
6188,廣明,光電及I/O,69.2,-1.2838801711840153,60505774.675,True,54.134078212290504,42.40422721268164,-1.9,2026-06-01,False,50.66666666666667,-3.216783216783213,0.08496595337402583,53.23076923076924,10.319999999999999,52.44040862656073,37.11691259931896,80.02270147559591,6.81044267877412,68.52272727272727,48.982638530595395,13.797035347776509,33.9827435134481
8182,加高,電子零組件,39.95,-2.4420024420024444,60480469.87250002,True,86.00756347920043,16.44649933949802,5.56,2026-06-01,False,27.1523178807947,-0.6218905472636815,-0.001398819998956061,67.71186440677967,-1.0399999999999991,26.787741203178207,50.73779795686719,47.105561861521004,32.803632236095346,33.35227272727273,38.157401196986896,22.80501710376283,32.9146481465423
2539,櫻花建,建設,41.15,-0.363196125907983,60315774.5475,True,0.5942733657482442,90.38969616908851,79.55,2026-06-01,False,94.73684210526315,2.236024844720493,0.04362725297378611,62.16012084592144,-272.97666666666663,95.23269012485811,63.223609534619754,66.51532349602725,19.296254256526673,1.3636363636363635,49.12630275513363,86.88711516533637,59.54811250302535
5522,遠雄,建設,63.1,0.6379585326953707,60198620.53499999,True,2.485143165856294,85.7661822985469,2513.5,2026-06-01,False,89.47368421052632,-8.017492711370252,-0.11081820638890058,76.7639902676399,1364.0166666666667,90.74914869466515,18.955732122587968,9.194097616345061,53.802497162315554,99.88636363636364,54.51756784645547,99.8859749144812,81.37047216221848
6716,應廣,半導體,137.5,5.769230769230771,59947782.739999995,True,60.86118251928021,37.12021136063408,60.58,2026-06-01,False,50.38167938931297,65.66265060240963,0.10792227283623286,100.0,16.156666666666673,52.213393870601585,99.77298524404085,83.54143019296254,98.86492622020431,78.29545454545455,82.53763801465277,80.27366020524515,57.89474876300255
2417,圓剛,電腦及週邊,43.25,-3.9955604883462725,59661776.48999999,True,34.45807770961145,58.12417437252312,4.96,2026-06-01,False,56.896551724137936,7.187112763320938,-0.008552834307273943,76.01054481546574,-5.543333333333334,58.796821793416576,77.18501702610669,42.90578887627696,52.44040862656073,22.272727272727273,50.72015271901765,22.234891676168758,39.07177626750984
8936,國統,金屬製品,50.1,-0.7920792079207928,59573408.980000004,True,8.319827120475418,80.25099075297226,21.24,2026-06-01,False,100.0,-4.5714285714285685,-0.0637128984455086,72.2943722943723,7.333333333333332,99.31895573212259,32.46311010215664,18.842224744608398,45.062429057888764,61.36363636363637,51.410071200082555,46.40820980615735,64.58162112350301
8088,品安,半導體,46.05,-2.2292993630573354,59382056.67,True,53.246753246753244,43.13077939233818,1.02,2026-06-01,False,54.961832061068705,-1.6025641025641029,0.038383366743420716,62.99589603283173,-19.90666666666667,56.64018161180476,44.94892167990919,64.58569807037458,20.771850170261068,9.772727272727273,39.34387576101538,17.44583808437856,37.4772370466338
6146,耕興,檢測驗證,196.0,2.083333333333326,58457384.925,True,47.43381955699622,47.6552179656539,12.74,2026-06-01,False,83.33333333333334,1.5544041450777202,-0.03293679657307391,82.18029350104821,0.7166666666666668,85.07377979568672,61.18047673098751,30.533484676503974,67.99091940976163,37.72727272727273,56.50118666804251,33.63740022805017,56.380405675627756
4105,東洋,藥,76.4,0.3942181340341744,58349908.175,True,0.5402485143165856,90.78599735799207,15.28,2026-06-01,False,80.0,-3.413400758533488,-0.09028698325017064,88.52838933951334,5.413333333333332,81.72531214528944,36.20885357548241,12.031782065834278,81.1577752553916,54.54545454545454,53.13383551749045,37.28620296465222,65.99010919746271
4968,立積,半導體,90.1,-3.3261802575107358,58303813.19499999,True,10.437710437710438,78.33553500660501,-1.09,2026-06-01,False,87.78625954198473,-9.264853977844918,0.01411748078659763,54.11411411411411,-2.8600000000000003,89.10329171396141,15.550510783200908,53.802497162315554,7.945516458569807,29.204545454545457,39.121272314518635,14.823261117445838,49.08038962669404
4534,慶騰,機械,30.55,-2.2399999999999975,58300396.235,True,40.2247191011236,53.6327608982827,112.04,2026-06-01,False,75.75757575757575,-16.301369863013697,-0.07623535750552723,72.13695395513578,52.79666666666667,77.18501702610669,4.426787741203178,14.188422247446084,44.60839954597049,95.56818181818181,47.195361675781655,91.56214367160776,77.23219312562043
2365,昆盈,光電及I/O,30.0,-4.0000000000000036,58237949.475,True,53.57142857142857,42.73447820343461,-17.28,2026-06-01,False,52.0,0.33444816053512183,0.03917399211831862,59.28853754940712,-26.586666666666666,53.9727582292849,54.82406356413166,64.81271282633371,14.301929625425652,7.045454545454545,38.99138375812609,4.3329532497149374,29.44589438507346
6922,宸曜,電腦及週邊,191.0,-4.5000000000000036,57895188.2,True,1.1904761904761905,88.63936591809775,39.41,2026-06-01,False,93.10344827586206,4.657534246575342,0.12614683974149243,84.51327433628319,-12.003333333333337,93.75709421112373,70.82860385925085,86.49262202043133,73.32576617480136,14.545454545454545,67.78990816221236,67.04675028506271,65.82525170293424
6227,茂綸,電子通路,118.0,-3.6734693877551017,57495854.3,True,39.7622906537007,54.02906208718626,84.61,2026-06-01,False,62.745098039215684,9.767441860465116,0.056151281170583815,87.08487084870849,44.263333333333335,64.07491486946651,83.54143019296254,71.28263337116913,78.09307604994325,93.97727272727273,78.19386544216283,87.9133409350057,61.63497541536323
2397,友通,電腦及週邊,63.9,-2.8875379939209744,57032701.485,True,80.28092922744462,21.367239101717306,31.37,2026-06-01,False,18.96551724137931,10.553633217993083,0.10020862053485935,77.08082026537997,-0.8733333333333313,18.842224744608398,84.4494892167991,82.40635641316686,55.27809307604994,33.75,54.94523269012486,58.72291904218928,37.09843691151213
1907,永豐餘,造紙,29.3,-0.340136054421758,57029833.1875,True,55.26742301458671,41.743725231175695,12.66,2026-06-01,False,33.33333333333333,3.900709219858161,0.20497004264994337,94.97568881685575,3.1833333333333336,33.82519863791146,68.67196367763904,96.14074914869465,92.7355278093076,46.70454545454545,67.61559694561964,33.52337514253136,47.853034478027844
6811,宏碁資訊,數位雲端,222.5,-1.982378854625555,56871608.7,True,14.651639344262296,74.43857331571995,6.56,2026-06-01,False,48.0,-5.520169851380043,0.01960615639018412,84.60076045627376,-13.88666666666667,48.97843359818388,28.717366628830877,56.186152099886485,73.66628830874006,13.40909090909091,44.19146630894644,24.743443557582665,54.66769970891893
2527,宏璟,建設,44.5,0.11248593925758943,56538971.56,True,40.58441558441558,53.302509907529725,365.12,2026-06-01,False,47.368421052631575,-11.881188118811881,-0.06255027369957163,88.11881188118812,245.64666666666665,48.467650397275825,10.21566401816118,19.182746878547103,80.13620885357548,99.0909090909091,51.418635847693736,98.17559863169897,79.14094846609727
2838,聯邦銀,本國銀行,20.1,0.7518796992481258,55617298.5625,True,71.63695299837926,28.731836195508585,-2.49,2026-06-01,False,22.22222222222222,-1.951219512195115,-0.1625289552869868,81.37651821862349,-42.973333333333336,22.417707150964812,43.01929625425653,4.19977298524404,64.92622020431328,4.431818181818182,27.79896295531937,13.112884834663626,39.3593789839213
1582,信錦,電子零組件,72.8,-0.8174386920981047,55596554.15,True,84.76499189627229,17.536327608982827,-9.5,2026-06-01,False,29.13907284768212,2.5352112676056295,0.043302537951795436,60.920502092050214,-2.37,29.05788876276958,64.35868331441543,66.06129398410897,17.13961407491487,30.113636363636363,41.34622329996905,7.525655644241732,22.341118791877687
3708,上緯投控,樹脂,104.0,0.48309178743961567,54391121.355,True,1.1885467314964884,88.70541611624834,61.7,2026-06-01,False,92.85714285714286,4.62776659959758,0.09421620366491693,70.03367003367003,5.150000000000013,93.64358683314416,70.71509648127127,81.38479001135074,38.47900113507378,53.06818181818181,67.45813125580435,81.07183580387685,60.619831822705876
2520,冠德,建設,35.9,0.0,53798211.557500005,True,77.69744160177976,23.976221928665787,52.31,2026-06-01,False,17.543859649122805,0.5602240896358424,0.13554709141860558,89.30348258706466,-4.896666666666668,17.366628830874006,56.41316685584563,87.96821793416572,82.633371169126,23.636363636363637,53.60354968527499,76.73888255416192,55.08142892457907
2483,百容,半導體,37.6,-0.13280212483398612,53497685.667500004,True,96.16423554835224,5.878467635402906,34.28,2026-06-01,False,6.870229007633588,-10.794780545670218,-0.1011220462383987,53.79113018597997,13.446666666666669,5.561861520998865,12.031782065834278,10.442678774120317,7.377979568671964,73.97727272727272,21.878314931379627,62.713797035347774,40.90546401479608
6509,聚和,其他化學,46.25,-1.0695187165775444,53171480.2975,True,13.074014046461372,75.82562747688243,8.49,2026-06-01,False,68.75,-3.6458333333333335,-0.05176941921519169,80.43478260869566,4.216666666666667,70.60158910329172,34.96027241770715,22.587968217934165,62.20204313280363,50.68181818181819,48.20673821071097,27.936145952109463,56.44487644262441
6732,昇佳電子,半導體,150.5,-2.9032258064516148,52953685.2,True,45.15915119363395,49.60369881109643,-14.88,2026-06-01,False,66.41221374045801,-26.225490196078432,0.005010192022710078,58.67446393762184,1.8400000000000016,67.53688989784335,0.5675368898978433,50.05675368898979,13.507377979568671,41.36363636363637,34.6064389639872,4.789053591790194,46.316446144826095
3229,晟鈦,印刷電路板,51.1,-5.719557195571956,52865994.56,True,0.0,98.11756935270806,99.09,2026-06-01,False,100.0,25.091799265605875,0.054409314700903606,91.41323792486584,27.370000000000005,99.31895573212259,94.77866061293983,70.48808172531214,86.60612939841089,89.54545454545455,88.14745640284801,89.96579247434435,70.2780542479845
6277,宏正,光電及I/O,84.0,-4.0000000000000036,52135723.440000005,True,93.0848190167477,9.577278731836197,35.12,2026-06-01,False,17.333333333333336,5.926860025220685,0.24384307720869816,96.0,16.173333333333332,17.0261066969353,74.46083995459705,97.95686719636775,93.87060158910329,78.4090909090909,72.34470126921886,63.511972633979475,49.986960241355256
2836,高雄銀,本國銀行,12.0,-0.8264462809917328,51891371.41500001,True,37.925445705024316,55.01981505944518,14.7,2026-06-01,False,77.77777777777779,-5.13833992094862,-0.03812360757404675,92.3076923076923,1.953333333333335,79.17139614074915,30.590238365493754,27.922814982973893,88.64926220204313,42.04545454545455,53.675833247342894,36.773090079817564,68.50087751427903
6199,天品,其他,94.6,-2.0703933747411973,51844957.905,True,22.944960686204432,66.97490092470278,476.98,2026-06-01,False,60.86956521739131,-5.87064676616916,-7.167760585449068e-05,75.98393574297188,-95.69333333333327,62.42905788876277,27.014755959137343,47.4460839954597,52.09988649262202,2.159090909090909,38.22977504901455,98.74572405929305,71.56497812038512
6585,鼎基,樹脂,116.5,-2.9166666666666674,51128805.55,True,34.01162790697674,58.45442536327609,91.44,2026-06-01,False,50.0,-7.171314741035857,-0.0073621705570086045,77.40863787375415,32.449999999999996,51.475595913734395,21.679909194097615,43.927355278093074,56.186152099886485,91.47727272727273,52.949257042616864,89.16761687571265,68.78736392380898
3652,精聯,電腦及週邊,36.75,-0.6756756756756799,50954527.9475,True,8.216880939072107,80.38309114927344,-1.21,2026-06-01,False,87.93103448275862,19.70684039087948,0.011994980131862856,86.0655737704918,-26.45666666666667,89.21679909194098,91.37343927355278,52.667423382519864,76.61748013620885,7.159090909090909,63.40684655866268,14.59521094640821,47.26401272525132
4571,鈞興-KY,機械,164.0,-3.529411764705881,50944663.25,True,72.91666666666666,27.675033025099076,5.51,2026-06-01,False,24.242424242424242,7.894736842105263,-0.047401973847330164,70.6896551724138,-2.1966666666666663,24.177071509648126,79.3416572077185,24.404086265607265,40.52213393870602,30.681818181818183,39.825353420699614,22.690992018244014,27.012135064719914
6712,長聖,生物科技,147.5,-0.6734006734006703,50905859.95,True,39.376538146021325,54.29326287978864,16.08,2026-06-01,False,54.15549597855228,-0.33783783783783783,-0.019181573348588176,78.87700534759358,-6.359999999999999,55.618615209988654,51.87287173666289,36.43586833144155,59.364358683314414,20.227272727272727,44.70379733773605,39.33865450399088,50.612189165157766
3537,堡達,電子通路,53.5,-4.121863799283155,50886295.905,True,51.431658562938956,44.45178335535007,26.88,2026-06-01,False,50.98039215686274,-5.3097345132743365,-0.07388048813070719,59.70982142857143,18.793333333333333,52.61066969353008,29.73893303064699,14.642451759364357,14.982973893303065,81.81818181818183,38.75864203900527,53.47776510832383,47.833118916127496
9907,統一實,金屬製品,14.85,0.0,49910518.407500006,True,40.680713128038896,53.170409511228534,-6.1,2026-06-01,False,42.857142857142854,-3.257328990228013,-0.016463464367675148,73.69727047146402,9.593333333333335,43.1328036322361,36.776390465380246,39.16004540295119,48.240635641316686,66.93181818181819,46.84833866474048,9.92018244013683,41.12930781207734
6143,振曜,光電及I/O,89.1,-2.0879120879120916,49861972.96,True,13.884386817936251,75.49537648612946,30.63,2026-06-01,False,74.66666666666667,-7.57261410788383,-0.048531513657193597,58.618421052631575,17.939999999999998,76.16345062429058,21.112372304199774,23.95005675368899,13.166855845629966,80.68181818181817,43.0149107419255,58.0387685290764,56.56417567369929
2897,王道銀行,本國銀行,10.15,-0.4901960784313597,49853719.995,True,60.994057266342516,37.021136063408186,14.1,2026-06-01,False,44.44444444444444,-2.8708133971291767,0.09317230204339146,95.30516431924883,-13.699999999999998,44.892167990919404,38.819523269012485,81.27128263337117,93.30306469920545,13.522727272727272,54.36175317304715,35.461801596351194,58.709377754365896
2903,遠百,百貨批發,21.75,0.694444444444442,49530260.02,True,29.551593733117233,61.55878467635403,-2.42,2026-06-01,False,45.0,-3.761061946902661,-0.05957587019253959,89.13934426229508,-2.09,45.51645856980704,34.61975028376845,19.977298524404084,82.51986379114642,30.795454545454547,42.68576514291611,13.22690992018244,51.66087049934187
6890,來億-KY,鞋及旅行箱,160.5,-1.2307692307692353,49377246.3,True,22.4105461393597,67.43725231175694,-3.2,2026-06-01,False,55.55555555555556,-9.322033898305085,0.030002282310984136,55.536332179930795,0.6566666666666667,57.20771850170261,15.43700340522134,61.18047673098751,8.967082860385926,37.61363636363637,36.08118357238675,12.086659064994299,40.70611425546538
2501,國建,建設,22.9,0.0,48828477.515,True,10.85899513776337,77.93923381770145,-71.58,2026-06-01,False,82.45614035087719,2.232142857142857,-0.00902735842109562,84.81481481481481,-51.55,83.99545970488082,62.99659477866061,42.79228149829739,74.34733257661748,3.977272727272727,53.621788257145816,0.6841505131128849,49.00758700398764
6104,創惟,半導體,90.6,-2.37068965517242,48491255.970000006,True,43.925233644859816,50.85865257595773,5.66,2026-06-01,False,69.46564885496184,-2.2653721682847987,0.1483202434349413,69.6923076923077,5.636666666666667,71.28263337116913,41.543700340522136,90.80590238365494,37.3439273552781,55.68181818181818,59.3315963264885,22.91904218928164,47.50047564380168
6023,元大期,期貨,83.7,0.3597122302158251,48422609.69500001,True,0.48622366288492713,90.88507265521797,86.15,2026-06-01,False,90.75067024128687,-3.571428571428565,-0.024782020295966472,77.5,35.92000000000001,91.71396140749148,35.30079455164586,34.50624290578887,56.69693530079455,92.27272727272727,62.0981322876896,88.14139110604333,75.31287331567088
4949,有成精密,光電及I/O,73.0,-4.199475065616798,48052473.779999994,True,26.517571884984026,63.73844121532365,68.69,2026-06-01,False,65.33333333333333,7.352941176470589,0.01742208339587808,67.5925925925926,22.53666666666666,66.74233825198638,77.63904653802497,55.164585698070375,32.2360953461975,85.68181818181819,63.49277680321948,83.92246294184721,51.31546250050154
6438,迅得,電子設備,143.0,-3.050847457627115,47824756.325,True,72.98757428417072,27.476882430647294,-3.13,2026-06-01,False,51.94805194805194,-3.050847457627119,0.07522362445829323,68.9156626506024,-16.326666666666668,53.802497162315554,38.02497162315551,77.29852440408627,35.527809307605,11.59090909090909,43.248942317614286,12.200684150513112,40.87650474931954
2331,精英,電腦及週邊,20.25,2.2727272727272707,47754740.332499996,True,26.379542395693136,63.936591809775436,25.84,2026-06-01,False,74.13793103448276,1.25,-0.009907565003584836,67.6126878130217,18.476666666666667,75.7094211123723,60.27241770715096,42.22474460839955,32.46311010215664,81.25,58.38393870601588,51.25427594070695,49.78859736202123
9917,中保科,保全,108.5,0.0,47676577.0,True,1.2965964343598055,88.30911492734478,2.56,2026-06-01,False,88.1367292225201,0.0,0.12054707258923206,88.9344262295082,0.29666666666666686,89.44381384790012,53.40522133938707,85.58456299659478,81.95232690124858,36.47727272727273,69.37263956248066,18.47206385404789,59.11574581595238
3380,明泰,通信網路,26.9,-3.928571428571437,47409518.502500005,True,94.87354750512645,7.595772787318363,5.46,2026-06-01,False,15.686274509803921,-11.367380560131805,-0.17505884318784543,64.74127557160048,16.61,14.699205448354144,11.237230419977298,3.064699205448354,25.198637911464246,78.75,26.58995459704881,22.5769669327252,37.809394968141575
5534,長虹,建設,78.8,-0.7556675062972418,47393485.910000004,True,75.7428417071853,25.132100396301187,124.21,2026-06-01,False,19.298245614035086,-2.5957972805933354,-0.057729470796505554,90.57471264367815,-72.57666666666667,19.069239500567537,40.06810442678774,20.54483541430193,85.58456299659478,2.5,33.553348467650395,92.8164196123147,64.35052942067232
2030,彰源,基本金屬,20.85,1.4598540145985384,47316157.26,True,30.89385474860335,60.700132100396296,33.89,2026-06-01,False,68.29268292682927,20.520231213872837,0.11598644883918695,95.86206896551724,6.933333333333334,70.26106696935301,91.82746878547105,84.7900113507378,93.75709421112373,60.45454545454545,80.2180373542462,62.1436716077537,58.58359100068985
2543,皇昌,營造,38.25,-1.2903225806451646,47149847.364999995,True,21.492921492921493,68.29590488771467,105.33,2026-06-01,False,60.0,-4.375,0.05219369089478024,44.47674418604651,20.789999999999992,61.18047673098751,33.030646992054486,69.2395005675369,2.0431328036322363,84.31818181818181,49.96238778247859,90.99201824401368,55.29624519664473
3162,精確,汽車組件,61.9,-0.6420545746388395,47128980.245,True,84.04133180252583,17.96565389696169,58.73,2026-06-01,False,24.324324324324326,-8.2962962962963,0.0026020324196642506,64.54640250260688,32.019999999999996,24.290578887627696,17.480136208853576,49.03518728717366,24.51759364358683,91.13636363636364,41.29197193272108,79.70353477765109,52.757892775003
7749,意騰-KY,半導體,327.0,-4.941860465116276,46515970.2,True,1.0380622837370241,88.83751651254954,64.48,2026-06-01,False,93.89312977099237,-9.793103448275863,-0.011867170098273252,47.52906976744186,5.259999999999998,94.21112372304201,14.415437003405222,41.08967082860386,3.064699205448354,53.52272727272728,41.260731606645344,82.212086659065,66.26811814603754
5464,霖宏,印刷電路板,72.6,-3.8410596026490107,46005913.730000004,True,99.66358284272498,1.8494055482166447,36.81,2026-06-01,False,9.30232558139535,-7.984790874524729,-0.06980875053252009,67.53488372093022,-4.839999999999996,8.39954597048808,19.296254256526673,15.891032917139613,32.122587968217935,23.977272727272727,19.937338767929003,65.22234891676169,46.61205714973526
4771,望隼,醫療耗材,198.0,-0.7518796992481258,45884295.25,True,0.0,98.11756935270806,31.26,2026-06-01,False,95.83333333333334,0.5076142131979695,0.12973661638360318,92.09302325581396,-5.956666666666667,96.14074914869465,55.95913734392736,87.17366628830874,88.19523269012485,21.25,69.74375709421112,58.60889395667047,71.74643461289065
4536,拓凱,其他,167.0,-0.29850746268657025,45724436.95,True,49.5407887628309,46.03698811096433,10.04,2026-06-01,False,34.78260869565217,1.2121212121212122,0.22953919620601498,85.64102564102564,5.533333333333332,35.35754824063564,59.93189557321226,97.27582292849036,75.82292849035187,55.34090909090909,64.74582086471985,29.874572405929307,45.28078839092613
1909,榮成,造紙,11.1,-3.056768558951961,45518942.77499999,True,80.56112224448898,21.136063408190225,44.1,2026-06-01,False,16.666666666666664,12.121212121212114,0.1378649112945846,96.94323144104804,22.83666666666667,16.23155505107832,86.49262202043133,88.42224744608399,95.11918274687855,86.13636363636363,74.48039418016717,70.46750285062714,48.83140465703817
4956,光鋐,光電及I/O,29.5,-4.2207792207792245,45347799.1225,True,80.0369685767098,21.92866578599736,-0.83,2026-06-01,False,29.333333333333332,3.1468531468531418,-0.011020226740757063,53.93053016453382,-5.726666666666667,29.398410896708288,66.17480136208853,41.43019296254257,7.491486946651532,21.704545454545453,33.239887524507274,15.16533637400228,21.470108213818392
3550,聯穎,電子零組件,22.7,-2.3655913978494647,45347798.185,True,99.57671957671957,2.179656538969617,38.08,2026-06-01,False,2.6490066225165565,1.3392857142857175,-0.06387889075210133,60.939597315436245,4.7933333333333294,1.70261066969353,60.61293984108968,18.728717366628832,17.253121452894437,52.5,30.159477866061298,66.47662485746865,31.204854284741735
4127,天良,藥,92.3,2.5555555555555554,45050747.95,True,50.05128205128205,45.574636723910174,41.38,2026-06-01,False,33.33333333333333,22.089947089947096,0.1436383542921073,100.0,-3.68333333333333,33.82519863791146,93.18955732122588,90.12485811577753,98.86492622020431,26.25,68.45090805902383,68.5290763968073,52.00741098342429
6165,浪凡,數位雲端,47.3,-0.630252100840345,44910150.3475,True,26.672240802675585,63.67239101717305,18.44,2026-06-01,False,32.0,-5.305305305305316,-0.3435096466916092,79.22948073701842,7.880000000000001,32.179341657207715,29.852440408626563,0.4540295119182747,60.1589103291714,62.5,37.02894438138479,42.30330672748004,51.19727957630815
6667,信紘科,電子設備,221.5,-1.9911504424778736,44711845.225,True,19.502971366828742,70.3434610303831,-2.5,2026-06-01,False,80.51948051948052,-8.091286307053942,-0.03273435837276772,73.58803986710963,-5.23,82.633371169126,18.388195232690123,30.64699205448354,47.786606129398415,22.954545454545457,40.481942008048705,12.998859749144811,56.257660453744776
1808,潤隆,建設,32.85,-0.4545454545454519,44485011.795,True,20.070011668611436,69.74900924702774,162537.27,2026-06-01,False,75.43859649122807,2.336448598130841,0.08947050468328245,82.43412797992472,77044.36666666665,76.84449489216799,63.7911464245176,80.59023836549376,68.44494892167991,100.0,77.93416572077186,100.0,70.37457434733257
7712,博盛半導體,半導體,143.0,-1.038062283737029,44177115.4,True,42.56926952141058,51.71730515191546,49.37,2026-06-01,False,70.22900763358778,2.142857142857143,0.004364852305669407,66.97892271662764,31.043333333333333,72.30419977298524,62.769580022701476,49.82973893303065,30.64699205448354,90.56818181818181,61.22373852027655,74.34435575826683,53.63149189075854
1232,大統益,油脂飼料,155.0,0.6493506493506551,43743104.6,True,7.995678011885467,80.64729194187582,16.3,2026-06-01,False,87.5,-4.9079754601226995,0.016658716478051748,91.98813056379822,6.526666666666667,88.7627695800227,31.55505107832009,55.05107832009081,87.85471055618615,59.31818181818181,64.50835827056031,39.85176738882554,71.22854911167857
2597,潤弘,營造,165.5,-1.4880952380952328,43660310.425,True,65.53214478660183,33.15719947159842,2.95,2026-06-01,False,20.0,2.7950310559006213,0.17053123747006385,81.12745098039215,-10.32,20.03405221339387,65.26674233825199,93.30306469920545,64.1316685584563,15.795454545454547,51.706196470952435,19.49828962371722,34.59931701432885
6168,宏齊,光電及I/O,24.25,-2.020202020202022,43595665.83,True,77.6219512195122,24.108322324966974,6.73,2026-06-01,False,32.0,0.4140786749482461,-0.013421446160061214,68.30985915492957,0.026666666666667282,32.179341657207715,55.618615209988654,40.74914869466515,34.0522133938706,35.79545454545455,39.67895470023734,25.42759407069555,34.010133477946304
8390,金益鼎,資源回收,96.6,-2.3255813953488524,42655955.230000004,True,25.5537547271745,64.46499339498018,43.96,2026-06-01,False,47.82608695652174,1.3641133263378775,-0.12784939547442556,74.59459459459458,12.810000000000006,48.80817253121453,60.726447219069236,6.583427922814983,49.94324631101021,73.18181818181819,47.848622433185426,70.29646522234891,52.08035921137611
1231,聯華食,其他食品,81.9,1.6129032258064724,42422648.175,True,37.11507293354943,55.878467635402906,6.95,2026-06-01,False,44.44444444444444,-11.171366594360084,-0.14836222683451233,58.92086330935252,5.35,44.892167990919404,11.691259931895573,4.994324631101021,13.961407491486947,54.090909090909086,25.92601382726241,25.541619156214367,43.175983676681284
1342,八貫,塑膠製品,101.5,0.4950495049504955,42363190.245000005,True,14.942528735632186,74.24042272126816,40.14,2026-06-01,False,74.26273458445041,-9.375,-0.11664324094701103,86.38297872340426,-0.4799999999999969,75.82292849035187,15.209988649262202,8.51305334846765,76.95800227014756,34.54545454545455,42.20988546073677,67.50285062713797,76.26844818459381
6768,志強-KY,鞋及旅行箱,63.7,-2.7480916030534264,42190629.34,True,23.456790123456788,66.38044914134741,5.2,2026-06-01,False,44.44444444444444,-8.34532374100719,0.021235661801415895,51.578947368421055,2.146666666666667,44.892167990919404,17.0261066969353,57.20771850170261,5.788876276958002,42.95454545454545,33.57388298421215,22.462941847206388,39.029469854537126
3669,圓展,光電及I/O,36.55,-4.193971166448229,41743884.62500001,True,29.821717990275527,61.393659180977544,2.95,2026-06-01,False,64.0,9.10447761194029,0.03284715427364475,84.80278422273781,-1.8533333333333335,65.38024971623156,81.95232690124858,62.20204313280363,74.23382519863792,31.25,63.00368898978434,19.49828962371722,44.29000940933453
8109,博大,電子零組件,134.5,3.4615384615384714,41098999.25,True,87.62830902215019,14.795244385733158,36.23,2026-06-01,False,23.841059602649008,3.861003861003861,-0.11383049815627866,83.28173374613003,9.693333333333335,23.83654937570942,68.55845629965948,8.853575482406356,70.26106696935301,67.1590909090909,47.73374780724384,64.65222348916761,47.54784588364264
3218,大學光,醫藥通路,133.5,-1.1111111111111072,41006183.825,True,0.0,98.11756935270806,17.08,2026-06-01,False,94.44444444444444,-3.9568345323741005,0.01990789974258849,73.55371900826447,6.756666666666666,94.60839954597049,33.938706015891036,56.41316685584563,47.559591373439275,60.0,58.50397275822928,40.87799315849487,62.2768195155034
3060,銘異,光電及I/O,27.6,-2.127659574468077,40950899.25,True,64.66809421841542,33.949801849405546,48.98,2026-06-01,False,42.66666666666667,-5.154639175257731,-0.07096239890526855,66.26650660264106,19.473333333333333,42.79228149829739,30.419977298524405,15.43700340522134,28.830874006810443,82.72727272727273,40.041481787225266,74.11630558722919,53.829870948453156
3356,奇偶,光電及I/O,64.0,-1.6897081413210335,40917328.975,True,0.05411255411255411,95.50858652575957,24.09,2026-06-01,False,90.66666666666666,12.280701754385964,0.07533621424891461,97.70992366412213,10.523333333333332,91.48694665153235,86.60612939841089,77.41203178206584,96.0272417707151,68.75,84.05646992054484,49.25883694412771,62.54172399199106
2348,海悅,建設,69.4,-1.4204545454545414,40899570.58,True,89.89735278227985,12.219286657859973,247.66,2026-06-01,False,5.263157894736842,-12.040557667934094,-0.12249737172639513,66.41148325358853,210.90666666666667,4.029511918274688,9.761634506242906,7.491486946651532,29.171396140749152,98.86363636363636,29.863533175110927,96.80729760547321,55.061642789563535
3015,全漢,電子零組件,53.7,-1.8281535648994485,40579824.84499999,True,56.996218260399786,40.38969616908851,-14.01,2026-06-01,False,64.23841059602648,-3.068592057761725,-0.06443215962506613,71.79144385026738,-1.83,65.60726447219069,37.684449489216796,18.161180476730987,43.927355278093074,31.363636363636367,39.348777215973584,5.131128848346636,44.2453247773534
8074,鉅橡,印刷電路板,54.6,-2.500000000000002,40320109.33499999,True,80.28092922744462,21.367239101717306,22.99,2026-06-01,False,60.46511627906976,-6.024096385542169,0.03351994777508729,58.89967637540453,-1.1466666666666683,61.9750283768445,26.220204313280366,62.542565266742336,13.847900113507377,32.84090909090909,39.48532143225673,48.46066134549601,49.515846380641875
4736,泰博,醫療耗材,140.5,-1.7482517482517501,40249725.025,True,2.323068611561318,86.12945838837517,2.09,2026-06-01,False,66.66666666666666,8.076923076923077,0.21642394978515037,97.90940766550523,8.469999999999999,68.44494892167991,79.79568671963678,96.93530079455165,96.59477866061293,64.43181818181817,81.24050665565989,18.07297605473204,50.82925422934703
2753,八方雲集,餐飲飯店,182.5,-0.2732240437158473,40003116.825,True,1.5025041736227045,87.64861294583883,10.85,2026-06-01,False,64.0,1.9553072625698324,0.1713518777579359,84.10138248847926,0.14999999999999858,65.38024971623156,61.9750283768445,93.41657207718501,72.30419977298524,36.25,65.86520998864926,30.84378563283923,51.63830168630288
6469,大樹,醫藥通路,68.2,-0.8720930232558044,39907190.769999996,True,2.4311183144246353,85.89828269484808,-4.9,2026-06-01,False,55.55555555555556,-13.121019108280251,-0.22184148374742482,41.58536585365854,-3.8033333333333337,57.20771850170261,8.39954597048808,1.5891032917139614,1.4755959137343928,26.022727272727273,18.938938190073266,10.604332953249715,40.22202534954966
1712,興農,藥,39.4,1.1553273427471034,39877384.48500001,True,60.02160994057266,37.714663143989426,4.08,2026-06-01,False,26.666666666666668,-1.6229712858926308,-0.15363046750894954,83.56309650053022,-4.223333333333333,26.390465380249715,44.72190692395006,4.767309875141884,70.82860385925085,25.113636363636367,34.36438448044578,20.980615735461804,43.36944451275308
7744,崴寶,電子零組件,499.5,0.9090909090909038,39717554.6,True,31.60919540229885,60.00660501981506,128.13,2026-06-01,False,80.79470198675497,15.491329479768787,0.021382461540569362,82.1546052631579,15.870000000000005,82.86038592508514,89.21679909194098,57.32122587968218,67.87741203178207,77.95454545454545,75.04607367660716,92.93044469783352,63.612860890689944
4442,竣邦-KY,成衣,51.2,-1.538461538461533,39640816.16,True,10.94224924012158,77.80713342140027,36.2,2026-06-01,False,60.86956521739131,9.635974304068522,0.03892622117730804,70.52341597796145,4.286666666666665,62.42905788876277,83.42792281498296,64.69920544835415,39.500567536889896,51.02272727272727,60.21589619234341,64.4811858608894,45.74572211788978
6179,亞通,工程承攬,27.3,-1.6216216216216162,39465339.01,True,73.78223495702005,26.420079260237785,229.22,2026-06-01,False,20.0,10.080645161290322,0.11620986911819457,76.47058823529412,89.10999999999999,20.03405221339387,83.76844494892168,84.90351872871736,53.121452894438136,97.04545454545455,67.77458466618512,96.57924743443557,46.491576898336476
5515,建國,營造,54.2,1.8796992481203034,39383481.375,True,0.10804970286331712,94.61690885072656,24.55,2026-06-01,False,93.33333333333333,22.485875706214696,0.10885459407116395,100.0,6.376666666666669,93.98410896708286,93.41657207718501,83.76844494892168,98.86492622020431,58.409090909090914,85.68862862449696,49.54389965792475,62.24409069200673
1227,佳格,其他食品,29.0,0.5199306759098743,39123757.05,True,37.22312263641275,55.680317040951124,-1.57,2026-06-01,False,33.33333333333333,-3.9735099337748316,0.02734317753821111,85.41973490427098,-1.2466666666666668,33.82519863791146,33.7116912599319,59.93189557321226,75.48240635641316,32.61363636363636,47.112965638221034,14.02508551881414,47.40524981330172
4755,三福化,其他化學,114.0,-2.564102564102566,39099419.625,True,56.185845488924905,41.01717305151916,15.63,2026-06-01,False,31.25,-6.938775510204081,-0.16351157947627026,67.2566371681416,16.653333333333332,31.214528944381385,22.701475595913735,3.859250851305335,31.214528944381385,78.97727272727273,33.593411412650916,38.31242873432155,44.510002756792645
4953,緯軟,資訊服務,122.5,-2.0000000000000018,38896548.4,True,14.69475958941113,74.30647291941875,37.07,2026-06-01,False,56.52173913043478,-0.8097165991902834,0.00901254767988281,85.66433566433567,3.9933333333333323,58.399545970488084,49.82973893303065,51.53234960272418,75.93643586833144,49.54545454545455,57.04870498400578,65.56442417331813,62.51766676977675
3290,東浦,電子零組件,51.7,-2.6365348399246646,38876788.135000005,True,3.7659327925840094,83.88375165125495,88.72,2026-06-01,False,96.68874172185431,-15.660685154975521,-0.12283544310146365,72.51051893408136,3.9766666666666737,96.82179341657208,5.448354143019296,7.264472190692395,45.40295119182747,49.43181818181818,40.873877824785886,88.71151653363741,81.37197674975441
6186,新潤,建設,33.4,1.3657056145675028,38850068.64,True,35.617283950617285,57.26552179656539,-97.85,2026-06-01,False,54.385964912280706,-21.87134502923977,-0.19703074831274175,47.175141242937855,-10.73333333333332,55.95913734392736,1.8161180476730987,2.383654937570942,2.837684449489217,15.568181818181817,15.712955319368486,0.11402508551881414,39.27368220781557
6125,廣運,電子設備,49.35,-2.6627218934911268,38338332.777499996,True,82.73584905660377,19.352708058124175,22.57,2026-06-01,False,35.064935064935064,-1.8886679920477052,-0.0167987115714254,60.256410256410255,-30.28,35.754824063564136,43.35981838819523,39.046538024971625,16.00454029511918,5.909090909090909,28.014962336188216,47.776510832383124,39.044014200717804
2413,環科,電子零組件,43.25,-3.3519553072625663,37956218.21249999,True,0.0,98.11756935270806,33.55,2026-06-01,False,99.66887417218543,7.054455445544558,0.0662729908802915,69.19999999999999,3.2366666666666646,98.5244040862656,76.50397275822928,74.12031782065834,36.322360953461974,46.81818181818182,66.4578474873594,61.68757126567846,55.00759088679419
6642,富致,電子零組件,79.1,-5.495818399044216,37876433.035,True,65.49463647199046,33.22324966974901,52.49,2026-06-01,False,52.980132450331126,6.317204301075254,0.06723725802770653,86.07181719260065,23.520000000000003,54.710556186152104,75.25539160045402,74.46083995459705,76.73098751418841,87.04545454545455,73.64064596016922,76.85290763968074,58.25976493489182
6873,泓德能源,光電及I/O,70.2,3.8461538461538547,37773792.635,True,99.88095238095238,0.3963011889035667,42.53,2026-06-01,False,1.3333333333333335,-19.587628865979376,-0.11566923564645587,38.465753424657535,51.13666666666666,0.4540295119182747,2.6106696935300793,8.740068104426788,1.0215664018161181,95.11363636363637,21.587994015065526,69.4412770809578,42.076550825290525
8040,九暘,半導體,69.6,-4.657534246575345,37358755.54,True,98.34586466165413,3.632760898282695,34.49,2026-06-01,False,1.5267175572519083,-8.900523560209438,0.10637217886856037,55.67999999999999,-4.969999999999999,0.5675368898978433,16.34506242905789,83.3144154370034,9.080590238365494,23.522727272727273,26.566066453410382,62.941847206385404,39.06122797639772
3046,建碁,電腦及週邊,59.0,-4.8387096774193505,37176067.45,True,13.059427732942039,75.89167767503302,53.63,2026-06-01,False,86.20689655172413,7.8610603290676355,0.12327691249227504,92.1875,3.3766666666666723,87.40068104426788,79.22814982973894,86.03859250851306,88.42224744608399,47.38636363636364,77.6952068929935,77.4230330672748,68.50445293197194
3663,鑫科,資源回收,62.1,-2.6645768025078342,37012219.92,True,90.0,12.021136063408191,22.76,2026-06-01,False,21.73913043478261,-10.647482014388487,0.014578988114674413,67.72082878953108,19.596666666666668,21.85017026106697,12.372304199772985,54.14301929625426,32.91713961407491,83.06818181818181,40.87016303787019,48.23261117445838,47.65690421245682
2546,根基,營造,107.0,1.904761904761898,36900671.055,True,11.129119394921664,77.74108322324967,44.27,2026-06-01,False,66.66666666666666,9.406952965235178,0.11666132237000659,100.0,14.67333333333334,68.44494892167991,82.633371169126,85.1305334846765,98.86492622020431,76.13636363636364,82.24202868641007,70.69555302166476,63.84301424860574
1707,葡萄王,藥,89.2,-1.5452538631346435,36376328.535000004,True,1.4586709886547813,87.81373844121532,-7.24,2026-06-01,False,70.0,-2.40700218818381,-0.14173280696260643,67.83269961977186,-1.2199999999999998,71.79341657207718,40.86265607264472,5.561861520998865,33.37116912599319,32.72727272727273,36.86327520379733,9.007981755986318,43.327477845352995
2364,倫飛,電腦及週邊,84.8,-3.7457434733257577,36357902.625,True,5.650929899856939,82.10039630118891,60.06,2026-06-01,False,89.65517241379311,19.774011299435028,0.28721099169836095,80.0,21.990000000000002,90.91940976163451,91.60045402951191,99.31895573212259,61.634506242905786,85.22727272727273,85.7401196986895,80.04561003420753,60.24976800230898
6120,達運,光電及I/O,12.6,-1.945525291828798,36288995.502500005,True,0.1142857142857143,94.31968295904888,42.06,2026-06-01,False,86.66666666666667,-5.970149253731349,-0.040666366410496986,78.26086956521738,39.550000000000004,87.79795686719638,26.67423382519864,27.24177071509648,58.002270147559585,93.18181818181817,58.579609947373854,69.09920182440136,72.05629875348967
1612,宏泰,電纜,34.35,-0.43478260869564966,36232554.64749999,True,13.398163155051323,75.75957727873184,-11.28,2026-06-01,False,63.63636363636363,9.047619047619051,-0.009923748001849725,84.5018450184502,-3.4966666666666653,64.98297389330307,81.72531214528944,42.11123723041998,73.2122587968218,26.931818181818183,57.7927200495305,6.2713797035347785,40.68532506209256
6261,久元,半導體,76.7,-1.4138817480719768,36188780.699999996,True,57.48244192328471,39.86129458388375,33.71,2026-06-01,False,52.67175572519084,-10.81395348837209,0.16797040869884358,57.45318352059925,20.843333333333334,54.37003405221339,11.91827468785471,92.7355278093076,11.01021566401816,84.54545454545455,50.915901351769676,62.02964652223489,53.872905387652935
5222,全訊,通信網路,117.0,-2.500000000000002,35895016.1,True,95.38066723695466,6.737120211360634,-4.97,2026-06-01,False,9.803921568627452,-3.7037037037037033,-0.031861338833087186,72.22222222222221,-14.48,8.796821793416571,34.73325766174801,30.87400681044268,44.892167990919404,13.068181818181818,26.4728872149417,10.490307867730902,32.36150999757972
2535,達欣工,營造,90.2,-2.1691973969631184,35782311.1,True,32.25283630470016,59.313077939233814,19.94,2026-06-01,False,26.666666666666668,1.920903954802263,-0.02645940011801047,93.27817993795243,19.6,26.390465380249715,61.74801362088536,33.59818388195232,90.35187287173666,83.18181818181817,59.05407078732844,44.469783352337515,49.866026995859634
5291,邑昇,印刷電路板,55.9,1.0849909584086825,35512064.447500005,True,68.04469273743017,31.571994715984147,40.5,2026-06-01,False,69.76744186046511,3.710575139146568,-0.018013103162247374,70.93908629441624,-1.0399999999999991,71.50964812712827,68.21793416572078,37.003405221339385,41.543700340522136,33.35227272727273,50.32539211639666,67.95895096921323,53.19859131778572
5288,豐祥-KY,機車船製造,191.5,-2.0460358056266004,35497209.35,True,44.62452728254998,50.06605019815059,71.59,2026-06-01,False,50.0,-2.7918781725888326,0.02141523124199152,96.9620253164557,16.613333333333337,51.475595913734395,39.046538024971625,57.548240635641314,95.23269012485811,78.86363636363637,64.43334021256837,84.83466362599772,73.12410290990465
8462,柏文,其他,174.0,-1.9718309859154903,35454443.975,True,3.188028627195836,84.61030383091149,20.11,2026-06-01,False,82.6086956521739,10.828025477707007,0.16072139068166466,96.93593314763231,-0.18666666666666742,84.16572077185018,84.7900113507378,91.60045402951191,95.00567536889898,35.11363636363637,78.13509957692705,44.69783352337514,59.76980457834662
5426,振發,電子零組件,27.2,-1.981981981981984,35432435.980000004,True,47.921071176885135,47.22589167767503,44.52,2026-06-01,False,72.18543046357617,4.015296367112814,-0.08085956559461767,68.60025220680959,19.45666666666667,73.77979568671964,68.78547105561861,13.393870601589104,34.50624290578887,82.61363636363637,54.615803322670516,71.0376282782212,52.634548953777774
2497,怡利電,汽車組件,45.05,-2.909482758620696,35278138.747499995,True,4.4799999999999995,83.09114927344781,52.52,2026-06-01,False,94.5945945945946,-16.57407407407408,-0.0785477833436484,67.44011976047905,14.313333333333333,94.77866061293983,4.313280363223609,13.847900113507377,31.8955732122588,75.56818181818183,44.08071922402229,76.96693272519954,74.83197154679364
7722,LINEPAY,數位雲端,276.0,1.098901098901095,35211305.475,True,0.24271844660194172,92.66842800528401,14.16,2026-06-01,False,88.0,-10.53484602917342,-0.0071954142514274125,41.31736526946108,-0.09999999999999964,89.33030646992054,12.712826333711691,44.26787741203178,1.362088535754824,35.22727272727273,36.58007429573831,35.80387685290764,53.44586138121783
3703,欣陸,營造,19.4,-1.5228426395939132,35206935.9,True,24.95793606281548,64.92734478203434,-5.55,2026-06-01,False,46.666666666666664,-6.954436450839342,-0.2550193907305379,79.50819672131148,-1.6233333333333326,47.616345062429055,22.474460839954595,0.9080590238365494,61.123723041997735,31.477272727272727,32.71997213909813,10.034207525655644,49.07495369753196
2414,精技,電子通路,52.4,-0.5692599620493399,35104641.190000005,True,44.1923284710967,50.330250990752965,87.26,2026-06-01,False,58.82352941176471,-7.9086115992970125,-0.09879831083791778,81.11455108359134,27.406666666666673,60.10215664018161,19.63677639046538,10.896708286038592,64.01816118047672,89.6590909090909,48.86257868125064,88.36944127708097,73.21324567681847
2707,晶華,餐飲飯店,178.0,0.28169014084507005,34837818.575,True,15.235008103727715,73.67899603698811,13.94,2026-06-01,False,44.0,-1.3850415512465373,0.027307080273532416,87.46928746928747,8.363333333333333,44.09761634506243,46.651532349602725,59.818388195232686,78.88762769580022,64.0909090909091,58.70921473532144,35.11972633979475,52.86335950776367
6024,群益期,期貨,60.8,-0.49099836333879043,34746162.71,True,15.559157212317668,73.44782034346103,124.15,2026-06-01,False,73.45844504021449,-5.590062111801255,0.057126447951953645,93.25153374233128,169.84,74.80136208853575,28.37684449489217,71.50964812712827,90.23836549375709,98.63636363636363,72.71251676813537,92.7023945267959,82.34131940354915
6208,日揚,電子設備,81.6,-0.3663003663003761,34255529.665,True,91.7882225823879,10.96433289299868,22.5,2026-06-01,False,19.480519480519483,-3.2028469750889714,0.03131858726890923,76.98113207547169,10.226666666666667,19.182746878547103,37.3439273552781,61.634506242905786,55.05107832009081,67.95454545454545,48.23336085027345,47.662485746864306,46.13809589755603
2420,新巨,電子零組件,57.0,-2.0618556701030966,34215277.475,True,62.34467855213398,36.459709379128135,10.73,2026-06-01,False,58.94039735099338,-1.041666666666669,0.16989582653555396,87.28943338437979,8.393333333333334,60.27241770715096,48.240635641316686,92.96254256526673,78.32009080590238,64.20454545454545,68.80004643483645,30.672748004561,55.25615521907441
6799,來頡,半導體,78.8,-6.302021403091551,34164701.809999995,True,9.633911368015415,79.12813738441216,6.47,2026-06-01,False,89.31297709923665,-6.413301662707845,-0.11163653321312873,70.67264573991031,0.4033333333333333,90.46538024971623,24.51759364358683,9.080590238365494,40.29511918274688,36.81818181818181,40.23537302651945,24.458380843785633,57.67532165816547
6577,勁豐,電腦及週邊,80.2,-2.195121951219514,34101429.75000001,True,4.430037817396002,83.22324966974901,4.97,2026-06-01,False,91.37931034482759,4.836601307189546,0.011140502411286259,84.95762711864407,3.633333333333333,92.28149829738933,71.28263337116913,52.55391600454029,74.57434733257662,48.75,67.88847900113508,22.34891676168757,54.480532255121105
4556,旭然,其他電製品,77.7,-8.264462809917351,34030925.30499999,True,71.0340775558167,28.996036988110962,14.45,2026-06-01,False,50.0,-38.08764940239043,-0.03406560543527231,58.64150943396227,12.559999999999999,51.475595913734395,0.340522133938706,30.30646992054484,13.393870601589104,72.95454545454545,33.694200804870505,36.259977194982895,50.19723039409192
8163,達方,光電及I/O,31.05,-2.050473186119872,33576024.7275,True,93.89519178822259,8.58652575957728,1.08,2026-06-01,False,14.666666666666666,-5.045871559633033,-0.060584692657389375,68.5430463576159,-7.923333333333332,13.734392735527809,31.214528944381385,19.750283768444948,34.39273552780931,18.295454545454547,23.4774791043236,17.559863169897376,33.61811562221328
3078,僑威,電子零組件,53.0,-0.3759398496240629,33479191.125000007,True,86.27768773635871,16.116248348745046,-57.6,2026-06-01,False,25.82781456953642,-0.37593984962406546,0.13162638332033413,56.26326963906582,-5.680000000000007,25.53916004540295,51.64585698070374,87.51418842224744,9.534619750283769,21.931818181818183,39.23312867609122,0.9122006841505131,21.08503087478337
6957,裕慶-KY,基本金屬,214.0,-1.834862385321101,33364135.05,True,93.67816091954023,8.850726552179657,33.53,2026-06-01,False,2.4390243902439024,-15.41501976284585,-0.03802825642189094,84.58498023715416,-2.469999999999999,1.4755959137343928,5.788876276958002,28.036322360953463,73.55278093076049,29.88636363636364,27.747987823754,61.57354618015963,57.70326168692413
4721,美琪瑪,其他化學,74.0,-3.014416775884665,33344315.285000004,True,3.9473684210526314,83.5204755614267,-19.35,2026-06-01,False,87.5,1.2311901504788039,-0.12267530500054105,73.26732673267327,-2.9733333333333327,88.7627695800227,60.1589103291714,7.377979568671964,46.651532349602725,28.97727272727273,46.3856929109483,3.6488027366020526,44.72604858426402
8438,昶昕,資源回收,66.5,-1.4814814814814836,33140263.584999997,True,50.880444856348475,44.78203434610304,40.99,2026-06-01,False,39.130434782608695,-4.591104734576761,0.0460371541143209,62.441314553990615,-1.3866666666666632,40.18161180476731,32.2360953461975,67.30987514188422,19.977298524404084,31.931818181818183,38.32733979981426,68.18700114025086,49.02745403080618
2010,春源,基本金屬,22.75,-0.21929824561404132,33077285.575,True,2.5391680172879525,85.53500660501982,-0.43,2026-06-01,False,90.2439024390244,7.819905213270135,0.18229334863341787,88.17829457364341,-0.6966666666666667,91.37343927355278,79.11464245175937,94.43813847900114,80.24971623155504,33.97727272727273,75.83064183262822,16.305587229190422,52.20352507063471
6411,晶焱,半導體,79.1,0.12658227848101333,33043296.68,True,48.730415991356026,46.3672391017173,9.84,2026-06-01,False,58.778625954198475,-2.345679012345686,-0.10063426534321426,69.3859649122807,-4.109999999999998,59.93189557321226,41.316685584563,10.556186152099887,36.66288308740068,25.454545454545453,34.78443917036425,29.532497149372862,46.2026475563557
3528,安馳,電子通路,86.1,-2.1590909090909105,33027335.975,True,1.5126958400864399,87.54953764861294,57.4,2026-06-01,False,92.15686274509804,3.8600723763570426,-0.04182336185337149,61.5,-11.756666666666668,93.01929625425652,68.44494892167991,27.014755959137343,18.274687854710557,14.659090909090908,44.28255597977504,78.56328392246294,55.35307977743753
3152,璟德,電子零組件,218.0,-2.67857142857143,33026303.1,True,41.22096164235548,52.807133421400266,23.54,2026-06-01,False,75.82781456953643,-4.595185995623632,-0.03782234918080908,67.18027734976889,9.26,77.35527809307605,32.122587968217935,28.263337116912602,30.98751418842225,66.13636363636364,46.97301620059849,48.80273660205245,56.2557352288332
3485,敘豐,電子設備,207.0,-5.263157894736848,32735938.525,True,1.36986301369863,87.91281373844122,22.45,2026-06-01,False,96.1038961038961,-8.2039911308204,-0.009306693492583139,53.557567917205695,6.753333333333332,96.3677639046538,18.047673098751417,42.56526674233825,7.037457434733257,59.88636363636364,44.78090496336807,47.43443557582668,58.197995954115584
6862,三集瑞-KY,電子零組件,137.0,-2.491103202846978,32453159.4,True,75.7918552036199,24.9669749009247,-1.04,2026-06-01,False,39.735099337748345,-8.361204013377927,-0.03842064092698469,60.08771929824561,27.34666666666667,40.74914869466515,16.91259931895573,27.809307604994327,15.777525539160045,89.43181818181817,38.13607986791868,14.937286202964653,38.63784027945853
8289,泰藝,電子零組件,46.25,-4.045643153526979,32370709.082499992,True,70.60833902939166,29.392338177014533,29.88,2026-06-01,False,45.6953642384106,3.699551569506723,0.028220930368023114,61.09643328929987,21.75333333333333,46.76503972758229,68.1044267877412,60.38592508513053,17.366628830874006,84.88636363636364,55.50167681353834,57.12656784492588,38.28845240391024
6725,矽科宏晟,電子設備,232.0,-1.276595744680853,32265877.0,True,28.289473684210524,62.41743725231176,15.91,2026-06-01,False,76.62337662337663,-22.92358803986711,0.0008158444461831651,56.723716381418086,18.61,78.32009080590238,1.4755959137343928,47.90011350737798,10.102156640181612,81.36363636363636,43.83231864616655,38.65450399087799,56.4002888808069
4114,健喬,藥,30.0,0.0,31929797.54,True,23.60886007563479,66.21532364597094,30.68,2026-06-01,False,48.888888888888886,1.0101010101010124,-0.038799363998845496,82.0793433652531,11.643333333333334,50.17026106696936,59.02383654937571,27.582292849035188,67.19636776390465,70.9090909090909,54.97636982767516,58.26681870011402,54.15240274540308
6259,百徽,電子通路,30.4,-9.118086696562045,31920177.0925,True,28.638497652582164,62.15323645970938,82.68,2026-06-01,False,64.70588235294117,-8.157099697885204,0.0002541434742043365,71.36150234741784,35.080000000000005,65.89103291713961,18.161180476730987,47.67309875141884,43.01929625425653,91.93181818181819,53.33528531627284,87.68529076396807,69.6086098646583
3114,好德,電子通路,32.5,-2.108433734939763,31830924.982499994,True,26.31010264721772,64.00264200792603,-16.21,2026-06-01,False,68.62745098039215,-0.4594180704440998,-0.04832235527269365,56.32582322357019,-9.556666666666668,70.37457434733257,51.19182746878547,24.063564131668556,9.648127128263337,16.590909090909093,34.3738004333918,4.561003420752566,33.34796935689075
3303,岱稜,石化,52.5,0.3824091778202643,31518443.209999997,True,23.9870340356564,65.85204755614267,48.97,2026-06-01,False,73.68421052631578,0.5747126436781554,0.049692257381518154,83.46581875993641,19.409999999999997,75.08513053348467,56.75368898978434,68.55845629965948,70.48808172531214,82.38636363636364,70.65434423692086,74.00228050171037,65.70545094268071
5607,遠雄港,貨運倉儲,53.0,-0.18832391713747842,31116851.5425,True,23.122636412749863,66.7437252311757,37.01,2026-06-01,False,69.23076923076923,5.367793240556666,0.16147252767827308,95.15260323159784,-0.023333333333333428,70.99886492622021,72.98524404086265,91.71396140749148,92.96254256526673,35.56818181818181,72.84575895160458,65.45039908779931,64.1066406346059
3338,泰碩,電子零組件,62.0,-2.515723270440251,31016057.889999997,True,99.24365207995677,2.906208718626156,20.83,2026-06-01,False,3.3112582781456954,-10.274963820549921,-0.04047134835459703,69.89853438556933,15.096666666666664,2.1566401816118046,13.507377979568671,27.355278093076052,38.25198637911464,76.93181818181817,31.64062016303787,45.83808437856328,43.18483323993026
4162,智擎,藥,59.0,-0.16920473773266442,30995934.735000003,True,24.581307401404644,65.38969616908851,33.92,2026-06-01,False,46.666666666666664,-13.23529411764706,0.08282095818866583,79.94579945799458,6.030000000000001,47.616345062429055,8.286038592508513,79.45516458569807,61.52099886492623,57.15909090909091,50.80752760293056,62.37172177879133,65.80575677840952
8415,大國鋼,基本金屬,38.0,0.39630118890356947,30987193.412500005,True,19.98919502971367,69.98018494055482,36.57,2026-06-01,False,78.04878048780488,3.6834924965893627,0.20474931648040237,98.31824062095731,11.29333333333333,79.45516458569807,67.99091940976163,96.0272417707151,97.16231555051078,70.3409090909091,82.19531008151894,65.10832383124287,68.43372113942252
8473,山林水,資源回收,45.35,-0.7658643326039383,30946154.9625,True,0.32808398950131235,91.8097754293263,18.1,2026-06-01,False,86.95652173913044,2.6018099547511278,-0.02750764260807224,80.98214285714286,4.586666666666666,88.08172531214528,64.58569807037458,33.030646992054486,63.56413166855845,51.93181818181818,60.2388040449902,41.84720638540479,57.226841323933485
2108,南帝,橡膠原料,29.45,-0.16949152542372614,30893965.145,True,51.269584008643974,44.58388375165126,31.78,2026-06-01,False,44.50402144772118,4.432624113475177,0.2431522090630873,91.60186625194402,0.11333333333333329,45.2894438138479,69.9205448354143,97.72985244040862,87.06015891032916,36.02272727272727,67.20454545454545,59.293044469783354,55.43052558963653
3138,耀登,通信網路,95.0,-5.000000000000004,30543532.630000003,True,56.92530819434373,40.4887714663144,-1.44,2026-06-01,False,49.01960784313725,-6.403940886699508,0.07918585547033044,43.67816091954023,-8.786666666666667,50.45402951191827,24.6311010215664,78.54710556186151,1.8161180476730987,17.272727272727273,34.54421628314931,14.367160775370582,35.501551828348894
6532,瑞耘,電子設備,84.8,-4.1807909604519855,29726574.605,True,11.61534305780659,77.27873183619552,18.65,2026-06-01,False,87.01298701298701,21.839080459770123,-0.04577757145874985,74.3859649122807,-8.220000000000006,88.19523269012485,93.0760499432463,24.971623155505107,49.375709421112376,17.727272727272727,54.66917758745228,42.93044469783352,46.85633421645612
4746,台耀,藥,52.3,0.19157088122603305,29355609.809999995,True,31.100478468899524,60.501981505944514,0.29,2026-06-01,False,37.77777777777778,0.3838771593090129,-0.017518932005090148,75.46897546897546,10.406666666666666,38.93303064699206,55.27809307604994,38.02497162315551,51.41884222474461,68.63636363636364,50.45826024146114,16.76168757126568,37.9588668417381
5474,聰泰,電腦及週邊,162.0,0.6211180124223503,29335384.725,True,86.22366288492707,16.18229854689564,16.3,2026-06-01,False,12.068965517241379,12.110726643598616,0.07035279612200268,76.95961995249407,16.776666666666667,11.237230419977298,86.37911464245175,75.48240635641316,54.937570942111236,79.20454545454545,61.44817356309977,39.85176738882554,29.91186352711558
6108,競國,印刷電路板,23.6,3.0567685589519833,29207707.722499996,True,99.93288590604027,0.33025099075297226,46.33,2026-06-01,False,2.3255813953488373,41.31736526946109,0.16792693702152514,97.5206611570248,8.083333333333336,1.362088535754824,98.75141884222475,92.62202043132804,95.80022701475596,63.40909090909091,70.3889691466309,71.94982896237173,42.59018141766444
8121,越峰,電子零組件,27.85,-3.130434782608693,29107654.794999998,True,96.83406113537117,4.821664464993395,33.01,2026-06-01,False,7.28476821192053,-18.804664723032058,-0.012270620085650594,51.19485294117647,8.649999999999999,6.015891032917139,2.837684449489217,40.97616345062429,5.334846765039727,64.88636363636363,24.010189866886797,61.117445838084386,42.407624796638004
5608,四維航,海運,15.95,9.999999999999986,28966082.834999997,True,99.8371335504886,0.7926023778071334,21.83,2026-06-01,False,9.090909090909092,15.162454873646208,0.13960569433365763,76.86746987951807,10.283333333333331,7.888762769580023,88.98978433598184,89.33030646992054,54.710556186152104,68.4090909090909,61.86570013414509,47.092360319270234,30.17547373475513
2034,允強,基本金屬,19.8,-0.7518796992481147,28853386.3425,True,81.50154798761609,20.277410832232498,22.48,2026-06-01,False,9.75609756097561,1.278772378516624,0.1419768955669056,87.8048780487805,17.293333333333333,8.626560726447218,60.38592508513053,89.67082860385925,79.22814982973894,79.88636363636363,63.55956557630791,47.5484606613455,43.75431153310028
6205,詮欣,電子零組件,61.9,-0.1612903225806428,28652773.080000002,True,69.4759589411129,30.317040951122852,34.36,2026-06-01,False,47.682119205298015,0.8143322475570033,0.11883213790332767,63.0346232179226,31.92,48.694665153234965,57.66174801362089,85.35754824063564,20.885357548240634,91.02272727272728,60.72440924569187,62.82782212086659,43.68652420218033
4912,聯德控股-KY,電子零組件,91.0,-1.4084507042253502,28400293.75,True,96.70448406266883,4.953764861294584,53.33,2026-06-01,False,8.27814569536424,8.851674641148332,0.08463979211901915,79.13043478260869,15.083333333333336,6.980703745743473,81.61180476730988,79.90919409761634,59.93189557321226,76.81818181818181,61.05035600041275,77.30900798175598,40.652450633350455
5225,東科-KY,消費性電子,60.0,-1.3157894736842035,28129802.095,True,66.53088934147998,32.43064729194188,17.8,2026-06-01,False,26.31578947368421,-16.897506925207757,-0.10759156952380634,51.50214592274678,11.693333333333335,26.16345062429058,4.19977298524404,9.534619750283769,5.675368898978434,71.47727272727272,23.410096997213905,41.50513112884835,42.286044416718326
6112,邁達特,資訊服務,43.9,-3.6223929747530192,28122098.55,True,27.988826815642458,62.48348745046235,-2.29,2026-06-01,False,45.65217391304348,4.52380952380952,0.22625968244676184,77.42504409171075,-15.11,46.651532349602725,70.37457434733257,97.04880817253121,56.29965947786606,12.386363636363637,56.55218759673924,13.45496009122007,36.50789439283907
7768,頌勝科技,樹脂,263.5,-3.302752293577982,28113854.275,True,0.0,98.11756935270806,11.91,2026-06-01,False,100.0,-11.27946127946128,0.07834135704322716,53.940634595701134,5.323333333333334,99.31895573212259,11.464245175936435,78.32009080590238,7.71850170261067,53.97727272727273,50.15981322876896,32.497149372862026,57.01759040791471
8147,正淩,電子零組件,120.5,0.4166666666666652,27840900.375,True,54.43645083932853,42.140026420079266,14.91,2026-06-01,False,66.88741721854305,-7.662835249042145,-0.04885023359654943,63.25459317585301,5.833333333333334,69.35300794551645,20.43132803632236,23.496027241770715,21.33938706015891,56.13636363636364,38.151222784026416,36.94412770809578,51.8012986693622
3580,友威科,電子設備,80.0,-4.420549581839905,27790197.580000002,True,96.32631010264721,5.5482166446499335,-2.83,2026-06-01,False,6.493506493506493,-1.5990159901598984,0.08740829339795585,70.79646017699115,-20.806666666666665,5.10783200908059,45.17593643586833,80.36322360953461,40.86265607264472,9.204545454545453,36.14283871633474,12.542759407069557,28.334327763231634
3049,精金,光電及I/O,10.65,-1.8433179723502224,27716954.121999998,True,91.56398104265404,11.29458388375165,-68.18,2026-06-01,False,21.333333333333336,-6.1674008810572625,0.004581789848623168,59.166666666666664,2.839999999999989,21.22587968217934,25.425652667423382,49.94324631101021,14.074914869466514,45.909090909090914,31.315756887834073,0.798175598631699,27.668329370713543
6015,宏遠證,證券,15.75,-1.253918495297801,27687110.93,True,24.242424242424242,65.5217965653897,270.84,2026-06-01,False,37.5,-3.963414634146333,-0.08396410565407002,68.77729257641921,-1343.4433333333336,38.53575482406356,33.82519863791146,12.826333711691259,35.07377979568672,0.5681818181818182,24.16584975750696,97.03534777651083,59.20492093958741
5521,工信,營造,10.45,-4.5662100456621,27578089.713999998,True,24.94929006085193,64.99339498018493,-0.66,2026-06-01,False,53.333333333333336,1.4563106796116367,0.03669839185974959,38.20840950639853,-7.48,54.937570942111236,60.953461975028375,63.90465380249716,0.9080590238365494,18.522727272727273,39.84529460324012,15.849486887115166,27.68541371950864
1440,南紡,人纖,13.35,-1.4760147601476148,27505200.560000002,True,99.48186528497409,2.4438573315719947,-11.53,2026-06-01,False,11.11111111111111,2.69230769230769,0.09562257438211656,85.57692307692307,2.2200000000000006,10.272417707150964,64.92622020431328,81.61180476730988,75.59591373439274,43.18181818181818,55.11763491899701,5.872291904218928,31.703600785362337
7786,東方風能,海運,123.0,-1.9920318725099584,27319064.65,True,0.5524861878453038,90.5878467635403,18.58,2026-06-01,False,90.9090909090909,-6.8181818181818175,0.07536308283132356,42.78260869565217,-17.613333333333337,92.05448354143019,23.269012485811576,77.5255391600454,1.5891032917139614,10.795454545454545,41.046718604891126,42.64538198403649,53.25498908284227
6192,巨路,電子通路,115.5,-1.2820512820512775,26986780.625,True,73.04159913560238,27.410832232496695,16.94,2026-06-01,False,23.52941176470588,-0.8583690987124464,-0.1373116322794961,86.51685393258427,5.2233333333333345,23.609534619750285,49.2622020431328,6.015891032917139,77.29852440408627,53.40909090909091,41.91904860179548,40.592930444697835,48.0596968563504
2547,日勝生,建設,10.15,-0.9756097560975618,26917427.064999998,True,83.99122807017544,18.031704095112286,141.99,2026-06-01,False,8.771929824561402,-1.4563106796116538,0.1528696963590044,87.50000000000001,77.05333333333334,7.491486946651532,46.19750283768445,90.91940976163451,79.00113507377979,96.70454545454545,64.06281601485914,93.72862029646522,58.50593486980303
9911,櫻花,五金及家具,82.2,0.12180267965895553,26741438.985000003,True,25.175580767152887,64.72919418758256,6.72,2026-06-01,False,75.0,-1.2019230769230769,-0.1605803471589052,89.05742145178766,-0.5533333333333337,76.50397275822928,47.332576617480136,4.426787741203178,82.17934165720771,34.20454545454545,48.92944484573316,25.313568985176737,59.1660766957834
5258,虹堡,電腦及週邊,47.45,-3.4587995930823956,26484071.3125,True,18.170504044803984,71.4663143989432,20.75,2026-06-01,False,79.3103448275862,-10.132575757575747,-0.05567060413677658,60.063291139240505,-5.52,81.27128263337117,13.847900113507377,20.998864926220204,15.664018161180476,22.386363636363637,30.83368589412857,45.72405929304447,57.202864993522184
9925,新保,保全,40.0,-0.37359900373599153,26398877.869999997,True,2.755267423014587,85.27080581241744,3.31,2026-06-01,False,85.05361930294906,-3.614457831325301,-0.12816411596219338,96.3855421686747,0.5066666666666668,86.60612939841089,35.07377979568672,6.469920544835414,94.5516458569807,37.04545454545455,51.94938602827366,20.182440136830103,66.56660889913374
6840,東研信超,檢測驗證,83.0,0.0,26293026.044999998,True,33.201581027667984,58.718626155878475,17.85,2026-06-01,False,100.0,38.56427378964942,0.09521357098972379,100.0,2.7733333333333334,99.31895573212259,98.41089670828603,81.4982973893303,98.86492622020431,45.39772727272727,84.6981606645341,41.61915621436716,60.34803536460201
2905,三商,百貨批發,17.75,-1.9337016574585753,26193252.9625,True,14.337240757439135,74.9009247027741,-19.95,2026-05-01,False,60.0,11.285266457680256,0.17620750299386878,98.06629834254143,-111.84666666666666,61.18047673098751,85.47105561861521,93.75709421112373,96.82179341657208,1.7045454545454544,67.7869930863688,3.4207525655644244,43.9879917736272
2442,新美齊,建設,19.3,0.783289817232391,26084887.725,True,15.939499709133218,73.11756935270806,220.09,2026-06-01,False,78.94736842105263,-0.2583979328165411,0.014108045011800217,64.33333333333333,97.56333333333332,80.70374574347332,52.44040862656073,53.68898978433598,24.177071509648126,97.61363636363637,61.7247704055309,96.12314709236031,62.14088892973026
6651,全宇昕,半導體,136.5,-1.4440433212996373,25959318.525,True,71.875,28.46763540290621,19.46,2026-06-01,False,36.6412213740458,15.18987341772152,0.003208716377255703,80.76923076923077,6.140000000000001,37.79795686719637,89.10329171396141,49.375709421112376,63.11010215664018,57.49999999999999,59.37741203178206,44.013683010262255,38.95461258003435
4533,協易機,機械,26.7,-1.6574585635359074,25808559.450000003,True,62.296918767507,36.525759577278734,0.49,2026-06-01,False,48.484848484848484,1.3282732447817756,0.002124321198340977,64.72727272727272,-5.079999999999999,49.60272417707151,60.499432463110104,48.80817253121453,24.971623155505107,23.295454545454543,41.43548137447116,17.103762827822123,32.79466942432216
6224,聚鼎,電子零組件,65.3,-2.5373134328358304,25596297.404999997,True,88.81685575364668,13.474240422721268,14.7,2026-06-01,False,21.85430463576159,15.575221238938047,0.04430295545240713,68.73684210526315,13.25,22.02043132803632,89.33030646992054,66.85584562996596,34.846765039727586,73.86363636363636,57.38339696625735,36.773090079817564,26.077494994415233
2106,建大,輪胎,17.4,-0.8547008547008628,25430092.542499997,True,50.51608986035215,45.1783355350066,11.6,2026-06-01,False,20.0,-3.064066852367692,-0.16008276760977916,81.49882903981263,5.493333333333333,20.03405221339387,37.79795686719637,4.540295119182747,65.26674233825199,55.00000000000001,36.527809307605,31.92702394526796,44.85746540742936
2033,佳大,基本金屬,22.0,0.2277904328018332,25175720.080000002,True,43.940467753366406,50.79260237780714,-28.85,2026-06-01,False,36.58536585365854,45.21452145214521,0.015578694243104891,97.34513274336283,-22.64666666666667,37.684449489216796,99.09194097616346,54.59704880817253,95.68671963677639,8.409090909090908,59.09384996388402,2.508551881413911,34.19694500781091
6189,豐藝,電子通路,47.5,-1.8595041322314043,25145884.314999998,True,41.3290113452188,52.64200792602378,4.49,2026-06-01,False,60.78431372549019,-0.21008403361344835,0.16240877271124438,83.92226148409894,2.92,62.20204313280363,52.55391600454029,91.94097616345063,71.85017026106696,46.02272727272727,64.91396656691776,21.55074116305587,50.762259638096545
6592,和潤企業,租賃,60.6,-0.6557377049180357,25144558.93,True,0.7995079950799507,89.43196829590488,-6.2,2026-06-01,False,89.27613941018767,-0.492610837438419,0.14263764617793717,85.8356940509915,-2.2,90.35187287173666,50.96481271282634,89.89784335981838,76.16345062429058,30.568181818181817,67.58923227737075,9.806157354618016,56.339167034454725
6156,松上,印刷電路板,21.1,-2.314814814814814,24431141.0525,True,99.6653653095371,1.7833553500660502,55.51,2026-06-01,False,6.976744186046512,-12.80991735537189,0.0650529725808935,65.9375,20.513333333333335,5.788876276958002,8.740068104426788,73.43927355278093,28.490351872871738,83.86363636363636,40.06444123413477,78.22120866590649,50.94009217782737
4441,振大環球,成衣,192.0,-2.0408163265306145,24374698.05,True,1.3215859030837005,88.1770145310436,-3.51,2026-06-01,False,82.6086956521739,8.169014084507042,-0.05227363908701632,64.9746192893401,-3.0400000000000005,84.16572077185018,80.02270147559591,22.24744608399546,25.993189557321227,28.749999999999996,48.23581157775256,11.744583808437856,35.470198165503334
2607,榮運,貨運倉儲,50.5,0.5976095617529875,24363262.775,True,19.98919502971367,69.98018494055482,25.41,2026-06-01,False,84.61538461538461,6.315789473684211,0.0759643632183789,85.16020236087691,5.366666666666667,86.20885357548241,75.14188422247446,77.75255391600454,74.91486946651533,54.31818181818182,73.66726859973171,50.7411630558723,59.1807504688489
8478,東哥遊艇,機車船製造,139.5,-1.4134275618374548,24283494.275,True,3.1334413830361965,84.74240422721269,76.33,2026-06-01,False,91.66666666666666,-8.223684210526317,-0.10953269678846414,60.259179265658744,92.47333333333333,92.50851305334847,17.82065834279228,9.307604994324631,16.11804767309875,97.1590909090909,46.58278299453101,86.43101482326112,69.309229301729
4163,鐿鈦,醫療耗材,145.5,-3.0000000000000027,23900138.525,True,90.65370070232306,11.624834874504623,7.69,2026-06-01,False,2.7777777777777777,16.400000000000002,0.08760614965340856,97.0,-4.333333333333333,1.9296254256526675,89.89784335981838,80.47673098751419,95.34619750283768,24.886363636363637,58.50735218243731,26.90992018244014,33.57197493777802
1720,生達,藥,55.9,0.0,23779667.89,True,0.0,98.11756935270806,9.11,2026-06-01,False,96.66666666666667,-12.656250000000002,-0.08464075632051642,85.21341463414635,6.4799999999999995,96.59477866061293,8.967082860385926,12.599318955732123,75.02837684449489,58.97727272727272,50.43336600969972,28.62029646522235,72.81909227748606
3483,力致,電子零組件,71.7,-2.976995940460081,23672855.165,True,83.03619665045922,18.956406869220608,-18.47,2026-06-01,False,32.450331125827816,-9.24050632911392,-0.017309040782781428,53.70786516853933,-8.08,32.46311010215664,15.664018161180476,38.36549375709421,7.264472190692395,17.954545454545453,22.342327933133838,3.990877993158495,32.013610531206766
4952,凌通,半導體,50.9,-2.4904214559387072,23552416.365,True,80.22690437601297,21.532364597093792,50.03,2026-06-01,False,29.00763358778626,3.3502538071065966,0.007107659771796184,84.13223140495867,23.143333333333334,28.944381384790013,67.30987514188422,50.851305334846764,72.41770715096482,86.70454545454545,61.245562893406245,74.9714937286203,52.25592678062273
6546,正基,通信網路,62.0,-1.4308426073131986,23474593.11,True,23.78640776699029,65.98414795244386,-0.77,2026-06-01,False,74.50980392156863,2.9900332225913573,-0.0725120098065061,68.88888888888889,1.98,76.04994324631102,65.60726447219069,15.096481271282633,35.414301929625424,42.27272727272727,46.88814363842741,15.450399087799315,40.326844947886265
4716,大立,樹脂,17.15,-1.4367816091954033,23399780.415,True,58.26477187733732,39.233817701453106,-0.84,2026-06-01,False,35.714285714285715,-5.5096418732782375,-0.06979511601287078,70.86776859504131,6.5133333333333345,36.54937570942111,28.830874006810443,16.00454029511918,41.316685584563,59.20454545454545,36.38120421009184,15.051311288483465,41.02162464391428
1623,大東電,電纜,205.0,-0.4854368932038833,23294558.175,True,18.38235294117647,71.26816380449141,13.63,2026-06-01,False,54.54545454545454,-7.657657657657657,-0.2036124704960312,60.29411764705882,22.886666666666667,56.186152099886485,20.54483541430193,2.2701475595913734,16.23155505107832,86.36363636363636,36.31926529769889,34.77765108323831,46.6626307049753
3556,禾瑞亞,半導體,62.1,-2.5117739403453743,23266009.714999996,True,53.052404105888705,43.26287978863937,66.86,2026-06-01,False,55.72519083969466,-3.120124804992189,0.07962252048602415,77.23880597014924,35.61,57.66174801362089,37.457434733257664,78.66061293984109,55.73212258796821,92.1590909090909,64.33420183675575,83.23831242873432,64.79368707426643
6263,普萊德,通信網路,161.5,-0.9202453987730008,23186180.75,True,83.3063209076175,18.65918097754293,4.21,2026-06-01,False,35.294117647058826,4.870129870129871,0.2479512901397834,85.6763925729443,-3.7233333333333336,36.322360953461974,71.62315550510783,98.07037457434733,76.04994324631102,26.136363636363637,61.64043958311836,21.20866590649943,40.489453650291146
3093,港建*,電子設備,47.55,-0.5230125523012608,23015411.935,True,95.35386277687736,6.803170409511229,92.31,2026-06-01,False,10.38961038961039,1.9292604501607686,0.008370538257321558,62.89682539682539,86.42333333333333,9.421112372304199,61.861520998864926,51.41884222474461,20.43132803632236,96.93181818181819,48.01292436281086,89.28164196123147,39.31814034274827
4561,健椿,機械,49.4,-1.5936254980079778,22935736.2275,True,69.80010804970286,30.05284015852048,43.42,2026-06-01,False,30.303030303030305,34.604904632152575,0.009526148752763822,86.9718309859155,16.19333333333333,30.0794551645857,97.27582292849036,51.759364358683314,77.86606129398412,78.52272727272728,67.10068620369415,69.89737742303306,45.14176773827813
2636,台驊控股,貨運倉儲,69.6,0.0,22932937.5,True,77.84981091302,23.8441215323646,25.18,2026-06-01,False,23.076923076923077,7.076923076923068,0.2808695257996072,96.13259668508286,9.733333333333333,23.098751418842227,76.84449489216799,99.09194097616346,94.21112372304201,67.27272727272727,72.10380765658859,50.51311288483467,47.744623283637736
2617,台航,海運,29.85,2.577319587628857,22788042.759999998,True,24.79740680713128,65.22457067371202,37.28,2026-06-01,False,72.72727272727273,2.4013722126929773,0.040646412760051556,89.37125748502996,10.713333333333335,74.2905788876277,63.90465380249716,65.15323496027243,82.9738933030647,69.31818181818183,71.12810855432876,65.79247434435575,64.78807318313775
4303,信立,石化,48.0,-0.9287925696594534,22359377.682499997,True,15.2,73.778071334214,-10.0,2026-06-01,False,78.94736842105263,9.46408209806157,0.15482100705266988,57.48502994011976,-14.543333333333333,80.70374574347332,82.86038592508514,91.14642451759364,11.12372304199773,12.840909090909092,55.735037663811774,7.297605473204105,29.066172083397504
2015,豐興,基本金屬,63.1,-0.15822784810126667,22319790.240000002,True,43.43598055105348,51.12285336856011,-9.73,2026-06-01,False,39.02439024390244,-1.4062499999999978,0.143387270266497,89.50354609929079,-0.5099999999999998,39.95459704880817,46.53802497162315,90.01135073779795,83.42792281498296,34.43181818181818,58.87274275100609,7.411630558722919,46.06403136272273
1437,勤益控,物業管理,31.4,-0.31746031746032743,22316001.424999997,True,12.965964343598054,75.95772787318363,71.22,2026-06-01,False,76.0053619302949,0.6410256410256387,-0.011599398244138649,90.22988505747126,53.06333333333333,77.75255391600454,57.20771850170261,41.20317820658343,84.7900113507378,95.68181818181817,71.32705603136932,84.72063854047892,72.51387132637966
5292,華懋,電子設備,191.0,-2.051282051282055,22292651.85,True,79.66867469879519,22.192866578599734,-8.28,2026-06-01,False,37.66233766233766,12.684365781710916,-0.06877620509300249,72.0754716981132,-10.99,38.70601589103292,86.9466515323496,16.458569807037456,44.26787741203178,15.340909090909092,40.34400474667218,8.437856328392247,26.116274524776834
3130,一零四,數位雲端,212.0,-0.9345794392523366,21869809.65,True,0.10804970286331712,94.61690885072656,7.87,2026-06-01,False,92.0,4.176904176904177,-0.4120591873465325,92.57641921397381,-1.3333333333333348,92.7355278093076,69.35300794551645,0.11350737797956867,88.98978433598184,32.04545454545455,56.647456402848,27.25199543899658,59.906074909692386
6292,迅德,電子零組件,62.1,-1.5847860538827252,21755736.532500003,True,48.35224203133441,46.697490092470275,20.24,2026-06-01,False,71.52317880794702,22.727272727272727,0.034733211964198436,88.8412017167382,-22.33666666666667,73.32576617480136,93.64358683314416,63.33711691259932,81.83881952326901,8.636363636363637,64.15633061603549,45.03990877993159,51.64022691121445
4532,瑞智,家電製品,23.6,-0.8403361344537785,21655441.222500004,True,20.31334413830362,69.55085865257595,28.8,2026-06-01,False,61.111111111111114,-4.45344129554655,-0.1811674714850247,81.09965635738831,12.366666666666667,62.769580022701476,32.803632236095346,2.9511918274687856,63.7911464245176,72.5,46.96311010215664,55.644241733181296,62.35033398607625
1307,三芳,石化,30.3,-0.6557377049180357,21311433.812500004,True,0.7563479200432199,89.69616908850726,11.11,2026-06-01,False,94.73684210526315,-6.336939721792892,-0.1625388000885919,81.01604278074866,1.5099999999999998,95.23269012485811,24.971623155505107,4.0862656072644725,63.677639046538026,40.340909090909086,45.66182540501496,31.470923603192702,66.35240740477093
6235,華孚,電子零組件,37.7,-3.3333333333333215,21229726.990000002,True,61.940298507462686,36.65785997357992,-3.96,2026-06-01,False,59.60264900662252,-5.632040050062578,0.1105439457316714,49.21671018276763,2.3400000000000007,60.61293984108968,28.14982973893303,83.99545970488082,3.9727582292849033,43.75,44.09619750283768,11.2884834663626,36.93108794945104
9934,成霖,五金及家具,11.35,0.4424778761061843,20849656.629999995,True,86.89859363434493,15.455746367239101,29.84,2026-06-01,False,33.33333333333333,5.092592592592583,0.07096029357081159,94.58333333333333,17.36,33.82519863791146,72.41770715096482,75.7094211123723,91.94097616345063,80.0,70.77866061293983,57.01254275940707,52.59025260245109
1617,榮星,電纜,17.7,-2.7472527472527486,20668496.985000003,True,21.95718654434251,67.96565389696168,39.58,2026-06-01,False,45.45454545454545,-8.051948051948056,0.036964657277948544,66.29213483146067,5.873333333333328,46.25425652667423,18.615209988649262,64.35868331441543,28.944381384790013,56.477272727272734,42.92996078836033,67.16077537058153,55.93605082334913
2243,宏旭-KY,汽車組件,39.75,-0.6249999999999978,20604466.657500003,True,17.98780487804878,71.92866578599735,-40.08,2026-06-01,False,72.97297297297297,-25.839552238805975,-0.10688947561254114,60.22727272727273,-37.516666666666666,74.46083995459705,0.7945516458569807,9.875141884222474,15.891032917139613,4.886363636363637,21.18158600763595,1.596351197263398,47.788418105785766
5236,凌陽創新,半導體,135.0,-2.527075812274371,20555521.675,True,26.87296416938111,63.606340819022456,12.78,2026-06-01,False,80.1526717557252,-9.090909090909092,-0.12614685398298284,72.38605898123325,-7.076666666666666,82.17934165720771,16.00454029511918,6.9239500567536885,45.17593643586833,18.977272727272727,33.852208234444326,33.75142531356899,61.27554077788146
2641,正德,海運,17.9,1.9943019943019724,20245576.830000002,True,25.35911602209945,64.59709379128138,4.73,2026-06-01,False,63.63636363636363,4.069767441860462,0.05415315365224631,79.20353982300884,0.9333333333333336,64.98297389330307,69.12599318955732,70.37457434733257,60.04540295119183,38.75,60.65578887627695,22.120866590649943,44.50581256139688
5410,國眾,電子通路,35.8,0.561797752808979,19961964.504999995,True,14.964883846569421,74.17437252311757,11.87,2026-06-01,False,80.3921568627451,-2.717391304347826,-0.16335091098271015,74.58333333333333,-99.25333333333333,82.34960272417707,39.84108967082861,3.9727582292849033,49.716231555051074,2.0454545454545454,35.585027344959244,32.383124287343215,56.15196722393569
3484,崧騰,電子零組件,51.1,-0.7766990291262155,19889835.889999997,True,60.994057266342516,37.021136063408186,9.04,2026-06-01,False,60.264900662251655,7.465825446898011,0.05847469779277378,90.4424778761062,10.169999999999998,61.634506242905786,77.86606129398412,71.7366628830874,85.35754824063564,67.72727272727272,72.86441027757712,28.506271379703534,49.40806614231521
2221,大甲,基本金屬,54.4,0.7407407407407307,19779074.18,True,89.89735278227985,12.219286657859973,34.65,2026-06-01,False,4.878048780487805,7.509881422924895,0.052734444755526994,93.15068493150685,11.006666666666664,3.6322360953461974,78.09307604994325,69.69353007945517,90.12485811577753,69.77272727272728,62.26328552264988,63.055872291904215,44.679972613271175
4128,中天,藥,15.1,0.0,19751898.025,True,15.180265654648956,73.8441215323646,11.86,2026-06-01,False,55.55555555555556,-2.265372168284787,-0.09072014051630348,58.86939571150097,5.94,57.20771850170261,41.6572077185017,11.691259931895573,13.62088535754824,56.70454545454545,36.17632339283872,32.2690992018244,40.36012383564339
3360,尚立,電子通路,15.5,-3.4267912772585674,19676155.805,True,99.60435212660732,2.0475561426684283,95.16,2026-06-01,False,1.9607843137254901,-18.635170603674545,0.01486628933929428,67.83369803063457,22.809999999999988,0.851305334846765,2.9511918274687856,54.25652667423383,33.48467650397276,86.02272727272727,35.51328552264988,89.62371721778791,55.25212680728466
8213,志超,印刷電路板,33.0,-2.798232695139924,19637537.542499997,True,96.97460831982711,4.722589167767503,26.05,2026-06-01,False,16.27906976744186,4.928457869634342,-0.10244310554918805,78.94736842105263,11.65,15.664018161180476,71.85017026106696,10.21566401816118,59.47786606129398,71.02272727272727,45.64608915488598,51.653363740022805,38.73626942535758
2612,中航,海運,56.7,2.5316455696202667,19525396.725,True,37.33766233766234,55.482166446499335,11.7,2026-06-01,False,54.54545454545454,8.206106870229016,0.15368459696908632,76.00536193029491,0.7799999999999976,56.186152099886485,80.13620885357548,91.03291713961409,52.32690124858116,38.06818181818182,63.5500722319678,32.04104903078677,40.10447338141973
3024,憶聲,家電製品,13.45,-3.237410071942448,19343076.562499996,True,99.78390059427336,1.0237780713342142,-36.91,2026-06-01,False,5.555555555555555,-2.181818181818187,-0.004655754838506464,75.56179775280899,18.189999999999998,4.597048808172531,41.88422247446084,45.85698070374574,51.64585698070374,80.9090909090909,44.97863997523475,1.8244013683010263,29.045771170679114
5511,德昌,營造,70.3,0.14245014245013454,19051229.604999997,True,2.485143165856294,85.7661822985469,3.9,2026-06-01,False,86.66666666666667,-1.8156424581005546,-0.12959346931261265,87.43781094527363,-3.47,87.79795686719638,43.81384790011351,6.3564131668558455,78.77412031782066,27.045454545454543,48.75755855948818,20.752565564424174,60.87769871233193
6870,騰雲,數位雲端,257.5,-3.195488721804507,19037323.875,True,12.411847672778562,76.35402906208718,54.55,2026-06-01,False,52.0,-2.462121212121212,-0.07553133092320231,78.03030303030303,-9.50333333333333,53.9727582292849,40.74914869466515,14.52894438138479,57.66174801362089,16.704545454545457,36.72342895470024,77.87913340935006,62.19112273939767
6218,豪勉,資訊服務,37.75,-0.5270092226614009,18881411.5375,True,50.729086722947045,44.98018494055482,14.55,2026-06-01,False,17.391304347826086,8.321377331420369,0.0435932873901875,83.70288248337029,-10.189999999999998,17.196367763904654,80.36322360953461,66.40181611804768,71.05561861521,16.136363636363637,50.23067794861212,36.488027366020525,36.09419753390014
6994,富威電力,公用事業,35.4,-2.880658436214001,18833393.470000003,True,3.6458333333333335,84.28005284015853,26.62,2026-06-01,False,50.0,-11.940298507462696,-0.057863710928263284,34.87684729064039,-4.876666666666669,51.475595913734395,10.102156640181612,20.43132803632236,0.5675368898978433,23.75,21.265323496027243,52.964652223489175,48.726407096734945
5228,鈺鎧,電子零組件,42.2,-3.652968036529669,18811535.957500003,True,55.58139534883721,41.479524438573314,35.09,2026-06-01,False,65.56291390728477,-2.540415704387978,-0.0263321851221403,55.38057742782152,-14.57333333333333,66.96935300794551,40.52213393870602,33.7116912599319,8.740068104426788,12.727272727272727,32.53410380765659,63.397947548460664,49.64630868053174
6234,高僑,電子設備,36.0,-1.9073569482288888,18780642.865000002,True,88.75219683655537,13.606340819022458,-15.81,2026-06-01,False,25.97402597402597,0.8403361344537735,0.11800165276728003,58.06451612903226,-22.45,25.879682179341657,58.002270147559585,85.24404086265606,12.145289443813848,8.522727272727272,37.958801981219686,4.67502850627138,21.174432495466824
5306,桂盟,自行車組件,93.4,-0.2136752136752018,18553048.62,True,46.62344678552134,48.778071334214005,31.67,2026-06-01,False,48.6260053619303,0.9729729729729791,0.06358320031761722,93.77510040160644,15.810000000000002,49.716231555051074,58.910329171396135,73.2122587968218,91.2599318955732,77.8409090909091,70.18793210195027,59.17901938426454,60.31121341587317
1104,環泥,水泥製造,26.4,-1.3084112149532756,18542285.485,True,16.58562938951918,72.5891677675033,-18.91,2026-06-01,False,57.14285714285714,-1.858736059479554,-0.2062606368158689,80.61068702290076,-10.273333333333333,59.080590238365495,43.70034052213394,2.1566401816118046,62.769580022701476,16.022727272727273,36.745975647508004,3.762827822120866,45.47816439026347
4951,精拓科,半導體,76.9,-1.913265306122447,18330804.62,True,14.08296943231441,75.23117569352709,-3.71,2026-06-01,False,87.02290076335878,-1.9132653061224487,-0.029857980907661872,54.92857142857144,-2.5533333333333337,88.30874006810443,43.1328036322361,31.55505107832009,8.39954597048808,29.545454545454547,40.18831905892065,11.516533637400228,41.27300401093916
6574,霈方,化妝美容,126.0,0.8000000000000007,18241125.225,True,0.10804970286331712,94.61690885072656,73.91,2026-06-01,False,83.33333333333334,-1.5625,0.0058632113767907185,81.81818181818183,27.096666666666664,85.07377979568672,45.6299659477866,50.39727582292849,65.89103291713961,89.20454545454545,67.23931998761738,85.86088939566704,72.79893404017669
5508,永信建,建設,52.4,-0.38022813688213253,18230595.065000005,True,82.33387358184766,19.815059445178335,329.34,2026-06-01,False,12.280701754385964,-1.8726591760299627,0.09928079142668277,48.97196261682243,166.54333333333332,11.577752553916005,43.58683314415437,82.17934165720771,3.6322360953461974,98.52272727272727,47.899778144670314,97.71949828962371,42.33566344868289
2387,精元,光電及I/O,35.85,-1.5109890109890056,18172445.23,True,67.98002219755827,31.638044914134746,-17.57,2026-06-01,False,40.0,-8.076923076923073,-0.2076534454657605,77.51351351351352,-4.503333333333332,41.03291713961407,18.501702610669692,2.0431328036322363,56.8671963677639,24.659090909090907,28.62080796615416,4.218928164196123,45.904334765226096
1436,華友聯,建設,37.55,0.6702412868632601,17993596.835,True,65.04592112371691,33.48745046235139,-79.41,2026-06-01,False,28.07017543859649,-16.08938547486034,-0.0804328654575729,46.073619631901835,-59.349999999999994,28.37684449489217,4.994324631101021,13.507377979568671,2.4971623155505105,3.295454545454545,10.534232793313384,0.45610034207525657,31.58394563035423
7703,銳澤,電子設備,179.0,0.561797752808979,17965202.225,True,58.177570093457945,39.2998678996037,25.14,2026-06-01,False,66.23376623376623,-3.2432432432432434,-0.020847320474494873,61.93771626297578,10.686666666666667,67.4233825198638,36.88989784335982,35.64131668558456,18.955732122587968,69.20454545454545,45.622974925188316,50.28506271379703,49.94356987822224
6161,捷波,電腦及週邊,50.2,-1.953125,17820812.5775,True,48.08211777417612,46.895640686922064,42.67,2026-06-01,False,41.37931034482759,0.6012024048096278,0.08185973022165187,77.23076923076924,-5.263333333333335,41.88422247446084,56.980703745743476,79.00113507377979,55.618615209988654,22.840909090909093,51.26511711897638,69.55530216647662,52.51935902629566
6561,是方,通信網路,318.5,-0.9331259720062213,17808819.875,True,1.728795245813074,87.12021136063409,10.18,2026-06-01,False,90.19607843137256,-2.0,-0.008326870447310696,70.54263565891473,15.64,91.20317820658343,42.67877412031782,43.4733257661748,39.61407491486947,77.5,58.89387060158911,29.98859749144812,54.5317691231458
2461,光群雷,石化,18.1,2.5495750708215414,17768615.775,True,81.9047619047619,20.01321003963012,2.86,2026-06-01,False,15.789473684210526,12.772585669781936,0.08258865329363967,90.04975124378109,-2.4466666666666668,14.982973893303065,87.17366628830874,79.3416572077185,84.33598183881952,30.0,59.16685584562997,19.156214367160775,32.825375952743656
2491,吉祥全,家電製品,39.2,3.70370370370372,17730934.0425,True,0.21119324181626187,93.39498018494055,7.63,2026-06-01,False,94.44444444444444,21.17465224111283,-0.017746201641781405,89.0909090909091,2.833333333333333,94.60839954597049,92.84903518728717,37.457434733257664,82.40635641316686,45.79545454545455,70.62333608502735,26.795895096921324,52.740403967192876
5530,龍巖,靈骨塔,49.25,-1.2036108324974926,17539708.3775,True,63.96542409508373,34.47820343461031,-8.33,2026-06-01,False,34.584450402144775,0.8188331627430881,0.10982678605937071,84.62199312714776,0.45000000000000107,34.96027241770715,57.77525539160045,83.88195232690124,73.77979568671964,36.93181818181818,57.46581880094933,8.323831242873432,39.82216098892494
3219,倚強科,電子設備,70.8,-1.939058171745156,17440029.235,True,19.414703783012136,70.40951122853369,26.07,2026-06-01,False,81.81818181818183,7.762557077625562,0.010331494067389412,64.65753424657534,-5.513333333333332,83.42792281498296,78.66061293984109,52.09988649262202,24.74460839954597,22.5,52.28660612939841,51.881413911060434,45.34833304643707
5312,寶島科,醫藥通路,89.9,0.6718924972004547,17393381.115000002,True,23.71690977849811,66.05019815059445,9.54,2026-06-01,False,44.44444444444444,-0.1111111111111048,-0.03755172066345463,77.5,-4.100000000000001,44.892167990919404,53.00794551645856,28.603859250851304,56.69693530079455,25.568181818181817,41.75381797544112,29.19042189281642,44.44289491701795
1256,鮮活果汁-KY,飲料乳品,175.5,-1.9553072625698276,17379392.75,True,18.692598595353864,70.93791281373845,52.28,2026-06-01,False,80.0,-5.135135135135135,0.03660139580760915,83.7708830548926,8.233333333333341,81.72531214528944,30.760499432463114,63.677639046538026,71.50964812712827,63.74999999999999,62.28461975028377,76.6248574686431,74.77482957714942
2468,華經,資訊服務,35.3,0.0,17333571.8375,True,50.513236088600756,45.2443857331572,49.98,2026-06-01,False,19.565217391304348,-0.9817671809256702,0.031432449110874706,57.3051948051948,47.343333333333334,19.296254256526673,48.58115777525539,61.74801362088536,10.669693530079455,94.54545454545455,46.968114745640285,74.80045610034207,39.04631152792321
4137,麗豐-KY,化妝美容,90.1,-0.33185840707965486,17131540.810000002,True,8.589951377633712,79.92073976221928,22.6,2026-06-01,False,66.66666666666666,-5.456453305351524,-0.11632533504578042,77.3390557939914,18.44,68.44494892167991,29.171396140749152,8.626560726447218,56.072644721906926,81.13636363636364,48.69038282942937,47.890535917901936,60.809183355184906
6204,艾華,電子零組件,78.6,-2.360248447204971,17058611.630000003,True,85.14316585629389,17.37120211360634,8.99,2026-06-01,False,28.47682119205298,4.244031830238711,0.0053698409330215765,62.87999999999999,0.9666666666666668,28.603859250851304,69.5800227014756,50.28376844494892,20.317820658342793,38.86363636363636,41.529821483850995,28.278221208665904,26.904969604096102
3444,利機,電子通路,75.4,-4.314720812182726,16889419.375,True,80.28092922744462,21.367239101717306,17.06,2026-06-01,False,17.647058823529413,-1.6949152542372843,-0.05093396036174253,64.17021276595744,12.083333333333332,17.65039727582293,44.26787741203178,22.92849035187287,23.15550510783201,72.04545454545455,36.00954493860282,40.706955530216646,34.31124512545995
4306,炎洲,石化,15.45,-1.5923566878980888,16827708.345,True,62.38532110091744,36.327608982826945,19.9,2026-06-01,False,42.10526315789473,6.185567010309268,0.17892380824543133,93.35347432024167,-8.09333333333333,42.508513053348466,74.91486946651533,93.98410896708286,90.5788876276958,17.84090909090909,63.9654576411103,44.355758266818704,50.632072370336914
1537,廣隆,電子零組件,127.5,0.0,16632944.275,True,64.18152350081037,34.41215323645971,14.05,2026-06-01,False,54.966887417218544,1.1904761904761905,-0.08630810858257229,96.5909090909091,9.416666666666668,56.75368898978434,59.70488081725313,12.372304199772985,94.66515323496027,66.47727272727273,57.994659993808696,35.23375142531357,56.73692820820126
6026,福邦證,證券,14.5,-0.3436426116838587,16357652.312500004,True,15.892857142857142,73.24966974900924,1448.39,2026-06-01,False,62.5,0.3460207612456797,-0.12083370084040176,75.12953367875647,809.6866666666667,63.847900113507386,54.937570942111236,7.945516458569807,50.96481271282634,99.77272727272727,55.493705499948405,99.65792474344356,64.8832666569165
2530,華建,建設,19.35,-1.776649746192882,16350346.4375,True,43.9696106362773,50.72655217965654,-96.97,2026-06-01,False,45.614035087719294,-0.5141388174807088,0.026333673329800883,58.63636363636364,0.7666666666666799,46.53802497162315,50.851305334846764,59.47786606129398,13.280363223609534,37.84090909090909,41.5976937364565,0.22805017103762829,27.298783257855888
1522,堤維西,汽車組件,27.9,-1.0638297872340496,16152995.564999998,True,79.74068071312804,22.126816380449142,70.02,2026-06-01,False,27.027027027027028,-2.7874564459930338,0.04961582803312054,52.84090909090909,15.720000000000006,26.67423382519864,39.16004540295119,68.33144154370035,6.469920544835414,77.72727272727272,43.67258280879166,84.26453819840364,44.56216179137163
3031,佰鴻,光電及I/O,22.15,-3.6956521739130443,16114620.882500002,True,94.05726634251755,8.388375165125495,27.04,2026-06-01,False,13.333333333333334,-10.68548387096775,0.015259647398545323,64.20289855072463,1.3533333333333317,12.485811577752553,12.258796821793416,54.37003405221339,23.269012485811576,39.54545454545455,28.38582189660509,53.93386545039909,44.35747317304245
3066,李洲,光電及I/O,22.9,-2.9661016949152685,16071203.707500001,True,0.06684491978609625,95.04623513870541,49.95,2026-06-01,False,89.33333333333333,1.7777777777777715,-0.06490747742065116,75.82781456953643,-2.213333333333331,90.5788876276958,61.407491486946654,17.593643586833142,51.759364358683314,30.454545454545457,50.35878650294087,74.57240592930444,63.875791607184226
3588,通嘉,半導體,52.7,-2.7675276752767486,15989355.309999999,True,50.96660808435852,44.71598414795244,46.38,2026-06-01,False,58.01526717557252,-5.555555555555546,-0.05922438375822855,69.433465085639,18.636666666666667,59.47786606129398,28.603859250851304,20.090805902383654,36.776390465380246,81.47727272727273,45.285238881436385,72.17787913340935,59.95706910230807
6126,信音,電子零組件,29.65,-1.00166944908181,15986841.24,True,93.354943273906,9.147952443857331,59.02,2026-06-01,False,15.2317880794702,-4.967948717948721,-0.14415656670567126,68.95348837209302,4.4466666666666725,14.074914869466514,31.441543700340524,5.2213393870601585,35.64131668558456,51.590909090909086,27.59400474667217,79.81755986316989,49.52306192947011
3622,洋華,光電及I/O,49.35,-1.3000000000000012,15949515.15,True,8.279220779220779,80.31704095112285,-19.47,2026-06-01,False,77.33333333333333,-6.710775047258974,-0.13901418850919423,67.6027397260274,-19.093333333333334,78.77412031782066,23.95005675368899,5.675368898978434,32.349602724177075,10.113636363636363,30.17255701166031,3.534777651083238,47.677110984848
5432,新門,電子零組件,153.5,2.6755852842809347,15838130.765,True,28.681672025723472,62.08718626155878,18.54,2026-06-01,False,83.44370860927152,25.81967213114754,0.01844870676726613,82.97297297297297,25.06,85.35754824063564,95.23269012485811,55.845629965947786,69.69353007945517,87.95454545454545,78.81678877308842,42.53135689851767,50.58743627343759
6425,易發,電子設備,59.6,-0.9966777408637939,15792881.629999999,True,40.827338129496404,53.10435931307794,25.87,2026-06-01,False,72.72727272727273,0.8460236886632826,0.021644785311842434,58.14634146341463,-8.279999999999998,74.2905788876277,58.11577752553916,57.66174801362089,12.258796821793416,17.613636363636363,43.988107522443514,51.425313568985175,44.96472793821678
9942,茂順,汽車組件,114.5,0.0,15774781.675,True,17.179902755267424,72.15984147952443,26.64,2026-06-01,False,75.67567567567568,-6.910569105691057,-0.04376060722103102,91.23505976095618,9.506666666666668,77.07150964812712,22.8149829738933,26.220204313280366,86.2656072644722,66.70454545454545,55.81536993086369,53.13568985176739,73.41445594761834
4555,氣立,機械,47.65,-2.7551020408163263,15617440.132500002,True,77.3598820058997,24.240422721268164,24.67,2026-06-01,False,12.121212121212121,3.2502708559046587,0.129478713344237,82.01376936316694,7.290000000000003,11.350737797956867,66.51532349602725,87.06015891032916,66.62883087400681,61.25000000000001,58.56101021566402,49.82896237172178,40.32330188691455
8083,瑞穎,機械,158.5,-0.9375000000000022,15596727.875,True,1.5126958400864399,87.54953764861294,-8.87,2026-06-01,False,96.96969696969697,0.6349206349206349,-0.08171059791591442,88.05555555555556,1.6966666666666654,96.93530079455165,57.094211123723035,13.166855845629966,80.02270147559591,41.13636363636364,57.67108657517284,7.98175598631699,56.961386783185375
6894,衛司特,資源回收,330.0,-4.6242774566473965,15569611.85,True,15.34954407294833,73.51387054161162,44.54,2026-06-01,False,56.52173913043478,1.8518518518518516,-0.014629015875843145,80.68459657701712,-30.663333333333334,58.399545970488084,61.634506242905786,40.06810442678774,62.88308740068105,5.795454545454545,45.75613971726344,71.15165336374002,57.699945123000845
6568,宏觀,半導體,128.5,-3.383458646616544,15525244.125,True,32.847109670448404,58.98282694848085,11.01,2026-06-01,False,78.62595419847328,-10.452961672473867,0.1444148755216818,46.8978102189781,2.073333333333334,80.13620885357548,12.826333711691259,90.35187287173666,2.724177071509648,42.72727272727273,45.75317304715715,31.185860889395666,50.30497827569738
4119,旭富,藥,52.3,-2.059925093632964,15502739.022499999,True,93.77568995889607,8.718626155878468,36.15,2026-06-01,False,8.88888888888889,8.057851239669418,0.04182122738438036,84.9025974025974,55.30333333333333,7.604994324631101,79.68217934165722,65.60726447219069,74.46083995459705,95.79545454545455,64.63014652770612,64.25313568985177,41.65919765685568
6756,威鋒電子,半導體,97.2,-3.2835820895522394,15459298.544999998,True,45.25547445255474,49.53764861294584,50.06,2026-06-01,False,65.64885496183206,3.404255319148939,0.13859266145771953,86.4,22.88,67.19636776390465,67.4233825198638,89.10329171396141,77.07150964812712,86.25,77.40891032917139,75.14253135689853,62.996756562266626
3257,虹冠電,半導體,49.3,-2.3762376237623783,15353996.9625,True,34.6839546191248,58.05812417437253,-42.5,2026-06-01,False,76.33587786259542,-6.80529300567108,-0.021034655493577716,62.96296296296296,3.280000000000001,77.97956867196368,23.382519863791146,35.414301929625424,20.6583427922815,47.159090909090914,40.91876483335053,1.2542759407069555,44.127416885290245
2511,太子,建設,8.22,-0.8443908323280902,15330829.7365,True,56.4559697460832,40.75297225891678,76.56,2026-06-01,False,35.08771929824561,-4.084014002333718,-0.17404922577279078,86.5263157894737,55.986666666666665,35.8683314415437,33.48467650397276,3.1782065834279227,77.41203178206584,96.02272727272727,49.1931947167475,86.54503990877993,66.58518165710417
6117,迎廣,電子零組件,61.7,-1.7515923566878921,15218511.790000001,True,5.50935550935551,82.23249669749009,-11.35,2026-06-01,False,96.02649006622516,-8.047690014903118,-0.06087297131944078,64.40501043841337,-7.3533333333333335,96.25425652667423,18.728717366628832,19.409761634506243,24.404086265607265,18.75,35.509364358683314,6.100342075256556,52.0074918752273
2423,固緯,電子設備,74.9,0.40214477211797384,15123160.680000003,True,83.46839546191248,18.56010568031704,26.66,2026-06-01,False,32.467532467532465,-0.663129973474801,0.06517497624008238,88.32547169811322,6.286666666666665,32.576617480136214,50.51078320090806,73.66628830874006,80.59023836549376,58.23863636363637,59.11651274378289,53.24971493728621,53.97644689550203
6996,力領科技,半導體,178.0,0.28169014084507005,15037118.475,True,15.647921760391197,73.38177014531043,49.96,2026-06-01,False,85.49618320610686,2.2988505747126435,-0.016817843987809212,87.90123456790123,6.829999999999998,86.9466515323496,63.56413166855845,38.93303064699206,79.56867196367764,60.22727272727273,65.84795170777011,74.68643101482326,69.40940571057301
5484,慧友,光電及I/O,39.35,-1.992528019925277,14991189.987500003,True,0.0,98.11756935270806,224.33,2026-06-01,False,96.66666666666667,-5.6354916067146315,-0.013500820896893941,67.96200345423144,93.17000000000002,96.59477866061293,27.922814982973893,40.635641316685586,33.59818388195232,97.38636363636364,59.22755649571767,96.35119726339795,74.65533620574733
6570,維田,電腦及週邊,55.2,-0.540540540540535,14938886.504999999,True,64.93787142085358,33.71862615587847,23.79,2026-06-01,False,31.03448275862069,11.515151515151521,0.02833336117394625,84.27480916030535,1.9233333333333356,30.64699205448354,85.92508513053349,60.499432463110104,72.64472190692395,41.81818181818181,58.30688267464658,49.1448118586089,41.627860172370724
7728,光焱科技,電子設備,585.0,-2.010050251256279,14909733.25,True,49.157303370786515,46.16908850726552,114.18,2026-06-01,False,70.12987012987013,-7.728706624605679,0.10152637015467646,65.21739130434783,75.94,71.96367763904654,19.977298524404084,82.74687854710557,26.4472190692395,96.5909090909091,59.54519657414096,91.79019384264538,67.55594800663184
6465,威潤,通信網路,46.8,0.9708737864077666,14793968.84,True,0.7692307692307693,89.56406869220608,42.29,2026-06-01,False,92.15686274509804,-12.523364485981315,-0.028174466923057185,65.73033707865167,-55.34000000000001,93.01929625425652,9.194097616345061,32.46311010215664,27.809307604994327,3.8636363636363633,33.269889588277785,69.21322690992018,70.2119332882065
8476,台境*,資源回收,20.15,0.749999999999984,14781822.85,True,79.53667953667953,22.457067371202115,66.05,2026-06-01,False,34.78260869565217,-16.216216216216225,-0.06689179114346977,81.41414141414141,74.47333333333333,35.35754824063564,4.767309875141884,17.13961407491487,65.03972758229285,96.36363636363636,43.733567227324315,82.89623717217788,69.63155077999112
5263,智崴,其他電子,89.4,-0.6666666666666599,14679259.5,True,69.65408805031447,30.184940554821665,90.23,2026-06-01,False,30.22788203753351,-5.696202531645561,-0.06614885623808794,71.52000000000001,19.10333333333334,29.96594778660613,27.582292849035188,17.366628830874006,43.24631101021566,82.1590909090909,40.06405427716438,89.05359179019385,58.670889434495116
3169,亞信,半導體,101.0,0.4975124378109541,14433545.575,True,58.13074014046461,39.365918097754296,31.41,2026-06-01,False,51.908396946564885,-3.349282296650718,0.0025422148237638975,82.11382113821138,19.83,53.68898978433598,36.54937570942111,48.9216799091941,67.53688989784335,83.29545454545455,57.99847796924983,58.836944127708094,60.87836202511659
2070,精湛,儀器設備,66.9,9.852216748768484,14330743.257499998,True,85.96377749029755,16.512549537648614,33.17,2026-06-01,False,16.487935656836463,27.91586998087956,-0.02097377114531903,81.18932038834951,7.170000000000002,15.777525539160045,95.80022701475596,35.527809307605,64.24517593643587,61.13636363636363,54.4974202868641,61.345496009122,36.391992617490494
8076,伍豐,電腦及週邊,23.4,0.0,14080435.2925,True,87.67029972752044,14.663143989431967,8.5,2026-06-01,False,6.896551724137931,-0.6369426751592447,-0.027104576062467203,81.81818181818181,-23.05333333333333,5.675368898978434,50.62429057888763,33.37116912599319,65.72077185017025,8.181818181818182,32.71468372716954,28.05017103762828,37.20550530197233
5457,宣德,電子零組件,26.8,-2.0109689213894,14060332.6375,True,73.41977309562398,27.080581241743722,2.95,2026-06-01,False,43.70860927152318,-11.69686985172982,-0.16471160204352026,51.83752417794971,2.62,43.927355278093074,10.442678774120317,3.745743473325766,6.129398410896708,44.88636363636363,21.8263079145599,19.49828962371722,39.77809113464667
2419,仲琦,通信網路,24.25,-3.5785288270377635,13962620.102500001,True,96.16858237547893,5.746367239101717,-0.67,2026-06-01,False,7.8431372549019605,-5.273437500000005,0.12507530244210813,64.23841059602648,14.84,6.526674233825198,30.192962542565265,86.15209988649262,23.72304199772985,76.47727272727273,44.614410277577136,15.735461801596351,28.948053872646533
2453,凌群,資訊服務,51.5,-0.770712909441229,13932572.35,True,44.67855213398163,50.0,5.79,2026-06-01,False,26.08695652173913,-1.7175572519083944,0.023678033360299305,80.59467918622848,0.5366666666666662,25.993189557321227,44.154370034052214,58.342792281498305,62.6560726447219,37.38636363636363,45.70655763079145,23.3751425313569,41.96750867483696
2745,五福,旅行社,87.8,-0.34052213393870323,13924937.245,True,3.4759358288770055,84.34610303830911,5.98,2026-06-01,False,100.0,-13.49753694581281,-0.1713584517699266,70.24000000000001,-7.366666666666669,99.31895573212259,7.71850170261067,3.5187287173666286,38.93303064699206,18.636363636363637,33.625116087091115,23.48916761687571,63.50566307334492
6902,GOGOLOOK,資訊服務,133.5,-0.743494423791824,13914268.85,True,1.0309278350515463,88.90356671070013,36.46,2026-06-01,False,76.08695652173914,10.78838174273859,0.07209277999470312,90.5084745762712,8.023333333333333,77.86606129398412,84.56299659477867,76.04994324631102,85.47105561861521,62.95454545454545,77.3809204416469,64.88027366020525,60.91359849450647
2247,汎德永業,車輛買賣,222.0,-0.6711409395973145,13907318.65,True,86.71820098383697,15.785997357992073,-6.99,2026-06-01,False,15.750670241286862,0.2257336343115124,0.1912949135338988,71.26805778491172,13.173333333333334,14.869466515323495,54.37003405221339,94.77866061293983,42.67877412031782,73.52272727272727,56.043932514704366,9.122006841505131,28.075053356233262
6841,長佳智能,醫療耗材,52.3,-0.1908396946564861,13790467.665000001,True,69.66101694915254,30.11889035667107,6.13,2026-06-01,False,11.11111111111111,-10.291595197255575,-0.07252265438069541,63.16425120772947,-6.066666666666667,10.272417707150964,13.393870601589104,14.982973893303065,21.22587968217934,20.795454545454543,16.134119285935405,23.71721778791334,35.455411143913636
8341,日友,資源回收,75.8,0.0,13773662.580000002,True,0.0,98.11756935270806,6.99,2026-06-01,False,97.82608695652173,-1.0443864229764976,0.061297548313955535,82.8415300546448,-16.006666666666668,97.4460839954597,48.12712826333711,72.98524404086265,69.35300794551645,12.045454545454545,59.9913837581261,25.65564424173318,61.08190197984305
6122,擎邦,工程承攬,48.0,0.31347962382444194,13772402.555000002,True,28.34075723830735,62.351387054161165,20.25,2026-06-01,False,60.0,-5.13833992094862,-0.045439412392857086,76.55502392344498,24.19333333333333,61.18047673098751,30.590238365493754,25.53916004540295,53.46197502837684,87.5,51.654370034052214,45.1539338654504,57.30153681483025
5609,中菲行,貨運倉儲,77.4,-0.2577319587628746,13711595.885000002,True,58.77903835764452,38.63936591809776,35.26,2026-06-01,False,46.15384615384615,-1.9011406844106464,0.05660972446852629,92.25268176400478,6.496666666666666,47.04880817253122,43.24631101021566,71.3961407491487,88.53575482406356,59.09090909090909,61.863584769373645,63.740022805017105,64.01956869784905
3548,兆利,電子零組件,73.9,-2.2486772486772333,13701325.25,True,96.43435980551054,5.449141347424042,7.06,2026-06-01,False,9.933774834437086,-1.989389920424403,0.16652222109175285,58.41897233201582,17.073333333333334,9.080590238365494,42.79228149829739,92.3950056753689,12.826333711691259,79.54545454545455,47.327933133835515,25.883694412770808,26.24958421613254
6741,91APP*-KY,數位雲端,54.8,0.1828153564899404,13664748.475,True,0.39246467817896385,91.28137384412153,32.45,2026-06-01,False,80.0,-1.6157989228007283,0.16402674158223596,65.55023923444976,0.393333333333338,81.72531214528944,44.835414301929625,92.05448354143019,27.468785471055618,36.70454545454545,56.55770818285006,60.20524515393386,56.14098211708732
2427,三商電,資訊服務,22.2,-2.41758241758242,13559563.830000002,True,31.334413830361967,60.36988110964333,-11.68,2026-06-01,False,41.30434782608695,-9.202453987730062,0.04228703773659246,76.02739726027397,6.399999999999999,41.6572077185017,15.891032917139613,65.83427922814982,52.55391600454029,58.86363636363636,46.960014446393565,5.701254275940707,46.005336270460774
6133,金橋,電子零組件,22.25,-0.6696428571428492,13536272.6625,True,3.310810810810811,84.5442536327609,15.35,2026-06-01,False,97.35099337748345,4.4600938967136114,0.01335190761639415,76.8566493955095,8.033333333333333,97.16231555051078,70.26106696935301,53.23496027241771,54.48354143019296,63.18181818181819,67.66474048085853,37.40022805017104,54.69625451538044
7780,大研生醫*,藥,16.7,-0.5952380952381042,13205786.3675,True,0.4405286343612335,91.01717305151915,37.7,2026-06-01,False,82.22222222222221,-4.2979942693409745,0.014417840389344374,4.940828402366864,1.9266666666666694,83.76844494892168,33.257661748013625,54.029511918274686,0.11350737797956867,41.93181818181818,42.62018883500155,66.1345496009122,54.189710044949955
4164,承業醫,醫療耗材,25.85,-1.3358778625954137,12978387.9475,True,53.80875202593193,42.53632760898283,-38.16,2026-06-01,False,16.666666666666664,-5.3113553113553085,0.020428134134122745,50.0,-59.44333333333333,16.23155505107832,29.625425652667424,56.75368898978434,4.313280363223609,3.1818181818181817,22.021153647714378,1.7103762827822122,23.157446511104183
4720,德淵,樹脂,18.25,0.828729281767937,12960584.662499998,True,59.211237169097785,38.30911492734479,25.06,2026-06-01,False,28.57142857142857,-10.319410319410325,0.0008685872639406322,61.44781144781145,5.506666666666668,28.774120317820657,13.166855845629966,48.01362088535755,18.161180476730987,55.11363636363637,32.645882777835105,50.17103762827823,45.984870644299974
8499,鼎炫-KY,其他電子,275.5,4.554079696394697,12810595.05,True,94.48946515397083,8.058124174372523,116.29,2026-06-01,False,7.975871313672922,2.60707635009311,-0.08385858351502677,69.22110552763819,17.143333333333345,6.696935300794552,64.69920544835415,12.939841089670828,36.54937570942111,79.77272727272727,40.13161696419358,92.01824401368302,42.64133739388613
8045,達運光電,通信網路,51.6,-1.9011406844106515,12742884.535,True,19.607843137254903,70.14531043593131,6.34,2026-06-01,False,76.47058823529412,-22.40601503759398,-0.0930339852297141,40.3125,-30.76,78.14982973893304,1.5891032917139614,11.464245175936435,1.2485811577752552,5.681818181818182,19.626715509235375,24.173318129988598,50.49565643374573
8942,森鉅,石化,41.55,-1.6568047337278125,12606828.24,True,8.860075634792004,79.7886393659181,-27.3,2026-06-01,False,84.21052631578947,6.675224646983296,0.12094562904208717,90.32608695652173,6.243333333333329,85.64131668558457,75.93643586833144,85.81157775255392,85.01702610669693,57.95454545454546,78.07218037354247,2.6225769669327255,49.33612097272069
3558,神準,通信網路,125.0,-3.8461538461538436,12547664.45,True,99.45975148568341,2.5429326287978866,5.74,2026-06-01,False,3.9215686274509802,-4.580152671755725,0.26225200413984245,71.22507122507122,15.183333333333334,2.6674233825198637,32.349602724177075,98.63791146424518,42.45175936435868,77.1590909090909,50.65315756887834,23.14709236031927,33.979168095755185
3051,力特,光電及I/O,22.55,-2.1691973969631184,12431131.750000002,True,40.96109839816934,52.90620871862616,42.47,2026-06-01,False,57.333333333333336,-2.591792656587464,0.08246852481849733,73.21428571428571,18.016666666666666,59.364358683314414,40.18161180476731,79.22814982973894,46.53802497162315,80.79545454545455,61.22151996697967,69.327251995439,58.762005961402316
1732,毛寶,清潔劑,26.1,-0.19120458891012104,12371582.742499998,True,2.9394121175764845,85.13870541611624,10.02,2026-06-01,False,80.0,-1.8796992481203008,-0.0032020318335495863,78.14371257485031,1.373333333333333,81.72531214528944,43.4733257661748,46.424517593643586,57.888762769580026,39.659090909090914,53.83420183675575,29.760547320410492,56.47532411727629
1568,倉佑,汽車組件,29.05,-1.858108108108114,12288866.152499998,True,24.247685185185187,65.4557463672391,18.2,2026-06-01,False,64.86486486486487,-0.6837606837606813,-0.04827284464502383,58.333333333333336,-0.5399999999999991,66.06129398410897,50.39727582292849,24.177071509648126,12.599318955732123,34.31818181818182,37.51062841811991,41.96123147092361,42.556142146959054
5452,佶優,電子通路,26.75,-1.6544117647058765,12215718.4725,True,55.47526403557532,41.545574636723906,6.69,2026-06-01,False,45.09803921568628,0.9433962264150944,0.13853524598288666,67.80735107731304,0.1966666666666672,45.91373439273553,58.683314415437,88.98978433598184,33.14415437003405,36.36363636363637,52.61892477556495,25.085518814139114,36.36502329036792
3546,宇峻,資訊服務,72.0,-0.1386962552010984,12204514.445,True,40.4105888708806,53.43461030383091,44.44,2026-06-01,False,32.608695652173914,-1.7735334242837617,-0.017113772904140373,83.04498269896193,-1.5833333333333357,32.803632236095346,43.927355278093074,38.70601589103292,69.80703745743473,31.590909090909093,43.36698999071304,70.92360319270239,57.40172940203485
1789,神隆,藥,18.8,-1.0526315789473606,12010172.6775,True,99.62182603997839,1.9484808454425364,-3.91,2026-06-01,False,4.444444444444445,-6.234413965087281,-0.04535860353477336,66.54867256637168,4.306666666666667,3.2917139614074915,25.198637911464246,25.652667423382518,29.511918274687854,51.13636363636363,26.958260241461147,11.402508551881414,29.75187571912813
6909,創控,電子設備,40.0,-0.37359900373599153,11908407.805000002,True,12.131147540983607,76.55217965653897,-32.1,2026-06-01,False,85.71428571428571,-7.727797001153405,-0.014528901681019264,59.88023952095809,-56.766666666666666,87.06015891032916,20.090805902383654,40.29511918274688,15.096481271282633,3.5227272727272725,33.213058507893926,1.9384264538198404,46.001065183262
1532,勤美,機械,22.45,0.22321428571427937,11880001.950000001,True,64.28172163219675,34.147952443857335,20.39,2026-06-01,False,36.36363636363637,-3.2327586206896552,-0.1263576553281358,79.60992907801419,3.09,37.230419977298524,37.003405221339385,6.81044267877412,61.407491486946654,46.36363636363636,37.76307914559901,45.26795895096921,51.72561629846875
8249,菱光,光電及I/O,39.95,-4.880952380952374,11873814.26,True,87.4662344678552,14.861294583883753,12.5,2026-06-01,False,25.333333333333336,-10.022522522522513,0.19693024962011044,62.22741433021807,-1.2933333333333348,25.198637911464246,14.074914869466514,95.00567536889898,19.409761634506243,32.38636363636363,37.215070684139924,33.29532497149373,40.957202411999425
3555,博士旺,數位雲端,170.0,4.938271604938271,11780579.8,True,24.81012658227848,65.12549537648613,119.54,2026-06-01,False,36.0,20.99644128113879,-0.03774948997833722,61.59420289855072,-1165.88,36.776390465380246,92.50851305334847,28.37684449489217,18.501702610669692,0.7954545454545454,35.391781033949016,92.13226909920182,38.725462280475824
1336,台翰,電子零組件,17.5,-2.777777777777779,11756711.51,True,88.22258238789843,14.167767503302509,29.61,2026-06-01,False,22.516556291390728,5.105105105105114,-0.017666947187298304,94.5945945945946,22.583333333333332,22.701475595913735,72.53121452894437,37.684449489216796,92.05448354143019,85.9090909090909,62.176142812919196,56.442417331813,49.66679048505314
4104,佳醫,醫療耗材,71.5,-0.41782729805013297,11691334.065,True,48.19016747703944,46.829590488771466,16.07,2026-06-01,False,22.22222222222222,0.0,0.02467079507438252,80.88235294117646,6.08,22.417707150964812,53.40522133938707,58.796821793416576,63.223609534619754,57.38636363636363,51.04594469095037,39.16761687571266,42.85092805547754
3518,柏騰,其他電子,28.2,-1.3986013986014068,11646199.572500002,True,4.672897196261682,82.95904887714663,-42.36,2026-06-01,False,82.84182305630027,6.818181818181822,-0.10689583905526727,72.4935732647815,-4.723333333333329,84.56299659477867,76.39046538024972,9.761634506242906,45.2894438138479,24.31818181818182,48.064544422660205,1.3683010262257698,38.707569013650655
3705,永信,藥,54.4,0.18416206261511192,11616656.110000001,True,74.39222042139384,25.957727873183618,-21.98,2026-06-01,False,20.0,-1.0909090909090935,-0.12135965762169089,91.58249158249158,-13.076666666666666,20.03405221339387,47.786606129398415,7.832009080590238,86.9466515323496,13.750000000000002,35.26986379114643,3.192702394526796,40.59670000271797
1558,伸興,機械,98.9,-0.8024072216649913,11592384.440000001,True,40.19448946515397,53.731836195508585,7.56,2026-06-01,False,78.78787878787878,4.435058078141503,0.02140950076052489,94.64114832535886,1.8399999999999999,80.36322360953461,70.03405221339388,57.434733257661755,92.3950056753689,41.25,68.29540295119183,26.45381984036488,57.29449922796863
2545,皇翔,建設,33.7,-0.2958579881656598,11581330.797500001,True,83.82034632034632,18.229854689564068,-77.31,2026-06-01,False,10.526315789473683,-1.3177159590043799,-0.036913759253640516,74.80577136514984,-56.77666666666667,9.534619750283769,46.76503972758229,28.944381384790013,50.39727582292849,3.4090909090909087,27.810081518935096,0.5701254275940707,28.43424531830601
1713,國化,染料及顏料,44.1,-0.6756756756756688,11548649.975,True,12.911939492166397,76.02377807133422,-7.68,2026-06-01,False,66.66666666666666,-7.643979057591619,-0.2283028569796193,82.58426966292134,-19.03333333333333,68.44494892167991,20.771850170261068,1.2485811577752552,69.12599318955732,10.227272727272728,33.96372923330925,8.893956670467503,56.423262152860914
1586,和勤,電子零組件,18.95,-1.302083333333337,11530049.1,True,67.71595900439239,31.968295904887718,25.16,2026-06-01,False,49.668874172185426,4.696132596685071,-0.002297968932706711,62.335526315789465,12.536666666666665,50.851305334846764,70.94211123723042,46.878547105561864,19.63677639046538,72.8409090909091,52.2299298318027,50.39908779931584,37.48626457184939
4909,新復興,印刷電路板,37.4,-4.225352112676051,11522901.8325,True,60.01890359168242,37.780713342140025,-11.94,2026-06-01,False,74.4186046511628,-2.094240837696346,0.20904069935031286,53.581661891117484,-18.229999999999997,75.93643586833144,42.45175936435868,96.48127128263337,7.150964812712826,10.454545454545453,46.494995356516355,5.473204104903079,36.52721135539717
2537,聯上發,建設,11.15,-0.8888888888888835,11440442.6375,True,68.9557855126999,30.713342140026423,57.68,2026-06-01,False,26.31578947368421,0.9049773755656076,0.16643460023996112,89.91935483870968,-1771.9133333333332,26.16345062429058,58.456299659477864,92.28149829738933,84.10896708286039,0.45454545454545453,52.292952223712724,78.90535917901938,57.68036930667313
1524,耿鼎,汽車組件,26.9,-0.5545286506469571,11423717.865,True,50.67531064289573,45.079260237780716,9.81,2026-06-01,False,48.64864864864865,0.18621973929235439,0.11430909763658928,75.24475524475524,-0.33000000000000007,49.82973893303065,54.029511918274686,84.33598183881952,51.0783200908059,34.77272727272727,54.8092560107316,29.418472063854047,44.074254792353976
8421,旭源,塑膠製品,13.2,1.538461538461533,11418683.9625,True,65.97938144329896,32.95904887714663,46.59,2026-06-01,False,33.042895442359246,-15.654952076677322,0.16932428383508136,78.33827893175072,18.346666666666668,33.14415437003405,5.561861520998865,92.84903518728717,58.22928490351873,81.02272727272727,54.16141265091322,72.51995438996579,64.58288303562992
6417,韋僑,通信網路,110.0,0.0,11364301.15,True,0.05402485143165856,95.87186261558784,26.62,2026-06-01,False,97.05882352941177,-6.779661016949152,-0.04570250463619071,75.0853242320819,2.626666666666665,97.04880817253121,23.496027241770715,25.08513053348468,50.851305334846764,45.0,48.29625425652667,52.964652223489175,69.3421846222741
4129,聯合,醫療耗材,85.8,-0.11641443538999985,11319848.750000002,True,0.05402485143165856,95.87186261558784,17.08,2026-06-01,False,87.5,-5.714285714285718,-0.1956677307688357,65.49618320610688,1.0299999999999976,88.7627695800227,27.468785471055618,2.4971623155505105,27.24177071509648,38.97727272727273,36.98955216179961,40.87799315849487,57.353436995639605
6498,久禾光,消費性電子,75.3,-3.3376123234916677,11204221.975,True,0.6535947712418301,90.02642007926023,8.38,2026-06-01,False,94.73684210526315,-6.226650062266501,0.09098216455329942,65.1948051948052,-16.576666666666668,95.23269012485811,25.312145289443816,80.8172531214529,26.333711691259932,11.477272727272728,47.8346145908575,27.708095781071833,55.99058807693652
1734,杏輝,藥,31.65,0.0,11138318.870000001,True,23.30300909727082,66.5785997357992,3.78,2026-06-01,False,51.11111111111111,-3.2110091743119393,-0.17249751028137691,93.63905325443788,-3.4466666666666668,52.894438138479,37.230419977298524,3.2917139614074915,91.14642451759364,27.386363636363637,42.38987204622846,20.63854047890536,56.86224578941987
8011,台通,通信網路,15.8,-1.5576323987538943,11043418.529999997,True,42.83870967741936,51.585204755614264,-31.36,2026-06-01,False,62.745098039215684,-5.671641791044771,0.022780378821238848,63.32665330661323,-6.173333333333332,64.07491486946651,27.695800227014754,58.22928490351873,21.56640181611805,20.681818181818183,38.44964399958725,2.0524515393386547,39.999491999477115
1455,集盛,人纖,10.0,0.6036217303823088,11036997.034,True,47.21362229102167,47.95244385733157,-13.94,2026-06-01,False,55.55555555555556,8.34236186348862,0.04863234038785232,90.9090909090909,-6.65,57.20771850170261,80.47673098751419,67.87741203178207,85.92508513053349,19.65909090909091,62.22920751212466,5.245153933865451,41.975306644646835
1580,新麥,機械,107.5,0.0,10999102.25,True,9.184224743381955,79.39233817701454,3.17,2026-06-01,False,93.93939393939394,-5.286343612334802,-0.03319692351465144,75.97173144876325,9.153333333333334,94.32463110102157,30.0794551645857,30.419977298524405,51.98637911464245,65.45454545454545,54.45299762666392,19.954389965792473,59.0464862542177
2832,台產,產險,59.1,-0.16891891891892552,10951346.34,True,58.562938951917886,38.93659180977543,7.27,2026-06-01,False,40.0,4.049295774647895,0.09842443944619807,98.00995024875623,-10.106666666666666,41.03291713961407,68.89897843359817,81.95232690124858,96.7082860385925,16.363636363636363,60.99122897533795,26.339794754846068,48.79550487486361
6150,撼訊,電腦及週邊,59.1,-1.6638935108153063,10933481.174999999,True,60.501981505944514,37.384412153236454,-30.19,2026-06-01,False,32.758620689655174,1.1986301369863064,0.14569200992710757,63.685344827586206,20.733333333333338,32.91713961407491,59.818388195232686,90.46538024971623,22.24744608399546,84.0909090909091,57.907852646785685,2.280501710376283,24.406674803303492
1584,精剛,基本金屬,17.9,-1.1049723756906271,10919032.17,True,49.358974358974365,46.10303830911493,-3.21,2026-06-01,False,31.70731707317073,-10.723192019950135,-0.017371111446049844,64.04293381037567,10.263333333333335,31.8955732122588,12.145289443813848,38.138479001135074,22.8149829738933,68.29545454545455,34.657955835311114,11.972633979475484,38.634475180453435
9940,信義,仲介建經,20.7,-0.9569377990430561,10796047.515,True,79.30848190167477,22.820343461030383,41.42,2026-06-01,False,22.821715817694372,0.7299270072992631,0.0733204536506882,79.46257197696737,7.940000000000005,22.92849035187287,57.434733257661755,76.39046538024972,60.726447219069236,62.61363636363636,56.018754514497985,68.6431014823261,48.715826448901616
4569,六方科-KY,電子零組件,159.5,-1.5432098765432056,10780057.625,True,67.20647773279353,32.23249669749009,10.89,2026-06-01,False,50.993377483443716,-0.3125,0.05862613836535491,77.8048780487805,2.1466666666666665,52.78093076049943,52.213393870601585,71.96367763904654,57.32122587968218,42.84090909090909,55.42402744814776,31.014823261117446,47.22589650767437
8048,德勝,通信網路,51.9,0.0,10637175.559999999,True,42.08535926526202,52.11360634081902,130.48,2026-06-01,False,64.70588235294117,-8.303886925795059,-0.211039208353257,70.61224489795919,51.7,65.89103291713961,17.253121452894437,1.9296254256526675,40.06810442678774,95.3409090909091,44.09655866267671,93.15849486887116,70.46612768997602
1442,名軒,建設,29.6,-1.3333333333333308,10585867.040000001,True,46.782316731952996,48.54689564068692,26.79,2026-06-01,False,40.35087719298245,-1.4975041597337746,-0.04218774318303712,51.65794066317627,49.52666666666667,41.316685584563,45.970488081725314,26.787741203178207,5.902383654937571,94.88636363636364,42.97273243215354,53.36374002280502,38.65308029514507
7765,中華資安,數位雲端,223.0,-0.6681514476614692,10388245.725,True,1.7543859649122806,87.0541611624835,6.47,2026-06-01,False,64.0,-1.762114537444934,0.0844575817839185,63.53276353276354,-21.74,65.38024971623156,44.04086265607264,79.79568671963678,21.906923950056754,8.75,43.97474460839955,24.458380843785633,41.92617296350033
4506,崇友,其他電製品,123.0,0.0,10367442.25,True,48.406266882766076,46.63143989431968,12.28,2026-06-01,False,87.5,-1.6,0.24367893652838776,92.83018867924528,6.556666666666667,88.7627695800227,45.062429057888764,97.8433598183882,89.44381384790012,59.54545454545455,76.13156536993087,33.181299885974916,66.58136356400225
6148,驊宏資,資訊服務,27.7,-2.6362038664323406,10356228.854999999,True,72.44732576985413,28.23645970937913,-2.86,2026-06-01,False,8.695652173913043,-6.7340067340067336,0.006487527352297593,46.63299663299663,11.316666666666668,7.377979568671964,23.72304199772985,50.62429057888763,2.6106696935300793,70.45454545454545,30.958105458672996,12.428734321550742,24.673585396505736
6763,綠界科技*,數位雲端,41.85,0.0,10316055.38,True,0.6499535747446611,90.09247027741083,14.37,2026-06-01,False,76.0,-1.645123384253809,0.14402272423048584,61.63475699558173,1.4233333333333338,77.63904653802497,44.49489216799092,90.23836549375709,18.728717366628832,40.0,54.22020431328038,35.91790193842645,46.94769341877234
3438,類比科,半導體,56.6,-2.5817555938037917,10305688.195,True,48.660714285714285,46.433289299867894,-6.39,2026-06-01,False,59.541984732824424,1.071428571428574,0.013461290702038393,71.64556962025317,5.760000000000001,60.499432463110104,59.364358683314414,53.46197502837684,43.70034052213394,56.022727272727266,54.60976679393251,9.578107183580387,38.603380371377504
1565,精華,醫療耗材,94.5,0.21208907741252503,10301648.870000001,True,15.7752566180443,73.31571994715983,-16.8,2026-06-01,False,47.22222222222222,0.5319148936170213,0.11997943207147128,59.62145110410094,-0.09333333333333371,48.12712826333711,56.072644721906926,85.47105561861521,14.869466515323495,35.340909090909086,47.97624084201837,4.4469783352337515,27.84273209799686
6776,展碁國際,電子通路,53.4,-0.3731343283582156,10238999.129999999,True,45.725190839694655,49.27344782034346,50.7,2026-06-01,False,56.86274509803921,-2.9090909090909114,-0.004409221698057568,72.65306122448979,1.1300000000000026,58.683314415437,38.70601589103292,46.08399545970488,45.743473325766175,39.20454545454545,45.68426890929728,75.59863169897378,60.329850887286014
2614,東森,百貨批發,18.05,-0.550964187327807,10206185.437499996,True,12.373737373737374,76.42007926023778,2.75,2026-06-01,False,70.0,-1.0958904109589003,0.03673815726099288,76.32135306553913,7.736666666666667,71.79341657207718,47.67309875141884,64.01816118047672,52.78093076049943,62.04545454545455,59.66221236198535,18.814139110604334,48.92884692294052
1419,新紡,成衣,63.5,-0.9360374414976502,10151231.535,True,0.0,98.11756935270806,17.98,2026-06-01,False,97.82608695652173,-5.082212257100157,-0.017780527711556946,79.57393483709274,-1.9766666666666666,97.4460839954597,31.101021566401815,37.230419977298524,61.29398410896708,31.136363636363633,51.64157465689815,41.73318129988598,67.34305695947774
8240,華宏,光電及I/O,42.15,-1.5186915887850483,10118012.367500002,True,79.2544570502431,22.919418758256274,-7.7,2026-06-01,False,30.666666666666664,-1.0563380281690207,0.2055321256521903,56.35026737967914,-2.546666666666667,30.419977298524405,48.01362088535755,96.25425652667423,9.761634506242906,29.659090909090907,42.82171602517799,8.779931584948688,25.23698062608961
4549,桓達,儀器設備,101.5,0.995024875621886,10011574.84,True,72.55537547271746,28.005284015852048,3.61,2026-06-01,False,28.01608579088472,7.06751054852321,0.12065790085025321,69.7594501718213,12.0,28.263337116912602,76.73098751418841,85.69807037457434,37.79795686719637,71.81818181818181,60.0617067382107,20.410490307867732,27.435199194447073
