stock_id,name,industry,close,adv20,listed_ok,pe_hist_pct,value_pct,revenue_yoy,rev_month,bear_regime,value_ind_pct,momentum20,chip20_turnover,high52_prox,rev_accel,value_ind_pct_pool_pct,momentum20_pool_pct,chip20_turnover_pool_pct,high52_prox_pool_pct,rev_accel_pool_pct,composite,revenue_yoy_pool_pct,c2_score
6023,元大期,期貨,86.7,133900834.61500001,True,4.2841648590021695,89.55631399317406,86.15,2026-06-01,False,89.56461644782308,-19.722222222222218,-0.0008189421896086718,80.27777777777779,35.92000000000001,90.3954802259887,14.350282485875706,44.06779661016949,66.44067796610169,92.42937853107345,61.536723163841806,88.3219954648526,82.70196779276682
8926,台汽電,公用事業,62.0,339237564.04999995,True,0.9219088937093275,95.35836177474403,1719.48,2026-06-01,False,90.9090909090909,-18.421052631578945,-0.18476818397363148,75.4257907542579,712.66,91.41242937853107,17.853107344632768,2.0338983050847457,54.57627118644067,99.54802259887006,53.084745762711876,99.77324263038548,81.97720896268112
3290,東浦,電子零組件,53.5,56459546.879999995,True,12.798138452588715,83.34470989761093,88.72,2026-06-01,False,95.86206896551724,-21.783625730994157,-0.10326554724761439,75.0350631136045,3.9766666666666737,95.48022598870057,11.073446327683616,7.909604519774012,53.333333333333336,49.94350282485876,43.548022598870055,88.88888888888889,81.6572504708098
2851,中再保,產險,35.45,67848043.1475,True,2.0607375271149677,92.76450511945391,1113.15,2026-05-01,False,100.0,-6.340819022457063,0.031011410238310538,87.422934648582,553.9733333333334,98.75706214689266,53.78531073446327,61.5819209039548,81.12994350282486,99.43502824858757,78.93785310734464,99.31972789115646,81.35535570160268
6024,群益期,期貨,59.9,36554335.78999999,True,10.303687635574837,85.6655290102389,124.15,2026-06-01,False,85.83275742916379,-7.131782945736437,0.018654383557578865,91.87116564417177,169.84,86.89265536723164,51.186440677966104,55.367231638418076,88.0225988700565,98.75706214689266,76.045197740113,92.85714285714286,79.14648910411621
6834,天二科技,電子零組件,87.9,473217515.83000004,True,29.603399433427764,69.419795221843,66.46,2026-06-01,False,88.27586206896552,-32.38461538461538,-0.020817878802117832,66.5909090909091,13.999999999999993,89.26553672316385,3.050847457627119,33.10734463276836,31.186440677966104,74.68926553672316,46.259887005649716,83.33333333333334,75.18361581920904
2889,國票金,金融控股,15.3,104178494.13000001,True,57.10412147505423,48.600682593856654,100.04,2026-06-01,False,92.3076923076923,-3.164556962025316,0.017255601948188086,86.93181818181817,-1196.24,92.59887005649718,63.502824858757066,54.68926553672316,80.33898305084746,0.6779661016949152,58.36158192090395,90.02267573696146,74.86442599638727
2497,怡利電,汽車組件,47.5,40533617.532500006,True,20.434432823813356,76.79180887372013,52.52,2026-06-01,False,86.11111111111111,-21.874999999999996,-0.08147812890163128,71.10778443113773,14.313333333333333,87.2316384180791,10.621468926553671,11.751412429378531,42.71186440677966,76.045197740113,45.672316384180796,77.32426303854876,74.16157423421346
5386,青雲,電子通路,271.0,362436184.15,True,0.7049891540130151,96.27986348122867,442.3,2026-06-01,False,100.0,-27.052489905787347,-0.01629349888252122,45.699831365935914,22.183333333333394,98.75706214689266,5.536723163841808,35.14124293785311,2.824858757062147,85.87570621468926,45.6271186440678,98.63945578231292,73.67116338060647
6902,GOGOLOOK,資訊服務,120.5,12791193.6,True,2.112676056338028,92.6962457337884,36.46,2026-06-01,False,90.9090909090909,-12.363636363636363,0.037422583182508955,81.69491525423729,8.023333333333333,91.41242937853107,33.10734463276836,64.7457627118644,69.6045197740113,63.389830508474574,64.45197740112994,65.5328798185941,73.36062108459203
5864,致和證,證券,28.8,121128824.0875,True,0.0,99.55631399317406,107.08,2026-06-01,False,100.0,-27.36443883984867,-0.048382227797951476,53.73134328358209,-724.4033333333332,98.75706214689266,4.858757062146893,21.581920903954803,7.796610169491526,0.903954802259887,26.77966101694915,91.38321995464852,73.26953380222145
6465,威潤,通信網路,47.6,17219210.4975,True,0.3952569169960474,97.26962457337885,42.29,2026-06-01,False,100.0,-24.802527646129533,-0.05721090536556152,66.85393258426966,-55.34000000000001,98.75706214689266,7.796610169491526,19.322033898305087,32.090395480225986,3.954802259887006,32.38418079096046,69.95464852607711,73.25137399592606
3556,禾瑞亞,半導體,63.8,38730680.535,True,56.182212581344906,49.215017064846414,66.86,2026-06-01,False,65.38461538461539,-15.942028985507257,-0.04292708076876782,79.35323383084577,35.61,65.31073446327683,22.259887005649716,23.728813559322035,64.40677966101694,92.31638418079096,53.604519774011294,83.44671201814059,72.72608478419616
6996,力領科技,半導體,185.0,16494033.35,True,19.900497512437813,77.20136518771331,49.96,2026-06-01,False,83.84615384615385,-5.128205128205128,-0.0811327184817568,91.35802469135803,6.829999999999998,84.7457627118644,57.06214689265536,11.864406779661017,87.34463276836159,60.790960451977405,60.36158192090395,75.05668934240363,72.52123448249355
8183,精星,印刷電路板,28.9,15581558.334999999,True,31.616052060737527,67.91808873720136,64.66,2026-06-01,False,95.1219512195122,-13.0827067669173,-0.038891279241387605,71.09471094710948,27.953333333333326,95.02824858757062,30.847457627118647,26.101694915254235,42.59887005649718,89.94350282485875,56.90395480225989,82.42630385487529,72.30149121795611
3689,湧德,電子零組件,107.5,139347551.76,True,42.624728850325376,60.0,72.66,2026-06-01,False,80.6896551724138,-12.244897959183673,-0.1011499476618357,75.70422535211267,26.946666666666665,81.80790960451978,33.67231638418079,8.135593220338983,55.367231638418076,89.03954802259886,53.60451977401131,85.26077097505669,72.19089895845343
3006,晶豪科,半導體,256.5,2565525062.375,True,17.6050753370341,79.38566552901024,328.35,2026-06-01,False,85.38461538461539,8.227848101265822,0.07189650915494684,95.88785046728971,3.5600000000000023,86.21468926553672,91.07344632768361,77.96610169491525,94.91525423728814,48.58757062146893,79.75141242937852,97.73242630385488,71.94723086974903
4772,台特化,其他化學,233.0,159123606.1,True,0.0,99.55631399317406,272.73,2026-06-01,False,100.0,-13.863216266173753,0.026804826249621827,61.96808510638297,31.383333333333354,98.75706214689266,28.0225988700565,58.644067796610166,19.54802259887006,90.96045197740112,59.186440677966104,97.27891156462584,71.89034936008302
6120,達運,光電及I/O,13.45,41614056.425,True,0.0,99.55631399317406,42.06,2026-06-01,False,98.57142857142858,-6.597222222222229,-0.09189136778754678,83.54037267080744,39.550000000000004,96.94915254237289,52.88135593220339,9.830508474576272,73.5593220338983,93.33333333333333,65.31073446327683,69.84126984126983,71.86709712133441
5351,鈺創,半導體,104.0,2646884953.415,True,39.66942148760331,61.911262798634816,657.48,2026-06-01,False,76.92307692307693,5.906313645621178,0.03461991003637027,99.52153110047847,97.47333333333336,77.2316384180791,88.24858757062147,63.84180790960452,98.19209039548022,97.6271186440678,85.02824858757063,99.09297052154194,71.56702794111996
6209,今國光,消費性電子,74.3,423781245.995,True,3.614457831325301,90.85324232081912,73.31,2026-06-01,False,90.0,-8.044554455445544,0.01254163266857977,76.440329218107,3.026666666666671,90.73446327683617,47.570621468926554,51.864406779661024,57.28813559322033,45.98870056497175,58.689265536723155,85.4875283446712,71.48487643645028
6417,韋僑,通信網路,118.5,15322500.75,True,0.7592190889370932,96.04095563139931,26.62,2026-06-01,False,95.91836734693877,-12.546125461254611,0.047383102302485956,80.88737201365188,2.626666666666665,95.70621468926554,32.429378531073446,69.71751412429379,67.79661016949152,44.632768361581924,62.056497175141246,53.2312925170068,71.0761847111726
4973,廣穎,半導體,156.0,295684681.525,True,12.88056206088993,83.27645051194538,197.3,2026-06-01,False,90.0,-6.306306306306306,0.007164560895422224,74.28571428571429,33.77000000000001,90.73446327683617,53.898305084745765,48.70056497175141,51.41242937853108,91.75141242937853,67.2994350282486,95.578231292517,70.95670471578462
2305,全友,光電及I/O,26.5,222033463.35,True,30.67978533094812,68.73720136518772,142.33,2026-06-01,False,74.28571428571429,-26.38888888888889,-0.05963974257068506,62.13364595545136,35.253333333333345,74.91525423728814,6.214689265536723,18.305084745762713,19.887005649717516,92.20338983050847,42.30508474576271,93.99092970521542,70.64462508167108
5484,慧友,光電及I/O,44.8,17374330.264999997,True,38.333333333333336,63.00341296928328,224.33,2026-06-01,False,70.0,-9.127789046653144,-0.037763024151713176,77.3747841105354,93.17000000000002,70.45197740112994,44.18079096045198,26.327683615819208,59.774011299435024,97.51412429378531,59.64971751412429,96.48526077097506,70.63261462777201
5289,宜鼎,半導體,1500.0,3867766405.75,True,3.14533622559653,91.46757679180887,696.31,2026-06-01,False,95.38461538461539,-1.9607843137254901,-0.03307022580876673,75.37688442211056,56.23666666666668,95.25423728813558,66.89265536723164,28.474576271186443,54.23728813559322,96.27118644067797,68.22598870056497,99.20634920634922,70.4513048157116
3709,鑫聯大投控,電子通路,79.4,97782332.19,True,16.268980477223426,80.44368600682594,72.07,2026-06-01,False,92.0,-0.2512562814070209,0.02853875120740619,85.46824542518837,44.513333333333335,92.42937853107345,73.22033898305085,60.22598870056497,77.17514124293785,94.35028248587571,79.48022598870057,85.14739229024943,70.38289327030247
8227,巨有科技,半導體,145.0,90152261.85,True,13.24200913242009,82.86689419795222,88.44,2026-06-01,False,89.23076923076924,-21.83288409703504,-0.026200138357679526,58.23293172690763,-35.25,90.05649717514125,10.734463276836157,30.395480225988702,13.333333333333334,5.19774011299435,29.943502824858758,88.77551020408163,70.35771935893001
5522,遠雄,建設,64.1,70605440.38000001,True,6.453362255965294,87.7815699658703,2513.5,2026-06-01,False,88.13559322033898,-0.9273570324575092,0.238787666359172,77.98053527980534,1364.0166666666667,89.15254237288136,71.07344632768363,96.8361581920904,61.694915254237294,99.88700564971752,83.72881355932205,99.88662131519274,69.91515815365693
2887,台新新光金,金融控股,35.15,2402546544.07,True,88.06941431670282,20.0,329.5,2026-06-01,False,46.15384615384615,-4.613297150610591,0.07067388438729215,95.38670284938941,-110.59999999999997,46.21468926553673,58.87005649717514,77.28813559322035,94.23728813559322,2.0338983050847457,55.728813559322035,97.95918367346938,69.88527614435606
8271,宇瞻,半導體,235.5,1731279297.0,True,0.4880694143167028,96.89419795221843,200.65,2026-06-01,False,98.46153846153847,30.11049723756906,0.04038619618283797,90.40307101727447,-61.316666666666634,96.8361581920904,99.54802259887006,66.44067796610169,85.98870056497175,3.2768361581920904,70.4180790960452,95.91836734693877,69.79880087628271
3260,威剛,半導體,416.0,4909258961.1,True,0.0,99.55631399317406,212.06,2026-06-01,False,99.61538461538461,1.4634146341463417,0.04518433117500035,79.23809523809524,14.72333333333333,97.34463276836158,78.30508474576271,68.24858757062147,63.84180790960452,76.94915254237287,76.93785310734464,96.03174603174604,69.72827549098736
5288,豐祥-KY,機車船製造,192.5,39961847.875,True,46.420824295010846,56.655290102389074,71.59,2026-06-01,False,75.0,1.3157894736842104,0.07547486079877852,97.46835443037975,16.613333333333337,75.36723163841808,77.96610169491525,79.2090395480226,96.15819209039547,79.43502824858757,81.62711864406779,84.92063492063492,69.6199892386333
2414,精技,電子通路,55.7,39579793.325,True,66.3232104121475,41.63822525597269,87.26,2026-06-01,False,54.0,-9.577922077922075,-0.08844393483470243,86.22291021671828,27.406666666666673,53.44632768361583,43.050847457627114,10.282485875706215,78.98305084745762,89.71751412429379,55.09604519774011,88.54875283446711,69.48182097697836
2101,南港,輪胎,35.5,78456166.655,True,11.76470588235294,84.09556313993174,328.25,2026-06-01,False,100.0,4.411764705882353,0.1604402368903337,79.95495495495496,115.70000000000002,98.75706214689266,84.7457627118644,92.20338983050847,65.98870056497175,98.19209039548022,87.9774011299435,97.61904761904762,69.4047619047619
8042,金山電,電子零組件,116.5,602783005.42,True,20.31823745410037,76.9283276450512,51.3,2026-06-01,False,93.79310344827586,-34.55056179775281,0.038663334952299476,55.34441805225653,12.136666666666663,93.89830508474576,2.2598870056497176,65.31073446327683,9.491525423728813,72.31638418079096,48.65536723163841,76.41723356009071,69.3867942657289
6585,鼎基,樹脂,115.5,49690208.85,True,30.634146341463413,68.80546075085324,91.44,2026-06-01,False,78.57142857142857,-7.228915662650602,-0.048174910766783645,76.74418604651163,32.449999999999996,79.37853107344633,50.847457627118644,21.694915254237287,58.24858757062147,91.63841807909604,60.36158192090395,89.22902494331065,69.00217149006494
6265,方土昶,電子通路,55.4,157783581.19250003,True,30.434782608695656,69.01023890784982,1209.51,2026-06-01,False,82.0,5.1233396584440145,0.036408240980517224,86.697965571205,152.2833333333333,83.05084745762711,86.4406779661017,64.29378531073446,79.88700564971751,98.53107344632768,82.4406779661017,99.43310657596372,68.98257042930166
3094,聯傑,半導體,34.85,113898174.29,True,60.84598698481562,45.80204778156997,74.09,2026-06-01,False,60.0,-13.63073110285006,-0.04190182895364453,77.01657458563537,36.64333333333334,59.71751412429378,29.265536723163844,24.40677966101695,58.75706214689266,92.65536723163842,52.960451977401135,86.05442176870748,68.81586532918251
2323,中環,光電及I/O,10.25,63379697.366,True,1.2560386473429952,94.74402730375427,38.84,2026-06-01,False,92.85714285714286,-8.071748878923769,-0.17135307469800992,78.2442748091603,20.763333333333335,92.99435028248587,47.45762711864407,2.711864406779661,62.14689265536724,84.63276836158192,57.98870056497176,67.12018140589569,68.70094930627619
2316,楠梓電,印刷電路板,159.5,447560543.25,True,40.075921908893704,61.6382252559727,27.83,2026-06-01,False,92.6829268292683,-23.317307692307693,-0.04235925455956628,68.01705756929638,-19.236666666666665,92.88135593220339,8.926553672316384,24.18079096045198,35.02824858757062,10.16949152542373,34.237288135593225,55.10204081632652,68.52127291594604
6177,達麗,建設,48.8,67103577.660000004,True,15.393258426966291,81.160409556314,1322.16,2026-06-01,False,81.35593220338984,7.72626931567329,0.15469632799238348,87.76978417266186,743.4366666666667,82.37288135593221,90.73446327683617,91.07344632768361,81.80790960451978,99.66101694915255,89.12994350282486,99.54648526077098,68.2482032360967
2465,麗臺,電腦及週邊,85.1,173592363.005,True,77.50865051903114,31.877133105802045,543.89,2026-06-01,False,36.84210526315789,-4.916201117318442,0.022493788529565434,95.08379888268156,258.88,36.15819209039548,57.6271186440678,56.72316384180791,93.78531073446328,99.2090395480226,68.70056497175142,98.86621315192744,67.7956493331796
6259,百徽,電子通路,29.0,44834940.7425,True,64.17206835592222,43.412969283276446,82.68,2026-06-01,False,56.00000000000001,-24.577373211963593,-0.004665276090085678,68.07511737089202,35.080000000000005,56.045197740113,8.022598870056497,42.259887005649716,35.14124293785311,92.09039548022598,46.71186440677966,87.86848072562358,67.75808063338329
3356,奇偶,光電及I/O,55.8,24219523.785000004,True,0.32590983161325365,97.61092150170649,24.09,2026-06-01,False,95.71428571428572,-6.688963210702341,-0.12993948668768665,85.45176110260336,10.523333333333332,95.36723163841808,52.31638418079096,5.084745762711865,77.06214689265536,68.8135593220339,59.728813559322035,49.65986394557823,67.44321457396518
8096,擎亞,電子通路,131.5,751043747.35,True,84.38247011952191,24.982935153583618,433.49,2026-06-01,False,22.0,-21.02102102102102,-0.08317898235622387,77.5811209439528,230.37333333333333,22.146892655367232,12.09039548022599,11.525423728813559,60.790960451977405,98.98305084745763,41.10734463276837,98.52607709750568,67.34338368115608
2451,創見,半導體,297.0,2363191788.0,True,0.596529284164859,96.48464163822526,381.55,2026-06-01,False,97.6923076923077,17.159763313609467,-0.01640150470829013,81.70563961485557,-100.38666666666666,96.61016949152543,96.72316384180792,34.91525423728813,69.83050847457626,2.1468926553672314,60.045197740113,98.4126984126984,67.03255313424805
3162,精確,汽車組件,62.2,59858137.320000015,True,45.949074074074076,57.06484641638225,58.73,2026-06-01,False,69.44444444444444,-23.960880195599017,0.04000136105231469,64.859228362878,32.019999999999996,69.6045197740113,8.47457627118644,66.10169491525424,26.779661016949152,91.29943502824858,52.451977401129945,80.04535147392289,66.98873899842422
2408,南亞科,半導體,457.0,37737825738.675,True,55.89198036006546,49.55631399317406,621.34,2026-06-01,False,66.15384615384615,4.936854190585533,-0.006827674976879155,90.4950495049505,-68.26333333333332,65.98870056497175,86.21468926553672,41.12994350282486,86.32768361581921,2.937853107344633,56.51977401129943,98.9795918367347,66.27032168799724
3708,上緯投控,樹脂,96.0,44560038.045,True,0.3796095444685466,97.40614334470989,61.7,2026-06-01,False,100.0,-9.859154929577464,-0.08009152379476184,64.64646464646465,5.150000000000013,98.75706214689266,41.80790960451977,11.977401129943503,26.101694915254235,53.672316384180796,46.46327683615819,81.40589569160997,66.11418578730927
3311,閎暉,電子零組件,32.2,10298791.239999998,True,0.23382696804364772,98.02047781569966,14.07,2026-06-01,False,100.0,-12.021857923497263,-0.07974744669508195,77.96610169491527,3.1499999999999986,98.75706214689266,34.23728813559322,12.203389830508476,61.5819209039548,46.271186440677965,50.610169491525426,35.941043083900226,65.51068449978862
8476,台境*,資源回收,20.5,22475682.009999998,True,76.77356656948494,32.62798634812287,66.05,2026-06-01,False,30.434782608695656,-14.93775933609959,-0.0868514355777819,82.82828282828282,74.47333333333333,30.508474576271187,24.858757062146893,11.299435028248588,71.86440677966101,96.49717514124293,47.00564971751412,83.10657596371883,65.15517506437604
6831,邁科,電子零組件,637.0,530243438.875,True,29.585798816568047,69.48805460750853,29.3,2026-06-01,False,88.96551724137932,-18.542199488491047,-0.04079310163232018,66.63179916317992,31.23,89.83050847457628,17.401129943502823,24.858757062146893,31.412429378531076,90.84745762711864,50.87005649717514,56.575963718820866,65.10444290710635
2476,鉅祥,電子零組件,125.5,274302293.35,True,71.69197396963123,37.098976109215016,53.76,2026-06-01,False,57.931034482758626,-2.7131782945736433,0.046697821481590705,92.27941176470588,11.39,58.079096045197744,64.7457627118644,69.15254237288136,88.70056497175142,70.62146892655367,70.25988700564972,77.89115646258503,64.98126369191745
7728,光焱科技,電子設備,598.0,19421063.65,True,54.15472779369628,51.12627986348123,114.18,2026-06-01,False,80.82191780821918,-8.56269113149847,0.05606897909128072,66.66666666666666,75.94,82.14689265536722,46.101694915254235,72.7683615819209,31.52542372881356,96.72316384180792,65.85310734463276,91.83673469387756,64.85183904070102
2248,華勝-KY,汽車組件,58.5,17599290.405,True,59.01162790697675,47.303754266211605,106.59,2026-06-01,False,55.55555555555556,-0.847457627118644,0.02503688576403455,88.63636363636364,40.68333333333334,55.48022598870056,71.41242937853107,57.96610169491525,84.01129943502825,93.55932203389831,72.48587570621469,91.15646258503402,64.80888965755793
4952,凌通,半導體,50.5,25004474.822499998,True,80.20607375271149,30.034129692832767,50.03,2026-06-01,False,42.30769230769231,-12.629757785467124,-0.06325579865624346,83.47107438016529,23.143333333333334,42.14689265536723,32.316384180790955,16.836158192090394,73.33333333333333,86.77966101694915,50.28248587570621,75.34013605442176,64.62599446558283
5490,同亨,電腦及週邊,30.7,68012863.56,True,27.764127764127768,70.71672354948805,50.22,2026-06-01,False,85.96491228070175,2.5041736227045077,0.01973255552508636,84.45667125171938,14.523333333333333,87.11864406779661,80.7909604519774,56.045197740113,75.70621468926554,76.38418079096046,75.2090395480226,75.62358276643991,64.41437026788117
6279,胡連,汽車組件,126.5,72338224.575,True,5.368763557483731,88.9419795221843,41.2,2026-06-01,False,97.22222222222221,3.2653061224489797,0.2315696996657657,84.0531561461794,13.993333333333336,96.27118644067797,82.59887005649718,96.49717514124293,74.80225988700565,74.57627118644068,84.94915254237289,69.1609977324263,64.40889350090318
7749,意騰-KY,半導體,344.0,58045291.075,True,2.127659574468085,92.55972696245733,64.48,2026-06-01,False,96.15384615384616,-14.85148514851485,-0.024967933570844567,50.0,5.259999999999998,95.81920903954803,24.97175141242938,31.07344632768362,4.463276836158192,54.12429378531074,42.09039548022599,82.31292517006803,64.40591490833621
6782,視陽,醫療耗材,218.0,66244919.475,True,5.381165919282512,88.80546075085324,45.95,2026-06-01,False,80.0,4.807692307692308,0.14584241000111897,92.76595744680851,25.663333333333338,80.90395480225989,85.87570621468926,90.5084745762712,89.83050847457628,88.36158192090396,87.09604519774011,72.56235827664399,64.35527883469773
6026,福邦證,證券,14.1,20671486.8075,True,28.153018529587566,70.30716723549489,1448.39,2026-06-01,False,50.0,-10.191082802547768,-0.1152541975423638,73.05699481865284,809.6866666666667,49.83050847457628,40.451977401129945,6.440677966101695,48.0225988700565,99.77401129943503,48.90395480225989,99.65986394557824,64.26524847227027
2881,富邦金,金融控股,127.0,2938345315.6,True,87.09327548806941,21.160409556313994,155.03,2026-05-01,False,53.84615384615385,2.0080321285140563,0.13374268378141227,91.69675090252709,-16.25,53.27683615819209,79.54802259887006,89.26553672316385,87.68361581920904,11.751412429378531,64.30508474576271,94.67120181405896,64.0209077981475
2836,高雄銀,本國銀行,11.85,70235755.94250001,True,35.68329718004338,65.05119453924915,14.7,2026-06-01,False,88.88888888888889,-4.819277108433733,0.04590624722997323,91.15384615384615,1.953333333333335,89.60451977401131,58.19209039548022,68.58757062146893,87.2316384180791,41.5819209039548,69.03954802259888,37.358276643990926,64.00058611015027
2727,王品,餐飲飯店,236.0,182658885.65,True,1.8159048215403883,93.37883959044369,16.59,2026-06-01,False,87.5,-1.8711018711018712,0.13129154395982962,94.77911646586345,1.6766666666666676,88.4180790960452,67.45762711864407,88.92655367231639,93.22033898305084,40.67796610169492,75.74011299435028,41.156462585034014,63.8343133863715
2362,藍天,電腦及週邊,50.5,85291769.5325,True,0.0,99.55631399317406,30.25,2026-06-01,False,99.12280701754386,16.3594470046083,0.19912644978447522,97.30250481695568,13.166666666666668,97.17514124293785,96.27118644067797,94.23728813559322,95.9322033898305,73.67231638418079,91.45762711864408,58.390022675736965,63.806545216956835
2884,玉山金,金融控股,38.15,1679700526.0799997,True,41.106290672451195,61.092150170648466,25.3,2026-06-01,False,100.0,9.7841726618705,0.2279659321588234,98.70633893919793,-7.326666666666664,98.75706214689266,92.65536723163842,96.27118644067797,97.17514124293785,18.64406779661017,80.70056497175142,51.13378684807256,63.60265575156616
7712,博盛半導體,半導體,141.0,61257844.0,True,62.82051282051282,44.53924914675768,49.37,2026-06-01,False,58.46153846153847,-23.783783783783786,-0.02941827681532747,66.04215456674473,31.043333333333333,58.19209039548022,8.587570621468926,29.6045197740113,30.056497175141246,90.73446327683617,43.43502824858757,74.71655328798185,63.5943925592836
2801,彰銀,本國銀行,23.15,888206994.2000002,True,27.765726681127983,70.61433447098976,9.51,2026-06-01,False,100.0,-3.742203742203751,-0.07789364315020683,91.14173228346458,-4.789999999999999,98.75706214689266,61.35593220338983,12.655367231638417,87.11864406779661,23.954802259887007,56.76836158192091,29.705215419501137,63.556247357700144
5515,建國,營造,43.25,23751707.425,True,2.8199566160520604,91.74061433447099,24.55,2026-06-01,False,93.75,4.975728155339799,0.04541940920535159,97.74011299435028,6.376666666666669,93.61581920903956,86.32768361581921,68.36158192090396,96.49717514124293,58.98305084745763,80.75706214689266,50.05668934240363,63.460500019216724
6642,富致,電子零組件,80.7,23112843.439999998,True,69.23997606223818,38.839590443686006,52.49,2026-06-01,False,59.310344827586206,-2.7710843373493943,-0.026182327532671846,87.81284004352557,23.520000000000003,58.98305084745763,64.51977401129943,30.508474576271187,81.92090395480226,87.11864406779661,64.61016949152543,77.21088435374149,63.39876628617549
8112,至上,電子通路,91.2,1340371604.3099997,True,59.00216919739696,47.37201365187713,231.17,2026-06-01,False,60.0,7.294117647058827,0.10144452146890443,90.74626865671642,51.06666666666666,59.71751412429378,89.83050847457628,84.51977401129943,86.55367231638418,95.25423728813558,83.17514124293785,96.82539682539682,63.31651869787463
2103,台橡,橡膠原料,25.0,153050056.315,True,17.923433874709975,79.11262798634813,40.24,2026-06-01,False,79.26744989633725,8.45986984815618,-0.018650321432667035,97.65625,9.513333333333332,80.11299435028249,91.52542372881356,33.78531073446327,96.38418079096044,66.77966101694915,73.71751412429379,68.14058956916101,63.27808524539759
6416,瑞祺電通,電腦及週邊,103.0,105668964.595,True,50.81344902386117,53.7542662116041,58.62,2026-06-01,False,63.1578947368421,4.6747967479674735,0.058585716368432975,96.71361502347418,36.00666666666666,63.10734463276836,85.42372881355932,73.22033898305085,95.48022598870057,92.54237288135593,81.95480225988702,79.81859410430839,63.245608978054506
8048,德勝,通信網路,52.2,13774504.34,True,79.39262472885032,30.648464163822524,130.48,2026-06-01,False,46.93877551020408,-13.432835820895514,-0.2156564624262399,71.02040816326532,51.7,46.779661016949156,29.943502824858758,1.1299435028248588,42.485875706214685,95.59322033898306,43.186440677966104,93.31065759637188,63.158172873669244
6658,聯策,電子設備,153.0,81115044.6,True,47.3134328358209,56.382252559726965,51.6,2026-06-01,False,84.93150684931507,-14.763231197771587,-0.03899449264248219,59.53307392996109,42.21333333333334,85.64971751412429,25.423728813559322,25.875706214689266,15.36723163841808,93.78531073446328,49.220338983050844,76.53061224489795,63.030958145970246
3284,太普高,印刷,21.2,10766399.999999998,True,9.242761692650333,86.27986348122867,13.11,2026-06-01,False,86.45473393227367,-25.220458553791893,0.03450646029009071,68.71961102106968,14.6,87.68361581920904,7.5706214689265545,63.72881355932203,36.836158192090394,76.49717514124293,54.46327683615819,34.807256235827666,62.93910219455013
3535,晶彩科,電子設備,85.2,103673955.81,True,69.70486111111111,38.56655290102389,160.85,2026-06-01,False,61.64383561643836,-18.4688995215311,0.10781718961961062,57.37373737373738,-634.9433333333334,61.80790960451977,17.740112994350284,85.76271186440678,12.31638418079096,1.1299435028248588,35.75141242937853,94.89795918367348,62.82053499365848
4967,十銓,半導體,280.0,1023227865.75,True,0.0,99.55631399317406,35.0,2026-06-01,False,99.61538461538461,20.171673819742487,0.08461902847646828,91.95402298850574,-40.39999999999999,97.34463276836158,98.19209039548022,80.7909604519774,88.13559322033898,4.519774011299435,73.79661016949152,63.832199546485256,62.7800837849264
7822,倍利科,電子設備,850.0,154909385.75,True,8.88888888888889,86.41638225255973,50.72,2026-06-01,False,98.63013698630137,-14.829659318637276,-0.0019520807620144011,46.57534246575342,-18.78,97.06214689265536,25.08474576271186,43.61581920903955,2.937853107344633,10.508474576271185,35.841807909604526,76.07709750566893,62.74808793573927
6146,耕興,檢測驗證,188.0,63145475.375,True,38.06941431670282,63.24232081911263,12.74,2026-06-01,False,100.0,-8.737864077669903,-0.10706079315392397,78.82599580712788,0.7166666666666668,98.75706214689266,45.64971751412429,7.344632768361582,63.2768361581921,37.28813559322034,50.4632768361582,34.12698412698413,62.62779122948615
6967,汎瑋材料,其他電子,68.1,10474299.629999999,True,11.061946902654867,84.98293515358361,40.83,2026-06-01,False,85.14167242570836,-1.873198847262264,-0.04723066850221366,78.54671280276816,12.38333333333333,85.98870056497175,67.34463276836158,22.259887005649716,62.71186440677966,72.65536723163842,62.19209039548023,68.82086167800453,62.54419847034859
3704,合勤控,通信網路,45.85,209099715.07250002,True,45.605095541401276,57.40614334470989,47.87,2026-06-01,False,65.3061224489796,1.1025358324145533,0.053440016797504666,91.97592778335006,7.073333333333338,65.19774011299435,77.28813559322035,72.20338983050848,88.36158192090396,61.46892655367232,72.90395480225989,73.80952380952381,62.52017756255045
1216,統一,飲料乳品,75.7,1800760321.8700001,True,6.670281995661605,87.71331058020478,4.6,2026-06-01,False,100.0,-3.443877551020411,0.24076523824956927,94.03726708074535,1.4133333333333336,98.75706214689266,62.59887005649718,97.40112994350282,91.52542372881356,39.32203389830509,77.92090395480227,22.33560090702948,62.504804181559635
6133,金橋,電子零組件,21.3,17872155.5675,True,23.761031907671416,73.92491467576792,15.35,2026-06-01,False,91.0344827586207,-13.590263691683562,-0.08439246208856799,73.57512953367876,8.033333333333333,91.75141242937853,29.491525423728817,11.412429378531073,49.49152542372882,63.61581920903955,49.15254237288136,38.095238095238095,62.461662631154155
2211,長榮鋼,基本金屬,88.1,74739366.25,True,24.13261372397841,73.44709897610922,47.25,2026-06-01,False,78.94736842105263,-7.263157894736848,0.10180168879857883,72.8099173553719,25.536666666666665,79.77401129943503,50.73446327683616,84.7457627118644,47.2316384180791,88.13559322033898,70.12429378531074,73.46938775510205,62.43514354894501
2912,統一超,百貨批發,221.0,956002104.675,True,2.6572668112798263,92.15017064846417,6.31,2026-06-01,False,94.44444444444444,-8.29875518672199,0.15851605639988736,85.65891472868216,0.8233333333333341,94.4632768361582,46.779661016949156,91.75141242937853,77.51412429378531,37.740112994350284,69.64971751412429,24.489795918367346,62.42188400784043
1808,潤隆,建設,33.05,46791387.472500004,True,26.713532513181022,71.67235494880546,162537.27,2026-06-01,False,69.49152542372882,9.800664451827227,0.15027544933768675,82.93601003764114,77044.36666666665,69.71751412429379,92.7683615819209,90.73446327683617,72.090395480226,100.0,85.06214689265536,100.0,62.259887005649716
6214,精誠,資訊服務,146.5,330189081.85,True,33.13449023861171,66.21160409556313,76.9,2026-06-01,False,52.27272727272727,2.0905923344947737,0.09131268479023012,92.72151898734177,26.556666666666672,51.9774011299435,80.0,81.92090395480226,89.71751412429379,88.58757062146893,78.44067796610167,86.73469387755102,62.10740228294708
3135,凌航,半導體,168.0,331152208.575,True,7.377049180327869,87.16723549488054,150.02,2026-06-01,False,93.07692307692308,-2.3255813953488373,-0.016219993800692886,64.49136276391555,-180.75333333333336,93.10734463276836,65.5367231638418,35.25423728813559,25.310734463276834,1.5819209039548021,44.158192090395474,94.33106575963718,61.80310542296015
3485,敘豐,電子設備,210.5,40768178.9,True,10.606060606060606,85.32423208191126,22.45,2026-06-01,False,97.26027397260275,-26.3986013986014,0.002681814058652189,54.463130659767145,6.753333333333332,96.49717514124293,6.101694915254238,46.55367231638418,8.248587570621469,60.451977401129945,43.570621468926554,47.95918367346938,61.65081286751989
6574,霈方,化妝美容,140.0,15533900.85,True,32.59219088937093,66.68941979522184,73.91,2026-06-01,False,50.0,5.660377358490567,0.007764316015255589,98.93992932862191,27.096666666666664,49.83050847457628,87.45762711864407,49.37853107344633,97.74011299435028,89.26553672316385,74.73446327683617,85.94104308390023,61.51350935854568
2347,聯強,電子通路,93.4,599888435.3349999,True,72.45119305856834,36.21160409556314,135.45,2026-06-01,False,44.0,5.536723163841814,0.24851743023769574,96.18949536560248,19.44999999999999,43.954802259887,87.11864406779661,97.74011299435028,95.25423728813558,82.59887005649718,81.33333333333333,93.5374149659864,61.406952611553095
8478,東哥遊艇,機車船製造,151.5,26309163.725,True,1.0845986984815619,95.08532423208192,76.33,2026-06-01,False,100.0,-1.6233766233766231,0.0730180882906127,65.44276457883369,92.47333333333333,98.75706214689266,68.7005649717514,78.53107344632768,28.70056497175141,97.28813559322033,74.39548022598869,86.5079365079365,61.316249663707296
8936,國統,金屬製品,52.7,65452779.304999985,True,11.550976138828634,84.26621160409556,21.24,2026-06-01,False,100.0,-5.215827338129494,0.049045238342532,76.04617604617604,7.333333333333332,98.75706214689266,56.49717514124294,70.50847457627118,56.045197740113,61.92090395480226,68.74576271186442,46.82539682539682,61.28262039278989
8299,群聯,半導體,2020.0,9245942801.5,True,71.69197396963123,37.098976109215016,301.0,2026-06-01,False,51.53846153846153,-9.00900900900901,-0.031115370534852166,70.13888888888889,21.379999999999995,51.52542372881356,44.85875706214689,28.926553672316384,40.790960451977405,85.08474576271186,50.23728813559322,97.50566893424036,61.240824013221115
6799,來頡,半導體,86.3,43546413.23,True,11.930164888457808,83.89078498293514,6.47,2026-06-01,False,92.3076923076923,-12.474645030425961,-0.08731968222320469,77.39910313901345,0.4033333333333333,92.59887005649718,32.7683615819209,10.96045197740113,60.0,36.38418079096045,46.54237288135593,25.0,61.20762711864407
2466,冠西電,光電及I/O,91.4,169400751.11500004,True,45.380029806259316,57.54266211604096,53.03,2026-06-01,False,64.28571428571429,-7.208121827411161,-0.02267392149426209,74.91803278688525,55.50666666666667,64.51977401129943,51.07344632768361,31.864406779661014,52.99435028248588,96.045197740113,59.299435028248595,77.55102040816327,60.99792459356624
2745,五福,旅行社,88.5,19308515.120000005,True,10.493273542600896,85.46075085324232,5.98,2026-06-01,False,100.0,-16.50943396226415,-0.17605916635181487,70.8,-7.366666666666669,98.75706214689266,21.35593220338983,2.3728813559322033,42.03389830508474,18.418079096045197,36.58757062146893,24.03628117913832,60.86782735693147
1419,新紡,成衣,64.0,11054226.355,True,0.3796095444685466,97.40614334470989,17.98,2026-06-01,False,94.73684210526315,-4.047976011994007,0.10435495995958127,80.20050125313284,-1.9766666666666666,94.85875706214689,60.22598870056497,85.31073446327684,66.32768361581921,30.96045197740113,67.53672316384181,42.40362811791383,60.84102002382875
2030,彰源,基本金屬,18.6,13446540.3625,True,25.799214806505887,72.49146757679182,33.89,2026-06-01,False,76.31578947368422,4.494382022471914,0.07259476158314092,92.30769230769232,6.933333333333334,76.7231638418079,85.08474576271186,78.19209039548024,88.8135593220339,61.016949152542374,77.96610169491525,62.81179138321995,60.81594219608748
4105,東洋,藥,76.5,83177944.31500001,True,0.5422993492407809,96.68941979522184,15.28,2026-06-01,False,90.9090909090909,-1.0349288486416524,-0.06354365657669962,88.64426419466976,5.413333333333332,91.41242937853107,70.62146892655367,16.610169491525422,84.18079096045197,55.254237288135585,63.61581920903954,37.98185941043084,60.738402705715046
2436,偉詮電,半導體,61.6,192658059.225,True,14.47939262472885,81.97952218430035,18.28,2026-06-01,False,87.6923076923077,-8.333333333333336,-0.07477047855240704,76.52173913043478,-6.676666666666666,88.8135593220339,46.55367231638418,13.898305084745763,57.74011299435028,19.43502824858757,45.28813559322034,42.7437641723356,60.6859410430839
4949,有成精密,光電及I/O,66.8,56236855.3,True,46.07843137254902,56.86006825938566,68.69,2026-06-01,False,62.857142857142854,-15.443037974683548,0.02725176435079937,61.85185185185185,22.53666666666666,62.71186440677966,23.389830508474578,59.09604519774011,19.2090395480226,86.10169491525423,50.101694915254235,84.12698412698413,60.66451439332795
8473,山林水,資源回收,40.9,28124336.524999995,True,1.7798286090969018,93.44709897610922,18.1,2026-06-01,False,91.30434782608695,-10.307017543859654,-0.017260118798294945,73.03571428571428,4.586666666666666,91.9774011299435,40.0,34.463276836158194,47.79661016949153,52.54237288135594,53.35593220338984,42.517006802721085,60.572754525539025
5328,華容,電子零組件,60.8,1665521352.9,True,86.22482131254061,22.389078498293514,63.54,2026-06-01,False,38.62068965517241,-13.758865248226954,-0.007146900462899614,73.78640776699028,30.199999999999996,38.19209039548023,28.474576271186443,40.90395480225989,50.282485875706215,90.5084745762712,49.672316384180796,81.85941043083899,60.46485260770975
2207,和泰車,車輛買賣,516.0,294583722.7,True,10.903426791277258,85.11945392491468,48.36,2026-06-01,False,85.27988942639945,8.289611752360965,0.2322511116106372,83.09178743961353,17.78333333333333,86.10169491525423,91.18644067796609,96.61016949152543,72.65536723163842,80.90395480225989,85.4915254237288,74.14965986394559,60.43007033321803
3013,晟銘電,電子零組件,85.1,136110731.47,True,23.567708333333336,74.06143344709898,26.51,2026-06-01,False,91.72413793103448,-16.568627450980397,0.06037388979954049,60.78571428571428,3.5500000000000043,92.20338983050847,21.242937853107343,73.67231638418079,17.51412429378531,48.47457627118644,50.62146892655367,52.49433106575964,60.24222683423651
3577,泓格,電腦及週邊,142.0,309823571.65,True,50.37960954446855,54.30034129692832,85.37,2026-06-01,False,64.91228070175438,13.147410358565736,0.00676485305709235,88.19875776397515,24.516666666666673,64.85875706214689,94.91525423728814,48.47457627118644,82.37288135593221,87.909604519774,75.70621468926554,88.20861678004536,60.13125024020908
5439,高技,印刷電路板,241.0,585050133.2,True,41.97396963123644,60.54607508532423,22.13,2026-06-01,False,90.2439024390244,-25.960061443932414,-0.09446966807164532,54.586636466591166,-13.399999999999995,90.96045197740112,6.892655367231638,9.265536723163843,8.47457627118644,13.559322033898304,25.83050847457627,47.73242630385487,60.068699796302695
7795,長廣,電子設備,428.5,372858972.75,True,84.21052631578947,25.597269624573375,62.55,2026-06-01,False,43.83561643835616,-22.3731884057971,-0.17546237066577866,64.33933933933935,29.019999999999996,43.61581920903955,10.056497175141244,2.4858757062146895,24.858757062146893,90.16949152542372,34.237288135593225,81.63265306122449,60.01268303931742
2547,日勝生,建設,10.65,33589067.16499999,True,82.14548126377663,28.054607508532424,141.99,2026-06-01,False,10.16949152542373,-6.986899563318769,0.1299474528538947,91.8103448275862,77.05333333333334,9.265536723163843,51.41242937853108,88.70056497175142,87.909604519774,96.8361581920904,66.82485875706215,93.87755102040816,59.910065721203736
2527,宏璟,建設,47.1,93209517.35499999,True,45.89896795219989,57.13310580204778,365.12,2026-06-01,False,44.06779661016949,10.56338028169014,0.05639171094631233,93.26732673267327,245.64666666666665,44.06779661016949,93.55932203389831,72.88135593220339,90.73446327683617,99.09604519774011,80.0677966101695,98.29931972789116,59.88556439524963
1210,大成,油脂飼料,52.7,150262035.685,True,14.425162689804772,82.04778156996588,12.17,2026-06-01,False,70.0,-7.543859649122803,-0.061375179283052375,89.62585034013605,3.286666666666667,70.45197740112994,49.717514124293785,17.51412429378531,85.19774011299435,47.344632768361585,54.045197740113,33.44671201814059,59.84472885199278
2610,華航,空運,22.5,933044095.405,True,18.82426516572858,78.15699658703072,28.82,2026-06-01,False,78.29993089149966,5.140186915887857,0.22708524142510414,92.97520661157024,4.473333333333336,79.09604519774011,86.55367231638418,96.15819209039547,90.3954802259887,52.20338983050847,80.88135593220338,56.34920634920635,59.82176486413775
6953,家碩,電子設備,215.5,10085991.5,True,39.08256880733945,62.184300341296925,27.62,2026-06-01,False,89.04109589041096,-5.482456140350877,0.07012933938258085,73.67521367521368,19.5,89.94350282485875,55.48022598870056,76.8361581920904,49.94350282485876,83.05084745762711,71.05084745762711,54.87528344671202,59.82051577693225
6121,新普,電子零組件,373.0,388268748.3,True,50.43383947939263,54.19795221843003,11.5,2026-06-01,False,77.93103448275862,-11.296076099881095,0.2589183673058035,79.78609625668449,4.8500000000000005,78.4180790960452,37.06214689265537,97.85310734463278,65.31073446327683,53.333333333333336,66.39548022598869,32.31292517006803,59.744897959183675
7788,松川精密,電子零組件,235.0,424986019.275,True,85.20408163265306,23.822525597269625,65.66,2026-06-01,False,42.758620689655174,-6.187624750499002,0.010731513063217917,80.47945205479452,23.953333333333333,42.3728813559322,54.23728813559322,50.73446327683616,67.11864406779661,87.45762711864407,60.38418079096046,82.87981859410431,59.53351397055997
8462,柏文,其他,168.5,44223176.1,True,6.7973856209150325,87.57679180887372,20.11,2026-06-01,False,82.6086956521739,5.9748427672955975,0.22583650794210225,97.96511627906976,-0.18666666666666742,83.72881355932203,88.36158192090396,96.045197740113,96.8361581920904,34.68926553672316,79.9322033898305,45.12471655328798,59.33202659594912
6739,竹陞科技,電子設備,1005.0,297106905.1,True,38.24786324786324,63.0716723549488,101.13,2026-06-01,False,90.41095890410958,-4.739336492890995,0.02753737628328904,58.77192982456141,0.9299999999999926,91.07344632768361,58.53107344632769,59.32203389830508,14.237288135593221,38.19209039548023,52.271186440677965,90.24943310657596,59.25727353088127
8086,宏捷科,半導體,111.5,323639728.85,True,1.575757575757576,93.85665529010238,16.05,2026-06-01,False,96.92307692307692,-18.014705882352942,-0.07998480299489488,62.290502793296085,-18.09,96.045197740113,18.870056497175142,12.09039548022599,20.0,10.621468926553671,31.525423728813557,39.682539682539684,59.21442023136939
6573,虹揚-KY,電子零組件,17.2,14748941.082500001,True,21.406727828746178,76.04095563139933,6.57,2026-06-01,False,93.10344827586206,-38.46153846153847,0.035835463066779524,61.53846153846154,14.186666666666667,93.22033898305084,1.3559322033898304,64.18079096045197,18.870056497175142,75.48022598870057,50.62146892655367,25.45351473922903,59.0469945040163
3033,威健,電子通路,47.05,687707711.7,True,76.2472885032538,33.1740614334471,54.45,2026-06-01,False,38.0,-5.141129032258073,0.0068541444820348916,84.62230215827337,21.970000000000006,37.6271186440678,56.72316384180791,48.58757062146893,75.81920903954801,85.53672316384181,60.85875706214689,78.11791383219955,58.71026941850186
6937,天虹,電子設備,246.0,141306560.375,True,61.37071651090342,45.39249146757679,64.17,2026-06-01,False,69.86301369863014,-4.835589941972921,0.01585250047017404,69.98577524893315,28.663333333333334,70.16949152542374,57.96610169491525,53.10734463276836,40.33898305084746,90.05649717514125,62.32768361581922,82.19954648526077,58.68547984165417
3189,景碩,印刷電路板,823.0,9723063355.9,True,76.92307692307693,32.35494880546075,32.27,2026-06-01,False,68.29268292682927,3.5220125786163523,0.007788251943833102,92.36812570145904,1.5899999999999999,68.24858757062147,83.38983050847457,49.49152542372882,89.15254237288136,40.33898305084746,66.12429378531074,60.657596371882086,58.667223951727586
8415,大國鋼,基本金屬,38.05,30879943.4075,True,32.53796095444685,66.79180887372014,36.57,2026-06-01,False,63.1578947368421,9.496402877697834,0.27043457933734494,99.08854166666666,11.29333333333333,63.10734463276836,92.31638418079096,98.19209039548022,97.96610169491525,70.3954802259887,84.39548022598869,65.75963718820861,58.62917483377531
6913,鴻呈,電子零組件,146.0,40373918.55,True,71.875,36.9283276450512,61.08,2026-06-01,False,57.24137931034483,14.960629921259844,0.13941404394212825,93.58974358974359,20.479999999999997,57.74011299435028,95.70621468926554,89.94350282485875,91.07344632768361,84.18079096045197,83.72881355932203,80.95238095238095,58.514931396287324
2511,太子,建設,8.35,17134090.998000003,True,57.59219088937093,48.19112627986348,76.56,2026-06-01,False,33.89830508474576,-1.648998822143705,-0.05514374741110738,87.89473684210526,55.986666666666665,33.44632768361582,68.36158192090396,19.43502824858757,82.14689265536722,96.15819209039547,59.90960451977401,86.62131519274377,58.46323840270571
7810,捷創科技,電子設備,200.5,10023587.85,True,13.422818791946309,82.73037542662117,116.46,2026-06-01,False,95.8904109589041,-1.4742014742014742,0.016011849095122436,59.319526627218934,19.64666666666666,95.59322033898306,69.03954802259888,53.333333333333336,15.028248587570623,83.50282485875707,63.2994350282486,92.17687074829932,58.439697913063526
3450,聯鈞,通信網路,477.0,4208607336.475,True,84.24101969872537,25.52901023890785,88.18,2026-06-01,False,40.816326530612244,-4.9800796812749,0.01482258962059941,77.94117647058823,26.98333333333334,40.67796610169492,57.40112994350282,52.76836158192091,61.46892655367232,89.15254237288136,60.293785310734464,88.66213151927438,58.35197355778469
3217,優群,電子零組件,142.0,94206008.65,True,9.327548806941431,86.1433447098976,2.42,2026-06-01,False,97.24137931034483,-18.155619596541786,-0.12153505666939303,68.59903381642512,11.92,96.38418079096044,18.418079096045197,5.649717514124294,36.610169491525426,71.75141242937853,45.762711864406775,18.594104308390023,58.29259387370767
9942,茂順,汽車組件,115.5,19081111.875,True,60.73752711496746,45.870307167235495,26.64,2026-06-01,False,52.77777777777778,-3.75,0.1274405447388719,92.03187250996015,9.506666666666668,52.429378531073446,61.186440677966104,88.13559322033898,88.47457627118645,66.66666666666666,71.37853107344634,53.40136054421769,58.27971866712787
6756,威鋒電子,半導體,99.5,18113938.3,True,73.73440939104916,35.01706484641638,50.06,2026-06-01,False,47.69230769230769,-0.2006018054162516,0.05681266808491439,88.44444444444444,22.88,47.344632768361585,73.33333333333333,72.99435028248588,83.2768361581921,86.32768361581921,72.65536723163844,75.51020408163265,58.199584918713256
5340,建榮,印刷電路板,70.3,118377857.60499999,True,4.772234273318872,89.28327645051195,25.75,2026-06-01,False,100.0,-15.096618357487923,0.011536364294705887,52.46268656716418,5.510000000000002,98.75706214689266,24.18079096045198,51.186440677966104,6.3276836158192085,55.932203389830505,47.27683615819209,51.587301587301596,58.12281409739037
2605,新興,海運,32.55,173748049.1575,True,24.09564684242796,73.51535836177474,51.62,2026-06-01,False,90.9090909090909,6.896551724137924,0.12941594796183115,75.08650519031141,31.009999999999998,91.41242937853107,89.26553672316385,88.47457627118645,53.672316384180796,90.62146892655367,82.68926553672318,76.64399092970523,58.115799992313306
9911,櫻花,五金及家具,82.6,29160735.78,True,26.301518438177872,72.01365187713311,6.72,2026-06-01,False,90.9090909090909,-1.0778443113772522,-0.0705960853966594,89.4907908992416,-0.5533333333333337,91.41242937853107,70.3954802259887,15.254237288135593,85.08474576271186,33.78531073446327,59.1864406779661,25.963718820861676,58.01635343402897
7750,新代,機械,2330.0,631875794.25,True,43.45794392523364,59.18088737201364,151.4,2026-06-01,False,75.75757575757575,12.832929782082324,0.0015155523120911109,75.8957654723127,39.890000000000015,76.27118644067797,94.68926553672317,45.76271186440678,55.81920903954802,93.44632768361582,73.19774011299435,94.44444444444444,57.96139359698681
1608,華榮,電纜,34.95,144002655.2225,True,0.13029315960912052,98.36177474402731,13.35,2026-06-01,False,100.0,2.643171806167418,-0.040193391469539826,86.18988902589398,3.6099999999999994,98.75706214689266,81.12994350282486,25.08474576271186,78.75706214689265,48.8135593220339,66.50847457627118,35.034013605442176,57.85454859910066
7711,永擎,電腦及週邊,375.0,101514205.7,True,1.7341040462427744,93.58361774744027,140.79,2026-06-01,False,96.49122807017544,21.951219512195124,-0.023609849071406765,70.09345794392523,102.89333333333332,95.9322033898305,98.87005649717514,31.52542372881356,40.56497175141243,97.85310734463278,72.9491525423729,93.7641723356009,57.847822744917174
6196,帆宣,電子設備,493.5,947580351.2,True,97.5054229934924,4.163822525597269,120.99,2026-06-01,False,6.8493150684931505,-10.10928961748634,0.03956303509409937,83.64406779661017,43.58333333333333,5.310734463276836,40.790960451977405,65.64971751412429,73.89830508474576,94.01129943502825,55.93220338983051,92.63038548752834,57.76211614589338
1232,大統益,油脂飼料,156.5,96845409.45,True,10.032537960954446,85.7679180887372,16.3,2026-06-01,False,90.0,7.560137457044673,0.041002880358444606,92.87833827893175,6.526666666666667,90.73446327683617,90.3954802259887,66.77966101694915,90.05649717514125,59.887005649717516,79.57062146892656,40.532879818594104,57.7320900111457
3219,倚強科,電子設備,69.4,18430761.41,True,19.296987087517934,77.74744027303754,26.07,2026-06-01,False,93.15068493150685,-11.366538952745838,-0.04295223649902057,63.37899543378997,-5.513333333333332,93.33333333333333,36.72316384180791,23.61581920903955,22.033898305084744,22.146892655367232,39.57062146892655,52.26757369614512,57.72791037318881
3617,碩天,電子零組件,232.0,126102916.1,True,79.04054825813822,31.126279863481226,25.6,2026-06-01,False,53.79310344827586,-4.132231404958678,0.04928935285186313,90.44834307992203,9.496666666666666,53.10734463276836,59.887005649717516,70.62146892655367,86.21468926553672,66.55367231638418,67.27683615819208,51.47392290249433,57.72723778777048
3023,信邦,電子零組件,318.0,520656472.975,True,66.86550976138828,41.160409556313994,17.59,2026-06-01,False,61.37931034482759,-2.4539877300613497,-0.03093942733877168,94.50222882615155,0.8933333333333309,61.24293785310735,65.42372881355932,29.265536723163844,92.65536723163842,38.079096045197744,57.333333333333336,42.17687074829932,57.66286175487144
2442,新美齊,建設,19.4,25152360.625,True,14.66121495327103,81.77474402730375,220.09,2026-06-01,False,83.05084745762711,0.7792207792207718,0.08155766603583281,64.66666666666666,97.56333333333332,84.06779661016948,76.49717514124293,80.45197740112995,26.214689265536723,97.74011299435028,72.99435028248588,96.25850340136054,57.51095353395595
1580,新麥,機械,112.5,10127789.45,True,3.633405639913232,90.68259385665529,3.17,2026-06-01,False,96.96969696969697,-10.0,-0.05436207175085837,75.50335570469798,9.153333333333334,96.15819209039547,41.186440677966104,19.661016949152543,54.80225988700565,65.5367231638418,55.46892655367232,20.068027210884352,57.46050962757984
5243,乙盛-KY,電子零組件,87.1,134688339.935,True,53.579175704989154,51.67235494880546,38.27,2026-06-01,False,75.17241379310344,-10.940695296523522,0.07361291532337697,64.51851851851852,29.560000000000002,75.70621468926554,38.30508474576271,78.75706214689265,25.423728813559322,90.3954802259887,61.71751412429378,67.00680272108843,57.457915369537645
6725,矽科宏晟,電子設備,245.5,43280268.925,True,40.0,61.70648464163823,15.91,2026-06-01,False,86.3013698630137,-19.639934533551553,-5.321557532809821e-05,60.024449877750605,18.61,87.57062146892656,14.689265536723164,44.293785310734464,16.497175141242938,81.58192090395481,48.92655367231639,39.342403628117914,57.180233675391065
2890,永豐金,金融控股,38.95,1540272294.9325001,True,98.42733188720173,2.7986348122866893,50.94,2026-06-01,False,23.076923076923077,-3.7082818294190356,0.13998047893133053,92.95942720763725,-22.723333333333343,23.785310734463277,61.694915254237294,90.05649717514125,90.28248587570621,8.47457627118644,54.85875706214689,76.30385487528345,57.16918405780392
1307,三芳,石化,32.5,21449146.527499996,True,16.54013015184382,80.27303754266212,11.11,2026-06-01,False,93.75,1.0886469673405956,0.07281006252909894,86.89839572192514,1.5099999999999998,93.61581920903956,77.17514124293785,78.30508474576271,80.22598870056498,39.887005649717516,73.84180790960453,31.97278911564626,57.15986394557824
4749,新應材,其他化學,809.0,745750884.75,True,12.0,83.82252559726963,24.61,2026-06-01,False,93.75,-6.581986143187067,0.03232222869743934,68.85106382978722,17.063333333333333,93.61581920903956,52.99435028248588,62.485875706214685,37.40112994350282,80.0,65.2994350282486,50.22675736961452,57.06233905991776
6914,阜爾運通,其他運儲,147.5,10885595.025,True,11.796733212341199,84.02730375426621,11.19,2026-06-01,False,84.17415342087077,3.508771929824561,0.16299071627804834,95.16129032258065,2.9000000000000004,85.08474576271186,83.2768361581921,92.31638418079096,93.89830508474576,45.64971751412429,80.045197740113,32.08616780045352,56.94809562242976
8210,勤誠,電子零組件,1115.0,1349810173.15,True,81.56182212581345,28.668941979522184,98.03,2026-06-01,False,50.3448275862069,-5.106382978723404,0.015926140771740514,71.70418006430869,51.373333333333335,50.847457627118644,57.175141242937855,53.22033898305085,44.293785310734464,95.48022598870057,60.20338983050848,89.79591836734694,56.94050501556555
6672,騰輝電子-KY,印刷電路板,229.0,676992822.575,True,97.92134831460673,3.6177474402730376,68.12,2026-06-01,False,7.317073170731707,-23.154362416107382,-0.08813302464700798,72.6984126984127,21.439999999999998,5.988700564971752,9.265536723163843,10.508474576271185,47.11864406779661,85.19774011299435,31.615819209039547,83.90022675736961,56.93550866674353
1514,亞力,電機製品,99.8,345410176.075,True,65.29284164859001,42.491467576791806,39.69,2026-06-01,False,45.45454545454545,-18.530612244897963,-0.07185894230140472,66.75585284280936,23.363333333333333,45.536723163841806,17.51412429378531,14.689265536723164,31.751412429378533,87.00564971751412,39.29943502824859,67.68707482993197,56.86527153234175
2633,台灣高鐵,陸運,25.8,166195749.23250002,True,11.062906724511931,84.91467576791808,2.77,2026-06-01,False,85.07256392536281,-3.3707865168539275,0.12431360701691212,89.89547038327527,-1.4033333333333329,85.87570621468926,62.93785310734463,87.909604519774,85.31073446327684,31.63841807909605,70.73446327683615,19.160997732426306,56.852396325761944
2618,長榮航,空運,44.4,2012217770.7675,True,27.536231884057973,70.98976109215018,26.58,2026-06-01,False,71.11264685556323,12.121212121212114,0.4058980743118546,98.88641425389754,4.053333333333331,71.52542372881356,94.4632768361582,100.0,97.51412429378531,50.282485875706215,82.75706214689265,52.721088435374156,56.824339905453705
7714,創泓科技,數位雲端,153.0,138328359.025,True,60.47745358090185,46.075085324232084,122.9,2026-06-01,False,20.833333333333336,-11.304347826086957,-0.005760636860524733,73.73493975903614,78.05666666666667,21.129943502824858,36.94915254237288,41.69491525423729,50.16949152542372,96.94915254237289,49.378531073446325,92.7437641723356,56.77351166455283
1709,和益,清潔劑,27.8,167527097.36000004,True,79.2299349240781,30.989761092150168,70.14,2026-06-01,False,40.0,13.934426229508206,0.0916603427775127,98.932384341637,43.870000000000005,39.66101694915255,95.36723163841808,82.03389830508473,97.6271186440678,94.12429378531073,81.76271186440678,84.58049886621315,56.62535070525386
3702,大聯大,電子通路,122.5,1478935145.45,True,77.27765726681129,32.081911262798634,131.85,2026-06-01,False,36.0,15.023474178403756,-0.010228161585787059,94.96124031007753,47.349999999999994,35.25423728813559,95.9322033898305,39.66101694915255,93.67231638418079,94.91525423728814,71.88700564971751,93.42403628117914,56.604596640916256
6143,振曜,光電及I/O,92.6,59227039.339999996,True,15.780911062906725,80.95563139931741,30.63,2026-06-01,False,85.71428571428571,-11.387559808612446,0.004269369591738715,60.921052631578945,17.939999999999998,86.61016949152543,36.610169491525426,47.005649717514125,17.627118644067796,81.01694915254237,53.77401129943503,58.730158730158735,56.58931934355663
3484,崧騰,電子零組件,51.7,22623149.8675,True,50.86767895878525,53.651877133105806,9.04,2026-06-01,False,76.55172413793103,-1.8975332068311195,0.02275363778074855,91.50442477876106,10.169999999999998,76.8361581920904,67.11864406779661,56.949152542372886,87.45762711864407,67.79661016949152,71.23163841807909,29.138321995464857,56.57836580960068
3706,神達,電腦及週邊,91.7,1197117847.905,True,72.45119305856834,36.21160409556314,80.93,2026-06-01,False,43.859649122807014,3.3821871476888385,0.11696558204471859,85.70093457943926,26.89666666666667,43.728813559322035,82.93785310734462,86.55367231638418,77.74011299435028,88.8135593220339,75.954802259887,87.6984126984127,56.5573715361851
3581,博磊,電子設備,110.5,58378225.410000004,True,75.85626052779337,33.58361774744027,95.44,2026-06-01,False,56.16438356164384,-16.917293233082706,0.027030133220949614,39.464285714285715,47.166666666666664,56.49717514124294,20.903954802259886,58.75706214689266,0.7909604519774011,94.68926553672317,46.32768361581922,89.68253968253968,56.516680118375035
6409,旭隼,電子零組件,1015.0,655425079.5,True,34.32754880694143,65.66552901023891,5.72,2026-06-01,False,85.51724137931035,-8.144796380090497,-0.008766631750715655,78.68217054263566,8.01,86.32768361581921,47.11864406779661,40.33898305084746,63.05084745762712,63.2768361581921,60.022598870056505,23.582766439909296,56.46066336138975
4771,望隼,醫療耗材,202.5,38398305.775,True,44.15807560137457,58.5665529010239,31.26,2026-06-01,False,31.428571428571427,-4.929577464788732,0.02941892962727069,94.18604651162791,-5.956666666666667,31.581920903954803,57.51412429378531,60.90395480225988,92.09039548022598,20.677966101694913,52.55367231638418,59.29705215419501,56.36381106114762
1402,遠東新,人纖,27.5,596159517.915,True,44.63123644251627,58.36177474402731,12.06,2026-06-01,False,75.0,0.18214936247723393,0.3755037080861145,94.01709401709401,-3.2200000000000006,75.36723163841808,74.57627118644068,99.77401129943503,91.41242937853107,27.796610169491526,73.78531073446328,33.21995464852608,56.355836119758635
2059,川湖,金屬製品,11110.0,5335421486.75,True,97.99349240780911,3.48122866894198,220.52,2026-06-01,False,28.57142857142857,34.66666666666667,0.021271763395515748,100.0,63.28333333333333,28.8135593220339,99.66101694915255,56.271186440677965,99.2090395480226,96.38418079096044,76.0677966101695,96.3718820861678,56.183366001767936
9958,世紀鋼,基本金屬,113.5,199023920.375,True,1.9522776572668112,92.96928327645051,64.09,2026-06-01,False,94.73684210526315,-2.9914529914529915,0.07930187131448163,56.89223057644111,22.360000000000007,94.85875706214689,64.18079096045197,80.11299435028249,11.751412429378531,85.98870056497175,67.37853107344633,82.08616780045351,56.128886582881734
5609,中菲行,貨運倉儲,79.0,13915563.01,True,56.83297180043384,48.80546075085324,35.26,2026-06-01,False,42.857142857142854,0.1267427122940359,0.2225935208129341,94.15971394517283,6.496666666666666,42.59887005649718,74.46327683615819,95.59322033898306,91.9774011299435,59.66101694915255,72.8587570621469,64.28571428571429,56.0996771589992
4542,科嶠,電子設備,290.0,219201611.65,True,89.89037758830695,18.156996587030715,102.05,2026-06-01,False,32.87671232876712,-20.656634746922027,-0.04439982949249444,58.70445344129555,46.39,32.54237288135593,12.88135593220339,23.502824858757062,14.01129943502825,94.4632768361582,35.48022598870057,90.47619047619048,56.03712671509281
6498,久禾光,消費性電子,74.5,12081770.69,True,1.6722408026755853,93.72013651877134,8.38,2026-06-01,False,100.0,-18.845315904139433,0.09340811554833695,58.43137254901961,-16.576666666666668,98.75706214689266,16.610169491525422,82.71186440677965,13.67231638418079,11.412429378531073,44.63276836158192,28.2312925170068,56.012625389138705
1529,樂事綠能,電機製品,17.15,12022371.885,True,0.22185246810870773,98.08873720136518,4.51,2026-06-01,False,100.0,-21.149425287356326,-0.08766018581946951,58.833619210977695,-25.77666666666667,98.75706214689266,11.864406779661017,10.734463276836157,14.463276836158192,7.5706214689265545,28.67796610169492,22.05215419501134,55.8520215996003
4583,台灣精銳,機械,503.0,85671590.3,True,55.12572533849129,50.51194539249146,29.98,2026-06-01,False,66.66666666666666,-16.996699669966997,0.27788885876469677,61.869618696186954,6.006666666666668,66.7231638418079,20.677966101694913,98.30508474576271,19.322033898305087,57.6271186440678,52.53107344632768,57.993197278911566,55.84010722933241
8383,千附,電子設備,70.0,452699320.65,True,84.36018957345972,25.25597269624573,200.07,2026-06-01,False,42.465753424657535,0.4304160688665669,0.04668034377054716,77.43362831858407,105.24666666666666,42.259887005649716,75.2542372881356,69.03954802259888,60.11299435028249,97.96610169491525,68.92655367231639,95.80498866213152,55.730908182482025
2607,榮運,貨運倉儲,47.9,19581120.93,True,20.17353579175705,77.06484641638225,25.41,2026-06-01,False,85.71428571428571,3.344120819848969,0.20823357235882445,80.77571669477234,5.366666666666667,86.61016949152543,82.71186440677965,94.57627118644068,67.68361581920904,54.91525423728814,77.29943502824858,51.247165532879826,55.707271609208654
4506,崇友,其他電製品,122.5,13413489.975,True,70.71583514099783,38.15699658703072,12.28,2026-06-01,False,71.42857142857143,-0.40650406504065045,0.28747180924437826,92.45283018867924,6.556666666666667,71.9774011299435,72.7683615819209,98.64406779661017,89.37853107344634,60.11299435028249,78.57627118644068,33.6734693877551,55.565260002306005
7703,銳澤,電子設備,178.0,27781419.2,True,39.90498812351544,61.774744027303754,25.14,2026-06-01,False,87.67123287671232,-11.442786069651742,-0.08730161868476673,61.5916955017301,10.686666666666667,88.70056497175142,36.271186440677965,11.073446327683616,18.983050847457626,69.26553672316385,44.85875706214689,50.79365079365079,55.55152004304547
6491,晶碩,醫療耗材,373.0,206689344.05,True,41.21540312876053,60.95563139931741,33.94,2026-06-01,False,34.285714285714285,-0.5333333333333333,0.16831722225166199,98.41688654353563,3.756666666666664,34.18079096045198,72.42937853107345,92.65536723163842,97.06214689265536,49.49152542372882,69.1638418079096,63.15192743764172,55.49137168991891
2488,漢平,消費性電子,49.0,11999827.040000001,True,46.691973969631235,56.587030716723554,36.22,2026-06-01,False,50.0,1.2396694214876063,0.13824890335275,89.25318761384335,5.396666666666665,49.83050847457628,77.85310734463276,89.71751412429379,84.7457627118644,55.028248587570616,71.43502824858757,65.19274376417233,55.47897690149506
6285,啟碁,通信網路,233.0,2112342190.6,True,93.38394793926247,14.061433447098976,84.37,2026-06-01,False,24.489795918367346,-10.556621880998081,-0.011205745955341202,73.04075235109718,39.42333333333334,24.74576271186441,39.43502824858757,39.09604519774012,47.909604519774014,93.22033898305084,48.88135593220339,87.98185941043084,55.300549598370424
9917,中保科,保全,108.0,71087161.55,True,1.572668112798265,93.92491467576792,2.56,2026-06-01,False,93.91845196959227,0.46511627906976744,0.23970462618916855,88.52459016393442,0.29666666666666686,94.23728813559322,75.48022598870057,97.17514124293785,83.72881355932203,36.045197740113,77.33333333333334,18.70748299319728,55.298339674853
6741,91APP*-KY,數位雲端,55.5,19605733.095,True,0.5524861878453038,96.58703071672356,32.45,2026-06-01,False,87.5,-7.5,0.23393443264982655,62.99659477866062,0.393333333333338,88.4180790960452,50.056497175141246,96.72316384180792,21.35593220338983,36.271186440677965,58.56497175141243,60.997732426303855,55.17881163764942
6994,富威電力,公用事業,36.1,20005520.21,True,0.2652519893899204,97.8839590443686,26.62,2026-06-01,False,100.0,-12.801932367149751,-0.05900012031430514,35.56650246305419,-4.876666666666669,98.75706214689266,31.751412429378533,18.64406779661017,0.4519774011299435,23.61581920903955,34.64406779661017,53.2312925170068,55.17222990891271
2027,大成鋼,基本金屬,46.6,882143402.0075,True,53.125,52.218430034129696,43.73,2026-06-01,False,47.368421052631575,16.500000000000004,0.21828319432673468,100.0,2.4199999999999946,47.06214689265536,96.38418079096044,95.25423728813558,99.2090395480226,43.84180790960452,76.35028248587571,70.63492063492063,55.130481571159535
2880,華南金,金融控股,44.4,1154327032.8475,True,86.8763557483731,21.706484641638223,,2026-06-01,False,61.53846153846154,14.285714285714276,0.10204072572436997,100.0,17.623333333333335,61.63841807909605,95.48022598870057,84.85875706214689,99.2090395480226,80.67796610169492,84.37288135593221,,55.122410546139356
7768,頌勝科技,樹脂,257.0,32421896.025,True,16.923076923076923,79.5221843003413,11.91,2026-06-01,False,85.71428571428571,-26.676176890156917,0.11476671597370733,52.610030706243606,5.323333333333334,86.61016949152543,5.762711864406779,86.21468926553672,6.440677966101695,54.57627118644067,47.920903954802256,32.99319727891156,55.07033321803297
6667,信紘科,電子設備,230.0,53164579.7,True,23.318872017353577,74.26621160409556,-2.5,2026-06-01,False,91.78082191780823,-9.803921568627452,-0.018341986845888777,76.41196013289037,-5.23,92.31638418079096,42.03389830508474,34.01129943502825,57.175141242937855,22.71186440677966,49.6497175141243,12.698412698412698,55.039009954264195
3045,台灣大,通信網路,111.5,1544935245.025,True,11.225596529284164,84.50511945392492,6.57,2026-06-01,False,85.71428571428571,2.7649769585253456,0.35083508826090753,92.5311203319502,2.4833333333333334,86.61016949152543,81.58192090395481,99.54802259887006,89.49152542372882,44.06779661016949,80.25988700564972,25.45351473922903,54.99332218763212
2606,裕民,海運,67.5,245823017.36000004,True,38.17787418655097,63.13993174061433,35.52,2026-06-01,False,54.54545454545454,6.973058637083991,0.32097283934791637,93.10344827586206,-3.136666666666663,54.40677966101695,89.49152542372882,99.2090395480226,90.5084745762712,28.24858757062147,72.37288135593221,64.39909297052154,54.95570544602022
6679,鈺太,半導體,209.5,76414530.125,True,3.569405099150141,91.0580204778157,9.93,2026-06-01,False,94.61538461538461,-15.863453815261044,-0.011177273001583863,60.63675832127352,-1.0700000000000003,94.68926553672317,22.48587570621469,39.2090395480226,17.28813559322034,32.7683615819209,41.28813559322034,30.272108843537417,54.94090856681656
6829,千附精密,電子設備,191.5,373771524.65,True,93.84328358208955,13.378839590443686,69.4,2026-06-01,False,26.027397260273972,-13.73873873873874,-0.0021963423148115427,68.88489208633094,24.46666666666667,26.440677966101696,28.587570621468927,43.27683615819209,37.514124293785315,87.79661016949153,44.72316384180791,84.35374149659864,54.93024328375419
6227,茂綸,電子通路,123.0,51332429.675,True,83.35140997830803,26.68941979522184,84.61,2026-06-01,False,24.0,2.0746887966804977,0.0854828068059591,90.7749077490775,44.263333333333335,24.40677966101695,79.66101694915254,81.01694915254237,86.66666666666667,94.23728813559322,73.19774011299435,88.09523809523809,54.876916868442294
4541,晟田,機車船製造,65.9,832094628.7,True,65.43110394842869,42.25255972696246,58.68,2026-06-01,False,50.0,8.032786885245912,-0.0009652332874877802,87.0541611624835,20.836666666666666,49.83050847457628,90.84745762711864,43.84180790960452,80.45197740112995,84.85875706214689,69.96610169491525,79.93197278911565,54.841750259425815
2330,台積電,半導體,2370.0,98299636633.25,True,96.20390455531454,8.054607508532422,67.87,2026-06-01,False,11.153846153846155,-1.8633540372670807,-0.0875427375802982,94.42231075697211,29.383333333333333,10.338983050847457,67.57062146892655,10.847457627118644,92.54237288135593,90.28248587570621,54.31638418079096,83.78684807256236,54.7743956339598
4534,慶騰,機械,34.3,98702358.62249999,True,74.88584474885845,34.129692832764505,112.04,2026-06-01,False,39.39393939393939,2.0833333333333206,-0.03423264170268992,80.99173553719007,52.79666666666667,38.87005649717514,79.77401129943503,27.796610169491526,68.13559322033899,95.81920903954803,62.079096045197744,91.60997732426304,54.71040393558553
5871,中租-KY,租賃,109.0,1100948540.425,True,18.926247288503255,78.08873720136519,-0.82,2026-06-01,False,78.2308223911541,-4.8034934497816595,0.22372320369072918,88.25910931174089,0.31000000000000016,78.98305084745762,58.30508474576271,95.70621468926554,82.82485875706215,36.15819209039548,70.39548022598869,15.079365079365079,54.64554748453053
6719,力智,半導體,213.5,401428510.275,True,17.828054298642535,79.24914675767918,-3.56,2026-06-01,False,84.61538461538461,-19.887429643527206,0.002168090539654187,68.32000000000001,4.866666666666665,85.48022598870057,14.124293785310735,46.32768361581921,35.706214689265536,53.44632768361583,47.01694915254238,11.45124716553288,54.628348514547056
2637,慧洋-KY,海運,87.9,236193766.29000002,True,67.29934924078091,40.989761092150175,57.92,2026-06-01,False,27.27272727272727,5.903614457831332,0.210546744341768,100.0,16.24666666666667,27.74011299435028,88.13559322033898,94.80225988700565,99.2090395480226,79.2090395480226,77.81920903954801,79.36507936507937,54.54465967177832
2105,正新,輪胎,31.4,365366499.79499996,True,22.342733188720175,75.2901023890785,15.01,2026-06-01,False,80.0,-3.08641975308642,0.12351193343370757,78.59824780976219,6.286666666666665,80.90395480225989,63.61581920903955,87.68361581920904,62.93785310734463,58.8135593220339,70.79096045197738,37.641723356009074,54.46692801414351
2031,新光鋼,基本金屬,45.0,58593314.20250001,True,10.53921568627451,85.39249146757679,7.82,2026-06-01,False,86.8421052631579,17.34028683181225,0.2940414090337036,100.0,0.5166666666666684,87.79661016949153,96.8361581920904,98.75706214689266,99.2090395480226,36.72316384180791,83.86440677966101,27.66439909297052,54.458472654598566
2312,金寶,電腦及週邊,31.3,578551413.85,True,55.75793184488836,49.76109215017065,32.7,2026-06-01,False,59.64912280701754,-7.941176470588234,0.05079876641682415,72.11981566820278,25.663333333333334,59.09604519774011,48.47457627118644,71.63841807909604,45.64971751412429,88.24858757062147,62.62146892655367,61.281179138321995,54.38809139474999
6691,洋基工程,電子設備,735.0,506856456.35,True,94.69901168014376,11.604095563139932,115.19,2026-06-01,False,20.54794520547945,3.8135593220338984,-0.09502658216408817,92.22082810539524,27.10666666666667,20.903954802259886,84.06779661016948,9.03954802259887,88.58757062146893,89.37853107344634,58.39548022598869,91.9501133786848,54.34346054806103
1795,美時,藥,188.0,327187882.4,True,9.219088937093275,86.3481228668942,225.46,2026-06-01,False,63.63636363636363,-7.8431372549019605,0.011214356957235461,51.790633608815426,108.40666666666667,63.78531073446327,48.92655367231639,51.07344632768361,5.875706214689266,98.07909604519774,53.548022598870055,96.5986394557823,54.33327568315461
2641,正德,海運,17.3,19983458.4475,True,21.020521353300055,76.17747440273037,4.73,2026-06-01,False,100.0,-3.621169916434533,-0.04152280070463566,76.54867256637168,0.9333333333333336,98.75706214689266,62.14689265536724,24.63276836158192,57.85310734463277,38.30508474576271,56.33898305084747,22.56235827664399,54.25640877820055
6205,詮欣,電子零組件,59.9,38126796.904999994,True,65.8351409978308,42.04778156996587,34.36,2026-06-01,False,63.44827586206897,-13.812949640287773,0.18410660724331573,60.9979633401222,31.92,63.502824858757066,28.361581920903955,93.67231638418079,17.966101694915253,91.18644067796609,58.93785310734463,63.49206349206349,54.149852031207956
4961,天鈺,半導體,172.5,110415247.275,True,77.11496746203905,32.21843003412969,24.76,2026-06-01,False,44.61538461538462,-1.9886363636363635,0.08880195015636605,91.75531914893617,17.59,44.85875706214689,66.66666666666666,81.69491525423729,87.79661016949153,80.45197740112995,72.29378531073448,50.45351473922902,54.1105538260502
8341,日友,資源回收,76.0,17184081.4,True,3.524945770065076,91.160409556314,6.99,2026-06-01,False,86.95652173913044,-0.7832898172323686,0.15843250640982756,83.06010928961749,-16.006666666666668,88.13559322033898,71.63841807909604,91.63841807909604,72.54237288135593,11.977401129943503,67.18644067796609,26.303854875283445,53.835850724470575
6805,富世達,電子零組件,1670.0,2009807171.25,True,16.691729323308273,79.93174061433447,32.66,2026-06-01,False,95.17241379310344,14.383561643835616,-0.02261698793317619,75.39503386004515,-10.31666666666667,95.14124293785311,95.59322033898306,32.20338983050847,54.35028248587571,15.706214689265538,58.59887005649718,61.111111111111114,53.752354048964214
3324,雙鴻,電子零組件,1015.0,2593416207.4,True,65.88937093275487,41.979522184300336,62.13,2026-06-01,False,62.758620689655174,10.326086956521738,0.06785293770070444,79.296875,-3.463333333333331,62.59887005649718,93.33333333333333,75.81920903954801,63.954802259887,26.892655367231637,64.51977401129942,81.51927437641724,53.68490333986702
2867,三商壽,壽險,9.81,196948984.588,True,91.64054336468129,16.109215017064844,154.94,2026-05-01,False,16.1022805805114,10.722347629796852,0.35431252999563667,99.0909090909091,144.58666666666667,15.706214689265538,93.67231638418079,99.66101694915255,98.07909604519774,98.41807909604519,81.10734463276836,94.5578231292517,53.667704369883545
6166,凌華,電腦及週邊,141.0,716701920.7,True,47.39524348810872,56.31399317406144,25.89,2026-06-01,False,71.9298245614035,4.83271375464684,0.008493265548969868,84.68468468468468,-30.279999999999994,72.54237288135593,86.10169491525423,49.94350282485876,75.9322033898305,6.101694915254238,58.12429378531074,51.92743764172335,53.57507974941389
2355,敬鵬,印刷電路板,40.45,183684841.745,True,42.02247191011236,60.4778156996587,4.44,2026-06-01,False,87.8048780487805,-20.21696252465483,0.044240011400689665,60.37313432835821,0.04999999999999982,89.03954802259886,13.333333333333334,67.79661016949152,16.836158192090394,35.48022598870057,44.49717514124294,21.65532879818594,53.549425419885466
2897,王道銀行,本國銀行,10.15,61029754.642500006,True,61.117136659436014,45.665529010238906,14.1,2026-06-01,False,44.44444444444444,-3.7914691943127994,0.07866991609905838,95.30516431924883,-13.699999999999998,44.632768361581924,61.016949152542374,79.66101694915254,94.12429378531073,13.446327683615818,58.57627118644068,36.16780045351474,53.47697836196625
6412,群電,電子零組件,78.2,102318770.78999999,True,32.75488069414317,66.55290102389078,-0.77,2026-06-01,False,86.89655172413792,-11.936936936936931,-0.13618034497164028,72.07373271889401,6.843333333333334,87.909604519774,34.80225988700565,4.406779661016949,45.536723163841806,60.90395480225988,46.71186440677966,15.249433106575964,53.47337522579653
3036,文曄,電子通路,211.5,2496503638.575,True,66.64859002169197,41.43344709897611,188.09,2026-06-01,False,52.0,0.0,-0.0787490040610872,70.1492537313433,48.26333333333332,51.63841807909605,74.01129943502825,12.54237288135593,40.90395480225989,95.02824858757062,54.824858757062145,95.3514739229025,53.47063684230754
2357,華碩,電腦及週邊,817.0,3631975359.05,True,63.55748373101952,43.7542662116041,55.63,2026-06-01,False,50.877192982456144,19.444444444444446,0.26259843735504546,87.75510204081633,18.75,51.186440677966104,97.85310734463278,97.96610169491525,81.58192090395481,81.92090395480226,82.10169491525424,78.68480725623583,53.40001537338099
6213,聯茂,印刷電路板,389.0,7264746822.525,True,95.5531453362256,9.658703071672354,47.94,2026-06-01,False,19.51219512195122,1.0389610389610389,-0.012797571221351833,98.23232323232324,17.596666666666664,19.322033898305087,76.94915254237287,38.079096045197744,96.94915254237289,80.56497175141243,62.3728813559322,73.9795918367347,53.32540643375995
5534,長虹,建設,78.4,48194233.99999999,True,84.3817787418655,25.119453924914676,124.21,2026-06-01,False,6.779661016949152,-1.0101010101010066,0.07049891086048794,90.11494252873564,-72.57666666666667,5.084745762711865,70.73446327683615,77.17514124293785,85.53672316384181,2.711864406779661,48.24858757062147,92.97052154195012,53.214381797916914
2615,萬海,海運,84.9,843279862.22,True,51.01449275362319,53.37883959044368,32.7,2026-06-01,False,45.45454545454545,5.597014925373134,0.24460291760670091,94.22863485016649,9.816666666666666,45.536723163841806,87.34463276836159,97.6271186440678,92.31638418079096,67.57062146892655,78.07909604519776,61.281179138321995,52.94741342864829
3035,智原,半導體,172.0,1112714539.35,True,92.5704989154013,14.880546075085324,26.57,2026-06-01,False,21.53846153846154,-20.37037037037037,-0.01057328467352644,73.8197424892704,47.11,21.694915254237287,13.220338983050848,39.43502824858757,50.50847457627119,94.57627118644068,43.887005649717516,52.60770975056689,52.89769014950613
6579,研揚,電腦及週邊,171.5,207659789.975,True,85.08676789587852,24.02730375426621,47.1,2026-06-01,False,26.31578947368421,2.083333333333333,0.06623209492699421,93.46049046321527,12.86333333333333,26.892655367231637,79.88700564971751,75.48022598870057,90.96045197740112,73.5593220338983,69.35593220338983,73.35600907029477,52.83052769130251
3231,緯創,電腦及週邊,183.5,17264701655.8,True,75.10845986984816,33.99317406143344,53.85,2026-06-01,False,40.35087719298245,26.989619377162633,0.15051217459367286,94.1025641025641,-14.509999999999998,40.33898305084746,99.32203389830508,90.84745762711864,91.86440677966101,12.88135593220339,67.05084745762713,78.00453514739229,52.72147276989892
6244,茂迪,光電及I/O,23.1,84136717.035,True,84.6212700841622,24.573378839590443,65.82,2026-06-01,False,31.428571428571427,-14.444444444444441,-0.016468082119206404,63.63636363636365,26.919999999999995,31.581920903954803,26.55367231638418,34.80225988700565,22.598870056497177,88.92655367231639,40.89265536723164,82.99319727891157,52.65507898074485
6613,朋億*,電子設備,276.0,158244349.575,True,97.88503253796095,3.6860068259385668,120.45,2026-06-01,False,5.47945205479452,-14.018691588785046,-0.11547612150217734,70.76923076923077,42.78666666666666,3.954802259887006,27.796610169491526,6.3276836158192085,41.920903954802256,93.89830508474576,34.77966101694915,92.40362811791383,52.62068104077788
9925,新保,保全,40.05,24088118.105,True,43.600867678958785,59.044368600682596,3.31,2026-06-01,False,59.15687629578438,-3.0266343825665865,0.12193614471710995,96.50602409638553,0.5066666666666668,58.644067796610166,63.84180790960452,87.2316384180791,95.36723163841808,36.610169491525426,68.33898305084746,20.294784580498867,52.61606902648065
1476,儒鴻,成衣,347.0,639113053.925,True,0.27114967462039047,97.81569965870307,14.42,2026-06-01,False,100.0,3.582089552238806,0.10617496932093257,76.76991150442478,10.63,98.75706214689266,83.72881355932203,85.42372881355932,58.4180790960452,69.15254237288136,79.09604519774011,36.848072562358276,52.57360006149352
7792,安葆,電機製品,207.0,36674361.8,True,6.4,87.91808873720136,28.27,2026-06-01,False,81.81818181818183,-12.101910828025478,0.22256488886728884,50.98522167487685,16.66,82.82485875706215,34.12429378531073,95.48022598870057,5.423728813559322,79.66101694915254,59.50282485875706,55.55555555555556,52.41996233521657
2537,聯上發,建設,11.05,10584474.1125,True,79.26136363636364,30.853242320819113,57.68,2026-06-01,False,15.254237288135593,-1.3392857142857018,0.18192131533505104,89.11290322580645,-1771.9133333333332,14.915254237288137,69.6045197740113,93.44632768361582,84.51977401129943,0.4519774011299435,52.587570621468934,79.25170068027211,52.270552288712096
2542,興富發,建設,44.3,368917444.985,True,38.611713665943604,62.525597269624576,16.47,2026-06-01,False,54.23728813559322,1.6055045871559532,0.04595085131360185,94.75935828877004,-2052.976666666667,53.78531073446327,78.64406779661017,68.7005649717514,93.10734463276836,0.3389830508474576,58.915254237288124,40.816326530612244,52.26622852530842
2421,建準,電子零組件,151.5,364147362.425,True,32.86334056399132,66.48464163822526,18.65,2026-06-01,False,86.20689655172413,6.315789473684211,0.12986062795420616,79.94722955145119,2.4599999999999973,87.45762711864407,88.58757062146893,88.58757062146893,65.87570621468927,43.954802259887,74.89265536723164,43.480725623582764,52.0566220838618
6515,穎崴,半導體,6760.0,2680688092.25,True,93.60594795539033,13.85665529010239,287.9,2026-06-01,False,20.76923076923077,-12.942691564713456,-0.05750023236027998,62.621584066697544,135.16666666666666,21.01694915254237,31.07344632768362,19.2090395480226,20.33898305084746,98.30508474576271,37.98870056497175,97.39229024943312,51.91869403128483
3515,華擎,電腦及週邊,212.5,103965362.8,True,27.386117136659436,71.12627986348123,47.6,2026-06-01,False,87.71929824561403,0.7109004739336493,0.07021826604118005,62.96296296296296,52.74,88.92655367231639,76.15819209039549,76.94915254237287,21.242937853107343,95.70621468926554,71.79661016949152,73.58276643990929,51.898516468734385
4939,亞電,印刷電路板,60.8,1374614029.9299998,True,85.12987012987013,23.959044368600683,44.18,2026-06-01,False,53.65853658536586,7.4204946996466346,0.004399076299446481,83.51648351648352,19.54,52.99435028248588,90.05649717514125,47.11864406779661,73.44632768361582,83.1638418079096,69.35593220338983,71.08843537414967,51.868154041277535
3037,欣興,印刷電路板,955.0,24356882855.85,True,86.55097613882863,22.116040955631398,36.31,2026-06-01,False,51.21951219512195,9.142857142857142,0.00886913309614246,88.0184331797235,4.20333333333334,51.41242937853108,91.75141242937853,50.056497175141246,82.25988700564972,50.960451977401135,65.28813559322035,65.41950113378685,51.835101272147284
6163,華電網,通信網路,40.65,61286154.685,True,72.23427331887203,36.45051194539249,61.38,2026-06-01,False,51.02040816326531,-12.012987012987022,0.06391142261972944,54.8582995951417,31.44666666666667,51.29943502824859,34.3502824858757,74.68926553672316,8.813559322033898,91.07344632768361,52.045197740113,81.17913832199547,51.735462546600566
1590,亞德客-KY,機械,1545.0,1438097379.5,True,75.97613882863341,33.27645051194539,44.88,2026-06-01,False,36.36363636363637,20.703125,0.02813056795988021,99.03846153846155,8.046666666666667,35.6497175141243,98.53107344632768,60.0,97.85310734463278,63.72881355932203,71.15254237288136,71.7687074829932,51.68511472385565
4721,美琪瑪,其他化學,71.7,39502739.24499999,True,14.114114114114114,82.25255972696246,-19.35,2026-06-01,False,87.5,-13.92557022809123,-0.13620374592695786,70.990099009901,-2.9733333333333327,88.4180790960452,27.90960451977401,4.293785310734463,42.3728813559322,28.926553672316384,38.38418079096045,3.5147392290249435,51.599023790307086
5306,桂盟,自行車組件,94.7,31183317.435000002,True,63.44902386117137,44.027303754266214,31.67,2026-06-01,False,44.16033172080166,9.47976878612717,0.0474310814428585,95.46370967741935,15.810000000000002,44.293785310734464,92.20338983050847,69.83050847457626,94.4632768361582,78.53107344632768,75.86440677966102,59.750566893424036,51.576059802452065
2485,兆赫,通信網路,40.5,244102260.7625,True,90.39145907473309,17.474402730375427,80.93,2026-06-01,False,30.612244897959183,-18.8376753507014,0.0884662317298448,49.693251533742334,37.43000000000001,30.847457627118647,16.72316384180791,81.58192090395481,4.293785310734463,92.88135593220339,45.26553672316385,87.6984126984127,51.52912294861447
2374,佳能,消費性電子,70.0,233482709.56,True,27.768595041322314,70.51194539249147,18.97,2026-06-01,False,85.0,-6.666666666666667,0.011938925111608637,65.42056074766354,-17.47,85.76271186440678,52.48587570621469,51.52542372881356,28.474576271186443,11.073446327683616,45.864406779661024,43.93424036281179,51.421413198047574
3594,磐儀,電腦及週邊,60.0,128530861.44749999,True,82.64264264264264,27.235494880546074,43.85,2026-06-01,False,31.57894736842105,16.50485436893204,0.04994772946034806,100.0,-5.313333333333333,31.864406779661014,96.49717514124293,71.1864406779661,99.2090395480226,22.48587570621469,64.24858757062147,70.74829931972789,51.33114262654214
6179,亞通,工程承攬,27.05,39833254.8475,True,95.03239740820734,11.126279863481228,229.22,2026-06-01,False,16.666666666666664,-3.220035778175308,-0.014959700785672183,75.7703081232493,89.10999999999999,16.327683615819208,63.389830508474574,36.15819209039548,55.59322033898305,97.17514124293785,53.72881355932204,96.71201814058958,51.31077289672932
6922,宸曜,電腦及週邊,185.5,37468711.275,True,61.804511278195484,45.11945392491468,39.41,2026-06-01,False,52.63157894736842,4.507042253521127,0.06717003811570303,82.07964601769912,-12.003333333333337,52.259887005649716,85.19774011299435,75.70621468926554,70.3954802259887,14.463276836158192,59.604519774011294,67.46031746031747,51.229486144740385
6122,擎邦,工程承攬,47.05,22735769.777499996,True,24.48295136948016,73.17406143344711,20.25,2026-06-01,False,50.0,-9.16988416988417,-0.047503355070733284,75.03987240829345,24.19333333333333,49.83050847457628,43.954802259887,22.033898305084744,53.44632768361583,87.57062146892656,51.36723163841808,45.46485260770975,51.19672162650372
2883,凱基金,金融控股,30.85,1499960797.5875,True,94.57700650759219,11.80887372013652,,2026-06-01,False,38.46153846153847,2.6622296173044946,0.2436122172289438,97.62658227848101,-55.833333333333314,37.90960451977401,81.24293785310735,97.51412429378531,96.27118644067797,3.84180790960452,63.35593220338984,,50.97928436911488
2364,倫飛,電腦及週邊,72.0,13948816.98,True,28.756290438533426,69.82935153583618,60.06,2026-06-01,False,84.21052631578947,5.88235294117647,0.17283324885960466,64.57399103139014,21.990000000000002,85.19774011299435,88.0225988700565,92.99435028248587,25.875706214689266,85.64971751412429,75.54802259887006,80.38548752834467,50.85908374649295
6933,AMAX-KY,電腦及週邊,164.5,94588908.875,True,16.666666666666664,80.0,26.6,2026-06-01,False,89.47368421052632,4.444444444444445,0.0007891947685935848,71.83406113537117,-23.383333333333326,90.28248587570621,84.85875706214689,44.85875706214689,44.51977401129943,8.135593220338983,54.53107344632768,52.89115646258503,50.70866482186095
1723,中碳,其他化學,84.8,84555612.44500001,True,81.77874186550976,28.56655290102389,32.12,2026-06-01,False,25.0,0.47393364928908943,0.09916755870548498,94.22222222222221,-11.700000000000003,25.480225988700568,75.59322033898304,84.18079096045197,92.20338983050847,14.689265536723164,58.42937853107344,60.544217687074834,50.6586532918252
2834,臺企銀,本國銀行,16.5,824503094.825,True,51.89804772234273,53.07167235494881,-7.72,2026-06-01,False,55.55555555555556,-8.077994428969355,-0.09871380356024956,90.41095890410958,-14.620000000000001,55.48022598870056,47.344632768361585,8.361581920903955,86.10169491525423,12.54237288135593,41.96610169491525,8.390022675736962,50.656827702832544
5880,合庫金,金融控股,26.2,689025806.4050001,True,61.82212581344903,45.051194539249146,-8.4,2026-06-01,False,84.61538461538461,4.174950298210739,0.30905642736353073,94.92753623188405,-39.89,85.48022598870057,84.51977401129943,98.87005649717514,93.44632768361582,4.632768361581921,73.38983050847457,7.936507936507936,50.58582189938122
3034,聯詠,半導體,542.0,2718529395.15,True,84.54446854663775,24.7098976109215,18.96,2026-06-01,False,38.46153846153847,0.0,0.2093063847660734,95.59082892416225,9.136666666666668,37.90960451977401,74.01129943502825,94.68926553672317,94.57627118644068,65.42372881355932,73.32203389830508,43.76417233560091,50.559687151696835
2337,旺宏,半導體,121.5,9157418628.28,True,99.830220713073,1.023890784982935,216.09,2026-06-01,False,0.7692307692307693,-15.33101045296167,-0.04984482881617391,65.49865229110512,34.22333333333333,0.22598870056497175,23.502824858757062,21.129943502824858,28.926553672316384,91.86440677966101,33.12994350282486,96.14512471655328,50.44871055766939
1568,倉佑,汽車組件,27.9,20731218.305,True,45.43869843114468,57.47440273037543,18.2,2026-06-01,False,72.22222222222221,-15.19756838905775,0.12412728104103744,56.024096385542165,-0.5399999999999991,72.82485875706215,23.84180790960452,87.79661016949153,10.16949152542373,33.89830508474576,45.70621468926553,42.63038548752834,50.445731965102425
6187,萬潤,電子設備,1130.0,2674924564.4,True,88.93709327548807,19.215017064846414,87.06,2026-06-01,False,35.61643835616438,7.6190476190476195,0.02909266349093375,81.29496402877699,34.73666666666667,35.02824858757062,90.62146892655367,60.67796610169491,68.92655367231639,91.9774011299435,69.44632768361582,88.43537414965986,50.4421768707483
6206,飛捷,電腦及週邊,144.0,380207984.85,True,68.76355748373102,39.351535836177476,26.29,2026-06-01,False,45.614035087719294,9.505703422053232,0.07912784551744777,97.2972972972973,-12.376666666666665,45.87570621468927,92.42937853107345,80.0,95.81920903954803,14.237288135593221,65.67231638418079,52.38095238095239,50.411622276029064
4167,松瑞藥,藥,19.75,24382415.39,True,20.83969465648855,76.45051194539249,-0.18,2026-06-01,False,54.54545454545454,-5.7279236276849606,-0.0497038738991199,90.38901601830663,14.023333333333333,54.40677966101695,55.14124293785311,21.242937853107343,85.87570621468926,74.80225988700565,58.293785310734464,16.213151927437643,50.33859871632268
3093,港建*,電子設備,47.4,39347500.537499994,True,96.90889370932754,6.006825938566553,92.31,2026-06-01,False,13.698630136986301,-15.957446808510639,0.031245050721777308,62.698412698412696,86.42333333333333,12.994350282485875,22.146892655367232,61.694915254237294,20.677966101694913,97.06214689265536,42.91525423728814,89.34240362811792,50.21695683923287
8289,泰藝,電子零組件,41.9,46046311.957499996,True,86.33241758241759,22.18430034129693,29.88,2026-06-01,False,37.93103448275862,-30.166666666666668,0.08268737292841974,55.350066050198144,21.75333333333333,37.514124293785315,4.067796610169491,80.67796610169492,9.6045197740113,85.31073446327684,43.43502824858758,57.709750566893426,50.19014950613013
6532,瑞耘,電子設備,82.1,22143486.170000006,True,8.839479392624728,86.48464163822526,18.65,2026-06-01,False,100.0,5.256410256410248,0.023013589499212433,72.01754385964911,-8.220000000000006,98.75706214689266,86.77966101694915,57.175141242937855,45.19774011299435,17.51412429378531,61.08474576271186,43.480725623582764,50.163966716630156
2535,達欣工,營造,90.1,32562667.060000002,True,31.941431670281993,67.57679180887372,19.94,2026-06-01,False,43.75,1.8079096045197676,-0.009028040928462334,93.17476732161323,19.6,43.44632768361582,78.98305084745762,40.225988700564976,90.62146892655367,83.38983050847457,67.33333333333334,44.89795918367347,49.99567623659634
3017,奇鋐,電子零組件,2785.0,11011667490.0,True,94.95661605206074,11.262798634812286,66.11,2026-06-01,False,21.379310344827587,18.51063829787234,0.07426877582052492,94.56706281833617,-0.013333333333335418,21.35593220338983,97.51412429378531,78.98305084745762,92.88135593220339,35.25423728813559,65.19774011299435,83.21995464852607,49.98577962258349
5876,上海商銀,本國銀行,43.45,702454675.6875,True,39.859002169197396,61.84300341296929,-4.39,2026-06-01,False,77.77777777777779,1.51869158878506,0.317743337248682,92.4468085106383,-2.3066666666666666,78.24858757062147,78.53107344632768,99.09604519774011,89.26553672316385,30.282485875706218,75.08474576271188,10.657596371882086,49.91016180483493
6625,必應,電視廣播,78.3,12172781.16,True,4.563106796116505,89.419795221843,-37.18,2026-06-01,False,89.426399447132,-0.7604562737642693,0.0016266630273456522,86.32855567805953,-39.86333333333333,90.16949152542372,71.75141242937853,45.87570621468927,79.43502824858757,4.745762711864407,58.395480225988706,1.5873015873015872,49.86010223298358
2206,三陽工業,機車船製造,62.0,105848006.33500001,True,49.72885032537961,54.74402730375426,-13.38,2026-06-01,False,66.66666666666666,-3.4267912772585714,0.12201877934830037,92.95352323838081,-3.876666666666667,66.7231638418079,62.71186440677966,87.34463276836159,90.16949152542372,25.649717514124294,66.51977401129943,5.215419501133787,49.84905261539644
2395,研華,電腦及週邊,634.0,2717552850.5,True,97.45119305856834,4.300341296928328,73.39,2026-06-01,False,12.280701754385964,17.40740740740741,0.006656067259596149,100.0,26.68999999999999,11.299435028248588,96.94915254237289,48.36158192090396,99.2090395480226,88.70056497175142,68.90395480225989,85.60090702947846,49.7900572658442
1736,喬山,家電製品,137.0,120079527.525,True,0.8134805345729227,95.7679180887372,14.49,2026-06-01,False,93.75,4.182509505703422,0.04391119265419478,74.86338797814209,6.9799999999999995,93.61581920903956,84.63276836158192,67.57062146892655,52.655367231638415,61.12994350282486,71.92090395480226,37.07482993197279,49.678312002767214
2707,晶華,餐飲飯店,179.5,36298341.025,True,17.84164859002169,79.18088737201366,13.94,2026-06-01,False,54.166666666666664,-0.2777777777777778,0.17440823138244127,88.20638820638821,8.363333333333333,53.61581920903955,73.10734463276836,93.10734463276836,82.48587570621469,64.29378531073446,73.32203389830508,35.714285714285715,49.6771589991929
8050,廣積,電腦及週邊,69.0,303667692.725,True,99.94577006507592,0.2389078498293515,143.6,2026-06-01,False,2.631578947368421,18.55670103092783,0.05043276970430003,100.0,93.13999999999999,1.5254237288135595,97.6271186440678,71.41242937853107,99.2090395480226,97.40112994350282,73.43502824858757,94.10430839002267,49.30291325569776
6561,是方,通信網路,328.5,18934717.6,True,3.633405639913232,90.68259385665529,10.18,2026-06-01,False,93.87755102040816,-0.6051437216338881,0.07094082364078405,71.960569550931,15.64,94.12429378531073,72.31638418079096,77.51412429378531,44.74576271186441,78.19209039548024,73.37853107344634,30.612244897959183,49.291479303585845
3652,精聯,電腦及週邊,33.9,21533675.0375,True,6.790123456790123,87.64505119453925,-1.21,2026-06-01,False,91.22807017543859,0.0,-0.059792042816658356,79.3911007025761,-26.45666666666667,91.86440677966101,74.01129943502825,18.192090395480225,64.63276836158191,7.231638418079096,51.186440677966104,14.399092970521544,49.22124216918405
2243,宏旭-KY,汽車組件,40.05,33191015.2575,True,19.003115264797508,78.02047781569966,-40.08,2026-06-01,False,88.88888888888889,-21.470588235294123,-0.09074580385534671,60.68181818181818,-37.516666666666666,89.60451977401131,11.525423728813559,10.056497175141244,17.401129943502823,4.971751412429379,26.711864406779664,1.3605442176870748,49.21019255159691
6669,緯穎,電腦及週邊,6100.0,10683166599.25,True,73.39654210819855,35.42662116040955,29.79,2026-06-01,False,42.10526315789473,21.03174603174603,0.06806590158926731,97.36632083000798,3.9166666666666643,41.9774011299435,98.75706214689266,75.9322033898305,96.045197740113,49.717514124293785,72.48587570621469,57.48299319727891,49.18713248011069
5511,德昌,營造,69.7,28456031.979999997,True,7.917570498915401,86.75767918088737,3.9,2026-06-01,False,87.5,10.110584518167466,-0.0915611824264429,86.69154228855722,-3.47,88.4180790960452,92.99435028248587,9.943502824858758,79.77401129943503,26.779661016949152,59.5819209039548,20.975056689342402,49.0431992005842
5269,祥碩,半導體,1400.0,1224546184.25,True,5.911062906724512,88.25938566552901,-22.41,2026-06-01,False,93.84615384615384,-5.405405405405405,0.11897560934266793,75.67567567567568,-2.623333333333335,94.01129943502825,55.932203389830505,86.89265536723164,55.028248587570616,29.37853107344633,64.24858757062147,2.8344671201814062,48.98545293823744
3661,世芯-KY,半導體,3715.0,7175080830.5,True,68.70932754880694,39.59044368600683,15.39,2026-06-01,False,54.61538461538461,-11.75771971496437,-0.061982338526494644,69.11627906976744,32.18000000000001,54.68926553672316,35.367231638418076,17.062146892655367,37.85310734463277,91.41242937853107,47.27683615819209,38.32199546485261,48.87428417694762
2388,威盛,半導體,77.9,576038551.785,True,85.26645768025078,23.754266211604094,34.01,2026-06-01,False,37.69230769230769,6.566347469220263,0.06859742395552372,88.52272727272728,-34.943333333333335,37.28813559322034,88.92655367231639,76.27118644067797,83.61581920903954,5.310734463276836,58.28248587570622,63.26530612244898,48.81067681309811
6505,台塑化,輕油裂解,71.0,4903394252.515,True,1.5098722415795587,94.06143344709898,18.46,2026-06-01,False,94.05666897028334,20.7482993197279,0.06131825025634553,76.1802575107296,-7.656666666666663,94.35028248587571,98.64406779661017,74.01129943502825,56.158192090395474,18.192090395480225,68.27118644067797,43.08390022675737,48.737076751604604
8110,華東,半導體,45.3,273554480.4875,True,14.625,81.84300341296928,16.26,2026-06-01,False,86.92307692307692,-10.474308300395265,-0.051556589971991126,51.47727272727273,-0.8199999999999967,88.0225988700565,39.548022598870055,20.903954802259886,5.762711864406779,33.559322033898304,37.559322033898304,40.362811791383216,48.65002498174411
4903,聯光通,通信網路,38.3,75740222.96249999,True,4.158790170132325,89.76109215017065,4.66,2026-06-01,False,89.79591836734694,-3.037974683544311,0.023328017034004517,71.99248120300751,-20.279999999999998,90.5084745762712,63.72881355932203,57.28813559322033,45.08474576271186,9.491525423728813,53.22033898305085,22.448979591836736,48.57834659287444
4904,遠傳,通信網路,103.0,1396509538.455,True,67.40780911062907,40.85324232081911,15.9,2026-06-01,False,59.183673469387756,8.421052631578947,0.28202164651477213,91.55555555555556,2.243333333333334,58.75706214689266,91.41242937853107,98.41807909604519,87.57062146892656,43.163841807909606,75.86440677966101,39.229024943310655,48.5360697951497
9945,潤泰新,建設,26.75,169098104.5125,True,45.28199566160521,57.61092150170648,29.57,2026-06-01,False,45.76271186440678,3.481624758220497,0.22409948681494862,83.7245696400626,-23.879999999999995,46.101694915254235,83.05084745762711,95.81920903954803,74.01129943502825,7.909604519774012,61.37853107344633,56.916099773242635,48.494561666474496
3441,聯一光,消費性電子,84.4,1351071038.775,True,88.27338129496403,19.795221843003414,73.63,2026-06-01,False,20.0,24.85207100591718,-0.005168196274236402,90.94827586206897,18.72333333333333,20.0,99.09604519774011,42.03389830508474,87.00564971751412,81.80790960451978,65.98870056497177,85.82766439909297,48.43431722971674
3645,達邁,印刷電路板,68.4,119226075.45,True,64.65237166991554,43.003412969283275,2.7,2026-06-01,False,80.48780487804879,-17.49095295536791,0.13407728017487908,58.21276595744681,-3.5566666666666666,81.46892655367232,19.774011299435028,89.49152542372882,13.220338983050848,26.440677966101696,46.079096045197744,18.820861678004537,48.434028978823164
2546,根基,營造,99.1,24257794.25,True,70.98698481561823,37.95221843003413,44.27,2026-06-01,False,18.75,7.483731019522767,0.0739020947126795,95.28846153846153,14.67333333333334,18.47457627118644,90.28248587570621,78.87005649717514,94.01129943502825,76.7231638418079,71.67231638418079,71.20181405895691,48.351300972366346
2646,星宇航空,空運,21.3,121486667.67999999,True,75.75057736720554,33.6518771331058,40.81,2026-06-01,False,33.6558396682792,0.7092198581560385,0.20136014452300435,80.68181818181819,3.4366666666666674,33.220338983050844,76.045197740113,94.35028248587571,67.45762711864407,48.0225988700565,63.819209039548035,68.70748299319727,48.335062838694796
4968,立積,半導體,95.2,71828169.155,True,12.043301759133964,83.7542662116041,-1.09,2026-06-01,False,91.53846153846153,-14.618834080717486,-0.07489013312601875,57.17717717717717,-2.8600000000000003,92.09039548022598,25.649717514124294,13.785310734463277,11.977401129943503,29.265536723163844,34.55367231638418,14.73922902494331,48.28932703024712
9802,鈺齊-KY,鞋及旅行箱,70.1,54929556.964999996,True,20.77006507592191,76.65529010238907,15.45,2026-06-01,False,88.88888888888889,-6.533333333333341,0.10936243759323158,60.95652173913043,13.6,89.60451977401131,53.22033898305085,85.87570621468926,17.853107344632768,74.46327683615819,64.20338983050848,38.435374149659864,48.168165571313274
6117,迎廣,電子零組件,65.9,16912126.945,True,6.282722513089005,88.05460750853243,-11.35,2026-06-01,False,97.93103448275862,-8.977900552486187,-0.031094811837957915,67.93814432989691,-7.3533333333333335,96.72316384180792,45.19774011299435,29.039548022598872,34.68926553672316,18.531073446327685,44.836158192090394,5.839002267573696,48.013422883277606
3022,威強電,電腦及週邊,103.0,304695577.54,True,99.94577006507592,0.2389078498293515,79.97,2026-06-01,False,2.631578947368421,15.730337078651685,0.10365796650397016,100.0,23.75333333333333,1.5254237288135595,96.15819209039547,85.19774011299435,99.2090395480226,87.34463276836159,73.88700564971751,87.18820861678005,47.94111995080519
3229,晟鈦,印刷電路板,46.55,27840399.7425,True,95.4337899543379,9.897610921501707,99.09,2026-06-01,False,21.951219512195124,20.12903225806451,0.06513237918984825,85.56985294117648,27.370000000000005,22.033898305084744,98.07909604519774,75.14124293785311,77.40112994350282,89.60451977401131,72.45197740112994,89.90929705215419,47.816307313886
3605,宏致,電子零組件,107.5,847734754.97,True,90.36458333333334,17.542662116040955,29.81,2026-06-01,False,31.724137931034484,17.872807017543856,0.07890610108880147,99.53703703703704,9.256666666666668,32.090395480225986,97.06214689265536,79.88700564971751,98.30508474576271,65.98870056497175,74.66666666666666,57.596371882086174,47.73242630385488
1734,杏輝,藥,31.8,13840239.3125,True,30.801687763713083,68.66894197952217,3.78,2026-06-01,False,38.63636363636363,-3.9274924471299113,-0.042556792844052824,94.08284023668641,-3.4466666666666668,38.30508474576271,60.564971751412436,23.954802259887007,91.63841807909604,27.11864406779661,48.316384180790955,20.861678004535147,47.56005226949537
2886,兆豐金,金融控股,50.9,1678149111.0425,True,86.82212581344902,21.87713310580205,1.53,2026-06-01,False,69.23076923076923,8.99357601713061,0.08737133557718677,95.8568738229755,-28.51,69.32203389830508,91.63841807909604,81.24293785310735,94.80225988700565,6.666666666666667,68.73446327683617,17.687074829931973,47.54323763403667
2753,八方雲集,餐飲飯店,181.0,45985173.675,True,7.304785894206549,87.23549488054607,10.85,2026-06-01,False,66.66666666666666,2.840909090909091,0.22858914530708271,83.41013824884793,0.14999999999999858,66.7231638418079,81.69491525423729,96.38418079096044,73.22033898305085,35.81920903954802,70.7683615819209,31.349206349206348,47.39944847995695
2903,遠百,百貨批發,22.0,48700427.3275,True,15.02169197396963,81.4334470989761,-2.42,2026-06-01,False,61.111111111111114,-1.1235955056179776,0.17079717693839155,90.1639344262295,-2.09,60.90395480225988,70.28248587570621,92.88135593220339,85.64971751412429,30.621468926553675,68.0677966101695,12.925170068027212,47.299089127176295
6261,久元,半導體,78.4,54270265.19499999,True,83.02603036876356,26.96245733788396,33.71,2026-06-01,False,39.23076923076923,-14.22319474835886,0.12845673829538937,58.72659176029963,20.843333333333334,38.75706214689266,27.45762711864407,88.36158192090396,14.124293785310735,84.97175141242937,50.73446327683616,62.698412698412696,47.030535377993004
1537,廣隆,電子零組件,127.0,13814242.1,True,82.97180043383948,27.098976109215016,14.05,2026-06-01,False,47.58620689655172,0.7936507936507936,0.15707939036660856,87.58620689655172,9.416666666666668,47.2316384180791,76.61016949152543,91.41242937853107,81.35593220338984,66.44067796610169,72.61016949152543,35.827664399092974,46.95126638225912
3416,融程電,電腦及週邊,191.0,120426822.0,True,80.53145336225597,29.55631399317406,24.3,2026-06-01,False,33.33333333333333,5.234159779614325,0.1499216594670786,94.08866995073892,-20.05,32.93785310734464,86.66666666666667,90.62146892655367,91.75141242937853,9.6045197740113,62.31638418079096,49.77324263038549,46.94896037511049
2423,固緯,電子設備,76.5,22616809.055,True,97.34273318872017,4.539249146757679,26.66,2026-06-01,False,9.58904109589041,-4.015056461731496,0.04150191072269657,90.2122641509434,6.286666666666665,8.135593220338983,60.33898305084746,66.89265536723164,85.76271186440678,58.8135593220339,55.98870056497175,53.51473922902494,46.76851531573081
3490,單井,電子設備,30.4,32132661.52,True,14.71825063078217,81.70648464163823,-3.75,2026-06-01,False,94.52054794520548,-4.402515723270447,-0.07310600388862197,69.88505747126436,-18.79,94.57627118644068,58.98305084745763,14.237288135593221,40.0,10.3954802259887,43.63841807909604,11.224489795918368,46.70442753372536
4707,磐亞,清潔劑,31.9,133923964.94000001,True,99.07809110629067,2.0819112627986347,30.81,2026-06-01,False,20.0,-12.000000000000004,-0.013286971741601605,70.88888888888889,38.58,20.0,34.463276836158194,37.40112994350282,42.14689265536723,93.10734463276836,45.42372881355932,59.070294784580504,46.688477650947384
6164,華興,光電及I/O,11.75,11830570.6775,True,95.84964761158966,9.078498293515358,28.04,2026-06-01,False,10.0,-21.404682274247488,-0.07060608771733343,67.52873563218391,25.056666666666665,8.926553672316384,11.751412429378531,15.141242937853109,33.89830508474576,88.0225988700565,31.548022598870055,55.32879818594104,46.60056112840616
2603,長榮,海運,207.5,1829189822.85,True,66.05080831408776,41.911262798634816,30.01,2026-06-01,False,36.36363636363637,6.683804627249357,0.343920932030416,87.55274261603375,8.033333333333331,35.6497175141243,89.15254237288136,99.32203389830508,81.24293785310735,63.502824858757066,73.77401129943503,58.27664399092971,46.50418924632
5388,中磊,通信網路,91.4,460739058.95,True,95.5531453362256,9.658703071672354,70.83,2026-06-01,False,14.285714285714285,8.037825059101669,0.16610014840948592,85.82159624413146,2.056666666666672,13.954802259887005,90.96045197740112,92.42937853107345,77.96610169491525,42.14689265536723,63.49152542372882,84.6938775510204,46.41358238210539
4566,時碩工業,汽車組件,76.3,231533858.575,True,95.67901234567901,9.419795221843003,44.39,2026-06-01,False,13.88888888888889,22.866344605475035,0.06151848161922564,100.0,24.436666666666667,13.220338983050848,98.98305084745763,74.12429378531074,99.2090395480226,87.68361581920904,74.64406779661017,71.31519274376417,46.190380106845
3669,圓展,光電及I/O,38.35,38545634.0675,True,31.507592190889373,68.05460750853243,2.95,2026-06-01,False,72.85714285714285,9.885386819484248,0.04097285352594513,88.97911832946636,-1.8533333333333335,73.5593220338983,92.88135593220339,66.66666666666666,84.29378531073446,31.07344632768362,69.69491525423729,19.614512471655328,46.146565971021175
8464,億豐,五金及家具,381.0,206501869.325,True,35.30368763557484,65.22184300341297,11.73,2026-06-01,False,81.81818181818183,5.833333333333333,0.065054975580184,76.27627627627628,8.493333333333334,82.82485875706215,87.909604519774,75.02824858757063,56.61016949152542,64.7457627118644,73.42372881355932,32.76643990929705,46.07296590952765
8249,菱光,光電及I/O,41.3,12141896.814999998,True,47.55965292841648,56.177474402730375,12.5,2026-06-01,False,60.0,-12.127659574468092,0.13225058664429157,64.33021806853581,-1.2933333333333348,59.71751412429378,34.01129943502825,89.03954802259886,24.74576271186441,32.20338983050847,47.943502824858754,33.78684807256236,46.05970636842308
2301,光寶科,電子零組件,247.0,6330869899.75,True,95.33622559652929,10.204778156996587,36.98,2026-06-01,False,17.93103448275862,15.690866510538642,0.09943597490553074,97.82178217821782,6.629999999999999,17.51412429378531,96.045197740113,84.29378531073446,96.72316384180792,60.33898305084746,70.98305084745763,65.87301587301587,46.016276567124024
2072,世紀風電,基本金屬,154.0,76262043.525,True,26.08695652173913,72.21843003412968,101.11,2026-06-01,False,73.68421052631578,4.761904761904762,-0.01667549250238831,49.044585987261144,14.266666666666652,74.29378531073446,85.76271186440678,34.68926553672316,3.954802259887006,75.81920903954801,54.90395480225989,90.1360544217687,45.65548253199585
2009,第一銅,基本金屬,39.9,67516989.255,True,18.55807743658211,78.43003412969284,15.46,2026-06-01,False,81.57894736842105,4.72440944881889,0.11267583379729537,72.6775956284153,1.8866666666666685,82.59887005649718,85.64971751412429,85.98870056497175,46.89265536723164,41.12994350282486,68.45197740112994,38.54875283446712,45.59764018601791
1904,正隆,造紙,22.8,39852239.22,True,63.34056399132321,44.232081911262796,-2.09,2026-06-01,False,40.0,-2.564102564102555,0.0668396838942673,95.39748953974896,-11.196666666666667,39.66101694915255,65.08474576271186,75.59322033898304,94.35028248587571,14.915254237288137,57.920903954802256,13.378684807256235,45.57630961989316
8114,振樺電,電腦及週邊,225.5,326588194.775,True,49.0238611713666,55.358361774744026,19.14,2026-06-01,False,66.66666666666666,10.53921568627451,0.14576808564762042,79.54144620811287,27.78,66.7231638418079,93.44632768361582,90.3954802259887,64.85875706214689,89.83050847457628,81.05084745762711,44.10430839002268,45.55997540259041
3703,欣陸,營造,20.4,24620358.5625,True,24.605855855855857,72.96928327645051,-5.55,2026-06-01,False,68.75,-0.9708737864077808,0.15911511037963033,83.60655737704919,-1.6233333333333326,68.92655367231639,70.84745762711864,92.09039548022598,73.78531073446327,31.29943502824859,67.38983050847457,9.863945578231291,45.432088089473076
2348,海悅,建設,71.4,53629399.69500001,True,92.02819956616052,15.392491467576791,247.66,2026-06-01,False,5.084745762711865,-5.928853754940711,0.030002466095067015,68.32535885167465,210.90666666666667,3.5028248587570623,54.80225988700565,61.24293785310735,35.932203389830505,98.87005649717514,50.87005649717514,96.93877551020408,45.392885967946505
4736,泰博,醫療耗材,130.5,25077653.9,True,16.052060737527114,80.54607508532423,2.09,2026-06-01,False,60.0,3.571428571428571,0.21057435038566924,90.94076655052264,8.469999999999999,59.71751412429378,83.50282485875707,94.91525423728814,86.89265536723164,64.63276836158191,77.9322033898305,18.08390022675737,45.29781121488143
3622,洋華,光電及I/O,54.4,14079060.235,True,5.81205866376969,88.39590443686008,-19.47,2026-06-01,False,88.57142857142857,-2.683363148479428,-0.07748215914354792,74.52054794520548,-19.093333333333334,89.37853107344634,64.85875706214689,12.88135593220339,52.31638418079096,10.282485875706215,45.943502824858754,3.4013605442176873,45.05937968407703
6568,宏觀,半導體,137.5,20563464.925,True,38.44902386117137,62.76450511945393,11.01,2026-06-01,False,77.6923076923077,-11.858974358974358,0.10665163623675611,50.18248175182482,2.073333333333334,78.07909604519774,35.14124293785311,85.53672316384181,4.632768361581921,42.259887005649716,49.129943502824865,31.689342403628117,44.81499096813867
2377,微星,電腦及週邊,153.0,2437760782.225,True,53.09110629067245,52.286689419795216,-9.23,2026-06-01,False,61.40350877192983,5.517241379310345,0.10725250187976637,98.70967741935483,9.176666666666666,61.35593220338983,87.00564971751412,85.64971751412429,97.28813559322033,65.64971751412429,79.38983050847457,7.482993197278912,44.780352819093736
4536,拓凱,其他,170.0,70030081.975,True,50.37960954446855,54.30034129692832,10.04,2026-06-01,False,39.130434782608695,-0.8746355685131195,0.17996017187727287,87.17948717948718,5.533333333333332,38.64406779661017,71.2994350282486,93.22033898305084,80.67796610169492,56.045197740113,67.9774011299435,30.498866213151928,44.630366270802114
2832,台產,產險,58.6,13905475.420000002,True,56.01952277657267,49.419795221843,7.27,2026-06-01,False,40.0,4.085257548845479,0.12106113829915308,97.18076285240464,-10.106666666666666,39.66101694915255,84.40677966101696,87.11864406779661,95.70621468926554,16.045197740112993,64.58757062146893,26.984126984126984,44.48614474038203
3443,創意,半導體,4545.0,7847374009.25,True,96.31236442516268,7.542662116040956,103.72,2026-06-01,False,9.615384615384617,4.723502304147465,0.009545187648344947,79.31937172774869,-27.180000000000007,8.305084745762711,85.53672316384181,50.50847457627119,64.18079096045197,6.892655367231638,43.08474576271187,90.81632653061224,44.441369768246275
6538,倉和,光電及I/O,145.0,322967036.75,True,97.82122905027933,3.8907849829351533,46.5,2026-06-01,False,5.714285714285714,6.61764705882353,0.0009555876676243914,92.65175718849841,41.57,4.293785310734463,89.03954802259886,44.97175141242938,89.60451977401131,93.67231638418079,64.31638418079096,72.90249433106575,44.440312848303165
6605,帝寶,汽車組件,141.0,59592895.6,True,42.950108459869845,59.59044368600682,4.45,2026-06-01,False,75.0,11.904761904761903,0.19819042229421122,83.92857142857143,6.38,75.36723163841808,94.23728813559322,94.12429378531073,74.35028248587571,59.09604519774011,79.43502824858757,21.768707482993197,44.31223336792344
6414,樺漢,電腦及週邊,474.0,1838662615.75,True,99.56616052060737,1.5017064846416381,56.97,2026-06-01,False,5.263157894736842,20.304568527918782,0.07628881246304645,94.23459244532803,18.843333333333334,3.672316384180791,98.30508474576271,79.3220338983051,92.42937853107345,82.25988700564972,71.19774011299435,78.79818594104309,44.148699027633654
3693,營邦,電子零組件,527.0,405417122.1,True,94.62631253860407,11.74061433447099,74.98,2026-06-01,False,23.448275862068964,2.131782945736434,0.07075763601752448,72.39010989010988,38.11666666666667,24.06779661016949,80.11299435028249,77.40112994350282,46.32768361581921,92.99435028248587,64.18079096045199,86.28117913832199,44.14091625350705
5274,信驊,半導體,16345.0,4691216060.5,True,95.87852494577007,8.9419795221843,67.47,2026-06-01,False,15.0,19.612147822905232,0.0005658979720590737,84.79896238651102,-5.1299999999999955,14.463276836158192,97.96610169491525,44.74576271186441,76.27118644067797,22.88135593220339,51.26553672316385,83.6734693877551,44.110457742419
4127,天良,藥,89.3,37737571.605000004,True,99.89669421487604,0.614334470989761,41.38,2026-06-01,False,6.8181818181818175,20.675675675675674,0.13072411068393966,100.0,-3.68333333333333,5.19774011299435,98.41807909604519,88.8135593220339,99.2090395480226,25.875706214689266,63.50282485875706,69.27437641723357,43.81576924555134
3209,全科,電子通路,57.6,89600652.46000001,True,93.92624728850325,13.10580204778157,170.41,2026-06-01,False,6.0,-2.040816326530605,-0.07539055322119297,70.76167076167076,74.96,4.406779661016949,66.21468926553672,13.67231638418079,41.80790960451977,96.61016949152543,44.54237288135593,95.23809523809523,43.80952380952381
2539,櫻花建,建設,43.3,56393823.55500001,True,36.00867678958785,64.84641638225256,79.55,2026-06-01,False,61.016949152542374,10.178117048346056,0.1940160675832367,62.57225433526011,-272.97666666666663,60.790960451977405,93.22033898305084,93.89830508474576,20.112994350282488,1.4689265536723164,53.89830508474576,87.07482993197279,43.68961143779546
9941,裕融,租賃,84.3,88365331.51999998,True,10.032537960954446,85.7679180887372,-4.0,2026-06-01,False,85.9364201796821,4.07407407407407,0.22533372929289724,77.6958525345622,-1.3000000000000003,87.00564971751412,84.29378531073446,95.9322033898305,61.12994350282486,32.090395480225986,72.090395480226,10.884353741496598,43.68154041277528
2360,致茂,電子設備,2030.0,7086007208.0,True,94.03470715835141,12.86689419795222,73.02,2026-06-01,False,23.28767123287671,11.538461538461538,-0.060322990224412024,77.33333333333333,-38.646666666666675,23.954802259887007,94.12429378531073,17.966101694915253,59.49152542372881,4.858757062146893,40.079096045197744,85.37414965986395,43.674045889542256
2324,仁寶,電腦及週邊,36.55,1824526467.1775002,True,98.59002169197397,2.5938566552901023,58.38,2026-06-01,False,8.771929824561402,-0.13661202185793514,0.09694264712239958,77.68331562167906,26.313333333333333,7.457627118644068,73.5593220338983,83.84180790960451,61.016949152542374,88.47457627118645,62.87005649717514,79.70521541950113,43.65511741419732
2882,國泰金,金融控股,99.4,2171991040.66,True,82.32104121475055,27.84982935153584,-42.04,2026-06-01,False,76.92307692307693,3.2191069574247235,0.15680558214673487,86.06060606060608,-122.87666666666667,77.2316384180791,82.37288135593221,91.29943502824858,78.30508474576271,1.807909604519774,66.20338983050847,1.2471655328798186,43.60275183519736
2006,東和鋼鐵,基本金屬,88.5,338089562.95,True,55.29028757460662,50.375426621160415,9.01,2026-06-01,False,44.73684210526316,26.068376068376065,0.3484028491424387,100.0,5.550000000000001,44.97175141242938,99.2090395480226,99.43502824858757,99.2090395480226,56.271186440677965,79.81920903954803,29.024943310657598,43.49917368077175
3430,奇鈦科,其他化學,109.5,79370147.89500001,True,92.60823653643084,14.812286689419796,58.37,2026-06-01,False,6.25,-14.453125,0.009248304535803036,59.67302452316077,32.22,4.915254237288136,26.440677966101696,50.282485875706215,15.593220338983052,91.52542372881356,37.75141242937853,79.59183673469387,43.41490833621584
2317,鴻海,電腦及週邊,260.0,13954592129.75,True,95.39045553145337,10.034129692832765,52.11,2026-06-01,False,14.035087719298245,9.473684210526317,0.1277545989258811,84.14239482200647,11.636666666666663,13.446327683615818,92.09039548022598,88.24858757062147,74.91525423728814,70.84745762711864,67.909604519774,76.87074829931973,43.28548368499942
2459,敦吉,電子通路,65.2,10335616.725,True,84.76138828633407,24.40273037542662,20.97,2026-06-01,False,19.0,2.3547880690737832,-0.009758481842508613,91.9605077574048,6.019999999999998,18.70056497175141,80.45197740112995,39.77401129943503,88.24858757062147,57.74011299435028,56.983050847457626,46.3718820861678,43.217264306852684
2543,皇昌,營造,39.25,51902626.6125,True,27.79573367808662,70.44368600682593,105.33,2026-06-01,False,56.25,1.1597938144329971,0.12347704405692003,45.63953488372093,20.789999999999992,56.72316384180791,77.51412429378531,87.57062146892656,2.711864406779661,84.7457627118644,61.85310734463277,90.9297052154195,43.21265229255543
2845,遠東銀,本國銀行,13.2,141857892.55249998,True,85.1409978308026,23.890784982935152,20.15,2026-06-01,False,11.11111111111111,0.0,0.2169606105123057,93.95017793594305,-4.456666666666667,10.0,74.01129943502825,95.02824858757062,91.29943502824858,24.40677966101695,58.949152542372886,45.23809523809524,43.13155770782889
3081,聯亞,半導體,2305.0,5433116121.25,True,91.01351351351352,16.860068259385667,128.14,2026-06-01,False,26.923076923076923,14.962593516209477,-0.034170604381177985,72.94303797468355,7.35333333333331,27.34463276836158,95.81920903954803,27.90960451977401,47.570621468926554,62.03389830508475,52.13559322033899,93.19727891156462,43.07333102732618
7751,竑騰,電子設備,1385.0,317694661.0,True,61.30434782608696,45.460750853242324,67.24,2026-06-01,False,71.23287671232876,6.94980694980695,0.013830271368813471,51.01289134438306,3.710000000000001,71.63841807909604,89.37853107344634,52.31638418079096,5.536723163841808,49.26553672316384,53.6271186440678,83.56009070294785,42.83917521810984
6873,泓德能源,光電及I/O,77.7,33400553.090000004,True,75.27010804321729,33.85665529010239,42.53,2026-06-01,False,40.0,-10.2771362586605,0.028663037341431583,42.57534246575342,51.13666666666666,39.66101694915255,40.225988700564976,60.33898305084746,1.4689265536723164,95.36723163841808,47.41242937853107,70.18140589569161,42.771340174487875
2049,上銀,機械,387.0,1413311644.825,True,91.16052060737528,16.757679180887372,31.62,2026-06-01,False,15.151515151515152,16.7420814479638,0.10161610682735084,94.5054945054945,4.793333333333333,14.80225988700565,96.61016949152543,84.63276836158192,92.7683615819209,53.22033898305085,68.40677966101694,59.63718820861678,42.64941004650447
2885,元大金,金融控股,67.7,2215122146.2599998,True,99.29501084598698,1.7064846416382253,,2026-06-01,False,7.6923076923076925,-0.87847730600292,0.07761432919626528,94.6853146853147,487.2633333333334,6.101694915254238,71.1864406779661,79.54802259887006,92.99435028248587,99.32203389830508,69.83050847457628,,42.63653483992467
4951,精拓科,半導體,79.0,24200102.189999998,True,15.51155115511551,81.09215017064847,-3.71,2026-06-01,False,86.15384615384616,-10.430839002267577,0.0027155362674623445,56.42857142857143,-2.5533333333333337,87.34463276836159,39.77401129943503,46.666666666666664,10.96045197740113,29.6045197740113,42.87005649717514,11.337868480725625,42.467235481763325
6862,三集瑞-KY,電子零組件,146.0,48361552.525,True,83.44827586206897,26.552901023890783,-1.04,2026-06-01,False,46.89655172413793,-19.55922865013774,-0.02997480491716629,64.03508771929825,27.34666666666667,46.55367231638418,15.141242937853109,29.491525423728817,23.502824858757062,89.49152542372882,40.836158192090394,14.852607709750568,42.44196548675968
3218,大學光,醫藥通路,142.5,35621563.675,True,7.592190889370933,87.03071672354949,17.08,2026-06-01,False,66.66666666666666,1.0638297872340425,0.18252373736896715,69.00726392251816,6.756666666666666,66.7231638418079,77.06214689265536,93.55932203389831,37.6271186440678,60.564971751412436,67.10734463276836,41.66666666666667,42.23870056497175
3529,力旺,半導體,2725.0,2190884805.75,True,53.36225596529284,51.94539249146758,47.05,2026-06-01,False,67.6923076923077,4.606525911708253,-0.020134664675799375,57.917109458023376,23.043333333333333,67.909604519774,85.31073446327684,33.33333333333333,12.994350282485875,86.66666666666667,57.24293785310734,73.24263038548753,42.20896268111764
2412,中華電,通信網路,137.5,2593906980.875,True,91.3232104121475,16.552901023890783,11.4,2026-06-01,False,26.53061224489796,2.9962546816479403,0.3118485400420966,93.85665529010238,3.2666666666666675,27.005649717514125,82.03389830508473,98.98305084745763,91.18644067796609,47.005649717514125,69.24293785310735,32.19954648526077,42.08943464391406
6277,宏正,光電及I/O,79.2,68997277.145,True,99.62039045553145,1.4334470989761092,35.12,2026-06-01,False,2.857142857142857,12.022630834512023,0.09240231695200503,97.77777777777779,16.173333333333332,1.864406779661017,94.35028248587571,82.37288135593221,96.61016949152543,79.09604519774011,70.85875706214689,64.17233560090703,42.07415734655444
2891,中信金,金融控股,65.6,3178818728.2500005,True,95.06507592190889,10.955631399317406,-17.9,2026-06-01,False,30.76923076923077,-6.1516452074392145,0.1849668899470714,90.60773480662981,-499.2299999999999,31.016949152542374,54.57627118644067,93.78531073446328,86.4406779661017,1.2429378531073447,53.412429378531066,3.968253968253968,41.712402475114345
8040,九暘,半導體,73.0,56999687.17999999,True,99.69604863221885,1.228668941979522,34.49,2026-06-01,False,1.5384615384615385,-21.420882669537143,0.11843220298736865,58.4,-4.969999999999999,0.6779661016949152,11.638418079096045,86.77966101694915,13.559322033898304,23.389830508474578,27.2090395480226,63.60544217687075,41.551078058341986
6231,系微,資訊服務,228.0,73929709.725,True,59.490238611713664,46.996587030716725,16.86,2026-06-01,False,25.0,-13.636363636363635,0.12723114590651646,65.4232424677188,2.2333333333333343,25.480225988700568,29.152542372881356,88.0225988700565,28.587570621468927,42.93785310734463,42.836158192090394,41.269841269841265,41.54627387678235
3293,鈊象,資訊服務,799.0,1213747878.1,True,65.0759219088937,42.73037542662116,17.18,2026-06-01,False,20.454545454545457,7.39247311827957,0.2174662139691486,94.78054567022538,2.553333333333333,20.7909604519774,89.94350282485875,95.14124293785311,93.33333333333333,44.40677966101695,68.72316384180792,41.83673469387755,41.50438141358238
6464,台數科,有線電視,78.0,10310883.8,True,79.06724511930587,31.058020477815703,-1.29,2026-06-01,False,31.098825155494126,0.5154639175257806,0.054438739648138966,96.17755856966708,-5.029999999999999,31.29943502824859,75.70621468926554,72.42937853107345,95.14124293785311,23.163841807909606,59.548022598870055,14.285714285714285,41.25504439063761
2015,豐興,基本金屬,65.8,24972335.749999996,True,49.62039045553146,54.88054607508532,-9.73,2026-06-01,False,55.26315789473685,6.991869918699183,0.394112488858207,93.33333333333333,-0.5099999999999998,55.14124293785311,89.60451977401131,99.88700564971752,90.84745762711864,34.01129943502825,73.89830508474577,7.142857142857142,40.8817594834544
3388,崇越電,電子通路,72.6,35981377.05499999,True,74.18655097613883,34.40273037542662,18.97,2026-06-01,False,40.0,-11.138310893512863,0.14161934900901274,60.0,-6.023333333333337,39.66101694915255,37.514124293785315,90.16949152542372,16.38418079096045,20.451977401129945,40.836158192090394,43.93424036281179,40.61632845228486
6863,永道-KY,通信網路,130.5,54563027.345000006,True,99.26829268292683,1.7747440273037545,80.81,2026-06-01,False,4.081632653061225,40.62500000000001,0.09485524212422733,82.85714285714286,14.076666666666668,2.711864406779661,99.88700564971752,83.38983050847457,71.9774011299435,75.14124293785311,66.62146892655367,87.52834467120182,40.58265113955187
3213,茂訊,電腦及週邊,136.5,70211551.85,True,86.00867678958785,22.764505119453926,6.05,2026-06-01,False,23.684210526315788,2.631578947368421,0.1150369118815716,95.78947368421052,-30.186666666666664,24.23728813559322,81.01694915254237,86.32768361581921,94.68926553672317,6.3276836158192085,58.51977401129943,24.149659863945576,40.5148160959299
2528,皇普,建設,20.6,10723533.93,True,23.25581395348837,74.33447098976109,-5.37,2026-06-01,False,72.88135593220339,-8.24053452115812,0.11902213644357525,64.375,-139.34666666666666,73.67231638418079,47.005649717514125,87.00564971751412,25.028248587570623,1.694915254237288,46.88135593220339,10.204081632653061,40.47474922172258
6890,來億-KY,鞋及旅行箱,173.0,66983336.65,True,31.87022900763359,67.64505119453925,-3.2,2026-06-01,False,55.55555555555556,-16.019417475728158,0.15885950055909884,59.86159169550172,0.6566666666666667,55.48022598870056,21.807909604519775,91.9774011299435,16.045197740112993,37.175141242937855,44.49717514124294,11.904761904761903,40.40556900726392
2464,盟立,電子設備,173.5,1416437878.5,True,99.87515605493134,0.8191126279863481,43.05,2026-06-01,False,1.36986301369863,7.430340557275541,0.027913776222500346,87.1859296482412,10.726666666666667,0.3389830508474576,90.16949152542372,59.548022598870055,80.7909604519774,69.49152542372882,60.06779661016949,70.40816326530613,40.34215381067682
3141,晶宏,半導體,79.0,62742869.55,True,91.41856392294221,16.313993174061434,10.85,2026-06-01,False,25.384615384615383,7.046070460704611,0.20582185682035878,94.95192307692307,-2.5666666666666664,25.98870056497175,89.71751412429379,94.4632768361582,93.55932203389831,29.491525423728817,66.64406779661017,31.349206349206348,40.29492870594566
5508,永信建,建設,53.5,26475990.635,True,83.78524945770064,26.245733788395903,329.34,2026-06-01,False,8.47457627118644,-7.758620689655173,0.03236830494653518,50.0,166.54333333333332,7.118644067796611,49.152542372881356,62.59887005649718,4.463276836158192,98.64406779661017,44.3954802259887,97.84580498866214,40.068795879933894
2915,潤泰全,百貨批發,51.9,158501090.215,True,69.08893709327549,39.044368600682596,12.84,2026-06-01,False,11.11111111111111,-0.19230769230769504,0.0681607566439387,92.34875444839858,22.96333333333333,10.0,73.44632768361582,76.15819209039549,89.03954802259886,86.55367231638418,67.03954802259886,34.467120181405896,40.01508513009723
2468,華經,資訊服務,34.6,17328946.7325,True,55.04338394793926,50.580204778157004,49.98,2026-06-01,False,29.545454545454547,-5.46448087431694,0.06223392735032156,56.16883116883117,47.343333333333334,29.37853107344633,55.59322033898305,74.23728813559322,10.621468926553671,94.80225988700565,52.92655367231638,75.17006802721087,39.894211922056954
2397,友通,電腦及週邊,66.2,38997494.31,True,83.08026030368764,26.89419795221843,31.37,2026-06-01,False,29.82456140350877,13.162393162393169,0.17075918726196135,79.8552472858866,-0.8733333333333313,29.6045197740113,95.02824858757062,92.7683615819209,65.5367231638418,33.44632768361582,63.27683615819209,59.410430839002274,39.88085629732119
1907,永豐餘,造紙,30.85,60045550.19,True,64.8590021691974,42.86689419795222,12.66,2026-06-01,False,20.0,11.171171171171176,0.28739479425797215,100.0,3.1833333333333336,20.0,94.01129943502825,98.53107344632768,99.2090395480226,46.55367231638418,71.66101694915254,34.01360544217687,39.8028363887928
6235,華孚,電子零組件,39.3,28711327.97,True,22.79825109306683,74.88054607508532,-3.96,2026-06-01,False,92.41379310344827,-7.311320754716985,0.0494166231413308,51.30548302872062,2.3400000000000007,92.7683615819209,50.62146892655367,70.73446327683615,5.649717514124294,43.389830508474574,52.63276836158192,10.997732426303855,39.69858564894884
7786,東方風能,海運,127.0,25980677.025,True,28.160919540229884,70.23890784982935,18.58,2026-06-01,False,72.72727272727273,-4.150943396226415,0.1551163250539843,43.6426116838488,-17.613333333333337,73.38983050847457,59.66101694915255,91.18644067796609,1.5819209039548021,10.847457627118644,47.33333333333333,43.197278911564624,39.62700334371036
9939,宏全,塑膠製品,144.5,267279234.25,True,86.27982646420824,22.252559726962456,12.13,2026-06-01,False,22.32204561161023,17.959183673469386,0.26483308071868084,100.0,-0.033333333333333215,22.937853107344633,97.17514124293785,98.07909604519774,99.2090395480226,35.02824858757062,70.48587570621469,33.33333333333333,39.57627118644068
6670,復盛應用,其他,268.0,104334858.125,True,75.97613882863341,33.27645051194539,7.85,2026-06-01,False,26.08695652173913,2.48565965583174,0.1326733663153561,89.18469217970049,-15.083333333333334,26.55367231638418,80.67796610169492,89.15254237288136,84.63276836158192,12.429378531073446,58.689265536723155,27.77777777777778,39.57156308851224
4119,旭富,藥,51.6,12169368.062499998,True,94.10377358490565,12.696245733788396,36.15,2026-06-01,False,13.636363636363635,13.406593406593409,0.09843177553391118,83.76623376623377,55.30333333333333,12.824858757062147,95.14124293785311,84.06779661016948,74.23728813559322,95.9322033898305,72.4406779661017,64.79591836734694,39.1792055805373
9940,信義,仲介建經,20.8,11824025.822500002,True,95.49891540130152,9.761092150170649,41.42,2026-06-01,False,9.675190048375951,5.583756345177672,0.1665166786631212,79.84644913627639,7.940000000000005,8.47457627118644,87.2316384180791,92.54237288135593,65.42372881355932,63.05084745762712,63.34463276836158,69.38775510204081,39.01360544217687
2354,鴻準,電子零組件,61.8,583789141.3949999,True,85.84598698481561,23.139931740614333,10.66,2026-06-01,False,40.689655172413794,8.421052631578943,0.07170588737053121,84.42622950819671,37.10666666666667,40.451977401129945,91.29943502824858,77.85310734463276,75.59322033898304,92.7683615819209,75.59322033898304,31.065759637188208,38.95288058726315
1623,大東電,電纜,208.5,42110567.4,True,20.930232558139537,76.31399317406144,13.63,2026-06-01,False,50.0,-7.9470198675496695,-0.16636976849814658,61.32352941176471,22.886666666666667,49.83050847457628,48.24858757062147,2.824858757062147,18.64406779661017,86.4406779661017,41.19774011299435,35.374149659863946,38.90003459010723
6570,維田,電腦及週邊,57.8,12018793.975,True,92.13665943600867,15.290102389078497,23.79,2026-06-01,False,15.789473684210526,9.469696969696969,0.05120244931073794,88.2442748091603,1.9233333333333356,15.254237288135593,91.9774011299435,71.75141242937853,82.71186440677965,41.35593220338983,60.610169491525426,49.54648526077097,38.88379645643568
2455,全新,半導體,364.0,3095623125.7,True,89.587852494577,18.49829351535836,23.55,2026-06-01,False,29.230769230769234,10.136157337367626,0.008162531898911677,81.98198198198197,-12.38666666666666,29.265536723163844,93.10734463276836,49.717514124293785,70.05649717514125,14.124293785310735,51.2542372881356,49.31972789115646,38.8836042891733
4104,佳醫,醫療耗材,70.4,14901636.570000002,True,56.724511930585685,48.9419795221843,16.07,2026-06-01,False,25.71428571428571,0.8595988538682072,0.15249153866676377,79.63800904977376,6.08,26.214689265536723,76.7231638418079,90.96045197740112,64.97175141242938,58.079096045197744,63.389830508474574,39.852607709750565,38.57897113647719
7777,能率亞洲,創投,40.35,111250145.00999999,True,68.66666666666667,39.658703071672356,-77.03,2026-06-01,False,39.73738769868694,-0.6157635467980295,0.04891142100596465,90.87837837837839,-717.8233333333333,38.983050847457626,72.20338983050848,70.28248587570621,86.77966101694915,1.0169491525423728,53.85310734463277,0.45351473922902497,38.50320919328183
6112,邁達特,資訊服務,45.9,24276595.835,True,30.45429052159282,68.94197952218431,-2.29,2026-06-01,False,56.81818181818182,3.49492671927846,0.15764590201029213,80.38528896672504,-15.11,57.06214689265536,83.1638418079096,91.52542372881356,66.55367231638418,12.31638418079096,62.12429378531074,13.151927437641723,38.400976209692914
2892,第一金,金融控股,35.55,1489583310.6200001,True,98.64425162689805,2.525597269624573,9.73,2026-06-01,False,15.384615384615385,5.8035714285714155,0.01697123026171584,96.73469387755101,-19.740000000000002,15.028248587570623,87.79661016949153,54.12429378531074,95.59322033898306,9.943502824858758,52.49717514124294,29.931972789115648,38.18920788654445
3138,耀登,通信網路,95.6,39618878.67,True,67.78425655976676,40.40955631399317,-1.44,2026-06-01,False,57.14285714285714,-16.869565217391308,0.13397844188939284,43.95402298850574,-8.786666666666667,57.45762711864407,21.01694915254237,89.37853107344634,1.807909604519774,17.17514124293785,37.36723163841808,14.058956916099774,38.07688612168032
4977,眾達-KY,通信網路,133.5,350149907.825,True,71.14967462039046,37.67918088737201,8.08,2026-06-01,False,53.06122448979592,-12.459016393442624,0.0015105043498701216,49.35304990757856,23.523333333333333,52.54237288135594,32.88135593220339,45.64971751412429,4.067796610169491,87.2316384180791,44.47457627118645,28.00453514739229,37.93333717667858
6245,立端,電腦及週邊,84.4,64789288.92999999,True,98.15618221258134,3.242320819112628,14.08,2026-06-01,False,10.526315789473683,4.4554455445544665,0.07989507989203697,92.34135667396062,-5.803333333333333,9.491525423728813,84.97175141242937,80.22598870056498,88.92655367231639,21.129943502824858,56.949152542372886,36.054421768707485,37.37518736308083
1227,佳格,其他食品,29.15,42167159.9575,True,56.50759219088937,49.07849829351536,-1.57,2026-06-01,False,22.22222222222222,-2.0168067226890805,0.10313864845799635,85.86156111929306,-1.2466666666666668,22.598870056497177,66.32768361581921,85.08474576271186,78.07909604519774,32.429378531073446,56.90395480225989,13.718820861678005,37.01727583688843
3653,健策,電子零組件,4380.0,6137930873.75,True,99.18655097613883,1.9795221843003412,57.64,2026-06-01,False,2.0689655172413794,36.661466458658346,0.025447711281439873,80.44077134986226,16.869999999999997,1.0169491525423728,99.77401129943503,58.079096045197744,66.77966101694915,79.88700564971751,61.10734463276835,79.13832199546485,36.79023021638034
6426,統新,通信網路,205.5,153484014.575,True,97.54237288135593,4.09556313993174,103.04,2026-06-01,False,6.122448979591836,9.6,0.01118790801062083,71.23050259965338,19.836666666666673,4.519774011299435,92.54237288135593,50.960451977401135,43.050847457627114,83.72881355932203,54.96045197740112,90.702947845805,36.43279910834391
6189,豐藝,電子通路,48.6,27347140.77,True,93.11279826464208,14.334470989761092,4.49,2026-06-01,False,10.0,-3.571428571428566,0.1181046975206574,85.11383537653239,2.92,8.926553672316384,62.37288135593221,86.66666666666667,76.7231638418079,45.76271186440678,56.09039548022599,21.882086167800455,36.289730581498134
2033,佳大,基本金屬,17.0,11002318.1775,True,27.350427350427353,71.19453924914676,-28.85,2026-06-01,False,71.05263157894737,7.594936708860754,0.005725926509803105,77.62557077625571,-22.64666666666667,71.41242937853107,90.5084745762712,47.68361581920904,60.90395480225988,8.587570621468926,55.819209039548014,2.380952380952381,36.04721549636803
6768,志強-KY,鞋及旅行箱,66.8,40560363.07000001,True,29.5577967416602,69.55631399317406,5.2,2026-06-01,False,66.66666666666666,-6.179775280898884,0.12242454066456138,54.08906882591092,2.146666666666667,66.7231638418079,54.463276836158194,87.45762711864407,8.022598870056497,42.59887005649718,51.85310734463277,22.90249433106576,35.79624505169299
3029,零壹,資訊服務,109.5,152208213.655,True,70.39045553145337,38.36177474402731,13.58,2026-06-01,False,18.181818181818183,6.310679611650485,0.18141378523974408,85.88235294117646,-4.813333333333334,17.683615819209038,88.47457627118645,93.33333333333333,78.19209039548024,23.84180790960452,60.30508474576273,35.26077097505669,35.66547522963988
4938,和碩,電腦及週邊,87.1,1048086413.1350002,True,98.96963123644251,2.218430034129693,15.89,2026-06-01,False,7.017543859649122,5.3204353083433995,0.1978565906143297,88.42639593908629,11.676666666666666,5.649717514124294,86.89265536723164,94.01129943502825,83.1638418079096,71.35593220338983,68.21468926553672,39.1156462585034,35.25913755332641
2850,新產,產險,163.0,70620500.5,True,99.89154013015184,0.6825938566552902,2.09,2026-05-01,False,20.0,13.588850174216027,0.09815349272202972,98.7878787878788,-26.413333333333334,20.0,95.25423728813558,83.954802259887,97.40112994350282,7.344632768361582,60.7909604519774,18.08390022675737,35.05769822053115
3665,貿聯-KY,電子零組件,2200.0,7859187687.5,True,97.83080260303689,3.78839590443686,63.79,2026-06-01,False,3.4482758620689653,17.962466487935657,0.019565219486607666,74.82993197278913,22.563333333333333,2.2598870056497176,97.28813559322033,55.932203389830505,52.429378531073446,86.21468926553672,58.824858757062145,81.97278911564626,34.843479764787276
4763,材料*-KY,其他化學,49.9,457814179.39250004,True,18.329718004338392,78.60068259385665,-10.11,2026-06-01,False,78.125,4.831932773109237,0.0469855749208542,68.35616438356165,14.663333333333338,78.87005649717514,85.98870056497175,69.37853107344633,36.15819209039548,76.61016949152543,69.40112994350281,6.802721088435375,33.96056727775856
4163,鐿鈦,醫療耗材,144.0,17313295.225,True,99.94577006507592,0.2389078498293515,7.69,2026-06-01,False,2.857142857142857,12.941176470588237,0.09417945245460112,100.0,-4.333333333333333,1.864406779661017,94.80225988700565,83.2768361581921,99.2090395480226,24.519774011299436,60.73446327683615,27.55102040816326,33.45555171221031
6517,保勝光學,消費性電子,61.0,138700301.76999998,True,93.85665529010238,13.310580204778159,6.14,2026-06-01,False,10.0,-6.870229007633588,0.014571575244891652,74.29963459196102,22.126666666666665,8.926553672316384,51.864406779661024,52.655367231638415,51.52542372881356,85.76271186440678,50.14689265536724,24.37641723356009,33.240996963757254
3705,永信,藥,53.5,12159536.515,True,95.87852494577007,8.9419795221843,-21.98,2026-06-01,False,11.363636363636363,-2.0146520146520173,0.0009582868102338354,90.06734006734007,-13.076666666666666,10.564971751412429,66.44067796610169,45.08474576271186,85.42372881355932,13.67231638418079,44.23728813559322,2.947845804988662,33.12396710096468
3576,聯合再生,光電及I/O,16.95,432971136.30750006,True,17.725752508361204,79.31740614334471,-9.51,2026-06-01,False,84.28571428571429,3.35365853658537,0.11282393882202559,63.48314606741573,-16.286666666666665,85.31073446327684,82.82485875706215,86.10169491525423,22.146892655367232,11.638418079096045,57.604519774011294,7.2562358276643995,32.97225104731158
2597,潤弘,營造,166.0,47483389.05,True,72.61388286334056,36.04095563139932,2.95,2026-06-01,False,12.5,-1.483679525222552,0.13926825602780993,81.37254901960785,-10.32,11.92090395480226,68.92655367231639,89.83050847457628,69.03954802259888,15.593220338983052,51.06214689265538,19.614512471655328,32.91210269418502
2247,汎德永業,車輛買賣,228.5,15830251.65,True,71.045197740113,37.74744027303754,-6.99,2026-06-01,False,37.80234968901175,-1.9313304721030045,0.24047592627724423,73.35473515248796,13.173333333333334,37.40112994350282,67.00564971751413,97.28813559322033,48.92655367231639,73.78531073446327,64.88135593220339,8.73015873015873,32.01304815711595
2634,漢翔,機車船製造,61.7,3817650357.140001,True,92.24511930585683,15.187713310580206,7.23,2026-06-01,False,8.333333333333332,6.379310344827591,0.0004975293503427228,86.2937062937063,-5.553333333333331,6.892655367231638,88.70056497175142,44.632768361581924,79.2090395480226,21.807909604519775,48.24858757062147,26.87074829931973,31.067969560705638
1442,名軒,建設,30.1,14166568.59,True,38.42696629213483,62.86689419795222,26.79,2026-06-01,False,55.932203389830505,5.79964850615115,0.02407204891312224,44.72511144130758,49.52666666666667,55.932203389830505,87.68361581920904,57.6271186440678,2.2598870056497176,95.14124293785311,59.728813559322035,53.74149659863946,31.06249279372766
6472,保瑞,藥,417.5,350506264.425,True,89.69631236442517,18.361774744027304,39.22,2026-06-01,False,15.909090909090908,-1.9953051643192488,0.07103620959054338,52.714646464646464,21.906666666666666,15.480225988700566,66.55367231638418,77.62711864406779,6.666666666666667,85.42372881355932,50.35028248587571,67.3469387755102,30.735039778623314
9921,巨大,其他,92.4,285452387.57000005,True,96.46723646723648,7.440273037542662,15.98,2026-06-01,False,8.695652173913043,27.09766162310867,0.09528086262986464,84.38356164383562,9.766666666666666,7.344632768361582,99.43502824858757,83.61581920903954,75.36723163841808,67.45762711864407,66.64406779661017,39.569160997732425,30.71149928898113
4303,信立,石化,45.05,19197605.25,True,55.65974547890155,49.965870307167236,-10.0,2026-06-01,False,75.0,-1.2061403508772024,0.14306288790780108,53.95209580838323,-14.543333333333333,75.36723163841808,69.83050847457626,90.28248587570621,7.909604519774012,12.768361581920903,51.23163841807909,7.029478458049887,30.118951535416425
1702,南僑,油脂飼料,33.5,10365052.962500002,True,99.34924078091106,1.6382252559726962,2.76,2026-06-01,False,10.0,2.760736196319014,0.2395004367787148,82.51231527093596,3.3366666666666664,8.926553672316384,81.46892655367232,97.06214689265536,70.73446327683615,47.45762711864407,61.12994350282486,19.047619047619047,29.309927360774818
6620,漢達,藥,84.5,91756698.91,True,53.02013422818792,52.42320819112628,-21.75,2026-06-01,False,27.27272727272727,-15.07537688442211,-0.018208896468143946,56.14617940199336,23.26333333333333,27.74011299435028,24.293785310734464,34.12429378531073,10.508474576271185,86.89265536723164,36.71186440677966,3.061224489795918,29.25400668742073
4979,華星光,通信網路,488.0,4080547771.425,True,93.94273127753304,12.969283276450511,27.68,2026-06-01,False,20.408163265306122,12.83236994219653,0.027948933663325962,67.96657381615599,8.850000000000001,20.677966101694913,94.57627118644068,59.66101694915255,34.80225988700565,65.08474576271186,54.960451977401135,54.98866213151927,28.973154233444788
2905,三商,百貨批發,16.4,21100498.4225,True,84.11978221415607,25.802047781569964,-19.95,2026-05-01,False,5.555555555555555,6.493506493506482,0.23901524880560124,95.906432748538,-111.84666666666666,4.1807909604519775,88.8135593220339,96.94915254237289,95.02824858757062,1.92090395480226,57.378531073446325,3.2879818594104306,28.420865521349782
8240,華宏,光電及I/O,42.35,13237267.307500001,True,93.38394793926247,14.061433447098976,-7.7,2026-06-01,False,21.428571428571427,-13.21721311475409,0.22063722733949842,56.61764705882353,-2.546666666666667,21.525423728813557,30.508474576271187,95.36723163841808,11.186440677966102,29.717514124293785,37.66101694915254,8.503401360544217,27.676697797763175
7734,印能科技,電子設備,3375.0,991124297.5,True,89.54802259887006,18.56655290102389,-6.43,2026-06-01,False,34.24657534246575,19.047619047619047,0.06260683698270779,77.14285714285715,-69.60666666666667,34.01129943502825,97.74011299435028,74.57627118644068,58.98305084745763,2.824858757062147,53.6271186440678,9.183673469387756,26.10947768938084
8039,台虹,印刷電路板,237.5,6027351271.275,True,99.24078091106291,1.877133105802048,-6.57,2026-06-01,False,4.878048780487805,54.22077922077923,0.02171587635840202,92.7734375,-4.130000000000001,3.389830508474576,100.0,56.49717514124294,89.94350282485875,24.97175141242938,54.960451977401135,9.070294784580499,25.600907029478456
3008,大立光,消費性電子,4385.0,10192878933.75,True,91.97396963123644,15.597269624573379,-10.46,2026-06-01,False,15.0,11.012658227848101,-0.05327792006727667,84.40808469682388,-29.35666666666667,14.463276836158192,93.89830508474576,20.112994350282488,75.48022598870057,6.440677966101695,42.079096045197744,6.349206349206349,25.598601022329838
9914,美利達,其他,80.8,370259069.13500005,True,49.719276356830946,54.8122866894198,-5.51,2026-06-01,False,43.47826086956522,10.989010989010989,0.09377915526258529,70.26086956521739,-5.013333333333333,43.22033898305085,93.78531073446328,83.05084745762711,41.12994350282486,23.27683615819209,56.89265536723165,9.977324263038549,25.135574003612746
4770,上品,樹脂,216.5,89700629.45,True,87.05357142857143,21.22866894197952,-6.95,2026-06-01,False,28.57142857142857,-0.45977011494252873,0.11506430781679144,67.86833855799374,-10.746666666666666,28.8135593220339,72.65536723163842,86.4406779661017,34.463276836158194,15.36723163841808,47.548022598870055,8.843537414965986,24.866251585379914
3548,兆利,電子零組件,76.1,18474065.109999996,True,97.45119305856834,4.300341296928328,7.06,2026-06-01,False,5.517241379310345,-7.9806529625151255,0.1587140279343381,60.158102766798415,17.073333333333334,4.067796610169491,48.13559322033898,91.86440677966101,16.610169491525422,80.11299435028249,48.158192090395474,26.53061224489796,24.76824628156347
8111,立碁,光電及I/O,59.4,690586661.1175001,True,93.76355748373102,13.48122866894198,2.34,2026-06-01,False,20.0,18.091451292246525,-0.005328585313832116,73.4239802224969,6.076666666666666,20.0,97.40112994350282,41.920903954802256,49.03954802259887,57.96610169491525,53.265536723163834,18.480725623582767,22.529785925669703
8454,富邦媒,數位雲端,283.5,238556501.2,True,38.06941431670282,63.24232081911263,6.5,2026-06-01,False,25.0,5.7835820895522385,0.07299051767358009,63.07007786429366,2.526666666666667,25.480225988700568,87.57062146892656,78.4180790960452,21.468926553672315,44.293785310734464,51.44632768361582,25.170068027210885,21.137149775164303
4971,IET-KY,半導體,460.5,495680642.725,True,91.35714285714286,16.450511945392492,-6.26,2026-06-01,False,26.153846153846157,9.382422802850355,-0.012115154391959572,52.80963302752294,-12.943333333333332,26.666666666666668,91.86440677966101,38.64406779661017,6.779661016949152,13.785310734463277,35.548022598870055,9.63718820861678,12.804777278142897
2540,愛山林,建設,54.9,127469170.62,True,99.07809110629067,2.0819112627986347,-49.07,2026-06-01,False,1.694915254237288,3.97727272727273,0.1343642372575527,64.28571428571428,3.2433333333333323,0.7909604519774011,84.18079096045197,89.60451977401131,24.463276836158194,46.779661016949156,49.163841807909606,0.9070294784580499,10.495118951535417
