stock_id,name,industry,close,adv20,pe_hist_pct,value_pct,revenue_yoy,value_ind_pct,momentum20,chip20_turnover,high52_prox,rev_accel,value_ind_pct_pool_pct,momentum20_pool_pct,chip20_turnover_pool_pct,high52_prox_pool_pct,rev_accel_pool_pct,revenue_yoy_pool_pct,composite,c2_score
8271,宇瞻,半導體,217.0,1252745377.775,0.1611170784103115,94.68997361477572,164.99109952863105,97.72727272727273,-4.405286343612335,0.002326886976329447,83.30134357005758,-31.699266980912626,97.09976798143852,25.52204176334107,52.088167053364266,67.74941995359629,6.526806526806526,94.41860465116278,49.79724065570933,83.43643770571414
6416,瑞祺電通,電腦及週邊,95.5,66450137.614999995,17.883995703544574,71.37203166226914,73.50202600358298,76.27118644067797,-4.116465863453811,0.04371095978462482,89.67136150234741,23.961350669055314,77.1461716937355,27.030162412993043,69.1415313225058,81.90255220417633,86.48018648018649,83.25581395348837,68.34012082271944,78.81859385960179
3709,鑫聯大投控,電子通路,64.9,50373173.68,1.1278195488721803,88.88522427440633,101.52637957541816,88.46153846153845,-17.430025445292607,-0.2200583450548613,69.86006458557588,43.157586383612134,88.8631090487239,3.596287703016241,2.668213457076566,36.31090487238979,94.63869463869464,89.53488372093024,45.215441943980224,77.77815248475692
6691,洋基工程,電子設備,603.0,501471036.7,51.9893899204244,43.007915567282325,177.05928675368122,70.12987012987013,-13.610315186246414,-0.20067246970382158,75.65872020075282,52.18952450245412,70.88167053364269,6.2645011600928076,3.480278422273782,50.34802784222738,95.8041958041958,95.0,45.35573475248649,77.49129930394432
5289,宜鼎,半導體,1345.0,3933876567.25,0.26852846401718583,93.27176781002639,636.5284673102367,96.96969696969697,-8.19112627986348,-0.060082573221909956,67.58793969849246,-21.351021793175505,96.2877030162413,15.893271461716937,25.870069605568446,30.510440835266824,8.508158508158509,98.95348837209302,35.4139286853904,77.46459019047104
4967,十銓,半導體,272.5,1503074962.925,0.26936026936026936,93.07387862796834,98.74936839745938,96.21212121212122,2.6365348399246757,-0.0005480855179981655,89.49096880131363,16.63624559830626,95.82366589327145,56.72853828306265,51.04408352668214,81.55452436194895,80.88578088578089,88.72093023255813,73.20731859014921,77.34264555117898
7769,鴻勁,電子設備,5870.0,3580374502.75,12.432432432432433,76.31926121372031,100.82936560651764,89.6103896103896,-10.107197549770286,0.04360617290600213,71.06537530266344,3.8262437376784106,89.79118329466357,11.252900232018561,69.02552204176334,39.675174013921115,51.981351981351985,89.30232558139535,52.34522631274372,76.87894566449037
3028,增你強,電子通路,64.0,78026488.675,17.23952738990333,71.96569920844327,117.5894936306649,73.07692307692307,-10.739191073919107,-0.1758900018361708,75.82938388625593,22.33966242044326,74.07192575406032,9.62877030162413,5.68445475638051,50.696055684454755,85.66433566433567,91.51162790697674,45.149108432171076,76.66270976096692
7750,新代,機械,2200.0,1044040206.25,37.06896551724138,55.93667546174142,202.64615215875855,77.77777777777779,-10.569105691056912,-0.0780646722001739,71.66123778501628,55.21076810583904,78.65429234338747,10.150812064965198,19.837587006960558,41.76334106728538,95.92074592074592,95.93023255813954,49.265355680668904,76.5492634759618
6023,元大期,期貨,86.1,42405484.565,0.8592910848549946,89.77572559366754,95.7996553406942,89.77572559366754,-1.8244013683010318,-0.19598111594281503,79.72222222222221,8.356436893796143,89.90719257540604,34.5707656612529,3.596287703016241,60.20881670533643,65.85081585081585,88.13953488372093,50.82677569916549,75.92119462580263
6024,群益期,期貨,63.0,18032574.61,1.1815252416756177,88.65435356200527,81.00240598588135,88.65435356200527,5.5276381909547645,0.17020874549377427,96.62576687116564,79.45493732392104,89.0951276102088,66.35730858468676,93.03944315545245,95.35962877030161,97.2027972027972,85.34883720930233,88.21086106468938,75.8615712512815
5522,遠雄,建設,63.8,50058293.92,2.9001074113856067,85.22427440633246,189.242108725136,91.37931034482759,-0.9316770186335588,-0.03330752458629684,77.61557177615572,-775.5519275165761,91.29930394431554,38.74709976798144,35.382830626450115,54.872389791183295,0.34965034965034963,95.46511627906978,44.13025489591615,75.72242756164678
8383,千附,電子設備,64.2,157591493.365,11.840562719812427,76.64907651715039,77.53288049990522,90.9090909090909,-9.577464788732392,-0.10621081481821008,71.01769911504424,-30.36474633339651,91.0092807424594,12.529002320185615,14.037122969837586,39.443155452436194,6.75990675990676,84.65116279069768,32.75569364896511,75.64364916635192
3260,威剛,半導體,395.0,4759125874.925,0.058788947677836566,95.71240105540898,331.2914329214349,98.48484848484848,-0.2525252525252486,0.04023074696999159,75.23809523809524,80.0276219476232,97.79582366589327,42.5754060324826,67.63341067285383,49.651972157772626,97.31934731934732,97.67441860465115,70.99519196966992,75.63670209895861
8112,至上,電子通路,89.3,1599049604.15,9.774436090225564,78.29815303430078,333.4839037607871,84.61538461538461,3.596287703016232,0.06495950817396258,88.85572139303483,60.8726025071914,85.03480278422273,60.556844547563806,75.9860788863109,80.04640371229699,96.27039627039628,97.79069767441861,79.57890524015814,75.57876490584363
6265,方土昶,電子通路,54.1,425406269.825,0.0,98.15303430079155,712.4297707666396,98.07692307692307,5.458089668615984,0.02924204467563178,84.66353677621284,-287.0001528222401,97.50580046403712,66.0092807424594,63.22505800464037,71.11368909512761,1.282051282051282,99.06976744186046,59.827175917663155,75.41999406464144
3290,東浦,電子零組件,46.55,28230062.297500003,1.7271157167530224,87.53298153034301,89.85296100044589,98.02631578947368,-12.50000000000001,-0.16399952286597042,65.2875175315568,-1.7246926663693216,97.33178654292344,7.77262180974478,6.844547563805105,25.290023201856147,30.76923076923077,86.62790697674419,33.601641977512045,75.36927372794474
2451,創見,半導體,286.0,1906341766.925,0.644468313641246,90.66622691292876,307.65627206955537,95.45454545454545,1.2389380530973382,0.07579053624575721,78.67950481430537,-78.68915195362973,95.1276102088167,50.232018561484914,78.88631090487239,58.0046403712297,2.9137529137529135,97.44186046511628,57.03286659203131,75.08552312091945
2364,倫飛,電腦及週邊,66.0,59788910.045,0.0,98.15303430079155,51.51270705876715,97.45762711864407,-6.515580736543902,0.10103291330721995,74.91486946651533,13.40847137251145,96.8677494199536,19.489559164733176,83.75870069605568,48.72389791183295,76.22377622377621,73.83720930232558,65.01273668327033,74.98482436734474
4916,事欣科,電腦及週邊,96.7,365277030.665,29.20984455958549,61.60949868073878,128.94577120992216,67.79661016949152,-7.464114832535884,-0.07492314568585957,77.6706827309237,24.340514139948127,68.79350348027842,17.053364269141532,21.229698375870072,55.22041763341067,86.7132867132867,92.32558139534883,49.80205409439748,74.82153455997411
2501,國建,建設,22.5,35815131.19,9.505907626208378,78.49604221635884,119.67349677675224,86.20689655172413,1.1235955056179803,-0.0028295636516999126,83.33333333333334,104.2223311845015,86.77494199535964,49.47795823665893,50.46403712296984,68.15545243619489,98.36829836829837,91.62790697674419,70.64813763189633,74.27008579290994
3046,建碁,電腦及週邊,55.0,33463239.15,3.7845705967976713,83.90501319261213,51.65320953731184,86.4406779661017,-0.9009009009009028,0.061552079142141884,85.9375,15.382139691541205,87.00696055684455,38.97911832946635,75.1740139211137,74.8259860788863,79.6037296037296,74.06976744186046,71.1179616980081,74.23089893703124
1618,合機,電纜,39.5,31966677.71,0.4944375772558714,91.42480211081794,187.03179652280383,100.0,2.5974025974025983,0.13949133126860863,78.84231536926147,86.20786434853588,99.24593967517401,56.496519721577734,89.55916473317865,58.35266821345708,97.55244755244755,95.34883720930233,80.24134797916699,74.11273134408893
6922,宸曜,電腦及週邊,201.0,63079586.025,3.22108345534407,84.89445910290237,89.29901138346156,88.13559322033898,3.3419023136246784,0.0629692535289384,88.93805309734513,17.11600758897437,88.51508120649652,59.51276102088167,75.75406032482599,80.2784222737819,81.70163170163171,86.39534883720931,77.15239130552355,73.91902282415151
3006,晶豪科,半導體,277.0,3812152321.05,19.311962470680218,69.85488126649076,491.0617601014743,83.33333333333334,15.899581589958167,0.027224194797116928,98.22695035460993,118.98784006764953,83.75870069605568,86.1368909512761,62.2969837587007,97.4477958236659,98.6013986013986,98.6046511627907,85.6483539662194,73.41856418280905
3033,威健,電子通路,44.15,257341327.57750002,27.38990332975295,63.06068601583114,78.71068980000454,65.38461538461539,-7.635983263598323,-0.11074106195130377,79.40647482014388,25.053793200003028,65.54524361948955,16.82134570765661,13.109048723897912,59.39675174013921,87.41258741258741,85.0,48.45699544075414,73.28016241299304
1342,八貫,塑膠製品,102.0,19862278.825,15.751960085531005,73.41688654353563,76.92275445022611,73.41688654353563,0.0,-0.0021125472297983945,86.80851063829788,25.501836300150735,74.47795823665894,43.21345707656612,50.580046403712295,75.9860788863109,87.64568764568764,84.30232558139535,66.38064564978717,72.88822640694977
4541,晟田,機車船製造,62.8,300181779.15,2.5416997617156474,86.01583113456465,39.15758750688538,84.61538461538461,-4.8484848484848575,-0.053833199394023576,82.95904887714663,3.158391671256915,85.03480278422273,23.665893271461716,28.306264501160094,66.70533642691416,48.36829836829837,62.67441860465116,50.41611907041141,72.68716613608159
8926,台汽電,公用事業,56.6,200090562.025,1.7722878625134264,87.36807387862797,1459.059391627652,66.66666666666666,-10.584518167456547,-0.16656464705408994,68.85644768856449,143.489594418435,66.9953596287703,9.976798143851507,6.148491879350348,33.874709976798144,99.18414918414918,99.76744186046511,43.2359017625839,72.66517833054552
6279,胡連,汽車組件,118.0,117232175.075,2.309344790547798,86.54353562005277,38.19900139623272,97.2972972972973,-0.8403361344537785,0.22726031370432626,84.89208633093526,2.112667597488489,96.51972157772622,39.559164733178655,96.51972157772622,71.80974477958236,43.93939393939394,61.86046511627907,69.66954932152147,72.65769168510225
7828,創新服務,電子設備,1755.0,324578424.25,17.20430107526882,72.0976253298153,397.15776149744926,85.71428571428571,0.28571428571428914,0.05388442500342479,75.48387096774194,93.28184099830071,86.19489559164734,44.08352668213457,72.8538283062645,50.11600928074246,98.01864801864801,98.13953488372093,70.25338157588737,72.59172826849404
1256,鮮活果汁-KY,飲料乳品,173.0,14652009.375,0.5907626208378088,90.89709762532982,21.989563860780564,100.0,-6.989247311827961,-0.0250342483315385,82.57756563245823,-10.650290759479624,99.24593967517401,18.561484918793504,39.559164733178655,65.77726218097449,15.5011655011655,41.627906976744185,47.72900340185723,72.0224059785248
1232,大統益,油脂飼料,155.5,25714125.675,8.700322234156822,79.28759894459102,41.52200689908524,87.5,1.967213114754096,0.08411304037329105,92.28486646884274,18.94800459939016,88.10904872389791,53.94431554524361,80.62645011600928,87.70301624129931,83.21678321678321,65.46511627906978,78.71992276864665,71.83321642475585
9958,世紀鋼,基本金屬,88.4,217973307.32,0.0,98.15303430079155,91.16365936144376,98.80952380952381,-17.383177570093455,-0.21273239443176245,50.51428571428572,29.7524395742958,98.08584686774941,3.82830626450116,3.248259860788863,5.452436194895592,90.32634032634033,87.09302325581395,40.18823790285508,71.70075001348944
8415,大國鋼,基本金屬,37.35,22559420.142500002,19.87110633727175,69.26121372031663,36.75971189369425,76.19047619047619,0.6738544474393482,0.1273490200976494,96.63648124191462,5.419807929129508,77.03016241299304,46.51972157772622,87.81902552204176,95.47563805104409,57.80885780885781,59.651162790697676,72.93068107453259,71.40931041925214
2072,世紀風電,基本金屬,138.0,57846237.25,0.0,98.15303430079155,105.65363257145547,98.80952380952381,-14.28571428571429,-0.1781471028071294,43.94904458598726,9.702421714303654,98.08584686774941,5.800464037122969,5.452436194895592,2.2041763341067284,69.11421911421911,90.46511627906978,36.131428509618765,71.23866886095074
4973,廣穎,半導體,146.5,334345407.2,9.501738122827346,78.56200527704486,228.14322726799293,89.39393939393939,-1.0135135135135087,-0.032911819122175376,69.76190476190476,23.9321515119953,89.4431554524362,38.39907192575406,35.730858468677496,35.614849187935036,86.36363636363636,96.27906976744185,57.11031427968783,70.73450062051475
5880,合庫金,金融控股,26.7,545390103.4225,46.50912996777659,47.724274406332455,20.439422041890708,92.3076923076923,0.3759398496240518,0.07896735442787794,96.73913043478261,3.9529480279271425,92.05336426914154,44.779582366589324,79.35034802784223,95.70765661252901,52.680652680652685,39.883720930232556,72.91432079135095,70.71628986132845
5288,豐祥-KY,機車船製造,187.0,22619693.125,37.54027926960258,55.4089709762533,52.80833066831479,46.15384615384615,-2.3498694516971286,0.11008987567719913,94.68354430379748,-11.491112887790145,46.98375870069606,31.786542923433874,85.1508120649652,92.69141531322505,14.801864801864802,74.53488372093024,54.282878760836994,70.60587870285437
4560,強信-KY,機械,29.45,12637098.42,8.378088077336198,79.74934036939314,30.407331351334783,91.66666666666666,-6.656101426307448,-0.06092714932229035,79.06040268456375,0.9382209008898528,91.70533642691416,19.02552204176334,25.406032482598604,58.584686774942,39.86013986013986,51.04651162790697,46.916343517271585,70.57775319699995
3135,凌航,半導體,172.5,444691811.725,3.435114503816794,84.49868073878628,204.3244857198993,90.9090909090909,-2.2662889518413554,-0.03261555262565219,66.21880998080614,8.052990479932902,91.0092807424594,32.36658932714617,35.84686774941995,26.91415313225058,64.6853146853147,96.04651162790697,50.16444112731816,70.40083904386769
2101,南港,輪胎,31.4,75180513.0925,0.0,98.15303430079155,43.08944049921378,90.0,-8.853410740203206,-0.05287224426900956,70.72072072072072,-133.6070396671908,90.02320185614849,14.385150812064964,28.770301624129928,38.51508120649652,1.9813519813519813,67.32558139534883,34.735017496038374,70.36967841148221
4739,康普,其他化學,82.3,143248143.73000002,1.4908256880733946,87.99472295514512,128.9172485640275,93.75,-4.190919674039595,-0.05471596099910055,63.30769230769231,1.031499042685013,93.50348027842227,26.5661252900232,27.7262180974478,20.301624129930396,39.976689976689975,92.2093023255814,41.614827554502725,69.86207036097773
3708,上緯投控,樹脂,100.0,54711228.625,0.644468313641246,90.66622691292876,100.18023971882604,100.0,2.8806584362139898,0.07453402726033562,74.90636704119851,22.68682647921736,99.24593967517401,57.772621809744784,78.65429234338747,48.60788863109048,85.8974358974359,89.18604651162791,74.03563567136652,69.8168132520369
2542,興富發,建設,48.65,392174581.6875,28.356605800214822,62.203166226912934,196.58747366830235,62.06896551724138,10.442678774120328,0.3179197569173501,99.69262295081968,-579.1683508877984,62.41299303944315,78.07424593967517,99.07192575406032,97.91183294663574,0.6993006993006993,95.5813953488372,67.63405967582301,69.45799384881023
3231,緯創,電腦及週邊,188.5,9599105773.925,58.53920515574651,37.66490765171504,60.760461865560174,35.59322033898305,-2.3316062176165775,-0.004067397204422767,95.68527918781726,9.476974577040131,35.84686774941995,31.90255220417633,49.53596287703016,94.19953596287704,68.18181818181817,77.79069767441861,55.93334739506433,68.98363729563482
2344,華邦電,半導體,169.0,26799857214.6,43.16498316498317,50.3957783641161,291.54754061439485,68.93939393939394,0.0,-0.026488118010457622,76.12612612612612,70.41502707626327,69.60556844547564,43.21345707656612,38.39907192575406,51.27610208816705,96.73659673659674,97.20930232558139,59.84615925451192,68.71937894566449
6756,威鋒電子,半導體,100.5,15008746.919999998,49.60173787110789,45.44854881266491,70.6831795681735,60.60606060606061,1.2084592145015227,0.17736390289173398,89.33333333333333,23.435453045449,61.02088167053365,50.11600928074246,93.96751740139212,81.20649651972158,86.24708624708624,82.44186046511628,74.51159822389522,68.63830734365726
5876,上海商銀,本國銀行,45.95,320180751.025,21.75080558539205,67.61213720316623,19.610101445988832,100.0,4.077010192525488,0.16029629096524975,97.76595744680851,12.776734297325888,99.24593967517401,61.60092807424594,91.9953596287703,96.98375870069606,74.94172494172494,39.06976744186046,84.95354220412226,68.42463443587116
6914,阜爾運通,其他運儲,122.0,16449018.25,0.35149384885764495,92.34828496042216,9.953707717114275,92.34828496042216,-17.006802721088434,-0.0768492547327519,78.70967741935485,0.6191384780761844,92.22737819025522,4.176334106728538,20.533642691415313,58.12064965197216,38.6946386946387,26.27906976744186,42.75052866700198,68.11269087573518
6419,京晨科,光電及I/O,146.0,71454122.525,0.0,98.15303430079155,474.4745853756799,96.66666666666667,7.352941176470584,0.028022030647576673,75.06426735218508,78.66972358378666,95.99767981438515,71.80974477958236,62.76102088167054,49.187935034802784,97.08624708624708,98.48837209302326,75.36852551933757,67.96606054065721
8462,柏文,其他,165.5,20820423.45,2.5193798449612403,86.08179419525067,18.2768817966233,87.5,-0.6006006006005982,0.05294387873885948,92.20055710306406,-1.2054121355844671,88.10904872389791,40.71925754060325,72.62180974477958,87.58700696055685,32.634032634032636,36.74418604651163,64.33423112077404,67.93024604759078
3576,聯合再生,光電及I/O,17.05,174314488.1,0.9463722397476341,89.28100263852242,72.74884307951199,85.33333333333334,-6.57534246575342,0.03426793929009669,63.857677902621724,42.45922871967464,85.7308584686775,19.25754060324826,65.31322505800465,22.157772621809745,94.28904428904428,83.02325581395348,57.349688208156884,67.91358657529813
6902,GOGOLOOK,資訊服務,124.0,10961860.075,0.0,98.15303430079155,30.830670926517573,97.87234042553192,0.8130081300812941,-0.003633055536692339,84.06779661016948,-0.8328860489882821,97.21577726218096,47.44779582366589,50.0,70.18561484918794,34.26573426573427,51.27906976744187,59.822984440153824,67.80816651378622
3528,安馳,電子通路,82.4,26492946.785,0.0,98.15303430079155,62.596694973543904,98.07692307692307,-7.2072072072072,-0.0678018832498693,58.85714285714286,0.32112998236259926,97.50580046403712,17.865429234338748,22.96983758700696,12.529002320185615,37.645687645687644,78.95348837209303,37.70315145025121,67.78071548049425
2836,高雄銀,本國銀行,12.25,16072111.985,37.21804511278196,55.8047493403694,30.289453596595145,88.88888888888889,3.813559322033888,0.08752006003622205,94.23076923076923,10.499635731063428,89.21113689095128,61.02088167053365,81.32250580046404,91.64733178654292,71.0955710955711,50.93023255813953,78.85948544881259,67.69195489127502
6209,今國光,消費性電子,81.1,743042939.78,2.3255813953488373,86.41160949868075,93.15669629040104,94.73684210526315,12.795549374130722,-0.03226098321749664,83.43621399176953,14.114464193600682,94.25754060324826,80.74245939675174,36.07888631090487,68.79350348027842,77.3892773892774,87.55813953488372,71.45233343609213,67.46668105541467
2883,凱基金,金融控股,35.9,1341847076.0025,46.670247046186894,47.59234828496042,,84.61538461538461,13.607594936708844,0.17024278125026238,100.0,,85.03480278422273,82.830626450116,93.15545243619489,99.0139211136891,,,90.00870069605568,67.07269914926528
3498,陽程,電子設備,192.0,495316117.1,31.189083820662766,60.35620052770449,712.5764026871038,75.32467532467533,69.91150442477876,0.08057177637596606,94.34889434889435,435.7909351247359,76.45011600928075,99.4199535962877,79.81438515081206,91.87935034802784,99.76689976689977,99.18604651162791,89.46614097426162,67.0238898181622
6570,維田,電腦及週邊,50.4,10750686.569999998,59.505907626208376,36.87335092348285,99.23806330222249,33.89830508474576,-11.423550087873458,-0.06270298217195888,76.94656488549619,47.52537553481498,34.5707656612529,8.816705336426914,24.709976798143853,53.480278422273784,95.1048951048951,88.83720930232558,43.33652426459851,67.01788701235634
6913,鴻呈,電子零組件,149.0,115645932.525,19.742489270386265,69.52506596306068,67.45029155697715,87.5,17.786561264822144,0.13077338145704184,91.6923076923077,12.850194371318096,88.10904872389791,88.63109048723898,88.16705336426914,86.19489559164734,75.17482517482517,81.74418604651163,85.2553826683757,66.85425996870448
5484,慧友,光電及I/O,39.1,13488153.11,0.0,98.15303430079155,39.82983612836156,96.66666666666667,-5.32687651331718,0.00047433182766563637,67.53022452504318,-98.99677591442563,95.99767981438515,22.621809744779583,51.39211136890951,30.162412993039446,2.331002331002331,63.604651162790695,40.50100325042321,66.78573355635893
3209,全科,電子通路,47.0,118776535.67,7.465091299677766,80.37598944591029,47.90321417097528,86.53846153846155,-19.93185689948893,-0.18983432819400792,57.73955773955773,-35.56452388601647,87.29698375870069,2.088167053364269,4.408352668213457,10.788863109048725,5.477855477855478,70.81395348837209,22.012044413436524,66.70290832568931
2316,楠梓電,印刷電路板,153.0,382969614.05,42.80343716433942,50.72559366754618,74.43152295785818,83.72093023255815,-4.075235109717868,-0.053874824804780064,65.2452025586354,27.31768197190548,84.22273781902551,27.1461716937355,28.190255220417633,25.17401392111369,89.5104895104895,83.6046511627907,50.848733632956375,66.4638078022986
3356,奇偶,光電及I/O,62.4,43621406.9,0.26896180742334586,93.13984168865436,35.52111422363013,90.66666666666666,9.281961471103317,0.05420312836970271,95.26717557251908,17.004076149086753,90.60324825986079,75.9860788863109,72.96983758700696,93.7354988399072,81.46853146853147,57.44186046511628,82.95263900832346,66.44863216964333
7788,松川精密,電子零組件,315.0,611891132.125,36.915887850467286,56.134564643799465,99.38026927764786,78.28947368421053,50.0,0.02793051295590487,96.18320610687023,30.00684618509858,79.35034802784223,98.14385150812065,62.64501160092807,95.01160092807424,90.79254079254079,88.95348837209302,85.18867057150119,66.29289645497221
2885,元大金,金融控股,68.5,1466664401.675,93.01825993555317,9.300791556728234,78.98535443204022,23.076923076923077,-1.2968299711815678,-0.0886088010157942,95.8041958041958,,23.08584686774942,37.7030162412993,17.40139211136891,94.3155452436195,,85.11627906976744,43.12645011600928,66.20366373495926
1608,華榮,電纜,36.35,227112851.87749997,0.51513200257566,91.35883905013192,42.66714973997304,90.9090909090909,8.832335329341333,0.17808548164314753,89.64241676942048,21.38476649331538,91.0092807424594,75.1740139211137,94.08352668213456,81.78654292343387,84.84848484848484,66.97674418604652,85.38036982352529,66.14963848270652
3229,晟鈦,印刷電路板,48.6,107144866.53500001,0.0,98.15303430079155,76.76510854684139,100.0,9.830508474576272,-0.025319394141855668,78.64077669902913,-1.7865943021057262,99.24593967517401,77.03016241299304,39.21113689095127,57.888631090487245,30.536130536130536,84.18604651162791,60.78240012114723,66.07261371607403
1736,喬山,家電製品,122.0,111628977.875,0.17251293847038526,94.26121372031663,35.797087871428026,89.47368421052632,-9.293680297397767,0.0770843052104952,66.66666666666666,18.48805858095198,89.61716937354988,12.993039443155451,79.11832946635731,28.074245939675173,82.63403263403264,57.906976744186046,58.48736337135409,65.65133815356391
5534,長虹,建設,76.6,76907413.59,72.87862513426423,26.781002638522427,269.79263095650754,20.689655172413794,-1.9206145966709331,0.14525396911002758,88.04597701149424,-12.404912695661608,20.417633410672853,33.990719257540604,90.13921113689095,79.00232018561485,13.752913752913754,96.86046511627907,47.4605595487266,65.57242486375654
2618,長榮航,空運,42.8,1184353457.3174999,34.375,58.113456464379944,21.4174911221396,58.113456464379944,-2.2831050228310557,0.11563632958544888,95.32293986636971,-1.9516725852402672,59.164733178654295,32.25058004640371,86.42691415313224,93.85150812064965,29.953379953379955,41.04651162790698,60.32942309044398,65.4530432202018
2305,全友,光電及I/O,30.1,151832612.22250003,1.4084507042253522,88.19261213720317,197.79519679786523,84.0,2.555366269165238,-0.029022657267464922,70.5744431418523,51.81013119857681,84.33874709976799,56.264501160092806,37.7030162412993,37.81902552204176,95.57109557109557,95.81395348837209,62.33927711885948,65.42680623752226
6944,兆聯實業,資源回收,695.0,204552944.35,0.0,98.15303430079155,29.310339870446136,95.65217391304348,-11.689961880559085,-0.21482347702790872,64.95327102803739,-6.529773419702579,95.30162412993039,8.468677494199536,3.1322505800464038,24.709976798143853,21.21212121212121,50.116279069767444,30.564930042888278,65.41480062591054
1307,三芳,石化,30.35,19998554.0925,0.9129967776584319,89.6108179419525,11.016019950747893,94.73684210526315,-5.156249999999996,-0.11237696999915206,81.14973262032086,0.5906799671652596,94.25754060324826,22.96983758700696,12.645011600928074,62.87703016241299,38.46153846153847,27.44186046511628,46.24219168302695,65.40164841094264
4556,旭然,其他電製品,66.3,24249529.115000002,58.552247518972564,37.598944591029024,67.43059657412877,75.0,-21.53846153846154,-0.0771016010500577,50.037735849056595,39.61706438275252,75.92807424593968,1.2761020881670533,20.417633410672853,5.104408352668213,94.05594405594405,81.62790697674419,39.35643243067837,65.34607187179625
2408,南亞科,半導體,477.5,43185529882.825,58.06451612903226,38.19261213720316,719.6141344528174,52.27272727272727,7.303370786516861,0.03185575068032799,88.26247689463955,29.249422968544877,53.94431554524361,71.6937354988399,64.2691415313225,79.35034802784223,90.20979020979021,99.4186046511628,71.89346616260768,65.25488318135218
6669,緯穎,電腦及週邊,2475.0,11116295559.5,0.0,98.15303430079155,39.22548649319523,97.45762711864407,-59.91902834008097,-0.146152346570331,31.73076923076923,10.166990995463486,96.8677494199536,0.23201856148491878,8.352668213457076,0.8120649651972157,70.3962703962704,62.906976744186046,35.332154311272646,65.08869314196298
4772,台特化,其他化學,247.0,160545027.425,0.8456659619450317,89.84168865435356,269.2729985535143,100.0,4.219409282700415,-0.030634702603404094,65.69148936170212,8.208665702342842,99.24593967517401,62.064965197215784,36.65893271461717,25.870069605568446,65.26806526806527,96.74418604651163,57.821594492128135,64.94880753250958
3305,昇貿,印刷電路板,108.5,201254441.525,34.64017185821697,57.98153034300791,59.23071292224356,88.37209302325581,-2.6905829596412523,-0.0816402154658183,64.77611940298507,-9.636191385170953,88.74709976798144,30.8584686774942,19.1415313225058,24.477958236658935,17.482517482517483,76.9767441860465,36.14151509743157,64.83583337829816
2442,新美齊,建設,19.3,29742982.327499997,15.895953757225435,73.28496042216359,233.9341638249008,79.3103448275862,1.8469656992084582,-0.08790980220220804,69.42446043165468,89.57610921660054,80.51044083526682,52.78422273781903,17.98143851508121,35.150812064965194,97.66899766899768,96.3953488372093,56.81918236442599,64.81809474990557
9925,新保,保全,39.7,28546633.2625,1.8796992481203008,87.20316622691293,2.0074442166275945,87.20316622691293,-0.9975062344139585,-0.3985382089176783,95.66265060240966,-1.1217038555816061,87.81902552204176,38.51508120649652,0.34802784222737815,94.08352668213456,33.44988344988345,15.232558139534882,50.84310894055673,64.65500728430368
2374,佳能,消費性電子,67.9,201182535.44,20.35830618892508,68.73350923482849,64.11079364944591,89.47368421052632,-2.020202020202011,-0.035239653059765126,63.45794392523365,27.14386243296395,89.61716937354988,33.17865429234338,34.5707656612529,20.88167053364269,89.16083916083916,80.23255813953489,53.481819804325596,64.38818593859602
6146,耕興,檢測驗證,185.0,54113090.1,32.33082706766917,59.79551451187335,10.638348906502353,100.0,-4.639175257731953,-0.16284338689092706,77.56813417190776,-1.7177673956651045,99.24593967517401,24.361948955916475,6.960556844547564,54.524361948955914,30.885780885780882,26.976744186046513,43.19571766207497,64.096274213565
9917,中保科,保全,106.0,29910323.425,0.10741138560687433,95.15171503957784,4.937862372192649,95.15171503957784,-1.851851851851849,0.098584857736045,86.88524590163934,1.968574914795099,94.66357308584686,34.454756380510446,83.29466357308584,76.10208816705337,43.35664335664335,19.651162790697676,66.37434491262798,63.99051691577186
2330,台積電,半導體,2390.0,48050526991.0,76.1546723952739,24.20844327176781,44.68755126916978,33.33333333333333,-0.6237006237006182,0.015827426754669128,95.2191235059761,-2.8616324872201346,33.874709976798144,40.60324825986079,57.4245939675174,93.61948955916473,27.38927738927739,68.6046511627907,50.582263830523694,63.873900609723194
7744,崴寶,電子零組件,521.0,69935330.475,37.83783783783784,55.27704485488126,104.43817353627377,77.63157894736842,17.210348706411693,0.1459392412388887,85.69078947368422,-15.797884309150817,78.42227378190255,88.05104408352669,90.25522041763341,74.36194895591647,11.188811188811188,90.11627906976744,68.45585968555807,63.71236443101495
8341,日友,資源回收,75.1,11301791.76,0.0,98.15303430079155,17.54656135643608,95.65217391304348,-0.26560424966799445,0.09236268435408805,82.07650273224043,-2.4122924290426226,95.30162412993039,42.343387470997676,82.01856148491879,64.73317865429235,28.78787878787879,36.27906976744186,62.63692610560359,63.49262127016673
6863,永道-KY,通信網路,104.0,24691766.0,83.65155131264916,18.139841688654354,116.1584492654556,36.53846153846153,-22.962962962962962,-0.0394304675121208,66.03174603174602,25.905632843637065,36.774941995359626,0.9280742459396751,33.29466357308585,26.68213457076566,88.11188811188812,91.16279069767442,37.158340499407785,63.42294825446501
8114,振樺電,電腦及週邊,189.0,124644335.6,39.36627282491944,53.693931398416886,41.367781635492,50.847457627118644,-17.826086956521735,-0.13881936232161027,70.78651685393258,26.885187756994654,52.78422273781903,3.3642691415313224,9.396751740139212,38.74709976798144,88.57808857808858,65.23255813953487,38.57408639311192,63.349902875951
2031,新光鋼,基本金屬,45.35,100258253.97,10.909090909090908,77.5065963060686,37.56906421735272,83.33333333333334,16.881443298969078,0.16099535288529668,97.42212674543502,14.169376144901822,83.75870069605568,87.47099767981439,92.45939675174014,96.63573085846868,77.62237762237763,60.46511627906976,87.58944072169132,63.347137538444926
2436,偉詮電,半導體,65.1,360504689.71500003,1.1278195488721803,88.88522427440633,42.92897993873612,93.93939393939394,6.721311475409819,0.0313691050260138,80.8695652173913,13.822653292490742,93.61948955916473,69.83758700696056,63.92111368909513,62.064965197215784,76.8065268065268,67.09302325581396,73.24993645179259,63.234972751308476
2889,國票金,金融控股,16.45,200816851.95499998,30.612244897959183,60.88390501319261,16.11819045161398,100.0,7.166123778501632,0.20996506675135718,93.46590909090908,-71.914539698924,99.24593967517401,71.46171693735499,95.59164733178655,90.02320185614849,3.146853146853147,33.6046511627907,71.89387178946345,62.85301893918955
3130,一零四,數位雲端,209.5,17712345.525,0.05370569280343716,96.10817941952506,12.447145985550849,94.23076923076923,2.6960784313725394,-0.28078409259534054,91.48471615720524,2.188097323700566,93.7354988399072,57.19257540603249,0.9280742459396751,85.26682134570765,44.63869463869464,29.53488372093023,56.35233289525634,62.836157125128146
5609,中菲行,貨運倉儲,77.8,13307506.735,59.3984962406015,37.17018469656992,37.777242125632526,42.857142857142854,-0.3841229193341844,0.019242572083000467,92.72943980929678,0.424828083755024,43.1554524361949,41.87935034802784,59.28074245939675,88.51508120649652,38.22843822843823,60.93023255813953,54.21181293571085,62.68035396320077
2912,統一超,百貨批發,216.5,456542219.35,2.3630504833512354,86.2796833773087,8.47845434004003,85.71428571428571,-2.257336343115124,0.07899340363844412,84.90196078431373,1.7923028933600174,86.19489559164734,32.48259860788863,79.46635730858469,72.0417633410673,43.00699300699301,24.88372093023256,62.6385215712362,62.659445313764635
7777,能率亞洲,創投,38.05,98012442.24,2.380952380952381,86.14775725593667,-229.97494535956076,86.14775725593667,-10.259433962264152,-0.03694028860778666,85.6981981981982,-361.433296906374,86.5429234338747,10.904872389791183,33.874709976798144,74.47795823665894,0.9324009324009324,0.23255813953488372,41.34657299390478,62.58714185506933
3037,欣興,印刷電路板,923.0,26218610199.0,85.66058002148228,16.160949868073878,43.69159138764762,48.837209302325576,-4.747162022703821,0.11487416890011116,78.22033898305085,6.234394258431749,50.0,24.013921113689097,86.19489559164734,56.380510440835266,60.48951048951049,67.90697674418604,55.41576752713644,62.56839151783305
2547,日勝生,建設,9.99,18720798.700999998,83.24873096446701,18.337730870712402,152.2529369970754,12.068965517241379,-3.0097087378640808,0.03516309233817535,86.12068965517243,30.87195799805025,11.1368909512761,30.162412993039446,65.77726218097449,75.1740139211137,91.72494172494171,93.72093023255815,54.7951043542691,62.467355527977126
1720,生達,藥,56.0,15224842.320000002,0.1611170784103115,94.68997361477572,6.352782358744937,92.3913043478261,-1.0600706713780994,-0.06287069966145861,85.3658536585366,2.8718549058299554,92.34338747099768,38.2830626450116,24.593967517401392,73.31786542923435,47.31934731934732,21.744186046511626,55.17152607639847,62.280594075433015
6605,帝寶,汽車組件,137.0,57124244.45,7.465091299677766,80.37598944591029,24.277607949818176,86.48648648648648,0.7352941176470562,0.05814506039243164,81.54761904761905,17.621738633212114,87.12296983758701,46.98375870069606,74.0139211136891,63.80510440835266,81.93473193473193,44.883720930232556,70.77209719901136,62.207009118869045
1815,富喬,印刷電路板,120.0,7054838043.094999,54.74747474747475,40.56728232189973,68.10608415742232,76.74418604651163,43.02741358760429,0.09716103936866642,91.6030534351145,13.317389438281559,77.7262180974478,97.4477958236659,82.830626450116,85.84686774941996,76.10722610722611,81.86046511627907,83.99174684557515,61.996438784870236
6799,來頡,半導體,80.2,25246343.384999998,10.200190657769303,77.83641160949868,15.91940864787074,88.63636363636364,-7.816091954022985,-0.07911928340266655,71.92825112107624,7.4962724319138285,88.97911832946636,16.357308584686773,19.37354988399072,42.22737819025522,63.4032634032634,33.02325581395349,46.0681236783325,61.968110937247076
8083,瑞穎,機械,157.5,13160405.175,0.966702470461869,89.18205804749341,1.510248941288592,97.22222222222221,-0.6309148264984188,-0.07876476348206622,87.5,9.803499294192388,96.40371229698376,40.37122969837587,19.605568445475637,77.37819025522042,69.46386946386947,14.186046511627906,60.644514031985025,61.899179841364045
2027,大成鋼,基本金屬,50.2,959347611.5074999,33.41260404280618,58.970976253298154,46.116712503256814,61.904761904761905,13.190529875986478,0.17961167348724139,98.43137254901961,1.9911416688378836,62.23897911832946,81.67053364269141,94.3155452436195,97.56380510440835,43.58974358974359,69.41860465116278,75.87572133975846,61.8877138078023
3617,碩天,電子零組件,241.5,206299400.875,17.297908422837764,71.76781002638522,13.582157910215916,90.13157894736842,4.3196544276457916,0.060998597878423585,92.88461538461539,-6.641894726522732,90.13921113689095,62.52900232018561,74.70997679814386,88.8631090487239,20.97902097902098,30.465116279069765,67.44406405659305,61.73460853612475
1229,聯華,油脂飼料,42.1,75698522.66499999,33.08270676691729,59.10290237467019,114.98296171902771,50.0,4.987531172069826,0.2824204179586862,83.53174603174604,96.93864114601848,51.45011600928074,64.8491879350348,98.49187935034803,69.02552204176334,98.13519813519814,91.04651162790698,76.39038069432502,61.66824043597906
8299,群聯,半導體,2000.0,10902087879.0,15.037593984962406,73.94459102902374,377.55065836713135,85.60606060606061,8.401084010840098,-0.030482123098188017,69.44444444444444,50.95710557808758,85.96287703016242,73.78190255220419,36.774941995359626,35.266821345707655,95.33799533799534,98.0232558139535,65.42490765228584,61.367762909404846
5386,青雲,電子通路,260.0,323085109.65,0.5370569280343717,91.2598944591029,716.243168167553,92.3076923076923,0.9708737864077666,-0.05499921262403174,43.84485666104553,192.46544544503524,92.05336426914154,48.72389791183295,27.610208816705335,2.088167053364269,99.53379953379954,99.30232558139535,54.00188751696872,61.17998974801705
5515,建國,營造,52.9,43706920.154999994,0.26852846401718583,93.27176781002639,30.84076230115208,93.33333333333333,26.102502979737775,0.15123390438501003,94.9730700179533,4.917174867434738,93.15545243619489,93.61948955916473,91.1832946635731,93.38747099767981,56.060606060606055,51.3953488372093,85.48126274344372,61.07969567797983
8042,金山電,電子零組件,100.5,568607277.005,16.52542372881356,72.62532981530343,40.34825678879103,91.44736842105263,-8.636363636363631,-0.06211952146325657,47.74346793349169,-1.3211621408060026,91.415313225058,14.733178654292342,24.94199535962877,3.3642691415313224,32.05128205128205,63.72093023255814,33.301207686358495,60.941833486213774
3680,家登,電子設備,512.0,602980072.025,28.539944903581265,61.93931398416886,71.69316654116516,76.62337662337663,14.41340782122904,0.10835332859864825,83.11688311688312,29.832111027443453,77.37819025522042,83.75870069605568,84.91879350348029,67.169373549884,90.44289044289044,82.7906976744186,80.73358968950615,60.894890195866836
5291,邑昇,印刷電路板,68.7,85115871.23,68.62853970016657,30.343007915567284,105.64457069306052,72.09302325581395,38.64783047426843,0.045107258565817654,87.18274111675127,52.043047128707016,73.08584686774941,96.75174013921114,69.83758700696056,76.68213457076565,95.68764568764568,90.34883720930232,82.40899085446648,60.841269627151554
7805,威聯通,電腦及週邊,502.0,95917127.95,0.0,98.15303430079155,13.580791799689688,97.45762711864407,-21.316614420062695,0.30491741630364155,61.21951219512195,-2.5494721335402097,96.8677494199536,1.3921113689095126,98.83990719257541,16.58932714617169,28.205128205128204,30.348837209302324,48.37884466654768,60.60345060162952
2392,正崴,電子零組件,45.35,245881211.57750002,0.921942224953903,89.44591029023746,32.78533541105339,98.68421052631578,22.567567567567572,0.10251577317383441,88.92156862745098,30.783556940702255,97.91183294663574,92.11136890951276,84.22273781902551,80.16241299303944,91.4918414918415,55.11627906976744,89.18003883201098,60.26978902498247
6245,立端,電腦及週邊,76.1,61158434.345000006,89.95703544575726,12.071240105540896,102.54529443546107,5.084745762711865,-6.04938271604939,0.020047509474274666,83.26039387308532,58.96686295697405,3.1322505800464038,20.765661252900234,59.51276102088167,67.51740139211137,96.15384615384616,89.76744186046511,49.41638407995717,59.91285814493066
1580,新麥,機械,103.0,11482109.55,4.081632653061225,83.57519788918206,3.205174760625151,94.44444444444444,-8.03571428571429,-0.06355750718836903,72.79151943462897,4.743449840416756,93.85150812064965,16.125290023201856,24.245939675174014,44.779582366589324,55.361305361305355,17.093023255813954,46.87272510938404,59.899705929962764
4441,振大環球,成衣,171.5,21865369.15,0.0,98.15303430079155,27.98703892072002,93.47826086956522,-9.018567639257292,-0.07789815765534014,58.03722504230119,31.574692613813347,93.27146171693735,13.805104408352667,19.953596287703014,11.36890951276102,92.19114219114219,48.72093023255814,46.11804282337924,59.88904926347596
3034,聯詠,半導體,527.0,1884016478.15,81.3641245972073,19.986807387862797,26.79559106440087,28.78787878787879,-4.181818181818187,0.1689909304629603,92.9453262786596,8.427060709600575,29.582366589327147,26.798143851508122,92.92343387470999,89.0951276102088,66.31701631701632,47.674418604651166,60.94321764855408,59.88844223816975
6933,AMAX-KY,電腦及週邊,302.0,217924582.45,35.96491228070175,56.92612137203166,197.35231354953592,57.6271186440678,82.47734138972808,0.13518205864850633,91.23867069486404,98.49820903302394,59.048723897911835,99.76798143851508,88.97911832946636,84.5707656612529,98.25174825174825,95.69767441860465,86.12366751577889,59.887295634813576
6716,應廣,半導體,130.0,103538255.15,57.8174856413529,38.58839050131926,102.0730268098752,54.54545454545454,55.87529976019183,0.07015551055502546,94.54545454545455,37.302017873250136,56.264501160092806,98.83990719257541,77.37819025522042,92.45939675174014,93.58974358974359,89.65116279069767,83.70634778987447,59.8837883774888
6603,富強鑫,機械,24.9,59832202.67249999,49.798503166378815,45.184696569920845,36.55886468858462,52.77777777777778,-6.9158878504672945,0.023486685960389823,72.4890829694323,26.232576459056418,54.524361948955914,18.793503480278424,61.1368909512761,43.50348027842227,88.46153846153845,59.30232558139535,53.28395502409423,59.63416608212378
1216,統一,飲料乳品,75.6,964726745.39,6.390977443609022,81.06860158311345,8.84909301522625,80.0,3.2786885245901454,0.46108992349832434,93.91304347826086,3.4660620101508366,81.14849187935035,59.164733178654295,100.0,90.83526682134571,50.349650349650354,25.465116279069765,76.29962844580014,59.57103545027788
2207,和泰車,車輛買賣,521.0,118747672.3,0.6777572396796057,90.36939313984169,15.890390551636944,90.36939313984169,2.357563850687616,-0.0005785560292639894,83.89694041867955,-9.97307296557537,90.37122969837587,55.33642691415314,50.92807424593968,69.95359628770301,16.783216783216783,32.79069767441861,56.6745087858777,59.44477418658609
3045,台灣大,通信網路,118.0,1290824138.65,7.679914070891515,80.07915567282322,7.144907328757702,86.53846153846155,6.7873303167420795,0.30019302164215783,97.9253112033195,1.2732715525051344,87.29698375870069,70.18561484918794,98.72389791183295,97.33178654292344,41.25874125874126,23.25581395348837,78.95940486427726,59.424742351481136
6517,保勝光學,消費性電子,66.8,65225083.065,65.44035674470457,32.321899736147756,95.0156405761232,47.368421052631575,4.374999999999996,0.052725704246544325,81.36419001218027,73.10709371741547,48.49187935034803,62.87703016241299,72.2737819025522,63.57308584686775,96.85314685314685,88.0232558139535,68.81378482306556,59.30279771218906
8086,宏捷科,半導體,112.0,560658218.825,1.6786570743405276,87.66490765171504,18.38926364317735,93.18181818181817,-9.677419354838712,-0.19440563598391947,62.56983240223464,-5.417157571215061,93.03944315545245,12.296983758700696,3.7122969837587005,19.02552204176334,23.426573426573427,36.97674418604651,30.300163873249723,59.1861814061404
6753,龍德造船,機車船製造,137.0,333263066.025,0.0,98.15303430079155,42.262255459430726,96.15384615384616,2.238805970149249,-0.04194732961519319,67.32186732186733,8.068170306287165,95.64965197215777,54.64037122969838,32.13457076566125,29.582366589327147,64.91841491841492,66.04651162790698,55.38507509505189,59.159539739923375
6788,華景電,電子設備,355.0,92213037.375,57.978279030910606,38.39050131926121,61.52734429917053,64.93506493506493,-1.1142061281337101,0.05180427240718927,67.87762906309752,30.59156286611368,64.96519721577727,38.05104408352668,71.80974477958236,31.206496519721576,91.25874125874127,78.13953488372093,59.458244771469836,59.065046133923275
3023,信邦,電子零組件,325.0,326913870.65,71.26745435016112,28.36411609498681,28.97202845612878,44.73684210526316,2.2012578616352307,0.12463271996818535,96.58246656760772,7.608018970752511,45.707656612529,54.524361948955914,87.58700696055685,95.24361948955917,64.1025641025641,49.76744186046512,69.433041822833,59.04858900339934
2617,台航,海運,32.3,66414082.69,34.15682062298603,58.31134564643799,34.09579050473819,63.63636363636363,11.764705882352944,0.1290385459116748,96.70658682634729,-0.7994729968412031,63.92111368909513,79.69837587006961,87.93503480278422,95.59164733178655,34.4988344988345,56.27906976744186,72.329001238514,59.02336372956348
8936,國統,金屬製品,50.3,51394401.41500001,8.754027926960257,79.15567282321899,5.813808586602843,100.0,-3.454894433781197,-0.10039273912872969,72.58297258297259,-6.924127608931432,99.24593967517401,28.538283062645007,14.849187935034802,43.851508120649655,20.62937062937063,20.813953488372093,41.422857884574825,58.84327955538769
2605,新興,海運,35.5,641235636.4224999,0.667070952092177,90.4353562005277,36.26831697254232,90.9090909090909,10.9375,-0.019198932416134365,81.89158016147636,1.7488779816948679,91.0092807424594,78.65429234338747,42.111368909512755,64.38515081206496,42.65734265734265,58.6046511627907,63.76348709295345,58.8361975934819
8096,擎亞,電子通路,104.0,527464112.1,75.72663000785546,24.538258575197887,523.7815056042261,21.153846153846153,-19.691119691119695,-0.045540658370725726,61.35693215339233,153.19100373615078,21.055684454756378,2.320185614849188,31.322505800464036,16.937354988399072,99.3006993006993,98.72093023255813,34.187286031833594,58.5984460152161
4114,健喬,藥,29.6,29000358.79,22.448979591836736,67.05145118733509,59.794781955828064,47.82608695652174,2.2452504317789446,0.2064332987793387,80.98495212038304,25.33652130388537,49.245939675174014,54.75638051044084,95.47563805104409,62.2969837587007,87.52913752913753,77.32558139534885,69.86081590489944,58.52803107969568
2382,廣達,電腦及週邊,335.0,5502113665.55,36.19763694951665,56.53034300791556,131.31830412017854,55.932203389830505,10.197368421052634,0.06639866162142347,80.3357314148681,21.79553608011902,57.772621809744784,77.49419953596288,76.5661252900232,61.25290023201856,85.19813519813519,92.55813953488372,71.65679641317692,58.52236551017105
6561,是方,通信網路,322.5,12286707.25,3.22234156820623,84.82849604221636,18.03763564541254,90.38461538461539,-0.9216589861751112,0.05000506550287286,73.29545454545455,17.038423763608357,90.48723897911833,38.8631090487239,71.34570765661253,45.82366589327146,81.58508158508158,36.627906976744185,65.62096063256156,58.518925700102514
3324,雙鴻,電子零組件,1350.0,4465482164.85,70.24704618689582,28.891820580474935,116.69713862814596,46.71052631578947,39.896373056994825,0.1309060118478181,94.07665505226481,25.838092418763992,47.91183294663573,96.98375870069606,88.2830626450116,91.1832946635731,87.99533799533799,91.27906976744185,82.47145739025089,58.34760966923866
8222,寶一,機車船製造,36.75,44109230.717499994,22.942461762563727,66.688654353562,46.818656177249736,69.23076923076923,-1.8691588785046842,0.014295012604236726,66.57608695652173,41.04243745149981,70.01160092807424,34.222737819025525,56.8445475638051,27.610208816705335,94.17249417249417,69.88372093023256,56.572317860020874,58.32069821399665
2302,麗正,電子零組件,42.35,210430521.145,75.19061583577712,24.868073878627968,81.16244941521768,38.15789473684211,-0.1179245283018826,0.0016851114424415684,76.44404332129965,31.434966276811785,38.39907192575406,42.80742459396752,51.972157772621806,52.088167053364266,92.07459207459208,85.46511627906976,55.46828268405994,58.28623266605514
6532,瑞耘,電子設備,99.8,68006362.115,24.382384532760472,65.4353562005277,49.11522424488966,79.22077922077922,37.8453038674033,0.03488356459384491,87.54385964912281,14.376816163259782,80.39443155452436,96.63573085846868,65.66125290023201,77.61020881670534,77.97202797202797,71.3953488372093,79.65473042039166,58.191064587492576
5511,德昌,營造,70.0,11690004.815,2.309344790547798,86.54353562005277,1.8333051570391183,86.66666666666667,0.5747126436781658,-0.13875028975516981,87.06467661691542,-4.651129895307269,87.47099767981439,45.93967517401392,9.51276102088167,76.5661252900232,24.358974358974358,14.651162790697676,48.76970670474151,58.18715264663033
2465,麗臺,電腦及週邊,96.2,530200766.68500006,61.241610738255034,35.75197889182058,280.87664000910723,28.8135593220339,12.121212121212132,0.028252347948569474,91.61904761904762,-39.158906660595164,29.698375870069604,80.16241299303944,62.87703016241299,85.96287703016242,4.778554778554779,96.97674418604652,52.69585016684785,58.11889602330977
6781,AES-KY,電子零組件,1060.0,991740691.0,27.40963855421687,62.99472295514512,28.23637191745752,84.86842105263158,-0.46948356807511304,0.13229065351070243,70.66666666666667,3.344247944971684,85.61484918793504,41.183294663573086,88.51508120649652,38.39907192575406,49.3006993006993,49.18604651162791,60.602599256891594,58.00416824043598
2727,王品,餐飲飯店,231.5,91077071.175,1.3003095975232197,88.39050131926122,15.19032550149733,69.23076923076923,3.3482142857142794,0.21986131616575916,92.9718875502008,-0.40978299900177895,70.01160092807424,59.74477958236659,96.05568445475639,89.32714617169374,35.43123543123543,32.093023255813954,70.11408931362529,57.921747693303836
2497,怡利電,汽車組件,44.65,13915632.0425,4.520222045995242,83.04749340369393,16.544627817875565,91.8918918918919,-5.000000000000004,-0.15583844712819678,66.84131736526946,-18.53691478808299,91.87935034802784,23.201856148491878,7.424593967517401,28.306264501160094,9.557109557109557,34.651162790697676,32.07383490446135,57.90873037284843
3706,神達,電腦及週邊,91.5,1038854108.0799999,68.6358754027927,30.277044854881268,49.73233176114314,27.11864406779661,-0.43525571273123065,0.14701254192291693,85.51401869158879,-10.255112159237903,27.494199535962878,41.53132250580047,90.71925754060325,73.78190255220419,16.433566433566433,71.86046511627907,49.99204971362744,57.901311174661416
8478,東哥遊艇,機車船製造,141.0,19915392.425,3.4371643394199785,84.43271767810026,35.739691599931845,76.92307692307693,-6.312292358803983,-0.1480362975512447,60.90712742980562,31.6031277332879,78.01624129930394,20.301624129930396,8.120649651972158,15.54524361948956,92.3076923076923,57.7906976744186,42.85829020167767,57.762639615820426
3003,健和興,電子零組件,65.4,91736725.25000001,79.0547798066595,21.569920844327175,92.98747396520872,34.868421052631575,9.915966386554631,0.15955096198874766,90.70735090152567,32.34164931013914,35.498839907192576,77.1461716937355,91.87935034802784,83.64269141531324,92.65734265734265,87.44186046511628,76.16487920432236,57.35930502347165
5607,遠雄港,貨運倉儲,57.2,72524735.66,37.96992481203007,55.21108179419525,38.03337577910328,57.14285714285714,18.795430944963655,0.24777874450218126,100.0,0.03225051940218293,58.64269141531323,89.67517401392111,97.4477958236659,99.0139211136891,36.36363636363637,61.395348837209305,76.22864374604515,57.344196838072634
8390,金益鼎,資源回收,97.1,45660121.995000005,25.77873254564984,64.18205804749341,75.62101497360145,47.82608695652174,1.8887722980063026,-0.09261734193336775,74.98069498069498,29.890676649067636,49.245939675174014,53.480278422273784,16.82134570765661,48.95591647331787,90.55944055944056,83.95348837209302,51.812584167572574,57.16876652457778
2103,台橡,橡膠原料,27.95,248919154.55,19.173363949483353,69.9868073878628,32.524108799543534,69.9868073878628,24.776785714285722,0.10235726458028004,97.0486111111111,-2.717260800304331,70.76566125290023,93.27146171693735,84.10672853828306,96.17169373549885,27.855477855477854,54.76744186046511,74.43420461981945,57.10833378298171
8076,伍豐,電腦及週邊,21.9,12619850.76,83.84043272481406,17.678100263852244,93.93087216011126,10.16949152542373,-6.008583690987135,-0.10770551007593368,76.57342657342656,46.32058144007417,8.816705336426914,20.99767981438515,13.805104408352667,52.66821345707656,94.87179487179486,87.79069767441861,38.23189957760723,57.06948416338423
2606,裕民,海運,78.2,746424191.5550001,28.62513426423201,61.74142480211082,26.338397996761994,72.72727272727273,21.240310077519386,0.15847224235780993,100.0,-8.20773466882535,73.54988399071925,91.53132250580046,91.76334106728538,99.0139211136891,18.88111888111888,47.20930232558139,74.94791751172262,57.06044623104732
6831,邁科,電子零組件,585.0,688800167.65,16.0427807486631,73.02110817941953,31.24526976851226,92.76315789473685,-2.010050251256279,-0.060305659060912065,61.19246861924687,14.650179845674838,92.5754060324826,33.4106728538283,25.754060324825982,16.473317865429234,78.32167832167832,52.2093023255814,49.30702707964889,56.96183834241623
6192,巨路,電子通路,115.5,23160945.95,72.66380236305048,27.110817941952508,53.76189853073906,25.0,0.8733624454148492,-0.12705144332501056,86.51685393258427,35.18793235382604,25.290023201856147,48.027842227378194,11.36890951276102,75.52204176334106,93.24009324009323,74.88372093023256,50.68978198908593,56.916985917012894
4721,美琪瑪,其他化學,71.9,29761261.110000003,2.7926322043969103,85.55408970976254,25.02742053727204,87.5,0.7002801120448154,-0.1091510970964874,71.1881188118812,22.4416136915147,88.10904872389791,46.635730858468676,13.45707656612529,40.60324825986079,85.78088578088578,45.46511627906977,54.9171980378477,56.88542060108995
7711,永擎,電腦及週邊,575.0,746289511.075,57.59162303664922,38.78627968337731,286.1621735246203,37.28813559322034,74.77203647416412,0.045444210571511934,94.26229508196722,138.13811568308023,37.47099767981438,99.65197215777262,70.06960556844548,91.76334106728538,99.06759906759906,97.09302325581395,79.60470310818339,56.66884746128527
4771,望隼,醫療耗材,209.5,51060313.1,3.166666666666667,84.96042216358839,11.68342422176778,75.67567567567568,8.831168831168835,0.2444659198992314,97.44186046511628,-13.674383852154818,76.5661252900232,75.05800464037124,97.21577726218096,96.75174013921114,12.587412587412588,28.255813953488374,71.63581198383982,56.62891868558786
6658,聯策,電子設備,174.0,67451916.125,13.953488372093023,74.6042216358839,128.19459111988613,87.01298701298701,14.851485148514843,-0.029436026160996085,67.70428015564202,69.19639407992409,87.70301624129931,84.45475638051045,37.35498839907193,30.74245939675174,96.62004662004662,92.09302325581396,67.375053407536,56.52093562833864
1402,遠東新,人纖,29.1,504835991.73,16.165413533834585,72.8891820580475,20.577380087116484,66.66666666666666,8.98876404494382,0.34137268081129574,95.88138385502472,3.2182533914109968,66.9953596287703,75.75406032482599,99.65197215777262,94.5475638051044,48.717948717948715,40.0,77.13338092688441,56.44721577726218
2753,八方雲集,餐飲飯店,180.0,31929876.675,0.41356492969396197,92.0844327176781,10.391877405337024,76.92307692307693,0.5586592178770999,0.11414968226154965,82.94930875576037,-1.1354150631086508,78.01624129930394,45.82366589327146,85.96287703016242,66.5893271461717,33.1002331002331,26.86046511627907,61.89846889382852,56.41059191712082
3141,晶宏,半導體,100.0,305308105.38,51.2998266897747,43.79947229551451,39.60191598161693,57.57575757575758,34.408602150537625,0.08623209735992783,100.0,16.154610654411282,58.93271461716937,95.82366589327145,80.97447795823666,99.0139211136891,80.65268065268066,63.13953488372093,83.07949204700944,56.31562618032698
1558,伸興,機械,106.0,14519008.044999998,42.588614393125674,50.92348284960422,25.12388702038025,66.66666666666666,16.483516483516492,0.08406443085376171,100.0,14.762591346920162,66.9953596287703,86.77494199535964,80.51044083526682,99.0139211136891,78.78787878787878,45.81395348837209,82.41650847219293,56.262073058867955
6531,愛普*,半導體,912.0,3041672203.2,64.46637877853178,33.11345646437995,144.57112219849168,46.96969696969697,6.666666666666665,0.02750445570074296,76.63865546218489,46.774081465661126,48.14385150812065,69.5475638051044,62.41299303944315,52.78422273781903,94.98834498834499,93.37209302325581,65.57539521576645,56.188150866022774
5228,鈺鎧,電子零組件,39.1,15985802.6975,53.06122448979592,42.5131926121372,81.75589951788886,67.76315789473685,-1.5113350125944613,-0.03127059324951232,51.31233595800525,25.517266345259245,68.67749419953596,36.07888631090487,36.542923433874705,5.916473317865429,87.76223776223776,85.5813953488372,46.99560300488375,56.024119138833434
6592,和潤企業,租賃,60.9,24051010.675,1.4050091631032375,88.25857519788917,-3.148437547753765,88.25857519788917,1.4999999999999902,0.1889643575848744,86.26062322946176,0.9077083014974927,88.63109048723898,51.27610208816705,94.77958236658934,75.4060324825986,39.51048951048951,11.162790697674419,69.9206593870167,55.98095289483624
5306,桂盟,自行車組件,94.5,15886594.635,48.22771213748657,46.701846965699204,27.06543155114967,46.701846965699204,5.116796440489435,0.06760785930408243,94.87951807228916,4.576954367432947,47.79582366589327,65.4292343387471,76.79814385150812,93.03944315545245,54.66200466200466,47.906976744186046,67.54492993472113,55.82825230669617
6491,晶碩,醫療耗材,380.5,163090942.45,27.916666666666668,62.467018469656985,17.417569697838235,37.83783783783784,0.3957783641160839,0.1607746614183132,95.96469104665826,-11.938286868107838,38.05104408352668,45.243619489559165,92.34338747099768,94.66357308584686,14.219114219114218,35.81395348837209,56.904147669808914,55.821237792046624
2897,王道銀行,本國銀行,10.9,48845954.81,47.26100966702471,47.229551451187334,17.35019944702275,55.55555555555556,6.341463414634152,0.3284767443223085,100.0,-6.419867035317843,57.01856148491879,68.5614849187935,99.4199535962877,99.0139211136891,21.445221445221446,35.69767441860465,69.0918285117821,55.79216802460476
2312,金寶,電腦及週邊,31.8,409965328.6725,42.96511627906977,50.59366754617414,49.2301156956965,45.76271186440678,-0.6249999999999978,0.05614936695696993,73.27188940092167,24.620077130464356,46.51972157772622,40.48723897911833,73.31786542923435,45.59164733178655,87.06293706293707,71.51162790697676,58.5958820761605,55.783939459342804
6505,台塑化,輕油裂解,76.5,1672443112.7,3.2758620689655173,84.76253298153034,32.34553460126286,84.76253298153034,13.165680473372788,-0.06739590991886271,82.08154506437768,6.453689734175253,85.26682134570765,81.4385150812065,23.317865429234338,64.8491879350348,60.95571095571095,54.418604651162795,63.16562014937885,55.77402471267469
7810,捷創科技,電子設備,218.5,15715632.975,5.9880239520958085,81.33245382585753,109.7833700220132,93.5064935064935,15.303430079155667,0.11269790361849205,64.64497041420118,3.9389133480088105,93.38747099767981,85.1508120649652,85.7308584686775,24.013921113689097,52.56410256410257,90.69767441860465,68.16943304182283,55.73706361625209
3716,中化控股,藥,34.35,21805974.4925,0.2770083102493075,92.94195250659631,3.529751802975644,84.78260869565217,6.842923794712297,0.038465520694323914,93.59673024523161,5.619834535317096,85.38283062645012,70.30162412993039,66.93735498839906,90.37122969837587,58.74125874125874,17.441860465116278,74.34685963688284,55.723574165002965
2886,兆豐金,金融控股,50.4,1668781188.44,80.98818474758325,20.25065963060686,4.11030740256163,46.15384615384615,-1.562500000000011,0.31822446446033475,94.91525423728812,-6.2864617316255815,46.98375870069606,35.730858468677496,99.18793503480279,93.27146171693735,21.678321678321677,18.255813953488374,59.37046711988707,55.69504397561107
7786,東方風能,海運,116.5,23350145.05,0.0,98.15303430079155,22.663410668725607,100.0,-6.048387096774189,-0.016343937838401996,41.312056737588655,-3.6477262208495915,99.24593967517401,20.88167053364269,42.80742459396752,1.6241299303944314,26.223776223776223,42.55813953488372,38.15658819139097,55.636634651702366
3025,星通,通信網路,52.0,10808525.334999999,0.0,98.15303430079155,2.3151986733847822,99.03846153846155,-7.3083778966131945,-0.18021693934922287,65.98984771573603,-38.93653421774348,98.25986078886311,17.749419953596288,5.336426914153132,26.450116009280745,4.895104895104895,15.58139534883721,30.538185712199635,55.63548804834619
9939,宏全,塑膠製品,131.5,202570295.35,32.33082706766917,59.79551451187335,-1.00333951132313,59.79551451187335,-1.8656716417910446,0.144764279086679,91.00346020761245,-8.315559674215425,60.092807424593964,34.33874709976798,90.02320185614849,84.10672853828306,18.764568764568764,12.674418604651164,57.465210736672454,55.633801866940054
2637,慧洋-KY,海運,99.8,722779290.7850001,61.600429645542434,35.62005277044855,56.21501385482998,36.36363636363637,16.86182669789227,0.07901372125760187,97.84313725490196,2.8800092365533274,36.48491879350348,87.35498839907193,79.58236658932715,97.09976798143852,47.43589743589743,76.04651162790698,69.59158783984769,55.56905250094427
2208,台船,機車船製造,18.85,66699918.8975,0.0,98.15303430079155,20.16770704762764,96.15384615384616,-1.308900523560208,-0.1338372589038529,64.11564625850342,35.79513803175175,95.64965197215777,37.58700696055685,10.324825986078887,22.505800464037122,93.47319347319348,39.53488372093023,51.90809577120482,55.02583229914207
4536,拓凱,其他,163.5,29666982.675,45.48872180451128,48.54881266490765,20.38600269495784,45.83333333333333,-1.5060240963855387,0.2619092508619408,83.84615384615385,3.344001796638569,46.635730858468676,36.31090487238979,97.79582366589327,69.83758700696056,49.184149184149184,39.76744186046511,59.952839117572296,54.98246371337614
9941,裕融,租賃,80.9,120384587.96999998,6.44468313641246,80.93667546174143,2.261196158402402,80.93667546174143,-1.7010935601457944,0.11801204282860635,78.54368932038835,2.650797438934937,81.78654292343387,34.91879350348028,86.65893271461717,57.4245939675174,46.03729603729604,15.348837209302326,61.36523182926895,54.91029514919333
3485,敘豐,電子設備,210.0,40623237.425,4.761904761904762,82.68469656992085,38.243067903311065,97.40259740259741,0.7194244604316502,-0.024707007133919295,54.33376455368693,13.088711935540708,96.63573085846868,46.75174013921114,39.90719257540603,7.5406032482598615,75.64102564102564,61.9767441860465,53.295258492474275,54.850334538390975
2032,新鋼,基本金屬,16.9,10880045.432500001,0.3094059405940594,92.67810026385224,0.9460654626761668,95.23809523809523,7.987220447284327,0.05831363689619117,90.6166219839142,-12.92262302488256,94.77958236658934,72.8538283062645,74.24593967517401,83.4106728538283,13.170163170163171,13.72093023255814,67.69203727440387,54.764339286677824
2535,達欣工,營造,88.6,30403084.370000005,25.402792696025777,64.5778364116095,20.62666145602619,40.0,0.796359499431154,-0.052021330390799335,91.62357807652532,6.604440970684136,39.96519721577726,47.21577726218097,28.886310904872392,86.07888631090486,61.3053613053613,40.116279069767444,52.69030659981936,54.73614633356715
8110,華東,半導體,43.25,206912146.9925,0.0,98.15303430079155,18.509559473414896,99.62121212121212,-5.978260869565222,0.06189223187613754,49.14772727272727,0.2563729822766021,98.37587006960557,21.171693735498838,75.29002320185614,4.3503480278422275,37.52913752913753,37.32558139534884,47.34341451278806,54.72002643932444
1336,台翰,電子零組件,16.1,11465060.330000002,87.70139634801289,14.346965699208445,67.07413188273657,27.631578947368425,5.92105263157896,0.01198473874655207,87.02702702702703,34.72275458849105,28.42227378190255,67.51740139211137,55.68445475638051,76.45011600928075,93.00699300699301,81.51162790697674,64.21624778933364,54.71665407651217
6679,鈺太,半導體,208.5,50730804.525,4.094223219293326,83.50923482849603,8.725655669807736,90.15151515151516,-9.935205183585316,-0.11127180411740421,60.34732272069464,0.05043711320515776,90.25522041763341,11.48491879350348,12.993039443155451,14.849187935034802,36.71328671328671,25.232558139534884,33.25913066052277,54.7130119246749
5274,信驊,半導體,17850.0,5351078800.5,91.89044038668098,10.883905013192612,97.59287014515904,21.21212121212121,11.423220973782765,0.06495160595519411,92.60700389105058,19.65858009677271,21.229698375870072,79.23433874709977,75.87006960556845,88.16705336426914,83.68298368298368,88.37209302325581,69.63682875515822,54.63362650407381
7822,倍利科,電子設備,898.0,171108793.2,5.555555555555555,81.79419525065963,63.39827435587521,94.8051948051948,3.5755478662053086,0.0013030721251887814,49.205479452054796,-1.2444837627498586,94.43155452436194,60.440835266821345,51.85614849187935,4.524361948955916,32.400932400932405,80.0,48.73076652659019,54.62877030162413
4961,天鈺,半導體,166.0,96172888.4,72.8249194414608,26.846965699208443,32.913169524172424,37.878787878787875,4.731861198738163,0.1796051962524345,92.73743016759776,13.648779682781647,38.167053364269144,63.80510440835266,94.19953596287704,88.63109048723898,76.45687645687646,55.348837209302324,72.25193213592286,54.585469163114446
4904,遠傳,通信網路,103.5,536973201.275,52.36305048335124,42.74406332453825,14.867176215060624,53.84615384615385,2.4752475247524774,0.17180167687676612,92.0,0.0347841433737468,55.33642691415314,55.91647331786543,93.38747099767981,87.12296983758701,36.48018648018648,31.74418604651163,65.64870550949436,54.571777370096584
2880,華南金,金融控股,43.45,1086633074.5049999,82.86788399570354,18.502638522427443,6.470042246573756,38.46153846153847,-0.7990867579908523,0.06564684969849313,97.86036036036036,,38.74709976798144,39.675174013921115,76.21809744779581,97.21577726218096,,21.976744186046513,62.96403712296983,54.56611180057195
2834,臺企銀,本國銀行,17.1,574485156.34,51.07411385606875,43.86543535620053,17.99635736851614,44.44444444444444,2.0895522388059806,-0.22697946710933067,93.69863013698631,7.064238245677426,45.185614849187935,54.060324825986086,2.320185614849188,90.48723897911833,62.47086247086248,36.51162790697675,50.9048453480008,54.53103922732423
1904,正隆,造紙,25.1,82295667.655,49.03329752953813,45.71240105540897,22.823283991656872,66.66666666666666,18.11764705882353,0.27616516254606277,97.47572815533981,11.61552266110458,66.9953596287703,89.0951276102088,98.37587006960557,96.8677494199536,73.07692307692307,42.906976744186046,84.88220596109227,54.41873954567528
3515,華擎,電腦及週邊,220.0,171975946.775,31.63265306122449,60.19129287598945,131.34606716091966,64.40677966101694,5.011933174224348,0.09261492130834272,65.18518518518519,77.19404477394644,64.73317865429235,64.96519721577727,82.13457076566125,24.94199535962877,96.96969696969697,92.67441860465117,66.74892779301133,54.34609885069875
4585,達明,機器人,288.0,91821971.8,0.0,98.15303430079155,23.821234293261963,98.15303430079155,-4.318936877076407,-0.012313741841417678,40.96728307254623,-7.095843804492027,97.6798143851508,26.102088167053367,45.82366589327146,1.5081206496519721,20.396270396270396,44.06976744186046,38.301991898279596,54.288903577402465
4931,新盛力,電子零組件,239.5,1814501468.65,74.45400397088021,25.395778364116094,159.5189975747777,39.473684210526315,20.351758793969843,0.028448860574065756,85.53571428571428,-1.5640016168148634,39.559164733178655,90.71925754060325,62.99303944315545,73.89791183294663,31.585081585081586,94.18604651162791,59.75089102699311,54.23096638428749
3450,聯鈞,通信網路,554.0,6714482618.7,80.73394495412845,20.514511873350923,98.00183615933965,38.46153846153847,16.631578947368418,0.04258854957757639,87.24409448818898,19.304557439559773,38.74709976798144,87.12296983758701,68.5614849187935,76.79814385150812,83.44988344988346,88.48837209302326,70.9359163651507,54.227661468731455
5269,祥碩,半導體,1440.0,834161103.25,2.631578947368421,85.8839050131926,-37.99095521310354,92.42424242424242,1.7667844522968101,0.042211676219912585,85.71428571428571,-11.390636808735689,92.45939675174014,52.43619489559165,68.21345707656613,74.5939675174014,15.034965034965033,2.0930232558139537,60.54759625525287,54.177548157340965
2357,華碩,電腦及週邊,971.0,3696749536.45,60.902255639097746,35.949868073878626,53.325092938625424,32.20338983050847,15.87112171837708,0.2195660699572097,96.13861386138613,13.906728625750247,32.59860788863109,85.96287703016242,95.93967517401391,94.89559164733178,77.03962703962704,74.76744186046511,77.28727575595325,54.07469109156639
4569,六方科-KY,電子零組件,172.5,15139718.725,26.46276595744681,63.45646437994723,5.892748109529848,85.52631578947368,3.915662650602414,0.05162634894653699,84.14634146341463,-4.564834593646762,85.84686774941996,61.368909512761014,71.6937354988399,70.64965197215777,24.592074592074592,21.046511627906977,62.83024786505065,54.04353045918092
2485,兆赫,通信網路,40.7,161625866.77249998,50.3448275862069,44.39313984168866,133.3640235641089,55.769230769230774,-0.8526187576126554,0.042937663603837904,49.93865030674847,58.166015709405954,57.366589327146166,39.327146171693734,68.79350348027842,4.872389791183294,96.03729603729604,93.02325581395348,53.27938496151953,53.9837721901473
2030,彰源,基本金屬,23.4,83347471.015,41.75458078845086,51.58311345646438,41.19462878052678,47.61904761904761,34.48275862068966,0.16047515735410184,98.94291754756871,3.5297525203512166,48.89791183294663,96.05568445475639,92.22737819025522,97.6798143851508,50.46620046620046,64.65116279069767,77.06539786586191,53.793301138509676
1723,中碳,其他化學,86.9,44993569.95999999,82.49194414607949,18.997361477572557,46.18147589555991,12.5,3.823178016726403,0.1406878818422265,96.55555555555556,0.6009839303732818,11.54292343387471,61.1368909512761,89.67517401392111,95.1276102088167,38.578088578088575,69.53488372093022,59.21213743719544,53.76713160308638
2890,永豐金,金融控股,42.6,883674481.5225,93.77013963480128,8.443271767810026,51.29772013409098,15.384615384615385,7.711757269279396,0.11445499504662633,100.0,-10.344853243939191,14.675174013921113,72.2737819025522,86.07888631090486,99.0139211136891,16.083916083916083,73.37209302325581,57.62513588499668,53.69685156207846
1709,和益,清潔劑,33.45,454546538.9,62.88936627282492,34.300791556728235,83.29046508535268,40.0,27.67175572519085,0.031721960950568596,90.16172506738545,30.353643390235113,39.96519721577726,93.7354988399072,64.15313225058004,82.71461716937355,90.9090909090909,85.81395348837209,74.2955072769458,53.689567258403926
5340,建榮,印刷電路板,79.1,281639135.94500005,8.539205155746508,79.48548812664907,47.47683246426931,95.34883720930233,4.491413474240402,-0.008915205100569574,59.02985074626865,14.641221642846197,94.89559164733178,63.22505800464037,47.44779582366589,12.877030162412991,78.2051282051282,70.11627906976744,59.330120768635844,53.665960718717955
6189,豐藝,電子通路,48.05,17278910.5975,43.55531686358754,50.098944591029024,5.870343487829144,55.769230769230774,-1.5368852459016424,0.17102226530960207,84.89399293286219,0.41689565855275834,57.366589327146166,35.84686774941995,93.27146171693735,71.92575406032483,38.111888111888106,20.930232558139537,59.30451219314328,53.59392704904765
2884,玉山金,金融控股,43.2,1562969973.0575,54.24274973147154,41.16094986807388,4.745527493307634,76.92307692307693,13.38582677165354,-0.031286996850427747,100.0,-13.52298167112825,78.01624129930394,82.30858468677495,36.42691415313225,99.0139211136891,12.703962703962704,19.41860465116279,61.693924791372595,53.53504559434522
3051,力特,光電及I/O,21.75,10785927.205,40.09077155824508,52.770448548812666,23.227426428738827,57.333333333333336,-4.185022026431717,0.1464863281940827,70.61688311688312,-10.871715714174119,58.816705336426914,26.68213457076566,90.48723897911833,38.05104408352668,15.384615384615385,43.372093023255815,45.88434767089059,53.38942696811094
2108,南帝,橡膠原料,29.85,37722154.127500005,51.55746509129968,43.3377308707124,32.74439925108141,43.3377308707124,8.743169398907114,0.27118072994420983,92.84603421461898,5.929599500720947,43.735498839907194,74.8259860788863,98.02784222737819,88.74709976798144,59.557109557109555,55.00000000000001,72.97870729425253,53.16415313225058
8147,正淩,電子零組件,126.5,18857089.775,58.07027992852889,38.12664907651715,49.60780274458847,60.526315789473685,0.7968127490039834,0.01453774037992746,66.40419947506561,30.50853516305898,60.90487238979119,47.33178654292343,56.96055684454756,27.262180974477957,91.02564102564102,71.74418604651163,56.69700755547624,53.14486321696434
2010,春源,基本金屬,22.55,32157915.6175,1.7185821697099892,87.59894459102902,-0.9498310039712292,92.85714285714286,6.872037914691931,0.24523071547007574,87.40310077519379,-0.733220669314154,92.80742459396751,70.53364269141531,97.33178654292344,77.26218097447796,34.731934731934736,12.790697674418606,74.5333939069438,53.08166513786219
6426,統新,通信網路,265.5,564879805.175,58.09682804674458,37.994722955145114,52.701279450772354,48.07692307692308,56.1764705882353,0.029300609454955676,92.02772963604853,-22.57248036615176,49.593967517401396,98.95591647331786,63.341067285382834,87.23897911832947,8.041958041958042,74.4186046511628,61.434377687277916,53.073908703393954
7749,意騰-KY,半導體,363.5,53418173.525,0.6666666666666667,90.50131926121372,42.66520427748835,94.6969696969697,4.454022988505746,-0.09783508060790874,59.59016393442623,-17.609863815007778,94.08352668213456,63.10904872389791,15.4292343387471,13.57308584686775,10.023310023310025,66.86046511627907,39.24364112299146,52.85200723034587
2421,建準,電子零組件,164.5,713221175.875,50.32223415682062,44.45910290237467,31.65192436703357,69.73684210526315,17.081850533807817,0.16621759635997063,86.80738786279683,9.907949578022375,70.64965197215777,87.81902552204176,92.69141531322505,75.87006960556845,69.8135198135198,52.674418604651166,79.36873644530257,52.84377866508391
6179,亞通,工程承攬,29.2,67577092.1375,74.55579246624022,25.26385224274406,298.43686443140217,16.666666666666664,5.605786618444841,0.10141568469530282,81.79271708683473,81.96790962093476,16.009280742459396,66.5893271461717,83.87470997679814,64.15313225058004,97.43589743589743,97.32558139534883,65.61246951038133,52.72466681055414
3217,優群,電子零組件,134.0,83878659.225,7.142857142857142,80.60686015831135,-4.139832594780896,96.05263157894737,-6.620209059233451,-0.3388629061938726,64.73429951690821,2.320111603479403,95.47563805104409,19.1415313225058,0.580046403712297,24.245939675174014,45.22144522144522,10.232558139534884,36.93292013477628,52.703151135811794
2395,研華,電腦及週邊,674.0,2765394136.55,99.03329752953813,2.5065963060686016,87.57814496890177,1.694915254237288,6.477093206951023,0.05954994127874763,94.79606188466948,23.222096645934528,0.8120649651972157,69.25754060324826,74.47795823665894,92.92343387470999,86.13053613053613,86.16279069767442,64.72030676207011,52.660187233583336
6133,金橋,電子零組件,23.75,15915076.0375,7.2434607645875255,80.54089709762533,7.607710291521542,95.39473684210526,8.200455580865619,0.12380839433918994,82.03799654576856,-1.8315264723189788,95.01160092807424,73.20185614849188,87.35498839907193,64.61716937354988,30.303030303030305,23.953488372093023,70.09772903044365,52.595100631306316
6121,新普,電子零組件,394.5,331332472.3,39.68850698174006,53.26517150395779,12.340497240599694,76.64473684210526,5.906040268456381,0.18701012349840193,84.38502673796792,3.043664827066456,77.5522041763341,67.4013921113689,94.5475638051044,70.76566125290023,47.9020979020979,29.30232558139535,71.63378384956111,52.554699724815194
6840,東研信超,檢測驗證,90.1,50446851.425,41.005802707930364,52.17678100263852,17.120361406905452,83.33333333333334,31.34110787172011,0.047987650532902736,91.56504065040649,-0.17642572872969353,83.75870069605568,94.89559164733178,70.76566125290023,85.61484918793504,36.01398601398601,35.46511627906977,74.20975775964175,52.48576862893218
3081,聯亞,半導體,3120.0,11377395728.0,86.71562082777035,15.50131926121372,176.53575803052206,27.27272727272727,44.44444444444444,0.052249192344271035,91.0948905109489,35.36383868701472,27.842227378190255,97.56380510440835,71.92575406032483,84.45475638051045,93.35664335664336,94.88372093023256,75.02863725601546,52.404224896131225
2636,台驊控股,貨運倉儲,69.5,73427961.565,76.85284640171858,23.614775725593667,62.84868977176669,14.285714285714285,7.751937984496116,0.11221941029438497,93.16353887399464,29.93912651451113,13.2830626450116,72.38979118329466,85.61484918793504,89.55916473317865,90.67599067599068,79.06976744186046,70.30457168508212,52.38055090918901
3029,零壹,資訊服務,109.0,119699246.825,69.49516648764768,29.584432717678098,59.17781571457259,12.76595744680851,1.869158878504673,0.10431727603738745,85.49019607843137,25.788543809715073,11.832946635730858,53.01624129930394,84.45475638051045,73.54988399071925,87.87878787878788,76.86046511627907,62.14652323701048,52.30676361085631
4162,智擎,藥,57.8,18256198.354999997,24.167561761546725,65.63324538258574,4.374468846446304,45.65217391304348,-9.262166405023553,0.12432369581545451,78.31978319783198,-25.687020769035797,46.403712296983755,13.109048723897912,87.47099767981439,56.96055684454756,7.109557109557109,18.6046511627907,42.210774530960144,52.21496789510603
2801,彰銀,本國銀行,26.6,464627439.1049999,44.951664876476904,49.010554089709764,7.114917062295352,66.66666666666666,12.473572938689227,0.053861938462083696,100.0,-6.623388625136433,66.9953596287703,80.51044083526682,72.73781902552204,99.0139211136891,21.095571095571096,23.13953488372093,68.07062233976386,52.159593697728376
6805,富世達,電子零組件,2095.0,4338642655.75,25.036603221083453,64.77572559366754,17.065468038937038,86.18421052631578,30.937499999999996,0.03624300682856413,89.33901918976545,-11.91635464070865,86.65893271461717,94.77958236658934,66.24129930394432,81.32250580046404,14.335664335664337,35.348837209302324,68.66759690425583,52.13767333944854
2009,第一銅,基本金屬,39.2,135174903.71,17.41424802110818,71.6358839050132,21.41189768287589,78.57142857142857,1.950585175552666,0.12724316873529426,71.40255009107469,4.941265121917251,79.58236658932715,53.82830626450116,87.70301624129931,41.067285382830626,56.17715617715617,40.93023255813954,63.67162613102289,51.93789456644904
2413,環科,電子零組件,41.65,33633284.7275,0.0,98.15303430079155,19.793350789387883,100.0,3.2218091697645557,0.033516097832971235,66.64,-11.637766140408079,99.24593967517401,58.93271461716937,64.96519721577727,27.958236658932716,14.56876456876457,39.30232558139535,53.13417054716358,51.89344682458318
6568,宏觀,半導體,133.5,11491298.05,36.4124597207304,56.464379947229546,34.32811211871393,75.0,-3.2608695652173947,-0.047207035670701114,48.722627737226276,24.528741412475966,75.92807424593968,29.350348027842227,30.97447795823666,4.060324825986079,86.94638694638695,56.74418604651162,45.45192240087832,51.845559272648785
2615,萬海,海運,115.5,4551511958.24,51.86460126219162,43.20580474934037,50.12952578091807,45.45454545454545,35.24590163934425,0.14697817247545078,91.30434782608695,14.886350520612048,46.11368909512761,96.2877030162413,90.60324825986079,84.80278422273781,78.9044289044289,72.20930232558139,79.34237069967928,51.70951815680138
3013,晟銘電,電子零組件,86.0,99765230.065,24.066924066924066,65.69920844327177,32.13289385764897,86.8421052631579,1.654846335697413,-0.015598702309381833,61.42857142857143,12.01526257176597,87.58700696055685,51.74013921113689,43.27146171693735,17.111368909512763,73.89277389277389,53.83720930232558,54.720550138183555,51.69886149031458
2323,中環,光電及I/O,10.85,83014673.345,0.2849002849002849,92.87598944591029,2.8771549145213915,89.33333333333333,5.339805825242716,0.05291023676965467,82.82442748091603,-16.668563390319076,89.32714617169374,65.77726218097449,72.50580046403712,66.47331786542924,10.722610722610723,16.395348837209305,60.96122748094906,51.604637673339454
8081,致新,半導體,251.5,176561165.725,47.744360902255636,47.06464379947229,10.01367062966238,64.39393939393939,-2.519379844961245,0.13295274725544173,73.64568081991216,5.372447086441594,64.61716937354988,31.438515081206496,88.63109048723898,46.635730858468676,57.692307692307686,26.51162790697674,57.80296269855434,51.5815032644472
5432,新門,電子零組件,153.0,28413864.425,29.05491698595147,61.6754617414248,32.156795224977046,82.89473684210526,41.01382488479261,-0.027884647620750505,82.70270270270271,22.057863483318023,83.1786542923434,97.09976798143852,38.167053364269144,66.12529002320186,85.54778554778555,53.95348837209303,74.0237102418077,51.53941617654995
4949,有成精密,光電及I/O,77.5,72811077.965,35.49382716049383,57.32189973614775,98.63908131175776,62.66666666666667,16.892911010558077,-0.07261207416930016,71.75925925925925,34.24605420783851,63.10904872389791,87.58700696055685,21.69373549883991,41.87935034802784,92.8904428904429,88.60465116279069,61.431916884353086,51.5015108185399
6425,易發,電子設備,61.5,26144464.625000004,41.269841269841265,51.97889182058047,226.94833104709647,72.72727272727273,10.81081081081081,-0.12885247673728117,60.0,127.72888736473102,73.54988399071925,78.42227378190255,11.1368909512761,14.617169373549885,98.83449883449883,96.16279069767441,55.31214338638932,51.47689257001025
3287,廣寰科,電腦及週邊,36.6,21844339.012500003,0.06285355122564425,95.64643799472296,2.5161046872051966,91.52542372881356,23.23232323232325,0.01662135797880496,93.84615384615384,-0.7859302085298809,91.53132250580046,92.5754060324826,58.0046403712297,90.71925754060325,34.61538461538461,16.046511627906977,73.48920221310013,51.43042141045703
2467,志聖,電子設備,595.0,772212454.15,93.71643394199786,8.575197889182059,132.72536273917663,16.883116883116884,15.087040618955516,0.08604432951034596,89.07185628742515,32.2735751594511,16.70533642691415,84.80278422273781,80.8584686774942,80.97447795823666,92.42424242424242,92.79069767441861,71.15306194192506,51.4169319592079
6187,萬潤,電子設備,1300.0,5077313726.5,85.17722878625135,16.556728232189975,73.44342795309193,29.87012987012987,21.495327102803728,0.04739677581556065,90.9090909090909,5.35228530206129,30.278422273781903,91.64733178654292,70.64965197215777,83.87470997679814,57.57575757575758,83.13953488372093,66.80517471700766,51.41133383693952
2486,一詮,電子零組件,259.5,2555090183.275,63.6068237205524,33.773087071240106,42.51556067555775,55.92105263157895,18.764302059496572,-0.031364884955410094,84.52768729641694,6.207040450371835,57.65661252900232,89.55916473317865,36.19489559164733,70.88167053364269,60.37296037296037,66.51162790697674,62.93306075208627,51.372686559110775
6741,91APP*-KY,數位雲端,59.6,16526831.815000001,1.4785992217898831,88.06068601583114,36.40503933282073,69.23076923076923,6.049822064056931,0.14127420778238142,72.59439707673569,2.8500262218804835,70.01160092807424,67.86542923433875,89.79118329466357,43.96751740139211,47.086247086247084,58.95348837209302,63.74439558894314,51.26679436680516
2393,億光,光電及I/O,64.6,142905360.08499998,35.660580021482275,56.99208443271768,17.439202991399608,60.0,6.425041186161429,0.15644574940354786,87.53387533875339,4.69613532759973,60.556844547563806,69.1415313225058,91.53132250580046,77.49419953596288,55.12820512820513,36.04651162790697,70.77042060800763,51.239006097231965
6498,久禾光,消費性電子,74.0,10680839.145,0.9463722397476341,89.28100263852242,-4.625261041070462,100.0,-2.887139107611547,0.034173233260150565,65.77777777777779,-15.613507360713623,99.24593967517401,30.510440835266824,65.19721577726219,25.986078886310903,11.305361305361306,9.883720930232558,46.44900729587505,51.151324664112664
4416,三圓,建設,12.4,17943258.009999998,0.8928571428571428,89.70976253298153,5471.697704634041,94.82758620689656,20.388349514563096,0.008919052610147457,20.097244732576986,3569.378469756027,94.5475638051044,90.95127610208816,54.524361948955914,0.580046403712297,100.0,100.0,68.12064965197216,51.04408352668213
6277,宏正,光電及I/O,79.9,46009969.410000004,84.04940923737915,17.612137203166228,30.905770234269863,25.333333333333336,3.0967741935483906,0.231453751494389,91.31428571428573,5.830513489513244,25.870069605568446,58.35266821345708,96.98375870069606,84.91879350348029,59.09090909090909,51.627906976744185,65.04323982282219,51.01602546808395
8155,博智,印刷電路板,348.0,274548289.175,71.91192266380236,27.96833773087071,52.00709364981925,67.44186046511628,19.38250428816466,-0.09565119364619523,76.23220153340635,14.15472909987949,68.32946635730859,90.13921113689095,16.125290023201856,51.62412993039444,77.50582750582751,74.18604651162791,60.74478499072467,51.00010791561
4129,聯合,醫療耗材,81.2,28762016.1,0.0,98.15303430079155,7.114396966476852,94.5945945945946,-2.5210084033613356,-0.07640241671098347,61.98473282442748,-7.467068689015441,93.96751740139212,31.322505800464036,21.11368909512761,18.097447795823665,19.46386946386946,23.02325581395349,36.79300591133538,50.941428802676306
3693,營邦,電子零組件,648.0,717981166.7,89.49297495418448,12.335092348284961,148.92888425527937,23.684210526315788,29.34131736526946,0.11313377845925342,89.01098901098901,66.01925617018622,23.54988399071926,94.3155452436195,85.84686774941996,80.74245939675174,96.38694638694638,93.48837209302326,76.16834055349138,50.86629255921869
5443,均豪,電子設備,110.0,229520875.36499995,83.83458646616542,17.777044854881265,165.60532795207635,33.76623376623377,16.15628299894403,0.05252189400800707,80.0,128.3568853013842,34.454756380510446,86.42691415313224,72.0417633410673,60.78886310904872,98.95104895104895,94.53488372093022,70.53266918696153,50.83789726433929
7712,博盛半導體,半導體,152.0,56108971.975,54.41176470588235,40.96306068601583,63.2874398011496,55.3030303030303,8.571428571428562,-0.02503707443070947,71.19437939110071,24.84162653409974,56.72853828306265,74.24593967517401,39.443155452436194,40.71925754060325,87.2960372960373,79.4186046511628,59.68658564946268,50.655115199913666
2059,川湖,金屬製品,13450.0,7277230391.75,99.08700322234156,2.2757255936675462,355.5224648845101,14.285714285714285,42.027455121436105,0.021602242103182318,92.6946933149552,106.15830992300675,13.2830626450116,97.21577726218096,60.20881670533643,88.39907192575406,98.48484848484848,97.90697674418605,71.5183154046263,50.59333351319269
1513,中興電,電機製品,162.5,559833448.125,43.55531686358754,50.098944591029024,3.833103085238319,54.54545454545454,0.9316770186335477,0.26545289106233577,86.89839572192514,-1.4212646098411215,56.264501160092806,48.37587006960557,97.91183294663574,76.21809744779581,31.818181818181817,17.906976744186046,62.117696688462345,50.503426320617265
4119,旭富,藥,56.1,12010419.52,94.10735122520421,7.981530343007916,133.15573369830872,8.695652173913043,15.432098765432102,0.012643269705527574,91.9672131147541,92.42715579887246,7.308584686774942,85.26682134570765,56.264501160092806,87.00696055684455,97.9020979020979,92.90697674418604,66.74979313030357,50.48892516052447
6117,迎廣,電子零組件,64.0,12415102.035,6.680369989722508,80.87071240105541,-9.065572578138948,96.71052631578947,-2.4390243902438935,-0.08221763806905599,67.36842105263158,0.036284947907372356,96.17169373549885,31.554524361948953,18.90951276102088,29.81438515081207,36.5967365967366,7.325581395348838,42.60937052120347,50.4392839799277
6994,富威電力,公用事業,35.55,16775509.8225,5.3164556962025316,82.05804749340369,63.374057503988986,50.0,-2.735978112175108,-0.04737619567727935,35.02463054187192,24.472705002659282,51.45011600928074,30.62645011600928,30.74245939675174,0.9280742459396751,86.82983682983682,79.88372093023256,40.11538731956365,50.40886526736092
2603,長榮,海運,239.0,4192855014.75,67.2,31.398416886543533,43.07054113785048,27.27272727272727,16.58536585365853,0.3511441839578875,95.02982107355865,8.240360758567,27.842227378190255,87.00696055684455,99.76798143851508,93.50348027842227,65.38461538461539,67.2093023255814,74.7010530073175,50.38701235633735
2546,根基,營造,107.0,43405357.405,11.224489795918368,77.40765171503958,5.516015247198043,66.66666666666666,7.86290322580645,0.0376732649659944,91.84549356223177,-19.55932316853462,66.9953596287703,72.50580046403712,66.5893271461717,86.65893271461717,9.324009324009324,20.348837209302324,60.414685855521114,50.37433227216317
3661,世芯-KY,半導體,4050.0,9597911817.5,75.56390977443608,24.736147757255935,181.7841084291265,35.60606060606061,12.188365650969523,0.020864935772582364,75.34883720930232,127.20940561941765,35.96287703016242,80.2784222737819,59.976798143851504,49.94199535962877,98.71794871794873,95.23255813953489,64.97560830507466,50.214752063886046
1907,永豐餘,造紙,30.3,44124425.20999999,55.85392051557465,40.03957783641161,7.281205594494915,33.33333333333333,1.8487394957983128,0.15341774921024495,97.11538461538461,-1.8758629370033892,33.874709976798144,52.90023201856149,91.29930394431554,96.2877030162413,30.186480186480185,23.372093023255815,60.909685828479326,50.15856849943344
6670,復盛應用,其他,275.0,58851631.775,46.99248120300752,47.361477572559366,25.08957711985966,37.5,6.382978723404253,0.1721313847423044,91.51414309484193,3.433051413239774,37.7030162412993,68.79350348027842,93.61948955916473,85.38283062645012,50.116550116550115,45.58139534883721,67.12307800474854,49.96843468407705
6719,力智,半導體,187.0,161887829.275,13.713268032056991,74.86807387862797,-15.466906868836826,86.36363636363636,-13.425925925925931,-0.05453760403849329,59.84,-5.931271245891212,86.89095127610209,6.728538283062645,27.842227378190255,14.385150812064964,22.26107226107226,5.116279069767442,31.621588002098445,49.91596071871796
2006,東和鋼鐵,基本金屬,82.6,233676349.475,42.557764642665234,50.98944591029023,13.891390874771698,42.857142857142854,5.357142857142838,0.16864819881408488,93.33333333333333,4.7342605831811255,43.1554524361949,65.89327146171694,92.80742459396751,89.90719257540604,55.24475524475524,30.813953488372093,69.40161926240813,49.49583175956403
2613,中櫃,貨運倉儲,22.5,41537233.255,9.237379162191193,78.95778364116094,6.306021337532534,92.85714285714286,10.837438423645306,-0.026327652253869883,81.08108108108108,0.7706808916883565,92.80742459396751,78.53828306264501,38.8631090487239,62.52900232018561,39.16083916083916,21.16279069767442,62.37973163727223,49.49023363729563
6464,台數科,有線電視,76.8,12144438.205,72.18045112781954,27.506596306068605,-8.377659220980831,27.506596306068605,-2.0408163265306256,-0.036638504733986624,96.0,-5.561772813987224,28.190255220417633,33.06264501160093,34.222737819025525,94.77958236658934,22.96037296037296,7.906976744186046,42.64311867560128,49.45354232989803
8942,森鉅,石化,42.5,14495611.62,13.211600429645543,75.29683377308707,-3.173043289971184,78.94736842105263,13.031914893617014,0.23034096791502295,92.3913043478261,13.541304473352547,79.98839907192576,81.20649651972158,96.8677494199536,87.81902552204176,76.34032634032634,11.046511627906977,84.4443993747938,49.41185992553823
3094,聯傑,半導體,42.3,116103764.01500002,70.13963480128893,29.089709762532983,32.13118722013797,41.66666666666667,17.33703190013869,0.009581678321317677,93.48066298342542,-8.77254185324135,41.76334106728538,88.2830626450116,54.75638051044084,90.13921113689095,18.181818181818183,53.72093023255814,58.624762708289396,49.33510494793072
2852,第一保,產險,28.25,19347257.759999998,31.63265306122449,60.19129287598945,16.178762222887844,40.0,6.203007518796988,0.21243282848262973,94.00998336106488,15.342508148591893,39.96519721577726,68.32946635730859,95.70765661252901,91.06728538283063,79.48717948717949,34.06976744186046,74.91135701112499,49.19319592078993
4306,炎洲,石化,15.25,15973959.829999998,62.39368165249088,34.82849604221636,15.154276775117731,47.368421052631575,7.3943661971831,0.13593618101506608,92.14501510574019,-9.877148816588177,48.49187935034803,71.92575406032483,89.0951276102088,87.47099767981439,17.016317016317018,31.976744186046513,62.80001514340262,49.003466788971025
2206,三陽工業,機車船製造,63.1,40615255.82,35.12352309344791,57.519788918205805,-5.940388077615523,53.84615384615385,3.953871499176276,0.12035011884056923,94.60269865067467,2.5764079482563176,55.33642691415314,61.48491879350348,87.00696055684455,92.5754060324826,45.8041958041958,9.534883720930234,68.44158162023591,48.99044946851562
2360,致茂,電子設備,2015.0,4463847089.75,93.39419978517724,9.036939313984169,175.25829018155406,18.181818181818183,6.896551724137923,0.013656407737989764,76.76190476190476,48.135526787702716,17.923433874709975,70.64965197215777,56.496519721577734,53.1322505800464,95.22144522144522,94.76744186046511,58.68466027398741,48.79336858576593
2015,豐興,基本金屬,64.4,13164130.535,46.13319011815252,48.15303430079156,5.449738293138981,40.476190476190474,1.4173228346456845,0.010617739653804584,91.34751773049646,9.639825528759314,40.60324825986079,50.98607888631091,55.33642691415314,85.03480278422273,68.76456876456876,20.232558139534884,60.14502512182327,48.72113257432687
3017,奇鋐,電子零組件,3300.0,13902745153.0,93.28678839957036,9.168865435356201,57.39113833331852,14.473684210526317,20.879120879120872,0.11202208515266336,96.7741935483871,-3.989241111120961,13.68909512761021,91.29930394431554,85.49883990719258,95.82366589327145,25.29137529137529,76.51162790697674,62.32045603275301,48.68127124588572
1326,台化,石化,69.7,2131546443.0349998,63.928112965340176,33.57519788918206,34.176541942667804,36.84210526315789,18.941979522184305,0.09118313435319131,93.80888290713325,13.771027961778533,37.00696055684455,89.79118329466357,81.90255220417633,90.60324825986079,76.68997668997669,56.395348837209305,75.19878420110437,48.55359358981277
6862,三集瑞-KY,電子零組件,139.0,22493208.85,63.35540838852097,33.90501319261214,27.857470927717017,56.57894736842105,-3.472222222222221,-0.01728999705533212,60.96491228070175,30.584980618478014,58.23665893271461,28.42227378190255,42.459396751740144,15.777262180974477,91.14219114219114,48.604651162790695,47.20755655790458,48.54907462364431
6234,高僑,電子設備,34.1,11504483.772499999,87.07799767171129,14.775725593667547,111.51852496086276,24.675324675324674,-3.125,0.08127675800159041,55.00000000000001,68.32568330724183,24.709976798143853,29.466357308584683,79.93039443155452,8.004640371229698,96.5034965034965,90.93023255813954,47.722973082601854,48.544623104732096
6782,視陽,醫療耗材,235.0,148117670.225,11.978021978021978,76.51715039577837,17.200598990776044,54.054054054054056,18.090452261306524,0.08886248663916682,94.18837675350701,-11.442934006149311,55.74245939675174,88.8631090487239,81.67053364269141,91.415313225058,14.918414918414918,35.581395348837205,66.52196604632799,48.469014730480765
3443,創意,半導體,5800.0,12858870044.5,98.65735767991407,2.9683377308707124,158.38135946958366,3.0303030303030303,32.11845102505695,0.06138148099779091,94.6938775510204,26.970906313055764,1.9721577726218096,95.24361948955917,75.05800464037124,92.80742459396751,88.81118881118881,94.06976744186046,70.7784790615417,48.40143257972266
6651,全宇昕,半導體,148.0,38404355.275,79.55719557195572,21.372031662269126,56.42417843916009,31.060606060606062,23.33333333333334,0.0751304721619965,87.57396449704143,26.97611895944006,31.90255220417633,92.69141531322505,78.77030162412993,77.84222737819026,88.92773892773893,76.27906976744187,74.0268470894921,48.33310850914586
1437,勤益控,物業管理,31.95,20226080.992499996,13.211600429645543,75.29683377308707,-34.01377652102974,75.29683377308707,7.394957983193273,0.016648965624018987,91.8103448275862,-46.21251768068649,76.33410672853829,72.0417633410673,58.12064965197216,86.5429234338747,4.195804195804196,2.3255813953488373,59.44704947025133,48.29021205417364
4968,立積,半導體,90.4,36590753.504999995,10.762032085561497,77.57255936675462,-1.629190169527996,87.87878787878788,-8.502024291497968,-0.013104652668521712,54.294294294294296,-2.996126779685331,88.39907192575406,15.19721577726218,44.895591647331784,7.424593967517401,27.03962703962704,12.093023255813954,36.5912200714985,48.1798683429558
2412,中華電,通信網路,138.0,1172096057.925,87.8625134264232,14.050131926121374,3.680239027779617,28.846153846153843,0.7299270072992803,-0.0191912672635609,94.19795221843003,-3.1431739814802535,29.81438515081207,46.8677494199536,42.22737819025522,91.53132250580046,26.923076923076923,17.790697674418603,47.47278243797966,48.06716397776938
7703,銳澤,電子設備,185.5,12859791.975,71.07061503416855,28.49604221635884,74.70303563572371,53.246753246753244,8.163265306122458,0.14431104363398514,66.01423487544484,43.195357090482474,54.75638051044084,73.08584686774941,89.90719257540604,26.5661252900232,94.75524475524476,83.72093023255815,67.81415799977285,47.98939729131819
3564,其陽,電腦及週邊,52.9,10163695.7375,89.7590361445783,12.269129287598943,80.14118792599805,6.779661016949152,13.276231263383288,0.05282580758221859,90.58219178082192,37.77412528399869,5.220417633410673,81.90255220417633,72.38979118329466,83.29466357308584,93.7062937062937,85.23255813953489,67.30274366005224,47.961271785463765
2611,志信,貨運倉儲,14.55,27509617.290000003,18.954248366013072,70.25065963060686,-6.861970346955671,85.71428571428571,8.582089552238802,-0.026395452446105572,84.59302325581396,-22.681313564637115,86.19489559164734,74.36194895591647,38.63109048723898,70.99767981438515,7.80885780885781,8.720930232558139,55.59889453160914,47.887889170668544
1303,南亞,石化,221.0,21267067357.6,65.50522648083623,32.25593667546175,44.53141597903039,26.31578947368421,24.858757062146886,-0.006299088346086356,93.05263157894737,8.640943986020261,26.68213457076566,93.38747099767981,48.72389791183295,89.4431554524362,66.66666666666666,68.48837209302326,64.98066511987625,47.80654777963632
6263,普萊德,通信網路,171.5,22842745.875,90.44038668098818,11.477572559366754,37.84476789227953,25.0,11.363636363636353,0.317319190054578,90.98143236074272,21.76317859485302,25.290023201856147,79.11832946635731,98.95591647331786,83.9907192575406,85.08158508158508,61.04651162790697,74.48731469613139,47.80223115523661
3490,單井,電子設備,44.95,254792995.7125,0.4142502071251036,92.01846965699208,9.436558516801854,100.0,57.443082311733804,0.0363484027868903,82.32600732600733,8.257705677867868,99.24593967517401,99.18793503480279,66.35730858468676,65.08120649651971,65.5011655011655,25.930232558139537,79.07471105846976,47.767360923757614
1102,亞泥,水泥製造,35.2,359217165.8975,14.178302900107411,74.53825857519789,-7.510532691177554,71.42857142857143,7.975460122699385,0.19137068233930613,90.25641025641026,-3.8836884607850397,72.4477958236659,72.73781902552204,95.01160092807424,82.830626450116,25.524475524475527,8.488372093023255,69.71046355037075,47.75724383532078
8289,泰藝,電子零組件,44.2,23284752.5925,68.24966078697422,30.80474934036939,61.601803088458446,50.0,1.6091954022988464,0.014997477168800857,58.388375165125495,31.03120205897229,51.45011600928074,51.508120649651964,57.19257540603249,11.7169373549884,91.84149184149184,78.25581395348837,52.74184825228908,47.47868666702639
6584,南俊國際,金屬製品,629.0,683766139.6,22.46879334257975,66.95250659630607,32.80191405694793,71.42857142857143,29.158110882956876,-0.04922257206646461,78.13664596273291,-7.338723962034727,72.4477958236659,94.08352668213456,29.81438515081207,56.264501160092806,19.696969696969695,55.23255813953488,54.461435702735,47.46533211028976
2903,遠百,百貨批發,22.3,49969830.160000004,35.9828141783029,56.86015831134564,-1.687171889659357,42.857142857142854,1.3636363636363669,0.0981166724509095,91.39344262295083,-0.6147812597729048,43.1554524361949,50.81206496519721,83.06264501160094,85.1508120649652,35.08158508158508,11.976744186046512,59.452511911908665,47.36773593050235
2892,第一金,金融控股,36.85,1352040040.7324998,84.47905477980666,17.084432717678098,2.369989553158604,30.76923076923077,2.646239554317553,0.2493622566839319,100.0,-13.8966736312276,31.38051044083527,56.96055684454756,97.56380510440835,99.0139211136891,12.354312354312354,15.69767441860465,59.45462117155853,47.28288728214536
8249,菱光,光電及I/O,40.2,10276149.672500001,87.59398496240601,14.511873350923482,45.212819607645365,21.333333333333336,-6.074766355140171,0.1568106363226675,62.61682242990655,30.60521307176358,21.46171693735499,20.649651972157773,91.64733178654292,19.1415313225058,91.37529137529138,69.06976744186046,48.85510467877058,47.25584093239087
3653,健策,電子零組件,5615.0,8010360763.75,99.03329752953813,2.5065963060686016,90.95964446430736,3.289473684210526,29.377880184331808,0.07347862269425193,95.41206457094307,28.843096309538247,2.088167053364269,94.43155452436194,78.42227378190255,93.96751740139212,90.09324009324008,86.9767441860465,71.8005505708522,47.150218529110234
6486,互動,通信網路,83.1,16629855.855,96.93877551020408,3.8588390501319263,59.89696109908161,5.769230769230769,11.994609164420478,0.04423640652725393,91.92477876106193,27.9979740660544,4.176334106728538,80.04640371229699,69.48955916473318,86.89095127610209,89.86013986013987,77.55813953488372,66.09267762400013,47.14475530135434
2368,金像電,印刷電路板,1100.0,10798077172.5,87.80058651026394,14.24802110817942,77.38084589596791,44.18604651162791,17.021276595744684,-0.04013478487140977,73.57859531772574,-3.586102736021388,44.779582366589324,87.70301624129931,33.06264501160093,46.403712296983755,26.456876456876454,84.41860465116278,47.68116647466995,46.97472076835914
2882,國泰金,金融控股,112.5,2070228772.72,74.38238453276047,25.46174142480211,-69.70914257078755,69.23076923076923,11.940298507462677,0.06213072872396692,97.40259740259741,-76.00609504719169,70.01160092807424,79.93039443155452,75.52204176334106,96.51972157772622,3.0303030303030303,1.1627906976744187,65.00281234619982,46.94092969298009
2545,皇翔,建設,34.65,10009826.6775,83.7547068316299,17.941952506596305,456.7784314365824,10.344827586206897,8.112324492979717,0.17214144653419733,76.91453940066593,359.0822876243886,8.932714617169374,72.96983758700696,93.7354988399072,53.36426914153132,99.65034965034964,98.25581395348837,65.7305339671929,46.895740031295524
2351,順德,半導體,223.0,1049960505.35,92.42749731471535,9.96042216358839,54.00455967585946,18.181818181818183,31.9526627218935,0.033394585638569604,92.91666666666667,6.496373117239635,17.923433874709975,95.1276102088167,64.8491879350348,88.97911832946636,61.07226107226107,75.0,65.59032228405779,46.693735498839914
2034,允強,基本金屬,20.65,28284520.252499998,82.04144282425173,19.261213720316622,41.2208223703764,11.904761904761903,8.970976253298147,0.3838049407462597,91.57427937915742,23.053881580250923,11.020881670533642,75.63805104408353,99.88399071925754,85.7308584686775,86.01398601398601,64.76744186046511,71.65755358330765,46.47028273889818
2845,遠東銀,本國銀行,13.65,188914256.73250002,59.3984962406015,37.17018469656992,5.430036292413157,22.22222222222222,2.6315789473684292,0.21793622900338547,100.0,-10.323309138391224,22.331786542923435,56.61252900232019,95.82366589327145,99.0139211136891,16.200466200466202,20.116279069767444,57.996473750534086,46.21236443101495
3219,倚強科,電子設備,90.5,52308002.4,26.133144475920677,63.7203166226913,17.976557800159128,77.92207792207793,39.230769230769226,0.08707338800148545,82.64840182648402,-9.512294799893919,78.88631090487239,96.8677494199536,81.20649651972158,66.0092807424594,17.5990675990676,36.395348837209305,68.11378103721492,46.10579776614688
6538,倉和,光電及I/O,273.0,470592607.525,98.11946902654867,3.562005277044855,63.36851728723404,6.666666666666667,74.4408945686901,-0.014678441011779831,100.0,30.842344858156032,5.104408352668213,99.53596287703016,43.735498839907194,99.0139211136891,91.6083916083916,79.76744186046511,67.79963655833726,46.08745211244806
2355,敬鵬,印刷電路板,41.85,96241752.5175,37.708565072302555,55.34300791556728,15.90714639350856,86.04651162790698,2.19780219780219,0.024070141796282984,62.462686567164184,5.184764262339035,86.42691415313224,54.40835266821345,61.368909512761014,18.793503480278424,56.993006993006986,32.906976744186046,55.598137361478415,45.92976042734581
2464,盟立,電子設備,222.0,3398540232.725,99.93827160493827,0.13192612137203166,62.10044461308143,1.2987012987012987,30.58823529411765,0.06292856729749563,100.0,16.773629742054297,0.34802784222737815,94.66357308584686,75.63805104408353,99.0139211136891,81.11888111888112,78.48837209302324,70.1564908409456,45.79668699077321
6214,精誠,資訊服務,183.0,635756438.075,48.60365198711064,46.20712401055409,31.81608927155004,21.27659574468085,19.6078431372549,0.057076680796264254,100.0,-19.689273818966633,21.34570765661253,90.25522041763341,73.66589327146171,99.0139211136891,9.207459207459207,52.90697674418605,58.69764033337118,45.75284627421357
2905,三商,百貨批發,18.2,26708962.275,16.339285714285715,72.75725593667546,-94.41723120070272,61.904761904761905,11.314984709480115,0.14822888545040092,100.0,-216.0137067108529,62.23897911832946,79.00232018561485,90.95127610208816,99.0139211136891,1.5151515151515151,0.5813953488372093,66.54432960697461,45.70799384881023
6104,創惟,半導體,95.3,57803683.67,48.984329657574,45.844327176781,4.485046752090239,62.121212121212125,1.1677282377919207,0.2618929828718364,75.93625498007968,0.5500311680601642,62.52900232018561,50.0,97.6798143851508,50.81206496519721,38.344988344988344,18.953488372093023,59.873174003104396,45.573638914368956
4163,鐿鈦,醫療耗材,139.0,24158663.875,86.89581095596132,15.072559366754618,49.86338727254885,5.405405405405405,13.469387755102048,0.07304279841933478,92.66666666666666,27.985591515032564,4.060324825986079,82.5986078886311,78.19025522041764,88.2830626450116,89.74358974358975,71.97674418604652,68.57516806472724,45.43038094210327
4763,材料*-KY,其他化學,49.1,482416123.015,40.923737916219125,52.275725593667545,32.05475043872942,43.75,1.3415892672858698,0.04536356627808183,68.76750700280112,32.30316695915297,44.08352668213457,50.696055684454755,69.95359628770301,33.64269141531322,92.54079254079254,53.48837209302325,58.18333252207962,45.12963362650407
2850,新產,產險,159.0,38210487.4,86.78839957035446,15.303430079155673,3.2753339234387897,20.0,0.952380952380949,0.026070515015941417,94.3620178041543,-20.039777384374137,19.663573085846867,48.60788863109048,61.832946635730856,91.9953596287703,8.974358974358974,17.209302325581397,46.21482539115949,45.06508660227702
1612,宏泰,電纜,34.75,33208192.167499997,13.909774436090224,74.73614775725594,7.436381762652077,63.63636363636363,13.008130081300816,0.16044684634112674,85.48585485854859,13.260921175101394,63.92111368909513,81.09048723897911,92.11136890951276,73.4338747099768,75.990675990676,23.72093023255814,77.30950410764795,44.996357848162745
2354,鴻準,電子零組件,63.7,1136511941.03,87.80880773361976,14.149076517150396,37.45626698037191,26.973684210526315,14.77477477477478,0.13058130378676616,87.02185792349727,34.96417798691466,27.262180974477957,84.10672853828306,88.05104408352669,76.33410672853829,93.12354312354313,60.23255813953489,73.77552068967383,44.93052932606702
2612,中航,海運,63.3,89445790.775,47.8214093598709,46.89973614775725,18.29543469220529,54.54545454545454,15.300546448087427,0.14624499213283532,84.85254691689008,4.293623128136852,56.264501160092806,85.03480278422273,90.37122969837587,71.46171693735499,53.729603729603724,36.860465116279066,71.37237086193002,44.887970107376034
6672,騰輝電子-KY,印刷電路板,263.0,1231589349.525,96.440489432703,4.5514511873350925,90.82494865940824,13.953488372093023,18.73589164785554,0.03219977302593779,83.4920634920635,26.17996577293883,12.993039443155451,89.32714617169374,64.38515081206496,68.90951276102089,88.34498834498834,86.74418604651163,64.79196750658468,44.829898019748555
2881,富邦金,金融控股,147.0,2572437189.35,78.14178302900108,22.823218997361476,-79.15155940214706,61.53846153846154,13.513513513513509,0.11880885747424423,100.0,-86.5610958418795,61.77494199535963,82.71461716937355,86.89095127610209,99.0139211136891,2.797202797202797,0.9302325581395349,66.63832687034542,44.75111962445368
6213,聯茂,印刷電路板,512.0,8890595575.3,98.49624060150376,3.2981530343007917,96.87955881359228,11.627906976744185,50.146627565982406,0.06853117001743088,87.82161234991423,38.83637254239485,10.556844547563806,98.25986078886311,76.91415313225059,78.3062645011601,93.82284382284382,88.25581395348837,71.57199335853628,44.714765553337294
4939,亞電,印刷電路板,81.5,1365309014.435,88.83183568677792,12.994722955145118,36.75099000642386,37.2093023255814,37.20538720538722,0.025062479563577444,87.82327586206897,2.7106600042825733,37.35498839907193,96.51972157772622,61.60092807424594,78.42227378190255,46.386946386946384,59.53488372093023,64.0569716439786,44.69810608104463
3162,精確,汽車組件,71.5,89911295.705,86.62131519274377,15.633245382585754,77.53596410188729,21.62162162162162,9.327217125382248,-0.09413584055559299,74.55683003128259,24.8306427345915,21.69373549883991,76.10208816705337,16.473317865429234,48.027842227378194,87.17948717948718,84.76744186046513,49.89529418763758,44.59673285490747
1560,中砂,半導體,711.0,871010972.4,95.70354457572503,5.672823218997362,26.562787821842832,7.575757575757576,4.558823529411771,0.04664256729944156,92.45773732119635,6.318525214561884,5.800464037122969,63.341067285382834,70.41763341067285,87.93503480278422,60.722610722610725,47.44186046511628,57.643362051714725,44.45907300491015
2069,運錩,基本金屬,20.95,13071584.4625,40.07575757575758,52.83641160949868,-3.8447756007688105,52.38095238095239,13.243243243243242,0.1806475933712396,95.88100686498855,-10.063183733845866,54.060324825986086,81.78654292343387,94.43155452436194,94.43155452436194,16.666666666666664,10.69767441860465,68.27532869296212,44.350752711379705
9934,成霖,五金及家具,11.05,20096945.982499998,86.04992657856094,15.963060686015831,7.752273459986814,25.0,3.7558685446009488,0.02135648035963325,92.08333333333334,-6.255151026675465,25.290023201856147,60.78886310904872,60.092807424593964,87.35498839907193,21.91142191142191,24.302325581395348,51.08762080919853,44.039618518318676
4770,上品,樹脂,217.0,72703691.0,81.81019332161688,19.45910290237467,47.72043125383996,21.428571428571427,0.9302325581395321,0.041343039913719286,68.02507836990596,42.820287502559985,21.57772621809745,48.25986078886311,67.86542923433875,31.554524361948953,94.4055944055944,70.34883720930233,52.732627001768535,43.8053067501214
3044,健鼎,印刷電路板,487.5,1903661351.025,96.2406015037594,4.914248021108179,56.54703093190022,18.6046511627907,22.333751568381423,-0.01163847604563182,85.07853403141361,8.1846872879335,18.329466357308586,91.9953596287703,46.17169373549884,72.38979118329466,65.15151515151516,76.3953488372093,58.807565211277506,43.77981168726056
2348,海悅,建設,71.1,27723003.369999994,90.87003222341569,11.2467018469657,982.241841810558,5.172413793103448,3.3430232558139483,0.04993873644361863,68.03827751196172,590.6112278737053,3.248259860788863,59.62877030162414,71.22969837587007,31.670533642691417,99.88344988344988,99.53488372093024,53.132142412884875,43.70622673069659
4906,正文,通信網路,35.5,220741459.2875,94.97282608695652,6.728232189973616,32.24393677609266,15.384615384615385,-5.710491367861881,-0.11231233129019078,66.47940074906367,27.215957850728426,14.675174013921113,21.69373549883991,12.761020881670534,27.37819025522042,89.27738927738928,54.30232558139535,33.15710198540825,43.665488587924244
1455,集盛,人纖,9.97,15546131.382499998,46.42313546423135,47.82321899736148,1.652149480191065,55.55555555555556,12.655367231638426,0.1369796632694861,90.63636363636364,7.371432986794043,57.01856148491879,80.62645011600928,89.21113689095128,83.52668213457076,62.93706293706294,14.534883720930234,74.6639787127026,43.61341930610263
1909,榮成,造紙,11.15,52132466.493499994,80.37661050545094,20.778364116094984,20.32301873688973,16.666666666666664,10.396039603960405,0.12294345159092891,97.37991266375546,-5.377987508740194,16.009280742459396,77.9582366589327,87.23897911832947,96.40371229698376,23.543123543123542,39.651162790697676,60.230666471965776,43.526479792802036
4951,精拓科,半導體,78.2,11755969.030000001,15.641855447680692,73.54881266490764,-8.84666318873149,84.84848484848484,-3.6945812807881784,0.02950569889712568,55.85714285714286,-4.594442125820994,85.49883990719258,27.7262180974478,63.457076566125295,8.700696055684455,24.475524475524477,7.441860465116279,41.97167102039492,43.47879458263638
6510,精測,半導體,3350.0,1829363450.75,76.96025778732546,23.54881266490765,49.87319671091776,31.818181818181817,21.59709618874772,-0.07440369908729569,79.76190476190477,8.488797807278516,32.48259860788863,91.76334106728538,21.34570765661253,60.32482598607889,66.43356643356644,72.09302325581395,54.47000795028638,43.28427669562402
2887,台新新光金,金融控股,41.45,2098771052.6575,78.62513426423202,22.163588390501317,-15.630331882466972,53.84615384615385,16.106442577030823,0.1038324359250365,100.0,-225.980221254978,55.33642691415314,86.3109048723898,84.33874709976799,99.0139211136891,1.3986013986013985,4.883720930232558,65.27972027972028,43.23079102142124
9910,豐泰,鞋及旅行箱,67.7,83097326.625,0.322234156820623,92.5131926121372,1.0016684913300602,100.0,0.4451038575667532,0.20556504741603818,50.14814814814815,-1.9455543391132841,99.24593967517401,45.47563805104408,95.35962877030161,5.220417633410673,30.069930069930066,13.837209302325581,55.074310839972085,43.20698213996655
4938,和碩,電腦及週邊,90.4,1137641412.885,88.93662728249194,12.730870712401055,11.558105924047114,8.47457627118644,1.0055865921787754,0.06874238712476334,91.7766497461929,-1.5879293839685964,7.076566125290023,48.95591647331787,77.03016241299304,86.3109048723898,31.46853146853147,28.13953488372093,50.16841627050444,43.14277235202072
1319,東陽,汽車組件,81.4,231759347.53999996,21.697099892588614,67.67810026385224,22.658476480830988,70.27027027027027,11.659807956104263,0.2752104330965826,70.78260869565219,13.245650987220658,70.99767981438515,79.58236658932715,98.14385150812065,38.63109048723898,75.87412587412588,42.44186046511628,72.64582285463955,43.12206604435332
4766,南寶,樹脂,342.0,73096927.075,41.6219119226638,51.71503957783641,20.75767064821052,42.857142857142854,7.042253521126751,0.11871658800498458,79.44250871080139,5.451780432140341,43.1554524361949,71.11368909512761,86.77494199535964,59.62877030162414,58.04195804195804,40.348837209302324,63.74296237405285,43.00484271299844
2480,敦陽科,資訊服務,155.5,29312694.275,81.203007518797,20.11873350923483,22.359296123261185,6.382978723404255,1.6339869281045694,0.2979797395826751,87.35955056179775,4.559530748840793,4.640371229698376,51.62412993039444,98.60788863109049,77.03016241299304,54.54545454545454,41.74418604651163,57.28960134992618,42.94764743970215
4716,大立,樹脂,17.1,27943270.97,58.08605341246291,38.06068601583114,22.766458766458765,35.714285714285715,0.588235294117645,0.008586480078566952,70.6611570247934,21.824305844305847,36.07888631090487,46.17169373549884,54.292343387471,38.2830626450116,85.3146853146853,42.7906976744186,52.02813427871432,42.74523822370906
6442,光聖,通信網路,1770.0,4953502802.75,65.23929471032746,32.65171503957784,49.25479140715488,44.230769230769226,29.197080291970813,0.01491429628021399,74.68354430379746,-6.386805728563395,44.895591647331784,94.19953596287704,57.076566125290014,48.25986078886311,21.56177156177156,71.62790697674419,53.1986652172267,42.645955862515514
3374,精材,半導體,400.0,5079677987.7,91.98795180722892,10.751978891820581,30.964326462310797,19.696969696969695,27.795527156549515,0.004920004892293452,94.89916963226572,-14.133782358459516,19.37354988399072,93.85150812064965,53.24825986078886,93.15545243619489,12.004662004662006,51.74418604651163,54.326686461257225,42.60542006151189
6122,擎邦,工程承攬,51.9,14015520.26,43.38682899833979,50.19788918205804,16.11171967885435,50.0,13.0718954248366,0.22881821045213263,82.77511961722487,9.571146452569526,51.45011600928074,81.32250580046404,96.75174013921114,66.24129930394432,68.29836829836829,33.48837209302326,72.81280591025372,42.464320401446074
6640,均華,電子設備,1185.0,495357262.9,81.95488721804512,19.393139841688654,266.007894638977,37.66233766233766,30.219780219780223,-0.014225089312001584,67.32954545454545,191.68859642598466,37.93503480278422,94.5475638051044,44.19953596287703,29.698375870069604,99.41724941724942,96.62790697674419,61.15955197161694,42.428438461123406
2609,陽明,海運,57.8,4517853442.054999,78.28246983676365,22.691292875989447,34.56169411245626,18.181818181818183,14.229249011857693,0.11096034556113407,87.57575757575758,8.907796074970825,17.923433874709975,83.52668213457076,85.26682134570765,77.9582366589327,67.13286713286713,56.97674418604651,66.36160822935764,42.33293314627961
2455,全新,半導體,525.0,5831256420.325,99.35553168635876,1.7150395778364116,45.11594327460249,1.5151515151515151,35.30927835051547,0.04649961688261787,96.86346863468634,6.7239621830683305,0.6960556844547563,96.40371229698376,70.30162412993039,95.93967517401391,61.65501165501166,68.95348837209302,64.9992157880789,42.29637673339448
6218,豪勉,資訊服務,42.6,51794534.315000005,59.665144596651444,36.741424802110814,34.192757892541515,14.893617021276595,26.035502958579904,0.14743638201298973,94.45676274944567,31.03850526169433,13.921113689095128,93.50348027842227,90.83526682134571,92.22737819025522,91.95804195804196,56.51162790697675,76.48905618743206,42.28915987697621
6761,穩得,檢測驗證,181.5,119466771.825,87.6068376068376,14.445910290237467,16.178566135816965,66.66666666666666,19.8019801980198,-0.012943585832972223,78.91304347826087,12.042377423877976,66.9953596287703,90.37122969837587,45.243619489559165,58.46867749419954,74.009324009324,33.95348837209302,67.01764206404577,42.26157394917175
6112,邁達特,資訊服務,44.95,25873504.94,29.428095502498614,61.34564643799473,15.956588933654224,42.5531914893617,5.5164319248826255,0.27571670695863004,79.41696113074205,6.78772595576948,42.459396751740144,66.24129930394432,98.25986078886311,59.51276102088167,61.771561771561764,33.13953488372093,65.6489759273982,42.217598338099606
8103,瀚荃,電子零組件,121.0,501258811.6,92.15896885069817,10.554089709762533,34.29972526259666,18.421052631578945,53.74841168996187,0.018177466661589925,94.53125,0.3998168417311163,18.213457076566126,98.60788863109049,58.816705336426914,92.34338747099768,37.995337995338,56.62790697674419,61.19535530208384,42.144215723304384
2070,精湛,儀器設備,65.3,26232567.98,83.68657675016057,18.073878627968337,75.7725137299014,18.073878627968337,23.207547169811306,-0.01243353574125346,79.24757281553397,42.98834248660094,17.633410672853827,92.45939675174014,45.59164733178655,59.164733178654295,94.52214452214453,84.06976744186046,61.87426649143587,42.10212863540711
6108,競國,印刷電路板,23.05,94794748.98249999,99.26715522984676,1.7810026385224276,63.192573671422345,4.651162790697675,32.47126436781611,0.13897884110734468,88.65384615384616,17.838382447614897,3.0162412993039442,95.47563805104409,89.32714617169374,79.93039443155452,82.16783216783216,79.18604651162791,69.98345042428569,41.66426104786057
1434,福懋,成衣,18.1,37081484.480000004,46.777658431793775,47.4934036939314,-1.5367091560748112,30.434782608695656,4.9275362318840665,0.1990533375046724,92.58312020460359,-2.4178061040498706,30.74245939675174,64.4431554524362,95.1276102088167,88.05104408352669,28.554778554778554,12.209302325581394,61.38380953926198,41.639912588355905
6438,迅得,電子設備,154.0,63788643.45,77.33619763694952,23.218997361477573,5.380721558394372,45.45454545454545,4.761904761904767,0.18908319037511206,80.83989501312337,1.2538143722629167,46.11368909512761,63.92111368909513,94.89559164733178,61.94895591647332,41.142191142191145,20.0,61.604308298043804,41.035382830626446
2221,大甲,基本金屬,91.5,97821460.72,99.94629430719655,0.06596306068601583,38.52992774523505,2.380952380952381,104.46927374301676,0.05817390671331472,100.0,7.729951830156704,1.6241299303944314,100.0,74.12993039443155,99.0139211136891,64.21911421911422,62.558139534883715,67.79741913152586,40.799047644741805
2915,潤泰全,百貨批發,56.8,231983588.025,32.599355531686356,59.36675461741425,-18.52470603354109,47.61904761904761,9.652509652509655,0.09949776471080378,91.9093851132686,-9.353137355694056,48.89791183294663,76.5661252900232,83.52668213457076,86.77494199535964,17.832167832167833,4.069767441860465,62.71956581701362,40.79412399503589
2301,光寶科,電子零組件,299.0,10527538874.725,99.46294307196563,1.3522427440633245,37.60526813844039,1.3157894736842104,20.080321285140567,0.042801311341943184,94.1732283464567,2.8901787589602606,0.46403712296983757,90.48723897911833,68.67749419953596,91.29930394431554,47.55244755244755,60.69767441860465,59.69610435967744,40.49344412669292
8099,大世科,資訊服務,61.5,17822084.795,33.190118152524164,59.03693931398417,35.64120699434878,38.297872340425535,9.82142857142858,0.13309503418666593,72.26792009400705,-6.7425286704341545,38.51508120649652,76.91415313225059,88.74709976798144,42.69141531322506,20.862470862470865,57.674418604651166,53.54604405648489,40.491690498030536
5530,龍巖,靈骨塔,49.8,16833002.595000003,65.25241675617616,32.58575197889182,2.8814778272420907,32.58575197889182,4.842105263157892,0.22597298906672,85.56701030927834,19.410985218161386,32.94663573085847,64.03712296983758,96.40371229698376,74.12993039443155,83.56643356643356,16.511627906976745,70.21676699170898,39.88776776560729
2491,吉祥全,家電製品,45.0,102331854.675,3.8622129436325676,83.83905013192611,6.549761172544658,73.68421052631578,54.90533562822719,0.06898865828303598,79.7872340425532,-0.1868258849702089,74.76798143851508,98.72389791183295,77.26218097447796,60.440835266821345,35.8974358974359,22.209302325581394,69.41846629781665,39.673555279771215
6224,聚鼎,電子零組件,79.6,112843968.375,92.42749731471535,9.96042216358839,43.79262622790672,16.776315789473685,42.908438061041274,0.028795113556487385,83.78947368421052,26.131750818604484,16.415313225058004,97.33178654292344,63.10904872389791,69.60556844547564,88.22843822843824,68.02325581395348,66.93803103315864,39.17808773539092
6715,嘉基,電子零組件,307.5,488086781.125,95.593635250918,5.8707124010554095,23.34950449228412,10.526315789473683,-17.227456258411845,-0.03036950499009876,54.04217926186292,27.303002994856126,9.222737819025523,3.944315545243619,37.00696055684455,7.192575406032482,89.39393939393939,43.604651162790695,29.352105744217113,39.018912210651266
3518,柏騰,其他電子,31.85,24986482.717499997,9.494640122511486,78.62796833773086,-16.270283884431333,78.62796833773086,24.171539961013664,-0.05616095400849874,81.87660668380462,14.033144077045737,79.69837587006961,93.03944315545245,27.1461716937355,64.2691415313225,77.15617715617715,4.651162790697675,68.26186188135145,38.89480925915933
4510,高鋒,機械,47.05,114207770.45,78.77959927140255,21.965699208443272,41.3434140040272,8.333333333333332,23.006535947712404,0.0166126045669596,86.64825046040515,27.555609336018136,6.844547563805105,92.22737819025522,57.888631090487245,75.63805104408353,89.62703962703962,65.0,64.44512950313414,38.81380510440835
1727,中華化,其他化學,89.2,491767823.005,79.81481481481481,21.108179419525065,32.454757373393846,18.75,20.70365358592692,0.04546373704623726,85.35885167464116,2.199838248929229,18.677494199535964,91.1832946635731,70.18561484918794,73.08584686774941,44.75524475524475,54.534883720930225,59.57749906705824,38.77873253116063
9802,鈺齊-KY,鞋及旅行箱,72.2,46204779.665,39.7422126745435,53.13324538258575,30.86503842940226,44.44444444444444,4.184704184704202,0.11119840795095251,62.78260869565217,21.953358952934835,45.185614849187935,61.94895591647332,85.38283062645012,19.489559164733176,85.43123543123544,51.51162790697674,59.487639197616,38.559461501106135
2537,聯上發,建設,11.65,11980775.492500002,70.39106145251397,28.69393139841689,-13.109451984402863,25.862068965517242,6.392694063926951,0.17183592199928915,93.95161290322581,-70.79630132293524,26.33410672853828,68.90951276102089,93.50348027842227,90.95127610208816,3.263403263403263,5.5813953488372094,56.59235582669457,38.48931635461069
8227,巨有科技,半導體,156.5,120911736.8,2.684563758389262,85.81794195250659,-13.54286166383164,91.66666666666666,4.333333333333322,-0.042923000556498545,62.85140562248996,-63.71190777588774,91.70533642691416,62.7030162412993,32.01856148491879,19.721577726218097,3.4965034965034967,5.232558139534884,41.92899907517077,38.48911401284196
1605,華新,電纜,37.6,1225484896.3799999,47.744360902255636,47.06464379947229,10.081873496610502,27.27272727272727,7.890961262553797,0.20515359457391188,84.87584650112868,-6.768751002259659,27.842227378190255,72.62180974477958,95.24361948955917,71.57772621809745,20.745920745920746,26.627906976744185,57.60626071530944,38.356512707063075
6291,沛亨,半導體,458.0,383771024.05,62.04225352112675,35.15831134564644,39.44672248175349,49.24242424242424,20.52631578947368,-0.07010426911711967,67.45213549337261,3.2644816545023403,50.46403712296984,91.06728538283063,22.621809744779583,30.046403712296982,48.95104895104895,63.0232558139535,48.6301169827852,38.11660281659742
5608,四維航,海運,17.45,280811522.5575,99.2,1.912928759894459,44.34134111391457,9.090909090909092,31.698113207547163,0.013711673358844203,84.09638554216868,17.657560742609714,7.59860788863109,95.01160092807424,56.61252900232019,70.41763341067285,82.05128205128204,68.37209302325581,62.33833065619608,37.84418334862138
7768,頌勝科技,樹脂,278.0,28872927.25,3.614457831325301,84.1358839050132,2.6947325605043724,92.85714285714286,6.106870229007644,-0.09399438144614632,56.908904810644835,-8.473511626330417,92.80742459396751,67.98143851508121,16.58932714617169,9.396751740139212,18.53146853146853,16.162790697674417,41.061282105365635,37.596382129174984
5475,德宏,印刷電路板,182.5,1393061526.65,86.22754491017965,15.8311345646438,264.03117509801746,46.51162790697674,46.58634538152611,-0.05978340954676066,45.625,51.00745006534498,47.33178654292343,97.91183294663574,25.986078886310903,2.668213457076566,95.45454545454545,96.51162790697676,53.87049145749842,37.14994874008526
2498,宏達電,消費性電子,41.6,163125244.33,53.349875930521094,42.28232189973615,21.20205089251804,52.63157894736842,2.8430160692212603,0.017142629932284572,57.22145804676754,24.318033928345343,54.35034802784223,57.540603248259856,58.35266821345708,9.860788863109049,86.5967365967366,40.69767441860465,53.34022898988096,36.842052015324015
4977,眾達-KY,通信網路,172.5,739851214.9,91.29967776584319,11.015831134564644,136.6326290773289,23.076923076923077,21.052631578947366,-0.007143281634696695,63.77079482439926,92.13841938488594,23.08584686774942,91.415313225058,48.49187935034803,21.809744779582367,97.78554778554779,93.13953488372093,56.51766640165712,36.654953326498685
3441,聯一光,消費性電子,130.0,1710073231.465,78.76420454545455,22.03166226912929,12.10911074740862,26.31578947368421,52.22482435597189,0.003503454172605581,93.1899641577061,-31.867259501727595,26.68213457076566,98.49187935034803,52.55220417633411,89.67517401392111,6.41025641025641,28.72093023255814,54.76232970432507,36.64658986672422
1717,長興,樹脂,76.8,1397191412.34,93.34049409237379,9.102902374670185,23.862784201813927,7.142857142857142,15.488721804511263,0.1155952459984085,89.92974238875877,5.545189467875954,5.56844547563805,85.61484918793504,86.3109048723898,82.25058004640371,58.27505827505828,44.18604651162791,63.60396757148497,36.59755571143366
2454,聯發科,半導體,4340.0,34035199163.75,99.62406015037594,0.8245382585751979,12.158135262975865,0.7575757575757576,8.499999999999996,0.026720667158350336,93.53448275862068,5.50875684198391,0.23201856148491878,73.89791183294663,62.064965197215784,90.25522041763341,58.15850815850816,28.837209302325583,56.921724833557775,36.35663411212432
2891,中信金,金融控股,67.5,2125319268.3199997,95.27389903329752,6.266490765171503,-18.422218082467914,7.6923076923076925,2.2727272727272707,0.0035047971121532394,93.23204419889503,-120.08814538831194,6.090487238979119,55.10440835266821,52.66821345707656,89.79118329466357,2.097902097902098,4.186046511627907,41.15043888825791,36.2408271731506
2489,瑞軒,光電及I/O,40.9,1418519218.9575,69.17591125198098,29.881266490765174,32.24279015223043,40.0,23.564954682779437,-0.02042473165032161,72.38938053097344,10.691860101486935,39.96519721577726,92.80742459396751,41.87935034802784,43.03944315545243,71.44522144522143,54.18604651162791,57.82732735168929,36.09581557222252
2597,潤弘,營造,168.0,36080701.625,68.52846401718583,30.408970976253297,3.126904288628905,20.0,2.752293577981657,0.3394681654733433,82.35294117647058,-5.67539714091407,19.663573085846867,57.30858468677494,99.53596287703016,65.19721577726219,22.843822843822846,16.74418604651163,52.9098318541474,36.07409755571143
7792,安葆,電機製品,305.0,170471772.4,20.27972027972028,68.86543535620054,4.517662755908045,72.72727272727273,49.87714987714988,-0.044531367654292,75.1231527093596,-17.218224829394636,73.54988399071925,98.02784222737819,31.786542923433874,49.303944315545245,10.606060606060606,19.069767441860467,52.654854812627434,35.973938380186695
1440,南紡,人纖,14.2,36648326.175,99.8289136013687,0.2638522427440633,16.291977069676346,11.11111111111111,15.4471544715447,0.22512000600505494,91.02564102564102,19.181318046450897,9.976798143851507,85.38283062645012,96.2877030162413,84.22273781902551,83.33333333333334,34.18604651162791,71.84068058778034,35.7506879620137
3105,穩懋,半導體,446.5,12172346112.625,74.64528069093153,25.19788918205805,31.17757947581632,37.121212121212125,18.75,0.020069583260781104,72.36628849270664,-2.4982803494557935,37.23897911832947,89.4431554524362,59.62877030162414,42.92343387470998,28.438228438228435,52.093023255813954,51.534513437065655,35.7030701991043
1301,台塑,石化,65.7,1938896596.2549999,73.06889352818372,26.649076517150394,4.7740523533036185,15.789473684210526,17.321428571428577,0.08637235357842021,96.90265486725664,3.856034902202411,15.19721577726218,88.16705336426914,81.09048723897911,96.05568445475639,52.09790209790209,19.53488372093023,66.52166858663378,35.65518264716992
4979,華星光,通信網路,572.0,5893449422.75,93.73650107991361,8.509234828496043,31.011263151931526,17.307692307692307,16.260162601626014,0.06108676551463936,79.66573816155989,4.4208421012876755,17.053364269141532,86.5429234338747,74.8259860788863,60.092807424593964,54.07925407925408,51.97674418604651,58.51886705715011,35.64499811147682
3558,神準,通信網路,118.5,11917493.45,98.87218045112782,2.7704485488126647,3.169120059651019,1.9230769230769231,-7.421875,0.1392569592759602,71.6012084592145,3.3627467064340126,0.9860788863109048,17.40139211136891,89.4431554524362,41.415313225058,49.65034965034965,16.97674418604651,39.77925786510473,35.49418604651163
2426,鼎元,光電及I/O,95.0,3566318183.0699997,99.50041631973356,1.2532981530343008,36.31696631072261,2.666666666666667,52.0,0.007609173106159975,88.37209302325581,16.701310873815057,1.8561484918793503,98.37587006960557,54.060324825986086,79.46635730858469,81.002331002331,58.720930232558146,62.952206339677346,35.416891490854155
6727,亞泰金屬,電子設備,550.0,786954349.125,95.13590844062946,6.530343007915568,37.8714523021879,9.090909090909092,35.13513513513513,-0.021556012720521257,83.33333333333334,15.177634868125264,7.59860788863109,96.17169373549885,41.183294663573086,68.15545243619489,79.02097902097903,61.16279069767442,58.42600554897539,35.18628932175039
5508,永信建,建設,54.2,12860813.684999999,84.26423200859291,17.282321899736147,170.2618521247851,8.620689655172415,5.653021442495132,0.22796738771269615,50.65420560747664,-35.0620985834766,7.192575406032482,66.8213457076566,96.63573085846868,5.56844547563805,5.594405594405594,94.65116279069767,36.36250060844028,35.1477094911779
9907,統一實,金屬製品,15.35,31609973.890000004,45.64983888292159,48.35092348284961,-1.7313258743297937,42.857142857142854,5.498281786941583,0.3275071321250957,76.1786600496278,7.85578275044679,43.1554524361949,66.12529002320186,99.30394431554525,51.39211136890951,64.56876456876456,11.86046511627907,64.90911254252322,35.0706847245454
8358,金居,印刷電路板,470.0,11358079893.85,92.53490870032223,9.762532981530343,54.86721859185378,30.23255813953488,34.47782546494993,-0.05445632231794027,67.14285714285714,8.328145727902537,30.39443155452436,95.93967517401391,27.958236658932716,29.118329466357306,65.73426573426573,75.5813953488372,49.8289877176188,34.78862029892623
6829,千附精密,電子設備,231.5,265186355.1,92.20183486238533,10.356200527704486,22.975260138210835,20.77922077922078,23.13829787234043,0.048496741286911074,83.27338129496404,-20.229826574526115,20.533642691415313,92.34338747099768,70.88167053364269,67.63341067285383,8.857808857808857,43.139534883720934,52.04998404534367,34.740800194248095
6643,M31,半導體,403.0,176410429.7,95.03214494447691,6.596306068601583,29.21136188106067,9.090909090909092,-2.657004830917875,-0.01602347790909532,57.81922525107605,33.30090792070712,7.59860788863109,30.97447795823666,43.03944315545243,10.904872389791183,92.77389277389277,50.0,37.058258833200824,34.3822505800464
8163,達方,光電及I/O,31.1,20429446.925,93.60902255639097,8.70712401055409,16.171729489767564,14.666666666666666,0.16103059581320522,0.10895077090631775,68.65342163355409,4.951152993178381,13.805104408352667,43.735498839907194,85.03480278422273,33.17865429234338,56.29370629370629,33.83720930232558,46.40955332370645,34.27136729077861
2520,冠德,建設,36.9,55959412.839999996,80.15478164731896,20.976253298153033,-4.461116944196177,13.793103448275861,7.580174927113714,0.17413644201207784,91.79104477611939,-37.854077962797525,12.761020881670534,72.15777262180974,93.85150812064965,86.42691415313224,5.011655011655012,10.0,54.041774157783436,34.25754060324826
5439,高技,印刷電路板,261.0,666492818.825,31.149301825993554,60.4221635883905,4.481681538293195,90.69767441860465,15.486725663716804,-0.08942565978695732,59.11664779161948,-23.822212307804538,90.71925754060325,85.49883990719258,17.28538283062645,12.993039443155451,7.575757575757576,18.72093023255814,42.814455459467055,34.23359682728107
1563,巧新,汽車組件,66.0,87457013.50500001,88.01431127012522,13.852242744063325,11.931737958061994,13.513513513513514,24.76370510396977,0.08881902188450091,92.95774647887323,-5.44550802795866,12.354988399071926,93.15545243619489,81.55452436194895,89.21113689095128,23.310023310023308,28.488372093023255,59.91722507963807,34.224761236712894
2385,群光,光電及I/O,107.5,315100091.75,65.14500537056928,32.71767810026385,-12.23975785742773,42.66666666666667,3.3653846153846256,0.15603547940559465,73.37883959044369,-2.6531719049518223,42.5754060324826,59.976798143851504,91.415313225058,46.05568445475638,27.972027972027973,5.930232558139535,53.599045965635284,33.64613122538175
8422,可寧衛*,資源回收,26.15,122495125.585,98.33512352309344,3.364116094986808,59.86928214015612,4.3478260869565215,0.5769230769230749,0.23716799400167654,10.459999999999999,-43.40381190656259,2.784222737819025,46.05568445475638,97.09976798143852,0.34802784222737815,4.312354312354312,77.44186046511628,30.12001146571912,33.62960664760158
6150,撼訊,電腦及週邊,60.5,10168771.77,60.9375,35.88390501319261,16.856791856791858,30.508474576271187,3.066439522998299,0.11786624553849472,65.19396551724138,39.17119457119459,30.8584686774942,58.23665893271461,86.5429234338747,25.05800464037123,93.93939393939394,35.116279069767444,58.92708992476973,33.199023363729566
6204,艾華,電子零組件,88.5,25682477.03,88.82921589688507,13.060686015831136,33.77236148902912,25.0,18.473895582329302,-0.0004801202733557577,70.8,16.85490765935276,25.290023201856147,89.21113689095128,51.1600928074246,38.97911832946635,81.23543123543124,56.04651162790698,57.17516049302592,32.77612906706955
4561,健椿,機械,42.7,31247249.935000002,68.95810955961332,29.947229551451187,26.50972672766167,22.22222222222222,17.63085399449038,-0.013314449140622969,75.17605633802818,-1.8035155148922435,22.331786542923435,88.51508120649652,44.66357308584687,49.53596287703016,30.419580419580424,47.325581395348834,47.09319682637548,32.66956240220148
9921,巨大,其他,100.5,454510584.4799999,92.16018048505357,10.488126649076516,12.748809347350234,8.333333333333332,18.096357226792016,0.18749967654913544,90.13452914798206,1.23587289823349,6.844547563805105,88.97911832946636,94.66357308584686,82.5986078886311,41.02564102564102,29.767441860465116,62.82229757867808,32.55786974585874
6235,華孚,電子零組件,39.45,14281486.525,65.53428042001237,32.189973614775724,1.923379782742016,53.94736842105263,0.766283524904221,0.16154080470408205,51.50130548302872,3.1189198551613107,55.56844547563805,47.09976798143852,92.5754060324826,6.0324825986078885,48.13519813519814,15.0,49.882260044673046,32.375290023201856
2033,佳大,基本金屬,25.55,40736177.165,56.540084388185655,39.64379947229551,-16.475288640010067,23.809523809523807,59.68750000000001,0.025527254886845353,99.61013645224173,-0.7201924266733837,23.781902552204176,99.30394431554525,61.7169373549884,97.79582366589327,34.84848484848485,4.534883720930233,63.4894185474232,31.702166405870607
6530,創威,通信網路,95.0,191421028.375,86.8421052631579,15.204485488126648,19.53512473166037,32.69230769230769,15.712545676004886,-0.03373764583557761,71.16104868913857,1.7800831544402484,33.23665893271462,85.84686774941996,35.266821345707655,40.13921113689095,42.773892773892776,38.72093023255814,47.45269038772519,31.56248313818594
4908,前鼎,通信網路,204.5,763879693.0,96.61654135338345,4.353562005277045,51.63065195340116,9.615384615384617,23.564954682779458,-0.013003218186318328,69.6763202725724,11.690434635600809,8.410672853828306,92.92343387470999,45.011600928074245,35.382830626450115,73.42657342657343,73.95348837209302,51.031022341927226,31.205889494415363
3406,玉晶光,消費性電子,991.0,3913944054.8,86.94951664876477,14.973614775725594,1.626575297753773,15.789473684210526,85.92870544090057,0.08966513712778054,94.38095238095238,-10.498949801497325,15.19721577726218,99.88399071925754,81.78654292343387,92.11136890951276,15.85081585081585,14.418604651162791,60.965986836056445,30.460799654670048
8937,合騏*,汽車製造,29.1,11835229.570000002,80.99547511312217,20.184696569920842,125.85606500290191,20.184696569920842,21.75732217573223,-0.21539769336805994,16.166666666666668,-622.7026233313987,19.953596287703014,91.87935034802784,3.0162412993039442,0.46403712296983757,0.4662004662004662,91.86046511627907,23.15588510484102,30.099687044731024
3444,利機,電子通路,81.0,45240180.57,84.1031149301826,17.480211081794195,35.83717753271694,15.384615384615385,18.075801749271147,-0.04733538187446838,68.93617021276596,18.311451688477952,14.675174013921113,88.74709976798144,30.8584686774942,33.990719257540604,82.4009324009324,58.139534883720934,50.13447882357396,29.514582096800304
4971,IET-KY,半導體,611.0,1821089957.975,94.21720733427362,7.717678100263853,39.64994817000239,13.636363636363635,32.25108225108224,-0.034078063758639976,70.06880733944955,28.16329878000159,12.645011600928074,95.35962877030161,35.150812064965194,36.89095127610209,89.97668997668997,63.372093023255815,54.00461873779739,29.38710678249609
3211,順達,電子零組件,375.0,3416965478.25,99.40923737916219,1.517150395778364,20.88333935094411,1.9736842105263157,15.56240369799693,-0.014696013120567501,79.95735607675905,10.652226233962725,1.160092807424594,85.7308584686775,43.619489559164734,60.67285382830626,71.32867132867133,40.46511627906977,52.502393198448885,29.141801111530782
3388,崇越電,電子通路,88.0,293345812.20500004,73.46938775510205,26.319261213720317,19.530064076216803,23.076923076923077,20.21857923497268,-0.044847397281131775,72.72727272727273,-0.8899572825220936,23.08584686774942,90.60324825986079,31.670533642691417,44.43155452436195,33.91608391608392,38.604651162790695,44.741453442149506,28.87970107376032
1565,精華,醫療耗材,99.5,10952560.285,23.308270676691727,66.2928759894459,-10.191871016256192,40.54054054054054,6.759656652360513,0.22244759524479135,69.82456140350877,4.372085989162546,40.777262180974475,69.95359628770301,96.17169373549885,35.96287703016242,53.84615384615385,6.511627906976744,59.34231661609853,28.324542707602657
3090,日電貿,電子通路,162.5,2063904490.025,94.19978517722879,7.9155672823219,66.62056943729836,7.6923076923076925,10.54421768707483,-0.0644961982037943,47.794117647058826,26.957046291532237,6.090487238979119,78.3062645011601,23.897911832946637,3.596287703016241,88.6946386946387,81.27906976744185,40.11711799414816,28.16489505206928
6173,信昌電,電子零組件,241.0,3371917401.525,97.31471535982814,3.6279683377308705,47.86509926538386,5.263157894736842,46.06060606060607,-0.01493747140250876,68.75891583452211,13.673399510255912,3.596287703016241,97.79582366589327,43.50348027842227,33.52668213457077,76.57342657342657,70.69767441860465,50.999140071065824,27.506205147574597
5292,華懋,電子設備,219.0,73506622.25,89.18518518518519,12.532981530343006,2.505193873986505,22.07792207792208,34.355828220858896,-0.06341133640342034,82.64150943396227,-10.583204084009,22.157772621809745,95.70765661252901,24.361948955916475,65.89327146171694,15.61771561771562,15.930232558139535,44.747673053937554,27.0684050072843
5521,工信,營造,10.55,22373066.927500002,24.77432296890672,65.03957783641161,2.959265439378425,46.666666666666664,2.9268292682926855,0.12243410629932958,38.57404021937843,-7.057156373747697,47.62180974477958,57.888631090487245,87.12296983758701,1.2761020881670533,20.51282051282051,16.627906976744185,42.884466654768275,26.909296929800895
3532,台勝科,半導體,381.0,3437725251.275,96.93877551020408,3.8588390501319263,28.771462058578795,4.545454545454546,20.379146919431278,-0.01420721095207202,72.848948374761,3.134308039052531,2.9002320185614847,90.83526682134571,44.31554524361949,44.895591647331784,48.25174825174825,49.53488372093023,46.23967679652135,26.623860141369445
1711,永光,染料及顏料,41.55,245203340.64249998,99.64306960142773,0.6596306068601583,25.706674131166054,16.666666666666664,17.3728813559322,0.03931876329222368,67.01612903225806,8.834449420777364,16.009280742459396,88.39907192575406,67.28538283062645,28.770301624129928,66.8997668997669,46.395348837209305,53.47276080454734,25.69396481951114
2481,強茂,電子零組件,156.0,4111249899.25,96.90949227373068,3.95778364116095,30.978425103097354,5.921052631578947,16.417910447761198,-0.0030251337468441357,68.57142857142857,6.9756167353982335,4.292343387470997,86.65893271461717,50.34802784222738,32.83062645011601,62.23776223776224,51.86046511627907,47.273538526438756,25.58112555981223
6026,福邦證,證券,15.05,14170719.580000002,17.20875221762271,72.0316622691293,-44.16820324971847,12.5,6.360424028268552,0.1499368619773314,77.97927461139896,-514.248802166479,11.54292343387471,68.67749419953596,91.06728538283063,56.148491879350345,0.8158508158508158,1.627906976744186,45.650409142288495,25.16045702260832
3026,禾伸堂,電子零組件,638.0,5908904444.95,96.72395273899033,4.221635883905013,37.0483423850517,6.578947368421052,16.636197440585,-0.06054092348996318,63.48258706467662,6.285561590034465,4.988399071925754,87.23897911832947,25.52204176334107,20.99767981438515,60.60606060606061,59.883720930232556,39.870632074808405,24.6577051745535
3008,大立光,消費性電子,7150.0,15198654913.5,99.83888292158969,0.1978891820580475,-10.65940992673223,5.263157894736842,56.284153005464475,0.014011254874378189,91.54929577464789,-17.84293995115482,3.596287703016241,99.07192575406032,56.72853828306265,85.49883990719258,9.79020979020979,6.279069767441861,50.93716028750832,24.07556790589759
6147,頎邦,半導體,189.0,4960940903.825,96.77765843179377,4.122691292875989,39.17821989205281,5.303030303030303,19.242902208201883,-0.022661235775600037,61.8657937806874,10.73214659470187,3.82830626450116,90.02320185614849,40.60324825986079,17.633410672853827,71.56177156177156,62.7906976744186,44.729987723027165,23.557303188906275
3024,憶聲,家電製品,14.65,19009863.2225,99.73147153598282,0.395778364116095,-6.741573033707865,5.263157894736842,17.199999999999992,-0.008676390022411143,82.30337078651685,26.99895131086138,3.596287703016241,87.93503480278422,47.679814385150806,64.96519721577727,89.04428904428904,8.953488372093023,58.64412463020351,22.39498462202558
8039,台虹,印刷電路板,293.0,10675902326.8,99.51664876476907,1.154353562005277,-6.061926493611322,2.3255813953488373,33.18181818181818,-0.008680608736585582,83.12056737588652,-2.0546176624075496,1.5081206496519721,95.59164733178655,47.56380510440835,67.28538283062645,29.37062937062937,9.186046511627907,48.263917057420535,20.596975665029944
5864,致和證,證券,36.3,106930074.78,1.2056262558606832,88.52242744063325,-692.5846632931101,37.5,16.53290529695024,-0.021880757469866112,67.72388059701491,-614.1497755287401,37.7030162412993,86.89095127610209,41.067285382830626,30.8584686774942,0.5827505827505828,0.11627906976744186,39.42049443209536,20.446703178114713
1504,東元,電機製品,71.0,718554601.15,85.33834586466166,16.358839050131927,13.812315508219534,9.090909090909092,6.766917293233088,0.13328641811879624,59.41422594142259,5.641543672146355,7.59860788863109,70.06960556844548,88.8631090487239,13.34106728538283,58.857808857808855,30.697674418604652,47.746039729798426,20.391936006043274
6830,汎銓,檢測驗證,590.0,1366505108.475,99.72451790633609,0.46174142480211083,26.147373054089883,16.666666666666664,45.859085290482085,-0.017026002110912233,60.51282051282051,7.504915369393256,16.009280742459396,97.6798143851508,42.5754060324826,15.19721577726218,63.51981351981352,46.97674418604651,46.9963060914337,20.12585658015432
6683,雍智科技,半導體,1385.0,921190745.5,94.25863991081383,7.651715039577836,24.37352092585989,12.878787878787879,15.899581589958167,-0.07769125147717566,53.99610136452242,3.9623472839065954,11.948955916473318,86.1368909512761,20.301624129930396,7.076566125290023,52.7972027972028,45.0,35.65224798403453,19.47215777262181
3455,由田,電子設備,239.0,580345013.7,94.73684210526315,7.189973614775726,-9.37560597246461,11.688311688311687,28.494623655913976,-0.014203748107690662,77.09677419354838,-0.897070648309743,10.672853828306264,93.96751740139212,44.43155452436195,53.596287703016245,33.7995337995338,7.209302325581396,47.29354945132207,19.37773161387795
3049,精金,光電及I/O,12.8,140406509.3175,92.12007504690432,10.620052770448549,-70.797915834712,17.333333333333336,19.069767441860463,-0.012961518577258368,71.11111111111111,-0.22527722314130472,17.16937354988399,89.90719257540604,45.127610208816705,39.791183294663576,35.78088578088578,1.0465116279069768,45.55524908193122,17.024968974262123
1436,華友聯,建設,38.15,10072254.7375,65.0375939849624,32.78364116094987,-93.98534232815337,27.586206896551722,6.8627450980392135,0.1320182609159478,46.80981595092024,-51.06022821876906,28.306264501160094,70.41763341067285,88.39907192575406,3.0162412993039442,3.7296037296037294,0.6976744186046512,38.77376297329893,15.40063670209896
