stock_id,name,industry,close,day_change_pct,adv20,listed_ok,pe_hist_pct,value_pct,revenue_yoy,rev_month,bear_regime,value_ind_pct,momentum20,chip20_turnover,high52_prox,rev_accel,value_ind_pct_pool_pct,momentum20_pool_pct,chip20_turnover_pool_pct,high52_prox_pool_pct,rev_accel_pool_pct,composite,revenue_yoy_pool_pct,c2_score
8383,千附,電子設備,65.2,-0.15313935681469104,174263167.935,True,15.244261330194231,74.7854785478548,200.07,2026-06-01,False,84.4155844155844,-22.931442080378243,-0.07422374865547048,72.12389380530973,105.24666666666666,85.35469107551488,0.8009153318077803,14.302059496567507,43.47826086956522,97.9381443298969,48.37481422067045,95.63218390804597,80.91605513032957
5522,遠雄,建設,63.5,-1.0903426791277315,57265316.48,True,2.587601078167116,86.96369636963696,2513.5,2026-06-01,False,92.98245614035088,-4.511278195488721,-0.05922668384631995,77.25060827250608,1364.0166666666667,92.67734553775743,25.171624713958813,20.022883295194507,55.37757437070938,99.88545246277205,58.626976076078435,99.88505747126437,80.6920881664431
3290,東浦,電子零組件,49.6,-1.7821782178217838,37399834.04,True,2.601156069364162,86.86468646864687,88.72,2026-06-01,False,97.98657718120806,-16.778523489932887,-0.1313011791103256,69.56521739130436,3.9766666666666737,96.5675057208238,2.745995423340961,5.949656750572083,36.61327231121281,49.59908361970218,38.295102765130366,88.73563218390804,79.79260369815093
6024,群益期,期貨,62.7,-0.4761904761904745,34211359.230000004,True,30.026954177897576,61.98019801980198,124.15,2026-06-01,False,61.76075268817204,-3.091190108191654,0.10659734696969751,96.16564417177914,169.84,62.81464530892449,31.12128146453089,81.80778032036613,94.27917620137299,98.62542955326461,73.72966256969183,92.87356321839081,79.71152581603936
6177,達麗,建設,47.2,-0.6315789473684164,105145416.84,True,7.202680067001675,81.58415841584159,1322.16,2026-06-01,False,84.21052631578947,-1.4613778705636653,-0.03468260665795096,84.89208633093526,743.4366666666667,85.1258581235698,38.215102974828376,30.434782608695656,71.96796338672769,99.65635738831615,65.08001289642753,99.54022988505747,79.60473710513165
6416,瑞祺電通,電腦及週邊,99.0,-1.980198019801982,77766496.97999999,True,23.1266846361186,67.65676567656766,58.62,2026-06-01,False,77.96610169491525,-2.941176470588235,0.0825703252511727,92.95774647887323,36.00666666666666,79.17620137299771,31.35011441647597,77.11670480549199,88.67276887871853,92.66895761741122,73.79694941821909,79.54022988505747,79.00977143007444
6574,霈方,化妝美容,118.5,0.0,17191269.425,True,0.0,99.07590759075907,73.91,2026-06-01,False,100.0,-4.819277108433735,-0.015602608038170328,76.94805194805194,27.096666666666664,98.68421052631578,24.02745995423341,39.016018306636155,54.576659038901596,89.46162657502865,61.153194880223126,85.86206896551725,78.77386964412531
6023,元大期,期貨,82.6,-0.24154589371980784,50253798.735,True,0.16172506738544476,97.16171617161716,86.15,2026-06-01,False,97.17741935483872,-5.057471264367823,-0.07160506198399745,76.48148148148147,35.92000000000001,95.88100686498856,23.112128146453088,15.560640732265446,53.203661327231124,92.55441008018327,56.062369430224294,88.16091954022988,78.53336489649912
2889,國票金,金融控股,15.65,-0.6349206349206327,103154478.525,True,58.65229110512129,39.00990099009901,100.04,2026-06-01,False,84.61538461538461,-0.31847133757961105,0.029381984570641572,88.92045454545455,-1196.24,85.64073226544623,44.39359267734554,58.12356979405035,82.03661327231121,0.6872852233676976,54.17635864650422,90.11494252873563,78.34967384728688
3702,大聯大,電子通路,111.0,0.0,1378791926.85,True,25.28301886792453,65.74257425742574,131.85,2026-06-01,False,71.15384615384616,-4.310344827586207,-0.09640193028357708,85.38461538461539,47.349999999999994,72.76887871853546,25.97254004576659,10.297482837528605,73.11212814645309,95.07445589919816,55.445097129496375,93.33333333333333,78.31045003813881
6691,洋基工程,電子設備,611.0,3.0354131534569895,513638164.35,True,52.84697508896797,43.56435643564357,115.19,2026-06-01,False,67.53246753246754,-12.21264367816092,-0.2006335928960502,76.6624843161857,27.10666666666667,69.56521739130434,7.551487414187644,2.745995423340961,53.661327231121284,89.5761741122566,44.620040314442164,92.06896551724138,76.93600568136983
2527,宏璟,建設,42.8,-3.603603603603611,47851620.595,True,39.956803455723545,54.521452145214525,365.12,2026-06-01,False,47.368421052631575,-8.449197860962574,-0.0696245524897161,84.75247524752476,245.64666666666665,48.68421052631579,13.501144164759726,16.132723112128147,71.62471395881008,99.0836197021764,49.80528229283803,98.16091954022988,76.242174965149
4534,慶騰,機械,29.45,-1.1744966442953086,35029669.6725,True,39.86636971046771,54.71947194719472,112.04,2026-06-01,False,74.28571428571429,-19.863945578231295,-0.07712170244536008,69.53955135773317,52.79666666666667,76.08695652173914,1.3729977116704806,13.615560640732266,36.38443935926773,95.76174112256587,44.6443390711951,91.60919540229885,75.67689839290881
3709,鑫聯大投控,電子通路,68.2,0.5899705014749346,64407797.85,True,1.994609164420485,87.68976897689768,72.07,2026-06-01,False,88.46153846153845,-6.575342465753422,-0.07998078084188939,73.41227125941873,44.513333333333335,88.84439359267735,18.64988558352403,13.043478260869565,46.567505720823796,94.38717067583046,52.29848676674504,85.0574712643678,75.45487124858623
2414,精技,電子通路,52.5,0.3824091778202643,31027212.79,True,44.63611859838275,50.46204620462046,87.26,2026-06-01,False,61.53846153846154,-8.216783216783222,-0.08848630586769049,81.26934984520125,27.406666666666673,62.35697940503433,14.187643020594965,11.670480549199084,64.98855835240275,89.91981672394044,48.62469561023432,88.39080459770115,75.38717483363581
2305,全友,光電及I/O,26.65,2.499999999999991,192265140.4625,True,0.44286979627989376,93.2013201320132,142.33,2026-06-01,False,89.04109589041096,-16.326530612244905,-0.029983533622043257,62.48534583821805,35.253333333333345,89.13043478260869,2.8604118993135015,32.265446224256294,20.36613272311213,92.32531500572738,47.38954812700359,93.90804597701148,75.13605039585471
8271,宇瞻,半導體,235.5,1.2903225806451646,1857182861.525,True,0.9703504043126685,90.56105610561056,200.65,2026-06-01,False,96.15384615384616,8.027522935779817,0.04016349738840899,90.40307101727447,-61.316666666666634,95.48054919908466,76.43020594965675,62.92906178489702,84.66819221967964,2.978235967926689,64.49724902424896,95.7471264367816,74.8664154764723
9942,茂順,汽車組件,114.5,0.43859649122806044,14845160.55,True,17.25067385444744,73.003300330033,26.64,2026-06-01,False,75.67567567567568,-6.910569105691057,-0.054130243290317195,91.23505976095618,9.506666666666668,77.23112128146454,18.07780320366133,22.31121281464531,86.49885583524028,66.7812142038946,54.18004146778121,52.87356321839081,74.63143428285858
2497,怡利電,汽車組件,45.3,-0.6578947368421129,32214498.827499997,True,4.704944178628389,83.56435643564356,52.52,2026-06-01,False,94.5945945945946,-14.204545454545455,-0.07414418088942439,67.81437125748504,14.313333333333333,94.05034324942791,5.263157894736842,14.416475972540047,32.036613272311214,75.60137457044674,44.273592991892556,76.89655172413794,74.43008758778507
2101,南港,輪胎,33.5,0.7518796992481258,80739614.74,True,0.46656298600311047,93.13531353135313,328.25,2026-06-01,False,100.0,1.0558069381598838,0.034011215785639926,75.45045045045046,115.70000000000002,98.68421052631578,51.830663615560645,60.755148741418765,51.029748283752866,98.1672394043528,72.09340211428017,97.47126436781609,73.83863989058102
8415,大國鋼,基本金屬,38.45,0.654450261780104,27468531.247500002,True,20.21563342318059,70.23102310231023,36.57,2026-06-01,False,80.48780487804879,0.6544502617801046,0.1511243298107762,99.4825355756792,11.29333333333333,81.46453089244852,49.88558352402746,89.93135011441647,98.2837528604119,70.44673539518901,78.00239055729867,64.9425287356322,73.70130724111628
6996,力領科技,半導體,177.5,-1.1142061281337101,15422921.375,True,15.254237288135593,74.71947194719472,49.96,2026-06-01,False,84.61538461538461,0.0,-0.04223560879755892,87.65432098765432,6.829999999999998,85.64073226544623,45.9954233409611,27.45995423340961,79.29061784897024,60.25200458190149,59.72774645413773,74.71264367816092,73.41214261290408
2539,櫻花建,建設,35.05,-2.908587257617745,72194987.08,True,0.16172506738544476,97.16171617161716,79.55,2026-06-01,False,100.0,-15.338164251207735,-0.006877082623860025,57.933884297520656,-272.97666666666663,98.68421052631578,4.004576659038902,42.44851258581236,11.784897025171624,1.2600229095074456,31.636443941169226,86.89655172413792,73.34027065414661
3033,威健,電子通路,46.8,2.9702970297029507,318423725.3525,True,30.13477088948787,61.914191419141915,54.45,2026-06-01,False,67.3076923076923,-4.39223697650665,-0.02171800162820027,84.17266187050359,21.970000000000006,69.45080091533181,25.514874141876433,35.81235697940504,70.82379862700229,85.33791523482245,57.38794917968761,77.70114942528735,73.11521870643627
2851,中再保,產險,42.85,-9.023354564755836,156669460.65749997,True,0.0,99.07590759075907,1113.15,2026-05-01,False,100.0,21.216407355021218,0.06290518927883325,90.97664543524417,553.9733333333334,98.68421052631578,92.44851258581235,71.395881006865,86.38443935926774,99.42726231386025,89.66806115842422,99.3103448275862,72.98262053183934
6265,方土昶,電子通路,62.2,4.537815126050426,399002565.39500004,True,0.5241090146750524,92.87128712871288,1209.51,2026-06-01,False,92.3076923076923,29.58333333333334,0.08625329757819389,97.33959311424101,152.2833333333333,92.21967963386729,96.22425629290618,78.604118993135,95.88100686498856,98.3963344788087,92.26507925274115,99.42528735632183,72.82542939056788
8050,廣積,電腦及週邊,57.5,1.0544815465729274,326107748.46000004,True,44.04312668463612,51.28712871287129,143.6,2026-06-01,False,45.76271186440678,-6.19902120717781,-0.04449002637424316,83.33333333333334,93.13999999999999,46.681922196796336,19.450800915331808,26.43020594965675,69.27917620137299,97.36540664375715,51.84150238138301,94.02298850574712,72.63332149714616
3209,全科,電子通路,52.2,1.5564202334630517,111745035.09,True,17.681940700808628,72.57425742574257,170.41,2026-06-01,False,80.76923076923077,-8.741258741258742,-0.09767758984861566,64.12776412776412,74.96,81.80778032036613,12.814645308924485,10.183066361556065,24.94279176201373,96.56357388316151,45.262371527204394,95.05747126436782,72.2483495094558
2425,承啟,電腦及週邊,37.9,0.9320905459387463,299342089.97749996,True,42.582247051520795,52.4092409240924,375.57,2026-06-01,False,49.152542372881356,-17.608695652173918,-0.03578855651138761,71.64461247637051,189.39666666666668,50.22883295194508,2.402745995423341,29.97711670480549,42.67734553775744,98.73997709049256,44.80520365608478,98.27586206896551,72.19482364081117
1437,勤益控,物業管理,31.8,-1.7001545595054068,22614316.787499998,True,13.153638814016173,76.96369636963696,71.22,2026-06-01,False,76.81451612903226,2.912621359223308,0.008582313949772059,91.37931034482759,53.06333333333333,77.91762013729976,61.212814645308924,49.77116704805492,87.07093821510298,95.87628865979381,74.36976574111208,84.71264367816092,72.1220968463137
6983,華洋精機,電子設備,288.0,-1.3698630136986356,10742648.05,True,0.0,99.07590759075907,112.54,2026-06-01,False,100.0,-10.559006211180124,0.044910212854468556,53.93258426966292,45.00333333333333,98.68421052631578,9.839816933638444,65.10297482837528,7.208237986270023,94.50171821305841,55.06739169753159,91.72413793103448,71.94419237749545
2801,彰銀,本國銀行,24.0,-0.4149377593361092,703072831.7524999,True,36.064690026954175,57.35973597359736,9.51,2026-06-01,False,100.0,-2.8340080971659893,-0.12381166762439164,94.48818897637796,-4.789999999999999,98.68421052631578,31.80778032036613,7.208237986270023,91.64759725400458,24.284077892325314,50.72638079585637,29.080459770114942,71.90112180751728
5288,豐祥-KY,機車船製造,190.0,-0.5235602094240788,32440299.975,True,41.671159029649594,53.03630363036304,71.59,2026-06-01,False,41.66666666666667,-2.313624678663239,0.0542532594018108,96.20253164556962,16.613333333333337,42.162471395881006,34.21052631578947,67.84897025171624,94.39359267734554,78.92325315005728,63.5077627581579,84.82758620689656,71.7932809910834
7828,創新服務,電子設備,1550.0,-3.7267080745341574,384754004.0,True,1.1627906976744187,89.83498349834983,255.83,2026-06-01,False,96.1038961038961,-2.2082018927444795,0.05698186755650418,66.66666666666666,-10611.286666666667,95.30892448512586,34.55377574370709,68.53546910755148,29.40503432494279,0.22909507445589922,45.60645974715662,96.89655172413794,71.76418369762487
8112,至上,電子通路,95.4,2.032085561497343,1756351831.875,True,14.986522911051212,75.11551155115511,231.17,2026-06-01,False,82.6923076923077,13.167259786476878,0.13381825096698355,94.92537313432837,51.06666666666666,83.63844393592677,85.81235697940504,86.8421052631579,92.33409610983982,95.30355097365405,88.78611065239673,96.66666666666667,71.70671243325707
6209,今國光,消費性電子,67.8,-2.4460431654676262,367995969.735,True,0.3929273084479371,94.12541254125412,73.31,2026-06-01,False,100.0,-2.023121387283245,-0.028106736892229988,69.75308641975309,3.026666666666671,98.68421052631578,35.46910755148742,32.837528604118994,37.986270022883296,46.27720504009164,50.25086434897943,85.40229885057471,71.65091796207159
3577,泓格,電腦及週邊,114.0,0.8849557522123908,119087631.875,True,33.099730458221025,59.306930693069305,85.37,2026-06-01,False,59.32203389830508,-16.176470588235293,-0.0316268366916186,70.80745341614907,24.516666666666673,60.18306636155606,3.0892448512585813,31.80778032036613,41.07551487414188,88.08705612829324,44.84853250712318,88.04597701149424,71.5538283489834
8926,台汽電,公用事業,56.5,-1.3961605584642212,268174674.15500003,True,1.5633423180592994,88.71287128712872,1719.48,2026-06-01,False,60.0,-11.023622047244094,-0.20102424855840131,68.73479318734793,712.66,60.86956521739131,9.038901601830664,2.631578947368421,34.43935926773455,99.5418098510882,41.30424297708263,99.77011494252874,71.51003445645598
6585,鼎基,樹脂,113.5,-2.5751072961373356,48354116.8,True,26.158301158301157,65.01650165016501,91.44,2026-06-01,False,64.28571428571429,-6.198347107438017,-0.006683180632031725,75.41528239202658,32.449999999999996,65.16018306636155,19.565217391304348,42.5629290617849,50.91533180778032,91.75257731958763,53.99124772936375,89.19540229885058,71.42642494542203
3006,晶豪科,半導體,282.0,9.941520467836252,2705353614.25,True,19.57547169811321,71.15511551155116,328.35,2026-06-01,False,83.84615384615385,33.0188679245283,0.11523136029060634,100.0,3.5600000000000023,84.89702517162472,97.25400457665904,83.29519450800915,99.37070938215103,48.33906071019473,82.63119886972774,97.58620689655172,71.14998421841712
3689,湧德,電子零組件,107.5,0.9389671361502261,117393280.785,True,31.75202156334232,60.363036303630366,72.66,2026-06-01,False,79.86577181208054,-2.272727272727273,-0.044671479707242646,75.70422535211267,26.946666666666665,80.89244851258582,34.32494279176201,26.20137299771167,51.48741418764302,89.23253150057275,56.427741998055055,85.17241379310346,70.80683342539257
3260,威剛,半導體,438.5,3.7869822485207205,6049435326.125,True,0.7083825265643447,91.74917491749174,212.06,2026-06-01,False,96.92307692307692,9.07960199004975,0.09208680451161357,83.52380952380952,14.72333333333333,95.65217391304348,78.48970251716247,79.63386727688787,69.79405034324942,76.40320733104238,79.99460027627713,95.86206896551724,70.70464767616191
3229,晟鈦,印刷電路板,59.7,-3.398058252427172,80367463.6125,True,3.0434782608695654,86.07260726072607,99.09,2026-06-01,False,97.67441860465115,53.86597938144332,0.009837978564537657,96.60194174757282,27.370000000000005,96.22425629290618,99.4279176201373,50.11441647597255,95.25171624713958,89.8052691867125,86.16471516457362,90.0,70.51201372997711
2812,台中銀,本國銀行,19.05,1.0610079575596787,363175458.2075,True,36.495956873315365,57.02970297029702,16.56,2026-06-01,False,88.88888888888889,-8.192771084337345,-0.14448273748654772,82.28941684665227,-21.686666666666664,89.01601830663616,14.416475972540047,5.034324942791762,67.3913043478261,8.59106529209622,36.88983777237805,40.0,70.49771167048056
2451,創見,半導體,316.0,1.1200000000000099,2678277125.925,True,1.1859838274932615,89.76897689768977,381.55,2026-06-01,False,95.38461538461539,16.176470588235293,0.0721584220767215,86.93259972489685,-100.38666666666666,94.8512585812357,89.35926773455377,74.59954233409611,77.11670480549199,1.8327605956471937,67.55190681020494,98.39080459770115,70.24987506246876
3046,建碁,電腦及週邊,57.0,-1.8932874354561147,35292393.92,True,7.534747622531091,81.32013201320132,53.63,2026-06-01,False,86.4406779661017,4.204753199268733,0.11209060949515726,89.0625,3.3766666666666723,86.95652173913044,66.13272311212815,82.72311212814645,82.37986270022884,47.53722794959908,73.14588952584658,77.35632183908045,70.1399957915779
6465,威潤,通信網路,45.55,-0.9782608695652284,11143143.395,True,0.0,99.07590759075907,42.29,2026-06-01,False,99.01960784313727,-10.157790927021706,-0.09003728668294396,63.97471910112359,-55.34000000000001,97.02517162471396,10.755148741418765,11.556064073226544,24.02745995423341,3.7800687285223367,29.428782624423008,69.19540229885057,69.8732212840948
8478,東哥遊艇,機車船製造,141.5,-1.0489510489510523,23067510.275,True,3.450134770889488,85.24752475247524,76.33,2026-06-01,False,91.66666666666666,-7.516339869281046,-0.12940900758502305,61.12311015118791,92.47333333333333,91.47597254004577,16.704805491990847,6.292906178489703,18.07780320366133,97.2508591065292,45.96046930414337,86.4367816091954,69.82143796522791
2884,玉山金,金融控股,38.15,0.39473684210526994,1622797425.275,True,16.334231805929917,73.72937293729372,25.3,2026-06-01,False,100.0,4.807692307692308,0.014181894245767839,98.70633893919793,-7.326666666666664,98.68421052631578,68.53546910755148,52.745995423340965,97.1395881006865,18.671248568155786,67.15530234521009,50.45977011494253,69.43702490859833
4566,時碩工業,汽車組件,65.5,-2.238805970149249,247417650.79000002,True,67.65197992191857,31.815181518151814,44.39,2026-06-01,False,40.54054054054054,-10.641200545702588,0.0037910831721455905,85.84534731323723,24.436666666666667,40.96109839816934,9.725400457665904,47.94050343249428,74.71395881006865,87.85796105383734,52.2397844304471,70.80459770114943,69.18856361293038
6196,帆宣,電子設備,493.0,0.5096839959225274,697261266.1,True,73.7466307277628,26.534653465346537,120.99,2026-06-01,False,44.15584415584416,-3.3333333333333335,0.04463266023499154,83.55932203389831,43.58333333333333,44.39359267734554,30.320366132723116,64.75972540045767,69.90846681922197,94.04352806414661,60.68513581877899,92.64367816091954,69.15634288119098
1808,潤隆,建設,35.7,-3.513513513513511,68568071.925,True,21.187427240977883,69.37293729372938,162537.27,2026-06-01,False,71.9298245614035,11.041990668740294,0.13528934763377812,89.58594730238394,77044.36666666665,73.68421052631578,82.37986270022884,87.29977116704805,83.52402745995423,100.0,85.37757437070938,100.0,68.70709382151028
6227,茂綸,電子通路,119.0,0.42194092827003704,56806413.15,True,40.75471698113208,53.53135313531353,84.61,2026-06-01,False,63.46153846153846,2.1459227467811157,0.010151095941586153,87.82287822878229,44.263333333333335,64.41647597254004,57.32265446224256,50.22883295194508,79.74828375286042,94.27262313860251,69.19777405563812,87.93103448275862,68.69328493647913
2836,高雄銀,本國銀行,12.1,0.0,39348757.96,True,40.05390835579515,54.45544554455446,14.7,2026-06-01,False,66.66666666666666,-6.201550387596905,-0.00856882884288683,93.07692307692308,1.953333333333335,68.19221967963387,19.336384439359268,41.64759725400457,89.35926773455377,42.0389461626575,52.1148830540418,36.49425287356322,68.67733896209789
6913,鴻呈,電子零組件,138.5,-0.3597122302158251,74576478.3,True,3.0501089324618738,86.006600660066,61.08,2026-06-01,False,97.31543624161074,12.601626016260163,0.18062157523338304,88.78205128205127,20.479999999999997,95.9954233409611,85.1258581235698,92.79176201372998,81.92219679633868,83.96334478808706,87.95971701253731,80.6896551724138,68.37035429653595
6944,兆聯實業,資源回收,705.0,-0.4237288135593209,333553216.55,True,0.0,99.07590759075907,29.98,2026-06-01,False,100.0,-10.305343511450381,-0.18828582590930323,65.88785046728972,-6.783333333333335,98.68421052631578,10.297482837528605,3.0892448512585813,27.68878718535469,19.243986254295535,31.80074233095064,57.068965517241374,68.28612009784581
2881,富邦金,金融控股,132.0,-1.4925373134328401,2495535607.275,True,88.67924528301887,12.937293729372938,155.03,2026-05-01,False,38.46153846153847,1.5384615384615385,0.13387916034589867,95.30685920577618,-16.25,39.07322654462242,54.46224256292906,86.95652173913044,93.24942791762014,11.45475372279496,57.03923449741941,94.48275862068965,68.08579263000078
9958,世紀鋼,基本金屬,97.3,-4.607843137254908,215378211.48000002,True,1.2398921832884098,89.63696369636963,64.09,2026-06-01,False,95.1219512195122,-10.733944954128443,-0.10026304974988623,50.54545454545455,22.360000000000007,94.50800915331807,9.382151029748284,9.725400457665904,5.034324942791762,85.79610538373424,40.88919819345165,82.06896551724138,68.05728714590073
6120,達運,光電及I/O,12.6,0.3984063745019917,33049072.9875,True,0.3412969283276451,94.85148514851485,42.06,2026-06-01,False,91.78082191780823,0.0,-0.0026397304418362953,78.26086956521738,39.550000000000004,91.64759725400458,45.9954233409611,44.62242562929062,57.43707093821511,93.47079037800687,66.63466150809566,69.08045977011494,68.04242615534338
6577,勁豐,電腦及週邊,81.4,0.867410161090465,10640116.725,True,7.762803234501348,81.15511551155116,4.97,2026-06-01,False,84.7457627118644,-9.050279329608932,-0.05460353149184214,86.22881355932203,3.633333333333333,85.81235697940504,12.471395881006865,21.85354691075515,75.62929061784897,48.911798396334476,48.935677757070096,22.413793103448278,67.84601120492385
6259,百徽,電子通路,29.6,-0.1686340640809303,21021404.215,True,27.86885245901639,63.366336633663366,82.68,2026-06-01,False,69.23076923076923,-4.823151125401929,0.0007318063929685997,69.48356807511738,35.080000000000005,71.10983981693364,23.91304347826087,46.10983981693364,35.81235697940504,92.21076746849943,53.831169512006525,87.70114942528735,67.67757568584129
6505,台塑化,輕油裂解,69.9,-7.783641160949861,2004038914.3949997,True,1.3848817080207732,89.17491749174917,18.46,2026-06-01,False,89.11290322580645,-10.269576379974325,-0.06468776286639971,75.0,-7.656666666666663,89.24485125858124,10.411899313501143,17.84897025171625,49.65675057208238,18.213058419243985,37.075105963024996,42.06896551724138,67.63966700860097
6739,竹陞科技,電子設備,972.0,0.5170630816959676,181281862.85,True,12.734864300626306,77.55775577557755,101.13,2026-06-01,False,87.01298701298701,-6.9856459330143545,0.0028107160139862683,56.84210526315789,0.9299999999999926,87.29977116704805,17.84897025171625,46.796338672768876,10.411899313501143,38.94616265750287,40.260628412507444,90.3448275862069,67.55188195375996
7805,威聯通,電腦及週邊,514.0,-24.188790560471972,93589544.65,True,0.0,99.07590759075907,28.11,2026-06-01,False,100.0,-14.759535655058043,0.38911939585045535,62.68292682926829,13.176666666666668,98.68421052631578,4.805491990846682,99.77116704805492,21.052631578947366,73.6540664375716,59.59351351634727,54.48275862068965,67.35352718377654
2912,統一超,百貨批發,223.5,0.0,723647640.2,True,3.8274932614555257,84.85148514851485,6.31,2026-06-01,False,83.33333333333334,-6.6805845511482245,0.1727267606244511,87.6470588235294,0.8233333333333341,84.49656750572082,18.421052631578945,91.87643020594966,79.17620137299771,38.60252004581902,62.51455435241322,24.137931034482758,67.34741182040558
3356,奇偶,光電及I/O,62.2,-1.5822784810126556,43517994.769999996,True,0.0,99.07590759075907,24.09,2026-06-01,False,98.63013698630137,5.0675675675675675,0.0657043877943795,94.9618320610687,10.523333333333332,96.85354691075516,68.99313501144165,72.42562929061785,92.44851258581235,68.8430698739977,79.91277873452495,49.08045977011494,67.34734606381019
2207,和泰車,車輛買賣,522.0,0.7722007722007707,257234814.4,True,0.4331683168316832,93.3993399339934,48.36,2026-06-01,False,93.41397849462365,4.819277108433735,0.1655395616322642,84.05797101449275,17.78333333333333,93.13501144164759,68.64988558352402,91.07551487414187,70.70938215102976,80.64146620847652,80.84225205176395,73.67816091954023,67.21816723217339
1537,廣隆,電子零組件,120.0,-0.4149377593360981,18767094.375,True,55.309973045822105,41.254125412541256,14.05,2026-06-01,False,66.44295302013423,-5.88235294117647,-0.21974999324603542,91.25475285171103,9.416666666666668,67.27688787185355,20.137299771167047,1.7162471395881007,86.61327231121282,66.55211912943871,48.45916524465205,35.05747126436782,67.20258291906678
7728,光焱科技,電子設備,581.0,1.7513134851138368,13300973.6,True,49.166666666666664,46.6006600660066,114.18,2026-06-01,False,70.12987012987013,-5.374592833876222,0.1258086705694828,64.77146042363434,75.94,72.08237986270024,21.39588100686499,85.58352402745996,25.62929061784897,96.67812142038946,60.273839387052725,91.95402298850574,67.0674531155475
2511,太子,建設,8.31,-0.5980861244018976,14046019.938499998,True,57.35849056603774,40.0,76.56,2026-06-01,False,35.08771929824561,-2.579132473622496,-0.1676998016849511,87.47368421052633,55.986666666666665,35.35469107551488,32.951945080091534,3.6613272311212817,78.37528604118992,96.21993127147766,49.312636139879054,86.55172413793103,66.83243904363607
6902,GOGOLOOK,資訊服務,126.0,-0.39525691699604515,13650923.825,True,0.0,99.07590759075907,36.46,2026-06-01,False,97.87234042553192,4.564315352697095,0.0353158754205442,85.42372881355932,8.023333333333333,96.45308924485126,67.62013729977116,61.098398169336384,73.22654462242562,63.001145475372276,72.27986296235133,64.71264367816092,66.69303506141665
2347,聯強,電子通路,88.3,0.9142857142857119,385607089.05499995,True,68.46361185983828,31.22112211221122,135.45,2026-06-01,False,30.76923076923077,-0.3386004514672655,0.12019250423623853,90.93717816683832,19.44999999999999,30.892448512585812,44.16475972540046,83.98169336384439,86.2700228832952,82.58877434135165,65.57953976529551,93.44827586206897,66.61149688313738
8042,金山電,電子零組件,99.0,-0.6024096385542133,538847700.8,True,16.35258358662614,73.5973597359736,51.3,2026-06-01,False,91.2751677852349,-15.74468085106383,-0.05087085441655612,47.03087885985748,12.136666666666663,90.8466819221968,3.4324942791762014,24.02745995423341,2.8604118993135015,72.2794959908362,38.68930880915122,75.97701149425288,66.56290275914674
1216,統一,飲料乳品,77.4,-0.1290322580645098,1347829786.1200001,True,12.668463611859837,77.75577557755776,4.6,2026-06-01,False,100.0,0.3891050583657735,0.4673802344294996,96.14906832298136,1.4133333333333336,98.68421052631578,48.62700228832952,100.0,94.16475972540046,39.86254295532646,76.26770309907445,21.95402298850575,66.54399773797311
6937,天虹,電子設備,260.5,0.19230769230769162,111151281.775,True,69.06584992343032,30.627062706270625,64.17,2026-06-01,False,54.54545454545454,-5.615942028985507,0.05197985531722793,74.11095305832148,28.663333333333334,55.77803203661327,20.823798627002287,67.3913043478261,47.7116704805492,90.14891179839634,56.370743458077435,82.18390804597702,66.2124529840343
2323,中環,光電及I/O,10.7,-1.382488479262678,88062121.801,True,0.0,99.07590759075907,38.84,2026-06-01,False,98.63013698630137,3.883495145631054,0.026156621068802493,81.6793893129771,20.763333333333335,96.85354691075516,64.8741418764302,56.75057208237986,65.90389016018307,84.42153493699885,73.76073719334941,66.66666666666666,66.13749046529367
4560,強信-KY,機械,33.15,0.4545454545454408,10856638.147499999,True,26.79245283018868,64.32343234323432,36.03,2026-06-01,False,85.71428571428571,4.739336492890995,-0.013041792057091916,88.99328859060402,11.900000000000002,86.441647597254,68.19221967963387,39.816933638443935,82.15102974828376,71.70675830469645,69.6617177936624,63.9080459770115,66.07712591072885
1307,三芳,石化,30.8,-1.1235955056179692,21075830.834999997,True,1.4555256064690028,89.00990099009901,11.11,2026-06-01,False,100.0,-2.0667726550079446,-0.12362218037133174,82.3529411764706,1.5099999999999998,98.68421052631578,35.12585812356979,7.322654462242563,67.50572082379863,40.32073310423826,49.79183540803301,31.14942528735632,65.55337462847523
8936,國統,金屬製品,51.4,0.5870841487279899,59872082.91500001,True,10.296495956873315,79.73597359735973,21.24,2026-06-01,False,100.0,-3.201506591337105,-0.05177753915404849,74.17027417027417,7.333333333333332,98.68421052631578,30.892448512585812,23.340961098398168,48.05491990846682,61.39747995418099,52.474003999989506,46.09195402298851,65.48465898629632
2885,元大金,金融控股,62.4,-2.500000000000002,1837677797.5900002,True,86.0377358490566,16.105610561056103,,2026-06-01,False,46.15384615384615,-3.554868624420408,-0.04809087200148046,87.27272727272727,487.2633333333334,47.254004576659035,28.718535469107554,25.171624713958813,77.80320366132723,99.3127147766323,55.65201663953699,,65.44622425629291
5876,上海商銀,本國銀行,43.4,-1.6987542468856143,378192319.055,True,39.83827493261455,54.78547854785478,-4.39,2026-06-01,False,77.77777777777779,-7.6595744680851094,0.22240081855667082,92.34042553191489,-2.3066666666666666,78.66132723112128,16.018306636155607,96.10983981693364,88.10068649885584,30.126002290950744,61.803232494803424,11.03448275862069,65.44454746311055
5386,青雲,電子通路,242.0,2.5423728813559254,286667011.75,True,0.2695417789757413,96.03960396039604,442.3,2026-06-01,False,96.15384615384616,-2.4193548387096775,-0.055640584693265396,40.80944350758853,22.183333333333394,95.48054919908466,33.98169336384439,21.16704805491991,1.2585812356979404,85.6815578465063,47.51388594001064,98.62068965517241,65.34453168152766
4904,遠傳,通信網路,101.5,-0.9756097560975618,828496145.25,True,44.85175202156334,50.23102310231023,15.9,2026-06-01,False,58.82352941176471,-5.5813953488372094,0.25585609854013464,90.22222222222223,2.243333333333334,59.7254004576659,21.16704805491991,98.39816933638444,84.43935926773455,43.4135166093929,61.42869874521955,38.275862068965516,65.31839343486152
5484,慧友,光電及I/O,40.8,2.0000000000000018,14880512.39,True,8.450704225352112,80.79207920792079,224.33,2026-06-01,False,78.08219178082192,1.6189290161892866,-0.0012079551762545447,70.46632124352331,93.17000000000002,79.40503432494279,55.1487414187643,45.19450800915332,39.816933638443935,97.4799541809851,63.40903431445789,96.32183908045977,65.09876640627056
2362,藍天,電腦及週邊,48.85,3.167898627243937,124429098.5625,True,0.431266846361186,93.63036303630363,30.25,2026-06-01,False,93.22033898305084,10.896708286038603,0.1216565061007431,94.1233140655106,13.166666666666668,92.90617848970251,82.03661327231121,84.55377574370709,91.30434782608695,73.42497136311569,84.84517733898468,57.47126436781609,64.91129435282357
6922,宸曜,電腦及週邊,205.0,1.2345679012345734,62598598.1,True,5.769230769230769,82.77227722772277,39.41,2026-06-01,False,89.83050847457628,11.716621253405995,0.06858683205895767,90.7079646017699,-12.003333333333337,89.81693363844394,83.29519450800915,73.11212814645309,85.69794050343249,14.20389461626575,69.22521828252088,67.01149425287356,64.80779347168522
1232,大統益,油脂飼料,157.0,-0.6329113924050667,37060540.65,True,11.10512129380054,79.04290429042904,16.3,2026-06-01,False,87.5,2.2801302931596092,0.05558301154105675,93.17507418397626,6.526666666666667,87.5858123569794,58.23798627002288,68.3066361556064,89.7025171624714,59.450171821305844,72.65662475327719,39.59770114942528,64.6620110997133
5289,宜鼎,半導體,1570.0,0.6410256410256387,4221853401.25,True,6.145552560646901,82.37623762376238,696.31,2026-06-01,False,90.76923076923077,18.045112781954884,-0.024486469382762218,78.89447236180904,56.23666666666668,90.38901601830663,90.8466819221968,34.43935926773455,59.153318077803206,96.33447880870561,74.23257081894937,99.19540229885058,64.4727636181909
6642,富致,電子零組件,75.9,-3.802281368821292,38747311.26,True,58.620689655172406,39.07590759075907,52.49,2026-06-01,False,61.74496644295302,0.5298013245033188,0.06729193020333395,82.58977149075082,23.520000000000003,62.70022883295194,49.31350114416476,72.88329519450801,67.62013729977116,87.2852233676976,67.9604771678187,76.7816091954023,64.44711854599016
5880,合庫金,金融控股,25.0,-0.1996007984031989,737059430.6375,True,52.075471698113205,44.15841584158416,-8.4,2026-06-01,False,92.3076923076923,-3.6608863198458548,0.12241498718546683,90.57971014492753,-39.89,92.21967963386729,28.26086956521739,84.66819221967964,85.24027459954233,4.581901489117984,58.99418350148492,8.160919540229886,64.34000105210553
3305,昇貿,印刷電路板,107.5,-0.462962962962965,203266230.615,True,34.17789757412399,58.67986798679868,76.0,2026-06-01,False,88.37209302325581,-0.4629629629629629,-0.05467442998570651,64.17910447761194,6.819999999999993,88.67276887871853,43.02059496567506,21.73913043478261,25.057208237986274,60.13745704467354,47.7254319123672,86.32183908045977,64.25780530787237
3045,台灣大,通信網路,115.0,0.0,1407259125.6,True,1.4555256064690028,89.00990099009901,6.57,2026-06-01,False,92.15686274509804,1.3215859030837005,0.23565070570118293,95.4356846473029,2.4833333333333334,91.87643020594966,53.08924485125858,97.25400457665904,93.36384439359267,44.329896907216494,75.98268418693529,24.82758620689655,64.24465398879508
2887,台新新光金,金融控股,36.5,-2.0134228187919434,2066647257.875,True,91.80592991913747,10.891089108910892,329.5,2026-06-01,False,30.76923076923077,4.434907010014298,0.10966418193707189,96.68874172185431,-110.59999999999997,30.892448512585812,67.16247139588101,82.2654462242563,95.4233409610984,1.718213058419244,55.49238403044815,97.816091954023,64.24235250795655
9925,新保,保全,40.15,1.1335012594458238,26135113.9275,True,3.1805929919137466,85.7095709570957,3.31,2026-06-01,False,85.58467741935483,-0.12437810945274692,-0.22219212124791932,96.74698795180723,0.5066666666666668,86.2700228832952,45.4233409610984,1.3729977116704806,95.65217391304348,37.34249713631157,53.21220652108383,20.45977011494253,64.2396564875457
6756,威鋒電子,半導體,98.4,0.0,14731565.295000002,True,46.43377001455604,48.976897689768975,50.06,2026-06-01,False,65.38461538461539,3.5789473684210584,0.10765959565258403,87.46666666666667,22.88,66.53318077803205,63.50114416475973,82.03661327231121,78.26086956521739,86.48339060710195,75.36303967748447,75.17241379310344,64.11632999289829
4771,望隼,醫療耗材,200.5,0.7537688442211143,42865212.95,True,0.8431703204047217,91.22112211221122,31.26,2026-06-01,False,80.55555555555556,6.933333333333333,0.23186492969076453,93.25581395348837,-5.956666666666667,81.6933638443936,73.4553775743707,96.91075514874143,89.93135011441647,20.962199312714777,72.59060919892741,58.27586206896552,64.11129961335124
2330,台積電,半導體,2375.0,-1.4522821576763434,71458258674.0,True,75.5256064690027,24.95049504950495,67.87,2026-06-01,False,32.30769230769231,1.0638297872340425,-0.005117073348102481,94.62151394422311,29.383333333333333,32.723112128146454,51.94508009153318,43.1350114416476,91.9908466819222,90.37800687285224,62.03441144322035,83.5632183908046,64.08302427733503
2606,裕民,海運,72.3,-0.4132231404958664,366154511.90500003,True,19.838274932614556,70.75907590759076,35.52,2026-06-01,False,81.81818181818183,15.127388535031846,0.26047245039589545,99.58677685950413,-3.136666666666663,82.49427917620137,88.21510297482837,98.51258581235697,98.39816933638444,28.52233676975945,79.22849481390612,63.5632183908046,64.06014098214051
7788,松川精密,電子零組件,253.0,1.810865191146882,386671667.525,True,16.425120772946862,73.53135313531352,65.66,2026-06-01,False,90.60402684563759,21.927710843373493,0.025386093472925236,86.64383561643835,23.953333333333333,90.16018306636155,92.90617848970251,56.63615560640732,76.08695652173914,87.62886597938144,80.6836679327184,82.75862068965517,64.02489544701334
6419,京晨科,光電及I/O,159.0,-2.4539877300613466,67922183.0,True,1.557377049180328,88.77887788778878,344.15,2026-06-01,False,82.1917808219178,18.21561338289963,0.0501600729441655,81.74807197943444,-3.060000000000059,82.83752860411899,90.96109839816934,66.70480549199085,66.13272311212815,28.751431844215347,67.07751749012454,98.04597701149426,64.01378258239302
2211,長榮鋼,基本金屬,84.8,0.4739336492890933,90483383.78999999,True,31.269113149847094,60.726072607260726,47.25,2026-06-01,False,68.29268292682927,-4.288939051918733,0.05184227662730334,70.08264462809916,25.536666666666665,70.13729977116705,26.08695652173913,67.27688787185355,38.672768878718536,88.31615120274914,58.09801284924548,72.98850574712644,63.92790446881822
4739,康普,其他化學,84.1,0.11904761904761862,138998243.10500002,True,3.051237766263673,85.94059405940594,113.79,2026-06-01,False,100.0,2.8117359413202903,-0.017658075679666853,64.6923076923077,-3.203333333333333,98.68421052631578,60.86956521739131,38.215102974828376,25.514874141876433,28.29324169530355,50.315398911143085,91.83908045977012,63.79214997764275
5511,德昌,營造,72.7,-0.2743484224965731,16999332.369999997,True,2.9110512129380055,86.33663366336634,3.9,2026-06-01,False,86.66666666666667,-1.4905149051490438,-0.08039279624544603,90.4228855721393,-3.47,87.07093821510298,37.52860411899314,12.929061784897025,84.78260869565217,27.147766323024054,49.891795827533876,20.804597701149426,63.782385123227854
3218,大學光,醫藥通路,135.5,-1.0948905109489093,40038080.6,True,0.16172506738544476,97.16171617161716,17.08,2026-06-01,False,100.0,-2.5179856115107913,0.031435794489755586,74.65564738292011,6.756666666666666,98.68421052631578,33.29519450800915,59.382151029748286,49.084668192219674,60.02290950744559,60.0938267527477,40.632183908045974,63.77646702964307
3066,李洲,光電及I/O,23.45,-1.0548523206751037,16916071.6025,True,0.26666666666666666,96.23762376237623,49.95,2026-06-01,False,94.52054794520548,5.393258426966288,-0.04965318293074023,77.64900662251655,-2.213333333333331,93.93592677345538,69.90846681922197,24.37070938215103,56.17848970251716,30.240549828178693,54.92682850110485,74.59770114942529,63.70091270154397
2611,志信,貨運倉儲,16.55,-3.779069767441856,21225760.9675,True,26.129827444535742,65.08250825082507,56.42,2026-06-01,False,71.42857142857143,19.06474820143885,-0.05497067014622973,96.22093023255815,-1.5100000000000051,73.2837528604119,91.53318077803205,21.62471395881007,94.50800915331807,31.38602520045819,62.46713639020605,78.39080459770115,63.662346458349774
3528,安馳,電子通路,83.4,-0.23923444976075015,32011612.190000005,True,0.0,99.07590759075907,57.4,2026-06-01,False,100.0,-1.534828807556077,-0.03227307441162917,59.57142857142858,-11.756666666666668,98.68421052631578,37.29977116704806,31.57894736842105,14.588100686498857,14.318442153493699,39.29389438035548,78.62068965517241,63.64830742523475
3708,上緯投控,樹脂,103.0,-0.48309178743961567,54944560.364999995,True,1.1320754716981132,90.03300330033002,61.7,2026-06-01,False,100.0,4.6747967479674735,0.06339393791671401,71.52777777777779,5.150000000000013,98.68421052631578,68.07780320366132,71.73913043478261,42.44851258581236,53.264604810996566,66.84285231231372,81.14942528735632,63.55108629895579
8227,巨有科技,半導體,150.0,-3.8461538461538436,89145160.975,True,1.6910935738444193,88.51485148514851,88.44,2026-06-01,False,93.84615384615384,-0.33222591362126247,-0.04157884671543514,60.24096385542169,-35.25,93.47826086956522,44.279176201373,27.80320366132723,16.361556064073227,5.040091638029782,37.39245768687369,88.62068965517241,63.54533259685947
2886,兆豐金,金融控股,46.85,-0.21299254526091493,1810228203.8324997,True,75.74123989218329,24.818481848184817,1.53,2026-06-01,False,76.92307692307693,-5.161943319838051,0.1636983752054825,88.22975517890772,-28.51,78.03203661327231,22.19679633867277,90.96109839816934,80.43478260869566,6.414662084765177,55.60787520871504,17.81609195402299,63.521528709329544
5328,華容,電子零組件,61.9,0.8143322475570036,1452570001.165,True,77.74193548387098,23.63036303630363,63.54,2026-06-01,False,36.91275167785235,-7.886904761904769,-0.01154319598083676,75.12135922330097,30.199999999999996,37.29977116704806,15.331807780320366,40.274599542334094,50.11441647597255,90.60710194730814,46.72553938259664,81.72413793103448,63.45162944843368
2408,南亞科,半導體,501.0,-5.113636363636365,40268439249.975,True,60.908353609083534,37.557755775577554,621.34,2026-06-01,False,49.23076923076923,14.908256880733944,0.07927779971263177,94.88636363636364,-68.26333333333332,50.34324942791763,87.98627002288329,76.31578947368422,92.21967963386729,2.7491408934707904,61.92282589036464,98.9655172413793,63.385544070070225
6026,福邦證,證券,14.7,-0.6756756756756799,15307398.4625,True,16.44893111638955,73.3993399339934,1448.39,2026-06-01,False,62.5,3.1578947368421004,-0.08729229823261807,76.16580310880828,809.6866666666667,63.27231121281465,62.013729977116704,11.784897025171624,52.517162471395885,99.7709049255441,57.8718011224086,99.6551724137931,63.35772903022173
8464,億豐,五金及家具,360.5,-2.960969044414541,218086669.75,True,16.01078167115903,73.993399339934,11.73,2026-06-01,False,90.9090909090909,-4.881266490765172,0.04220384858517073,76.78381256656017,8.493333333333334,90.61784897025171,23.455377574370708,63.7299771167048,54.004576659038904,64.60481099656357,59.28251826338594,31.95402298850575,63.28026776085641
6831,邁科,電子零組件,549.0,-4.355400696864109,672453195.675,True,12.222222222222221,78.21782178217822,29.3,2026-06-01,False,93.28859060402685,-12.857142857142856,0.009616015908909654,57.42677824267782,31.23,93.02059496567506,6.750572082379863,50.0,10.983981693363845,90.95074455899199,50.34117866008214,55.632183908045974,63.22154712117626
5609,中菲行,貨運倉儲,79.5,0.12594458438286438,15000289.25,True,64.15094339622641,34.25742574257426,35.26,2026-06-01,False,42.857142857142854,0.12594458438286438,0.0720340223998929,94.75566150178784,6.496666666666666,43.24942791762014,46.453089244851256,74.48512585812357,92.10526315789474,59.221076746849945,63.10279658506793,63.44827586206897,63.08746942318315
8421,旭源,塑膠製品,13.75,0.36496350364965124,10694580.485,True,67.4061433447099,31.88118811881188,46.59,2026-06-01,False,31.85483870967742,-6.4625850340136015,0.18627982590884126,81.60237388724035,18.346666666666668,32.265446224256294,18.87871853546911,93.36384439359267,65.78947368421053,81.09965635738831,58.27942783898338,72.52873563218391,62.92623425129541
4973,廣穎,半導體,157.5,-0.9433962264150941,365726042.675,True,13.961605584642234,76.23762376237624,197.3,2026-06-01,False,87.6923076923077,10.526315789473683,-0.012127887895350069,75.0,33.77000000000001,87.87185354691076,81.23569794050344,40.160183066361554,49.65675057208238,91.86712485681558,70.15832199653474,95.40229885057471,62.923801257266106
4967,十銓,半導體,278.0,0.7246376811594235,1577285458.375,True,0.4736129905277402,93.06930693069307,35.0,2026-06-01,False,97.6923076923077,24.384787472035793,0.035466592742392875,91.29720853858785,-40.39999999999999,96.33867276887872,94.50800915331807,61.327231121281464,86.95652173913044,4.4673539518900345,68.71955774689977,62.87356321839081,62.91518714327047
1720,生達,藥,57.1,-0.17482517482517723,19031234.455000002,True,0.431266846361186,93.63036303630363,9.11,2026-06-01,False,87.77777777777777,-0.5226480836236885,0.00025282602064522093,87.04268292682927,6.4799999999999995,88.10068649885584,42.44851258581236,45.766590389016024,77.23112128146454,59.106529209621996,62.53068799295416,28.620689655172416,62.875996212420105
6279,胡連,汽車組件,126.5,-1.171875,112177061.2,True,5.336927223719677,82.9042904290429,41.2,2026-06-01,False,91.8918918918919,9.523809523809524,0.27132822262998324,84.0531561461794,13.993333333333336,91.76201372997713,79.63386727688787,98.97025171624713,70.59496567505721,74.45589919816724,83.08339951926732,68.39080459770115,62.778479181461904
2364,倫飛,電腦及週邊,74.6,-7.67326732673268,44868031.725,True,1.925820256776034,88.05280528052806,60.06,2026-06-01,False,91.52542372881356,5.516265912305504,0.2279959016498994,75.12588116817723,21.990000000000002,91.18993135011442,70.48054919908466,96.45308924485126,50.22883295194508,85.4524627720504,78.76097310360917,80.11494252873564,62.76328940792762
2072,世紀風電,基本金屬,150.5,-2.9032258064516148,75414920.075,True,0.9708737864077669,90.42904290429043,101.11,2026-06-01,False,97.5609756097561,-1.3114754098360655,-0.0513382207014786,47.92993630573248,14.266666666666652,96.10983981693364,38.901601830663616,23.684210526315788,3.203661327231121,75.37227949599084,47.454318599427,90.22988505747126,62.6604460927431
6914,阜爾運通,其他運儲,147.5,0.0,12893015.025,True,8.362989323843415,80.92409240924093,11.19,2026-06-01,False,80.77956989247312,1.7241379310344827,0.07968777605044251,95.16129032258065,2.9000000000000004,81.92219679633868,55.49199084668193,76.43020594965675,92.90617848970251,45.93356242840779,70.53682690215754,31.264367816091955,62.6501880638628
4772,台特化,其他化學,264.5,3.3203125,159328103.875,True,4.07725321888412,84.35643564356435,272.73,2026-06-01,False,87.5,7.08502024291498,0.054971041230391704,70.34574468085107,31.383333333333354,87.5858123569794,73.56979405034325,68.07780320366132,39.359267734553775,91.06529209621993,71.93159388835153,97.12643678160919,62.625430705699785
8462,柏文,其他,175.5,0.0,34605530.3,True,3.8935756002595716,84.68646864686468,20.11,2026-06-01,False,91.66666666666666,10.725552050473187,0.17730592229143283,97.7715877437326,-0.18666666666666742,91.47597254004577,81.80778032036613,92.33409610983982,96.22425629290618,35.16609392898053,79.4016398384277,44.36781609195402,62.56506615113496
8210,勤誠,電子零組件,967.0,2.436440677966112,1674583908.2,True,72.34501347708895,28.184818481848183,98.03,2026-06-01,False,44.966442953020135,-13.660714285714285,-0.10348003249592717,62.18649517684888,51.373333333333335,45.766590389016024,5.720823798627003,9.038901601830664,19.679633867276888,95.53264604810997,35.14771914097211,89.88505747126436,62.402614482232565
2605,新興,海運,36.6,-3.1746031746031633,475592199.7875,True,0.42630937880633374,93.86138613861385,51.62,2026-06-01,False,90.9090909090909,15.822784810126581,0.016935312239069553,84.42906574394465,31.009999999999998,90.61784897025171,88.67276887871853,54.23340961098398,71.28146453089245,90.72164948453609,79.10542829507656,76.20689655172413,62.35836029353744
2618,長榮航,空運,42.65,0.11737089201877549,1669575858.3874998,True,33.81294964028777,59.009900990099005,26.58,2026-06-01,False,58.73655913978495,1.6686531585220397,0.2656797327849,94.98886414253897,4.053333333333331,59.610983981693366,55.37757437070938,98.74141876430205,92.67734553775743,49.942726231386025,71.27000977716965,52.29885057471264,62.30240143086351
5515,建國,營造,53.4,-4.129263913824066,42658909.317499995,True,0.1078167115902965,97.52475247524752,24.55,2026-06-01,False,100.0,22.47706422018348,0.11245349639154313,95.87073608617594,6.376666666666669,98.68421052631578,93.24942791762014,82.83752860411899,93.82151029748283,58.53379152348225,85.42529377380399,49.367816091954026,62.156027249533125
1476,儒鴻,成衣,315.0,-0.9433962264150941,594261717.975,True,0.16172506738544476,97.16171617161716,14.42,2026-06-01,False,91.30434782608695,-7.759882869692533,-0.055515706808357025,69.69026548672566,10.63,91.01830663615561,15.789473684210526,21.28146453089245,37.4141876430206,69.18671248568155,46.93802899599215,35.86206896551724,62.12627239012073
7744,崴寶,電子零組件,487.0,-1.4170040485829927,51225892.925,True,30.337078651685395,61.71617161716172,128.13,2026-06-01,False,82.5503355704698,19.216646266829866,0.03998444624346729,80.09868421052632,15.870000000000005,83.4096109839817,91.64759725400458,62.81464530892449,62.58581235697941,78.00687285223368,75.69290775122478,93.10344827586206,61.86281859070465
5534,長虹,建設,80.2,-0.24875621890547706,65892307.92999999,True,76.11859838274933,24.488448844884488,124.21,2026-06-01,False,19.298245614035086,1.1349306431273716,0.007730868167009905,92.18390804597702,-72.57666666666667,18.87871853546911,52.40274599542334,49.4279176201373,87.87185354691076,2.405498281786942,42.19734679594549,92.98850574712644,61.83408295852074
3498,陽程,電子設備,185.0,-3.645833333333337,379954558.09499997,True,31.027667984189723,61.05610561056105,50.69,2026-06-01,False,74.02597402597402,71.29629629629629,0.105018712811773,96.35416666666666,-34.510000000000005,75.97254004576659,99.88558352402745,81.46453089244852,94.73684210526315,5.2691867124856815,71.46573665599827,75.51724137931033,61.585260001578156
2027,大成鋼,基本金屬,51.0,1.3916500994035852,1058300765.9199998,True,34.26865671641791,58.415841584158414,43.73,2026-06-01,False,63.41463414634146,14.478114478114485,0.17548981583916948,100.0,2.4199999999999946,64.30205949656751,87.52860411899313,92.21967963386729,99.37070938215103,44.100801832760595,77.50437089286791,70.0,61.53604118993135
2442,新美齊,建設,19.6,-1.5075376884421954,31254888.5225,True,16.308763784097504,73.79537953795379,220.09,2026-06-01,False,78.94736842105263,2.0833333333333446,0.026226164739649675,65.33333333333334,97.56333333333332,80.1487414187643,56.922196796338675,56.97940503432495,26.65903890160183,97.709049255441,63.68368628129415,96.0919540229885,61.494384386753985
9917,中保科,保全,110.0,-0.9009009009009028,44929080.5,True,3.234501347708895,85.61056105610561,2.56,2026-06-01,False,85.48387096774194,-0.4524886877828055,0.14089739494626924,90.1639344262295,0.29666666666666686,86.15560640732265,43.1350114416476,88.21510297482837,84.21052631578947,36.65521191294387,67.67429181050639,18.735632183908045,61.49168836634313
2546,根基,營造,107.0,-6.550218340611358,46984192.95,True,11.10512129380054,79.04290429042904,44.27,2026-06-01,False,66.66666666666666,10.537190082644631,0.10551555747300075,91.84549356223177,14.67333333333334,68.19221967963387,81.35011441647598,81.6933638443936,87.64302059496568,76.17411225658648,79.01056615841112,70.6896551724138,61.29369525763433
7750,新代,機械,2140.0,-3.3860045146726914,957541407.5,True,37.333333333333336,56.369636963696365,151.4,2026-06-01,False,77.14285714285715,3.8834951456310676,-0.009047547808272782,69.70684039087948,39.890000000000015,78.14645308924484,64.98855835240275,41.18993135011442,37.64302059496568,93.58533791523482,63.1106602603925,94.36781609195403,61.292182855940446
3036,文曄,電子通路,200.5,-2.669902912621358,2591184528.175,True,46.41509433962264,49.17491749174918,188.09,2026-06-01,False,57.692307692307686,-1.4742014742014742,-0.0820861362395301,66.50082918739635,48.26333333333332,58.75286041189931,37.87185354691076,12.700228832951947,28.832951945080094,95.1890034364261,46.669379634653644,95.17241379310344,61.22159315079302
5607,遠雄港,貨運倉儲,55.5,-0.7155635062611743,50979731.152499996,True,29.70350404312668,62.244224422442244,37.01,2026-06-01,False,64.28571428571429,11.895161290322577,0.25239445978786335,99.28443649373882,-0.023333333333333428,65.16018306636155,83.86727688787185,98.05491990846681,97.94050343249427,35.738831615120276,76.15234298206295,65.28735632183908,61.13019148320576
2032,新鋼,基本金屬,17.35,0.28901734104047616,10674721.605,True,0.6836544437538844,91.88118811881189,11.99,2026-06-01,False,100.0,8.099688473520253,0.0509244339569996,93.029490616622,-5.7333333333333325,98.68421052631578,76.5446224256293,67.04805491990847,89.24485125858124,21.420389461626574,70.58842571841227,32.52873563218391,60.97829374786291
5351,鈺創,半導體,118.0,-4.0650406504065035,2368264933.785,True,47.27272727272727,48.382838283828384,657.48,2026-06-01,False,64.61538461538461,41.148325358851686,0.10472830268830921,87.08487084870849,97.47333333333336,65.67505720823799,98.51258581235697,81.35011441647598,77.34553775743707,97.59450171821305,84.09555938254422,99.08045977011494,60.89711723085826
8341,日友,資源回收,76.5,-0.13054830287205776,12512939.760000002,True,0.2695417789757413,96.03960396039604,6.99,2026-06-01,False,86.95652173913044,-1.1627906976744258,0.07594071930834122,83.60655737704919,-16.006666666666668,87.18535469107552,39.588100686498855,75.74370709382151,70.0228832951945,11.798396334478808,56.867688420213845,25.632183908045974,60.81308030195429
2816,旺旺保,產險,37.35,-1.451187335092341,15148844.86,True,20.19826517967782,70.29702970297029,22.17,2026-05-01,False,80.0,10.830860534124625,0.13185386021466838,98.54881266490766,-9.083333333333329,81.17848970251717,81.92219679633868,86.2700228832952,96.91075514874143,16.83848797250859,72.62399050068021,47.01149425287356,60.79463557694837
2892,第一金,金融控股,33.55,-0.2971768202080227,1540806635.5674996,True,84.15094339622642,17.82178217821782,9.73,2026-06-01,False,53.84615384615385,-3.591954022988506,0.07181378779741675,91.29251700680271,-19.740000000000002,55.205949656750576,28.604118993135014,74.37070938215103,86.8421052631579,9.621993127147768,50.928975284468464,29.195402298850574,60.659834556406004
2745,五福,旅行社,88.7,-1.114827201783719,10600604.635000002,True,4.706927175843695,83.4983498349835,5.98,2026-06-01,False,100.0,-5.537806176783815,-0.10410400379864836,70.96000000000001,-7.366666666666669,98.68421052631578,21.28146453089245,8.924485125858125,41.41876430205949,18.442153493699887,37.75021559576514,23.678160919540232,60.62491780425576
6782,視陽,醫療耗材,210.0,3.960396039603964,70635177.275,True,2.2148394241417497,87.1947194719472,45.95,2026-06-01,False,72.22222222222221,13.821138211382115,0.22435026769697847,89.36170212765957,25.663333333333338,74.02745995423341,86.61327231121282,96.33867276887872,83.06636155606407,88.54524627720504,85.71820257351881,71.83908045977012,60.57990741471369
2617,台航,海運,31.75,-0.15723270440252124,44055797.9575,True,31.859838274932617,60.26402640264027,37.28,2026-06-01,False,63.63636363636363,10.243055555555552,0.10169833823362327,95.05988023952096,10.713333333333335,64.64530892448512,80.77803203661327,80.89244851258582,92.79176201372998,69.41580756013745,77.70467180951033,65.63218390804599,60.57280570241195
1736,喬山,家電製品,127.0,-3.4220532319391594,134169848.45,True,0.28868360277136257,95.57755775577557,14.49,2026-06-01,False,94.44444444444444,-4.868913857677903,0.11544742635957372,69.39890710382514,6.9799999999999995,93.82151029748283,23.569794050343248,83.4096109839817,35.6979405034325,60.595647193585336,59.418900605765124,36.0919540229885,60.51040269339015
3617,碩天,電子零組件,257.5,-0.770712909441229,192726221.425,True,25.08513053348468,65.8085808580858,25.6,2026-06-01,False,85.23489932885906,21.176470588235293,0.12141227264298278,99.03846153846155,9.496666666666666,85.92677345537757,92.33409610983982,84.43935926773455,97.59725400457666,66.66666666666666,85.39282990083905,50.804597701149426,60.49863226281596
3529,力旺,半導體,2200.0,2.088167053364276,2660980215.5,True,30.943396226415093,61.18811881188119,47.05,2026-06-01,False,77.6923076923077,-9.465020576131687,-0.09326143626276866,46.75876726886291,23.043333333333333,78.48970251716247,12.013729977116705,10.755148741418765,2.745995423340961,86.8270332187858,38.16632197556494,72.75862068965517,60.49514716326047
2103,台橡,橡膠原料,28.3,-0.35211267605632646,237325399.86000004,True,19.2507204610951,71.35313531353135,40.24,2026-06-01,False,71.10215053763442,27.477477477477485,0.08520188470535874,98.77835951134382,9.513333333333332,72.65446224256293,96.10983981693364,78.03203661327231,97.36842105263158,66.89576174112256,82.2121042933046,67.70114942528735,60.40354822588705
7711,永擎,電腦及週邊,497.5,7.800650054171188,440711794.6,True,34.23913043478261,58.48184818481849,140.79,2026-06-01,False,57.6271186440678,64.73509933774835,0.05729380577972276,92.99065420560748,102.89333333333332,58.58123569794051,99.77116704805492,68.76430205949656,88.90160183066361,97.82359679266895,82.7683806857649,93.67816091954023,60.347457850022366
3130,一零四,數位雲端,213.0,-0.23419203747072626,18115278.0,True,0.2695417789757413,96.03960396039604,7.87,2026-06-01,False,87.5,3.3980582524271843,-0.2776607276711065,93.01310043668121,-1.3333333333333348,87.5858123569794,63.1578947368421,0.9153318077803204,89.13043478260869,31.844215349369986,54.5267378067161,27.241379310344826,60.1999329282727
6840,東研信超,檢測驗證,82.7,-0.6009615384615419,30752457.22,True,32.745098039215684,59.537953795379536,17.85,2026-06-01,False,100.0,33.38709677419355,0.0843662825093587,99.39903846153845,2.7733333333333334,98.68421052631578,97.48283752860412,77.68878718535468,98.16933638443935,45.30355097365407,83.4657445196736,41.37931034482759,60.18750493174464
5871,中租-KY,租賃,115.5,0.0,795572611.8,True,30.18867924528302,61.84818481848184,-0.82,2026-06-01,False,61.626344086021504,-3.75,0.13186104293596576,93.52226720647774,0.31000000000000016,62.58581235697941,28.03203661327231,86.38443935926774,90.2745995423341,36.769759450171826,60.809329464405074,15.402298850574713,60.05766853415398
3706,神達,電腦及週邊,92.1,2.3333333333333206,1070269414.0899999,True,69.0566037735849,30.693069306930692,80.93,2026-06-01,False,28.8135593220339,0.9868421052631484,0.17841897798856377,86.07476635514018,26.89666666666667,28.947368421052634,51.48741418764302,92.44851258581235,75.05720823798627,89.00343642611683,67.38878797172222,87.52873563218391,60.01147452589495
1580,新麥,機械,107.0,0.0,10953467.8,True,8.733153638814017,80.52805280528052,3.17,2026-06-01,False,94.28571428571428,-4.464285714285714,-0.018705599497398393,75.61837455830388,9.153333333333334,93.7070938215103,25.400457665903893,37.87185354691076,51.25858123569794,65.52119129438717,54.75183551288201,20.229885057471265,59.9487756121939
9945,潤泰新,建設,29.0,-1.3605442176870652,261715700.23500004,True,19.35309973045822,71.28712871287128,29.57,2026-06-01,False,77.19298245614034,10.056925996204928,0.16641907666307723,90.76682316118936,-23.879999999999995,78.37528604118992,80.54919908466819,91.18993135011442,85.81235697940504,7.560137457044673,68.69738218248445,55.97701149425287,59.903863857544906
8096,擎亞,電子通路,106.0,0.4739336492890933,626352960.125,True,76.22432859399683,24.422442244224424,433.49,2026-06-01,False,21.153846153846153,-24.285714285714285,-0.03404689995907828,62.53687315634219,230.37333333333333,21.052631578947366,0.5720823798627002,30.778032036613272,20.59496567505721,98.96907216494846,34.3933567670858,98.50574712643679,59.89531550014466
2727,王品,餐飲飯店,235.5,-0.8421052631578996,139643595.55,True,2.1144278606965177,87.39273927392739,16.59,2026-06-01,False,72.0,4.434589800443459,0.29338332120250116,94.57831325301204,1.6766666666666676,73.79862700228833,67.04805491990847,99.4279176201373,91.87643020594966,41.00801832760595,74.63180961517794,40.11494252873563,59.6854862042663
8086,宏捷科,半導體,112.0,1.3574660633484115,448413549.0,True,1.6857314870559903,88.58085808580857,16.05,2026-06-01,False,94.61538461538461,-7.818930041152264,-0.1672322972463877,62.56983240223464,-18.09,94.16475972540046,15.560640732265446,3.775743707093822,20.709382151029747,10.309278350515463,28.903960933260986,38.735632183908045,59.5122833320182
3556,禾瑞亞,半導體,63.1,-0.3159557661927215,23868070.119999997,True,54.339622641509436,41.914191419141915,66.86,2026-06-01,False,54.61538461538461,2.4350649350649354,0.03543673994800799,78.48258706467661,35.61,56.06407322654462,59.382151029748286,61.212814645308924,58.0091533180778,92.43986254295532,65.421610952527,83.2183908045977,59.47736657986796
8299,群聯,半導體,2135.0,2.8915662650602414,11245207542.75,True,20.32345013477089,70.0990099009901,301.0,2026-06-01,False,82.3076923076923,17.307692307692307,-0.03724233795028904,74.13194444444444,21.379999999999995,82.95194508009153,90.50343249427918,29.51945080091533,47.94050343249428,84.87972508591065,67.1590113787382,97.35632183908046,59.43633446434677
6753,龍德造船,機車船製造,141.0,-0.35335689045936647,315257604.9,True,0.0,99.07590759075907,33.41,2026-06-01,False,100.0,2.1739130434782608,-0.0077598620392715255,69.28746928746928,-3.2033333333333402,98.68421052631578,57.78032036613272,41.76201372997711,35.46910755148742,28.1786941580756,52.37486926639772,61.149425287356316,59.3806057497567
5864,致和證,證券,34.0,-0.8746355685131157,115918522.32999997,True,0.5383580080753702,92.8052805280528,107.08,2026-06-01,False,87.5,3.816793893129771,-0.048910053729277266,63.43283582089552,-724.4033333333332,87.5858123569794,64.53089244851259,24.485125858123567,22.883295194508012,0.8018327605956471,40.05739172374384,91.37931034482759,59.3293813619506
8473,山林水,資源回收,44.55,-3.8834951456310773,32725037.46,True,0.2617801047120419,96.3036303630363,18.1,2026-06-01,False,91.30434782608695,1.9450800915331676,-0.04259250023324999,79.55357142857142,4.586666666666666,91.01830663615561,56.40732265446224,27.11670480549199,60.86956521739131,52.119129438717074,57.50620575044364,41.49425287356322,59.24370051816198
2466,冠西電,光電及I/O,101.0,-2.8846153846153855,181478715.93,True,25.055432372505543,66.006600660066,53.03,2026-06-01,False,65.75342465753424,7.561235356762507,-0.03570177737038091,82.78688524590164,55.50666666666667,66.70480549199085,75.1716247139588,30.09153318077803,68.19221967963387,96.10538373424971,67.25311336012224,77.1264367816092,59.21295930981878
3135,凌航,半導體,177.0,3.8123167155425186,414537043.65,True,3.5294117647058822,85.14851485148515,150.02,2026-06-01,False,91.53846153846153,10.625,-0.003995729148221744,67.94625719769674,-180.75333333333336,91.30434782608695,81.52173913043478,43.7070938215103,32.608695652173914,1.3745704467353952,50.103289375388265,94.25287356321839,59.161044477761116
4585,達明,機器人,292.5,-1.0152284263959421,101457729.65,True,0.0,99.07590759075907,41.88,2026-06-01,False,99.09274193548387,-3.3057851239669422,-0.027536532835312266,36.5625,13.466666666666665,97.1395881006865,30.434782608695656,33.066361556064074,0.8009153318077803,74.1122565864834,47.11078083674748,68.85057471264368,59.089073884110576
2547,日勝生,建設,10.15,-0.9756097560975618,24878285.1675,True,83.8192419825073,18.283828382838283,141.99,2026-06-01,False,10.526315789473683,0.0,0.15048134096034008,87.50000000000001,77.05333333333334,9.153318077803203,45.9954233409611,89.7025171624714,78.71853546910755,96.79266895761741,64.07249260159213,93.79310344827586,58.91738341355638
5306,桂盟,自行車組件,94.6,-1.1494252873563315,17806324.110000003,True,48.40970350404313,47.32673267326732,31.67,2026-06-01,False,47.31182795698925,3.841931942919868,0.07572232950351938,94.97991967871486,15.810000000000002,48.51258581235698,64.75972540045767,75.62929061784897,92.5629290617849,77.89232531500573,71.87137124149085,58.85057471264368,58.79159104658197
6658,聯策,電子設備,156.5,-2.795031055900621,53795612.875,True,11.013215859030836,79.14191419141913,51.6,2026-06-01,False,89.6103896103896,0.6430868167202572,-0.010740390991982844,60.89494163424124,42.21333333333334,89.7025171624714,49.77116704805492,40.73226544622426,17.73455377574371,93.81443298969072,58.350987284437,76.0919540229885,58.439464478287164
4542,科嶠,電子設備,250.0,-0.990099009900991,227473743.175,True,78.16091954022988,23.36633663366337,102.05,2026-06-01,False,38.961038961038966,-19.743178170144464,-0.053976520719483,50.607287449392715,46.39,39.473684210526315,1.4874141876430207,22.42562929061785,5.148741418764303,94.61626575028636,32.63034697156756,90.57471264367815,58.42743102133144
2890,永豐金,金融控股,38.95,-1.6414141414141326,1031739821.4399999,True,97.89757412398922,3.762376237623762,50.94,2026-06-01,False,7.6923076923076925,-1.6414141414141377,0.1404565043641063,92.95942720763725,-22.723333333333343,5.949656750572083,36.95652173913043,88.10068649885584,88.78718535469108,8.132875143184421,45.58538509728677,75.86206896551724,58.41059733291249
3581,博磊,電子設備,100.5,-2.898550724637683,63259649.910000004,True,70.08928571428571,29.63696369636964,95.44,2026-06-01,False,51.94805194805194,-10.267857142857142,0.003071614071238584,35.892857142857146,47.166666666666664,53.432494279176204,10.526315789473683,47.254004576659035,0.6864988558352403,94.84536082474226,41.348934865177284,89.77011494252874,58.34069807201662
6285,啟碁,通信網路,230.5,-2.123142250530785,1611740866.25,True,92.72237196765498,9.768976897689768,84.37,2026-06-01,False,17.647058823529413,-7.615230460921844,0.011680793541842281,72.25705329153605,39.42333333333334,16.990846681922196,16.361556064073227,51.48741418764302,44.05034324942792,93.35624284077892,44.44928060476906,87.816091954023,58.12393145532497
2897,王道銀行,本國銀行,10.25,0.0,37782579.4825,True,61.671159029649594,36.96369636963696,14.1,2026-06-01,False,44.44444444444444,-0.4854368932038904,0.0972485246477213,96.24413145539906,-13.699999999999998,45.19450800915332,42.79176201372998,80.32036613272311,94.62242562929062,13.172966781214205,55.22040571322225,35.287356321839084,58.07813198663827
2633,台灣高鐵,陸運,26.2,0.19120458891013214,122227326.2225,True,15.849056603773585,74.05940594059406,2.77,2026-06-01,False,73.85752688172043,0.5758157389635262,-0.077658779660156,91.28919860627178,-1.4033333333333329,75.85812356979405,49.54233409610984,13.386727688787186,86.72768878718536,31.615120274914087,51.425998883358105,19.195402298850574,58.05972013993003
6613,朋億*,電子設備,251.0,-0.5940594059405946,122711063.625,True,93.36927223719677,9.207920792079207,120.45,2026-06-01,False,16.883116883116884,-18.241042345276874,-0.2164026176276925,64.35897435897436,42.78666666666666,16.132723112128147,1.9450800915331807,1.9450800915331807,25.171624713958813,93.92898052691866,27.824697707214398,92.41379310344827,57.94326520950051
8083,瑞穎,機械,159.5,0.0,16194511.275,True,2.4258760107816713,87.06270627062706,-8.87,2026-06-01,False,97.14285714285714,1.5923566878980893,-0.04259493767150945,88.61111111111111,1.6966666666666654,95.76659038901602,54.91990846681922,27.002288329519452,81.35011441647598,41.1225658648339,60.03229349333291,7.931034482758621,57.531957705357854
3217,優群,電子零組件,137.0,0.0,103371619.525,True,8.086253369272237,80.990099009901,2.42,2026-06-01,False,94.63087248322147,-9.868421052631579,-0.2505017077850737,66.18357487922705,11.92,94.27917620137299,11.556064073226544,1.0297482837528604,28.26086956521739,71.8213058419244,41.38943279309884,18.620689655172416,57.40116783713407
6741,91APP*-KY,數位雲端,57.1,4.770642201834874,14401258.360000003,True,0.1564945226917058,97.35973597359737,32.45,2026-06-01,False,95.83333333333334,3.2549728752260476,0.20703636962515537,69.54933008526189,0.393333333333338,95.0228832951945,62.24256292906178,95.19450800915332,36.49885583524027,36.884306987399775,65.16862341120994,59.88505747126437,57.29105841815934
8114,振樺電,電腦及週邊,195.5,-1.5113350125944613,222292389.2,True,41.509433962264154,53.201320132013194,19.14,2026-06-01,False,52.54237288135594,-10.114942528735632,0.0037456006888888014,71.22040072859745,27.78,53.89016018306636,10.869565217391305,47.82608695652174,41.99084668192219,90.03436426116839,48.922204660013996,43.2183908045977,57.05745811304874
7810,捷創科技,電子設備,213.0,0.4716981132075526,11466460.925,True,5.0,83.1023102310231,116.46,2026-06-01,False,93.5064935064935,9.511568123393316,0.08600231987193342,63.01775147928994,19.64666666666666,93.24942791762014,79.51945080091534,78.48970251716247,21.85354691075515,83.39060710194731,71.30054704968008,92.29885057471265,56.970593650543144
2537,聯上發,建設,11.5,-1.7094017094017033,13285760.0875,True,69.72820993439551,29.9009900990099,57.68,2026-06-01,False,26.31578947368421,4.072398190045242,0.1507978564427591,92.74193548387096,-1771.9133333333332,25.85812356979405,65.67505720823799,89.81693363844394,88.44393592677345,0.45819014891179843,54.05044809843224,78.96551724137932,56.8981298824272
3535,晶彩科,電子設備,85.5,-1.497695852534564,67727374.44500001,True,69.21754084264833,30.363036303630363,160.85,2026-06-01,False,53.246753246753244,-2.508551881413914,0.12446677870585186,57.57575757575758,-634.9433333333334,54.576659038901596,33.40961098398169,85.35469107551488,11.327231121281464,0.9163802978235969,37.116914503500645,94.71264367816093,56.80173071359057
3094,聯傑,半導體,38.0,6.2937062937062915,68547150.0925,True,66.68463611859838,32.37623762376238,74.09,2026-06-01,False,43.07692307692308,6.891701828410697,0.015642891674979342,83.97790055248619,36.64333333333334,43.7070938215103,73.34096109839817,53.546910755148744,70.48054919908466,92.78350515463917,66.77180400575621,85.97701149425288,56.70592335411242
6799,來頡,半導體,78.6,-0.6321112515802807,32423996.439999998,True,9.692898272552783,79.93399339933993,6.47,2026-06-01,False,89.23076923076924,-3.911980440097803,-0.10011070516664101,70.49327354260089,0.4033333333333333,89.47368421052632,27.34553775743707,9.954233409610984,40.160183066361554,36.998854524627724,40.78649859371273,24.482758620689655,56.69277203503512
1709,和益,清潔劑,34.65,4.054054054054057,245919969.73499998,True,65.87601078167116,33.003300330033,70.14,2026-06-01,False,40.0,33.52601156069364,0.075323474352359,100.0,43.870000000000005,40.33180778032037,97.59725400457666,75.40045766590389,99.37070938215103,94.15807560137456,81.37166088686529,84.36781609195401,56.61826981246219
2465,麗臺,電腦及週邊,91.7,6.752037252619325,376742341.515,True,59.7623089983022,38.415841584158414,543.89,2026-06-01,False,37.28813559322034,16.07594936708861,0.03124897041674739,87.33333333333334,258.88,37.87185354691076,89.24485125858124,59.153318077803206,77.91762013729976,99.19816723940436,72.67716205199987,98.85057471264368,56.34879928456824
6498,久禾光,消費性電子,74.8,-1.9659239842726106,10575816.355,True,0.6451612903225806,92.14521452145215,8.38,2026-06-01,False,94.73684210526315,-4.347826086956529,0.060143268997614505,66.48888888888888,-16.576666666666668,94.39359267734554,25.85812356979405,70.13729977116705,28.604118993135014,11.225658648339062,46.04375873195614,27.70114942528736,56.21018438149346
2412,中華電,通信網路,136.5,0.0,1699054185.025,True,79.8921832884097,21.88118811881188,11.4,2026-06-01,False,35.294117647058826,-2.8469750889679712,0.11134592114063142,93.1740614334471,3.2666666666666675,35.46910755148742,31.69336384439359,82.49427917620137,89.58810068649885,46.96449026345933,57.241868304408115,31.379310344827587,56.185788684605065
4129,聯合,醫療耗材,87.3,-0.9080590238365494,10401656.91,True,0.215633423180593,96.83168316831683,17.08,2026-06-01,False,95.83333333333334,-0.9080590238365462,-0.13060384649414303,66.6412213740458,1.0299999999999976,95.0228832951945,40.73226544622426,6.064073226544623,29.176201372997713,39.289805269186715,42.05704572202957,40.632183908045974,56.02475078250349
2031,新光鋼,基本金屬,46.1,-0.5393743257820938,99167153.51500002,True,11.138161898965308,78.87788778877888,7.82,2026-06-01,False,82.92682926829268,12.576312576312572,0.11892208967069552,99.13978494623656,0.5166666666666684,83.86727688787185,84.89702517162472,83.7528604118993,97.7116704805492,37.45704467353952,77.53717552509691,27.011494252873565,55.92335411241747
6716,應廣,半導體,122.5,-7.8947368421052655,74237327.005,True,50.44871794871795,45.808580858085804,60.58,2026-06-01,False,58.46153846153847,48.66504854368931,0.12299971242385138,89.0909090909091,16.156666666666673,59.49656750572082,99.08466819221968,84.89702517162472,82.72311212814645,78.35051546391753,80.91037769232584,80.3448275862069,55.869959756963624
6679,鈺太,半導體,196.5,-0.7575757575757569,65492939.925,True,2.9842342342342345,86.2046204620462,9.93,2026-06-01,False,92.3076923076923,-11.085972850678733,-0.025914538306045735,56.87409551374819,-1.0700000000000003,92.21967963386729,8.810068649885583,33.75286041189931,10.526315789473683,32.98969072164948,35.659723041355065,29.540229885057474,55.86903916462821
1815,富喬,印刷電路板,107.5,-4.01785714285714,3477083936.45,True,51.271617497456766,44.884488448844884,46.36,2026-06-01,False,76.74418604651163,42.952127659574465,0.08593104893040775,84.64566929133859,-3.4466666666666725,77.80320366132723,98.62700228832952,78.37528604118992,71.395881006865,27.376861397479956,70.71564687903832,72.06896551724138,55.66026197427602
6122,擎邦,工程承攬,48.65,1.565762004175375,12586567.9175,True,31.61111111111111,60.59405940594059,20.25,2026-06-01,False,50.0,-3.4722222222222223,-0.007219166882371253,77.59170653907496,24.19333333333333,51.25858123569794,29.51945080091533,42.21967963386727,55.94965675057209,87.7434135166094,53.3381563875324,44.827586206896555,55.62909334806282
2413,環科,電子零組件,43.05,-1.7123287671232834,37758205.44499999,True,0.0,99.07590759075907,33.55,2026-06-01,False,100.0,6.296296296296289,0.06657660591855306,68.88,3.2366666666666646,98.68421052631578,72.42562929061785,72.76887871853546,34.66819221967963,46.84994272623138,65.07937069627602,61.37931034482759,55.57652095005129
1402,遠東新,人纖,29.45,-2.9654036243822124,541704168.3025,True,18.652291105121293,71.88118811881188,12.06,2026-06-01,False,66.66666666666666,7.285974499089254,0.386667850919734,97.03459637561778,-3.2200000000000006,68.19221967963387,74.37070938215103,99.65675057208237,95.76659038901602,28.06414662084765,73.2100833287462,32.64367816091954,55.557944711854596
4931,新盛力,電子零組件,252.0,-9.999999999999998,1298542037.225,True,76.06382978723404,24.554455445544555,145.09,2026-06-01,False,37.58389261744966,24.137931034482758,0.0663821981416725,90.0,4.719999999999999,38.329519450800916,94.39359267734554,72.65446224256293,83.98169336384439,52.57731958762887,68.38731746443653,94.13793103448276,55.51388779294563
6592,和潤企業,租賃,61.2,-0.4878048780487809,25731972.77,True,1.96319018404908,87.78877887788778,-6.2,2026-06-01,False,87.70161290322581,1.1570247933884343,0.1417778589926196,86.68555240793202,-2.2,87.98627002288329,52.745995423340965,88.558352402746,76.20137299771167,30.355097365406642,67.16941764241771,9.770114942528735,55.302940634945685
3051,力特,光電及I/O,23.05,1.9911504424778625,11629377.675,True,41.673003802281364,52.93729372937294,42.47,2026-06-01,False,56.16438356164384,1.766004415011047,0.1291198130605703,74.83766233766234,18.016666666666666,57.66590389016019,55.72082379862701,85.92677345537757,49.4279176201373,80.87056128293241,65.9223960094469,69.3103448275862,55.17083563481417
7786,東方風能,海運,121.5,-0.4098360655737654,26179110.75,True,0.0,99.07590759075907,18.58,2026-06-01,False,100.0,-5.078125,0.0908467394572927,42.78169014084507,-17.613333333333337,98.68421052631578,22.76887871853547,79.40503432494279,1.7162471395881007,10.538373424971363,42.6225488268707,42.298850574712645,54.982607380520264
4583,台灣精銳,機械,471.0,0.0,118398184.425,True,54.162679425837325,42.11221122112212,29.98,2026-06-01,False,51.42857142857142,-18.65284974093264,0.23174935505277575,57.93357933579336,6.006666666666668,52.974828375286044,1.8306636155606408,96.79633867276888,11.670480549199084,57.159221076746846,44.0863064579123,57.068965517241374,54.970902706541466
6446,藥華藥,藥,1475.0,5.35714285714286,5035066048.0,True,60.251798561151084,37.82178217821782,94.88,2026-06-01,False,28.888888888888886,23.430962343096233,0.01612504676945532,96.40522875816994,4.313333333333333,29.290617848970253,94.05034324942791,54.004576659038904,94.8512585812357,51.431844215349365,64.72572811080443,89.54022988505747,54.90794076645888
6491,晶碩,醫療耗材,366.0,-1.6129032258064502,208692807.175,True,23.132098027495516,67.59075907590758,33.94,2026-06-01,False,38.88888888888889,8.284023668639055,0.18923268754833053,96.56992084432717,3.756666666666664,39.3020594965675,77.11670480549199,94.05034324942791,95.08009153318078,49.25544100801833,70.96092801853732,62.18390804597701,54.862338567558325
2542,興富發,建設,48.3,-1.0245901639344246,387940467.53999996,True,27.92452830188679,63.300330033003306,16.47,2026-06-01,False,63.1578947368421,11.034482758620683,0.27239039690262007,98.97540983606558,-2052.976666666667,64.18764302059496,82.2654462242563,99.08466819221968,97.48283752860412,0.3436426116838488,68.67284751547177,39.88505747126437,54.822522949051795
3022,威強電,電腦及週邊,93.8,3.9911308203991025,400215834.975,True,79.19137466307278,22.64026402640264,79.97,2026-06-01,False,22.033898305084744,2.290076335877856,0.042849452098024356,83.00884955752213,23.75333333333333,21.73913043478261,58.35240274599543,64.07322654462243,68.76430205949656,87.5143184421535,60.088676045410104,87.01149425287356,54.79063100028933
6214,精誠,資訊服務,179.5,0.0,712414887.65,True,43.61185983827493,51.74917491749175,76.9,2026-06-01,False,27.659574468085108,23.367697594501717,0.08483434898564153,99.72222222222223,26.556666666666672,27.80320366132723,93.93592677345538,77.91762013729976,98.62700228832952,88.77434135166094,77.41161884241458,86.66666666666667,54.79023646071701
6561,是方,通信網路,321.0,-1.078582434514641,18035691.875,True,2.587601078167116,86.96369636963696,10.18,2026-06-01,False,88.23529411764706,-0.3105590062111801,0.010409250749681789,72.95454545454545,15.64,88.38672768878718,44.62242562929062,50.34324942791763,45.53775743707094,77.54868270332189,61.287768577277646,29.770114942528735,54.768043609774054
2030,彰源,基本金屬,23.0,3.139013452914785,64437078.6875,True,40.30100334448161,53.99339933993399,33.89,2026-06-01,False,53.65853658536586,32.947976878612714,0.1447530512610759,100.0,6.933333333333334,54.91990846681922,97.1395881006865,89.01601830663616,99.37070938215103,60.48109965635739,80.18546478253006,61.839080459770116,54.74752755201347
2348,海悅,建設,71.6,-1.1049723756906271,40738822.25000001,True,91.42857142857143,11.18811881188119,247.66,2026-06-01,False,5.263157894736842,-7.9691516709511605,-0.0740406184777326,68.51674641148325,210.90666666666667,3.6041189931350117,15.217391304347828,14.530892448512587,33.75286041189931,98.85452462772051,33.19195755712305,96.7816091954023,54.7302993240222
2436,偉詮電,半導體,63.2,0.4769475357710773,298721864.89000005,True,0.431266846361186,93.63036303630363,18.28,2026-06-01,False,98.46153846153847,8.59106529209622,0.032739884530674064,78.50931677018635,-6.676666666666666,96.68192219679635,77.80320366132723,59.95423340961098,58.12356979405035,19.358533791523485,62.384292570661685,41.724137931034484,54.681606565138495
2420,新巨,電子零組件,57.2,-0.5217391304347729,37414582.79,True,63.07277628032345,35.31353135313531,10.73,2026-06-01,False,57.04697986577181,0.527240773286475,0.14840791395545092,87.59571209800919,8.393333333333334,58.12356979405035,49.19908466819222,89.35926773455377,79.06178489702516,64.26116838487972,68.00097509574024,30.45977011494253,54.61151003445645
2637,慧洋-KY,海運,97.1,-4.803921568627456,455544345.80999994,True,58.328840970350406,39.40594059405941,57.92,2026-06-01,False,36.36363636363637,17.982989064398538,0.14588800539957322,95.19607843137254,16.24666666666667,36.670480549199084,90.73226544622426,89.13043478260869,93.13501144164759,78.69415807560138,77.6724700590562,79.08045977011494,54.53842157868434
6805,富世達,電子零組件,1710.0,-3.116147308781869,3271085651.75,True,9.171597633136095,80.13201320132013,32.66,2026-06-01,False,93.95973154362416,17.525773195876287,0.007131410110510962,77.20090293453724,-10.31666666666667,93.59267734553775,90.61784897025171,49.19908466819222,55.034324942791756,15.578465063001145,60.80448019795492,60.0,54.50228832951945
2108,南帝,橡膠原料,30.25,-3.6624203821655987,35506758.627500005,True,51.967654986522916,44.35643564356436,31.78,2026-06-01,False,44.354838709677416,8.228980322003581,0.2520232595402881,94.09020217729393,0.11333333333333329,44.8512585812357,76.88787185354691,97.94050343249427,91.07551487414187,36.19702176403207,69.39043410109016,58.9655172413793,54.501104710802494
1514,亞力,電機製品,101.5,-0.9756097560975618,137933266.875,True,63.77358490566037,34.71947194719472,39.69,2026-06-01,False,45.45454545454545,-3.7914691943127963,-0.0033355356649054056,67.89297658862876,23.363333333333333,46.28146453089245,27.80320366132723,44.16475972540046,32.265446224256294,87.17067583046965,47.53710999446921,67.24137931034483,54.496271601041585
2520,冠德,建設,36.45,-0.9510869565217184,55032636.705,True,79.18978912319645,22.706270627062704,52.31,2026-06-01,False,17.543859649122805,3.257790368271971,0.16976708930814796,90.67164179104478,-4.896666666666668,16.819221967963387,62.35697940503433,91.30434782608695,85.58352402745996,23.711340206185564,55.95508268654605,76.66666666666667,54.17810831426392
6121,新普,電子零組件,391.0,0.773195876288657,391402844.975,True,38.70619946091644,55.57755775577557,11.5,2026-06-01,False,77.18120805369128,3.7135278514588856,0.25482531087200216,83.63636363636363,4.8500000000000005,78.26086956521739,64.07322654462243,98.2837528604119,70.13729977116705,52.92096219931272,72.73522218814631,31.494252873563216,53.954798916331306
2374,佳能,消費性電子,67.1,-2.0437956204379604,197559850.86,True,20.22932022932023,70.16501650165017,18.97,2026-06-01,False,89.47368421052632,-1.4684287812041117,0.014215623821557813,62.71028037383177,-17.47,89.58810068649885,38.100686498855836,52.8604118993135,21.16704805491991,10.767468499427263,42.49674312780307,43.04597701149425,53.9251098135143
1608,華榮,電纜,36.7,2.3709902370990354,231113001.6875,True,0.646830530401035,92.07920792079209,13.35,2026-06-01,False,90.9090909090909,24.40677966101696,0.14945310102261336,90.5055487053021,3.6099999999999994,90.61784897025171,94.62242562929062,89.58810068649885,84.89702517162472,48.56815578465063,81.65871124846329,34.25287356321839,53.78633051895105
6117,迎廣,電子零組件,61.0,-0.16366612111292644,14800977.859999996,True,5.486542443064183,82.83828382838284,-11.35,2026-06-01,False,95.30201342281879,-10.688140556368957,-0.09136513182890488,63.67432150313152,-7.3533333333333335,94.62242562929062,9.496567505720824,10.983981693363845,23.569794050343248,18.556701030927837,31.44589398192927,6.091954022988506,53.69690154922539
4114,健喬,藥,30.25,-0.9819967266775809,35180843.8275,True,25.067385444743934,65.87458745874586,30.68,2026-06-01,False,46.666666666666664,2.5423728813559325,0.1365108759483439,82.76333789329686,11.643333333333334,47.88329519450801,59.839816933638446,87.52860411899313,68.07780320366132,70.9049255441008,66.84688899898035,57.931034482758626,53.51307898682238
9939,宏全,塑膠製品,134.5,0.3731343283582156,254962121.975,True,37.03504043126685,56.63366336633663,12.13,2026-06-01,False,56.51881720430107,4.263565891472868,0.20116353647025526,93.07958477508652,-0.033333333333333215,57.89473684210527,66.47597254004577,94.8512585812357,89.47368421052632,35.62428407789233,68.86398725036108,32.758620689655174,53.41276730056024
2357,華碩,電腦及週邊,923.0,0.21715526601520097,4165759556.7,True,53.58490566037736,42.83828382838284,55.63,2026-06-01,False,38.983050847457626,21.44736842105263,0.22836073128621356,92.67068273092369,18.75,39.588100686498855,92.5629290617849,96.68192219679635,88.32951945080092,81.78694158075601,79.78988259532738,78.27586206896552,53.4076382861201
2312,金寶,電腦及週邊,31.75,2.254428341384851,493515101.89,True,42.790426152948044,52.14521452145215,32.7,2026-06-01,False,47.45762711864407,-0.6259780907668209,0.07153748102750558,73.15668202764977,25.663333333333334,48.8558352402746,41.64759725400457,74.25629290617849,45.9954233409611,88.43069873997709,59.837169496279174,60.17241379310345,53.344018780083644
3003,健和興,電子零組件,63.9,-1.5408320493066396,77175023.51500002,True,77.89757412398922,23.432343234323433,36.15,2026-06-01,False,36.241610738255034,6.499999999999997,0.1346287265974684,90.63829787234042,-1.056666666666672,36.38443935926773,72.65446224256293,87.07093821510298,85.35469107551488,33.10423825887743,62.91375383026519,64.08045977011494,53.291281990583656
5269,祥碩,半導體,1400.0,-1.0600706713780883,1141539796.5,True,1.940700808625337,87.92079207920793,-22.41,2026-06-01,False,93.07692307692308,1.083032490974729,0.08052766541262703,83.33333333333334,-2.623333333333335,92.79176201372998,52.059496567505725,76.65903890160183,69.27917620137299,29.20962199312715,63.99981913546753,2.9885057471264367,53.24998684868092
7749,意騰-KY,半導體,382.0,9.928057553956826,49374843.675,True,8.873720136518772,80.26402640264027,64.48,2026-06-01,False,90.0,6.853146853146853,-0.008917550676020495,59.224806201550386,5.259999999999998,89.93135011441647,73.22654462242562,41.30434782608695,13.615560640732266,53.72279495990836,54.36011963271393,82.29885057471265,53.15480417685894
6133,金橋,電子零組件,22.4,0.9009009009008917,12967902.067499999,True,3.908355795148248,84.62046204620462,15.35,2026-06-01,False,95.9731543624161,7.692307692307682,0.07238476646901866,77.3747841105354,8.033333333333333,95.19450800915332,75.62929061784897,74.8283752860412,55.60640732265446,63.230240549828174,72.89776435710523,37.12643678160919,53.074515373892005
2883,凱基金,金融控股,31.0,-1.7432646592710044,1391154568.3449998,True,94.33962264150944,7.590759075907591,,2026-06-01,False,15.384615384615385,0.9771986970684062,0.1750402505072704,97.94628751974724,-55.833333333333314,14.130434782608695,51.37299771167048,92.10526315789474,96.33867276887872,3.5509736540664374,51.49966841502381,,53.03203661327231
6277,宏正,光電及I/O,81.2,0.12330456226881115,53001839.55,True,87.54716981132076,14.323432343234325,35.12,2026-06-01,False,21.91780821917808,2.9150823827629875,0.24475912535103428,92.80000000000001,16.173333333333332,21.62471395881007,61.327231121281464,97.7116704805492,88.558352402746,78.46506300114548,69.53740619290645,63.2183908045977,53.01855651121807
3035,智原,半導體,170.0,0.2949852507374562,830385272.425,True,91.32075471698113,11.287128712871288,26.57,2026-06-01,False,18.461538461538463,-15.211970074812967,-0.000371722544263485,72.96137339055794,47.11,17.96338672768879,4.118993135011442,45.4233409610984,45.766590389016024,94.73081328751431,41.600624900065796,52.18390804597701,52.9487230069176
4961,天鈺,半導體,165.0,-0.6024096385542133,98847054.725,True,72.2911051212938,28.316831683168314,24.76,2026-06-01,False,38.46153846153847,3.7735849056603774,0.23251819776153837,91.41274238227147,17.59,39.07322654462242,64.30205949656751,97.02517162471396,87.18535469107552,80.18327605956472,73.55381768330884,49.770114942528735,52.93165917041479
2010,春源,基本金屬,22.8,-0.6535947712418277,33899418.03,True,3.1805929919137466,85.7095709570957,-0.43,2026-06-01,False,90.2439024390244,7.801418439716324,0.20248677135806747,88.37209302325581,-0.6966666666666667,90.04576659038902,75.85812356979405,94.96567505720824,80.89244851258582,33.90607101947308,75.13361694989004,16.436781609195403,52.87921828559405
6426,統新,通信網路,238.5,-1.0373443983402453,334627907.125,True,53.40050377833753,42.97029702970297,103.04,2026-06-01,False,49.01960784313725,39.067055393586,-0.00429978717532071,82.66897746967071,19.836666666666673,50.11441647597255,98.2837528604119,43.36384439359268,67.96338672768879,83.61970217640321,68.66902052681382,90.80459770114942,52.64966201109972
6719,力智,半導體,191.5,-1.033591731266148,243872459.675,True,15.232974910394265,74.91749174917491,-3.56,2026-06-01,False,85.38461538461539,-13.93258426966292,-0.03325805196149225,61.28,4.866666666666665,86.04118993135012,5.606407322654462,30.892448512585812,18.192219679633865,53.03550973654067,38.75355503655298,11.839080459770116,52.61652068702491
4949,有成精密,光電及I/O,70.0,0.2865329512893977,46665600.715,True,21.766561514195583,68.9108910891089,68.69,2026-06-01,False,68.4931506849315,5.263157894736842,-0.015949879130192964,64.81481481481481,22.53666666666666,70.48054919908466,69.67963386727689,38.901601830663616,25.74370709382151,85.91065292096219,58.14322898236178,83.9080459770115,52.61316710066019
4736,泰博,醫療耗材,140.5,-1.403508771929829,47143208.575,True,2.3180592991913747,87.12871287128714,2.09,2026-06-01,False,69.44444444444444,7.251908396946565,0.16999789977108826,96.56357388316151,8.469999999999999,71.395881006865,74.14187643020595,91.4187643020595,94.96567505720824,64.49026345933562,79.28249205113485,18.2183908045977,52.60951760961625
6292,迅德,電子零組件,61.2,-0.649350649350644,22501960.965,True,46.684636118598384,48.84488448844885,20.24,2026-06-01,False,75.16778523489933,16.793893129771,0.03245264236503418,87.55364806866952,-22.33666666666667,76.77345537757438,89.93135011441647,59.610983981693366,78.83295194508008,8.47651775486827,62.725051834726514,44.712643678160916,52.59692522159972
3013,晟銘電,電子零組件,84.9,2.4125452352231624,95621501.645,True,23.59405300581771,67.12871287128714,26.51,2026-06-01,False,85.90604026845638,0.0,0.08325275173733808,60.642857142857146,3.5500000000000043,86.61327231121282,45.9954233409611,77.4599542334096,17.391304347826086,48.22451317296678,55.13689348127529,52.06896551724138,52.5195297088298
6605,帝寶,汽車組件,139.5,-1.4134275618374548,64166306.0,True,9.380053908355796,80.0,4.45,2026-06-01,False,89.1891891891892,5.283018867924529,0.15139583855299382,83.03571428571429,6.38,89.35926773455377,69.79405034324942,90.04576659038902,68.8787185354691,58.6483390607102,75.3452284528743,21.49425287356322,52.484547200084165
4127,天良,藥,85.3,-3.6158192090395502,44902922.24999999,True,49.43820224719101,46.46864686468647,41.38,2026-06-01,False,33.33333333333333,10.206718346253218,0.13228035026040244,92.41603466955578,-3.68333333333333,33.75286041189931,80.66361556064074,86.49885583524028,88.21510297482837,26.34593356242841,63.09527366900742,68.50574712643677,52.452523738130935
1723,中碳,其他化學,88.4,0.11325028312572094,50973199.92,True,83.39622641509435,18.448844884488448,32.12,2026-06-01,False,12.5,2.314814814814815,0.1071620821210346,98.22222222222223,-11.700000000000003,11.670480549199084,58.69565217391305,81.92219679633868,96.68192219679635,14.432989690721648,52.68064828139376,59.54022988505747,52.29924511428496
2059,川湖,金屬製品,14410.0,7.657825924542405,6787864894.75,True,99.83827493261455,0.825082508250825,220.52,2026-06-01,False,14.285714285714285,74.13897280966766,0.04439222616986834,100.0,63.28333333333333,13.443935926773456,100.0,64.64530892448512,99.37070938215103,96.44902634593356,74.78179611586863,96.20689655172414,52.255385465162156
4952,凌通,半導體,50.6,-0.7843137254901933,27070104.1175,True,80.05390835579514,21.65016501650165,50.03,2026-06-01,False,30.0,4.329896907216497,-0.0483013243695284,83.63636363636364,23.143333333333334,30.09153318077803,66.5903890160183,24.82837528604119,70.25171624713958,86.94158075601375,55.74071889719818,75.0,52.18821510297482
3716,中化控股,藥,36.1,-1.6348773841961872,20105556.35,True,1.4124293785310735,89.10891089108911,-5.39,2026-06-01,False,77.77777777777779,8.408408408408421,0.09884076559530915,98.36512261580381,-0.043333333333333,78.66132723112128,77.4599542334096,80.54919908466819,96.79633867276888,35.50973654066438,73.79531115252647,10.344827586206897,52.08563481417186
6933,AMAX-KY,電腦及週邊,194.5,4.851752021563338,103018888.65,True,26.587887740029544,64.68646864686468,26.6,2026-06-01,False,72.88135593220339,20.80745341614907,0.06051929850688256,84.93449781659389,-23.383333333333326,75.05720823798627,92.10526315789474,70.36613272311213,72.19679633867277,7.789232531500573,63.50292659783329,52.4712643678161,51.9050014466451
3360,尚立,電子通路,15.35,-2.2292993630573243,14149080.85,True,99.21182266009852,2.838283828382838,95.16,2026-06-01,False,1.9230769230769231,-8.358208955223882,-0.002822170033712332,67.17724288840262,22.809999999999988,0.8009153318077803,13.729977116704806,44.50800915331808,30.778032036613272,86.25429553264605,35.214245834218005,89.65517241379311,51.87603566637734
3141,晶宏,半導體,72.3,2.553191489361706,67434991.69000001,True,39.269141531322504,55.115511551155116,10.85,2026-06-01,False,71.53846153846153,7.111111111111107,0.19549639180815034,86.89903846153845,-2.5666666666666664,73.56979405034325,73.79862700228833,94.62242562929062,77.00228832951946,29.3241695303551,69.66346090835934,30.632183908045977,51.85140982140509
6187,萬潤,電子設備,1205.0,0.8368200836819994,4344608772.85,True,83.39622641509435,18.448844884488448,87.06,2026-06-01,False,31.818181818181817,16.425120772946862,0.06225265602193875,86.6906474820144,34.73666666666667,32.09382151029748,89.58810068649885,70.82379862700229,76.31578947368422,92.09621993127148,72.18354604575087,88.27586206896552,51.774343091612096
3665,貿聯-KY,電子零組件,2050.0,-9.890109890109889,7675884151.0,True,95.5256064690027,6.1716171617161715,63.79,2026-06-01,False,12.751677852348994,-4.651162790697675,-0.07956710299230184,69.72789115646259,22.563333333333333,11.899313501144166,24.71395881006865,13.157894736842104,37.75743707093822,86.02520045819016,34.710760915436666,81.95402298850574,51.72420368762987
2615,萬海,海運,124.5,0.0,3036369038.1,True,53.974654377880185,42.37623762376238,32.7,2026-06-01,False,45.45454545454545,48.214285714285715,0.20599259769658532,100.0,9.816666666666666,46.28146453089245,98.97025171624713,95.08009153318078,99.37070938215103,67.58304696449026,81.45711282539233,60.17241379310345,51.71358399747495
3441,聯一光,消費性電子,112.5,5.1401869158878455,2043430464.7100003,True,71.02069950035688,29.108910891089106,73.63,2026-06-01,False,21.052631578947366,59.12305516265912,0.0011200051874376282,100.0,18.72333333333333,20.938215102974826,99.65675057208237,46.338672768878716,99.37070938215103,81.67239404352806,69.595348373923,85.74712643678161,51.59982508745627
1558,伸興,機械,102.5,2.499999999999991,13005096.555,True,41.671159029649594,53.03630363036304,7.56,2026-06-01,False,68.57142857142857,14.52513966480447,0.14934739983279807,98.08612440191388,1.8399999999999999,70.59496567505721,87.64302059496568,89.47368421052632,96.45308924485126,41.23711340206185,77.08037462549245,26.436781609195403,51.46045398353455
6568,宏觀,半導體,125.0,-0.7936507936507908,14792847.95,True,28.948787061994608,62.772277227722775,11.01,2026-06-01,False,79.23076923076923,-11.347517730496454,0.13029292650862984,45.62043795620438,2.073333333333334,80.66361556064074,8.466819221967963,86.04118993135012,2.402745995423341,42.7262313860252,44.06012041908147,30.862068965517242,51.36540282490334
3023,信邦,電子零組件,318.0,-0.15698587127158659,413744256.575,True,66.79245283018868,32.244224422442244,17.59,2026-06-01,False,49.664429530201346,9.090909090909092,0.12375719952493694,94.50222882615155,0.8933333333333309,50.57208237986271,78.604118993135,85.1258581235698,91.76201372997713,38.83161512027492,68.97913766936391,41.14942528735632,51.219850601015295
2613,中櫃,貨運倉儲,23.9,-4.016064257028118,26575784.627499998,True,10.566037735849058,79.47194719471948,5.96,2026-06-01,False,92.85714285714286,14.081145584725535,-0.03478319122388957,86.12612612612612,0.49666666666666615,92.50572082379863,87.07093821510298,30.320366132723116,75.40045766590389,37.22794959908362,64.50508648732244,23.563218390804597,51.09961466635103
1714,和桐,清潔劑,16.65,-2.0588235294117685,311804682.0575,True,17.6536312849162,72.67326732673267,73.41,2026-06-01,False,60.0,15.224913494809684,-0.04471889841931946,73.18681318681318,-3.2466666666666697,60.86956521739131,88.32951945080092,25.97254004576659,46.224256292906176,27.949599083619702,49.86909601809693,85.63218390804597,51.09912149188564
3162,精確,汽車組件,60.8,-0.9771986970684043,41305772.62500001,True,83.2,18.67986798679868,58.73,2026-06-01,False,24.324324324324326,-5.148205928237125,-0.03740184329564247,63.399374348279444,32.019999999999996,23.91304347826087,22.31121281464531,29.40503432494279,22.54004576659039,91.40893470790378,37.915654218468624,79.77011494252874,50.97799784318367
1434,福懋,成衣,17.75,-1.9337016574585753,44991830.525,True,46.091644204851754,49.306930693069305,-1.45,2026-06-01,False,30.434782608695656,-4.054054054054054,0.06553341401485396,90.7928388746803,-1.1366666666666665,30.549199084668192,27.002288329519452,72.19679633867277,85.92677345537757,32.76059564719358,49.687130571086314,14.25287356321839,50.931639443436175
4306,炎洲,石化,15.2,-0.6535947712418388,16597150.9575,True,62.23306894447834,36.1056105610561,19.9,2026-06-01,False,41.17647058823529,5.190311418685122,0.17132448100532255,91.8429003021148,-8.09333333333333,41.59038901601831,69.45080091533181,91.53318077803205,87.52860411899313,17.64032073310424,61.54865911229591,44.02298850574712,50.92279518135669
9934,成霖,五金及家具,11.25,-1.7467248908296873,20553224.91,True,86.56826568265683,15.643564356435643,29.84,2026-06-01,False,27.27272727272727,6.1320754716981165,0.05732868914707343,93.75,17.36,27.23112128146453,71.96796338672769,68.8787185354691,90.61784897025171,80.06872852233677,67.75287613924996,56.666666666666664,50.636918382913805
3450,聯鈞,通信網路,507.0,-7.985480943738654,5107667236.525,True,80.54116292458261,20.99009900990099,88.18,2026-06-01,False,33.33333333333333,15.753424657534246,0.05020560951122497,82.84313725490196,26.98333333333334,33.75286041189931,88.558352402746,66.81922196796339,68.53546910755148,89.3470790378007,69.40259658559218,88.50574712643679,50.5589310607854
1909,榮成,造紙,10.95,-2.2321428571428603,50490997.300000004,True,80.23952095808383,21.254125412541256,44.1,2026-06-01,False,16.666666666666664,8.955223880597,0.13997138313120308,95.63318777292577,22.83666666666667,15.503432494279176,78.14645308924484,87.98627002288329,93.7070938215103,86.368843069874,72.34241849955832,70.45977011494253,50.380960835371795
3017,奇鋐,電子零組件,2855.0,-0.3490401396160525,13054880249.0,True,84.52830188679246,17.26072607260726,66.11,2026-06-01,False,28.859060402684566,18.958333333333332,0.13522350994840518,88.25347758887172,-0.013333333333335418,29.176201372997713,91.4187643020595,87.18535469107552,80.54919908466819,35.853379152348225,64.83657972062983,82.98850574712644,50.32378547568321
6515,穎崴,半導體,6145.0,-3.9843749999999956,2487267511.75,True,90.2654867256637,11.749174917491748,287.9,2026-06-01,False,20.76923076923077,-3.9093041438623923,-0.0038778119378922293,56.92450208429829,135.16666666666666,20.59496567505721,27.45995423340961,43.82151029748284,10.755148741418765,98.28178694158075,40.18267317778983,97.24137931034483,50.2828848733528
6584,南俊國際,金屬製品,586.0,-0.3401360544217691,463688009.325,True,14.985994397759104,75.18151815181518,40.64,2026-06-01,False,71.42857142857143,12.909441233140656,-0.06093390025291941,72.79503105590062,-0.27666666666666373,73.2837528604119,85.46910755148741,19.221967963386728,45.08009153318078,35.051546391752574,51.62129326004388,68.04597701149426,50.235178463399876
2421,建準,電子零組件,143.5,0.7017543859649145,395528193.725,True,26.522911051212937,64.81848184818482,18.65,2026-06-01,False,84.56375838926175,9.125475285171103,0.18463734624810252,75.72559366754618,2.4599999999999973,85.46910755148741,78.71853546910755,93.13501144164759,51.60183066361556,44.215349369988544,70.62796689916932,42.58620689655173,50.234652410636784
3081,聯亞,半導體,2765.0,-5.308219178082196,7436311095.25,True,84.30583501006036,17.755775577557756,128.14,2026-06-01,False,28.46153846153846,53.18559556786704,0.026902054356861545,87.5,7.35333333333331,28.37528604118993,99.31350114416476,57.32265446224256,78.54691075514874,61.512027491408936,65.01407597883099,93.2183908045977,50.2067716141929
7822,倍利科,電子設備,915.0,-0.32679738562091387,173452223.7,True,5.9405940594059405,82.67326732673267,50.72,2026-06-01,False,92.20779220779221,5.780346820809249,-0.0062299160798923205,50.136986301369866,-18.78,91.9908466819222,71.395881006865,42.90617848970252,4.576659038901601,10.080183276059564,44.18994969869017,75.63218390804597,50.2009521555012
1102,亞泥,水泥製造,34.8,-0.42918454935624295,408496474.4475,True,12.021563342318059,78.38283828382838,-2.21,2026-06-01,False,71.42857142857143,5.135951661631407,0.1260780494360744,89.23076923076923,2.003333333333334,73.2837528604119,69.10755148741418,85.69794050343249,82.83752860411899,42.38258877434135,70.66187244594377,13.563218390804598,50.14423709198032
6189,豐藝,電子通路,49.45,2.8066528066527985,23270053.5875,True,46.846361185983824,48.61386138613861,4.49,2026-06-01,False,55.769230769230774,2.063983488132095,0.21958212102097172,87.36749116607774,2.92,57.20823798627003,56.63615560640732,95.88100686498856,78.03203661327231,46.04810996563574,66.76110940731478,21.60919540229885,50.053328598858464
2383,台光電,印刷電路板,5430.0,-4.401408450704225,13318855122.25,True,95.47169811320755,6.303630363036304,120.69,2026-06-01,False,19.767441860465116,12.77258566978193,0.01535685165142984,85.51181102362204,11.043333333333337,19.393592677345538,85.24027459954233,53.31807780320366,73.4553775743707,69.9885452462772,60.279173580147884,92.52873563218391,50.03435782108946
7712,博盛半導體,半導體,149.5,5.653710247349819,41783618.925,True,51.6209476309227,44.62046204620462,49.37,2026-06-01,False,56.92307692307692,5.6537102473498235,0.036557804283690425,70.02341920374707,31.043333333333333,58.0091533180778,71.05263157894737,61.670480549199084,38.558352402745996,90.83619702176404,64.02536297414686,74.36781609195403,49.970672558457615
6770,力積電,半導體,70.8,3.50877192982455,15821384095.507498,True,70.03257328990227,29.7029702970297,68.75,2026-06-01,False,40.76923076923077,14.378029079159935,0.026880215548681922,79.81961668545658,15.393333333333338,41.18993135011442,87.4141876430206,57.20823798627003,61.89931350114416,77.43413516609394,65.02916112932863,84.02298850574714,49.92451142849628
3037,欣興,印刷電路板,1075.0,-0.9216589861751112,22976354450.8,True,86.46900269541779,15.841584158415841,36.31,2026-06-01,False,39.53488372093023,26.7688679245283,0.12291229780899034,93.88646288209607,4.20333333333334,39.931350114416475,95.65217391304348,84.78260869565217,90.73226544622426,50.74455899198167,72.36859143226361,64.59770114942529,49.90228569925563
2204,中華,汽車製造,54.3,-1.4519056261343088,92408276.145,True,20.964039785768936,69.7029702970297,6.71,2026-06-01,False,69.42204301075269,4.826254826254826,0.18746417966791185,84.84375,4.243333333333334,71.28146453089245,68.76430205949656,93.47826086956522,71.73913043478261,50.97365406643757,71.24736239223488,25.17241379310345,49.85717667482048
1513,中興電,電機製品,164.0,-1.2048192771084376,588081996.675,True,44.31266846361186,50.759075907590756,8.31,2026-06-01,False,54.54545454545454,3.4700315457413247,0.2224402189200733,87.70053475935828,2.380000000000001,55.77803203661327,63.38672768878718,96.22425629290618,79.51945080091534,43.8717067583047,67.75603471550534,27.47126436781609,49.84550487913938
2845,遠東銀,本國銀行,13.6,-0.3663003663003761,131406499.00250001,True,90.45822102425876,11.617161716171617,20.15,2026-06-01,False,11.11111111111111,1.4925373134328304,0.21167202177977626,99.27007299270073,-4.456666666666667,10.011441647597254,54.23340961098398,95.4233409610984,97.82608695652173,24.856815578465064,56.47021895093328,44.48275862068966,49.52171940345617
5243,乙盛-KY,電子零組件,89.3,2.290950744558984,95504289.25999999,True,56.22641509433962,40.66006600660066,38.27,2026-06-01,False,64.42953020134227,3.2369942196531762,0.04394897513841119,66.14814814814814,29.560000000000002,65.44622425629291,62.12814645308925,64.41647597254004,28.14645308924485,90.49255441008019,62.12597083624945,66.4367816091954,49.47532812541098
6781,AES-KY,電子零組件,1045.0,-0.4761904761904745,904343405.4,True,32.24829674489024,60.066006600660074,25.58,2026-06-01,False,79.19463087248322,5.555555555555555,0.16244178072709511,69.66666666666667,4.579999999999998,80.43478260869566,70.59496567505721,90.73226544622426,37.12814645308924,52.004581901489125,66.1789484169111,50.689655172413794,49.414404639785374
6205,詮欣,電子零組件,59.8,-1.4827018121911117,24829055.675,True,65.22911051212938,33.63036303630363,34.36,2026-06-01,False,53.691275167785236,-1.482701812191113,0.12354320700544934,60.89613034623217,31.92,55.034324942791756,37.75743707093822,85.01144164759725,17.84897025171625,91.29438717067583,57.38931221674386,62.52873563218391,49.413648438938424
6464,台數科,有線電視,79.0,0.0,13421235.040000001,True,73.36927223719677,27.095709570957094,-1.29,2026-06-01,False,26.982526881720432,-0.7537688442210985,-0.02317282837178639,98.75,-5.029999999999999,26.65903890160183,41.30434782608695,35.01144164759725,97.25400457665904,23.367697594501717,44.71930610928936,14.597701149425287,49.30159920039981
2206,三陽工業,機車船製造,64.0,-0.4665629860031051,66140779.61999999,True,41.455525606469,53.26732673267327,-13.38,2026-06-01,False,50.0,1.4263074484944511,0.19513990507499016,95.95202398800599,-3.876666666666667,51.25858123569794,53.775743707093824,94.50800915331807,93.93592677345538,25.887743413516613,63.87320085661636,5.402298850574713,49.20526578815855
7714,創泓科技,數位雲端,175.0,-2.2346368715083775,68735632.925,True,65.97938144329896,32.87128712871287,122.9,2026-06-01,False,16.666666666666664,11.11111111111111,-0.0311430651725886,84.33734939759037,78.05666666666667,15.503432494279176,82.6086956521739,31.922196796338675,71.05263157894737,96.90721649484536,59.59883460331689,92.75862068965517,49.17649727767695
6757,台灣虎航,空運,56.0,0.35842293906811484,81774425.435,True,22.73402674591382,68.11881188118812,27.12,2026-06-01,False,67.80913978494624,0.9009009009009009,0.14635752803039723,63.70875995449374,2.0166666666666657,70.0228832951945,50.800915331807786,89.24485125858124,23.684210526315788,42.4971363115693,55.24999934469372,53.79310344827586,49.17482048449459
4968,立積,半導體,90.0,-0.8810572687224627,54445184.235,True,10.409670920080591,79.66996699669967,-1.09,2026-06-01,False,88.46153846153845,-8.16326530612245,0.04394452536742094,54.054054054054056,-2.8600000000000003,88.84439359267735,14.645308924485127,64.30205949656751,7.551487414187644,29.0950744558992,40.887664776763366,14.942528735632186,49.173275204503014
6669,緯穎,電腦及週邊,6300.0,0.7194244604316502,10491069425.25,True,71.23059866962306,28.976897689768975,29.79,2026-06-01,False,27.11864406779661,9.660574412532636,0.006441673109492009,95.16616314199395,3.9166666666666643,26.887871853546912,79.86270022883295,48.970251716247134,93.02059496567506,49.36998854524628,59.622281461909665,56.43678160919541,49.12063704989611
2753,八方雲集,餐飲飯店,188.5,0.26595744680850686,42149434.525,True,7.737104825291182,81.25412541254126,10.85,2026-06-01,False,60.0,6.197183098591549,0.25369594487198094,86.8663594470046,0.14999999999999858,60.86956521739131,72.19679633867277,98.16933638443935,76.65903890160183,36.42611683848797,68.86417073611865,30.632183908045977,48.990997922091594
6261,久元,半導體,78.6,2.0779220779220786,35882516.11,True,62.21024258760109,36.20462046204621,33.71,2026-06-01,False,47.69230769230769,-3.79436964504285,0.17267047894457016,58.876404494382015,20.843333333333334,48.970251716247134,27.68878718535469,91.76201372997713,12.929061784897025,84.7651775486827,53.223058393031735,61.724137931034484,48.98366606170599
3034,聯詠,半導體,542.0,2.264150943396226,2087154360.35,True,84.52830188679246,17.26072607260726,18.96,2026-06-01,False,26.923076923076923,4.633204633204633,0.15641309355973546,95.59082892416225,9.136666666666668,26.54462242562929,67.7345537757437,90.16018306636155,93.59267734553775,65.40664375715922,68.6877360740863,42.87356321839081,48.81907730345353
4119,旭富,藥,51.9,-0.7648183556405286,11668631.705,True,93.55594610427652,8.778877887788779,36.15,2026-06-01,False,8.88888888888889,0.38684719535782536,0.030515229490622107,84.25324675324674,55.30333333333333,7.437070938215102,48.51258581235698,58.924485125858126,70.93821510297484,95.99083619702176,56.36063863528536,64.08045977011494,48.48578999973698
6517,保勝光學,消費性電子,64.1,-2.435312024353131,58942242.325,True,64.71910112359551,33.993399339933994,6.14,2026-06-01,False,36.84210526315789,-4.754829123328385,0.05116923306889425,78.07551766138855,22.126666666666665,37.18535469107552,24.485125858123567,67.16247139588101,56.97940503432495,85.56701030927834,54.27587345773668,24.022988505747126,48.42565559325601
2491,吉祥全,家電製品,38.7,-0.7692307692307665,24836559.345000003,True,0.4206098843322818,93.92739273927393,7.63,2026-06-01,False,83.33333333333334,37.23404255319151,-0.02259633191174616,87.95454545454547,2.833333333333333,84.49656750572082,97.94050343249427,35.35469107551488,80.09153318077803,45.70446735395189,68.71755250969197,26.7816091954023,48.35730161235172
5432,新門,電子零組件,147.0,-2.6490066225165587,22634843.14,True,27.004490057729313,64.15841584158416,18.54,2026-06-01,False,83.89261744966443,25.64102564102564,0.0033477860486532114,79.45945945945945,25.06,85.01144164759725,95.19450800915332,47.48283752860412,60.755148741418765,88.20160366552119,75.32910791845894,42.183908045977006,48.18899760645992
3293,鈊象,資訊服務,721.0,-1.5027322404371546,1584883149.0,True,44.63611859838275,50.46204620462046,17.18,2026-06-01,False,25.53191489361702,0.27816411682892905,0.1414756279712991,85.52787663107948,2.553333333333333,25.286041189931353,47.254004576659035,88.44393592677345,73.56979405034325,44.67353951890035,55.84546305252148,40.804597701149426,48.10160709119124
8942,森鉅,石化,42.45,0.4733727810650956,12848134.4775,True,13.045822102425875,77.02970297029704,-27.3,2026-06-01,False,88.23529411764706,13.806970509383396,0.18886905220737538,92.28260869565219,6.243333333333329,88.38672768878718,86.49885583524028,93.93592677345538,87.98627002288329,58.075601374570454,82.97667633898732,2.528735632183908,48.100719377153524
2535,達欣工,營造,91.0,-0.6550218340611313,36234874.92,True,34.07008086253369,58.745874587458744,19.94,2026-06-01,False,26.666666666666668,5.446118192352263,0.010930949883828494,94.10548086866596,19.6,26.029748283752863,70.13729977116705,51.029748283752866,91.18993135011442,83.27605956471936,64.33255745070132,44.13793103448276,47.80507772429575
2852,第一保,產險,29.2,0.0,15853650.24,True,54.82479784366577,41.65016501650165,-6.81,2026-06-01,False,60.0,8.955223880597009,0.30097795397968113,100.0,-3.7199999999999998,60.86956521739131,78.26086956521739,99.54233409610984,99.37070938215103,26.23138602520046,72.854972857214,9.195402298850574,47.79370183329388
3693,營邦,電子零組件,533.0,3.495145631067964,457327736.2,True,80.67484662576688,20.85808580858086,74.98,2026-06-01,False,33.557046979865774,7.785642062689585,0.0393834895686663,73.21428571428571,38.11666666666667,34.32494279176201,75.74370709382151,62.35697940503433,46.338672768878716,93.12714776632302,62.378289965163916,86.20689655172413,47.781701254635834
2905,三商,百貨批發,17.3,-1.9830028328611804,27167516.122500002,True,13.20754716981132,76.83168316831683,-19.95,2026-05-01,False,66.66666666666666,7.120743034055741,0.16017567690542162,95.58011049723757,-111.84666666666666,68.19221967963387,73.91304347826086,90.50343249427918,93.47826086956522,1.6036655211912942,65.53812440858609,3.3333333333333335,47.77269260106789
1623,大東電,電纜,198.0,-1.4925373134328401,22381190.025,True,17.142857142857142,73.13531353135313,13.63,2026-06-01,False,54.54545454545454,-9.58904109589041,-0.23546497674871605,58.235294117647065,22.886666666666667,55.77803203661327,11.670480549199084,1.2585812356979404,12.242562929061783,86.5979381443299,33.509518978980395,34.59770114942528,47.736953891475316
2395,研華,電腦及週邊,658.0,1.3867488443759735,3066116468.55,True,98.7601078167116,3.1683168316831685,73.39,2026-06-01,False,1.694915254237288,14.038128249566725,0.03693703504101886,94.26934097421203,26.68999999999999,0.6864988558352403,86.95652173913044,61.784897025171624,91.53318077803205,88.88888888888889,65.96999745741164,85.51724137931035,47.6950998185118
4721,美琪瑪,其他化學,72.9,-0.4098360655737654,31832519.9,True,3.639618138424821,84.95049504950495,-19.35,2026-06-01,False,93.75,0.6906077348066298,-0.11535738025089527,72.17821782178218,-2.9733333333333327,93.36384439359267,50.22883295194508,8.009153318077804,43.82151029748284,28.865979381443296,44.85786406850834,3.5632183908045976,47.62993503248376
6244,茂迪,光電及I/O,24.55,0.0,69624152.585,True,61.98786039453717,36.56765676567657,65.82,2026-06-01,False,42.465753424657535,4.468085106382982,0.11193124376178856,67.63085399449037,26.919999999999995,42.79176201372998,67.27688787185355,82.6086956521739,31.80778032036613,89.1179839633448,62.72062196429367,82.8735632183908,47.54905442015834
1795,美時,藥,196.0,-0.2544529262086481,269573823.4,True,15.417789757412399,74.62046204620462,225.46,2026-06-01,False,57.77777777777777,6.521739130434782,0.09577795891182082,53.994490358126725,108.40666666666667,58.924485125858126,72.88329519450801,80.09153318077803,7.322654462242563,98.05269186712485,63.45493196610231,96.43678160919539,47.45015650069701
6532,瑞耘,電子設備,90.0,4.772991850989516,42434852.309999995,True,15.417789757412399,74.62046204620462,18.65,2026-06-01,False,83.11688311688312,30.813953488372096,-0.048172140495317595,78.94736842105263,-8.220000000000006,84.21052631578947,96.45308924485126,25.057208237986274,59.382151029748286,17.525773195876287,56.52574960485032,42.58620689655173,47.43144874930955
2832,台產,產險,60.7,-1.300813008130075,12022177.120000001,True,64.90566037735849,33.79537953795379,7.27,2026-06-01,False,40.0,7.243816254416964,0.1580485100893039,98.69918699186992,-10.106666666666666,40.33180778032037,74.02745995423341,90.2745995423341,97.02517162471396,16.036655211912944,63.53913882270295,26.321839080459768,47.41283963281518
2603,長榮,海運,250.5,-0.3976143141153132,3390637950.6,True,69.01893287435456,30.75907590759076,30.01,2026-06-01,False,27.27272727272727,23.095823095823096,0.41892803925435784,99.60238568588468,8.033333333333331,27.23112128146453,93.7070938215103,99.88558352402745,98.51258581235697,63.115693012600225,76.49041549039188,57.35632183908046,47.34823377784792
1904,正隆,造紙,25.75,0.1945525291828787,76673451.89750001,True,50.56603773584906,45.70957095709571,-2.09,2026-06-01,False,66.66666666666666,19.489559164733176,0.2898501239591586,100.0,-11.196666666666667,68.19221967963387,91.87643020594966,99.31350114416476,99.37070938215103,14.66208476517755,74.68298903541537,13.67816091954023,47.341164943843864
3515,華擎,電腦及週邊,221.0,1.1441647597254079,162914278.725,True,32.2911051212938,60.0,47.6,2026-06-01,False,62.71186440677966,7.542579075425791,0.07001614981543401,65.48148148148148,52.74,63.50114416475973,75.05720823798627,73.56979405034325,27.11670480549199,95.64719358533792,66.97840896878384,73.10344827586206,47.16602225203188
3093,港建*,電子設備,45.2,-1.525054466230924,21370582.48,True,94.93261455525607,6.963696369636964,92.31,2026-06-01,False,10.38961038961039,-4.540654699049627,0.048739202525796,59.7883597883598,86.42333333333333,9.038901601830664,24.94279176201373,66.2471395881007,15.102974828375288,97.0217640320733,42.47071436247874,89.3103448275862,47.127357373944605
9941,裕融,租賃,85.9,0.5854800936768045,86343417.37500001,True,12.291105121293802,78.08580858085809,-4.0,2026-06-01,False,77.95698924731182,4.24757281553398,0.20712862427369852,81.03773584905662,-1.3000000000000003,79.06178489702516,66.36155606407323,95.30892448512586,64.18764302059496,32.07331042382589,67.39864377812901,11.264367816091953,47.03805991740971
3652,精聯,電腦及週邊,33.25,-2.4926686217008887,43055864.56249999,True,6.358059118795315,82.24422442244224,-1.21,2026-06-01,False,88.13559322033898,5.891719745222935,0.01368625965604133,77.8688524590164,-26.45666666666667,88.21510297482837,71.62471395881008,52.288329519450805,56.40732265446224,6.987399770904926,55.10457377569128,14.71264367816092,46.927588837160364
2337,旺宏,半導體,124.0,1.2244897959183598,10588251148.155,True,99.32716568544996,2.706270627062706,216.09,2026-06-01,False,0.7692307692307693,-1.1952191235059761,-0.02543968253457433,66.84636118598382,34.22333333333333,0.2288329519450801,39.359267734553775,34.09610983981693,29.74828375286041,91.98167239404353,39.082833334643944,95.97701149425288,46.64871511612615
1336,台翰,電子零組件,16.75,-0.8875739644970349,10517164.9575,True,88.03234501347708,13.597359735973596,29.61,2026-06-01,False,22.818791946308725,8.414239482200653,0.007401022953303566,90.54054054054053,22.583333333333332,22.54004576659039,77.57437070938215,49.31350114416476,85.01144164759725,86.1397479954181,64.11582145263053,56.09195402298851,46.517267681948496
5439,高技,印刷電路板,239.5,0.0,606858635.825,True,19.67654986522911,71.02310231023102,22.13,2026-06-01,False,90.69767441860465,2.3504273504273505,-0.11389364485565145,54.24688561721405,-13.399999999999995,90.2745995423341,59.03890160183066,8.237986270022883,7.665903890160183,13.287514318442154,35.700981124558,46.89655172413793,46.44953838870039
7792,安葆,電機製品,298.5,1.186440677966094,141120882.175,True,15.441176470588236,74.45544554455445,28.27,2026-06-01,False,81.81818181818183,38.83720930232558,-0.010228402656154547,73.52216748768473,16.66,82.49427917620137,98.16933638443935,40.96109839816934,46.681922196796336,79.15234822451318,69.49179687602391,54.59770114942529,46.401141534495906
3485,敘豐,電子設備,230.0,-2.3354564755838636,39902169.45,True,12.987012987012985,77.22772277227723,22.45,2026-06-01,False,85.71428571428571,3.3707865168539324,-0.012199051018279294,59.50840879689522,6.753333333333332,86.441647597254,62.92906178489702,40.045766590389015,14.416475972540047,59.90836197021764,52.748262783059545,47.241379310344826,46.29261027381047
2009,第一銅,基本金屬,41.9,5.276381909547734,107297313.53000002,True,20.941020543406232,69.76897689768977,15.46,2026-06-01,False,78.04878048780488,12.332439678284187,0.18361538008868517,76.32058287795994,1.8866666666666685,79.29061784897024,84.66819221967964,93.02059496567506,52.8604118993135,41.580756013745706,70.28411458947683,37.58620689655172,46.267261106288956
2015,豐興,基本金屬,64.7,-0.15432098765431057,21050928.19,True,46.846361185983824,48.61386138613861,-9.73,2026-06-01,False,36.58536585365854,0.3100775193798494,0.14302312899672964,91.77304964539007,-0.5099999999999998,37.07093821510298,47.48283752860412,88.90160183066361,87.4141876430206,34.47880870561283,59.06967478460082,7.471264367816093,46.11838817433389
2351,順德,半導體,200.5,9.562841530054644,652807993.625,True,87.6010781671159,14.224422442244226,51.72,2026-06-01,False,24.615384615384617,24.922118380062305,0.01884219979850103,87.55458515283843,14.29,24.02745995423341,94.8512585812357,55.26315789473685,78.94736842105263,75.48682703321879,65.71521437689549,76.32183908045977,46.11135221862753
1907,永豐餘,造紙,31.0,-0.6410256410256387,60268879.552499995,True,56.118598382749326,40.85808580858086,12.66,2026-06-01,False,33.33333333333333,10.516934046345808,0.262692384052546,99.35897435897436,3.1833333333333336,33.75286041189931,81.1212814645309,98.62700228832952,98.05491990846681,46.735395189003434,71.658291852446,33.33333333333333,46.004958047292135
4536,拓凱,其他,171.5,-0.29069767441860517,42538662.675,True,53.15363881401617,43.366336633663366,10.04,2026-06-01,False,37.5,3.625377643504532,0.2699225870599654,87.94871794871794,5.533333333333332,38.100686498855836,63.7299771167048,98.8558352402746,79.9771167048055,55.55555555555556,67.24383422323925,29.655172413793103,46.00074962518741
2485,兆赫,通信網路,42.1,2.933985330073363,199549753.38,True,52.18150087260035,44.09240924092409,80.93,2026-06-01,False,52.94117647058824,3.694581280788177,0.04844319141981486,51.65644171779141,37.43000000000001,54.17620137299771,63.95881006864988,66.13272311212815,5.720823798627003,93.01260022909507,56.60023171629956,87.52873563218391,45.86673768378969
4951,精拓科,半導體,76.8,0.26109660574413773,15177631.005,True,14.130434782608695,75.9075907590759,-3.71,2026-06-01,False,86.15384615384616,-4.832713754646846,0.015306299620718616,54.85714285714286,-2.5533333333333337,86.8421052631579,23.79862700228833,53.08924485125858,8.237986270022883,29.43871706758305,40.28133609086215,11.724137931034482,45.751400615481735
3443,創意,半導體,5365.0,-4.196428571428568,11667064331.75,True,97.46630727762803,3.9933993399339935,103.72,2026-06-01,False,2.6923076923076925,32.46913580246913,0.05408389848196328,91.7094017094017,-27.180000000000007,1.5446224256292906,96.91075514874143,67.62013729977116,87.29977116704805,6.643757159221077,52.0038086400822,90.91954022988506,45.71329466845524
6179,亞通,工程承攬,26.95,-0.9191176470588203,42404747.1825,True,73.35714285714286,27.19471947194719,229.22,2026-06-01,False,16.666666666666664,10.677618069815185,0.11668566390637373,75.49019607843135,89.10999999999999,15.503432494279176,81.6933638443936,83.52402745995423,51.1441647597254,97.13631156930126,65.80026002553073,96.55172413793103,45.376489386885495
2324,仁寶,電腦及週邊,41.6,6.803594351732989,4063171900.4625,True,88.40970350404312,13.267326732673268,58.38,2026-06-01,False,6.779661016949152,11.978465679676994,0.08694892947348393,88.41657810839533,26.313333333333333,5.034324942791762,83.98169336384439,78.71853546910755,81.1212814645309,88.65979381443299,67.50312581094151,79.3103448275862,45.37106446776612
6163,華電網,通信網路,41.75,-0.9489916963226541,54182306.035000004,True,62.53369272237197,35.70957095709571,61.38,2026-06-01,False,45.09803921568628,1.8292682926829267,0.05677976506927333,56.34278002699056,31.44666666666667,45.881006864988564,55.83524027459954,68.42105263157895,9.725400457665904,91.17983963344788,54.20850797245616,80.91954022988506,45.17267681948499
2006,東和鋼鐵,基本金屬,82.5,1.1029411764705843,332212789.21,True,42.23300970873786,52.67326732673268,9.01,2026-06-01,False,46.34146341463415,13.013698630136986,0.2210343309326336,93.22033898305084,5.550000000000001,47.59725400457666,85.58352402745996,95.9954233409611,89.81693363844394,55.784650630011456,74.95555712829062,28.39080459770115,45.05536705331545
9924,福興,五金及家具,38.8,0.910273081924573,10161983.17,True,62.21024258760109,36.20462046204621,-3.73,2026-06-01,False,63.63636363636363,-2.267002518891702,0.1249077666210254,69.90990990990991,-0.5699999999999998,64.64530892448512,34.43935926773455,85.46910755148741,38.100686498855836,34.02061855670103,51.3350161598528,11.609195402298852,44.97895788947632
2915,潤泰全,百貨批發,59.7,-2.2913256955810146,232707325.70999998,True,38.81401617250674,55.37953795379538,12.84,2026-06-01,False,38.88888888888889,15.922330097087384,0.1794997989786483,96.60194174757282,22.96333333333333,39.3020594965675,88.78718535469108,92.67734553775743,95.25171624713958,86.71248568155785,80.5461584635427,33.793103448275865,44.88992345932297
6538,倉和,光電及I/O,193.0,-1.781170483460559,455144600.2,True,95.2248750694059,6.666666666666667,46.5,2026-06-01,False,10.95890410958904,52.569169960474305,0.013477785711955518,98.21882951653944,41.57,9.725400457665904,99.19908466819221,52.059496567505725,96.5675057208238,93.69988545246277,70.25027457333007,72.29885057471265,44.84816802125253
6274,台燿,印刷電路板,1455.0,-2.6755852842809347,8034075762.25,True,95.4177897574124,6.468646864686469,107.72,2026-06-01,False,23.25581395348837,15.936254980079681,-0.05912638832126528,76.57894736842105,-3.673333333333332,23.112128146453088,88.90160183066361,20.137299771167047,53.432494279176204,26.46048109965636,42.408801025423266,91.49425287356323,44.78431836713223
2903,遠百,百貨批發,22.8,0.0,56834303.42,True,39.13746630727763,55.181518151815176,-2.42,2026-06-01,False,33.33333333333333,2.242152466367713,0.117503028477884,93.44262295081968,-2.09,33.75286041189931,58.066361556064074,83.63844393592677,90.16018306636155,30.584192439862544,59.24040828202285,13.218390804597702,44.76626818169863
2636,台驊控股,貨運倉儲,74.6,1.7735334242837686,53372564.089999996,True,84.58221024258759,17.16171617161716,25.18,2026-06-01,False,14.285714285714285,13.201820940819406,0.1424461521819782,100.0,9.733333333333333,13.443935926773456,85.92677345537757,88.78718535469108,99.37070938215103,67.35395189003437,70.9765112018055,50.3448275862069,44.308174859938454
6909,創控,電子設備,40.0,0.0,10281360.057500001,True,12.297734627831716,78.01980198019803,-32.1,2026-06-01,False,88.31168831168831,-3.498190591073589,0.03253387601787347,59.88023952095809,-56.766666666666666,88.558352402746,29.176201372997713,59.839816933638446,15.560640732265446,3.436426116838488,39.314287511697216,1.9540229885057472,44.22420368762987
6213,聯茂,印刷電路板,482.5,-5.945419103313842,6126093329.8,True,98.27493261455525,3.4323432343234326,47.94,2026-06-01,False,11.627906976744185,57.16612377850163,0.09106821204416378,94.05458089668616,17.596666666666664,10.640732265446225,99.54233409610984,79.51945080091534,90.96109839816934,80.29782359679267,72.19228783148668,73.50574712643679,43.89131092348563
6672,騰輝電子-KY,印刷電路板,259.0,-3.1775700934579487,1144485715.375,True,96.42657733109995,4.752475247524752,68.12,2026-06-01,False,16.27906976744186,17.194570135746606,0.014066919502850661,82.22222222222221,21.439999999999998,14.988558352402745,90.38901601830663,52.63157894736842,67.16247139588101,84.9942726231386,62.03317946741949,83.67816091954023,43.86004366237934
5340,建榮,印刷電路板,76.0,-3.307888040712459,234858152.065,True,7.762803234501348,81.15511551155116,25.75,2026-06-01,False,95.34883720930233,10.30478955007256,-0.040425552635037415,56.71641791044776,5.510000000000002,94.73684210526315,80.89244851258582,28.26086956521739,10.297482837528605,55.44100801832761,53.925730207784525,50.919540229885065,43.76535416502275
3219,倚強科,電子設備,76.8,7.2625698324022325,20344169.779999994,True,21.13879003558719,69.43894389438944,26.07,2026-06-01,False,77.92207792207793,24.473257698541317,0.04511005647879084,70.13698630136986,-5.513333333333332,78.94736842105263,94.73684210526315,65.21739130434783,38.787185354691076,22.451317296678123,60.02802089640655,51.724137931034484,43.68046240037876
4938,和碩,電腦及週邊,89.3,0.7900677200902928,1296071754.6299999,True,87.38544474393531,14.653465346534652,15.89,2026-06-01,False,8.47457627118644,2.173913043478251,0.1387588368438875,90.65989847715736,11.676666666666666,6.979405034324943,57.66590389016019,87.87185354691076,85.46910755148741,71.30584192439862,61.85842238945638,38.160919540229884,43.23588205897051
1229,聯華,油脂飼料,41.9,-1.1792452830188704,85752347.49750002,True,32.61455525606469,59.66996699669968,-52.01,2026-06-01,False,50.0,0.4796163069544262,0.1913194530787379,83.13492063492063,-16.593333333333334,51.25858123569794,48.970251716247134,94.16475972540046,69.05034324942791,11.11111111111111,54.9110094075769,1.1494252873563218,43.12202451405876
6829,千附精密,電子設備,215.0,2.3809523809523725,194849326.1,True,91.96675900277008,10.627062706270628,69.4,2026-06-01,False,18.181818181818183,12.860892388451445,0.0498727263664031,77.33812949640287,24.46666666666667,17.73455377574371,85.35469107551488,66.47597254004577,55.49199084668193,87.97250859106529,62.60594336581032,84.13793103448276,43.00244614534837
6873,泓德能源,光電及I/O,68.6,-0.5797101449275477,37433777.67,True,99.40758293838863,2.112211221122112,42.53,2026-06-01,False,4.10958904109589,-19.577960140679956,-0.09332849887657917,41.957186544342505,51.13666666666666,2.631578947368421,1.6018306636155606,10.640732265446225,1.3729977116704806,95.41809851088202,22.33304761979654,69.42528735632185,42.9570083379363
2034,允強,基本金屬,20.5,0.24449877750611915,30686801.0225,True,81.94444444444444,19.735973597359735,22.48,2026-06-01,False,12.195121951219512,6.7708333333333375,0.24631256808061763,90.9090909090909,17.293333333333333,11.212814645308924,72.99771167048054,97.82608695652173,86.09839816933639,79.95418098510882,69.61783848535129,47.356321839080465,42.91745574581131
2355,敬鵬,印刷電路板,41.65,-0.11990407673861947,119872590.72749999,True,37.63260748185371,56.17161716171617,4.44,2026-06-01,False,86.04651162790698,2.083333333333337,0.01893508455813361,62.16417910447761,0.04999999999999982,86.72768878718536,56.75057208237986,55.37757437070938,19.565217391304348,36.08247422680412,50.90070537167661,21.379310344827587,42.73041111023436
3653,健策,電子零組件,5155.0,-4.4485634847080675,8105752921.75,True,98.7601078167116,3.1683168316831685,57.64,2026-06-01,False,4.697986577181208,46.241134751773046,0.07033136085619773,92.05357142857142,16.869999999999997,3.0892448512585813,98.8558352402746,74.02745995423341,87.75743707093821,79.38144329896907,68.62228408313479,78.85057471264368,42.71035534864147
1522,堤維西,汽車組件,28.3,0.891265597147961,14916919.0275,True,81.07816711590297,20.462046204620464,70.02,2026-06-01,False,27.027027027027028,0.35460992907801925,0.1360728813917092,53.59848484848485,15.720000000000006,26.773455377574372,48.05491990846682,87.4141876430206,6.636155606407322,77.77777777777779,49.33129926264938,84.25287356321839,42.401891159683316
2399,映泰,電腦及週邊,47.75,4.48577680525164,293151405.43,True,16.288659793814432,73.86138613861387,-10.32,2026-06-01,False,81.35593220338984,27.333333333333332,0.017106413936968313,86.81818181818181,-30.26,82.03661327231121,95.9954233409611,54.347826086956516,76.5446224256293,5.956471935853378,62.9761914123423,6.896551724137931,42.370591020279335
2468,華經,資訊服務,34.0,-2.99572039942938,16866870.967499997,True,48.03234501347709,47.65676567656766,49.98,2026-06-01,False,21.27659574468085,-1.8759018759018717,0.017796582219053465,56.01317957166392,47.343333333333334,21.16704805491991,35.6979405034325,54.91990846681922,9.038901601830664,94.95990836197021,43.1567413977945,74.82758620689656,42.33389884005365
2221,大甲,基本金屬,63.3,9.895833333333325,19837050.865000002,True,98.7601078167116,3.1683168316831685,34.65,2026-06-01,False,4.878048780487805,30.515463917525764,0.12434842126755076,100.0,11.006666666666664,3.203661327231121,96.33867276887872,85.24027459954233,99.37070938215103,69.87399770904925,70.8054631573705,62.758620689655174,42.24857965753965
7768,頌勝科技,樹脂,290.0,-6.451612903225811,33423968.3,True,6.578947368421052,82.04620462046205,11.91,2026-06-01,False,92.85714285714286,5.454545454545454,0.02620599802863361,59.365404298874104,5.323333333333334,92.50572082379863,70.25171624713958,56.8649885583524,13.844393592677346,54.18098510882016,57.529560866157624,32.298850574712645,42.099312186012256
2850,新產,產險,164.5,-2.3738872403560873,63787469.075,True,99.78436657681941,0.9900990099009901,2.09,2026-05-01,False,20.0,4.113924050632911,0.08887058538457385,97.62611275964392,-26.413333333333334,19.908466819221967,65.78947368421053,79.17620137299771,95.9954233409611,7.101947308132875,53.594302505104835,18.2183908045977,42.08320182014256
2301,光寶科,電子零組件,287.0,9.961685823754785,8962722980.525,True,99.35309973045821,2.4092409240924093,36.98,2026-06-01,False,2.684563758389262,35.37735849056604,0.11895247126387397,100.0,6.629999999999999,1.3729977116704806,97.7116704805492,83.86727688787185,99.37070938215103,59.79381443298969,68.42329377904645,65.17241379310344,42.051112601593935
1605,華新,電纜,38.1,2.144772117962468,1243782939.4249997,True,49.00269541778976,46.831683168316836,29.34,2026-06-01,False,27.27272727272727,16.69218989280246,0.1945362748691923,86.00451467268624,19.866666666666667,27.23112128146453,89.81693363844394,94.27917620137299,74.94279176201373,83.73424971363116,74.00085451938529,55.74712643678161,42.026026460453984
5392,能率,電子零組件,45.9,-0.32573289902280145,121658192.6875,True,55.85980284775466,41.056105610561055,9.16,2026-06-01,False,65.77181208053692,14.03726708074534,0.058560528752799504,78.5958904109589,4.1433333333333335,66.81922196796339,86.8421052631579,69.45080091533181,58.46681922196796,50.51546391752577,66.41888225718937,28.735632183908045,41.79489202767037
1524,耿鼎,汽車組件,27.45,0.0,10509120.139999999,True,53.31536388140161,43.03630363036304,9.81,2026-06-01,False,48.64864864864865,4.372623574144481,0.19768445094710507,76.78321678321677,-0.33000000000000007,49.65675057208238,66.70480549199085,94.73684210526315,53.89016018306636,34.822451317296675,59.96220193393988,29.310344827586203,41.53811252268602
2464,盟立,電子設備,187.5,4.748603351955305,2640924047.975,True,99.69001859888407,1.2541254125412542,43.05,2026-06-01,False,2.5974025974025974,31.57894736842105,0.06946705036996725,94.22110552763819,10.726666666666667,1.2585812356979404,96.5675057208238,73.4553775743707,91.4187643020595,69.5303550973654,66.44611678606347,69.6551724137931,41.44125305768168
1455,集盛,人纖,10.0,-0.990099009900991,12963842.7145,True,47.07692307692308,48.44884488448845,-13.94,2026-06-01,False,55.55555555555556,11.607142857142847,0.09579634762650412,90.9090909090909,-6.65,56.80778032036613,83.06636155606407,80.20594965675058,86.09839816933639,19.473081328751434,65.13031420625373,5.287356321839081,41.281793313869386
3044,健鼎,印刷電路板,450.0,-1.9607843137254943,1962091625.35,True,93.31536388140161,9.33993399339934,41.97,2026-06-01,False,26.744186046511626,15.236875800256081,-0.04818893520454698,78.53403141361257,2.8233333333333306,26.258581235697942,88.44393592677345,24.94279176201373,58.23798627002288,45.58991981672394,48.694643002246394,68.96551724137932,41.254537205081675
6104,創惟,半導體,96.5,1.2591815320041944,50061005.505,True,50.990675990675996,45.28052805280528,5.66,2026-06-01,False,57.692307692307686,3.9870689655172447,0.21305596671717963,74.23076923076923,5.636666666666667,58.75286041189931,65.21739130434783,95.53775743707094,48.16933638443936,55.899198167239405,64.71530874099938,22.988505747126435,41.17332780977932
2609,陽明,海運,64.5,0.78125,3063778734.2799997,True,79.10128388017118,22.904290429042902,20.18,2026-06-01,False,18.181818181818183,26.22309197651663,0.2169813173960251,97.72727272727273,1.4199999999999982,17.73455377574371,95.4233409610984,95.76659038901602,96.10983981693364,39.97709049255441,69.00228308706923,44.59770114942529,40.75468844525106
7751,竑騰,電子設備,1665.0,-3.7572254335260125,569170630.5,True,68.04979253112033,31.617161716171616,67.24,2026-06-01,False,57.14285714285714,32.669322709163346,-0.0011151241347898764,61.32596685082873,3.710000000000001,58.29519450800915,97.02517162471396,45.30892448512586,18.306636155606405,49.026345933562425,53.59245454140356,83.33333333333334,40.72749809305874
8103,瀚荃,電子零組件,97.2,3.404255319148941,159631785.10999998,True,81.18598382749326,20.33003300330033,45.04,2026-06-01,False,32.88590604026846,23.82165605095542,-0.03682892935534693,75.9375,15.376666666666662,33.066361556064074,94.27917620137299,29.63386727688787,52.17391304347826,77.31958762886599,57.294581141333836,71.37931034482759,40.58510218574923
8110,華東,半導體,45.55,0.7743362831858391,281708031.3874999,True,0.2482929857231533,96.43564356435644,16.26,2026-06-01,False,99.23076923076923,10.024154589371978,0.017561072190267497,51.76136363636363,-0.8199999999999967,97.25400457665904,80.43478260869566,54.69107551487414,5.835240274599542,33.79152348224513,54.40132529141469,39.42528735632184,40.519937399721194
2612,中航,海運,60.3,0.16611295681061566,40250888.160000004,True,41.68466522678186,52.87128712871287,11.7,2026-06-01,False,54.54545454545454,16.634429400386836,0.1882360260579456,80.83109919571045,0.7799999999999976,55.77803203661327,89.7025171624714,93.7070938215103,63.84439359267735,38.37342497136312,68.2810923169271,31.839080459770113,40.43974723164733
3518,柏騰,其他電子,27.4,-1.6157989228007263,11241359.975,True,4.024767801857585,84.55445544554455,-42.36,2026-06-01,False,84.40860215053763,4.182509505703414,-0.07388930549588237,70.4370179948586,-4.723333333333329,85.24027459954233,65.90389016018307,14.759725400457665,39.702517162471395,24.398625429553263,46.001006550441545,1.3793103448275863,40.10455298666456
6651,全宇昕,半導體,139.0,-3.1358885017421567,29678604.4,True,74.70326409495549,25.676567656765677,19.46,2026-06-01,False,33.84615384615385,13.46938775510204,-0.010887294024917614,82.24852071005917,6.140000000000001,34.55377574370709,86.38443935926774,40.61784897025172,67.27688787185355,57.61741122565864,57.29007263414775,43.67816091954023,39.781096293958285
8249,菱光,光電及I/O,40.0,-0.4975124378109541,11489574.44,True,87.38544474393531,14.653465346534652,12.5,2026-06-01,False,23.28767123287671,-7.300115874855154,0.22832653490161528,62.30529595015576,-1.2933333333333348,23.226544622425628,17.276887871853546,96.5675057208238,19.908466819221967,32.18785796105384,37.833452599075756,33.10344827586207,39.74039296141403
6108,競國,印刷電路板,23.4,-9.826589595375722,59858682.697500005,True,99.66532797858099,1.3861386138613863,46.33,2026-06-01,False,2.3255813953488373,38.46153846153847,0.1281347292973199,89.99999999999999,8.083333333333336,1.1441647597254003,98.05491990846681,85.81235697940504,83.86727688787185,63.45933562428407,66.46761083195062,71.95402298850576,39.72763618190905
3605,宏致,電子零組件,115.5,6.451612903225801,1210818541.1950002,True,90.36845507433743,11.683168316831685,29.81,2026-06-01,False,19.463087248322147,26.923076923076923,0.07026190073129311,87.5,9.256666666666668,18.993135011441648,95.76659038901602,73.91304347826086,78.54691075514874,66.09392898052691,66.66272172287884,56.55172413793104,39.58129487887635
7795,長廣,電子設備,568.0,0.5309734513274433,647063569.875,True,98.61111111111111,3.3003300330033,62.55,2026-06-01,False,3.896103896103896,41.11801242236025,-0.07403013257714113,85.28528528528528,29.019999999999996,2.2883295194508007,98.39816933638444,14.645308924485127,72.88329519450801,90.26345933562429,55.69571246209053,81.37931034482759,39.53819143060049
4561,健椿,機械,44.3,-0.672645739910327,30079578.3525,True,69.2722371967655,30.23102310231023,43.42,2026-06-01,False,25.71428571428571,23.743016759776538,-0.012835497301816054,77.99295774647888,16.19333333333333,25.400457665903893,94.16475972540046,39.931350114416475,56.75057208237986,78.57961053837343,58.96535002529481,69.88505747126436,39.46783187353691
8289,泰藝,電子零組件,45.2,-2.6910656620021567,29818869.465000004,True,69.18882072256305,30.429042904290426,29.88,2026-06-01,False,46.308724832214764,3.6697247706422047,0.04245475056201248,59.709379128137385,21.75333333333333,47.48283752860412,63.84439359267735,63.95881006864988,14.988558352402745,85.10882016036655,55.07668394054012,56.7816091954023,38.852152870932954
4909,新復興,印刷電路板,37.7,-1.049868766404194,11724979.2025,True,60.357815442561204,37.755775577557756,-11.94,2026-06-01,False,74.4186046511628,-2.2049286640726184,0.18843637333917332,54.01146131805158,-18.229999999999997,76.20137299771167,34.66819221967963,93.82151029748283,7.437070938215102,10.194730813287514,44.46457545327535,5.517241379310345,38.62187327388937
4707,磐亞,清潔劑,35.8,8.814589665653493,161817313.31499997,True,98.38274932614556,3.3663366336633667,30.81,2026-06-01,False,20.0,12.578616352201246,-0.0025601067057926365,79.55555555555554,38.58,19.908466819221967,85.01144164759725,44.73684210526316,60.983981693363845,93.24169530355097,60.776485513799436,58.04597701149425,38.4817459691207
2455,全新,半導體,381.5,-6.034482758620685,4076244734.4,True,90.67385444743935,11.485148514851486,23.55,2026-06-01,False,20.0,16.84532924961715,-0.018318741875552963,85.92342342342343,-12.38666666666666,19.908466819221967,90.16018306636155,38.100686498855836,74.8283752860412,13.974799541809851,47.39450224245808,48.735632183908045,38.32807280570241
2354,鴻準,電子零組件,60.5,0.4983388704318914,858450704.51,True,84.36657681940702,17.656765676567655,10.66,2026-06-01,False,30.201342281879196,7.651245551601418,0.12082221970778292,82.65027322404372,37.10666666666667,30.320366132723116,75.40045766590389,84.21052631578947,67.84897025171624,92.89805269186712,70.13567461159997,30.344827586206897,38.278426576185595
6263,普萊德,通信網路,161.5,-0.9202453987730008,21715677.325,True,83.1266846361186,18.745874587458747,4.21,2026-06-01,False,31.372549019607842,8.02675585284281,0.28197436382802227,85.6763925729443,-3.7233333333333336,31.46453089244851,76.31578947368422,99.19908466819221,74.37070938215103,26.11683848797251,61.49339058088971,21.26436781609195,37.69595465425182
5530,龍巖,靈骨塔,50.4,-0.1980198019801982,17725266.1725,True,66.90026954177898,32.14521452145215,-8.33,2026-06-01,False,32.123655913978496,4.239917269906923,0.18580643806523442,86.59793814432989,0.45000000000000107,32.379862700228834,66.2471395881007,93.24942791762014,75.85812356979405,37.11340206185567,60.969591167519866,8.275862068965518,37.56667718772192
2634,漢翔,機車船製造,68.6,-1.0101010101010166,3068148784.5449996,True,65.17520215633424,33.729372937293725,7.23,2026-06-01,False,16.666666666666664,11.003236245954689,0.02473960510856569,93.58799454297407,-5.553333333333331,15.503432494279176,82.15102974828376,56.40732265446224,90.38901601830663,21.993127147766323,53.28878561261962,26.20689655172414,37.48707882900655
3705,永信,藥,55.8,0.17953321364452268,12269446.709999999,True,79.94609164420486,21.782178217821784,-21.98,2026-06-01,False,20.0,3.717472118959108,-0.05506279161924778,93.93939393939394,-13.076666666666666,19.908466819221967,64.18764302059496,21.39588100686499,90.8466819221968,13.402061855670103,41.948146924909764,3.103448275862069,37.41773849917146
3029,零壹,資訊服務,113.5,2.2522522522522515,154019343.78,True,73.26145552560646,27.32673267326733,13.58,2026-06-01,False,10.638297872340425,9.134615384615383,0.18072073923955448,89.01960784313725,-4.813333333333334,9.382151029748284,78.83295194508008,92.90617848970251,82.2654462242563,24.169530355097365,57.51125160877691,34.48275862068966,36.82435098240354
3406,玉晶光,消費性電子,657.0,0.7668711656441785,1877164186.05,True,53.69272237196766,42.70627062706271,4.51,2026-06-01,False,47.368421052631575,27.079303675048354,0.015395310886497465,84.88372093023256,-15.343333333333332,48.68421052631579,95.88100686498856,53.432494279176204,71.85354691075516,11.912943871706757,56.35284049058849,21.72413793103448,36.595222125779216
1727,中華化,其他化學,90.0,-0.22172949002217113,349524684.5,True,80.22318660880347,21.386138613861387,19.24,2026-06-01,False,18.75,18.421052631578945,0.03757532692265274,86.1244019138756,-4.219999999999999,18.192219679633865,91.07551487414187,61.89931350114416,75.28604118993135,25.31500572737686,54.35361899444562,43.333333333333336,36.43401983218917
5508,永信建,建設,53.3,-0.9293680297397744,16333737.864999998,True,83.39622641509435,18.448844884488448,329.34,2026-06-01,False,12.280701754385964,4.509803921568622,0.14188918173975637,49.81308411214953,166.54333333333332,11.327231121281464,67.50572082379863,88.67276887871853,4.118993135011442,98.51088201603666,54.02711919496934,97.70114942528735,36.41041321444541
5475,德宏,印刷電路板,159.5,-8.595988538681954,1033726833.725,True,85.82995951417004,16.237623762376238,160.08,2026-06-01,False,41.86046511627907,20.833333333333336,-0.06814763905221709,39.875,-5.1299999999999955,42.33409610983982,92.21967963386729,16.933638443935926,0.9153318077803204,23.081328751431844,35.09681494937104,94.59770114942529,36.40686235829454
3430,奇鈦科,其他化學,114.0,-2.145922746781115,76460957.32000001,True,89.24843423799582,12.541254125412541,58.37,2026-06-01,False,6.25,2.242152466367713,-0.02853871431801462,62.125340599455036,32.22,4.576659038901601,58.066361556064074,32.608695652173914,19.450800915331808,91.63802978235968,41.26810938896622,79.19540229885057,36.28912517425498
2597,潤弘,營造,168.5,-0.5899705014749235,35650529.675,True,69.64959568733153,29.966996699669966,2.95,2026-06-01,False,20.0,3.374233128834356,0.23489286032408196,82.59803921568627,-10.32,19.908466819221967,63.04347826086957,97.1395881006865,67.7345537757437,15.463917525773196,52.65800089645899,19.770114942528735,36.09241431915621
6862,三集瑞-KY,電子零組件,137.0,0.0,29034299.225,True,75.11210762331838,25.14851485148515,-1.04,2026-06-01,False,40.939597315436245,-3.5211267605633805,-0.026818314876088472,60.08771929824561,27.34666666666667,41.30434782608695,29.0045766590389,33.52402745995423,16.018306636155607,89.69072164948454,41.90839604614405,15.057471264367816,35.843887266892864
1319,東陽,汽車組件,82.6,-0.24154589371980784,249485848.455,True,24.743935309973043,66.20462046204621,3.04,2026-06-01,False,64.86486486486487,13.150684931506843,0.2384544522485808,71.82608695652173,5.883333333333334,65.78947368421053,85.69794050343249,97.59725400457666,43.02059496567506,56.70103092783505,69.76125881714596,20.114942528735632,35.80676766879718
2070,精湛,儀器設備,65.1,-5.377906976744196,22473618.4625,True,83.87096774193549,18.217821782178216,33.17,2026-06-01,False,18.14516129032258,25.433526011560687,-0.034873310702540156,79.00485436893203,7.170000000000002,17.505720823798626,95.08009153318078,30.205949656750576,59.7254004576659,61.16838487972509,52.73710947022418,61.03448275862069,35.79637812672611
6235,華孚,電子零組件,37.7,-1.308900523560208,18811667.464999996,True,61.848635235732004,36.897689768976896,-3.96,2026-06-01,False,59.73154362416108,-2.7096774193548314,0.15809183953177283,49.21671018276763,2.3400000000000007,60.41189931350115,32.608695652173914,90.38901601830663,3.775743707093822,43.6426116838488,46.16559327498486,11.379310344827587,35.739564428312164
9921,巨大,其他,104.0,-3.2558139534883734,456501482.8950001,True,92.58210645526613,9.966996699669966,15.98,2026-06-01,False,8.333333333333332,21.637426900584796,0.1878948633363052,93.27354260089686,9.766666666666666,6.464530892448512,92.67734553775743,93.59267734553775,90.04576659038902,67.46849942726232,70.049763958679,38.62068965517241,35.61341040006313
2033,佳大,基本金屬,22.0,0.0,28202012.195,True,43.81625441696113,51.41914191419142,-28.85,2026-06-01,False,41.46341463414634,43.79084967320261,0.028075996303887445,96.7032967032967,-22.64666666666667,41.76201372997711,98.74141876430205,57.66590389016019,95.53775743707094,8.24742268041237,60.39090330038452,2.413793103448276,35.243036376548574
3661,世芯-KY,半導體,3735.0,0.9459459459459474,9559448962.5,True,68.84097035040432,31.02310231023102,15.39,2026-06-01,False,42.30769230769231,7.947976878612717,-0.015043381097396336,69.48837209302326,32.18000000000001,42.5629290617849,76.20137299771167,39.130434782608695,36.04118993135012,91.52348224513173,57.09188180371742,37.35632183908046,34.93976695862595
6218,豪勉,資訊服務,38.6,1.9815059445178251,23911404.464999996,True,53.02218821729151,43.49834983498349,14.55,2026-06-01,False,17.02127659574468,14.201183431952677,0.08456896554335457,85.58758314855875,-10.189999999999998,16.475972540045767,87.18535469107552,77.80320366132723,74.02745995423341,15.807560137457044,54.25991019682779,36.206896551724135,34.88124358873195
6761,穩得,檢測驗證,183.0,-2.1390374331550777,102583697.25,True,88.65004299226139,13.003300330033005,0.86,2026-06-01,False,50.0,20.792079207920793,-0.02269059639129802,79.56521739130434,2.2399999999999998,51.25858123569794,91.9908466819222,35.12585812356979,61.212814645308924,43.29896907216495,56.577413951732765,17.47126436781609,34.487953391725185
6112,邁達特,資訊服務,44.55,0.33783783783782884,27887618.665000003,True,29.041248606466,62.64026402640263,-2.29,2026-06-01,False,44.680851063829785,9.864364981504316,0.2380259187579323,78.71024734982332,-15.11,45.65217391304348,80.09153318077803,97.36842105263158,58.81006864988558,12.027491408934708,58.789937641054664,13.448275862068964,34.454746311055
5452,佶優,電子通路,27.35,1.109057301293892,11306361.254999999,True,56.295063782584585,40.5940594059406,6.69,2026-06-01,False,44.230769230769226,4.7892720306513406,0.1608092879627622,69.32826362484157,0.1966666666666672,44.62242562929062,68.42105263157895,90.61784897025171,35.58352402745996,36.54066437571592,55.15710312685943,25.057471264367813,34.210592072384856
5608,四維航,海運,18.0,-4.0000000000000036,182850388.785,True,99.67637540453075,1.3201320132013201,21.83,2026-06-01,False,9.090909090909092,31.868131868131865,0.00600821776586027,86.74698795180723,10.283333333333331,7.665903890160183,96.79633867276888,48.8558352402746,76.43020594965675,68.38487972508591,59.626632695589265,46.7816091954023,33.52034509061259
8996,高力,其他電製品,1145.0,5.045871559633031,3387362978.5,True,87.06199460916442,15.313531353135312,37.56,2026-06-01,False,12.5,15.07537688442211,-0.059385267749329014,72.0125786163522,-16.979999999999997,11.670480549199084,88.10068649885584,19.794050343249427,43.24942791762014,10.882016036655212,34.739332269115934,65.74712643678161,33.141587101186246
6278,台表科,印刷電路板,179.0,-4.278074866310155,1008189876.425,True,85.49865229110513,16.5016501650165,9.24,2026-06-01,False,44.18604651162791,14.012738853503185,0.02830064902371439,72.61663286004057,4.046666666666667,44.50800915331808,86.72768878718536,57.78032036613272,44.8512585812357,49.828178694158076,56.73909111640599,28.850574712643677,32.870538415003026
4163,鐿鈦,醫療耗材,139.5,-1.7605633802816878,25299112.55,True,87.38544474393531,14.653465346534652,7.69,2026-06-01,False,2.7777777777777777,13.414634146341465,0.07003246639475065,93.0,-4.333333333333333,1.7162471395881007,86.2700228832952,73.68421052631578,89.01601830663616,24.971363115693013,55.13157239430565,26.89655172413793,32.839698571766746
2461,光群雷,石化,18.2,0.27548209366392573,18880209.2875,True,82.17677136596055,19.603960396039604,2.86,2026-06-01,False,11.76470588235294,13.395638629283479,0.08179292734017675,90.54726368159203,-2.4466666666666668,10.926773455377575,86.15560640732265,76.88787185354691,85.1258581235698,29.782359679266897,57.77569390381676,19.42528735632184,32.33057813198664
4979,華星光,通信網路,547.0,-5.199306759098787,4806237211.825,True,93.79760609357997,8.316831683168317,27.68,2026-06-01,False,15.686274509803921,21.962095875139354,0.05987811967512995,76.18384401114207,8.850000000000001,14.530892448512587,93.02059496567506,69.79405034324942,52.63157894736842,65.06300114547537,59.00802357005616,54.137931034482754,32.069951866172175
3558,神準,通信網路,127.0,-1.1673151750972721,11555115.375,True,99.40700808625337,2.178217821782178,5.74,2026-06-01,False,3.9215686274509802,-0.39215686274509803,0.23815060159524132,72.36467236467237,15.183333333333334,2.402745995423341,43.36384439359268,97.48283752860412,44.279176201373,77.20504009163804,52.946728842126234,23.218390804597703,31.634117151950342
1717,長興,樹脂,71.3,-0.41899441340781385,962092157.6200001,True,92.61455525606469,9.900990099009901,16.21,2026-06-01,False,7.142857142857142,16.31321370309951,0.08534595493172112,83.4894613583138,1.5166666666666675,5.491990846681922,89.47368421052632,78.14645308924484,69.67963386727689,40.43528064146621,56.64540853103923,39.310344827586206,31.252071332754678
2426,鼎元,光電及I/O,82.6,0.48661800486617945,1296735354.7350001,True,99.91624790619765,0.46204620462046203,19.41,2026-06-01,False,1.36986301369863,33.2258064516129,0.06247068549915268,87.22280887011615,15.116666666666667,0.4576659038901602,97.36842105263158,71.05263157894737,77.57437070938215,77.09049255441009,64.70871635985227,43.5632183908046,31.056708487861332
4303,信立,石化,53.2,3.90625,36654653.28,True,19.148936170212767,71.48514851485149,-10.0,2026-06-01,False,82.35294117647058,21.73913043478261,0.09951494328521128,64.01925391095067,-14.543333333333333,83.12356979405034,92.79176201372998,80.66361556064074,24.37070938215103,12.485681557846506,58.68706766168371,7.35632183908046,30.514709750387965
1565,精華,醫療耗材,94.4,-0.6315789473684164,10246549.34,True,15.687331536388141,74.1914191419142,-16.8,2026-06-01,False,44.44444444444444,0.9625668449197923,0.16275557043325262,63.56902356902358,-0.09333333333333371,45.19450800915332,51.1441647597254,90.8466819221968,23.226544622425628,35.39518900343643,49.16141766338752,4.3678160919540225,30.411175990951893
2489,瑞軒,光電及I/O,36.9,3.5063113604488105,499045863.875,True,64.7011952191235,34.05940594059406,23.43,2026-06-01,False,39.726027397260275,22.79534109816971,3.9407216480878177e-05,65.30973451327434,7.866666666666667,40.045766590389015,93.47826086956522,45.53775743707094,26.54462242562929,62.42840778923253,53.6069630223774,48.50574712643678,30.404468818222465
3388,崇越電,電子通路,90.5,-0.8762322015334001,227227050.49499997,True,74.50134770889488,25.775577557755774,18.97,2026-06-01,False,23.076923076923077,23.12925170068027,-0.05089899721621115,74.79338842975206,-6.023333333333337,22.883295194508012,93.82151029748283,23.91304347826087,49.31350114416476,20.73310423825888,42.13289087053507,43.04597701149425,30.35531576317105
6224,聚鼎,電子零組件,76.8,1.856763925729421,49500043.355000004,True,91.42857142857143,11.18811881188119,14.7,2026-06-01,False,18.79194630872483,36.89839572192513,0.08289176717871202,80.84210526315789,13.25,18.306636155606405,97.82608695652173,77.34553775743707,63.95881006864988,73.8831615120275,66.26404649004851,36.49425287356322,30.233403035324443
1440,南紡,人纖,13.6,-2.857142857142858,28008461.01,True,99.5697074010327,1.65016501650165,-11.53,2026-06-01,False,11.11111111111111,7.086614173228349,0.17151800000791717,87.17948717948718,2.2200000000000006,10.011441647597254,73.68421052631578,91.64759725400458,77.4599542334096,43.06987399770905,59.17461553180725,5.919540229885058,29.926681396144033
6168,宏齊,光電及I/O,27.15,7.100591715976323,52475891.402499996,True,80.47445255474453,21.05610561056106,6.73,2026-06-01,False,30.136986301369863,16.025641025641026,0.010860457357782084,76.47887323943662,0.026666666666667282,30.205949656750576,89.01601830663616,50.91533180778032,53.08924485125858,35.967926689576174,51.83889426240036,25.402298850574713,29.92036876298693
2247,汎德永業,車輛買賣,226.0,-0.22075055187638082,13662307.25,True,87.80658724597058,13.927392739273929,-6.99,2026-06-01,False,13.844086021505376,0.22172949002217296,0.21331736554718242,72.55216693418942,13.173333333333334,12.814645308924485,47.025171624713956,95.65217391304348,44.62242562929062,73.53951890034365,54.73078707526323,8.96551724137931,29.844354138720114
6588,東典光電,通信網路,101.5,-5.581395348837215,315908754.725,True,99.70014992503748,1.188118811881188,49.1,2026-06-01,False,1.9607843137254901,13.281250000000009,-0.014380547826354355,63.63636363636363,-72.53333333333333,0.9153318077803204,86.04118993135012,39.244851258581235,23.340961098398168,2.520045819014891,30.412475983024944,74.25287356321839,28.11699413451169
8039,台虹,印刷電路板,265.0,-6.028368794326244,7367111572.175,True,99.35309973045821,2.4092409240924093,-6.57,2026-06-01,False,6.976744186046512,22.685185185185187,-0.014112187163686405,93.63957597173145,-4.130000000000001,5.377574370709382,93.36384439359267,39.473684210526315,90.50343249427918,25.42955326460481,50.82961774674247,9.310344827586208,27.956876824745525
8422,可寧衛*,資源回收,27.2,1.303538175046537,167579155.7575,True,99.24528301886792,2.7722772277227725,50.34,2026-06-01,False,8.695652173913043,5.836575875486381,0.17881577066094165,10.879999999999999,-29.14666666666666,7.208237986270023,71.51029748283753,92.5629290617849,0.34324942791762014,6.300114547537228,35.584965701269454,75.40229885057471,27.860872195481207
2419,仲琦,通信網路,24.5,-0.6085192697768749,12549344.725,True,96.1038961038961,5.412541254125412,-0.67,2026-06-01,False,7.8431372549019605,-1.4084507042253578,0.1372008693239266,64.90066225165563,14.84,6.178489702517163,38.558352402745996,87.75743707093821,25.85812356979405,76.51775486827033,46.974031522853146,15.862068965517242,27.335082458770614
6620,漢達,藥,75.8,1.0666666666666602,71412695.35,True,96.875,4.488448844884489,-21.75,2026-06-01,False,6.666666666666667,-14.831460674157308,-0.04098434131044664,50.36544850498339,23.26333333333333,4.805491990846682,4.691075514874142,27.91762013729977,4.805491990846682,87.0561282932417,25.855161585421797,3.218390804597701,27.03457481785423
3008,大立光,消費性電子,5385.0,-4.01069518716578,12514738836.25,True,99.35309973045821,2.4092409240924093,-10.46,2026-06-01,False,5.263157894736842,31.662591687041562,-0.01936053469806319,95.98930481283422,-29.35666666666667,3.6041189931350117,96.68192219679635,37.4141876430206,94.05034324942791,6.185567010309279,47.587227818537826,6.551724137931035,26.881066045924403
6472,保瑞,藥,453.0,-0.439560439560438,431155225.05,True,93.36927223719677,9.207920792079207,39.22,2026-06-01,False,11.11111111111111,14.24968474148802,0.13065650305233098,60.4,21.906666666666666,10.011441647597254,87.29977116704805,86.15560640732265,16.819221967963387,85.2233676975945,57.10188177750517,66.89655172413794,26.60686104316263
3444,利機,電子通路,87.7,9.899749373433586,22795982.46,True,86.79245283018868,15.37953795379538,17.06,2026-06-01,False,11.538461538461538,22.829131652661058,-0.04213808141614594,74.63829787234043,12.083333333333332,10.469107551487413,93.59267734553775,27.57437070938215,48.970251716247134,72.0504009163803,50.53136164780695,40.45977011494253,26.57661300928483
3540,曜越,電子零組件,24.95,4.8319327731092265,13188568.665000001,True,58.44660194174758,39.20792079207921,-10.01,2026-06-01,False,62.41610738255034,16.046511627906973,-0.10181925447173824,63.3248730964467,10.436666666666666,63.04347826086957,89.13043478260869,9.496567505720824,22.31121281464531,68.72852233676976,50.54204314012283,7.241379310344828,25.866408900812758
3548,兆利,電子零組件,75.8,0.9320905459387463,13228139.34,True,96.54986522911051,4.686468646864687,7.06,2026-06-01,False,6.7114093959731544,-0.2631578947368458,0.19510210127448668,59.92094861660079,17.073333333333334,4.919908466819222,44.8512585812357,94.39359267734554,15.675057208237986,79.61053837342497,47.890071061412684,25.862068965517242,25.401444014834688
6234,高僑,電子設備,34.9,-0.14306151645209209,15874495.040000001,True,88.0187025131502,13.663366336633665,-15.81,2026-06-01,False,24.675324675324674,-1.5514809590973322,0.1413377787236974,56.29032258064516,-22.45,24.25629290617849,37.18535469107552,88.32951945080092,9.610983981693364,8.36197021764032,33.54882424947772,4.597701149425287,25.319905836555407
5292,華懋,電子設備,210.5,-3.4403669724770602,44866461.35,True,87.72455089820359,14.059405940594061,-8.28,2026-06-01,False,25.97402597402597,26.426426426426424,-0.09903934823242971,79.43396226415095,-10.99,25.514874141876433,95.53775743707094,10.068649885583524,60.64073226544623,15.005727376861397,41.3535482213677,8.39080459770115,24.75216339198822
4977,眾達-KY,通信網路,145.0,-3.6544850498338888,484066673.075,True,73.8544474393531,26.36963696369637,8.08,2026-06-01,False,41.17647058823529,8.614232209737828,-0.021225632883504767,53.60443622920518,23.523333333333333,41.59038901601831,77.91762013729976,36.49885583524027,6.750572082379863,87.39977090492555,50.03144159517275,27.35632183908046,24.444915700044717
7842,天能綠電,公用事業,102.0,-0.9708737864077666,10070425.3,True,68.4931506849315,31.155115511551156,38.44,2026-06-01,False,10.0,14.735658042744651,0.06230485143528622,52.57731958762887,-5.520000000000003,8.695652173913043,87.87185354691076,70.93821510297484,6.292906178489703,22.22222222222222,39.20416984490212,66.55172413793103,23.417107235855756
6204,艾華,電子零組件,84.9,-3.082191780821908,19703435.27,True,87.43935309973045,14.455445544554454,8.99,2026-06-01,False,24.161073825503358,18.907563025210084,-0.004274079826654017,67.92,0.9666666666666668,23.79862700228833,91.30434782608695,43.47826086956522,32.379862700228834,39.175257731958766,46.02727122602562,28.27586206896552,23.287500986348935
1711,永光,染料及顏料,41.4,3.2418952618453734,183426789.725,True,99.94026284348865,0.264026402640264,15.49,2026-06-01,False,16.666666666666664,16.949152542372882,0.06429531971419013,66.77419354838709,7.6433333333333335,15.503432494279176,90.2745995423341,72.08237986270024,29.63386727688787,61.97021764032073,53.89289936330444,37.701149425287355,23.140962413530076
2201,裕隆,汽車製造,29.1,-0.6825938566552892,82790821.00000001,True,80.70318887980376,20.792079207920793,-8.06,2026-06-01,False,20.766129032258064,5.244122965641964,0.13291416756717836,67.1280276816609,-5.696666666666667,20.48054919908467,69.56521739130434,86.61327231121282,30.320366132723116,21.649484536082475,45.72577791408148,8.505747126436782,22.435361266735057
6176,瑞儀,光電及I/O,101.5,24.84624846248462,471646233.575,True,86.74242424242425,15.445544554455445,-15.03,2026-06-01,False,26.027397260273972,14.559819413092558,-0.04246610044526325,70.48611111111111,-3.2733333333333317,25.62929061784897,87.75743707093821,27.34553775743707,40.045766590389015,27.835051546391753,41.722616716600996,4.712643678160919,20.657565953865173
6150,撼訊,電腦及週邊,61.7,1.4802631578947567,11323537.575000001,True,62.94349540078844,35.37953795379538,-30.19,2026-06-01,False,32.20338983050847,11.573236889692597,0.1366702391131516,66.48706896551725,20.733333333333338,32.494279176201374,82.95194508009153,87.64302059496568,28.489702517162474,84.3069873997709,63.17718695363838,2.1839080459770113,20.053986164812333
3078,僑威,電子零組件,53.6,-1.6513761467889854,34406872.434999995,True,87.16981132075472,15.049504950495049,-57.6,2026-06-01,False,24.832214765100673,2.4856596558317485,0.17406660951783964,56.90021231422505,-5.680000000000007,24.37070938215103,59.610983981693366,91.9908466819222,10.640732265446225,21.764032073310425,41.67546087690465,0.9195402298850575,19.079999473947236
4956,光鋐,光電及I/O,36.75,9.865470852017921,51234732.85000001,True,91.74311926605505,10.957095709570957,-0.83,2026-06-01,False,19.17808219178082,26.072041166380792,0.05412240258278115,67.18464351005484,-5.726666666666667,18.64988558352403,95.30892448512586,67.7345537757437,30.892448512585812,21.534936998854526,46.82414987116679,15.287356321839079,17.380191483205767
1504,東元,電機製品,71.5,-0.832177531206646,671770008.095,True,85.76819407008087,16.303630363036305,0.15,2026-06-01,False,9.090909090909092,5.9259259259259265,0.13328477492641247,59.83263598326359,-7.933333333333334,7.665903890160183,71.85354691075516,86.72768878718536,15.446224256292906,17.983963344788087,39.93546543783634,16.724137931034484,16.995679791683102
6727,亞泰金屬,電子設備,445.0,0.4514672686230181,397700705.975,True,88.85693745506829,12.871287128712872,-23.9,2026-06-01,False,23.376623376623375,16.79790026246719,-0.05315915809514133,67.42424242424242,-51.019999999999996,23.340961098398168,90.04576659038902,22.65446224256293,31.35011441647597,4.009163802978236,34.28009363016086,2.7586206896551726,16.850982403535074
3049,精金,光電及I/O,12.7,9.956709956709942,36621831.0995,True,92.54013220018886,10.099009900990099,-68.18,2026-06-01,False,17.80821917808219,18.691588785046733,-0.021680851231992766,70.55555555555554,2.839999999999989,17.391304347826086,91.18993135011442,35.92677345537758,40.274599542334094,45.81901489117984,46.12032471736641,0.8045977011494253,16.820142560298798
3455,由田,電子設備,232.5,-1.273885350318471,421392713.425,True,94.98652291105121,6.798679867986798,-30.02,2026-06-01,False,9.090909090909092,25.336927223719673,0.0345079809642545,75.0,-23.83,7.665903890160183,94.96567505720824,60.983981693363845,49.65675057208238,7.674684994272623,44.189399241417455,2.2988505747126435,16.16395749493674
6830,汎銓,檢測驗證,446.5,-3.354978354978355,919880735.15,True,99.72183588317107,1.1221122112211221,10.36,2026-06-01,False,16.666666666666664,19.225634178905207,-0.021025905185415566,45.794871794871796,-6.313333333333333,15.503432494279176,91.76201372997713,36.61327231121281,2.631578947368421,20.16036655211913,33.33413280699133,30.0,14.093249427917616
4971,IET-KY,半導體,530.0,-9.863945578231291,1119925261.9,True,92.13323883770376,10.231023102310232,-6.26,2026-06-01,False,16.923076923076923,22.401847575057737,-0.04018948471116633,60.77981651376147,-12.943333333333332,16.247139588100687,93.13501144164759,28.37528604118993,17.620137299771166,13.516609392898053,33.77883675272149,9.655172413793103,12.596859465004341
