stock_id,name,industry,close,day_change_pct,adv20,listed_ok,pe_hist_pct,value_pct,revenue_yoy,rev_month,bear_regime,value_ind_pct,momentum20,chip20_turnover,high52_prox,rev_accel,value_ind_pct_pool_pct,momentum20_pool_pct,chip20_turnover_pool_pct,high52_prox_pool_pct,rev_accel_pool_pct,composite,revenue_yoy_pool_pct,c2_score
2851,中再保,產險,36.7,2.2284122562674202,65520613.4175,True,3.0319436924742824,89.77955911823648,1113.15,2026-05-01,False,100.0,-4.675324675324668,0.01901223511169955,90.5055487053021,553.9733333333334,98.69318181818181,45.68181818181819,54.659090909090914,83.97727272727272,99.43181818181817,76.48863636363636,99.31584948688712,84.07612146263087
6023,元大期,期貨,85.8,-1.379310344827589,65429743.84499999,True,2.1115322144017323,91.41616566466266,86.15,2026-06-01,False,91.53171390013495,-19.056603773584907,-0.024627527433446775,79.44444444444444,35.92000000000001,91.25,7.386363636363637,30.227272727272727,58.52272727272727,92.38636363636363,55.95454545454545,88.25541619156215,82.66044495698145
3290,東浦,電子零組件,56.0,1.6333938294010864,43422907.435,True,13.356562137049943,80.69472277889112,88.72,2026-06-01,False,94.5945945945946,-17.888563049853374,-0.13509713930386338,78.5413744740533,3.9766666666666737,93.52272727272727,9.204545454545453,4.431818181818182,56.36363636363636,50.45454545454545,42.79545454545454,88.82554161915621,82.3768399502436
6903,巨漢,電子設備,324.0,2.5316455696202445,191235910.0,True,43.643263757115754,57.44822979291917,163.86,2026-06-01,False,85.33333333333334,-20.19704433497537,-0.09801138765044638,74.65437788018433,-66.15666666666667,86.36363636363636,6.4772727272727275,8.295454545454547,46.02272727272727,3.4090909090909087,30.113636363636363,94.98289623717217,80.22299678656577
6024,群益期,期貨,61.4,-0.32467532467532756,36355729.595000006,True,19.761775852734164,75.81830327321309,124.15,2026-06-01,False,75.97840755735493,-5.246913580246912,0.05056572921272814,94.17177914110428,169.84,76.5909090909091,42.84090909090909,68.18181818181817,91.36363636363637,98.75,75.54545454545455,92.8164196123147,79.48251399398777
6196,帆宣,電子設備,499.0,-2.1568627450980427,861478617.15,True,75.69030860855442,30.72812291249165,120.99,2026-06-01,False,62.66666666666667,-14.700854700854702,0.021699874661190492,84.57627118644068,43.58333333333333,64.20454545454545,13.522727272727272,56.022727272727266,70.68181818181817,93.97727272727273,59.68181818181819,92.58836944127708,78.48800145122837
2248,華勝-KY,汽車組件,56.4,-0.8787346221441172,11991598.55,True,49.279538904899134,52.638610554442224,106.59,2026-06-01,False,59.45945945945946,-14.545454545454547,0.008487641853776661,85.45454545454545,40.68333333333334,59.71590909090909,13.750000000000002,48.63636363636364,73.52272727272727,93.52272727272727,57.82954545454545,91.22006841505132,77.67717619467192
7788,松川精密,電子零組件,256.0,7.3375262054507395,351507030.075,True,16.582914572864322,78.22311289245157,65.66,2026-06-01,False,93.91891891891892,-5.009276437847866,0.011463420601471989,87.67123287671232,23.953333333333333,93.06818181818181,43.97727272727273,50.227272727272734,78.52272727272728,87.61363636363636,70.68181818181817,82.89623717217788,77.62746838395356
4541,晟田,機車船製造,70.3,6.03318250377074,661016466.345,True,10.85209003215434,83.2999331997328,58.68,2026-06-01,False,91.66666666666666,-3.5665294924554303,0.01877754743459364,92.86657859973579,20.836666666666666,91.47727272727273,50.34090909090909,54.31818181818182,88.86363636363637,84.88636363636364,73.97727272727272,80.04561003420753,77.5114025085519
3033,威健,電子通路,50.3,-0.1984126984126977,551212881.33,True,32.53925284244721,65.06346025384101,54.45,2026-06-01,False,73.07692307692307,-9.532374100719432,-0.002451600185875595,90.46762589928056,21.970000000000006,74.375,27.045454545454543,42.95454545454545,83.86363636363636,85.68181818181819,62.784090909090914,78.22120866590649,77.35359762102208
2414,精技,電子通路,52.8,1.7341040462427681,38102798.845000006,True,46.99512723335138,54.10821643286573,87.26,2026-06-01,False,63.46153846153846,-18.266253869969038,-0.11130106834750357,81.73374613003097,27.406666666666673,64.54545454545455,8.295454545454547,6.8181818181818175,63.86363636363637,89.77272727272727,46.659090909090914,88.48346636259977,77.14927568155903
5522,遠雄,建設,63.0,-3.2258064516128893,68307554.69500001,True,5.035192203573362,86.84034736138945,2513.5,2026-06-01,False,89.83050847457628,-7.759882869692529,0.09134580453452502,76.64233576642336,1364.0166666666667,89.88636363636363,33.75,80.11363636363636,51.47727272727273,99.88636363636364,71.02272727272728,99.8859749144812,76.87490281952938
8926,台汽電,公用事業,56.8,1.7921146953405076,302383875.0749999,True,1.7325392528424473,92.21776887107549,1719.48,2026-06-01,False,83.33333333333334,-16.10044313146234,-0.21781361423204804,69.09975669099757,712.66,84.48863636363636,11.136363636363637,1.25,32.04545454545455,99.54545454545455,45.69318181818183,99.77194982896236,76.29241927542242
2305,全友,光電及I/O,27.8,2.0183486238532167,212534327.4225,True,0.2676181980374665,95.99198396793587,142.33,2026-06-01,False,95.83333333333334,-20.684736091298138,-0.045969565570889236,65.18171160609614,35.253333333333345,94.77272727272728,5.795454545454545,21.25,21.59090909090909,92.1590909090909,47.11363636363636,93.95667046750285,76.13121307142117
2889,國票金,金融控股,15.2,0.0,92522318.95000002,True,56.090958310774234,46.52638610554442,100.04,2026-06-01,False,84.61538461538461,-3.797468354430389,-0.022731645263769445,86.36363636363636,-1196.24,85.56818181818183,49.20454545454545,31.363636363636367,75.9090909090909,0.5681818181818182,48.52272727272727,90.07981755986317,75.58813620814762
3709,鑫聯大投控,電子通路,71.2,-0.5586592178770777,92660585.655,True,2.1115322144017323,91.41616566466266,72.07,2026-06-01,False,94.23076923076923,-9.0676883780332,-0.03060485634977246,76.64155005382132,44.513333333333335,93.23863636363636,28.863636363636363,27.613636363636363,51.36363636363637,94.31818181818183,59.07954545454546,85.17673888255416,75.22884381154763
6120,達運,光電及I/O,12.75,-1.1627906976744207,40011221.525,True,0.0,98.9311957247829,42.06,2026-06-01,False,100.0,-9.57446808510638,-0.08635492166498493,79.19254658385093,39.550000000000004,98.69318181818181,26.931818181818183,10.113636363636363,57.72727272727273,93.29545454545455,57.35227272727273,69.78335233751424,74.81799717528764
5386,青雲,電子通路,278.0,1.2750455373406133,330308430.6,True,0.8662696264212236,94.22177688710754,442.3,2026-06-01,False,98.07692307692307,-25.568942436412318,-0.06550092937542248,46.880269814502526,22.183333333333394,96.42045454545455,1.9318181818181817,15.795454545454547,2.5,86.02272727272727,40.534090909090914,98.63169897377423,73.90508383435265
5484,慧友,光電及I/O,41.8,0.23980815347719453,15181960.8625,True,30.158730158730158,67.13426853707415,224.33,2026-06-01,False,73.61111111111111,-12.552301255230125,-0.00985626289026287,72.19343696027633,93.17000000000002,74.77272727272727,18.295454545454547,38.18181818181819,38.75,97.5,53.5,96.46522234891675,72.92312376904736
6574,霈方,化妝美容,132.0,-5.035971223021585,18662232.8,True,0.0,98.9311957247829,73.91,2026-06-01,False,100.0,0.7633587786259541,0.012555552069189782,85.71428571428571,27.096666666666664,98.69318181818181,68.63636363636364,51.13636363636363,73.63636363636363,89.31818181818181,76.2840909090909,85.97491448118586,72.41702407484192
2408,南亞科,半導體,482.5,-1.329243353783227,36034171859.0,True,59.183673469387756,43.687374749499,621.34,2026-06-01,False,61.53846153846154,0.31185031185031187,0.018741141518283447,95.54455445544554,-68.26333333333332,62.95454545454545,66.25,54.20454545454545,93.86363636363636,3.1818181818181817,56.090909090909086,98.97377423033066,72.38548901212812
3066,李洲,光電及I/O,23.75,9.953703703703699,15458437.0775,True,0.06702412868632708,97.26118904475618,49.95,2026-06-01,False,98.61111111111111,-6.311637080867856,-0.05394935048337624,78.64238410596026,-2.213333333333331,96.70454545454545,39.659090909090914,18.863636363636363,56.59090909090909,31.363636363636367,48.63636363636364,75.0285062713797,72.16621747693583
2466,冠西電,光電及I/O,94.0,2.1739130434782705,170321770.73999998,True,45.65055762081784,55.243820975283896,53.03,2026-06-01,False,65.27777777777779,-18.614718614718615,-0.029645019536661155,77.04918032786885,55.50666666666667,66.02272727272728,8.068181818181818,27.727272727272727,52.72727272727272,96.02272727272727,50.11363636363636,77.65108323831242,72.08322535503265
3229,晟鈦,印刷電路板,55.9,9.60784313725489,40705005.4425,True,0.0,98.9311957247829,99.09,2026-06-01,False,100.0,51.902173913043484,0.05993321092013314,100.0,27.370000000000005,98.69318181818181,99.88636363636364,72.72727272727273,99.20454545454545,89.6590909090909,92.0340909090909,89.96579247434435,71.994289027677
6177,達麗,建設,47.7,-1.1398963730569922,69380295.02,True,14.806505888951204,79.75951903807615,1322.16,2026-06-01,False,84.7457627118644,1.7057569296375357,0.005549558625570258,85.79136690647482,743.4366666666667,85.9090909090909,71.5909090909091,47.27272727272727,73.86363636363636,99.6590909090909,75.6590909090909,99.54389965792474,71.93142945993574
8112,至上,電子通路,96.9,-3.0999999999999917,1771645085.625,True,15.268002165674066,79.35871743486975,231.17,2026-06-01,False,84.61538461538461,10.616438356164396,0.1509043564770542,96.4179104477612,51.06666666666666,85.56818181818183,90.0,90.22727272727272,95.3409090909091,95.22727272727273,91.27272727272728,96.80729760547321,71.92909712864103
3006,晶豪科,半導體,274.0,2.4299065420560817,2480113607.075,True,18.354430379746837,76.68670674682699,328.35,2026-06-01,False,83.84615384615385,14.644351464435147,0.08148931890367941,99.45553539019963,3.5600000000000023,85.0,93.97727272727273,78.75,97.95454545454545,49.20454545454545,80.97727272727272,97.71949828962371,71.67419275422411
7769,鴻勁,電子設備,6480.0,2.0472440944881987,4423874037.75,True,31.176470588235293,65.93186372745491,106.54,2026-06-01,False,89.33333333333333,-3.571428571428571,-0.0032504139367799476,78.4503631961259,5.8700000000000045,89.54545454545455,50.11363636363636,42.61363636363637,56.13636363636364,57.49999999999999,59.18181818181819,91.1060433295325,71.66855628692858
2546,根基,營造,99.6,3.534303534303529,30769996.339999996,True,1.136978884677856,93.42017368069472,44.27,2026-06-01,False,100.0,4.075235109717859,0.0707354472229697,95.76923076923076,14.67333333333334,98.69318181818181,78.06818181818181,75.68181818181819,94.20454545454545,76.81818181818181,84.69318181818181,71.26567844925884,71.52380597595108
6902,GOGOLOOK,資訊服務,130.0,1.5625,13049458.55,True,0.0,98.9311957247829,36.46,2026-06-01,False,97.77777777777777,-2.2556390977443606,0.04544051592063878,88.13559322033898,8.023333333333333,96.25,55.45454545454545,66.02272727272728,79.54545454545455,63.74999999999999,72.20454545454545,65.67844925883695,71.50483958743652
8383,千附,電子設備,69.7,1.6034985422740622,324775297.85499996,True,84.03311649911295,22.44488977955912,200.07,2026-06-01,False,41.333333333333336,-22.383073496659236,0.030152360713865612,77.10176991150442,105.24666666666666,41.81818181818181,4.545454545454546,59.77272727272728,52.84090909090909,97.95454545454545,51.38636363636364,95.78107183580387,71.47367704986006
8050,廣積,電腦及週邊,58.8,-4.545454545454552,370151979.72499996,True,45.046020573903625,55.67802271209084,143.6,2026-06-01,False,67.24137931034483,-3.764320785597388,-0.022776354709120417,85.21739130434783,93.13999999999999,68.29545454545455,49.54545454545455,31.136363636363633,72.95454545454545,97.38636363636364,63.86363636363636,94.07069555302166,71.44381025189178
6996,力領科技,半導體,178.0,0.8498583569405138,14929144.275,True,15.308641975308642,79.29191716766867,49.96,2026-06-01,False,86.92307692307692,-1.9283746556473829,-0.05135214823845734,87.90123456790123,6.829999999999998,87.38636363636364,56.93181818181819,19.65909090909091,78.97727272727273,61.25000000000001,60.840909090909086,75.14253135689853,71.14358738467918
6209,今國光,消費性電子,75.0,0.0,392525576.725,True,3.992015968063872,88.2431529726119,73.31,2026-06-01,False,95.0,-4.214559386973177,0.012293928618655914,77.1604938271605,3.026666666666671,94.0340909090909,48.29545454545455,50.90909090909091,53.06818181818181,47.04545454545455,58.67045454545454,85.5188141391106,71.0814080802322
4772,台特化,其他化學,254.0,0.994035785288272,164814390.225,True,1.5283842794759825,92.5183700734803,272.73,2026-06-01,False,100.0,-5.75139146567718,0.03596849278463402,67.5531914893617,31.383333333333354,98.69318181818181,41.02272727272727,62.272727272727266,28.06818181818182,90.9090909090909,64.19318181818183,97.26339794754846,70.75050857779621
8048,德勝,通信網路,52.4,0.9633911368015502,12537645.345,True,42.93448835950189,58.04943219772879,130.48,2026-06-01,False,67.3076923076923,-13.673805601317964,-0.22340803494168118,71.29251700680271,51.7,68.4659090909091,16.477272727272727,0.9090909090909091,37.15909090909091,95.56818181818181,43.715909090909086,93.27251995438996,70.6050618067793
3689,湧德,電子零組件,110.5,0.454545454545463,133291464.80999999,True,35.462912831618844,63.059452237808955,72.66,2026-06-01,False,82.43243243243244,-5.555555555555555,-0.07852926957313903,77.8169014084507,26.946666666666665,83.52272727272727,41.19318181818182,12.15909090909091,54.31818181818182,89.0909090909091,56.05681818181817,85.29076396807298,70.48462281020007
2101,南港,輪胎,34.3,1.4792899408283988,66374325.065,True,8.607198748043817,84.70273881095525,328.25,2026-06-01,False,100.0,0.5865102639296063,0.11334766805499867,77.25225225225225,115.70000000000002,98.69318181818181,68.06818181818181,85.22727272727273,53.52272727272728,98.18181818181819,80.73863636363636,97.6054732041049,70.43830011920804
6585,鼎基,樹脂,118.0,0.8547008547008517,53191719.25,True,37.35408560311284,61.72344689378757,91.44,2026-06-01,False,71.42857142857143,-7.086614173228346,0.01363467349782432,78.40531561461795,32.449999999999996,72.67045454545455,36.02272727272727,51.590909090909086,55.79545454545455,91.5909090909091,61.5340909090909,89.28164196123147,70.43120594485333
3260,威剛,半導體,409.5,0.9864364981504226,5074283319.05,True,0.05931198102016608,97.32798931195725,212.06,2026-06-01,False,99.23076923076923,0.3676470588235294,0.03771093495775254,78.0,14.72333333333333,97.1590909090909,66.5909090909091,63.18181818181819,54.659090909090914,77.04545454545455,71.72727272727273,96.00912200684151,70.30909868352856
6465,威潤,通信網路,47.5,1.6042780748663166,15552600.9325,True,1.171875,93.25317301269205,42.29,2026-06-01,False,94.23076923076923,-18.103448275862068,-0.03809120928681893,66.7134831460674,-55.34000000000001,93.23863636363636,8.75,24.659090909090907,25.454545454545453,4.204545454545454,31.261363636363637,69.89737742303306,69.96013981030372
6691,洋基工程,電子設備,733.0,0.6868131868131844,480740802.1,True,78.04659498207886,28.390113560454246,115.19,2026-06-01,False,53.333333333333336,-2.6560424966799467,-0.10090860607732698,91.96988707653702,27.10666666666667,53.57954545454545,53.86363636363637,7.840909090909092,86.47727272727272,89.43181818181817,58.23863636363636,92.01824401368302,69.55285645796621
1720,生達,藥,56.5,0.17730496453900457,25133772.550000004,True,0.05414185165132648,97.6619906479626,9.11,2026-06-01,False,93.18181818181817,-12.130637636080866,-0.023625865524675445,86.1280487804878,6.4799999999999995,92.72727272727272,19.204545454545453,30.681818181818183,74.88636363636364,60.0,55.5,29.532497149372862,69.48539701461594
7728,光焱科技,電子設備,600.0,0.33444816053511683,16820825.45,True,54.26136363636363,48.296593186372746,114.18,2026-06-01,False,81.33333333333333,-10.979228486646884,0.08034677250175246,66.88963210702342,75.94,82.38636363636364,22.727272727272727,78.4090909090909,26.30681818181818,96.70454545454545,61.30681818181819,91.9042189281642,69.46753200476832
6416,瑞祺電通,電腦及週邊,100.0,0.30090270812437314,98904838.88000001,True,48.13210611802924,53.37341349365398,58.62,2026-06-01,False,63.793103448275865,-1.477832512315271,0.05795931935425814,93.89671361502347,36.00666666666666,64.88636363636363,58.18181818181818,72.04545454545455,90.56818181818181,92.5,75.63636363636364,79.93158494868872,69.301078055354
3094,聯傑,半導體,36.7,-2.393617021276595,99784215.6775,True,65.13264753654575,38.84435537742151,74.09,2026-06-01,False,56.15384615384615,-9.270704573547588,-0.03491713835237072,81.10497237569061,36.64333333333334,56.59090909090909,28.295454545454547,25.568181818181817,62.727272727272734,92.61363636363636,53.159090909090914,86.08893956670467,69.27791670985799
5351,鈺創,半導體,122.0,2.092050209205021,2208784603.59,True,48.459958932238195,53.106212424849694,657.48,2026-06-01,False,73.07692307692307,16.74641148325359,0.04163742767229052,100.0,97.47333333333336,74.375,95.56818181818181,64.20454545454545,99.20454545454545,97.61363636363637,86.19318181818181,99.0877993158495,69.27479073805328
2323,中環,光電及I/O,10.3,0.9803921568627638,56305863.04099999,True,1.7341040462427744,92.11756847027388,38.84,2026-06-01,False,88.88888888888889,-6.787330316742081,-0.1490164176403154,78.6259541984733,20.763333333333335,89.26136363636363,37.55681818181818,3.6363636363636362,56.477272727272734,84.6590909090909,54.31818181818183,67.27480045610034,68.86415465947962
8271,宇瞻,半導體,232.0,-1.0660980810234588,1868049901.95,True,0.48727666486193827,94.72277889111557,200.65,2026-06-01,False,97.6923076923077,27.823691460055095,0.026187753598035428,89.0595009596929,-61.316666666666634,96.02272727272727,98.29545454545455,57.61363636363637,80.56818181818181,3.5227272727272725,67.20454545454545,95.89509692132269,68.5476378666943
2887,台新新光金,金融控股,35.65,0.2812939521800395,2160421029.6375,True,89.98375744450459,16.39946559786239,329.5,2026-06-01,False,38.46153846153847,-1.3831258644536655,0.09311822600048895,96.74355495251017,-110.59999999999997,38.29545454545455,58.75,80.79545454545455,95.56818181818181,2.0454545454545454,55.090909090909086,97.94754846066135,68.26529620607442
5864,致和證,證券,33.45,9.852216748768484,112578637.63,True,0.2706359945872801,95.85838343353373,107.08,2026-06-01,False,100.0,-7.724137931034475,-0.02277441079416927,62.406716417910445,-724.4033333333332,98.69318181818181,33.97727272727273,31.25,16.704545454545457,0.7954545454545454,36.28409090909091,91.44811858608894,68.21714328288587
6417,韋僑,通信網路,112.0,0.9009009009008917,12593427.225,True,0.10828370330265295,96.79358717434869,26.62,2026-06-01,False,98.07692307692307,-9.31174089068826,0.005896028265427253,76.45051194539249,2.626666666666665,96.42045454545455,28.18181818181818,47.840909090909086,50.79545454545455,45.79545454545455,53.80681818181819,53.534777651083246,68.14221714004354
8042,金山電,電子零組件,113.0,-3.0042918454935674,584786266.795,True,19.364691508857668,76.08550434201736,51.3,2026-06-01,False,91.21621621621621,-25.412541254125415,-0.0016698543528037607,53.681710213776725,12.136666666666663,91.02272727272728,2.0454545454545454,43.52272727272727,5.909090909090909,72.8409090909091,43.06818181818182,76.51083238312428,67.84929900487198
6265,方土昶,電子通路,56.8,1.2477718360071277,181288570.89249998,True,32.66384778012685,64.99665998663995,1209.51,2026-06-01,False,71.15384615384616,5.576208178438662,0.07945798404818843,88.88888888888889,152.2833333333333,72.2159090909091,81.70454545454545,78.18181818181819,80.22727272727272,98.52272727272727,82.17045454545455,99.42987457240594,67.54212773401058
4973,廣穎,半導體,158.5,1.6025641025640969,309258462.8,True,14.202220923436586,80.09352037408149,197.3,2026-06-01,False,87.6923076923077,-0.6269592476489028,-0.009736937700694543,75.47619047619048,33.77000000000001,88.06818181818183,62.04545454545455,38.29545454545455,48.40909090909091,91.70454545454545,65.70454545454547,95.55302166476625,67.49620996164612
6913,鴻呈,電子零組件,150.0,2.0408163265306145,54788474.675,True,20.620842572062084,75.01670006680027,61.08,2026-06-01,False,90.54054054054053,19.52191235059761,0.16138122475377584,96.15384615384616,20.479999999999997,90.45454545454545,96.36363636363636,91.93181818181819,94.77272727272728,84.20454545454545,91.54545454545453,81.07183580387685,67.48386804187831
3046,建碁,電腦及週邊,62.3,3.316749585406309,29836974.465000004,True,21.78072111846946,73.94789579158316,53.63,2026-06-01,False,87.93103448275862,13.89396709323582,0.14721145927874918,97.34375,3.3766666666666723,88.4090909090909,93.4090909090909,89.88636363636363,96.25,48.29545454545455,83.25,77.87913340935006,67.28228335233752
2812,台中銀,本國銀行,18.65,0.8108108108108025,475963581.5775,True,31.077422847861396,66.09886439545758,16.56,2026-06-01,False,100.0,-8.128078817734002,0.00019726333714426697,80.56155507559394,-21.686666666666664,98.69318181818181,32.04545454545455,44.54545454545455,61.13636363636363,9.204545454545453,49.125,40.992018244013686,67.19402728827615
2881,富邦金,金融控股,127.0,-0.78125,2635181242.1,True,86.95181375203032,19.171676686706746,155.03,2026-05-01,False,46.15384615384615,-1.1673151750972763,0.1278932272346727,91.69675090252709,-16.25,47.04545454545455,59.43181818181819,87.72727272727273,85.68181818181819,12.15909090909091,58.409090909090914,94.64082098061574,66.98406888151757
1808,潤隆,建設,32.75,0.9244992295839749,49997053.59250001,True,19.76608187134503,75.75150300601202,162537.27,2026-06-01,False,81.35593220338984,4.967948717948721,0.11416111113292647,82.1831869510665,77044.36666666665,82.5,80.22727272727272,85.3409090909091,65.56818181818181,100.0,82.72727272727272,100.0,66.96022727272728
2912,統一超,百貨批發,219.5,0.22831050228311334,913197189.1,True,2.4363833243096917,90.71476285905143,6.31,2026-06-01,False,95.23809523809523,-10.224948875255624,0.1158153805647343,85.24271844660194,0.8233333333333341,94.375,25.340909090909093,85.68181818181819,73.29545454545455,39.09090909090909,63.55681818181817,24.857468643101484,66.79675352441174
3556,禾瑞亞,半導體,65.0,1.8808777429467183,28019276.15,True,58.635625338386575,44.22177688710755,66.86,2026-06-01,False,62.30769230769231,-5.385735080058228,0.05579767832202318,80.8457711442786,35.61,63.63636363636363,42.15909090909091,70.9090909090909,62.15909090909091,92.27272727272727,66.22727272727272,83.46636259977195,66.7756815590339
7714,創泓科技,數位雲端,151.0,-1.6286644951140072,73576586.8,True,25.0,70.50768203072812,122.9,2026-06-01,False,34.78260869565217,-27.228915662650603,-0.01437760835566512,72.77108433734941,78.05666666666667,34.090909090909086,1.3636363636363635,35.56818181818181,40.11363636363636,96.93181818181819,41.61363636363636,92.7023945267959,66.38582590442624
2211,長榮鋼,基本金屬,87.6,-1.016949152542379,71399682.315,True,23.692307692307693,72.01068804275216,47.25,2026-06-01,False,82.92682926829268,-8.27225130890053,0.09178052063893549,72.39669421487602,25.536666666666665,84.0909090909091,31.363636363636367,80.22727272727272,39.20454545454545,88.18181818181819,64.61363636363636,73.4321550741163,66.34099331398362
5289,宜鼎,半導體,1520.0,3.401360544217691,3937426266.0,True,3.9523551705468325,88.4435537742151,696.31,2026-06-01,False,92.3076923076923,3.4013605442176873,-0.04839450225202233,76.38190954773869,56.23666666666668,91.875,76.5909090909091,20.34090909090909,50.68181818181819,96.25,67.14772727272728,99.2018244013683,66.29193337306936
4739,康普,其他化學,87.0,-0.4576659038901698,142331323.655,True,4.684788895315211,87.30794923179693,113.79,2026-06-01,False,87.5,-5.434782608695652,0.02185245323957139,66.92307692307692,-3.203333333333333,87.89772727272728,41.875,56.13636363636364,26.477272727272727,29.09090909090909,48.29545454545455,91.79019384264538,66.07254846066135
2606,裕民,海運,67.4,1.5060240963855387,243802457.23000002,True,13.806172171088251,80.26052104208416,35.52,2026-06-01,False,90.9090909090909,4.984423676012465,0.29592375115718994,92.96551724137932,-3.136666666666663,90.85227272727273,80.3409090909091,99.20454545454545,88.97727272727273,29.318181818181817,77.73863636363636,64.5381984036488,66.0067086918213
5607,遠雄港,貨運倉儲,51.6,2.7888446215139417,21921275.3675,True,21.440173253925284,74.21509686038745,37.01,2026-06-01,False,78.57142857142857,1.1764705882352968,-0.05258111381562076,92.63913824057451,-0.023333333333333428,79.6590909090909,69.77272727272728,19.318181818181817,87.8409090909091,36.36363636363637,58.5909090909091,66.1345496009122,65.96545558204623
8478,東哥遊艇,機車船製造,146.0,-0.6802721088435382,24886902.975,True,4.060638873849485,88.17635270541082,76.33,2026-06-01,False,100.0,-6.41025641025641,-0.008077660695915024,63.06695464362851,92.47333333333333,98.69318181818181,38.86363636363636,39.88636363636363,17.386363636363637,97.27272727272728,58.42045454545455,86.54503990877993,65.94023724992225
2476,鉅祥,電子零組件,128.0,2.8112449799196693,247180477.175,True,74.60747157552788,31.596526386105545,53.76,2026-06-01,False,52.02702702702703,-1.1583011583011582,0.0517087568253641,94.11764705882352,11.39,52.84090909090909,59.54545454545455,68.86363636363636,91.19318181818183,71.25,68.73863636363636,77.99315849486888,65.6204487146263
5288,豐祥-KY,機車船製造,192.0,-0.7751937984496138,40065916.5,True,45.69572279371955,55.177020708082836,71.59,2026-06-01,False,50.0,1.0526315789473684,0.055809714658783253,97.21518987341771,16.613333333333337,50.73863636363637,69.31818181818183,71.02272727272727,96.02272727272727,79.54545454545455,73.32954545454545,84.94868871151652,65.59796763242458
3356,奇偶,光電及I/O,60.0,2.3890784982935065,23669467.060000002,True,1.843817787418655,91.98396793587175,24.09,2026-06-01,False,87.5,-0.49751243781094057,-0.07866697623821386,91.88361408882083,10.523333333333332,87.89772727272728,62.38636363636364,11.931818181818182,86.25,69.43181818181819,63.57954545454546,49.9429874572406,65.42608777340106
1216,統一,飲料乳品,76.3,0.5270092226613787,1679358970.665,True,8.44612885760693,84.83633934535739,4.6,2026-06-01,False,100.0,-2.9262086513994876,0.2814906123530045,94.78260869565217,1.4133333333333336,98.69318181818181,52.84090909090909,98.86363636363636,92.72727272727272,40.68181818181818,76.76136363636364,22.80501710376283,65.34614063957707
2727,王品,餐飲飯店,234.0,-1.0570824524312905,171345100.6,True,1.5625,92.38476953907816,16.59,2026-06-01,False,96.29629629629629,0.21413276231263384,0.255106539103958,93.97590361445783,1.6766666666666676,95.3409090909091,66.02272727272728,97.95454545454545,90.79545454545455,41.93181818181818,78.4090909090909,41.163055872291906,65.31917305898207
6259,百徽,電子通路,31.05,0.9756097560975618,35372227.7,True,66.47058823529412,38.00935203740815,82.68,2026-06-01,False,44.230769230769226,-15.279672578444742,0.023197454601075303,72.88732394366197,35.080000000000005,44.94318181818181,12.272727272727273,56.70454545454545,40.68181818181818,92.04545454545455,49.32954545454545,87.79931584948689,65.28789714418991
2451,創見,半導體,294.5,2.9720279720279796,2481220592.0,True,0.6497022198159177,94.5557782231129,381.55,2026-06-01,False,96.92307692307692,16.40316205533597,-0.004135122262771615,81.01788170563961,-100.38666666666666,95.56818181818181,95.11363636363637,41.93181818181818,62.272727272727266,2.159090909090909,59.409090909090914,98.4036488027366,65.28273038250232
6214,精誠,資訊服務,142.5,-0.34965034965035446,324617260.55,True,21.386031402273957,74.28189712758851,76.9,2026-06-01,False,60.0,1.0638297872340425,0.07360903898735074,90.18987341772153,26.556666666666672,60.79545454545454,69.43181818181819,76.70454545454545,82.8409090909091,88.63636363636364,75.68181818181817,86.77309007981756,65.24440888359075
4534,慶騰,機械,34.2,-0.2915451895043608,87223642.4225,True,74.37641723356009,31.863727454909817,112.04,2026-06-01,False,29.411764705882355,-11.168831168831161,-0.058889052506851954,80.7556080283353,52.79666666666667,29.318181818181817,21.931818181818183,17.5,61.70454545454545,95.79545454545455,45.25,91.67616875712656,65.1917694620089
2884,玉山金,金融控股,36.75,-0.40650406504064707,1621385637.9699998,True,30.481862479696805,66.5998663994656,25.3,2026-06-01,False,100.0,6.676342525399121,0.19287032549127134,95.08408796895213,-7.326666666666664,98.69318181818181,83.75,94.6590909090909,93.18181818181817,19.545454545454547,77.9659090909091,51.31128848346636,64.85907212086659
2465,麗臺,電腦及週邊,95.5,9.896432681242807,204578342.895,True,60.413080895008605,42.818971275885104,543.89,2026-06-01,False,55.172413793103445,14.64585834333734,0.12461831672344126,100.0,258.88,55.34090909090909,94.0909090909091,87.27272727272727,99.20454545454545,99.20454545454545,87.02272727272727,98.85974914481186,64.82857364983931
6782,視陽,醫療耗材,207.5,-2.1226415094339646,70312246.75,True,1.1173184357541899,93.5871743486974,45.95,2026-06-01,False,81.81818181818183,3.233830845771144,0.15259066253508094,88.29787234042553,25.663333333333338,82.89772727272727,75.9090909090909,90.68181818181819,79.77272727272727,88.4090909090909,83.5340909090909,72.51995438996579,64.82032950658234
6739,竹陞科技,電子設備,1030.0,2.487562189054726,288872616.6,True,15.92356687898089,78.75751503006012,101.13,2026-06-01,False,93.33333333333333,-6.787330316742081,0.031068672480134136,60.23391812865497,0.9299999999999926,92.89772727272727,37.55681818181818,60.340909090909086,13.295454545454547,39.54545454545455,48.72727272727273,90.3078677309008,64.7360578418161
9958,世紀鋼,基本金屬,107.0,-5.726872246696035,211014958.325,True,3.356794802382242,89.21175684702739,64.09,2026-06-01,False,95.1219512195122,-10.084033613445378,0.047723401611976864,54.4529262086514,22.360000000000007,94.20454545454545,25.681818181818183,66.93181818181819,6.931818181818182,86.13636363636363,55.97727272727273,82.212086659065,64.41665802840261
2527,宏璟,建設,46.35,-0.8556149732620311,84239184.08749999,True,45.770065075921906,55.11022044088176,365.12,2026-06-01,False,45.76271186440678,2.885682574916769,0.017898240419898494,91.78217821782178,245.64666666666665,46.590909090909086,74.31818181818181,53.97727272727273,85.9090909090909,99.0909090909091,71.97727272727272,98.2896237172178,64.117860474759
6227,茂綸,電子通路,125.5,-4.19847328244275,54176359.375,True,44.72116946399567,56.045424181696724,84.61,2026-06-01,False,67.3076923076923,9.130434782608695,0.05108436016283797,92.619926199262,44.263333333333335,68.4659090909091,88.06818181818183,68.52272727272727,87.72727272727273,94.20454545454545,81.39772727272728,88.02736602052451,64.03809150513113
2103,台橡,橡膠原料,27.35,-4.537521815008716,225585789.22000003,True,18.87666473653735,76.41950567802272,40.24,2026-06-01,False,76.58569500674763,6.8359375,0.05379647298136602,95.46247818499128,9.513333333333332,77.27272727272727,83.97727272727272,69.54545454545455,93.63636363636364,67.5,78.38636363636364,68.30102622576966,63.808211101896966
8415,大國鋼,基本金屬,38.65,1.1780104712041828,28631670.6625,True,34.10936654033568,63.727454909819635,36.57,2026-06-01,False,70.73170731707317,5.601092896174856,0.19527739288704432,100.0,11.29333333333333,71.5909090909091,81.81818181818183,95.0,99.20454545454545,71.02272727272727,83.72727272727272,65.90649942987457,63.72094303928682
6279,胡連,汽車組件,130.5,0.0,102478020.225,True,6.280454791553872,86.03874415497663,41.2,2026-06-01,False,97.2972972972973,8.75,0.2447734852874973,86.71096345514951,13.993333333333336,95.85227272727272,87.55681818181819,97.38636363636364,76.5909090909091,74.88636363636364,86.45454545454545,69.09920182440136,63.49639136519125
3162,精確,汽車組件,66.2,0.1512859304084957,53417362.195,True,51.67243367935409,50.03340013360054,58.73,2026-06-01,False,54.054054054054056,-15.128205128205124,0.057644801631718305,69.03023983315954,32.019999999999996,54.26136363636363,12.386363636363637,71.81818181818181,31.931818181818183,91.25,52.32954545454545,80.15963511972633,63.491613325386126
7749,意騰-KY,半導體,359.5,0.0,49675321.4,True,4.912280701754386,86.97394789579158,64.48,2026-06-01,False,91.53846153846153,-10.349127182044887,-0.025739394332101508,52.252906976744185,5.259999999999998,91.36363636363637,24.545454545454547,29.88636363636364,4.545454545454546,54.659090909090914,41.0,82.44013683010262,63.45094329843475
2362,藍天,電腦及週邊,48.9,3.3826638477801207,107060020.6525,True,0.10828370330265295,96.79358717434869,30.25,2026-06-01,False,100.0,16.15201900237529,0.15187684252682948,94.21965317919076,13.166666666666668,98.69318181818181,95.0,90.45454545454545,91.5909090909091,73.97727272727272,89.94318181818183,58.49486887115165,63.44473994506064
2207,和泰車,車輛買賣,504.0,-1.3698630136986356,293322230.85,True,0.0,98.9311957247829,48.36,2026-06-01,False,98.98785425101214,5.0,0.20350510008334766,81.15942028985508,17.78333333333333,96.98863636363636,80.56818181818181,95.68181818181817,62.84090909090909,81.13636363636364,83.44318181818183,74.11630558722919,63.34441730589821
7711,永擎,電腦及週邊,447.5,9.950859950859957,206352341.275,True,15.909090909090908,78.89111556446225,140.79,2026-06-01,False,89.65517241379311,40.94488188976378,0.03756869103000236,83.64485981308411,102.89333333333332,89.77272727272727,99.54545454545455,62.95454545454545,69.31818181818183,97.8409090909091,83.88636363636363,93.72862029646522,63.318518710479935
2618,長榮航,空運,42.15,0.9580838323353325,1757357726.9550004,True,22.616699539776462,73.41349365397461,26.58,2026-06-01,False,73.54925775978407,0.0,0.3173610284106392,93.87527839643653,4.053333333333331,74.6590909090909,64.94318181818181,99.54545454545455,90.45454545454545,50.79545454545455,76.07954545454545,53.02166476624858,63.29802982792578
8227,巨有科技,半導體,159.0,0.6329113924050667,93606348.45,True,2.2753128555176336,90.84836339345357,88.44,2026-06-01,False,94.61538461538461,-4.216867469879518,-0.051270782855843404,63.85542168674698,-35.25,93.63636363636364,48.18181818181818,19.772727272727273,18.75,5.454545454545454,37.159090909090914,88.71151653363741,63.229015497045715
4952,凌通,半導體,49.45,0.9183673469387754,21562541.987500004,True,80.07579859231186,26.753507014028056,50.03,2026-06-01,False,40.0,-9.59780621572212,-0.0648345874780417,81.73553719008265,23.143333333333334,40.17045454545455,26.704545454545453,16.136363636363637,63.97727272727273,86.93181818181817,46.784090909090914,75.42759407069556,63.21769397221935
8476,台境*,資源回收,20.15,1.2562814070351758,18851046.500000004,True,76.55038759689923,29.458917835671343,66.05,2026-06-01,False,30.434782608695656,-10.44444444444445,-0.06746508400298654,81.41414141414141,74.47333333333333,30.056818181818183,24.204545454545453,15.454545454545453,63.29545454545455,96.47727272727272,45.897727272727266,83.12428734321551,63.0680036539857
6716,應廣,半導體,109.0,4.306220095693769,30661271.48,True,39.819587628865975,60.05344021376086,60.58,2026-06-01,False,76.92307692307693,16.080937167199142,0.03797630017670388,92.76595744680851,16.156666666666673,77.5,94.88636363636364,63.40909090909091,88.29545454545455,78.97727272727273,80.61363636363636,80.72976054732041,62.90971286410283
6756,威鋒電子,半導體,98.2,-1.7017017017017078,16599205.669999998,True,71.44948755490483,34.2685370741483,50.06,2026-06-01,False,50.76923076923077,-2.7722772277227694,0.0604533628913227,87.28888888888889,22.88,51.590909090909086,53.63636363636364,73.18181818181819,77.5,86.47727272727272,68.47727272727272,75.59863169897378,62.76329428837981
7822,倍利科,電子設備,880.0,3.0444964871194413,140681903.85,True,0.0,98.9311957247829,50.72,2026-06-01,False,98.66666666666667,-10.112359550561797,0.020711022137286626,48.21917808219178,-18.78,96.81818181818181,25.568181818181817,55.45454545454545,2.9545454545454546,10.681818181818182,38.29545454545455,76.16875712656784,62.59332564527833
3189,景碩,印刷電路板,858.0,1.9002375296912177,9684516586.0,True,77.74193548387098,28.65731462925852,32.27,2026-06-01,False,64.28571428571429,1.5384615384615385,0.010524626518687146,96.29629629629629,1.5899999999999999,65.3409090909091,71.02272727272727,49.54545454545455,95.22727272727273,41.590909090909086,64.54545454545455,60.547320410490315,62.52319373898622
8936,國統,金屬製品,52.0,0.0,60643762.29,True,10.61180292365999,83.500334001336,21.24,2026-06-01,False,100.0,-5.282331511839706,0.046213350428111,75.03607503607503,7.333333333333332,98.69318181818181,42.72727272727273,66.36363636363637,47.04545454545455,62.38636363636364,63.44318181818181,46.97833523375142,62.497424717528766
6922,宸曜,電腦及週邊,204.0,-4.225352112676061,53337513.525,True,3.8922155688622757,88.57715430861724,39.41,2026-06-01,False,94.82758620689656,15.909090909090908,0.13705124598917579,90.2654867256637,-12.003333333333337,93.86363636363636,94.77272727272728,88.86363636363637,83.18181818181817,15.113636363636363,75.1590909090909,67.61687571265679,62.47240074634602
1709,和益,清潔劑,28.0,2.1897810218978186,123694849.64750001,True,79.5343800757986,27.120908483633933,70.14,2026-06-01,False,40.0,2.3765996343692817,0.04862786481263694,99.64412811387899,43.870000000000005,40.17045454545455,73.29545454545455,67.1590909090909,98.06818181818183,94.0909090909091,74.55681818181817,84.60661345496008,62.38744881828548
4967,十銓,半導體,279.5,1.821493624772308,1133154019.75,True,0.06802721088435373,97.1943887775551,35.0,2026-06-01,False,98.46153846153847,21.25813449023861,0.06902277913526694,91.78981937602627,-40.39999999999999,96.5909090909091,97.1590909090909,75.3409090909091,86.02272727272727,4.772727272727273,71.97727272727272,63.85404789053592,62.32714833627035
8096,擎亞,電子通路,125.5,3.292181069958855,512636671.6,True,83.6248012718601,23.04609218436874,433.49,2026-06-01,False,21.153846153846153,-14.04109589041096,-0.043141952534889894,74.04129793510324,230.37333333333333,21.420454545454547,15.227272727272728,22.727272727272727,43.97727272727273,98.97727272727272,40.465909090909086,98.51767388825542,62.17203210842749
2605,新興,海運,32.55,-0.6106870229007688,173795741.5075,True,0.0,98.9311957247829,51.62,2026-06-01,False,100.0,2.8436018957345928,0.09494285065537937,75.08650519031141,31.009999999999998,98.69318181818181,74.0909090909091,81.02272727272727,47.159090909090914,90.56818181818181,78.30681818181819,76.73888255416192,62.12506154763139
2376,技嘉,電腦及週邊,375.5,7.132667617689026,2716316244.075,True,59.12290200324851,43.75417501670007,68.55,2026-06-01,False,60.3448275862069,9.156976744186046,0.09901613849845402,94.11027568922306,19.486666666666665,61.59090909090909,88.18181818181819,81.93181818181819,91.02272727272728,83.29545454545455,81.20454545454547,84.03648802736602,62.11707655229605
2836,高雄銀,本國銀行,11.9,0.42194092827005925,63813981.42499999,True,36.49160801299404,62.525050100200396,14.7,2026-06-01,False,66.66666666666666,-5.179282868525899,0.005628980162407668,91.53846153846155,1.953333333333335,67.5,43.18181818181818,47.38636363636364,85.3409090909091,42.84090909090909,57.25,37.45724059293045,61.77908287550534
3577,泓格,電腦及週邊,130.5,-1.1363636363636354,316004169.75,True,40.768814293448834,59.519038076152306,85.37,2026-06-01,False,72.41379310344827,3.571428571428571,0.002288167337450639,81.05590062111801,24.516666666666673,73.4090909090909,77.04545454545455,45.45454545454545,62.38636363636364,88.06818181818183,69.27272727272727,88.14139110604333,61.72284777651083
1307,三芳,石化,30.9,-0.3225806451612967,22693895.1525,True,1.136978884677856,93.42017368069472,11.11,2026-06-01,False,94.44444444444444,-4.62962962962963,-0.06316004735661268,82.62032085561498,1.5099999999999998,93.4090909090909,45.909090909090914,16.477272727272727,67.04545454545455,41.25,52.81818181818181,32.155074116305585,61.67513216544003
2316,楠梓電,印刷電路板,161.5,-6.104651162790697,417080343.9,True,47.915538711423935,53.674014696058784,27.83,2026-06-01,False,85.71428571428571,-9.523809523809524,-0.058787831274537426,68.86993603411514,-19.236666666666665,86.81818181818181,27.15909090909091,17.727272727272727,31.25,10.340909090909092,34.65909090909091,55.30216647662486,61.55281434642894
4949,有成精密,光電及I/O,70.0,-5.913978494623661,43783002.425,True,50.161812297734635,51.436205744822985,68.69,2026-06-01,False,61.111111111111114,-11.280101394169842,0.0434208795495074,64.81481481481481,22.53666666666666,62.32954545454545,21.59090909090909,65.0,20.909090909090907,86.25,51.2159090909091,84.15051311288484,61.449560096403026
1232,大統益,油脂飼料,155.0,0.3236245954692629,90006811.7,True,7.850568489442339,85.37074148296593,16.3,2026-06-01,False,90.0,1.9736842105263157,-0.011904340853128838,91.98813056379822,6.526666666666667,90.05681818181817,72.04545454545455,36.59090909090909,86.70454545454545,60.340909090909086,69.14772727272727,40.535917901938426,61.312956748211874
1419,新紡,成衣,65.3,-0.152905198776776,10449944.345,True,1.0828370330265296,93.65397461589846,17.98,2026-06-01,False,95.0,-2.245508982035928,0.0949187064037469,81.8295739348371,-1.9766666666666666,94.0340909090909,55.56818181818181,80.9090909090909,64.31818181818181,31.931818181818183,65.35227272727272,42.41733181299886,61.30035568052244
2547,日勝生,建設,10.1,-4.2654028436019065,32476130.630000003,True,84.0909090909091,22.31128924515698,141.99,2026-06-01,False,6.779661016949152,-8.597285067873313,0.10721288422279904,87.06896551724138,77.05333333333334,4.772727272727273,30.454545454545457,83.97727272727272,76.93181818181817,96.81818181818181,58.590909090909086,93.84264538198404,61.27316134549601
7712,博盛半導體,半導體,151.0,3.7800687285223455,49916075.975,True,52.67175572519084,49.43219772879092,49.37,2026-06-01,False,64.61538461538461,-8.484848484848486,-0.0218250154292094,70.72599531615926,31.043333333333333,65.45454545454545,30.909090909090907,31.818181818181817,35.45454545454545,90.68181818181819,50.86363636363636,74.80045610034207,61.20011402508552
2745,五福,旅行社,88.5,-0.33783783783783994,17383478.305,True,3.8461538461538463,88.67735470941884,5.98,2026-06-01,False,100.0,-14.492753623188406,-0.16727899918676767,70.8,-7.366666666666669,98.69318181818181,13.977272727272727,2.840909090909091,35.68181818181818,19.318181818181817,34.10227272727273,24.401368301026224,61.199773893438376
2511,太子,建設,8.29,0.48484848484846577,16515466.050999999,True,57.11965349214944,45.62458249832999,76.56,2026-06-01,False,33.89830508474576,-2.927400468384075,-0.09106996447765695,87.26315789473684,55.986666666666665,33.29545454545455,52.72727272727272,9.318181818181818,77.38636363636363,96.13636363636363,53.772727272727266,86.65906499429875,61.153402612211046
2801,彰銀,本國銀行,23.7,2.5974025974025983,893241087.8325001,True,33.02652950730915,64.59585838343354,9.51,2026-06-01,False,88.88888888888889,-0.21052631578947667,-0.09133542382180723,93.30708661417323,-4.789999999999999,89.26136363636363,63.97727272727273,9.090909090909092,89.31818181818181,24.772727272727273,55.2840909090909,29.874572405929307,61.11921128330051
6613,朋億*,電子設備,266.5,2.303262955854124,142936901.85,True,95.23551705468327,9.886439545758183,120.45,2026-06-01,False,22.666666666666664,-27.6797829036635,-0.1481955350149008,68.33333333333333,42.78666666666666,23.068181818181817,1.25,3.75,29.772727272727273,93.86363636363636,30.340909090909086,92.36031927023946,60.987807090287134
3485,敘豐,電子設備,217.0,5.853658536585371,36227237.05,True,1.4492753623188406,92.65197060788243,22.45,2026-06-01,False,96.0,-18.726591760299627,0.00899244563934026,56.144890038809834,6.753333333333332,95.0,7.840909090909092,48.97727272727273,8.409090909090908,60.909090909090914,44.22727272727273,48.118586088939566,60.921691976780345
3708,上緯投控,樹脂,104.0,1.4634146341463428,46605766.92,True,1.028695181375203,93.72077488309954,61.7,2026-06-01,False,100.0,1.4634146341463417,0.020921040338783555,70.03367003367003,5.150000000000013,98.69318181818181,70.56818181818181,55.68181818181818,33.75,54.20454545454545,62.57954545454545,81.52793614595211,60.85073403648803
2347,聯強,電子通路,91.6,0.659340659340657,488057798.78999996,True,70.87168381158637,35.136940547762194,135.45,2026-06-01,False,38.46153846153847,5.045871559633017,0.18582857044260662,94.33573635427395,19.44999999999999,38.29545454545455,80.68181818181817,94.0909090909091,92.04545454545455,82.95454545454545,77.61363636363636,93.5005701254276,60.789915258629634
8210,勤誠,電子零組件,1005.0,-0.9852216748768461,1490296761.15,True,74.71575527883053,31.529726118904478,98.03,2026-06-01,False,51.35135135135135,-12.22707423580786,-0.05246472451262423,64.63022508038586,51.373333333333335,51.87500000000001,18.977272727272727,19.43181818181818,20.227272727272727,95.45454545454545,41.19318181818181,89.85176738882555,60.74419184720639
9942,茂順,汽車組件,116.0,-1.276595744680853,19248246.0,True,61.451001624255554,42.35136940547763,26.64,2026-06-01,False,43.24324324324324,-5.3061224489795915,0.07525781284540321,92.43027888446214,9.506666666666668,43.97727272727273,42.5,77.5,87.5,67.38636363636363,63.77272727272727,53.70581527936146,60.67077200165855
4506,崇友,其他電製品,123.0,0.8196721311475308,12851051.175,True,48.456957227937195,53.17301269205077,12.28,2026-06-01,False,85.71428571428571,0.40816326530612246,0.24506483321357606,92.83018867924528,6.556666666666667,86.81818181818181,66.93181818181819,97.5,88.63636363636364,60.56818181818182,80.0909090909091,33.8654503990878,60.59704441795377
5515,建國,營造,45.9,5.154639175257736,25108120.4775,True,5.955603681645912,86.23914495657982,24.55,2026-06-01,False,80.0,9.415971394517271,0.06006907982853022,100.0,6.376666666666669,81.02272727272727,88.29545454545455,72.8409090909091,99.20454545454545,59.43181818181819,80.1590909090909,50.22805017103763,60.53996708821394
9911,櫻花,五金及家具,82.1,-0.243013365735123,29159634.975,True,24.959393611261504,70.64128256513025,6.72,2026-06-01,False,90.9090909090909,-2.145411203814078,-0.09518380475835671,88.94907908992415,-0.5533333333333337,90.85227272727273,55.79545454545455,8.409090909090908,80.3409090909091,34.88636363636364,54.05681818181819,26.225769669327253,60.405874235513636
6914,阜爾運通,其他運儲,147.5,0.0,11248717.85,True,8.483754512635379,84.76953907815631,11.19,2026-06-01,False,84.95276653171389,1.3745704467353952,0.11002145344835886,95.16129032258065,2.9000000000000004,86.02272727272727,70.45454545454545,84.6590909090909,93.4090909090909,46.70454545454545,76.24999999999999,32.2690992018244,60.31159298227428
3023,信邦,電子零組件,315.5,-0.9419152276295084,527539565.975,True,64.21223605847321,39.67935871743487,17.59,2026-06-01,False,62.83783783783784,-1.8662519440124419,0.0004541283636935602,93.7592867756315,0.8933333333333309,64.31818181818181,57.15909090909091,44.65909090909091,90.11363636363636,39.43181818181819,59.13636363636364,42.18928164196123,59.86550222867212
2542,興富發,建設,44.8,0.561167227833903,361109017.7225,True,20.519761775852736,75.08350033400134,16.47,2026-06-01,False,77.96610169491525,3.107019562715752,0.0588709573650594,95.8288770053476,-2052.976666666667,78.86363636363637,75.45454545454545,72.61363636363637,94.31818181818183,0.3409090909090909,64.31818181818181,40.820980615735465,59.63706333575206
1402,遠東新,人纖,27.55,0.9157509157509125,514304283.89,True,44.93773687060097,55.81162324649298,12.06,2026-06-01,False,77.77777777777779,0.0,0.4279919774328248,94.18803418803418,-3.2200000000000006,78.4659090909091,64.94318181818181,100.0,91.47727272727273,28.863636363636363,72.75,33.409350057012546,59.602337514253136
3045,台灣大,通信網路,109.5,0.0,1449015390.075,True,0.16242555495397942,96.32598530394122,6.57,2026-06-01,False,96.15384615384616,0.45871559633027525,0.28159795254719705,90.87136929460581,2.4833333333333334,95.17045454545455,67.1590909090909,98.97727272727272,84.54545454545455,45.22727272727273,78.2159090909091,25.769669327251993,59.581621877267544
6829,千附精密,電子設備,211.0,2.4271844660194164,199734605.65,True,96.0,8.750835003340013,69.4,2026-06-01,False,14.666666666666666,-17.898832684824903,-0.015286172054885697,75.89928057553958,24.46666666666667,13.522727272727272,9.090909090909092,35.11363636363637,49.43181818181818,87.95454545454545,39.02272727272727,84.37856328392246,59.5605499118897
8462,柏文,其他,179.0,5.604719764011801,36134059.725,True,5.088062622309197,86.70674682698731,20.11,2026-06-01,False,82.6086956521739,11.180124223602485,0.16553337141572436,100.0,-0.18666666666666742,83.75,90.56818181818181,92.38636363636363,99.20454545454545,35.79545454545455,80.3409090909091,45.1539338654504,59.38507437545351
4931,新盛力,電子零組件,267.0,4.705882352941182,1245761503.25,True,79.74598930481284,26.920507682030724,145.09,2026-06-01,False,44.5945945945946,19.196428571428573,0.061370098915835246,95.52772808586762,4.719999999999999,45.68181818181819,96.25,73.4090909090909,93.75,53.63636363636364,72.54545454545455,94.18472063854047,59.34163470508966
3135,凌航,半導體,165.5,-0.8982035928143728,346340856.25,True,0.0,98.9311957247829,150.02,2026-06-01,False,100.0,2.7950310559006213,-0.02834185418459188,63.53166986564299,-180.75333333333336,98.69318181818181,73.86363636363636,28.295454545454547,18.181818181818183,1.5909090909090908,44.12500000000001,94.2987457240593,59.32752734010573
6725,矽科宏晟,電子設備,246.5,1.4403292181069949,36779617.225,True,33.108108108108105,64.52905811623246,15.91,2026-06-01,False,88.0,-21.99367088607595,-0.006730249139336177,60.26894865525673,18.61,88.52272727272728,4.886363636363637,40.22727272727273,13.522727272727272,81.81818181818183,45.79545454545455,39.33865450399088,59.124436353270454
3013,晟銘電,電子零組件,86.7,0.8139534883720989,121726812.65,True,24.041585445094217,71.67668670674684,26.51,2026-06-01,False,87.83783783783784,-11.530612244897956,0.06176665931738898,61.92857142857143,3.5500000000000043,88.29545454545455,20.795454545454543,73.63636363636363,15.909090909090908,49.09090909090909,49.54545454545455,52.79361459521095,59.05067637607546
3231,緯創,電腦及週邊,193.5,1.308900523560208,18100829893.975,True,59.66432051976177,43.28657314629258,53.85,2026-06-01,False,57.758620689655174,32.98969072164948,0.15120933554084187,99.23076923076923,-14.509999999999998,58.46590909090909,98.63636363636363,90.3409090909091,97.72727272727273,13.40909090909091,71.7159090909091,78.10718358038768,58.91600044055147
3702,大聯大,電子通路,122.5,-2.39043824701195,1358359511.5,True,77.15213860314023,29.091516366065463,131.85,2026-06-01,False,31.73076923076923,5.150214592274678,-0.0026485444314390295,94.23076923076923,47.349999999999994,31.25,81.36363636363636,42.72727272727273,91.81818181818183,94.88636363636364,68.4090909090909,93.38654503990878,58.77277262361356
5439,高技,印刷電路板,245.5,2.079002079002068,566485932.125,True,43.80075798592312,57.214428857715426,22.13,2026-06-01,False,88.09523809523809,-17.06081081081081,-0.08458330963201809,55.60588901472253,-13.399999999999995,88.75,10.227272727272728,10.340909090909092,7.840909090909092,14.09090909090909,26.25,47.890535917901936,58.56354307038457
2030,彰源,基本金屬,21.55,1.891252955082745,35406366.254999995,True,34.71444568868981,63.326653306613224,33.89,2026-06-01,False,68.29268292682927,21.408450704225356,0.1722457806224586,100.0,6.933333333333334,69.31818181818183,97.27272727272728,93.29545454545455,99.20454545454545,61.47727272727273,84.11363636363637,62.82782212086659,58.51945553021665
5880,合庫金,金融控股,24.1,0.4166666666666652,739203804.3225,True,43.47590687601516,57.548430193720776,-8.4,2026-06-01,False,92.3076923076923,-4.930966469428007,0.16475182113987813,87.31884057971014,-39.89,91.875,44.43181818181819,92.27272727272727,77.61363636363636,4.886363636363637,62.215909090909086,8.779931584948688,58.45918744169171
6667,信紘科,電子設備,229.5,1.7738359201773912,49924149.75,True,23.17271250676773,72.67869071476287,-2.5,2026-06-01,False,90.66666666666666,-11.218568665377177,-0.04281862760469474,76.24584717607974,-5.23,90.56818181818181,21.704545454545453,22.954545454545457,50.34090909090909,23.636363636363637,41.840909090909086,14.02508551881414,58.307407743339894
6505,台塑化,輕油裂解,70.2,-1.2658227848101111,4650521918.7300005,True,1.391304347826087,92.71877087508351,18.46,2026-06-01,False,92.84750337381917,-3.5714285714285636,0.026537085983419573,75.32188841201717,-7.656666666666663,92.27272727272727,50.227272727272734,57.95454545454546,48.06818181818181,19.090909090909093,53.52272727272727,43.10148232611174,58.30377967243702
1795,美時,藥,188.5,-0.2645502645502673,288476808.425,True,9.36654033567948,84.23513694054776,225.46,2026-06-01,False,68.18181818181817,-6.91358024691358,0.058826544651971645,51.92837465564738,108.40666666666667,69.0909090909091,36.81818181818181,72.5,4.204545454545454,98.06818181818183,56.13636363636364,96.57924743443557,58.264130040427084
6122,擎邦,工程承攬,46.6,-0.1071811361200381,16593555.382500002,True,23.046875,72.812291249165,20.25,2026-06-01,False,60.0,-12.24105461393597,-0.13227782620021877,74.32216905901117,24.19333333333333,60.79545454545454,18.863636363636363,4.659090909090909,45.11363636363636,87.72727272727273,43.43181818181819,45.61003420752566,58.16387218824505
6133,金橋,電子零組件,22.25,1.1363636363636465,15281671.4475,True,28.387533875338754,68.00267201068804,15.35,2026-06-01,False,87.16216216216216,-4.71092077087795,-0.07434387292012898,76.8566493955095,8.033333333333333,87.61363636363636,45.56818181818182,13.636363636363635,52.27272727272727,63.97727272727273,52.61363636363636,38.19840364880274,58.12914636674614
3528,安馳,電子通路,89.3,-1.8681318681318726,31155942.96000001,True,3.4650785056848945,89.04475617902472,57.4,2026-06-01,False,92.3076923076923,-1.7601760176017693,-0.04593437674421234,63.78571428571428,-11.756666666666668,91.875,57.61363636363637,21.363636363636363,18.522727272727273,15.227272727272728,40.92045454545455,79.01938426453819,57.950868793407274
6799,來頡,半導體,85.5,-0.1168224299065379,38332304.260000005,True,11.702127659574469,82.56513026052104,6.47,2026-06-01,False,89.23076923076924,-7.567567567567568,-0.11506569918989228,76.68161434977578,0.4033333333333333,89.43181818181817,34.77272727272727,6.363636363636363,51.70454545454546,37.61363636363637,43.977272727272734,25.37058152793615,57.93355447289313
5410,國眾,電子通路,35.2,1.5873015873016039,21437858.865000002,True,12.615051434759069,81.4629258517034,11.87,2026-06-01,False,86.53846153846155,-8.452535760728217,-0.17807573142439106,73.33333333333334,-99.25333333333333,87.27272727272727,31.022727272727273,2.3863636363636367,42.38636363636364,2.272727272727273,33.06818181818182,33.0672748004561,57.92590960920493
1608,華榮,電纜,37.95,4.115226337448563,199323131.4075,True,0.3250975292587776,95.45758183032731,13.35,2026-06-01,False,100.0,13.114754098360674,0.12478686334413798,93.58816276202221,3.6099999999999994,98.69318181818181,92.5,87.38636363636364,90.0,49.43181818181818,83.60227272727272,35.11972633979475,57.82822703949414
6026,福邦證,證券,14.65,5.017921146953408,18454271.525,True,31.085918854415272,65.99866399465598,1448.39,2026-06-01,False,37.5,-2.333333333333331,-0.13882622838700948,75.90673575129534,809.6866666666667,37.04545454545455,55.00000000000001,4.318181818181818,49.54545454545455,99.77272727272727,49.13636363636364,99.65792474344356,57.81220845858816
2442,新美齊,建設,19.6,0.512820512820511,25934918.71,True,15.218658892128282,79.42551770207082,220.09,2026-06-01,False,83.05084745762711,1.5544041450777237,0.09737947858312633,65.33333333333334,97.56333333333332,84.20454545454545,71.25,81.70454545454545,22.045454545454547,97.72727272727273,71.38636363636364,96.23717217787913,57.80929304446978
2413,環科,電子零組件,45.75,3.3898305084745672,39185374.685,True,0.2849002849002849,95.7247828991316,33.55,2026-06-01,False,99.32432432432432,1.328903654485053,0.061181815224952904,73.2,3.2366666666666646,97.27272727272728,70.3409090909091,73.29545454545455,41.93181818181818,47.61363636363637,66.0909090909091,62.37172177879133,57.80883953560693
6831,邁科,電子零組件,678.0,9.886547811993518,515460691.475,True,33.13953488372093,64.4622578490314,29.3,2026-06-01,False,84.45945945945947,-4.507042253521127,-0.03139972338513612,70.92050209205021,31.23,85.22727272727273,46.93181818181818,27.386363636363637,36.13636363636364,90.79545454545455,57.29545454545455,56.67046750285063,57.7755714211672
6658,聯策,電子設備,167.0,4.374999999999996,71005657.3,True,54.68053491827637,48.02939211756847,51.6,2026-06-01,False,80.0,-4.297994269340974,-0.013246262265845608,64.98054474708171,42.21333333333334,81.02272727272727,47.840909090909086,35.90909090909091,21.25,93.75,55.95454545454545,76.6248574686431,57.76416891261532
2471,資通,資訊服務,50.1,0.0,10227982.5675,True,12.77747698971305,81.22912491649966,0.37,2026-06-01,False,71.11111111111111,-4.9335863377609135,-0.2200177866319114,91.42335766423358,-3.0899999999999994,72.04545454545455,44.31818181818182,1.1363636363636365,85.11363636363637,29.659090909090907,46.45454545454545,18.129988597491447,57.74272442210014
6285,啟碁,通信網路,251.5,-0.9842519685039353,1947762055.6,True,94.2609637249594,11.15564462257849,84.37,2026-06-01,False,25.0,-5.805243445692884,0.010525220771901737,78.84012539184953,39.42333333333334,25.624999999999996,40.56818181818182,49.65909090909091,56.93181818181819,93.18181818181817,53.19318181818181,87.9133409350057,57.47549432466052
5243,乙盛-KY,電子零組件,91.4,3.5107587768969495,119716054.86999997,True,59.23118570655116,43.587174348697395,38.27,2026-06-01,False,66.8918918918919,-7.676767676767671,0.05506200390267635,67.70370370370371,29.560000000000002,68.06818181818181,34.43181818181818,70.45454545454545,28.522727272727273,90.3409090909091,58.36363636363636,67.16077537058153,57.329966569918106
8086,宏捷科,半導體,119.0,2.145922746781115,339269554.05,True,5.323653962492438,86.5063460253841,16.05,2026-06-01,False,90.76923076923077,-9.848484848484848,-0.05797080345578363,66.4804469273743,-18.09,90.68181818181819,26.136363636363637,17.84090909090909,24.772727272727273,10.909090909090908,34.06818181818182,39.68072976054732,57.24972789468228
3130,一零四,數位雲端,207.0,1.9704433497536922,18127094.575,True,2.2198159177043855,91.18236472945893,7.87,2026-06-01,False,86.95652173913044,1.4705882352941175,-0.45498739362488894,90.39301310043668,-1.3333333333333348,87.5,70.68181818181817,0.11363636363636363,83.52272727272727,32.84090909090909,54.93181818181817,28.164196123147097,57.12627630351405
3441,聯一光,消費性電子,87.2,9.962168978562435,1418805904.395,True,51.1127063890883,50.50100200400801,73.63,2026-06-01,False,50.0,34.77588871715611,-0.0021478622063565373,93.96551724137932,18.72333333333333,50.73863636363637,98.86363636363636,43.18181818181818,90.68181818181819,82.04545454545455,73.10227272727273,85.86088939566704,57.104426894371315
1580,新麥,機械,110.5,-2.643171806167399,10903783.125,True,2.273957769355712,90.91516366065464,3.17,2026-06-01,False,97.05882352941177,-5.150214592274678,-0.04292067293448673,78.09187279151944,9.153333333333334,95.68181818181817,43.29545454545455,22.840909090909093,55.00000000000001,66.13636363636364,56.590909090909086,20.980615735461804,57.09174484295636
5609,中菲行,貨運倉儲,78.7,-0.8816120906801062,13985936.709999999,True,61.88413643746616,41.81696726786907,35.26,2026-06-01,False,35.714285714285715,-0.7566204287515692,0.17012920576086948,93.80214541120381,6.496666666666666,34.88636363636364,61.47727272727273,92.95454545454545,90.3409090909091,60.11363636363637,67.95454545454545,64.42417331812999,57.043543329532504
6642,富致,電子零組件,86.0,0.0,34914671.185,True,76.46356033452808,29.592518370073478,52.49,2026-06-01,False,47.2972972972973,8.723135271807845,0.049132785550286245,93.57997823721436,23.520000000000003,48.06818181818181,87.38636363636364,67.72727272727272,89.88636363636363,87.27272727272727,76.0681818181818,77.30900798175598,56.96929744998445
3706,神達,電腦及週邊,92.4,2.666666666666684,1156358467.77,True,73.09149972929075,33.13293253173013,80.93,2026-06-01,False,36.206896551724135,1.65016501650165,0.15456851549470108,86.35514018691589,26.89666666666667,35.56818181818181,71.36363636363636,91.13636363636364,75.79545454545455,88.86363636363637,72.54545454545455,87.62827822120866,56.90706955530216
6491,晶碩,醫療耗材,378.0,0.0,200936931.15,True,26.786786786786788,69.33867735470942,33.94,2026-06-01,False,42.42424242424242,3.5616438356164384,0.17718457429138362,99.73614775725594,3.756666666666664,43.06818181818181,76.93181818181817,93.52272727272727,98.18181818181819,50.11363636363636,72.36363636363636,63.169897377423034,56.87201979890122
5871,中租-KY,租賃,113.5,-1.7316017316017285,1074962414.575,True,27.12506767731456,69.13827655310621,-0.82,2026-06-01,False,69.23076923076923,-4.621848739495799,0.22966552316417274,91.90283400809717,0.31000000000000016,70.17045454545455,46.02272727272727,97.04545454545455,86.36363636363636,37.38636363636363,67.39772727272728,16.305587229190422,56.70423771638851
4542,科嶠,電子設備,282.5,2.914389799635697,186817369.95,True,89.72644376899696,16.76686706746827,102.05,2026-06-01,False,30.666666666666664,-24.059139784946236,-0.05428224137688681,57.18623481781376,46.39,30.34090909090909,3.5227272727272725,18.522727272727273,9.431818181818182,94.43181818181819,31.25,90.53591790193842,56.69647947548461
5876,上海商銀,本國銀行,42.85,-0.5800464037122977,612458232.365,True,36.275040606388735,62.658650634602544,-4.39,2026-06-01,False,77.77777777777779,-3.9237668161434973,0.27757851881696166,91.17021276595744,-2.3066666666666666,78.4659090909091,48.86363636363637,98.63636363636363,85.0,31.25,68.44318181818183,11.972633979475484,56.64372667668705
4576,大銀微系統,機械,227.0,3.89016018306636,385029553.975,True,41.122071516646116,59.25183700734803,62.56,2026-06-01,False,73.52941176470588,10.194174757281553,0.046224682871707924,79.78910369068541,12.266666666666673,74.54545454545455,89.31818181818181,66.47727272727273,59.43181818181819,72.95454545454545,72.54545454545455,81.87001140250855,56.63227557789987
3324,雙鴻,電子零組件,1050.0,0.4784688995215225,2783515647.0,True,53.32972387655658,48.897795591182366,62.13,2026-06-01,False,73.64864864864865,17.1875,0.07314778880823124,82.03125,-3.463333333333331,74.88636363636364,95.79545454545455,76.13636363636364,65.22727272727272,27.954545454545453,67.99999999999999,81.64196123147093,56.490035762413186
7795,長廣,電子設備,506.0,10.000000000000009,444818036.35,True,97.79411764705883,4.208416833667335,62.55,2026-06-01,False,9.333333333333334,-14.527027027027026,-0.155800443797805,75.97597597597597,29.019999999999996,8.068181818181818,13.863636363636363,3.295454545454545,49.88636363636363,90.11363636363636,33.04545454545455,81.75598631698973,56.46172385197471
6244,茂迪,光電及I/O,24.3,0.8298755186721962,77137464.80999999,True,60.99236641221374,42.418169672678694,65.82,2026-06-01,False,44.44444444444444,-8.988764044943816,0.011276696053686034,66.94214876033058,26.919999999999995,45.34090909090909,29.204545454545457,50.0,26.590909090909093,88.97727272727273,48.02272727272727,83.0102622576967,56.43438374624236
6741,91APP*-KY,數位雲端,55.8,0.540540540540535,15644816.264999997,True,0.9448818897637795,93.9879759519038,32.45,2026-06-01,False,95.65217391304348,-3.793103448275867,0.27262163423508795,64.13793103448275,0.393333333333338,94.60227272727273,49.43181818181818,98.4090909090909,19.545454545454547,37.5,59.89772727272727,60.889395667046756,56.40132618948897
2897,王道銀行,本國銀行,10.1,-0.49261083743843415,57876308.5475,True,60.69301570113698,42.55177020708083,14.1,2026-06-01,False,44.44444444444444,-3.809523809523813,0.08688239983304653,94.8356807511737,-13.699999999999998,45.34090909090909,49.09090909090909,79.43181818181819,92.8409090909091,13.977272727272727,56.13636363636365,36.14595210946408,56.30921530009329
2637,慧洋-KY,海運,88.0,0.8018327605956443,206165068.79500002,True,67.51488900920411,37.27454909819639,57.92,2026-06-01,False,27.27272727272727,4.88676996424314,0.19982774996118224,99.88649262202044,16.24666666666667,27.670454545454547,80.11363636363636,95.3409090909091,98.29545454545455,79.31818181818183,76.14772727272728,79.36145952109464,56.30343306209184
6805,富世達,電子零組件,1835.0,2.5139664804469275,2530600608.75,True,11.676646706586826,82.6319305277221,32.66,2026-06-01,False,95.94594594594594,31.54121863799283,-0.004597374129708493,82.84424379232506,-10.31666666666667,94.88636363636364,98.52272727272727,41.47727272727273,67.61363636363636,16.477272727272727,63.79545454545455,61.00342075256556,56.24517336995957
9917,中保科,保全,107.5,0.0,65099437.325,True,1.245262587980509,92.98597194388778,2.56,2026-06-01,False,93.11740890688259,0.46728971962616817,0.22793617974777258,88.11475409836066,0.29666666666666686,92.61363636363636,67.27272727272727,96.93181818181819,79.43181818181819,37.27272727272727,74.70454545454545,19.726339794754846,56.124766766870536
8341,日友,資源回收,76.6,-0.39011703511054874,15576789.620000001,True,0.0,98.9311957247829,6.99,2026-06-01,False,95.65217391304348,0.5249343832020885,0.17140235102395196,83.71584699453551,-16.006666666666668,94.60227272727273,67.5,93.06818181818181,69.54545454545455,12.5,67.44318181818183,26.567844925883694,55.80389304965274
7780,大研生醫*,藥,16.8,0.0,15324454.612500003,True,0.0,98.9311957247829,37.7,2026-06-01,False,97.72727272727273,-5.882352941176474,-0.052728021610194506,4.8554913294797695,1.9266666666666694,96.13636363636363,40.22727272727273,19.204545454545453,0.11363636363636363,42.72727272727273,39.68181818181818,66.81870011402509,55.71035684668809
6166,凌華,電腦及週邊,137.0,0.7352941176470562,748894038.475,True,23.516110797060485,72.21108884435537,25.89,2026-06-01,False,86.20689655172413,5.7915057915057915,0.011381728533062446,82.28228228228228,-30.279999999999994,87.1590909090909,82.5,50.11363636363636,65.9090909090909,6.363636363636363,58.4090909090909,52.109464082098064,55.66941147506997
4583,台灣精銳,機械,497.0,-0.6000000000000005,102661713.55,True,54.86981677917069,47.762191048764194,29.98,2026-06-01,False,58.82352941176471,-17.5787728026534,0.2805031974773124,61.131611316113165,6.006666666666668,59.31818181818181,9.545454545454547,98.75,14.545454545454545,58.06818181818182,48.04545454545455,58.09578107183581,55.603490722504404
2330,台積電,半導體,2415.0,0.8350730688935215,91790723679.5,True,97.347049269085,5.01002004008016,67.87,2026-06-01,False,5.384615384615385,-1.0245901639344261,-0.06787617925221566,96.21513944223108,29.383333333333333,3.6363636363636362,60.11363636363637,15.340909090909092,95.0,90.22727272727272,52.86363636363636,83.80843785632838,55.58279128226391
2059,川湖,金屬製品,12045.0,-2.192448233861144,5758524412.25,True,98.64645370871685,2.972611890447562,220.52,2026-06-01,False,28.57142857142857,41.705882352941174,0.03630100588887984,97.80755176613886,63.28333333333333,28.465909090909093,99.6590909090909,62.5,96.70454545454545,96.36363636363636,76.73863636363636,96.35119726339795,55.465640224940394
3037,欣興,印刷電路板,1000.0,0.8064516129032251,20864675343.05,True,86.68110449377369,19.57247828991316,36.31,2026-06-01,False,52.38095238095239,6.837606837606838,0.030694846676105184,92.16589861751152,4.20333333333334,53.18181818181819,84.0909090909091,60.22727272727273,87.04545454545455,51.47727272727273,67.20454545454547,65.56442417331813,55.42519695242044
6498,久禾光,消費性電子,75.2,2.3129251700680253,11960859.335,True,2.6490066225165565,90.31396125584502,8.38,2026-06-01,False,100.0,-12.04678362573099,0.09248319259530488,60.64516129032258,-16.576666666666668,98.69318181818181,19.65909090909091,80.56818181818181,13.863636363636363,11.818181818181818,44.92045454545455,28.62029646522235,55.379505934487405
2436,偉詮電,半導體,67.6,0.8955223880596996,230484846.74499997,True,0.9745533297238765,93.85437541750167,18.28,2026-06-01,False,96.15384615384616,7.643312101910824,0.0375996780811439,83.9751552795031,-6.676666666666666,95.17045454545455,86.13636363636363,63.06818181818182,69.6590909090909,20.227272727272727,66.85227272727272,42.7594070695553,55.363147221934284
9925,新保,保全,40.1,-0.12453300124531941,25293319.122500002,True,44.39631835408771,56.312625250501,3.31,2026-06-01,False,56.41025641025641,-3.140096618357481,-0.0037043782980895773,96.62650602409639,0.5066666666666668,56.81818181818182,52.04545454545455,42.38636363636364,95.45454545454545,37.84090909090909,56.9090909090909,21.20866590649943,55.358984658443035
2615,萬海,海運,87.1,0.0,915089295.805,True,52.31481481481482,49.56579826319305,32.7,2026-06-01,False,45.45454545454545,6.609547123623,0.2721289228159457,98.41807909604519,9.816666666666666,46.42045454545455,83.63636363636363,98.29545454545455,97.04545454545455,68.18181818181817,78.7159090909091,61.17445838084379,55.251000958847314
7750,新代,機械,2390.0,1.4861995753715496,664900793.25,True,46.54377880184332,54.575818303273216,151.4,2026-06-01,False,67.64705882352942,20.100502512562816,0.016303126204834074,77.85016286644951,39.890000000000015,68.75,96.70454545454545,52.95454545454545,54.43181818181818,93.4090909090909,73.25,94.4127708095781,55.22251088421271
2031,新光鋼,基本金屬,45.35,-1.6268980477223471,78550050.73500001,True,10.703363914373089,83.43353373413494,7.82,2026-06-01,False,87.8048780487805,12.670807453416153,0.18923355208916778,97.52688172043011,0.5166666666666684,88.18181818181819,91.70454545454545,94.43181818181819,96.36363636363636,37.95454545454545,81.72727272727272,27.936145952109463,55.19426376075464
1558,伸興,機械,97.0,1.6771488469601525,14550248.874999996,True,38.17000541418516,61.18904475617902,7.56,2026-06-01,False,82.35294117647058,4.301075268817205,0.06893756312883187,92.82296650717703,1.8399999999999999,83.29545454545455,78.63636363636364,75.22727272727273,88.52272727272728,42.04545454545455,73.54545454545456,27.366020524515395,55.1369596765834
2890,永豐金,金融控股,39.85,2.0486555697823317,1446634822.0575001,True,99.13373037357877,2.50501002004008,50.94,2026-06-01,False,15.384615384615385,-0.2503128911138959,0.1427733186180683,95.1073985680191,-22.723333333333343,14.488636363636365,63.74999999999999,89.43181818181817,93.29545454545455,8.636363636363637,53.92045454545454,76.39680729760548,55.107724551674096
6679,鈺太,半導體,212.0,0.4739336492890933,72653832.225,True,3.8461538461538463,88.67735470941884,9.93,2026-06-01,False,93.07692307692308,-12.757201646090536,-0.017477754229465584,61.3603473227207,-1.0700000000000003,92.38636363636363,17.84090909090909,33.75,15.113636363636363,33.75,38.56818181818182,30.444697833523378,55.02594718565357
2108,南帝,橡膠原料,30.85,3.6974789915966477,27930904.590000004,True,52.73416350839199,49.298597194388776,31.78,2026-06-01,False,49.32523616734143,7.304347826086961,0.19550270725329935,95.9564541213064,0.11333333333333329,49.77272727272727,85.3409090909091,95.11363636363637,94.6590909090909,36.81818181818181,72.3409090909091,59.863169897377425,54.73851974707163
2867,三商壽,壽險,9.43,-0.527426160337563,199223978.51250002,True,90.83333333333333,15.096860387441549,154.94,2026-05-01,False,15.182186234817813,6.553672316384182,0.3200221964656611,95.25252525252525,144.58666666666667,14.09090909090909,83.4090909090909,99.6590909090909,93.52272727272727,98.4090909090909,77.81818181818183,94.52679589509692,54.682835337410594
6446,藥華藥,藥,1440.0,-1.3698630136986356,4332036101.75,True,58.75912408759124,44.15497661990648,94.88,2026-06-01,False,25.0,9.090909090909092,0.002885185948355659,94.11764705882352,4.313333333333333,25.624999999999996,87.95454545454545,46.13636363636363,91.19318181818183,52.27272727272727,60.63636363636364,89.62371721778791,54.62183839535608
4771,望隼,醫療耗材,203.5,0.992555831265518,45471715.625,True,45.81196581196581,54.97661990647963,31.26,2026-06-01,False,30.303030303030305,-0.24509803921568626,0.10718733688332499,94.65116279069767,-5.956666666666667,29.772727272727273,63.86363636363637,83.86363636363636,92.27272727272727,21.818181818181817,58.31818181818181,59.293044469783354,54.368715662900385
6187,萬潤,電子設備,1155.0,10.000000000000009,3145971109.65,True,83.16188413643746,23.446893787575153,87.06,2026-06-01,False,44.0,6.944444444444445,0.03738437460676024,83.09352517985612,34.73666666666667,44.65909090909091,84.20454545454545,62.84090909090909,68.52272727272727,91.93181818181819,70.43181818181819,88.36944127708097,54.33667850108843
1723,中碳,其他化學,84.8,-0.46948356807512415,77417999.555,True,81.64591229020033,25.116900467601873,32.12,2026-06-01,False,25.0,-0.9345794392523332,0.06710026543788881,94.22222222222221,-11.700000000000003,25.624999999999996,60.56818181818182,74.31818181818181,91.70454545454545,15.340909090909092,53.511363636363626,60.43329532497149,54.29866474033378
3017,奇鋐,電子零組件,2910.0,5.434782608695654,11523916491.5,True,86.19382782891175,20.10688042752171,66.11,2026-06-01,False,35.810810810810814,34.41108545034642,0.08510613388796602,98.81154499151104,-0.013333333333335418,35.11363636363637,98.75,79.0909090909091,97.38636363636364,36.47727272727273,69.36363636363637,83.23831242873432,54.24707810718358
1476,儒鴻,成衣,324.5,-2.259036144578308,643422794.2,True,0.10828370330265295,96.79358717434869,14.42,2026-06-01,False,100.0,-1.9637462235649545,0.02741862269886155,71.7920353982301,10.63,98.69318181818181,56.59090909090909,58.18181818181818,37.84090909090909,69.77272727272728,64.2159090909091,36.830102622576966,54.19332111018969
2312,金寶,電腦及週邊,33.5,1.9786910197869156,547610438.4525,True,61.46627565982404,42.28456913827655,32.7,2026-06-01,False,53.44827586206896,-3.179190751445091,0.06939433147803421,77.18894009216591,25.663333333333334,53.86363636363637,51.70454545454546,75.45454545454545,53.18181818181819,88.29545454545455,64.5,61.17445838084379,54.12884186793822
6933,AMAX-KY,電腦及週邊,194.0,3.1914893617021267,103843661.625,True,25.85949177877429,69.67267869071476,26.6,2026-06-01,False,84.48275862068965,13.78299120234604,0.032698063339188226,84.71615720524017,-23.383333333333326,85.3409090909091,93.06818181818181,61.13636363636363,70.9090909090909,8.295454545454547,63.75,53.19270239452679,54.09363014408624
8299,群聯,半導體,2210.0,5.741626794258381,9181837808.0,True,74.17433676231727,32.06412825651302,301.0,2026-06-01,False,46.15384615384615,4.98812351543943,-0.015183810490594186,76.73611111111111,21.379999999999995,47.04545454545455,80.45454545454545,35.22727272727273,51.93181818181818,85.11363636363637,59.95454545454545,97.49144811858609,54.00354384782834
4707,磐亞,清潔劑,33.0,10.000000000000009,150720661.1625,True,99.1878722252301,2.404809619238477,30.81,2026-06-01,False,20.0,-21.334922526817646,-0.010282195320147337,73.33333333333333,38.58,19.772727272727273,5.227272727272727,37.72727272727273,42.27272727272727,93.06818181818181,39.61363636363636,59.064994298745724,53.97079402923189
2535,達欣工,營造,88.8,0.3389830508474523,33890501.629999995,True,26.204656199242017,69.60587842351369,19.94,2026-06-01,False,53.333333333333336,0.794551645856984,-0.03239635894215575,91.83040330920372,19.6,53.57954545454545,68.86363636363636,26.590909090909093,86.13636363636363,83.63636363636363,63.761363636363626,44.925883694412775,53.94453910542137
4566,時碩工業,汽車組件,72.4,2.840909090909083,273311517.295,True,71.87675070028011,34.06813627254509,44.39,2026-06-01,False,37.83783783783784,7.738095238095243,0.05255208681585984,94.88859764089122,24.436666666666667,37.55681818181818,86.25,69.0909090909091,93.06818181818181,87.8409090909091,74.76136363636365,71.37970353477765,53.93867588369441
2072,世紀風電,基本金屬,151.0,-0.983606557377048,74950915.7,True,0.0,98.9311957247829,101.11,2026-06-01,False,100.0,3.4246575342465753,-0.0338554899381727,48.089171974522294,14.266666666666652,98.69318181818181,76.70454545454545,26.022727272727273,2.840909090909091,76.02272727272728,56.05681818181817,90.19384264538198,53.75584702498186
6292,迅德,電子零組件,66.3,0.9132420091324089,18799043.5725,True,53.70871683811587,48.63059452237809,20.24,2026-06-01,False,72.2972972972973,22.324723247232463,-0.009882689250641485,94.8497854077253,-22.33666666666667,73.29545454545455,97.61363636363637,38.06818181818182,92.95454545454545,8.977272727272727,62.18181818181819,45.49600912200684,53.53309318959262
5511,德昌,營造,72.1,1.6925246826515972,21092817.494999997,True,2.5446670276123444,90.5811623246493,3.9,2026-06-01,False,93.33333333333333,6.342182890855454,-0.10104831018920633,89.67661691542287,-3.47,92.89772727272727,83.06818181818181,7.727272727272727,81.5909090909091,27.84090909090909,58.624999999999986,21.664766248574686,53.27130519850731
2383,台光電,印刷電路板,5730.0,3.5230352303523116,12069710008.25,True,96.04764482945318,8.550434201736808,120.69,2026-06-01,False,20.238095238095237,12.795275590551181,-0.025791542108451096,94.24342105263158,11.043333333333337,20.511363636363637,91.93181818181819,29.772727272727273,91.93181818181819,70.56818181818181,60.94318181818183,92.47434435575826,53.24642699803047
3217,優群,電子零組件,148.0,0.0,90404693.125,True,10.503519220357337,83.63393453573813,2.42,2026-06-01,False,96.62162162162163,-6.329113924050633,-0.128508222405359,71.49758454106279,11.92,95.45454545454545,39.54545454545455,5.0,37.38636363636363,72.38636363636364,49.95454545454545,19.61231470923603,53.22694231367264
7768,頌勝科技,樹脂,270.0,5.263157894736836,30824092.875,True,25.0,70.50768203072812,11.91,2026-06-01,False,78.57142857142857,-18.91891891891892,0.1210360268719856,55.27123848515865,5.323333333333334,79.6590909090909,7.613636363636364,86.5909090909091,7.5,55.11363636363637,47.29545454545455,33.181299885974916,53.18168860785737
2880,華南金,金融控股,43.2,-1.0309278350515316,1215518643.165,True,86.46453708716838,19.87307949231797,,2026-06-01,False,53.84615384615385,11.1969111969112,0.04579069420123655,97.2972972972973,17.623333333333335,54.03409090909091,90.68181818181819,66.25,96.13636363636363,80.9090909090909,77.60227272727272,,53.16287878787878
2027,大成鋼,基本金屬,46.85,0.8611410118406937,860983466.0199999,True,53.149370125974805,49.0313961255845,43.73,2026-06-01,False,36.58536585365854,13.438256658595654,0.19516966848842968,99.04862579281185,2.4199999999999946,36.36363636363637,92.61363636363636,94.88636363636364,97.61363636363637,45.0,73.29545454545455,70.69555302166476,53.01479734632528
3178,公準,電子設備,58.8,1.2048192771084265,13599594.655000005,True,95.41939321832243,9.55243820975284,36.03,2026-06-01,False,20.0,-8.553654743390359,0.023330675422593275,79.13862718707941,21.623333333333335,19.772727272727273,30.681818181818183,56.81818181818182,57.61363636363637,85.3409090909091,50.04545454545455,64.88027366020525,52.896204778687675
6719,力智,半導體,206.0,-0.2421307506053294,336935258.7,True,16.877256317689532,77.9559118236473,-3.56,2026-06-01,False,84.61538461538461,-16.93548387096774,-0.026854753094832273,65.92,4.866666666666665,85.56818181818183,10.340909090909092,29.318181818181817,23.40909090909091,53.97727272727273,40.52272727272727,12.656784492588368,52.823287032238
2607,榮運,貨運倉儲,50.5,3.696098562628336,22128666.305,True,23.82241472658365,71.87708750835003,25.41,2026-06-01,False,71.42857142857143,7.446808510638298,0.18702069824054204,85.16020236087691,5.366666666666667,72.67045454545455,85.79545454545455,94.20454545454545,72.72727272727273,55.45454545454545,76.17045454545455,51.425313568985175,52.75689657406447
3218,大學光,醫藥通路,142.5,-2.397260273972601,37038121.5,True,0.32485110990795885,95.62458249832999,17.08,2026-06-01,False,100.0,2.888086642599278,0.21572102750862648,74.21875,6.756666666666666,98.69318181818181,74.43181818181817,96.02272727272727,44.54545454545455,61.02272727272727,74.94318181818181,41.67616875712657,52.62074673473619
3450,聯鈞,通信網路,507.0,7.0749736008447695,4401879611.325,True,85.54077501445923,20.57448229792919,88.18,2026-06-01,False,36.53846153846153,5.625,0.03636461841692465,82.84313725490196,26.98333333333334,36.19318181818182,82.04545454545455,62.61363636363636,67.5,89.20454545454545,67.51136363636364,88.59749144811857,52.561304680211464
4127,天良,藥,89.0,-0.5586592178770999,34802660.300000004,True,49.742533470648816,52.104208416833664,41.38,2026-06-01,False,31.818181818181817,9.605911330049258,0.132067374117113,99.4413407821229,-3.68333333333333,31.477272727272727,88.52272727272728,88.18181818181819,97.8409090909091,26.931818181818183,66.5909090909091,69.21322690992018,52.50217036384368
1537,廣隆,電子零組件,127.5,0.3937007874015741,14278232.225,True,64.26637791012453,39.57915831663327,14.05,2026-06-01,False,62.16216216216216,0.7905138339920948,0.1202330276471455,87.93103448275862,9.416666666666668,63.465909090909086,68.75,86.36363636363636,79.0909090909091,67.1590909090909,72.96590909090908,35.91790193842645,52.43118003006116
2357,華碩,電腦及週邊,852.0,1.5494636471990564,3460605580.25,True,68.11044937736871,37.00734802939212,55.63,2026-06-01,False,41.37931034482759,19.662921348314608,0.2608899933480784,91.51450053705693,18.75,41.93181818181818,96.47727272727272,98.06818181818183,85.22727272727273,82.1590909090909,80.77272727272728,78.79133409350057,52.36828806882969
6179,亞通,工程承攬,27.35,-0.5454545454545379,34711565.96,True,94.97126436781609,10.354041416165664,229.22,2026-06-01,False,20.0,-1.4414414414414363,0.05157286175630537,76.61064425770307,89.10999999999999,19.772727272727273,58.29545454545455,68.63636363636364,51.24999999999999,97.1590909090909,59.02272727272727,96.69327251995439,52.355136311806774
1514,亞力,電機製品,102.0,0.0,209244936.075,True,63.88738494856524,40.01336005344021,39.69,2026-06-01,False,45.45454545454545,-7.6923076923076925,-0.01114486544011269,68.22742474916387,23.363333333333333,46.42045454545455,34.31818181818182,37.15909090909091,29.43181818181818,87.1590909090909,46.89772727272727,67.84492588369442,52.344754198196334
5306,桂盟,自行車組件,97.8,-1.8072289156626509,34313966.974999994,True,65.72820790471035,38.41015364061457,31.67,2026-06-01,False,38.46153846153847,8.185840707964593,0.05469801868925935,98.19277108433735,15.810000000000002,38.29545454545455,86.93181818181817,70.11363636363637,96.93181818181819,78.52272727272728,74.1590909090909,59.74914481185861,52.0111498393283
6937,天虹,電子設備,291.5,1.5679442508710784,157364633.0,True,81.70542635658916,24.98329993319973,64.17,2026-06-01,False,46.666666666666664,11.047619047619047,0.0906617496336899,82.9302987197724,28.663333333333334,47.67045454545455,90.22727272727272,79.88636363636363,67.95454545454545,90.0,75.14772727272727,82.32611174458381,51.930959754327766
3716,中化控股,藥,34.95,-1.5492957746478742,10891761.262500001,True,12.427745664739884,81.76352705410822,-5.39,2026-06-01,False,65.9090909090909,0.4310344827586371,0.10220029848401539,98.17415730337079,-0.043333333333333,66.70454545454545,67.04545454545455,82.61363636363637,96.81818181818181,36.13636363636364,69.86363636363636,11.174458380843785,51.91293277702913
3581,博磊,電子設備,119.0,3.4782608695652195,57233574.56,True,77.74663677130044,28.59051436205745,95.44,2026-06-01,False,54.666666666666664,-6.666666666666667,0.04095692602783817,42.5,47.166666666666664,54.88636363636363,38.18181818181819,64.0909090909091,1.1363636363636365,94.6590909090909,50.590909090909086,89.73774230330672,51.89466284855395
3594,磐儀,電腦及週邊,56.7,-0.35149384885764245,138218750.94749996,True,81.89448441247002,24.649298597194388,43.85,2026-06-01,False,29.310344827586203,7.18336483931948,0.06770697476116408,94.5,-5.313333333333333,29.09090909090909,84.77272727272728,74.77272727272727,92.1590909090909,23.40909090909091,60.840909090909086,70.80957810718358,51.82171270861408
2337,旺宏,半導體,136.5,3.018867924528301,10086649509.53,True,99.91532599491956,0.4008016032064128,216.09,2026-06-01,False,0.7692307692307693,-8.080808080808081,-0.028463889485716376,73.58490566037736,34.22333333333333,0.22727272727272727,32.38636363636363,28.06818181818182,43.23863636363636,91.81818181818183,39.14772727272727,96.12314709236031,51.800673136726445
3035,智原,半導體,179.0,1.7045454545454586,1028092200.8,True,93.88197076340012,11.923847695390782,26.57,2026-06-01,False,18.461538461538463,-13.526570048309178,-0.004427402402950945,76.82403433476395,47.11,18.181818181818183,16.704545454545457,41.81818181818181,52.159090909090914,94.54545454545455,44.68181818181819,52.90763968072976,51.63600082927336
4961,天鈺,半導體,173.0,0.0,105109319.75,True,77.04385489983757,29.258517034068138,24.76,2026-06-01,False,42.30769230769231,3.2835820895522385,0.20726406813561457,93.26145552560648,17.59,42.784090909090914,76.13636363636364,95.79545454545455,89.20454545454545,80.68181818181817,76.92045454545455,50.62713797035347,51.61985267440656
2355,敬鵬,印刷電路板,42.8,0.7058823529411784,152034670.28750002,True,38.36231071228267,61.12224448897795,4.44,2026-06-01,False,90.47619047619048,-10.272536687631039,0.0419079477342653,63.880597014925364,0.04999999999999982,90.3409090909091,25.0,64.31818181818181,18.863636363636363,36.70454545454545,47.04545454545455,22.234891676168758,51.609859282678556
3219,倚強科,電子設備,73.6,1.377410468319562,17164427.43,True,19.971367215461704,75.48430193720776,26.07,2026-06-01,False,92.0,-0.13568521031208755,-0.016251975943315046,67.21461187214611,-5.513333333333332,91.5909090909091,64.31818181818181,34.20454545454545,26.704545454545453,23.18181818181818,48.0,52.451539338654506,51.607203016481805
6669,緯穎,電腦及週邊,6025.0,1.6020236087689765,11246131808.75,True,63.14031180400891,40.480961923847694,29.79,2026-06-01,False,48.275862068965516,18.253189401373895,0.04725191812068387,96.16919393455706,3.9166666666666643,49.09090909090909,96.02272727272727,66.81818181818183,94.88636363636364,50.227272727272734,71.4090909090909,57.58266818700114,51.38430341038665
2010,春源,基本金屬,22.95,-0.21739130434782483,31556084.464999996,True,3.6816459122902003,88.84435537742151,-0.43,2026-06-01,False,92.6829268292683,6.993006993006993,0.21963093011570883,88.95348837209302,-0.6966666666666667,92.1590909090909,84.43181818181819,96.36363636363636,80.45454545454545,34.659090909090914,77.61363636363636,17.33181299885975,51.37840779516948
8289,泰藝,電子零組件,47.2,5.4748603351955305,39578807.0175,True,71.21315969842358,34.60253841015364,29.88,2026-06-01,False,54.729729729729726,-10.436432637571157,0.10004840397028228,62.351387054161165,21.75333333333333,55.00000000000001,24.31818181818182,82.1590909090909,16.590909090909093,85.45454545454545,52.70454545454546,57.81071835803877,51.27086140769151
3617,碩天,電子零組件,235.0,2.6200873362445476,109855884.0,True,79.13340935005702,27.722110888443552,25.6,2026-06-01,False,45.94594594594595,4.444444444444445,0.1284469353218927,91.61793372319687,9.496666666666666,46.81818181818182,78.97727272727273,87.95454545454545,85.45454545454545,67.27272727272727,73.29545454545453,51.653363740022805,51.23720457136933
3081,聯亞,半導體,2725.0,9.879032258064523,5714623487.25,True,83.88401888064733,22.778891115564463,128.14,2026-06-01,False,36.15384615384615,55.27065527065527,-0.012132923982675214,86.23417721518987,7.35333333333331,35.45454545454545,100.0,36.25,75.45454545454545,62.5,61.93181818181817,93.15849486887116,51.01689644449051
6625,必應,電視廣播,77.7,1.8348623853211121,10328240.29,True,4.162633107454018,88.04275217100869,-37.18,2026-06-01,False,88.25910931174089,-0.7662835249042074,0.002446727483566577,85.95132743362832,-39.86333333333333,88.86363636363637,61.36363636363637,45.79545454545455,74.43181818181817,5.0,55.0909090909091,2.0524515393386547,50.9960674302892
7792,安葆,電機製品,232.5,9.92907801418439,39872972.4,True,0.0,98.9311957247829,28.27,2026-06-01,False,100.0,-0.8528784648187633,0.2160116388746912,57.26600985221675,16.66,98.69318181818181,60.909090909090914,96.13636363636363,9.545454545454547,79.77272727272727,69.01136363636363,55.644241733181296,50.743446796931686
1734,杏輝,藥,31.7,0.47543581616480424,13357782.907499999,True,29.82456140350877,67.26786907147628,3.78,2026-06-01,False,40.909090909090914,-3.5007610350076166,-0.0824920264376429,93.78698224852072,-3.4466666666666668,41.36363636363637,50.79545454545455,10.681818181818182,90.22727272727272,28.18181818181818,44.25,21.55074116305587,50.586548927127595
3209,全科,電子通路,55.5,-2.2887323943661886,90133630.11500001,True,91.28316188413643,14.529058116232466,170.41,2026-06-01,False,11.538461538461538,-7.96019900497512,-0.08584854993370612,68.18181818181817,74.96,10.397727272727272,32.84090909090909,10.227272727272728,29.09090909090909,96.5909090909091,35.82954545454545,95.21094640820981,50.46466842023427
2707,晶華,餐飲飯店,179.0,-0.5555555555555536,37000247.225,True,15.484569572279373,79.15831663326654,13.94,2026-06-01,False,48.148148148148145,-0.5555555555555556,0.1228341412888855,87.96068796068795,8.363333333333333,48.97727272727273,62.272727272727266,86.93181818181817,79.20454545454545,64.77272727272727,68.43181818181817,35.80387685290764,50.428241940499646
2883,凱基金,金融控股,31.2,0.48309178743961567,1418868355.7475,True,94.9106659447753,10.420841683366733,,2026-06-01,False,30.76923076923077,3.4825870646766193,0.2443505582528931,98.73417721518987,-55.833333333333314,30.511363636363637,76.81818181818181,97.27272727272728,97.1590909090909,4.090909090909091,61.17045454545454,,50.284090909090914
2421,建準,電子零組件,150.5,-0.660066006600657,384968874.025,True,32.322685435841905,65.33066132264528,18.65,2026-06-01,False,85.13513513513513,8.273381294964029,0.1500331545005228,79.41952506596306,2.4599999999999973,86.25,87.04545454545455,90.11363636363636,58.29545454545455,45.11363636363636,73.36363636363637,43.50057012542759,50.2501425313569
9939,宏全,塑膠製品,134.0,-1.1070110701106972,290982929.075,True,36.599891716296696,62.458249832999336,12.13,2026-06-01,False,62.55060728744939,7.199999999999999,0.16639427718318914,92.73356401384083,-0.033333333333333215,64.0909090909091,85.0,92.72727272727272,88.18181818181819,36.25,73.25,33.52337514253136,50.19902560381466
2364,倫飛,電腦及週邊,78.5,3.289473684210531,19398297.09,True,35.86800573888092,62.859051436205746,60.06,2026-06-01,False,75.86206896551724,12.142857142857142,0.19578552889732184,70.4035874439462,21.990000000000002,76.47727272727273,91.36363636363637,95.22727272727273,34.43181818181818,85.79545454545455,76.65909090909092,80.50171037628279,50.01179123043433
2374,佳能,消費性電子,71.5,0.5625879043600568,218981257.86999997,True,20.93981863149217,74.81629926519706,18.97,2026-06-01,False,85.0,-1.7857142857142818,0.031404136615102544,66.82242990654206,-17.47,86.13636363636363,57.38636363636363,60.56818181818182,26.136363636363637,11.363636363636363,48.31818181818181,43.95667046750285,49.71075852596662
5328,華容,電子零組件,67.2,1.81818181818183,1653558668.37,True,92.67185473411155,13.293253173012692,63.54,2026-06-01,False,23.64864864864865,1.510574018126888,-0.010769018239283924,81.55339805825243,30.199999999999996,24.09090909090909,70.79545454545455,37.38636363636363,63.52272727272727,90.45454545454545,57.25,81.98403648802737,49.70055457655229
2485,兆赫,通信網路,44.0,2.4447031431897415,229953931.58499998,True,91.85840707964601,14.02805611222445,80.93,2026-06-01,False,26.923076923076923,-10.931174089068824,0.07426938174352911,53.987730061349694,37.43000000000001,27.15909090909091,23.068181818181817,77.1590909090909,6.363636363636363,92.8409090909091,45.31818181818182,87.62827822120866,49.52070591893853
9945,潤泰新,建設,27.2,0.5545286506469349,167176238.92,True,46.29128316188414,54.776219104876425,29.57,2026-06-01,False,42.3728813559322,3.030303030303033,0.19427908214988368,85.13302034428794,-23.879999999999995,42.95454545454545,75.11363636363636,94.77272727272728,72.5,8.068181818181818,58.68181818181819,57.01254275940707,49.33836296257904
4904,遠傳,通信網路,101.0,0.0,1254297810.375,True,59.23118570655116,43.587174348697395,15.9,2026-06-01,False,55.769230769230774,4.880581516095537,0.2837111877260742,89.77777777777777,2.243333333333334,56.19318181818181,79.88636363636363,99.0909090909091,81.81818181818183,44.31818181818182,72.26136363636364,39.22462941847206,49.33740735461802
2903,遠百,百貨批發,22.0,0.4566210045662267,45211798.730000004,True,15.05143475906876,79.55911823647295,-2.42,2026-06-01,False,57.14285714285714,-1.345291479820631,0.16871989402460477,90.1639344262295,-2.09,57.44318181818182,58.86363636363636,92.8409090909091,82.72727272727273,31.590909090909093,64.69318181818183,14.253135689851767,48.88998846791749
6163,華電網,通信網路,43.1,0.23255813953488857,63334308.75,True,72.98321602598809,33.199732798931194,61.38,2026-06-01,False,51.92307692307693,-3.794642857142848,0.041984244151025786,58.1646423751687,31.44666666666667,52.55681818181818,49.31818181818181,64.54545454545455,10.909090909090908,91.02272727272728,53.67045454545455,81.29988597491447,48.86190331191044
5274,信驊,半導體,17370.0,5.65693430656935,4477832325.0,True,90.36275040606388,15.564462257849032,67.47,2026-06-01,False,26.923076923076923,24.964028776978417,0.007213100796797169,90.11673151750973,-5.1299999999999955,27.15909090909091,98.06818181818183,48.18181818181818,82.38636363636364,23.806818181818183,55.92045454545455,83.69441277080958,48.792921374520574
5291,邑昇,印刷電路板,56.9,0.5300353356890497,38415356.1575,True,68.3090705487122,36.80694722778891,40.5,2026-06-01,False,71.42857142857143,7.358490566037733,-0.013722698935114205,72.20812182741116,-1.0399999999999991,72.67045454545455,85.68181818181819,35.79545454545455,38.86363636363636,34.03409090909091,53.40909090909092,68.5290763968073,48.59533728102001
4585,達明,機器人,311.0,0.8103727714748876,100899574.575,True,0.0,98.9311957247829,41.88,2026-06-01,False,98.98785425101214,2.302631578947368,0.008099911997381859,38.875,13.466666666666665,96.98863636363636,73.18181818181819,48.40909090909091,0.7954545454545454,74.6590909090909,58.80681818181817,69.55530216647662,48.539393723437335
8110,華東,半導體,46.8,1.0799136069114423,265881002.58249998,True,15.84529008109794,78.95791583166333,16.26,2026-06-01,False,86.15384615384616,-6.400000000000006,-0.015356210125810016,53.18181818181817,-0.8199999999999967,87.04545454545455,38.97727272727273,34.88636363636364,5.568181818181818,34.54545454545455,40.20454545454546,40.364880273660205,48.50031097750596
6672,騰輝電子-KY,印刷電路板,268.0,4.280155642023353,786898375.325,True,99.21480650588896,2.338009352037408,68.12,2026-06-01,False,4.761904761904762,0.0,-0.05723698977490943,85.07936507936508,21.439999999999998,3.0681818181818183,64.94318181818181,17.954545454545453,71.93181818181819,85.22727272727273,48.625,83.92246294184721,48.49482028091635
3430,奇鈦科,其他化學,113.0,0.8928571428571397,72867645.14500001,True,92.73684210526316,13.226452905811623,58.37,2026-06-01,False,6.25,-20.97902097902098,-0.026060395755897827,61.58038147138964,32.22,4.318181818181818,5.568181818181818,29.659090909090907,15.340909090909092,91.47727272727273,29.272727272727273,79.58950969213227,48.420104695760344
1736,喬山,家電製品,139.0,-4.137931034482756,147750536.05,True,0.8700696055684455,94.12157648630594,14.49,2026-06-01,False,89.47368421052632,6.106870229007633,0.0734042586959981,75.95628415300546,6.9799999999999995,89.6590909090909,82.8409090909091,76.47727272727273,49.77272727272727,61.59090909090909,72.06818181818183,37.058152793614596,48.41226547113092
6873,泓德能源,光電及I/O,74.9,0.13368983957220415,32587681.95,True,70.21531100478468,35.73814295257181,42.53,2026-06-01,False,37.5,-14.20389461626574,-0.05505419770170916,41.04109589041096,51.13666666666666,37.04545454545455,14.659090909090908,18.409090909090907,1.0227272727272727,95.3409090909091,33.29545454545455,70.1254275940707,48.383629625790405
2412,中華電,通信網路,136.0,0.0,2380236146.525,True,76.61072008662696,29.392117568470272,11.4,2026-06-01,False,44.230769230769226,2.2556390977443606,0.3270528282402802,92.83276450511946,3.2666666666666675,44.94318181818181,72.95454545454545,99.77272727272727,88.75,47.840909090909086,70.85227272727272,32.383124287343215,48.280440162744895
5340,建榮,印刷電路板,79.6,7.567567567567557,159438075.275,True,8.28370330265295,85.10354041416166,25.75,2026-06-01,False,95.23809523809523,0.0,-0.008218313814818265,59.402985074626855,5.510000000000002,94.375,64.94318181818181,39.54545454545455,11.818181818181818,56.36363636363636,53.409090909090914,51.767388825541616,48.254347206385404
2348,海悅,建設,70.6,0.14184397163119478,52640093.25,True,91.28316188413643,14.529058116232466,247.66,2026-06-01,False,5.084745762711865,-7.3490813648294075,-0.022047204073687484,67.5598086124402,210.90666666666667,3.1818181818181817,35.340909090909086,31.704545454545453,28.18181818181818,98.86363636363636,39.45454545454545,96.92132269099201,48.236012490929824
6781,AES-KY,電子零組件,1145.0,-2.553191489361706,981240757.4,True,42.57425742574257,58.4502338009352,25.58,2026-06-01,False,79.05405405405406,10.096153846153847,0.15317170951569123,76.33333333333333,4.579999999999998,80.11363636363636,89.20454545454545,90.79545454545455,50.45454545454545,52.95454545454545,72.70454545454545,51.539338654503986,48.22574375453509
6538,倉和,光電及I/O,161.5,9.863945578231291,300228332.05,True,98.27105409927496,3.406813627254509,46.5,2026-06-01,False,5.555555555555555,6.6006600660066,0.005708248301709648,100.0,41.57,3.8636363636363633,83.52272727272727,47.5,99.20454545454545,93.63636363636364,65.54545454545453,72.86202964652223,48.101871047994194
6532,瑞耘,電子設備,86.4,1.6470588235294237,24397561.045,True,12.398484028153762,81.89712758851036,18.65,2026-06-01,False,94.66666666666667,14.58885941644562,-0.0009278300547696696,75.78947368421053,-8.220000000000006,93.75,93.86363636363636,43.75,48.97727272727273,18.409090909090907,59.75,43.50057012542759,48.091051622265994
2603,長榮,海運,214.5,-1.6055045871559592,1890467557.8,True,67.03170028818444,37.54175016700067,30.01,2026-06-01,False,36.36363636363637,7.518796992481203,0.339918155839267,90.50632911392405,8.033333333333331,35.79545454545455,85.9090909090909,99.88636363636364,84.0909090909091,63.86363636363637,73.9090909090909,58.38084378563284,48.089529128226395
1104,環泥,水泥製造,26.65,0.0,17007324.8325,True,32.43096913914456,65.19706078824315,-18.91,2026-06-01,False,85.71428571428571,-0.7448789571694705,-0.07510296564294125,81.37404580152672,-10.273333333333333,86.81818181818181,61.59090909090909,13.18181818181818,63.06818181818182,16.590909090909093,48.25,3.990877993158495,48.07158313465326
2886,兆豐金,金融控股,48.7,-1.4170040485829927,1709780864.8174999,True,82.24147265836491,24.248496993987974,1.53,2026-06-01,False,69.23076923076923,5.869565217391311,0.017221068304484093,91.71374764595103,-28.51,70.17045454545455,82.61363636363637,53.29545454545455,85.79545454545455,6.931818181818182,59.76136363636365,18.92816419612315,48.07010923084897
8249,菱光,光電及I/O,42.5,0.591715976331364,11775447.6625,True,51.16404981050352,50.36740146960588,12.5,2026-06-01,False,59.72222222222222,-10.052910052910052,0.21999159528251572,66.1993769470405,-1.2933333333333348,60.11363636363637,25.795454545454543,96.47727272727272,23.863636363636363,33.18181818181819,47.88636363636364,33.97947548460662,48.0403234166062
6205,詮欣,電子零組件,64.4,4.545454545454541,31501029.285000004,True,72.55008121277747,33.700734802939216,34.36,2026-06-01,False,53.37837837837838,-3.880597014925365,0.14540380576419992,65.58044806517313,31.92,53.75,48.97727272727273,89.54545454545455,23.068181818181817,91.13636363636364,61.29545454545454,63.511972633979475,47.83822043122214
2832,台產,產險,58.5,0.5154639175257714,11627617.095,True,55.495397942609635,47.09418837675351,7.27,2026-06-01,False,40.0,2.2727272727272676,0.10043782371972927,97.01492537313433,-10.106666666666666,40.17045454545455,73.06818181818183,82.27272727272728,95.79545454545455,16.93181818181818,61.64772727272727,27.25199543899658,47.53743067793097
2845,遠東銀,本國銀行,13.1,0.0,128587136.07749999,True,84.08229561451002,22.37808951235805,20.15,2026-06-01,False,11.11111111111111,-2.602230483271373,0.13469774745363658,93.23843416370106,-4.456666666666667,9.829545454545455,54.20454545454545,88.63636363636364,89.0909090909091,25.340909090909093,53.42045454545455,45.26795895096921,47.49596701046957
6261,久元,半導體,79.2,0.5076142131979822,44443206.760000005,True,83.97401191120736,22.511690046760187,33.71,2026-06-01,False,35.38461538461539,-12.195121951219512,0.15342132291822497,59.325842696629216,20.843333333333334,34.54545454545455,19.090909090909093,90.9090909090909,11.704545454545455,85.0,48.25000000000001,62.713797035347774,47.46822198610967
2395,研華,電腦及週邊,686.0,3.782148260211793,3068282880.0,True,99.62100703844071,1.9372077488309953,73.39,2026-06-01,False,5.172413793103448,28.705440900562852,0.00996568250222197,100.0,26.68999999999999,3.295454545454545,98.4090909090909,49.20454545454545,99.20454545454545,88.75,67.77272727272728,85.63283922462942,47.43093707888463
6561,是方,通信網路,329.0,1.3867488443759735,18041431.125,True,3.84407146724418,88.77755511022045,10.18,2026-06-01,False,90.38461538461539,1.2307692307692308,0.10177702930279556,72.07009857612267,15.64,90.22727272727272,69.88636363636364,82.5,38.52272727272727,78.18181818181819,71.86363636363636,30.786773090079816,47.412602363429045
3652,精聯,電腦及週邊,37.2,-0.40160642570280514,44585197.91250001,True,8.347338935574228,84.96993987975952,-1.21,2026-06-01,False,93.10344827586206,19.04000000000001,-0.027906796145583848,87.11943793911007,-26.45666666666667,92.5,96.13636363636363,28.522727272727273,77.04545454545455,7.5,60.340909090909086,15.621436716077536,47.25763190629212
1560,中砂,半導體,728.0,5.967976710334799,1129167603.45,True,96.04764482945318,8.550434201736808,16.39,2026-06-01,False,13.846153846153847,-1.8867924528301887,-0.07727771405441237,94.66840052015606,-1.2733333333333334,12.954545454545455,57.04545454545455,12.5,92.38636363636363,33.29545454545455,41.63636363636364,40.706955530216646,47.25060251891779
2009,第一銅,基本金屬,41.35,3.2459425717852763,84826085.29,True,19.920053297801466,75.61790247160988,15.46,2026-06-01,False,85.36585365853658,6.985769728331184,0.1772895105793693,75.31876138433516,1.8866666666666685,86.47727272727272,84.31818181818181,93.63636363636364,47.95454545454545,42.38636363636364,70.95454545454545,38.65450399087799,47.192035088628586
4736,泰博,醫療耗材,134.0,1.9011406844106515,26838030.875,True,16.296697347049268,78.49031396125584,2.09,2026-06-01,False,57.57575757575758,4.6875,0.20324099951857227,93.37979094076655,8.469999999999999,57.840909090909086,79.60227272727273,95.56818181818181,89.77272727272727,65.11363636363636,77.57954545454545,19.327251995438996,46.83465390795065
3036,文曄,電子通路,217.5,-1.1363636363636354,2716944414.1,True,68.65186789388197,36.506346025384104,188.09,2026-06-01,False,40.38461538461539,8.75,-0.04727558286448317,72.13930348258707,48.26333333333332,40.85227272727273,87.55681818181819,20.681818181818183,38.63636363636363,95.0,56.54545454545455,95.32497149372861,46.81419741888669
3515,華擎,電腦及週邊,224.5,3.935185185185186,126561214.075,True,34.16350839198701,63.660654642618574,47.6,2026-06-01,False,77.58620689655173,10.319410319410318,0.018792754375150003,66.51851851851852,52.74,77.95454545454545,89.43181818181817,54.43181818181818,24.886363636363637,95.68181818181817,68.47727272727272,73.54618015963513,46.7388177671815
3093,港建*,電子設備,48.95,-0.3054989816700604,28662724.0325,True,95.72279371954521,9.01803607214429,92.31,2026-06-01,False,17.333333333333336,-5.86538461538461,5.559438274356759e-05,64.74867724867725,86.42333333333333,16.818181818181817,40.340909090909086,44.43181818181819,20.56818181818182,97.04545454545455,43.840909090909086,89.39566704675028,46.6102803980512
6763,綠界科技*,數位雲端,43.25,0.5813953488372103,11887660.1175,True,2.050326188257223,91.64996659986639,14.37,2026-06-01,False,91.30434782608695,-1.0297482837528669,0.11021253556170492,63.696612665684825,1.4233333333333338,91.13636363636364,60.0,84.77272727272728,18.295454545454547,40.909090909090914,59.02272727272727,36.60205245153934,46.508467658339384
1590,亞德客-KY,機械,1595.0,2.2435897435897356,1516891614.75,True,79.85923118570655,26.853707414829657,44.88,2026-06-01,False,11.76470588235294,16.84981684981685,-0.011430937981817619,100.0,8.046666666666667,10.568181818181818,95.68181818181817,36.93181818181818,99.20454545454545,64.0909090909091,61.29545454545455,71.8358038768529,46.4816782419405
6568,宏觀,半導體,140.0,0.35842293906809264,18335625.9,True,39.63183540877098,60.25384101536406,11.01,2026-06-01,False,77.6923076923077,-9.385113268608414,0.16610741401007867,51.09489051094891,2.073333333333334,78.06818181818181,27.84090909090909,92.5,3.75,43.52272727272727,49.13636363636364,31.870011402508553,46.461821032445314
2377,微星,電腦及週邊,169.0,9.740259740259738,2541502516.325,True,42.28478613968598,58.583834335337336,-9.23,2026-06-01,False,70.6896551724138,13.804713804713806,0.1239063003434542,100.0,9.176666666666666,71.47727272727272,93.29545454545455,87.1590909090909,99.20454545454545,66.25,83.47727272727272,8.323831242873432,46.427548719809266
3669,圓展,光電及I/O,39.5,2.5974025974025983,40886738.6875,True,32.26854358419058,65.39746158984636,2.95,2026-06-01,False,69.44444444444444,11.739745403111735,0.048545785272829586,91.64733178654292,-1.8533333333333335,70.56818181818181,91.13636363636364,67.04545454545455,85.56818181818183,32.04545454545455,69.27272727272728,20.524515393386544,46.381128848346634
6274,台燿,印刷電路板,1600.0,-0.31152647975077885,7982436896.0,True,96.48077964266378,7.414829659318638,107.72,2026-06-01,False,15.476190476190476,11.498257839721255,-0.012954118195256764,84.21052631578947,-3.673333333333332,14.829545454545453,90.79545454545455,36.02272727272727,69.88636363636364,27.045454545454543,47.71590909090909,91.56214367160776,46.37064955426557
2356,英業達,電腦及週邊,69.0,5.990783410138256,2145897347.8850002,True,73.36220898754738,32.86573146292585,61.62,2026-06-01,False,34.48275862068966,12.929623567921439,0.13238926533661513,80.79625292740046,17.13666666666667,33.75,92.1590909090909,88.29545454545455,61.93181818181818,80.3409090909091,71.29545454545455,81.41391106043329,46.23415958329014
3605,宏致,電子零組件,120.0,8.108108108108114,946073811.7299999,True,90.7732293697206,15.16366065464262,29.81,2026-06-01,False,27.027027027027028,39.86013986013987,0.07989185695132632,100.0,9.256666666666668,27.386363636363637,99.43181818181817,78.29545454545455,99.20454545454545,66.70454545454545,74.20454545454545,57.69669327251995,46.21394604540272
4442,竣邦-KY,成衣,52.8,0.5714285714285561,38733518.904999994,True,21.712538226299692,74.01469605878424,36.2,2026-06-01,False,65.0,7.5356415478614975,0.04561547608545676,72.72727272727273,4.286666666666665,65.68181818181819,86.02272727272727,66.13636363636364,39.82954545454545,51.93181818181818,61.92045454545454,65.27936145952108,46.19199945578937
2753,八方雲集,餐飲飯店,183.0,0.0,44068949.4,True,9.798994974874372,84.03473613894455,10.85,2026-06-01,False,59.25925925925925,3.389830508474576,0.24931664169852152,84.33179723502305,0.14999999999999858,59.54545454545455,76.47727272727273,97.61363636363637,70.11363636363637,37.04545454545455,68.1590909090909,31.527936145952108,46.17743858194257
2360,致茂,電子設備,2195.0,5.528846153846145,6897658898.0,True,94.80238224147266,10.487641950567802,73.02,2026-06-01,False,24.0,15.223097112860891,-0.06282859952320878,83.61904761904762,-38.646666666666675,24.431818181818183,94.43181818181819,16.704545454545457,69.20454545454545,5.113636363636364,41.977272727272734,85.40478905359178,46.15233362703431
7751,竑騰,電子設備,1315.0,4.7808764940239,323154979.25,True,44.63519313304721,56.179024716098866,67.24,2026-06-01,False,84.0,8.677685950413224,0.020984650435950988,48.43462246777164,3.710000000000001,85.11363636363637,87.27272727272727,55.79545454545455,3.0681818181818183,49.88636363636363,56.22727272727273,83.58038768529077,46.12236964859542
4536,拓凱,其他,170.5,-0.5830903790087438,58741172.225,True,50.460205739036276,51.1690046760187,10.04,2026-06-01,False,39.130434782608695,-0.29239766081871343,0.12685562952840307,87.43589743589743,5.533333333333332,39.26136363636364,63.63636363636363,87.5,77.95454545454545,56.477272727272734,64.9659090909091,30.672748004561,46.06307336477661
6235,華孚,電子零組件,39.2,0.0,24251400.7,True,22.443890274314214,73.54709418837675,-3.96,2026-06-01,False,88.51351351351352,-11.312217194570135,0.04291627414719667,51.17493472584857,2.3400000000000007,89.0909090909091,21.25,64.77272727272727,3.977272727272727,44.54545454545455,44.72727272727273,12.314709236031927,46.03322276355344
4968,立積,半導體,96.9,0.20682523267838704,67203414.64,True,12.829169480081026,81.1623246492986,-1.09,2026-06-01,False,88.46153846153845,-8.151658767772506,-0.04115961909264728,58.198198198198206,-2.8600000000000003,88.97727272727273,31.931818181818183,23.40909090909091,11.022727272727273,30.34090909090909,37.13636363636364,15.849486887115166,45.97941717632425
6206,飛捷,電腦及週邊,146.0,2.0979020979021046,474078991.3,True,70.22198159177044,35.671342685370746,26.29,2026-06-01,False,37.93103448275862,15.873015873015872,0.08739699709739972,92.40506329113924,-12.376666666666665,37.72727272727273,94.6590909090909,79.54545454545455,87.38636363636364,14.886363636363637,62.840909090909086,52.56556442417332,45.755027469679696
1904,正隆,造紙,25.15,2.6530612244897833,53606009.765,True,49.16080129940444,52.705410821643284,-2.09,2026-06-01,False,60.0,12.780269058295953,0.2761679446399463,100.0,-11.196666666666667,60.79545454545454,91.81818181818183,98.52272727272727,99.20454545454545,15.568181818181817,73.18181818181817,14.709236031927023,45.722763553436295
3416,融程電,電腦及週邊,187.5,0.8064516129032251,126472739.325,True,75.74445046020574,30.62792251169005,24.3,2026-06-01,False,32.758620689655174,7.758620689655173,0.15374514569887968,92.36453201970444,-20.05,31.704545454545453,86.36363636363636,91.02272727272728,87.27272727272727,9.886363636363637,61.25,50.0570125427594,45.667662226598935
2539,櫻花建,建設,42.15,1.4440433212996373,57406643.92749999,True,34.9756361667569,63.259853039412164,79.55,2026-06-01,False,61.016949152542374,5.112219451371564,0.13242057713540428,60.91040462427745,-272.97666666666663,62.15909090909091,80.9090909090909,88.4090909090909,14.204545454545455,1.4772727272727273,49.43181818181818,87.00114025085519,45.61392142635016
5498,凱崴,印刷電路板,55.2,8.023483365949113,102724989.495,True,94.22442244224423,11.22244488977956,80.28,2026-06-01,False,26.190476190476193,-2.127659574468078,0.11803877401987951,66.4259927797834,6.533333333333346,26.590909090909093,56.022727272727266,86.02272727272727,24.545454545454547,60.45454545454545,50.72727272727273,87.22919042189282,45.5857066963823
8464,億豐,五金及家具,391.0,-1.7587939698492483,209003785.225,True,33.24309691391446,64.39545758183033,11.73,2026-06-01,False,72.72727272727273,11.079545454545455,0.0621402517148412,82.3157894736842,8.493333333333334,73.69318181818181,90.3409090909091,73.75,66.02272727272728,65.22727272727272,73.80681818181817,32.953249714937286,45.582062428734325
6213,聯茂,印刷電路板,464.0,2.6548672566371723,7062232088.325,True,98.32160259880888,3.2732130928523713,47.94,2026-06-01,False,9.523809523809524,38.50746268656716,0.01245958367759594,100.0,17.596666666666664,8.352272727272728,99.31818181818181,51.02272727272727,99.20454545454545,80.79545454545455,67.73863636363636,73.94526795895096,45.54597608064684
6277,宏正,光電及I/O,78.6,-1.750000000000007,67483840.45,True,99.35029778018408,2.137608550434202,35.12,2026-06-01,False,4.166666666666666,5.787348586810225,0.105181727299492,97.03703703703704,16.173333333333332,2.727272727272727,82.38636363636364,83.52272727272727,95.9090909090909,79.0909090909091,68.72727272727272,64.19612314709237,45.11153078677309
3022,威強電,電腦及週邊,105.5,-2.314814814814814,398806296.745,True,99.83757444504602,0.9018036072144289,79.97,2026-06-01,False,1.7241379310344827,20.84765177548683,0.11909978151212398,93.36283185840708,23.75333333333333,0.7954545454545454,97.04545454545455,86.25,89.54545454545455,87.5,72.22727272727272,87.115165336374,45.10265497045714
3034,聯詠,半導體,537.0,-0.18587360594795044,2261473969.8,True,83.4325933946941,23.246492985971944,18.96,2026-06-01,False,36.92307692307693,13.771186440677965,0.18500581333098026,94.70899470899471,9.136666666666668,36.47727272727273,92.95454545454545,93.97727272727273,92.61363636363636,66.02272727272728,76.40909090909092,43.78563283922463,44.98049911889707
6515,穎崴,半導體,7170.0,3.6127167630057855,2595646949.0,True,93.99109792284867,11.623246492985972,287.9,2026-06-01,False,17.692307692307693,-1.1716057891109581,-0.0648937637825795,66.41963872163038,135.16666666666666,17.272727272727273,59.31818181818181,15.909090909090908,24.431818181818183,98.29545454545455,43.04545454545455,97.37742303306727,44.94094666735773
4561,健椿,機械,46.05,9.904534606205239,11256621.895,True,69.57227937195452,36.27254509018036,43.42,2026-06-01,False,41.17647058823529,16.43489254108723,-0.00015027624624554497,81.07394366197182,16.19333333333333,41.590909090909086,95.22727272727273,44.31818181818182,62.61363636363636,79.20454545454545,64.5909090909091,70.58152793614595,44.88970016585466
6117,迎廣,電子零組件,66.8,0.4511278195488577,14535368.629999999,True,6.784968684759916,85.77154308617234,-11.35,2026-06-01,False,97.2972972972973,-2.052785923753674,-0.019493482919872962,69.72860125260961,-7.3533333333333335,95.85227272727272,56.25,32.84090909090909,33.18181818181819,19.43181818181818,47.51136363636364,6.670467502850627,44.86363960298539
2636,台驊控股,貨運倉儲,67.6,-0.7342143906020504,20184218.265,True,78.1266919328641,28.32331329325317,25.18,2026-06-01,False,21.428571428571427,5.1321928460342106,0.18049128651412766,92.6027397260274,9.733333333333333,21.761363636363637,81.13636363636364,93.86363636363636,87.61363636363636,67.95454545454545,70.4659090909091,51.197263397947545,44.85897494039598
3443,創意,半導體,5130.0,3.5317860746720386,8605845010.5,True,97.18462371413102,5.277221108884436,103.72,2026-06-01,False,6.153846153846154,24.514563106796118,0.017002949350930375,89.52879581151832,-27.180000000000007,4.204545454545454,97.95454545454545,53.18181818181819,81.36363636363636,7.159090909090909,48.772727272727266,90.87799315849487,44.62290738053281
2015,豐興,基本金屬,63.5,-1.7027863777089647,23000850.82,True,44.28803465078506,56.51302605210421,-9.73,2026-06-01,False,48.78048780487805,-0.78125,0.2505638884170288,90.0709219858156,-0.5099999999999998,49.43181818181818,61.25000000000001,97.72727272727273,82.1590909090909,35.11363636363637,65.13636363636365,7.98175598631699,44.58066626930652
3025,星通,通信網路,56.7,3.0909090909090997,12940993.205,True,3.140227395776936,89.54575818303273,-13.15,2026-06-01,False,92.3076923076923,-1.733102253032929,-0.08278340556491076,71.95431472081218,-79.11333333333334,91.875,57.72727272727273,10.568181818181818,38.06818181818182,2.6136363636363633,40.17045454545455,5.815279361459521,44.50779711309215
7805,威聯通,電腦及週邊,698.0,1.6011644832605532,29075634.5,True,69.93464052287581,35.938543754175015,28.11,2026-06-01,False,39.6551724137931,11.146496815286625,0.13731167428515323,85.1219512195122,13.176666666666668,39.659090909090914,90.45454545454545,88.97727272727273,72.38636363636364,74.20454545454545,73.13636363636364,55.53021664766249,44.2802814346429
3518,柏騰,其他電子,28.3,1.433691756272415,13670317.875,True,4.702194357366771,87.24114896459587,-42.36,2026-06-01,False,87.4493927125506,-3.0821917808219133,-0.12581418839236197,72.75064267352185,-4.723333333333329,87.72727272727273,52.27272727272727,5.454545454545454,40.0,24.886363636363637,42.06818181818182,1.4823261117445838,44.234217891572506
2301,光寶科,電子零組件,259.5,-3.3519553072625663,7036854048.55,True,96.58906334596644,7.014028056112225,36.98,2026-06-01,False,14.864864864864865,20.13888888888889,0.09703530821771233,95.58011049723757,6.629999999999999,13.750000000000002,96.81818181818181,81.5909090909091,93.97727272727273,60.79545454545454,69.38636363636364,66.02052451539339,44.23240385612108
2459,敦吉,電子通路,66.2,0.6079027355623268,10147401.925,True,88.68435300487276,18.00267201068804,20.97,2026-06-01,False,15.384615384615385,2.7950310559006164,-0.022896116777755878,93.37094499294781,6.019999999999998,14.488636363636365,73.75,31.022727272727273,89.6590909090909,58.18181818181818,53.42045454545454,46.52223489167617,44.22999054110086
9940,信義,仲介建經,21.7,3.0878859857482066,12388215.715,True,80.45479155387115,26.519706078824317,41.42,2026-06-01,False,26.518218623481783,9.873417721518983,0.15951578354419443,83.30134357005757,7.940000000000005,26.704545454545453,88.63636363636364,91.70454545454545,68.97727272727273,63.40909090909091,67.88636363636365,69.327251995439,44.09317663522339
1612,宏泰,電纜,34.65,1.9117647058823461,38881280.815,True,13.481321061180292,80.62792251169004,-11.28,2026-06-01,False,80.0,7.27554179566564,-0.09152579961790618,85.23985239852398,-3.4966666666666653,81.02272727272727,85.11363636363637,8.977272727272727,73.18181818181819,27.727272727272727,55.20454545454545,6.841505131128849,43.98310355550949
1605,華新,電纜,40.0,4.438642297650142,1042484604.5349998,True,50.67677314564158,50.901803607214426,29.34,2026-06-01,False,30.0,14.285714285714285,0.15911517512510673,90.29345372460497,19.866666666666667,29.602272727272727,93.75,91.5909090909091,83.29545454545455,83.97727272727272,76.44318181818183,56.78449258836944,43.98305496527418
9941,裕融,租賃,85.7,0.3512880562060783,90901298.2,True,11.965349214943151,82.19772879091516,-4.0,2026-06-01,False,82.3549257759784,3.627569528415961,0.21713691310907313,78.98617511520737,-1.3000000000000003,83.4090909090909,77.38636363636363,96.25,57.27272727272727,33.06818181818182,69.47727272727272,12.200684150513112,43.874034673991915
1907,永豐餘,造紙,30.15,-0.33057851239669533,57251620.05250001,True,62.96697347049269,40.61456245824983,12.66,2026-06-01,False,20.0,3.2534246575342443,0.23855737914927666,97.73095623987032,3.1833333333333336,19.772727272727273,76.02272727272728,97.1590909090909,96.47727272727272,47.5,67.38636363636364,34.20752565564425,43.60869959572924
6414,樺漢,電腦及週邊,455.5,1.5607580824972045,1899934024.125,True,98.10503519220357,3.9078156312625247,56.97,2026-06-01,False,6.896551724137931,15.462610899873258,0.05527099537192819,90.55666003976143,18.843333333333334,5.0,94.54545454545455,70.56818181818181,84.31818181818181,82.5,67.38636363636364,78.90535917901938,43.41952161293666
2006,東和鋼鐵,基本金屬,83.8,-1.9883040935672502,350700517.735,True,45.07042253521127,55.577822311289246,9.01,2026-06-01,False,46.34146341463415,16.71309192200557,0.30402270041460444,94.68926553672317,5.550000000000001,47.27272727272727,95.45454545454545,99.43181818181817,92.5,56.70454545454545,78.27272727272727,29.304446978335235,43.405657199129266
3003,健和興,電子零組件,69.7,-1.134751773049636,70453768.05999999,True,99.78343259339469,1.3694054776219104,36.15,2026-06-01,False,1.3513513513513513,10.459587955625993,0.13459687452419108,98.86524822695037,-1.056666666666672,0.45454545454545453,89.6590909090909,88.52272727272728,97.5,33.86363636363636,62.0,65.05131128848348,43.3366914584845
6603,富強鑫,機械,27.7,2.973977695167296,50135324.525,True,64.11149825783971,39.74615898463594,22.71,2026-06-01,False,50.0,8.840864440078585,0.039041778848240845,80.64046579330422,20.463333333333335,50.73863636363637,87.72727272727273,63.52272727272727,61.36363636363637,84.0909090909091,69.48863636363637,48.80273660205245,43.29443415051311
3622,洋華,光電及I/O,55.1,0.36429872495447047,13496412.064999998,True,6.670281995661605,85.83834335337342,-19.47,2026-06-01,False,84.72222222222221,0.0,-0.034116767081264814,75.47945205479452,-19.093333333333334,85.79545454545455,64.94318181818181,25.90909090909091,48.52272727272727,10.454545454545453,47.125,3.762827822120866,43.28445695553022
2468,華經,資訊服務,34.75,0.43352601156068094,15731083.147499999,True,55.495397942609635,47.09418837675351,49.98,2026-06-01,False,24.444444444444443,-7.0855614973262,0.06009504798970251,56.41233766233766,47.343333333333334,25.113636363636367,36.13636363636364,72.95454545454545,8.863636363636363,94.77272727272728,47.56818181818183,75.25655644241733,43.2743663833316
3529,力旺,半導體,2660.0,0.0,2251964269.5,True,49.864645370871685,51.97060788243153,47.05,2026-06-01,False,69.23076923076923,5.138339920948617,-0.03732898841568148,56.5356004250797,23.043333333333333,70.17045454545455,81.25,25.113636363636367,9.090909090909092,86.81818181818181,54.488636363636374,73.20410490307869,42.80386713486058
8114,振樺電,電腦及週邊,215.0,1.6548463356973908,347189000.15,True,46.99512723335138,54.10821643286573,19.14,2026-06-01,False,65.51724137931035,9.974424552429667,0.11889143482956456,75.83774250440916,27.78,66.47727272727273,88.97727272727273,86.13636363636363,49.20454545454545,89.88636363636363,76.13636363636364,44.127708095781074,42.70806338758163
6121,新普,電子零組件,431.5,-0.6904487917146152,412326583.625,True,82.67460747157553,23.947895791583164,11.5,2026-06-01,False,41.891891891891895,12.22366710013004,0.254893985502097,92.29946524064171,4.8500000000000005,42.5,91.47727272727273,97.8409090909091,87.1590909090909,53.86363636363637,74.56818181818183,32.497149372862026,42.669741888670046
2464,盟立,電子設備,196.5,4.800000000000004,1872738386.525,True,99.93769470404985,0.33400133600534404,43.05,2026-06-01,False,1.3333333333333335,23.197492163009404,0.08535239035141617,98.74371859296483,10.726666666666667,0.3409090909090909,97.72727272727273,79.20454545454545,97.27272727272728,70.11363636363637,68.93181818181819,70.35347776510832,42.55996035036799
1563,巧新,汽車組件,65.3,5.152979066022545,87103641.91999999,True,87.95620437956204,18.37007348029392,21.46,2026-06-01,False,16.216216216216218,4.479999999999996,0.09097884215675792,91.97183098591549,6.146666666666668,15.625,79.0909090909091,80.0,86.5909090909091,58.75,64.01136363636364,47.092360319270234,42.55434007981756
2885,元大金,金融控股,68.6,0.29239766081869956,2071764969.86,True,99.67514889009203,1.7702070808283232,,2026-06-01,False,7.6923076923076925,2.3880597014925287,0.10244074812011941,95.94405594405593,487.2633333333334,5.965909090909091,73.4090909090909,82.72727272727273,94.54545454545455,99.31818181818181,71.19318181818183,,42.36742424242424
2317,鴻海,電腦及週邊,270.0,2.6615969581748944,14111696140.2,True,97.67190037899296,4.342017368069472,52.11,2026-06-01,False,8.620689655172415,12.97071129707113,0.16171743618768006,87.37864077669903,11.636666666666663,6.8181818181818175,92.27272727272727,92.04545454545455,77.72727272727272,71.47727272727272,68.06818181818183,76.96693272519954,42.309914999481705
9802,鈺齊-KY,鞋及旅行箱,72.8,-2.8037383177570208,63570653.86499999,True,24.688684353004874,71.00868403473613,15.45,2026-06-01,False,66.66666666666666,-2.412868632707771,0.11707148631838676,63.304347826086946,13.6,67.5,54.77272727272727,85.79545454545455,17.84090909090909,74.77272727272727,60.13636363636364,38.54047890535918,42.27716518088525
2528,皇普,建設,20.6,1.980198019801982,10265637.5725,True,23.285024154589372,72.47828991315966,-5.37,2026-06-01,False,72.88135593220339,-6.997742663656872,0.12105065621235989,64.375,-139.34666666666666,73.97727272727272,36.70454545454545,86.70454545454545,19.772727272727273,1.7045454545454544,43.77272727272727,11.2884834663626,42.08348450295429
6605,帝寶,汽車組件,137.5,-0.7220216606498187,69684205.15,True,40.33567948023823,59.85303941215765,4.45,2026-06-01,False,64.86486486486487,7.003891050583658,0.14122174754698255,81.84523809523809,6.38,65.56818181818181,84.54545454545455,89.31818181818181,64.54545454545455,59.54545454545455,72.70454545454547,22.34891676168757,41.97927464496735
3630,新鉅科,消費性電子,26.25,1.1560693641618602,27244786.779999994,True,4.294478527607362,87.64195056780227,-5.54,2026-06-01,False,90.0,-2.7777777777777777,-0.02487220738356486,63.25301204819277,-4.296666666666667,90.05681818181817,53.40909090909091,30.113636363636363,17.613636363636363,25.681818181818183,43.375,10.832383124287343,41.27343669016274
2049,上銀,機械,369.0,0.27173913043478937,1651012059.95,True,79.48023822414727,27.187708750835004,31.62,2026-06-01,False,17.647058823529413,14.774494556765164,0.08061727558172364,90.10989010989012,4.793333333333333,17.15909090909091,94.20454545454545,78.63636363636364,82.27272727272728,53.75,65.20454545454545,59.635119726339795,41.21559811340313
1623,大東電,電纜,213.0,2.4038461538461453,32345956.85,True,33.33333333333333,64.16165664662658,13.63,2026-06-01,False,40.0,-9.361702127659575,-0.22493914701027776,62.64705882352941,22.886666666666667,40.17045454545455,27.954545454545453,0.7954545454545454,17.045454545454543,86.5909090909091,34.51136363636364,35.461801596351194,41.18079130817871
2915,潤泰全,百貨批發,54.5,1.679104477611948,138029382.595,True,74.82403898213319,31.462925851703403,12.84,2026-06-01,False,14.285714285714285,4.406130268199228,0.15220902972981626,96.97508896797153,22.96333333333333,13.125,78.86363636363637,90.56818181818181,95.68181818181817,86.70454545454545,72.98863636363636,34.6636259977195,41.151701953975326
3693,營邦,電子零組件,502.0,2.0325203252032464,415778445.9,True,93.8964241676942,11.823647294589177,74.98,2026-06-01,False,20.27027027027027,2.8688524590163933,0.05472316906797833,68.95604395604396,38.11666666666667,20.681818181818183,74.20454545454545,70.22727272727273,31.704545454545453,92.95454545454545,57.95454545454545,86.3169897377423,41.12470197989012
2882,國泰金,金融控股,99.7,0.10040160642570406,2108360815.0400002,True,82.56632376827288,24.04809619238477,-42.04,2026-06-01,False,61.53846153846154,3.2091097308488705,0.16611956285634857,86.32034632034632,-122.87666666666667,62.95454545454545,75.79545454545455,92.61363636363636,75.68181818181819,1.8181818181818181,61.77272727272727,1.596351197263398,41.10931507204312
2324,仁寶,電腦及週邊,39.9,9.917355371900838,2007264227.2899997,True,99.67514889009203,1.7702070808283232,58.38,2026-06-01,False,3.4482758620689653,10.37344398340249,0.13511915683235323,84.80340063761955,26.313333333333333,2.5,89.54545454545455,88.75,71.25,88.52272727272728,68.11363636363637,79.70353477765109,40.977020058049135
6862,三集瑞-KY,電子零組件,146.0,-1.3513513513513487,40590062.975,True,82.87671232876713,23.780895123580496,-1.04,2026-06-01,False,41.21621621621622,-14.117647058823529,-0.021156719473909583,64.03508771929825,27.34666666666667,41.70454545454545,15.0,32.15909090909091,19.43181818181818,89.54545454545455,39.56818181818181,15.96351197263398,40.524968902249405
4951,精拓科,半導體,80.2,-0.24875621890547706,21055605.81,True,16.557017543859647,78.28991315965264,-3.71,2026-06-01,False,85.38461538461539,-4.52380952380952,-0.01608735567319883,57.285714285714285,-2.5533333333333337,86.5909090909091,46.70454545454545,34.43181818181818,9.659090909090908,30.568181818181817,41.59090909090909,12.542759407069557,40.52205348813102
3044,健鼎,印刷電路板,485.5,9.966024915062288,1353552727.4,True,96.48077964266378,7.414829659318638,41.97,2026-06-01,False,15.476190476190476,13.96713615023474,-0.08184817098052324,84.72949389179756,2.8233333333333306,14.829545454545453,93.52272727272727,10.909090909090908,71.02272727272727,46.47727272727273,47.35227272727272,69.66932725199544,40.49971817663523
3653,健策,電子零組件,4470.0,9.963099630996307,6388528684.0,True,96.37249593936113,7.715430861723446,57.64,2026-06-01,False,16.216216216216218,36.28048780487805,0.01206144938860469,82.09366391184572,16.869999999999997,15.625,99.0909090909091,50.68181818181819,65.3409090909091,80.0,62.14772727272727,79.24743443557583,40.28060860889396
4912,聯德控股-KY,電子零組件,94.7,6.165919282511201,28648770.130000003,True,97.61775852734164,4.442217768871076,53.33,2026-06-01,False,6.418918918918918,8.850574712643681,0.06343034659922535,82.34782608695652,15.083333333333336,4.488636363636363,87.8409090909091,73.86363636363636,66.25,77.61363636363636,62.01136363636364,77.76510832383124,40.165708899139624
3213,茂訊,電腦及週邊,134.0,-1.4705882352941124,72662078.05,True,84.35300487276665,22.044088176352705,6.05,2026-06-01,False,24.137931034482758,4.6875,0.10789535162697782,94.03508771929825,-30.186666666666664,24.545454545454547,79.60227272727273,84.43181818181819,90.9090909090909,6.59090909090909,57.215909090909086,24.51539338654504,40.09191652845443
6263,普萊德,通信網路,162.5,1.8808777429467183,25840037.25,True,84.67785598267461,21.77688710754843,4.21,2026-06-01,False,38.46153846153847,3.1746031746031744,0.1469600859968586,86.20689655172413,-3.7233333333333336,38.29545454545455,75.68181818181819,89.6590909090909,75.22727272727273,26.81818181818182,61.13636363636364,22.120866590649943,39.99044392038976
3293,鈊象,資訊服務,781.0,-2.8606965174129306,1208413861.25,True,60.80129940443963,42.48496993987976,17.18,2026-06-01,False,20.0,10.9375,0.2963385326338896,92.6453143534994,2.553333333333333,19.772727272727273,90.11363636363636,99.31818181818181,87.95454545454545,45.56818181818182,68.54545454545453,41.84720638540479,39.86521068726029
5508,永信建,建設,53.9,-1.2820512820512886,24091466.744999997,True,83.91987005955603,22.645290581162325,329.34,2026-06-01,False,10.16949152542373,-3.231597845601444,0.06168929538062452,50.37383177570093,166.54333333333332,9.204545454545453,51.47727272727273,73.52272727272727,3.6363636363636362,98.63636363636363,47.29545454545454,97.83352337514253,39.79928993469473
6517,保勝光學,消費性電子,63.0,1.7770597738287597,118403414.85999998,True,95.01133786848072,10.287241148964595,6.14,2026-06-01,False,10.0,-9.742120343839538,0.014806325433593028,76.73568818514008,22.126666666666665,8.977272727272727,26.477272727272727,51.93181818181818,51.81818181818182,85.9090909090909,45.022727272727266,24.743443557582665,39.76540634394112
3141,晶宏,半導體,75.0,-3.474903474903479,65353898.01500001,True,89.1025641025641,17.234468937875754,10.85,2026-06-01,False,30.0,7.296137339055784,0.22282716251749446,90.14423076923077,-2.5666666666666664,29.602272727272727,85.22727272727273,96.81818181818181,82.61363636363637,30.454545454545457,64.94318181818181,31.527936145952108,39.629143127397114
6245,立端,電腦及週邊,88.0,0.11376564277587597,76311910.005,True,96.21007038440715,8.082832331329326,14.08,2026-06-01,False,10.344827586206897,6.28019323671498,0.1146806062181535,96.2800875273523,-5.803333333333333,9.318181818181818,82.95454545454545,85.56818181818183,95.11363636363637,22.15909090909091,59.02272727272729,36.03192702394527,39.37729993780451
3138,耀登,通信網路,97.6,1.6666666666666607,34180116.17,True,58.472727272727276,44.422177688710754,-1.44,2026-06-01,False,57.692307692307686,-12.46636771300449,0.12734397724123755,44.8735632183908,-8.786666666666667,58.18181818181818,18.409090909090907,87.61363636363636,1.9318181818181817,18.06818181818182,36.840909090909086,15.393386545039908,39.27448299989634
2455,全新,半導體,384.5,4.625850340136051,3049550770.275,True,91.12073632918246,14.629258517034069,23.55,2026-06-01,False,25.384615384615383,21.870047543581617,0.005853758962383781,86.59909909909909,-12.38666666666666,26.022727272727273,97.5,47.72727272727273,76.47727272727273,14.772727272727273,52.5,49.60091220068415,38.65022805017104
4119,旭富,藥,55.1,4.15879017013232,14019981.752499998,True,94.11418481459683,11.422845691382765,36.15,2026-06-01,False,6.8181818181818175,19.782608695652176,0.09630570883473875,89.44805194805194,55.30333333333333,4.886363636363637,96.5909090909091,81.36363636363636,81.25,95.9090909090909,72.0,65.05131128848348,38.6491914584845
4909,新復興,印刷電路板,39.15,2.08604954367666,13975896.0,True,61.76470588235294,41.95056780227121,-11.94,2026-06-01,False,76.19047619047619,-6.896551724137928,0.19207617257280074,56.08882521489972,-18.229999999999997,76.93181818181817,36.93181818181818,94.54545454545455,8.295454545454547,10.795454545454545,45.49999999999999,5.929304446978335,38.55618974810822
4938,和碩,電腦及週邊,91.4,2.696629213483148,1108454754.7800002,True,89.87547374120194,16.566466265865063,15.89,2026-06-01,False,17.24137931034483,10.519951632406292,0.22101579692502465,92.79187817258884,11.676666666666666,16.477272727272727,89.88636363636363,96.70454545454545,88.4090909090909,71.98863636363636,72.69318181818183,39.110604332953244,38.52765108323831
2033,佳大,基本金屬,22.0,7.055961070559613,17845990.6725,True,43.923240938166316,57.11422845691383,-28.85,2026-06-01,False,51.21951219512195,46.666666666666664,0.020640950431361608,100.0,-22.64666666666667,51.70454545454546,99.77272727272727,55.22727272727273,99.20454545454545,8.75,62.93181818181817,2.8506271379703536,38.4967476935835
3010,華立,電子通路,132.5,6.000000000000005,121044780.125,True,86.62696264212236,19.7060788243153,13.92,2026-06-01,False,17.307692307692307,9.95850622406639,0.09955674292308783,93.30985915492957,-4.3100000000000005,16.647727272727273,88.86363636363637,82.04545454545455,89.43181818181817,25.568181818181817,60.51136363636364,35.689851767388824,38.226440214574474
2397,友通,電腦及週邊,66.7,-1.477104874446089,54110624.370000005,True,83.05360043313482,23.51369405477622,31.37,2026-06-01,False,25.862068965517242,14.017094017094022,0.11775980321566716,80.45838359469239,-0.8733333333333313,26.136363636363637,93.63636363636364,85.9090909090909,60.68181818181818,34.43181818181818,60.159090909090914,59.40706955530216,38.14722193428008
3388,崇越電,電子通路,75.6,4.132231404958686,39016637.24499999,True,75.90687601515972,30.26052104208417,18.97,2026-06-01,False,36.53846153846153,-4.785894206549132,0.15623549395473563,62.47933884297521,-6.023333333333337,36.19318181818182,45.11363636363636,91.25,16.818181818181817,21.59090909090909,42.19318181818182,43.95667046750285,37.96359943505753
2850,新產,產險,158.0,-0.6289308176100628,67741400.85,True,99.02544667027612,2.738810955243821,2.09,2026-05-01,False,20.0,6.397306397306397,0.0673102392455731,95.75757575757575,-26.413333333333334,19.772727272727273,83.18181818181817,74.54545454545455,94.0909090909091,7.613636363636364,55.8409090909091,19.327251995438996,37.50226754431429
6426,統新,通信網路,222.0,1.83486238532109,208719743.375,True,98.22485207100591,3.5404141616566465,103.04,2026-06-01,False,5.769230769230769,23.333333333333332,0.0019832149321350676,76.94974003466204,19.836666666666673,4.034090909090909,97.8409090909091,45.22727272727273,52.5,83.86363636363636,56.69318181818181,90.76396807297606,37.364287472789464
6570,維田,電腦及週邊,57.3,0.5263157894736858,14451628.905000001,True,91.06659447753113,14.729458917835672,23.79,2026-06-01,False,15.517241379310345,14.829659318637272,0.03158162944839592,87.48091603053435,1.9233333333333356,15.0,94.31818181818183,60.68181818181818,78.06818181818181,42.61363636363637,58.13636363636364,49.82896237172178,37.14474059293045
2543,皇昌,營造,41.0,4.325699745547085,51747204.402499996,True,31.61290322580645,65.66466265865063,105.33,2026-06-01,False,33.33333333333333,3.666245259165621,0.11260582995095826,47.674418604651166,20.789999999999992,32.44318181818181,77.5,85.11363636363637,2.6136363636363633,84.77272727272728,56.488636363636374,90.99201824401368,37.13720910645796
2070,精湛,儀器設備,63.4,7.457627118644061,12192718.2925,True,81.7769130998703,24.849699398797593,33.17,2026-06-01,False,24.831309041835357,13.012477718360065,0.003314651087371713,76.94174757281552,7.170000000000002,25.340909090909093,92.38636363636363,46.36363636363636,52.38636363636363,62.15909090909091,55.72727272727273,62.02964652223489,36.842638903285994
2354,鴻準,電子零組件,63.0,0.4784688995215225,778346329.05,True,87.06009745533298,19.03807615230461,10.66,2026-06-01,False,33.108108108108105,11.70212765957447,0.12048501576655571,86.0655737704918,37.10666666666667,31.931818181818183,91.02272727272728,86.47727272727272,74.77272727272727,92.72727272727272,75.38636363636363,31.242873432155072,36.73117290349331
6863,永道-KY,通信網路,117.0,-4.098360655737709,57919782.095000006,True,98.17739975698665,3.6072144288577155,80.81,2026-06-01,False,7.6923076923076925,12.5,0.10058256585992718,74.28571428571429,14.076666666666668,5.965909090909091,91.5909090909091,82.38636363636364,45.0,75.45454545454545,60.07954545454545,87.45724059293045,36.70806014823261
1597,直得,機械,149.0,0.6756756756756799,210071724.475,True,73.4163508391987,32.765531062124246,45.25,2026-06-01,False,33.82352941176471,7.971014492753622,0.02631755592548699,67.42081447963801,-10.616666666666667,33.06818181818182,86.5909090909091,57.840909090909086,27.500000000000004,16.25,44.25,72.17787913340935,36.53878796517052
9921,巨大,其他,109.0,-2.2421524663677084,404377509.67,True,92.83276450511946,13.092852371409485,15.98,2026-06-01,False,8.695652173913043,36.25,0.17283707650775057,97.75784753363229,9.766666666666666,6.988636363636363,98.97727272727272,93.4090909090909,96.5909090909091,68.06818181818181,72.80681818181819,39.56670467502851,36.04224435057531
2609,陽明,海運,51.7,-0.5769230769230749,821523028.5250001,True,82.99856527977045,23.580494321977287,20.18,2026-06-01,False,18.181818181818183,2.98804780876494,0.17185427479327428,78.33333333333333,1.4199999999999982,17.84090909090909,74.88636363636364,93.18181818181817,55.56818181818181,40.79545454545455,56.45454545454545,45.38198403648803,35.97617782730382
1717,長興,樹脂,78.6,9.318497913769107,830505519.54,True,93.88197076340012,11.923847695390782,16.21,2026-06-01,False,7.142857142857142,9.930069930069923,0.07341601660379896,92.0374707259953,1.5166666666666675,5.3977272727272725,88.75,76.5909090909091,86.93181818181817,41.36363636363637,59.80681818181819,40.250855188141394,35.95760016067171
3661,世芯-KY,半導體,4055.0,2.528445006321123,7665902173.5,True,75.74445046020574,30.62792251169005,15.39,2026-06-01,False,43.07692307692308,8.56760374832664,-0.018650091870825745,75.44186046511628,32.18000000000001,43.75,87.1590909090909,33.409090909090914,48.18181818181818,91.36363636363637,60.77272727272727,38.42645381984037,35.79979527314191
3665,貿聯-KY,電子零組件,2155.0,-2.0454545454545503,8351475735.0,True,97.23876556578234,5.143620574482298,63.79,2026-06-01,False,11.486486486486488,12.827225130890053,-0.009151625309039511,73.29931972789116,22.563333333333333,10.227272727272728,92.04545454545455,38.97727272727273,42.04545454545455,86.36363636363636,53.93181818181819,82.09806157354618,35.581333575204724
6189,豐藝,電子通路,49.6,0.6085192697768749,26024082.4775,True,94.36924742826204,10.92184368737475,4.49,2026-06-01,False,7.6923076923076925,0.0,0.14827835020571295,87.63250883392226,2.92,5.965909090909091,64.94318181818181,90.0,78.29545454545455,46.81818181818182,57.20454545454545,22.462941847206388,35.44528091634705
3029,零壹,資訊服務,108.5,0.4629629629629539,152710054.28,True,69.40985381700054,36.33934535738143,13.58,2026-06-01,False,15.555555555555555,5.339805825242718,0.1378219350577426,85.09803921568627,-4.813333333333334,15.227272727272728,81.47727272727273,89.0909090909091,72.1590909090909,24.659090909090907,56.52272727272727,35.34777651083238,35.31421685498082
6112,邁達特,資訊服務,46.15,-0.5387931034482762,25742481.6225,True,30.57110862262038,66.39946559786239,-2.29,2026-06-01,False,44.44444444444444,5.72737686139748,0.20198860850743747,81.39329805996472,-15.11,45.34090909090909,82.27272727272728,95.45454545454545,63.18181818181819,12.840909090909092,59.81818181818181,14.481185860889395,35.18279646522235
1442,名軒,建設,29.65,-0.6700167504187671,13793730.4875,True,37.240605720695456,61.857047428189716,26.79,2026-06-01,False,55.932203389830505,2.2413793103448225,-0.0037403679886356387,44.056463595839524,49.52666666666667,56.36363636363636,72.61363636363637,42.27272727272727,1.5909090909090908,95.11363636363637,53.5909090909091,54.0478905359179,34.84719990670675
2399,映泰,電腦及週邊,45.1,6.24263839811543,188118906.3,True,62.88981288981289,40.6813627254509,-10.32,2026-06-01,False,50.0,8.153477218225417,0.04537985137310517,82.0,-30.26,50.73863636363637,86.70454545454545,65.9090909090909,65.11363636363636,6.4772727272727275,54.98863636363636,7.525655644241732,34.16834572924225
7786,東方風能,海運,130.5,0.0,26460612.9,True,38.983050847457626,60.65464261857048,18.58,2026-06-01,False,54.54545454545454,-0.38167938931297707,0.1142730891176134,44.84536082474227,-17.613333333333337,54.60227272727273,63.18181818181819,85.45454545454545,1.8181818181818181,11.136363636363637,43.23863636363636,43.21550741163056,34.11353594381673
3491,昇達科,通信網路,1320.0,3.529411764705892,2757284708.4,True,94.42036836403034,10.821643286573146,89.38,2026-06-01,False,23.076923076923077,10.460251046025103,-0.010493419345029313,60.0,12.510000000000005,23.579545454545457,89.77272727272727,37.5,12.954545454545455,73.29545454545455,47.42045454545455,88.93956670467503,33.925232585259664
4510,高鋒,機械,44.55,9.999999999999986,32114331.5075,True,72.29916897506925,33.80093520374082,2.62,2026-06-01,False,38.23529411764706,6.706586826347298,0.14697254771573534,80.70652173913042,-12.636666666666667,37.95454545454545,83.86363636363636,89.77272727272727,61.47727272727273,14.545454545454545,57.52272727272727,19.84036488027366,33.852136674613874
2891,中信金,金融控股,66.6,-0.29940119760479833,2608001799.7650003,True,95.12723335138061,10.08684034736139,-17.9,2026-06-01,False,23.076923076923077,4.881889763779519,0.17827803238173118,91.98895027624307,-499.2299999999999,23.579545454545457,80.0,93.75,86.81818181818181,1.25,57.07954545454545,4.3329532497149374,33.68267013061055
7765,中華資安,數位雲端,230.0,1.9955654101995624,12132325.275,True,8.928571428571429,84.43553774215097,6.47,2026-06-01,False,60.86956521739131,3.3707865168539324,0.13919887854538548,65.52706552706553,-21.74,61.98863636363636,76.36363636363637,89.20454545454545,22.613636363636363,9.090909090909092,51.85227272727273,25.37058152793615,33.40230447289312
4991,環宇-KY,半導體,484.5,0.7276507276507305,2095026518.05,True,80.97281831187411,25.918503674014698,55.06,2026-06-01,False,39.23076923076923,13.732394366197184,0.0059464388101761615,55.68965517241379,-4.056666666666665,39.54545454545455,92.8409090909091,47.95454545454545,8.068181818181818,26.477272727272727,42.97727272727272,78.44925883694413,33.305496527417844
3558,神準,通信網路,130.0,0.0,14026624.075,True,99.83757444504602,0.9018036072144289,5.74,2026-06-01,False,3.8461538461538463,-7.142857142857142,0.1882856264131918,72.62569832402235,15.183333333333334,2.6136363636363633,35.79545454545455,94.31818181818183,39.43181818181819,77.8409090909091,50.00000000000001,24.059293044469783,32.57732326111744
2474,可成,電子零組件,205.0,-0.4854368932038833,695765348.7,True,70.1678397401191,35.80494321977288,-55.07,2026-06-01,False,55.4054054054054,7.329842931937172,-0.003307780997189113,79.76653696498055,-8.549999999999997,55.45454545454545,85.45454545454545,42.5,59.20454545454545,18.295454545454547,52.18181818181819,0.9122006841505131,32.529186534674
4163,鐿鈦,醫療耗材,139.0,-4.467353951890029,20271730.55,True,99.78343259339469,1.3694054776219104,7.69,2026-06-01,False,3.0303030303030303,9.448818897637794,0.07559075492548549,92.66666666666666,-4.333333333333333,1.9318181818181817,88.4090909090909,77.72727272727272,88.06818181818183,25.454545454545453,56.31818181818181,27.822120866590648,32.35325748937494
7734,印能科技,電子設備,3350.0,3.7151702786377694,1006997759.75,True,76.47058823529412,29.52571810287241,-6.43,2026-06-01,False,56.00000000000001,10.016420361247947,0.020706887559163,76.57142857142857,-69.60666666666667,56.477272727272734,89.0909090909091,55.34090909090909,51.13636363636363,3.0681818181818183,51.022727272727266,10.034207525655644,32.13923369959573
4979,華星光,通信網路,561.0,10.000000000000009,5034316284.575,True,96.15806805708014,8.283233132932532,27.68,2026-06-01,False,17.307692307692307,36.829268292682926,0.040166815938676055,78.13370473537604,8.850000000000001,16.647727272727273,99.20454545454545,63.74999999999999,55.11363636363637,65.68181818181819,60.07954545454545,55.188141391106036,31.936239893231058
8436,大江,藥,124.5,-1.1904761904761862,90547961.5,True,24.688684353004874,71.00868403473613,-14.6,2026-06-01,False,52.27272727272727,7.792207792207792,-0.1001015230032771,78.30188679245283,-11.153333333333332,53.06818181818181,86.47727272727272,8.068181818181818,55.45454545454545,15.681818181818183,43.75,5.245153933865451,31.82265211983
2597,潤弘,營造,167.0,-0.29850746268657025,45143346.95,True,73.19978343259339,32.93253173012692,2.95,2026-06-01,False,13.333333333333334,1.5197568389057752,0.16263735591196982,81.86274509803921,-10.32,12.15909090909091,70.9090909090909,92.1590909090909,64.6590909090909,16.363636363636363,51.25,20.524515393386544,31.608401575619364
2905,三商,百貨批發,16.4,0.0,20293695.2125,True,83.89140271493213,22.712090848363392,-19.95,2026-05-01,False,9.523809523809524,5.1282051282051215,0.21416023216572616,95.906432748538,-111.84666666666666,8.352272727272728,81.02272727272727,95.9090909090909,94.43181818181819,1.9318181818181817,56.32954545454546,3.6488027366020526,31.352541593241426
4763,材料*-KY,其他化學,52.6,1.9379844961240345,523251657.71999997,True,23.930698429886302,71.81028724114896,-10.11,2026-06-01,False,68.75,12.034078807241743,0.09015232762545407,72.05479452054794,14.663333333333338,69.6590909090909,91.25,79.77272727272727,38.29545454545455,76.70454545454545,71.13636363636364,7.639680729760548,31.0860565460765
6150,撼訊,電腦及週邊,60.5,2.195945945945943,11738808.19,True,62.01859229747676,41.616566466265866,-30.19,2026-06-01,False,51.724137931034484,-2.8892455858747947,0.12797714210261138,65.19396551724138,20.733333333333338,52.38636363636363,53.18181818181819,87.8409090909091,21.704545454545453,84.54545454545455,59.93181818181819,2.6225769669327255,30.882916969005905
6472,保瑞,藥,424.0,0.11806375442739991,351549621.375,True,90.63345966432051,15.230460921843688,39.22,2026-06-01,False,9.090909090909092,-1.0501750291715286,0.06645281792050108,54.1507024265645,21.906666666666666,7.784090909090908,59.77272727272728,74.20454545454545,6.4772727272727275,85.56818181818183,46.76136363636364,67.50285062713797,30.497871747693583
5530,龍巖,靈骨塔,49.35,-0.6042296072507503,16479551.917499999,True,89.98375744450459,16.39946559786239,-8.33,2026-06-01,False,16.497975708502025,3.0271398747390457,0.1308399884762806,84.79381443298969,0.45000000000000107,15.795454545454547,75.0,88.06818181818183,71.13636363636363,37.72727272727273,57.54545454545455,8.893956670467503,30.20644371307142
6234,高僑,電子設備,37.35,1.9099590723056004,22841736.817500003,True,95.24368761009983,9.752839011356047,-15.81,2026-06-01,False,21.333333333333336,-11.282660332541568,0.12317651551036984,60.24193548387097,-22.45,21.59090909090909,21.477272727272727,87.04545454545455,13.40909090909091,8.863636363636363,30.47727272727273,4.903078677309008,29.606451487509073
6596,寬宏藝術,廣告,93.7,7.3310423825887705,11520928.7,True,4.2367601246105915,87.84235136940548,-38.99,2026-06-01,False,88.05668016194332,3.765227021040981,0.07892202525280291,52.3463687150838,-635.0966666666667,88.63636363636364,77.61363636363636,77.8409090909091,4.772727272727273,1.0227272727272727,49.977272727272734,1.8244013683010263,29.404963978438897
6620,漢達,藥,79.5,3.650586701434144,82318970.6,True,43.42105263157895,57.71543086172345,-21.75,2026-06-01,False,38.63636363636363,-8.8302752293578,-0.044770674589714156,52.823920265780735,23.26333333333333,38.63636363636363,29.88636363636364,21.704545454545453,5.227272727272727,87.04545454545455,36.5,3.4207525655644244,29.349506323209287
8240,華宏,光電及I/O,43.4,2.721893491124261,11508404.2825,True,81.10449377368705,25.751503006012022,-7.7,2026-06-01,False,29.166666666666668,-8.245243128964058,0.2208091162811096,58.02139037433155,-2.546666666666667,28.863636363636363,31.704545454545453,96.5909090909091,10.568181818181818,30.681818181818183,39.68181818181818,9.35005701254276,29.269332434953874
2454,聯發科,半導體,4015.0,-0.12437810945273853,35142930029.75,True,98.59231185706551,3.0728122912491647,2.8,2026-06-01,False,3.076923076923077,7.352941176470589,-0.011163802481874064,86.53017241379311,1.583333333333333,2.0454545454545454,85.56818181818183,37.04545454545455,76.13636363636364,41.47727272727273,48.45454545454545,20.182440136830103,28.199019125116617
4977,眾達-KY,通信網路,154.0,5.119453924914685,418509295.075,True,76.44829453167297,29.659318637274552,8.08,2026-06-01,False,46.15384615384615,3.3557046979865772,-0.00824399648781801,56.931608133086876,23.523333333333333,47.04545454545455,76.25,39.43181818181819,9.318181818181818,87.38636363636364,51.88636363636364,28.278221208665904,27.097964393075564
3008,大立光,消費性電子,4585.0,5.281285878300812,9494527758.0,True,94.36924742826204,10.92184368737475,-10.46,2026-06-01,False,15.0,13.490099009900991,-0.028459072335753476,88.25794032723773,-29.35666666666667,13.863636363636363,92.72727272727272,28.18181818181818,79.6590909090909,6.704545454545455,44.22727272727273,7.183580387685291,26.99475873328496
2247,汎德永業,車輛買賣,228.5,-0.21834061135370675,14448110.85,True,88.7244538407329,17.90247160988644,-6.99,2026-06-01,False,17.94871794871795,-0.6521739130434783,0.269157544026654,73.35473515248796,13.173333333333334,17.5,61.93181818181818,98.18181818181819,42.5,74.0909090909091,58.8409090909091,9.692132269099202,26.940078521820254
4571,鈞興-KY,機械,172.0,2.3809523809523725,49355642.85,True,78.28162291169451,28.256513026052104,5.51,2026-06-01,False,23.52941176470588,8.176100628930817,-0.06710504320203035,74.13793103448276,-2.1966666666666663,23.863636363636363,86.81818181818181,15.568181818181817,44.43181818181819,31.477272727272727,40.43181818181818,23.603192702394526,26.270116357416818
9914,美利達,其他,93.3,-1.0604453870625696,479510853.09000003,True,71.3574097135741,34.46893787575151,-5.51,2026-06-01,False,26.08695652173913,21.80156657963447,0.09684026227413406,81.84210526315789,-5.013333333333333,26.30681818181818,97.38636363636364,81.47727272727273,64.43181818181817,24.09090909090909,58.73863636363636,10.946408209806158,26.074670234269718
6442,光聖,通信網路,1595.0,10.000000000000009,3292001184.25,True,75.52447552447552,30.928523714094858,1.65,2026-06-01,False,48.07692307692308,11.538461538461538,-0.041814957259188094,67.29957805907173,-32.17,48.80681818181819,90.9090909090909,23.18181818181818,27.045454545454543,5.909090909090909,39.17045454545455,19.04218928164196,25.996342774955945
4770,上品,樹脂,223.5,2.522935779816504,89132649.675,True,86.64292074799644,19.639278557114228,-6.95,2026-06-01,False,28.57142857142857,1.1312217194570136,0.12136713708528722,70.0626959247649,-10.746666666666666,28.465909090909093,69.6590909090909,86.81818181818181,33.86363636363636,16.022727272727273,46.96590909090909,9.806157354618016,25.61915297501814
6890,來億-KY,鞋及旅行箱,179.5,2.865329512893977,53605275.125,True,39.658444022770404,60.18704074816299,-3.2,2026-06-01,False,44.44444444444444,1.9886363636363635,0.15712885665694443,62.11072664359861,0.6566666666666667,45.34090909090909,72.1590909090909,91.47727272727273,16.022727272727273,38.40909090909091,52.68181818181819,13.112884834663626,25.57935757230227
6530,創威,通信網路,87.5,8.966376089663775,65833967.96500001,True,82.07904710341094,24.582498329993317,8.41,2026-06-01,False,40.38461538461539,13.784135240572162,0.0036902160886839014,65.54307116104869,-8.876666666666665,40.85227272727273,93.18181818181817,46.47727272727273,22.840909090909093,17.954545454545453,44.26136363636364,28.734321550741164,24.811421296776203
8111,立碁,光電及I/O,58.8,1.379310344827589,710561246.8025,True,73.14564158094207,33.06613226452906,2.34,2026-06-01,False,36.11111111111111,16.435643564356432,-0.00834545233646238,72.6823238566131,6.076666666666666,35.340909090909086,95.3409090909091,39.31818181818182,39.659090909090914,58.409090909090914,53.61363636363636,19.49828962371722,24.789345133202033
8039,台虹,印刷電路板,227.0,5.092592592592582,6065273419.65,True,99.07958852192745,2.6052104208416833,-6.57,2026-06-01,False,7.142857142857142,25.068870523415974,-0.010206468727790043,88.671875,-4.130000000000001,5.3977272727272725,98.18181818181819,37.84090909090909,80.11363636363636,26.022727272727273,49.51136363636364,9.92018244013683,24.31243197367057
3548,兆利,電子零組件,77.8,3.595206391478034,16301378.895,True,97.61775852734164,4.442217768871076,7.06,2026-06-01,False,6.418918918918918,-3.354037267080749,0.1605928035229096,61.501976284584984,17.073333333333334,4.488636363636363,51.13636363636363,91.81818181818183,15.227272727272728,80.22727272727272,48.57954545454545,26.795895096921324,23.843860137866695
6588,東典光電,通信網路,97.1,9.966024915062288,254959750.81,True,99.84825493171472,0.6680026720106881,49.1,2026-06-01,False,1.9230769230769231,20.322180916976446,-0.005348319257082649,60.87774294670846,-72.53333333333333,0.9659090909090908,96.93181818181819,41.13636363636364,14.09090909090909,2.9545454545454546,31.2159090909091,74.68643101482326,23.202857753705814
4303,信立,石化,47.0,5.3811659192825045,20275941.990000002,True,59.09090909090909,43.820975283901134,-10.0,2026-06-01,False,50.0,3.070175438596488,0.15658941829476056,56.287425149700596,-14.543333333333333,50.73863636363637,75.22727272727273,91.36363636363637,8.636363636363637,13.295454545454547,47.85227272727273,7.8677309007981755,23.00386454338136
4971,IET-KY,半導體,500.0,7.526881720430101,540018647.5,True,91.94583036350677,13.827655310621243,-6.26,2026-06-01,False,24.615384615384617,17.785630153121318,-0.033191116901060566,57.3394495412844,-12.943333333333332,25.227272727272727,95.9090909090909,26.25,9.772727272727273,14.318181818181818,34.29545454545455,10.490307867730902,12.395304239659998
