stock_id,name,industry,close,day_change_pct,adv20,listed_ok,pe_hist_pct,value_pct,revenue_yoy,rev_month,bear_regime,value_ind_pct,momentum20,chip20_turnover,high52_prox,rev_accel,value_ind_pct_pool_pct,momentum20_pool_pct,chip20_turnover_pool_pct,high52_prox_pool_pct,rev_accel_pool_pct,composite,revenue_yoy_pool_pct,c2_score
3006,晶豪科,半導體,270.5,-1.0968921389396757,3439154360.75,True,18.216756341275943,72.96052631578948,605.24,2026-08-01,False,86.36363636363636,-8.922558922558922,-0.07614400075078409,86.69871794871796,130.35607996617523,88.4160756501182,6.264775413711583,18.55791962174941,66.548463356974,98.69822485207101,55.69709177892484,99.17257683215131,86.96808510638297
4967,十銓,半導體,265.0,-0.7490636704119868,644063690.125,True,0.19907100199071004,97.76315789473684,275.06,2026-08-01,False,98.48484848484848,-4.504504504504505,-0.01717998840582186,87.02791461412151,138.7902105341802,97.51773049645391,15.484633569739954,39.125295508274235,67.37588652482269,98.81656804733728,63.66402282932562,97.39952718676122,86.70212765957446
6265,方土昶,電子通路,49.15,1.0277492291880685,90755455.78,True,1.2207527975584944,92.36842105263158,465.95,2026-08-01,False,98.07692307692307,-10.310218978102188,-0.169283243802724,76.9170579029734,-330.0132569222132,97.16312056737588,4.137115839243498,6.619385342789598,41.96217494089834,0.591715976331361,30.094702533327734,98.46335697399527,83.36288416075651
8112,至上,電子通路,83.7,-0.3571428571428559,461676889.82000005,True,8.598726114649681,81.05263157894737,154.83,2026-08-01,False,84.61538461538461,-7.411504424778764,-0.32954275069194855,83.28358208955224,-84.99796792026237,87.11583924349881,8.39243498817967,0.5910165484633569,58.98345153664303,2.2485207100591715,31.466252605368812,93.85342789598108,82.89007092198581
8271,宇瞻,半導體,202.0,0.4975124378109541,247734357.325,True,0.42462845010615713,96.2171052631579,177.1,2026-08-01,False,97.72727272727273,-9.00900900900901,-0.19345727856946532,77.54318618042227,-3.813699842877014,96.80851063829788,6.028368794326241,4.964539007092199,43.61702127659575,34.437869822485204,37.17126190775945,94.56264775413712,82.23995271867614
2889,國票金,金融控股,16.3,0.6172839506172867,191467217.2575,True,29.723991507431,62.82894736842105,51.9,2026-08-01,False,100.0,-0.9118541033434565,-0.013760079734463623,92.61363636363636,-4.119396817204667,99.05437352245863,32.97872340425532,41.371158392434985,80.1418439716312,33.72781065088758,57.454781988333536,72.22222222222221,79.60992907801418
3260,威剛,半導體,365.0,-1.3513513513513487,2038984735.9,True,0.0,99.57236842105263,279.81,2026-08-01,False,99.62121212121212,-11.407766990291263,-0.16583164392117025,69.52380952380952,5.422855692855023,97.93144208037825,3.1914893617021276,6.8557919621749415,24.940898345153663,67.92899408284023,40.16972316644984,97.63593380614657,79.32919621749409
2820,華票,票券公司,16.85,1.2012012012012185,48781608.84,True,0.42462845010615713,96.2171052631579,54.67,2026-08-01,False,96.29506008010681,0.0,0.30418192721066467,94.39775910364145,38.724953800765675,95.98108747044918,38.2387706855792,99.52718676122932,85.1063829787234,94.20118343195266,82.61092226558675,74.11347517730496,79.24054373522459
1815,富喬,印刷電路板,132.5,4.330708661417315,6987801534.15,True,56.22529644268774,41.776315789473685,79.21,2026-08-01,False,83.33333333333334,1.9230769230769231,-0.03103818795592911,98.14814814814815,14.65130528085922,85.69739952718676,46.57210401891253,32.38770685579196,93.85342789598108,83.31360946745562,68.3648495530656,83.56973995271868,79.1371158392435
2905,三商,百貨批發,17.7,-0.28169014084507005,24539929.89,True,14.623467600700527,76.18421052631578,7187.4,2026-08-01,False,61.904761904761905,-1.117318435754186,0.10092381363066757,93.89920424403182,4663.35352448985,63.652482269503544,31.796690307328607,85.57919621749409,84.16075650118204,100.0,73.03782505910166,99.88179669030734,78.97458628841608
7828,創新服務,電子設備,1800.0,-2.1739130434782594,648700810.25,True,17.391304347826086,73.55263157894737,192.14,2026-08-01,False,94.8051948051948,-3.7433155080213902,0.05408388049174797,77.41935483870968,-89.56925383248307,95.0354609929078,18.439716312056735,74.70449172576832,42.90780141843972,2.130177514792899,46.64352959279309,95.39007092198581,78.72340425531914
6922,宸曜,電腦及週邊,204.0,-3.3175355450236976,34090358.05,True,5.957446808510639,83.88157894736842,58.98,2026-08-01,False,84.7457627118644,-2.3923444976076556,0.004551988282693637,90.66666666666666,-3.5830037944871833,87.35224586288416,24.70449172576832,53.54609929078015,75.65011820330969,35.02958579881657,55.256508176311776,76.24113475177306,78.63475177304966
4771,望隼,醫療耗材,203.0,-0.4901960784313708,42841308.5,True,1.607717041800643,91.25,70.64,2026-08-01,False,80.0,-1.4563106796116505,0.06796365943267765,92.69406392694064,32.77885859274407,82.26950354609929,30.37825059101655,78.36879432624113,80.37825059101655,92.3076923076923,72.74049827241316,81.08747044917257,78.33924349881796
3708,上緯投控,樹脂,96.2,0.8385744234800763,42629391.58,True,0.5307855626326964,95.78947368421052,534.57,2026-08-01,False,100.0,-3.4136546184738874,-0.08560328252158626,73.15589353612168,302.4199200937247,99.05437352245863,19.50354609929078,16.312056737588655,33.451536643026,99.40828402366864,53.545959405206546,98.69976359338062,77.92553191489361
2408,南亞科,半導體,514.0,-2.0952380952380945,22319888716.2,True,62.20285261489698,37.30263157894737,560.85,2026-08-01,False,56.060606060606055,-0.5802707930367506,0.03966197625848555,95.00924214417745,-73.08471148427247,58.274231678487,34.86997635933806,69.26713947990544,87.11583924349881,2.72189349112426,50.449816050470716,98.93617021276596,77.36406619385343
2451,創見,半導體,287.0,2.8673835125448077,560772832.55,True,1.5392781316348196,91.67763157894737,275.47,2026-08-01,False,96.21212121212122,-0.8635578583765112,0.06406052323381282,78.95460797799174,-46.08875735651844,95.8628841607565,33.33333333333333,77.54137115839244,47.635933806146575,4.378698224852071,51.75044413669618,97.51773049645391,76.92080378250591
7769,鴻勁,電子設備,5885.0,-0.3386960203217604,6126208008.5,True,14.975845410628018,75.72368421052632,91.58,2026-08-01,False,96.1038961038961,-10.357958872810357,-0.06870769144661303,71.24697336561744,-8.069788535505879,95.74468085106383,3.7825059101654848,20.094562647754138,28.60520094562648,23.19526627218935,34.28444332535985,86.99763593380615,76.89125295508275
2101,南港,輪胎,29.75,2.2336769759450092,60945589.275,True,0.3041825095057034,96.97368421052632,84.2,2026-08-01,False,100.0,-4.3408360128617405,-0.12358932248870592,75.41191381495564,-67.64648016640457,99.05437352245863,16.07565011820331,9.810874704491725,38.88888888888889,2.9585798816568047,33.35767342313987,85.22458628841608,76.77304964539007
3141,晶宏,半導體,81.5,1.6209476309226867,309966210.005,True,44.15288077581289,52.17105263157895,79.77,2026-08-01,False,72.72727272727273,-20.098039215686274,-0.05774038946528388,79.51219512195122,36.362694672794355,74.58628841607565,0.5910165484633569,23.404255319148938,48.93617021276596,93.6094674556213,48.22543959041504,83.68794326241135,76.6548463356974
5289,宜鼎,半導體,1260.0,-0.39525691699604515,1546098179.25,True,0.0,99.57236842105263,576.29,2026-08-01,False,99.62121212121212,-10.320284697508896,-0.09787071961110241,63.31658291457286,-60.0861557700789,97.93144208037825,4.0189125295508275,12.647754137115838,13.59338061465721,3.3136094674556213,26.30101976583155,99.05437352245863,76.64007092198581
2388,威盛,半導體,71.5,1.2747875354107707,237559362.4,True,35.77981651376147,58.223684210526315,77.39,2026-08-01,False,75.75757575757575,-7.979407979407983,-0.1140753499827734,81.25,25.82560082836629,77.6595744680851,7.446808510638298,10.99290780141844,52.836879432624116,90.41420118343196,47.870074279239574,83.21513002364065,76.5661938534279
3231,緯創,電腦及週邊,185.0,-2.37467018469657,8234755923.475,True,56.847133757961785,41.31578947368421,166.48,2026-08-01,False,35.59322033898305,-6.091370558375635,-0.1045721960428576,93.43434343434343,72.78317937814658,36.64302600472813,10.047281323877069,11.82033096926714,82.26950354609929,97.51479289940829,47.65898694867598,94.08983451536643,75.7387706855792
4973,廣穎,半導體,135.5,-0.73260073260073,78057873.425,True,7.322654462242563,82.43421052631578,204.03,2026-08-01,False,92.42424242424242,-9.966777408637874,0.029939010223876236,64.52380952380953,-5.794409089330969,93.14420803782507,4.964539007092199,64.8936170212766,15.839243498817968,28.402366863905325,41.448794885783435,95.62647754137116,74.9113475177305
6753,龍德造船,機車船製造,131.0,0.0,57109606.425,True,0.11507479861910241,98.22368421052632,40.14,2026-08-01,False,100.0,-4.7272727272727275,-0.0581109968556082,81.11455108359134,1.5359148468564285,99.05437352245863,14.657210401891252,23.286052009456267,52.00945626477541,55.62130177514793,48.9256787947459,62.76595744680851,74.79314420803783
1232,大統益,油脂飼料,154.0,0.6535947712418277,12510459.35,True,5.83864118895966,84.01315789473685,34.56,2026-08-01,False,87.5,-2.2222222222222223,-0.07148821034429267,91.3946587537092,3.765997700304922,89.0661938534279,25.295508274231675,19.38534278959811,77.30496453900709,62.01183431952663,54.61276875515828,57.09219858156028,74.54196217494089
3135,凌航,半導體,157.0,-0.31746031746031633,89519700.425,True,1.056338028169014,93.28947368421052,237.79,2026-08-01,False,96.96969696969697,-9.248554913294797,-0.06977455331239697,60.26871401151631,40.411838093366896,96.33569739952719,5.673758865248227,19.739952718676122,10.047281323877069,94.79289940828403,45.31791794312253,96.6903073286052,74.34988179669031
4576,大銀微系統,機械,232.0,0.0,492162798.3,True,42.79686558167571,52.960526315789465,98.05,2026-08-01,False,62.857142857142854,-6.0728744939271255,-0.011974108034065595,81.54657293497364,24.46669294007596,64.8936170212766,10.28368794326241,42.08037825059102,53.54609929078015,89.3491124260355,52.03057898638913,88.29787234042553,74.11347517730496
2605,新興,海運,36.6,-0.9472259810554884,383177477.56499994,True,1.6756433273488927,90.98684210526315,58.75,2026-08-01,False,100.0,0.6877579092159559,0.03974817960263816,84.42906574394465,9.87056100915256,99.05437352245863,40.543735224586285,69.3853427895981,61.82033096926713,77.51479289940828,69.66371508106369,76.12293144208037,74.11347517730496
2501,國建,建設,20.6,1.980198019801982,51579072.835,True,3.662420382165605,86.8421052631579,60.18,2026-08-01,False,84.21052631578947,-7.623318385650221,-0.3333356978133502,76.2962962962963,24.088834407749253,86.46572104018912,8.156028368794328,0.3546099290780142,40.66193853427896,88.99408284023669,44.926476142515426,77.30496453900709,74.06914893617021
6654,天正國際,電子設備,217.0,-1.3636363636363669,10358251.475,True,84.65608465608466,19.078947368421055,848.76,2026-08-01,False,44.15584415584416,0.9302325581395349,0.11046496194911984,95.38461538461539,417.7255291093977,45.8628841607565,41.725768321513,86.7612293144208,87.94326241134752,99.64497041420118,72.3876229244478,99.40898345153664,72.87234042553192
5880,合庫金,金融控股,26.55,2.3121387283236983,467501286.6925,True,45.276008492569005,51.11842105263158,23.6,2026-08-01,False,92.3076923076923,0.18867924528302155,0.128532851431845,96.19565217391303,11.720192652703098,92.96690307328606,38.77068557919622,89.83451536643025,89.47990543735224,80.35502958579882,78.28140780841272,45.508274231678485,72.29609929078015
6024,群益期,期貨,59.4,-0.1680672268907557,15899846.985,True,0.15923566878980894,98.02631578947368,7.8,2026-08-01,False,98.13084112149532,-5.5643879173290935,-0.1680318005564524,91.1042944785276,-63.18413532862712,97.28132387706856,11.347517730496454,6.73758865248227,76.59574468085107,3.195266272189349,39.03148824261754,26.654846335697403,72.29609929078015
1590,亞德客-KY,機械,1230.0,2.9288702928870203,1093945325.0,True,18.630573248407643,72.4342105263158,43.33,2026-08-01,False,82.85714285714286,-10.218978102189782,-0.08998641601342836,77.11598746081505,-2.9996924610102695,85.16548463356975,4.25531914893617,15.011820330969266,42.31678486997636,37.514792899408285,36.85284037657196,65.36643026004728,72.14834515366431
8299,群聯,半導體,2060.0,-1.4354066985645897,6933405401.0,True,17.78131634819533,73.35526315789474,376.52,2026-08-01,False,87.87878787878788,-1.6706443914081146,0.0216664929197475,71.52777777777779,24.829780544289576,89.36170212765957,28.959810874704488,61.58392434988179,29.66903073286052,89.94082840236686,59.90305929749466,98.22695035460993,72.07446808510637
3498,陽程,電子設備,231.5,-1.279317697228144,706974728.7,True,34.57943925233645,59.539473684210535,326.05,2026-08-01,False,83.11688311688312,22.163588390501317,-0.02625051098117965,97.88583509513742,-37.05546756236794,85.34278959810875,89.59810874704492,34.39716312056738,93.02600472813238,5.44378698224852,61.56157063522039,97.87234042553192,71.66075650118202
2382,廣達,電腦及週邊,335.0,0.4497751124437732,4693896101.0,True,36.19957537154989,57.631578947368425,177.45,2026-08-01,False,57.6271186440678,-3.597122302158273,0.003061008523571781,80.3357314148681,40.23723195994049,59.456264775413715,18.79432624113475,52.12765957446809,50.70921985815603,94.55621301775147,55.128736693384816,94.68085106382979,71.5130023640662
2344,華邦電,半導體,179.5,1.1267605633802802,16018554804.8,True,44.99004644990047,51.513157894736835,289.43,2026-08-01,False,71.96969696969697,-0.2777777777777778,0.018479600143473746,80.85585585585585,32.47748646186841,73.64066193853428,37.234042553191486,60.520094562647756,51.6548463356974,91.9526627218935,63.000461622392876,97.75413711583924,71.45390070921985
6209,今國光,消費性電子,90.9,4.123711340206193,815851452.485,True,8.178438661710038,81.77631578947368,106.76,2026-08-01,False,94.73684210526315,14.91782553729458,0.04414648467089671,93.51851851851852,15.684434569866326,94.8581560283688,83.21513002364065,71.04018912529551,82.50591016548464,83.90532544378698,83.10494215731532,89.95271867612293,71.02541371158392
2376,技嘉,電腦及週邊,365.5,-3.8157894736842057,2285052082.05,True,38.21656050955414,56.05263157894736,98.43,2026-08-01,False,54.23728813559322,0.2743484224965706,-0.04641425781759115,91.60401002506265,22.879661161603124,56.26477541371159,38.88888888888889,26.832151300236408,77.89598108747045,88.40236686390533,57.65683271084254,88.53427895981088,70.951536643026
5288,豐祥-KY,機車船製造,189.0,0.2652519893899141,25932822.15,True,40.28662420382166,54.60526315789473,60.1,2026-08-01,False,46.15384615384615,-1.0471204188481675,0.1335388049376466,95.69620253164557,-1.3994435561049272,48.04964539007092,32.269503546099294,90.18912529550828,88.53427895981088,42.9585798816568,60.40022661462924,77.18676122931441,70.37529550827423
2362,藍天,電腦及週邊,46.7,0.43010752688172893,23785060.8775,True,0.3184713375796179,96.84210526315789,12.1,2026-08-01,False,98.30508474576271,-2.6068821689259645,-0.0885519587963934,89.98073217726397,0.6693685539758558,97.39952718676122,23.167848699763592,15.602836879432624,73.87706855791963,51.005917159763314,52.21063969672808,31.914893617021278,70.00591016548464
2436,偉詮電,半導體,72.4,-2.2941970310391246,477489675.2,True,3.821656050955414,86.44736842105263,32.15,2026-08-01,False,93.18181818181817,0.9762900976290136,-0.0022877227137672396,89.93788819875778,1.0303400204212885,93.49881796690308,41.96217494089834,48.3451536643026,73.64066193853428,52.781065088757394,62.04557471987913,54.25531914893617,69.85815602836878
3617,碩天,電子零組件,245.5,0.20408163265306367,69218721.75,True,19.653824678950308,71.1842105263158,13.31,2026-08-01,False,90.72847682119205,-1.2072434607645874,0.0622780152452542,94.42307692307692,-4.187385970071974,91.725768321513,31.20567375886525,76.8321513002364,85.28368794326241,33.6094674556213,63.73134975589968,32.97872340425532,69.69562647754137
3023,信邦,電子零組件,323.0,1.8927444794952786,233327593.875,True,70.22292993630573,30.82236842105263,32.47,2026-08-01,False,49.668874172185426,-4.860088365243005,0.09364161211596046,95.0,6.125990514623737,50.82742316784869,14.184397163120568,84.39716312056737,86.99763593380615,69.46745562130178,61.17481500132892,54.72813238770685,69.59219858156028
2816,旺旺保,產險,40.5,2.1437578814627933,13591396.1675,True,1.278149726110773,92.30263157894737,19.61,2026-08-01,False,100.0,4.38144329896908,0.11135736900634718,98.90109890109889,19.505837381474826,99.05437352245863,56.6193853427896,87.2340425531915,95.27186761229315,86.3905325443787,84.91404031502232,40.30732860520095,69.50354609929079
6584,南俊國際,金屬製品,538.0,-2.3593466424682408,264986686.3,True,7.806191117092867,82.10526315789474,37.66,2026-08-01,False,100.0,-13.08562197092084,-0.11587958239022016,66.83229813664596,0.6260286476840236,99.05437352245863,2.3640661938534278,10.520094562647754,20.921985815602838,50.650887573964496,36.70228153370543,60.16548463356975,69.44444444444444
6667,信紘科,電子設備,278.5,6.909788867562372,140565086.775,True,37.57961783439491,56.51315789473684,69.06,2026-08-01,False,79.22077922077922,9.215686274509805,0.1485654018663977,94.72789115646259,54.06857755774433,81.56028368794325,73.04964539007092,92.67139479905437,86.52482269503547,96.33136094674556,86.02750150376991,80.6146572104019,68.91252955082743
6782,視陽,醫療耗材,232.5,0.4319654427645814,61186117.775,True,11.695278969957082,78.48684210526315,64.05,2026-08-01,False,57.14285714285714,1.5283842794759825,0.027631074961570957,93.18637274549098,21.649800336407985,58.98345153664303,45.15366430260047,64.65721040189125,81.56028368794325,87.57396449704143,67.5857148852239,79.07801418439716,68.61702127659574
2548,華固,建設,91.2,0.0,106502221.96999998,True,18.259023354564754,72.89473684210527,139.53,2026-08-01,False,75.43859649122807,-3.1847133757961785,-0.17566258319235709,69.0909090909091,152.97563874048745,77.42316784869976,20.44917257683215,5.91016548463357,24.113475177304963,98.93491124260355,45.3661784660148,93.14420803782507,68.5579196217494
5274,信驊,半導體,17750.0,-6.505135633394787,4661262897.5,True,90.49893842887474,13.94736842105263,118.42,2026-08-01,False,25.757575757575758,-7.624251886546969,-0.002167908167881735,84.90791676632384,23.925709951613655,26.47754137115839,8.037825059101655,48.69976359338061,63.593380614657214,88.87573964497042,47.13685005665366,91.48936170212765,68.3806146572104
6913,鴻呈,電子零組件,134.0,3.474903474903468,29841419.025,True,4.918032786885246,85.19736842105263,25.04,2026-08-01,False,98.67549668874173,-1.8315018315018317,-0.22040480716904587,82.46153846153847,-26.15009718565905,97.63593380614657,28.073286052009454,3.7825059101654848,56.73758865248227,8.63905325443787,38.973673535048334,47.04491725768322,68.33628841607565
2102,泰豐,輪胎,16.55,0.3030303030303161,12959399.852500001,True,1.89873417721519,90.13157894736842,29.99,2026-08-01,False,80.0,-7.541899441340771,-0.22925482186397184,78.62232779097387,24.325670409562097,82.26950354609929,8.274231678486997,3.1914893617021276,46.6903073286052,89.11242603550295,45.90759159007931,52.600472813238774,68.32151300236407
2617,台航,海運,32.1,-0.6191950464396134,53689071.2625,True,33.3864118895966,60.32894736842105,22.29,2026-08-01,False,63.63636363636363,-2.4316109422492316,0.14523287571015028,95.39375928677563,-8.931930168246065,65.54373522458629,24.113475177304963,91.96217494089835,88.0614657210402,21.301775147928996,58.196525242351754,43.3806146572104,68.21808510638297
2208,台船,機車船製造,18.5,0.27100271002711285,42792300.68,True,2.380952380952381,88.94736842105263,55.64,2026-08-01,False,84.61538461538461,-1.5957446808510676,-0.0765216622184268,75.97535934291581,25.41743098412412,87.11583924349881,29.314420803782504,18.439716312056735,39.952718676122934,90.1775147928994,53.000041965672075,74.46808510638297,68.05555555555556
4736,泰博,醫療耗材,131.5,1.9379844961240345,22487322.95,True,1.1146496815286624,92.73026315789473,42.69,2026-08-01,False,85.71428571428571,4.780876494023905,0.1960907997301332,90.37800687285224,31.73492107967187,87.94326241134752,58.74704491725768,96.57210401891253,74.822695035461,91.83431952662721,81.98388518192118,64.8936170212766,67.22813238770686
9958,世紀鋼,基本金屬,89.0,-0.33594624860021627,119756532.29499999,True,0.10615711252653928,98.48684210526316,91.07,2026-08-01,False,100.0,-2.8384279475982472,0.07188208466832076,52.352941176470594,8.962113546185407,99.05437352245863,21.631205673758867,79.66903073286052,4.137115839243498,76.2130177514793,56.14094870396017,86.7612293144208,67.08037825059102
6834,天二科技,電子零組件,125.0,1.6260162601626105,882383270.95,True,39.67828418230563,55.00000000000001,114.3,2026-08-01,False,80.79470198675497,28.865979381443296,0.018067244504490102,94.6969696969697,24.631954920615243,82.86052009456264,93.61702127659575,60.16548463356975,86.4066193853428,89.82248520710058,82.57442611943432,91.37115839243499,66.75531914893617
3218,大學光,醫藥通路,133.5,-0.3731343283582045,17595726.75,True,0.05307855626326964,98.98026315789473,9.38,2026-08-01,False,100.0,-2.5547445255474455,-0.30105126870943966,84.76190476190476,-5.885472358553169,99.05437352245863,23.404255319148938,0.8274231678486997,62.825059101654844,28.28402366863905,42.87902695595003,28.368794326241137,66.71099290780141
9925,新保,保全,39.4,-0.12674271229405898,14587381.260000002,True,1.8046709129511678,90.6907894736842,6.57,2026-08-01,False,90.88785046728972,-0.3792667509481633,-0.2436187102208898,94.93975903614458,2.607518594457469,91.84397163120568,35.9338061465721,2.3640661938534278,86.87943262411348,59.05325443786982,55.2149062067229,23.995271867612296,66.69621749408984
2607,榮運,貨運倉儲,55.7,4.112149532710285,17501417.46,True,26.804670912951167,64.86842105263158,49.39,2026-08-01,False,69.23076923076923,4.89642184557439,0.27973375951160856,93.92917369308601,10.921945987997333,71.45390070921985,59.692671394799056,99.29078014184397,84.39716312056737,79.40828402366864,78.84855987801977,69.8581560283688,66.50413711583924
4541,晟田,機車船製造,59.1,-1.5000000000000013,57990706.125,True,1.092896174863388,92.82894736842105,23.57,2026-08-01,False,92.3076923076923,-4.058441558441558,-0.00402950588320636,78.07133421400265,-16.899195835628454,92.96690307328606,17.257683215130022,46.808510638297875,44.56264775413711,13.136094674556212,42.94636787108145,45.27186761229314,66.38593380614657
3229,晟鈦,印刷電路板,55.7,-0.7130124777183555,254723890.81500006,True,5.019305019305019,84.9342105263158,80.41,2026-08-01,False,100.0,10.079051383399213,0.003153678301453931,82.51851851851852,-5.011702848947124,99.05437352245863,74.822695035461,52.24586288416076,57.09219858156028,30.05917159763314,62.65486032425476,83.92434988179669,66.31205673758866
2031,新光鋼,基本金屬,45.9,0.3278688524590123,30065374.915,True,12.02153110047847,78.28947368421053,18.59,2026-08-01,False,83.33333333333334,3.6117381489842018,0.23215309889648356,98.39228295819936,-2.736354739117573,85.69739952718676,53.90070921985816,98.10874704491725,94.44444444444444,38.46153846153847,74.12256773958902,38.4160756501182,66.16430260047281
2364,倫飛,電腦及週邊,64.6,0.0,12637208.65,True,0.2795248078266946,97.10526315789474,32.6,2026-08-01,False,100.0,-2.416918429003034,-0.09247777075662438,73.32576617480136,-15.457569019589045,99.05437352245863,24.349881796690305,14.539007092198581,34.63356973995272,14.55621301775148,37.426609033810344,54.96453900709219,66.0756501182033
3709,鑫聯大投控,電子通路,66.0,2.4844720496894235,20365249.675000004,True,2.7070063694267517,88.28947368421053,76.06,2026-08-01,False,90.38461538461539,0.0,-0.06905281936645354,71.04413347685683,-7.158793191806055,91.37115839243499,38.2387706855792,19.976359338061467,28.132387706855795,25.680473372781066,40.67982989914251,82.74231678486997,66.0017730496454
2059,川湖,金屬製品,11790.0,-9.999999999999998,5840709239.0,True,96.54989384288747,6.052631578947368,344.42,2026-08-01,False,14.285714285714285,-15.210355987055015,-0.03512264771367,81.25430737422468,37.599178371829964,14.066193853427897,1.5366430260047281,30.61465721040189,52.95508274231678,93.96449704142012,38.62741477471428,97.99054373522459,65.86879432624113
6669,緯穎,電腦及週邊,2240.0,-2.183406113537123,8179503758.5,True,0.6546644844517185,95.19736842105263,50.36,2026-08-01,False,96.61016949152543,-10.040160642570282,-0.17964582817738528,28.717948717948715,10.568171168934924,96.09929078014184,4.846335697399527,5.555555555555555,0.7092198581560284,78.57988165680473,37.158056709611536,71.15839243498819,65.78014184397163
2885,元大金,金融控股,70.0,1.0101010101010166,1370056467.775,True,93.31210191082803,10.592105263157894,57.94,2026-08-01,False,30.76923076923077,-0.28490028490028896,0.011404269689144805,97.9020979020979,-297.1751181440134,30.969267139479907,37.11583924349882,56.73758865248227,93.14420803782507,0.8284023668639053,43.759061088029995,75.88652482269504,65.72104018912529
6651,全宇昕,半導體,142.5,-8.36012861736335,32533561.25,True,76.18010167029774,26.11842105263158,62.34,2026-08-01,False,42.42424242424242,-3.061224489795918,0.13416999372230673,84.31952662721893,16.26527385361331,43.85342789598109,21.27659574468085,90.30732860520094,61.46572104018912,84.85207100591717,60.35102885839383,78.72340425531915,65.69148936170212
6279,胡連,汽車組件,116.0,-0.42918454935622075,38198450.725,True,2.4416135881104037,88.71710526315789,29.82,2026-08-01,False,97.2972972972973,1.7543859649122806,0.0331620043708467,83.45323741007195,-6.586333798744242,96.45390070921985,46.21749408983452,66.548463356974,59.57446808510638,26.272189349112423,59.01330311804943,52.18676122931441,65.49940898345153
6532,瑞耘,電子設備,116.5,4.954954954954949,128901325.4,True,42.038216560509554,53.48684210526316,74.23,2026-08-01,False,76.62337662337663,18.877551020408163,0.09377482694272068,95.10204081632652,26.898258585036793,78.60520094562648,86.52482269503547,84.51536643026006,87.2340425531915,90.6508875739645,85.50606403961561,82.15130023640663,65.36643026004728
6739,竹陞科技,電子設備,1100.0,-0.9009009009009028,419551224.0,True,26.181102362204722,65.19736842105263,96.73,2026-08-01,False,89.6103896103896,-0.9009009009009009,-0.04590885581160107,64.32748538011695,-2.386146435452787,90.89834515366431,33.09692671394799,26.95035460992908,15.36643026004728,39.88165680473373,41.23874270846448,87.94326241134752,65.27777777777777
2836,高雄銀,本國銀行,12.1,0.8333333333333304,19353099.312500004,True,33.43949044585987,60.19736842105263,-1.54,2026-08-01,False,100.0,-0.8196721311475381,-0.22424126537253863,93.07692307692308,-16.023151198865047,99.05437352245863,33.687943262411345,3.4278959810874707,81.32387706855792,13.964497041420119,46.2917173751871,14.30260047281324,65.2482269503546
6215,和椿,電子設備,97.0,-1.1213047910295537,43481565.175,True,60.031847133757964,39.243421052631575,132.82,2026-08-01,False,68.83116883116884,-0.817995910020447,0.028681965308455355,71.85185185185186,65.98342476256819,70.92198581560284,33.80614657210402,64.77541371158392,30.61465721040189,97.0414201183432,59.43192468560718,92.78959810874704,65.13002364066195
2207,和泰車,車輛買賣,526.0,2.1359223300970953,136706079.4,True,1.5805471124620063,91.38157894736842,10.57,2026-08-01,False,91.58878504672897,-2.411873840445269,0.012347976193523713,84.70209339774557,-14.370130183878977,92.43498817966903,24.58628841607565,57.21040189125296,62.64775413711584,15.976331360946746,50.57115279701204,29.728132387706857,65.05614657210403
2354,鴻準,電子零組件,62.1,-0.9569377990430672,701085753.8549999,True,84.60721868365181,19.144736842105264,58.42,2026-08-01,False,32.450331125827816,-5.479452054794522,0.003764033623537196,84.8360655737705,22.907911006542697,32.505910165484636,11.702127659574469,52.836879432624116,63.35697399527187,88.52071005917159,49.78452026242534,76.00472813238771,65.04137115839244
2357,華碩,電腦及週邊,989.0,-1.100000000000001,2458012222.15,True,63.16348195329087,36.44736842105264,51.17,2026-08-01,False,30.508474576271187,-1.001001001001001,-0.004377644011183652,96.48780487804878,-2.205030979541803,30.73286052009456,32.38770685579196,46.57210401891253,90.0709219858156,40.47337278106509,48.04739323233595,71.39479905437352,64.95271867612293
3689,湧德,電子零組件,118.0,1.2875536480686733,67162702.325,True,44.32059447983015,51.90789473684211,62.07,2026-08-01,False,77.48344370860927,4.424778761061947,0.10631535653343828,83.09859154929578,-4.473504411307182,79.43262411347519,57.033096926713945,86.4066193853428,58.51063829787234,32.544378698224854,62.78547148432583,78.36879432624113,64.81973995271868
3706,神達,電腦及週邊,80.9,0.7471980074719831,590315309.8050001,True,63.69426751592356,35.98684210526316,119.89,2026-08-01,False,28.8135593220339,-12.634989200863918,-0.11087132239466606,75.60747663551403,36.37255607961896,29.432624113475175,2.6004728132387704,11.347517730496454,39.2434988179669,93.72781065088758,35.27038482521298,91.84397163120568,64.47990543735224
9945,潤泰新,建設,29.3,1.736111111111116,157038391.78,True,20.912951167728238,69.57236842105263,37.99,2026-08-01,False,66.66666666666666,5.017921146953412,0.1553614476664268,95.7516339869281,14.801015127719904,68.73522458628841,60.16548463356975,93.73522458628841,88.88888888888889,83.4319526627219,78.99135507155147,60.40189125295509,64.46513002364065
5209,新鼎,工程承攬,173.0,-0.2881844380403509,27581309.9,True,16.825902335456476,74.01315789473685,92.18,2026-08-01,False,66.66666666666666,12.337662337662337,0.06107553525107438,93.26145552560648,79.30186398439166,68.73522458628841,79.7872340425532,76.4775413711584,81.67848699763593,97.75147928994082,80.88599325751534,87.11583924349881,64.43557919621749
2855,統一證,證券,57.7,-1.3675213675213627,290880004.05,True,3.768577494692144,86.57894736842105,109.88,2026-08-01,False,50.0,10.961538461538467,0.18651949485040756,97.63113367174282,0.37949532567353117,51.59574468085106,76.71394799054374,95.8628841607565,92.31678486997636,49.467455621301774,73.19136346468589,90.42553191489363,64.40602836879432
6605,帝寶,汽車組件,137.5,1.85185185185186,36815121.825,True,8.121019108280255,81.875,28.25,2026-08-01,False,89.1891891891892,0.0,0.23559865050643275,81.84523809523809,9.257464016727273,90.36643026004728,38.2387706855792,98.22695035460993,54.60992907801418,76.44970414201183,71.57835690405247,50.59101654846335,64.3321513002364
2637,慧洋-KY,海運,96.8,-3.200000000000003,303001722.63,True,57.27176220806795,41.08552631578947,34.96,2026-08-01,False,36.36363636363637,-2.4193548387096833,0.11881495012633544,94.4390243902439,-14.738337951609992,37.70685579196218,24.231678486997634,88.0614657210402,85.57919621749409,15.266272189349111,50.169093681368636,57.68321513002365,64.18439716312056
5263,智崴,其他電子,91.4,1.4428412874583962,19907384.65,True,70.70254110612855,30.592105263157894,216.56,2026-08-01,False,30.574098798397863,-11.26213592233009,-0.0896210994526763,73.12,85.25827154098522,30.851063829787233,3.309692671394799,15.24822695035461,33.21513002364066,97.98816568047337,36.12245583113013,95.98108747044918,64.18439716312056
2618,長榮航,空運,41.95,0.9626955475330989,690828530.5074999,True,32.22079589216945,61.118421052631575,24.92,2026-08-01,False,61.21495327102804,-0.3562945368170988,0.14149148238028522,93.42984409799556,0.6141696259534655,62.88416075650118,36.05200945626478,91.37115839243499,82.03309692671394,50.53254437869823,64.57459398212262,46.808510638297875,63.91843971631205
3167,大量,電子設備,1025.0,0.4901960784313708,4885978662.05,True,82.23495702005731,20.657894736842106,152.98,2026-08-01,False,45.45454545454545,16.08154020385051,0.033740843444059636,100.0,4.476195274243366,47.28132387706856,84.27895981087471,66.78486997635935,98.3451536643026,64.49704142011834,72.23746974974472,93.73522458628841,63.77068557919621
3081,聯亞,半導體,3140.0,7.534246575342474,9909152011.75,True,86.90789473684211,17.36842105263158,180.9,2026-08-01,False,30.303030303030305,2.2801302931596092,-0.07312522165304743,91.67883211678833,19.041413989825998,30.260047281323878,48.226950354609926,19.26713947990544,78.01418439716312,86.03550295857988,52.36076489431646,94.79905437352247,63.71158392434988
6561,是方,通信網路,313.0,0.16000000000000458,19765136.025,True,1.5392781316348196,91.67763157894737,16.38,2026-08-01,False,94.11764705882352,-2.7950310559006213,-0.00487365447503012,78.54454203262233,1.514121451529153,94.08983451536643,21.86761229314421,46.45390070921986,46.335697399527184,55.38461538461539,52.82633206037461,36.22931442080378,63.696808510638306
4303,信立,石化,31.35,0.48076923076922906,26428229.005000003,True,4.044357469015003,86.11842105263158,52.27,2026-08-01,False,82.35294117647058,-10.683760683760683,-0.010270314193663907,41.14173228346456,32.55384210355251,84.21985815602837,3.546099290780142,42.90780141843972,1.3002364066193852,92.18934911242603,44.832668876858726,72.45862884160756,63.60815602836879
1442,名軒,建設,26.8,3.076923076923088,15944618.560000002,True,38.84615384615385,55.723684210526315,64.57,2026-08-01,False,50.877192982456144,-10.367892976588621,-0.0976536835878536,69.9738903394256,30.31131538715271,52.836879432624116,3.664302600472813,12.884160756501181,25.886524822695034,91.71597633136095,37.39756878873082,79.19621749408984,63.56382978723404
2845,遠東銀,本國銀行,13.0,1.1673151750972721,119095487.92,True,48.7791932059448,48.55263157894737,5.07,2026-08-01,False,55.55555555555556,-5.454545454545454,-0.08362598705394073,94.54545454545455,-5.146678764137718,57.565011820330966,11.82033096926714,16.666666666666664,85.9338061465721,29.585798816568047,40.31432288388098,22.576832151300234,63.56382978723404
6937,天虹,電子設備,292.5,-1.1824324324324342,167454815.65,True,80.79178885630498,21.907894736842103,123.29,2026-08-01,False,49.35064935064935,2.094240837696335,0.05623772587549709,83.21479374110953,40.26578519886061,50.70921985815603,47.5177304964539,75.05910165484634,58.74704491725768,94.67455621301775,65.34153062794636,92.19858156028369,63.53427895981087
6206,飛捷,電腦及週邊,134.5,-0.7380073800738018,108227063.55,True,53.34394904458599,44.53947368421053,62.18,2026-08-01,False,42.3728813559322,-1.1029411764705883,0.05340447669077699,85.12658227848101,19.960294951046762,43.61702127659575,32.15130023640662,74.23167848699764,64.0661938534279,86.74556213017752,60.162351196721076,78.4869976359338,63.504728132387704
6292,迅德,電子零組件,68.8,-1.9943019943020057,29353640.27,True,59.23566878980891,40.0,30.69,2026-08-01,False,64.90066225165563,4.5592705167173255,0.07714986758376043,96.62921348314606,5.05938770632449,66.903073286052,57.68321513002365,80.85106382978722,90.18912529550828,66.50887573964496,72.42707065620323,53.30969267139481,63.17966903073285
3311,閎暉,電子零組件,47.35,-2.672147995888996,112581543.2825,True,51.70068027210885,46.11842105263158,104.38,2026-08-01,False,71.52317880794702,49.13385826771654,0.08836573156873762,95.36757301107754,56.334195135893104,73.28605200945626,97.87234042553192,83.451536643026,87.82505910165484,96.5680473372781,87.80060710338941,89.24349881796691,63.12056737588653
2399,映泰,電腦及週邊,49.95,1.3184584178498993,331059491.70750004,True,22.42242242242242,68.6842105263158,40.0,2026-08-01,False,77.96610169491525,6.730769230769243,0.027414254497190538,90.81818181818181,26.53184626931973,80.1418439716312,66.43026004728132,64.18439716312056,76.12293144208037,90.53254437869822,75.48239540056234,62.64775413711584,63.12056737588652
6417,韋僑,通信網路,105.5,1.4423076923076872,11148484.575,True,0.9554140127388535,93.8157894736842,34.27,2026-08-01,False,98.0392156862745,-0.9389671361502347,-0.16079474363064206,72.01365187713311,5.279138620674011,97.04491725768321,32.74231678486997,7.5650118203309695,30.969267139479907,67.45562130177515,47.15542686082784,56.85579196217494,63.03191489361703
3356,奇偶,光電及I/O,67.6,0.1481481481481417,14411125.669999998,True,1.8607123870281765,90.19736842105263,20.63,2026-08-01,False,94.5945945945946,12.106135986732998,-0.25305387205843,98.54227405247813,-6.117038074543373,94.44444444444444,79.55082742316785,1.773049645390071,94.79905437352247,27.57396449704142,59.62826807671324,41.843971631205676,62.88416075650118
3693,營邦,電子零組件,718.0,0.27932960893854997,1356894841.75,True,90.59674502712477,13.750000000000002,171.01,2026-08-01,False,23.841059602649008,5.278592375366569,0.006005007272974054,98.08743169398907,39.37037191490688,24.940898345153663,61.347517730496456,54.1371158392435,93.61702127659575,94.31952662721893,65.67241596374166,94.32624113475178,62.88416075650118
6199,天品,其他,139.5,2.9520295202952074,595051530.225,True,37.290502793296085,56.84210526315789,171.7,2026-08-01,False,54.166666666666664,45.010395010395,0.01656678870765871,100.0,-149.97516094977368,56.14657210401891,97.63593380614657,59.57446808510638,98.3451536643026,1.183431952662722,62.57711192244743,94.44444444444444,62.825059101654844
2103,台橡,橡膠原料,29.0,4.129263913824044,113455350.64000002,True,20.691609977324262,69.93421052631578,21.79,2026-08-01,False,69.95994659546061,5.839416058394166,0.1260414301695646,100.0,-9.728036266514515,71.8676122931442,63.47517730496454,89.36170212765957,98.3451536643026,20.118343195266274,68.63359771706743,43.02600472813239,62.44089834515366
4569,六方科-KY,電子零組件,159.5,2.5723472668810254,10616309.425,True,24.160206718346252,67.17105263157895,3.62,2026-08-01,False,88.74172185430463,-10.140845070422536,-0.0953546031821533,77.8048780487805,-3.1809160365099496,89.95271867612293,4.609929078014184,13.829787234042554,44.2080378250591,36.44970414201183,37.81003539105012,20.212765957446805,62.440898345153656
6531,愛普*,半導體,1000.0,-4.30622009569378,3583601662.15,True,66.0377358490566,33.75,150.82,2026-08-01,False,50.0,4.166666666666666,0.010781106389022355,84.03361344537815,32.5296259338361,51.59574468085106,56.02836879432624,56.38297872340425,60.520094562647756,92.07100591715977,63.31963853567781,93.3806146572104,62.36702127659574
2884,玉山金,金融控股,45.75,0.6600660066006458,1734446781.125,True,67.99363057324841,32.36842105263158,19.29,2026-08-01,False,76.92307692307693,5.051664753157297,0.05342326144464114,96.72304439746301,2.8448241688974534,78.95981087470449,60.28368794326241,74.34988179669031,90.78014184397163,59.76331360946746,72.82736721361925,39.71631205673759,62.29314420803783
6831,邁科,電子零組件,488.0,-1.9095477386934623,399956658.525,True,7.655502392344498,82.30263157894737,29.1,2026-08-01,False,96.68874172185431,-14.084507042253522,-0.11579423573420532,51.04602510460251,-0.7817565895040879,96.2174940898345,2.0094562647754137,10.756501182033098,3.546099290780142,45.680473372781066,31.64200484004084,51.30023640661938,62.26359338061465
2897,王道銀行,本國銀行,10.65,0.4716981132075526,53179404.54000001,True,44.745222929936304,51.64473684210527,7.89,2026-08-01,False,66.66666666666666,-0.9302325581395315,-0.04323747123698245,94.66666666666667,-5.22339981567425,68.73522458628841,32.860520094562645,27.659574468085108,86.17021276595744,29.230769230769234,48.93126022913257,26.832151300236408,62.2192671394799
6670,復盛應用,其他,274.0,1.4814814814814836,41904088.225,True,46.07218683651805,50.72368421052632,45.02,2026-08-01,False,37.5,-0.7246376811594203,-0.015083443864000026,91.18136439267886,19.033474293380117,39.0661938534279,34.160756501182036,40.8983451536643,76.71394799054374,85.9171597633136,55.35128065242632,67.13947990543736,62.189716312056746
6227,茂綸,電子通路,140.5,-0.7067137809187329,234772017.25,True,53.82165605095541,44.07894736842105,168.86,2026-08-01,False,50.0,26.00896860986547,0.0876979963476877,98.59649122807016,69.20873829491252,51.59574468085106,92.31678486997636,83.096926713948,94.91725768321513,97.27810650887574,83.84096409137325,94.2080378250591,62.101063829787236
6781,AES-KY,電子零組件,1025.0,0.0,296109797.75,True,25.48148148148148,65.72368421052632,26.64,2026-08-01,False,87.41721854304636,-5.092592592592593,-0.08738084383360588,68.33333333333333,-0.17879063915250626,88.88888888888889,13.002364066193852,15.839243498817968,22.990543735224588,47.455621301775146,37.63533229818009,49.23167848699764,62.027186761229316
1608,華榮,電纜,37.05,2.3480662983425216,65840827.80500001,True,2.2222222222222223,89.34210526315789,17.9,2026-08-01,False,81.81818181818183,2.7739251040221915,0.10546672339105378,91.36868064118372,-6.739049913324347,83.80614657210403,50.35460992907801,86.28841607565012,77.06855791962175,26.153846153846157,64.73431533006001,37.47044917257683,61.99763593380615
6716,應廣,半導體,153.5,5.136986301369872,128791960.7,True,65.89049716803021,33.81578947368421,111.75,2026-08-01,False,50.75757575757576,30.08474576271186,0.03823278577421606,100.0,20.282324396708262,52.600472813238774,93.85342789598108,68.91252955082743,98.3451536643026,86.98224852071006,80.138766489012,90.78014184397163,61.96808510638297
2505,國揚,建設,17.0,-0.2932551319648091,10768956.205000002,True,24.510932105868815,66.77631578947368,24.46,2026-08-01,False,64.91228070175438,-1.4492753623188406,-0.11620035386305731,85.0,61.13197100246592,67.02127659574468,30.49645390070922,10.401891252955082,63.829787234042556,96.80473372781066,53.71082854225244,46.39479905437352,61.68735224586289
2425,承啟,電腦及週邊,36.6,0.273972602739736,17437568.677500002,True,38.048780487804876,56.25,118.46,2026-08-01,False,55.932203389830505,-1.876675603217147,0.11908372567139032,69.18714555765597,-94.08371857918273,58.03782505910166,27.659574468085108,88.17966903073287,24.349881796690305,2.0118343195266273,40.04775693482732,91.60756501182034,61.5839243498818
3045,台灣大,通信網路,122.5,-0.40650406504064707,883973820.475,True,25.318471337579616,65.92105263157895,8.5,2026-08-01,False,80.3921568627451,4.700854700854701,0.2311303474770882,98.39357429718876,1.0950308904140984,82.62411347517731,58.274231678487,97.99054373522459,94.56264775413712,53.13609467455621,77.31752626351644,27.423167848699766,61.5839243498818
1558,伸興,機械,109.0,-0.9090909090909038,14997875.525,True,42.62208067940552,53.1578947368421,18.63,2026-08-01,False,65.71428571428571,2.3474178403755865,0.06385364789304597,95.6140350877193,1.5253709932065824,67.84869976359337,48.58156028368794,77.42316784869976,88.4160756501182,55.50295857988166,67.55449242519617,38.53427895981088,61.554373522458626
6691,洋基工程,電子設備,776.0,-1.3977128335451061,598095320.25,True,81.61318300086731,21.052631578947366,213.7,2026-08-01,False,48.05194805194805,24.358974358974358,0.1185901907324115,97.3651191969887,45.05023774877293,50.0,91.25295508274232,87.94326241134752,91.725768321513,95.38461538461539,83.26132024004364,95.74468085106383,61.554373522458626
6953,家碩,電子設備,257.0,-0.7722007722007707,23872905.15,True,33.675213675213676,59.93421052631579,36.66,2026-08-01,False,84.4155844155844,7.9831932773109235,-0.0033131025154883244,87.86324786324786,2.2215726192626093,86.87943262411348,69.8581560283688,47.16312056737589,69.03073286052009,57.514792899408285,66.08924699595731,59.21985815602837,61.317966903073284
2886,兆豐金,金融控股,49.8,1.0141987829614507,1129439903.975,True,78.98089171974523,23.717105263157894,15.55,2026-08-01,False,57.692307692307686,-0.7968127490039953,0.2084124482892079,93.78531073446327,8.486564199146123,59.692671394799056,33.92434988179669,97.04491725768321,83.68794326241135,75.7396449704142,70.0179053534209,35.7565011820331,61.30319148936171
4119,旭富,藥,53.6,0.7518796992481258,10996087.2,True,92.74193548387096,11.644736842105264,187.52,2026-08-01,False,6.521739130434782,-1.8315018315018317,0.0491328105697894,89.48247078464108,68.57808876723043,5.555555555555555,28.073286052009454,72.45862884160756,72.57683215130024,97.15976331360947,55.16481318281645,95.0354609929078,61.273640661938536
2495,普安,光電及I/O,37.65,-1.953125,47415595.529999994,True,26.658551430310407,65.0,106.21,2026-08-01,False,67.56756756756756,0.6684491978609626,0.03450427124713524,69.9814126394052,35.964279407680266,69.8581560283688,40.42553191489361,67.37588652482269,26.004728132387704,93.49112426035504,59.43108537216557,89.59810874704492,61.258865248226954
7728,光焱科技,電子設備,637.0,-0.15673981191222097,41863684.05,True,54.498714652956295,43.75,137.33,2026-08-01,False,71.42857142857143,2.4115755627009645,-0.037184977428628606,71.01449275362319,36.56355204736063,72.93144208037825,48.817966903073284,29.905437352245862,27.89598108747045,93.84615384615384,54.67939625386434,93.02600472813238,61.25886524822695
1736,喬山,家電製品,122.0,1.2448132780082943,57659022.275,True,0.2271436683702442,97.5,22.66,2026-08-01,False,100.0,-3.1746031746031744,0.05903370642350568,68.15642458100558,-1.655695957142676,99.05437352245863,20.56737588652482,75.53191489361703,22.458628841607563,42.1301775147929,51.94849413180018,44.0307328605201,61.244089834515364
2612,中航,海運,61.7,-2.063492063492056,28086262.349999994,True,44.01913875598086,52.23684210526316,27.16,2026-08-01,False,54.54545454545454,-3.5937499999999956,0.193933741516078,82.70777479892763,8.10818843593157,56.6193853427896,18.912529550827422,96.45390070921985,57.565011820330966,74.79289940828401,60.868745366290376,49.645390070921984,61.22931442080378
9917,中保科,保全,106.5,0.0,32959714.625,True,1.0084925690021231,93.48684210526315,4.4,2026-08-01,False,93.72496662216288,0.0,-0.04198877627444723,87.29508196721312,0.4340458759357837,93.73522458628841,38.2387706855792,28.250591016548466,67.84869976359337,49.70414201183432,55.555485612768756,21.15839243498818,61.12588652482269
2374,佳能,消費性電子,66.6,0.6042296072507503,110861747.30499999,True,20.24,70.26315789473684,34.7,2026-08-01,False,89.47368421052632,-1.3333333333333417,0.008228070295561362,70.40169133192389,-4.560264549815301,90.78014184397163,30.969267139479907,55.43735224586288,27.18676122931442,31.952662721893493,47.265237036104466,57.328605200945624,61.08156028368794
2636,台驊控股,貨運倉儲,70.1,0.0,25516900.794999998,True,78.71549893842888,23.980263157894736,85.48,2026-08-01,False,15.384615384615385,0.8633093525179775,0.20870012232501567,93.96782841823055,27.64377007607778,15.24822695035461,41.371158392434985,97.16312056737588,84.75177304964538,90.76923076923077,65.86070194580832,85.57919621749409,61.05200945626478
3702,大聯大,電子通路,120.0,0.8403361344537785,870070672.05,True,37.52653927813164,56.57894736842105,80.46,2026-08-01,False,61.53846153846154,14.285714285714285,0.1701892876296095,92.3076923076923,-20.587726856917456,63.17966903073287,82.74231678486997,95.15366430260048,79.37352245862884,10.532544378698224,66.19634339110607,84.04255319148936,60.963356973995275
6505,台塑化,輕油裂解,107.0,5.418719211822665,2521969208.435,True,23.325766174801362,67.63157894736842,50.29,2026-08-01,False,67.62349799732978,34.253450439146796,0.07258041012663496,100.0,16.591488466245707,69.97635933806147,95.50827423167848,79.90543735224587,98.3451536643026,84.97041420118343,85.74112775749437,70.92198581560284,60.9338061465721
6805,富世達,電子零組件,2455.0,1.6563146997929712,3686962305.5,True,44.9645390070922,51.578947368421055,29.14,2026-08-01,False,76.15894039735099,8.388520971302428,0.04973555134759346,94.42307692307692,2.8515106536876544,77.89598108747045,70.92198581560284,72.93144208037825,85.28368794326241,59.88165680473373,73.38295074628954,51.41843971631206,60.91903073286052
6585,鼎基,樹脂,105.0,0.0,13947573.75,True,15.11737089201878,75.59210526315789,12.09,2026-08-01,False,92.85714285714286,-7.894736842105263,-0.15973932851728462,69.76744186046511,-39.17359570096413,93.32151300236407,7.5650118203309695,7.801418439716312,25.53191489361702,5.207100591715976,27.88539174954887,31.796690307328607,60.77127659574468
2072,世紀風電,基本金屬,130.5,1.5564202334630295,30066646.05,True,9.090909090909092,80.52631578947368,84.84,2026-08-01,False,85.71428571428571,-1.1363636363636365,0.03375207639405172,41.56050955414013,-12.361210857151818,87.94326241134752,31.678486997635936,66.903073286052,1.4184397163120568,17.75147928994083,41.13894834025767,85.34278959810875,60.756501182033105
6214,精誠,資訊服務,189.5,0.5305039787798504,308543880.7,True,55.254777070063696,42.69736842105264,61.91,2026-08-01,False,21.27659574468085,2.4324324324324325,0.11818538176935735,97.42930591259639,5.034636909483318,21.749408983451538,49.1725768321513,87.70685579196218,92.08037825059102,66.15384615384615,63.372613202400444,78.1323877068558,60.69739952718677
6416,瑞祺電通,電腦及週邊,118.0,-3.2786885245901676,139668299.8,True,48.88535031847134,48.453947368421055,109.34,2026-08-01,False,45.76271186440678,18.236472945891787,0.040781998926587036,96.72131147540983,28.852657998805668,47.75413711583924,86.17021276595744,70.2127659574468,90.66193853427896,91.36094674556213,77.23200022381691,90.18912529550828,60.60874704491726
4416,三圓,建設,12.6,0.3984063745019917,18632188.487499997,True,3.264604810996564,87.4342105263158,3633.03,2026-08-01,False,87.71929824561403,2.0242914979757085,0.04863045846665009,21.575342465753426,512.5474317886528,89.24349881796691,47.28132387706856,72.3404255319149,0.5910165484633569,99.76331360946745,61.84391567697624,99.76359338061465,60.57919621749409
2812,台中銀,本國銀行,18.85,0.8021390374331583,313210117.56499994,True,34.87261146496815,59.17763157894736,1.76,2026-08-01,False,88.88888888888889,-2.0779220779220706,-0.09504285979791172,84.15178571428572,-4.867357221207934,90.13002364066193,26.47754137115839,13.947990543735225,60.87470449172577,30.88757396449704,44.46356680235567,17.73049645390071,60.564420803782504
6894,衛司特,資源回收,363.0,1.1142061281337101,24768389.275,True,50.94066570188133,46.64473684210526,67.83,2026-08-01,False,39.130434782608695,2.8328611898017,0.11988875969981157,88.75305623471883,7.078497981203419,40.839243498817964,50.70921985815603,88.29787234042553,71.04018912529551,72.07100591715975,64.59150614797096,80.26004728132388,60.35756501182033
2912,統一超,百貨批發,213.5,1.4251781472684133,350196812.3,True,2.4416135881104037,88.71710526315789,4.82,2026-08-01,False,85.71428571428571,-0.6976744186046512,-0.007049582069725829,86.08870967741935,-1.7161514466800094,87.94326241134752,34.2789598108747,44.680851063829785,65.24822695035462,41.77514792899408,54.78528963308014,22.22222222222222,60.283687943262414
6121,新普,電子零組件,370.0,-0.6711409395973145,201276918.95,True,30.201698513800423,62.5,4.65,2026-08-01,False,84.76821192052981,-4.269081500646831,-0.09593840988203334,79.14438502673798,-4.846832413533232,87.47044917257683,16.430260047281322,13.59338061465721,48.10874704491725,31.005917159763314,39.321750807839194,21.86761229314421,60.25413711583924
2347,聯強,電子通路,96.8,1.0438413361169019,293723915.44,True,74.4692144373673,27.467105263157894,122.02,2026-08-01,False,23.076923076923077,8.3986562150056,0.23608001370839066,99.69104016477857,-6.096423123426817,23.64066193853428,71.04018912529551,98.3451536643026,96.09929078014184,27.692307692307693,63.363520640116384,91.96217494089835,60.16548463356974
8341,日友,資源回收,73.6,-0.13568521031208647,10932151.790000001,True,0.0,99.57236842105263,3.97,2026-08-01,False,95.65217391304348,-1.997336884154461,-0.1455514874390859,80.43715846994535,-5.5321871188120255,95.39007092198581,27.06855791962175,8.628841607565011,51.06382978723404,28.875739644970416,42.2054079762754,20.803782505910164,60.047281323877066
6933,AMAX-KY,電腦及週邊,385.5,2.9372496662216196,728944160.5,True,53.39943342776204,44.473684210526315,191.26,2026-08-01,False,40.67796610169492,23.162939297124602,-0.043543200744897426,97.71863117870723,52.85589548348801,42.5531914893617,90.66193853427896,27.541371158392437,92.5531914893617,96.21301775147928,69.90454208457481,95.27186761229315,59.9290780141844
2442,新美齊,建設,14.0,0.35842293906811484,16161952.74,True,1.0844748858447488,93.02631578947368,19.87,2026-08-01,False,94.73684210526315,-28.020565552699228,-0.16335570618038758,52.83018867924528,-138.09472127496693,94.8581560283688,0.2364066193853428,7.446808510638298,4.373522458628842,1.5384615384615385,21.690671031096564,40.66193853427896,59.914302600472816
3305,昇貿,印刷電路板,110.0,0.917431192660545,89886715.0,True,35.98726114649681,57.828947368421055,47.4,2026-08-01,False,90.47619047619048,0.45662100456621,-0.04904397484075298,65.67164179104478,-13.476904307414522,91.48936170212765,39.59810874704492,25.886524822695034,18.085106382978726,16.56804733727811,38.325429798424885,69.14893617021278,59.78132387706856
8050,廣積,電腦及週邊,60.6,-0.3289473684210509,102038535.32000001,True,47.77070063694268,49.078947368421055,94.48,2026-08-01,False,47.45762711864407,7.06713780918728,0.125048016728595,87.82608695652175,11.061291411895397,49.29078014184397,67.13947990543736,89.00709219858156,68.91252955082743,79.5266272189349,70.77530180312503,87.47044917257683,59.63356973995272
5876,上海商銀,本國銀行,49.5,1.434426229508201,326113987.9175,True,43.57749469214438,52.5,7.06,2026-08-01,False,77.77777777777779,5.431309904153348,0.30959452772489815,99.09909909909909,-0.36670048199627736,79.72813238770685,61.82033096926713,99.88179669030734,95.50827423167848,46.98224852071006,76.78415655993396,24.940898345153663,59.589243498817964
7810,捷創科技,電子設備,248.5,0.40404040404040664,36058206.225,True,19.576719576719576,71.44736842105263,119.81,2026-08-01,False,93.5064935064935,14.25287356321839,0.1354316229057491,73.5207100591716,4.458876659328936,93.61702127659575,82.62411347517731,90.66193853427896,35.22458628841608,64.26035502958581,73.27760292081078,91.725768321513,59.48581560283688
6187,萬潤,電子設備,1535.0,0.0,3225708975.75,True,91.6135881104034,12.664473684210526,103.06,2026-08-01,False,28.57142857142857,12.043795620437956,0.001203122290056195,100.0,15.205524015636016,29.196217494089833,79.43262411347519,50.59101654846335,98.3451536643026,83.66863905325444,68.24673017471709,89.00709219858156,59.2789598108747
9941,裕融,租賃,76.3,1.1936339522546247,79203598.345,True,1.8577494692144374,90.32894736842105,1.87,2026-08-01,False,90.52069425901202,-5.21739130434783,-0.11413781900877161,75.92039800995025,1.8262679471991994,91.60756501182034,12.411347517730496,10.874704491725769,39.83451536643026,55.97633136094674,42.140892749730725,17.96690307328605,59.24940898345154
6840,東研信超,檢測驗證,95.0,-0.9384775808133572,47922010.15,True,47.49536178107607,49.34210526315789,10.8,2026-08-01,False,83.33333333333334,2.2604951560818023,0.027474888929065175,87.96296296296296,-4.45678713563515,85.69739952718676,48.10874704491725,64.42080378250591,69.26713947990544,32.662721893491124,60.031362345601295,30.141843971631204,59.24940898345153
1904,正隆,造紙,25.25,3.0612244897959107,40803647.785000004,True,50.318471337579616,47.23684210526316,23.12,2026-08-01,False,50.0,3.2719836400818028,0.05574120400490102,98.05825242718447,8.50223866944771,51.59574468085106,52.600472813238774,74.94089834515366,93.3806146572104,75.97633136094674,69.69881237148013,44.56264775413711,59.23463356973995
8147,正淩,電子零組件,142.0,1.067615658362997,46785960.65,True,72.13403880070547,29.407894736842106,95.98,2026-08-01,False,48.34437086092716,0.0,-0.08050942944357321,74.54068241469817,42.48073241847052,50.11820330969267,38.2387706855792,17.375886524822697,37.234042553191486,94.91124260355029,47.57562913536727,87.70685579196218,59.20508274231679
6023,元大期,期貨,84.5,0.0,62235710.74000001,True,0.9023354564755839,94.27631578947368,22.66,2026-08-01,False,94.5260347129506,1.9300361881785213,0.1387768447136564,78.24074074074075,-45.54321844689808,94.32624113475178,46.808510638297875,91.13475177304964,45.27186761229314,4.615384615384616,56.43135115475542,44.0307328605201,59.20508274231679
3034,聯詠,半導體,529.0,-1.4897579143389184,1630789015.35,True,80.7855626326964,22.00657894736842,26.33,2026-08-01,False,32.57575757575758,-2.037037037037037,0.18118386033925624,93.29805996472663,2.301469645199706,32.74231678486997,26.832151300236408,95.74468085106383,81.7966903073286,57.75147928994083,58.97346370668794,48.817966903073284,59.13120567375886
9933,中鼎,工程承攬,43.55,-3.7569060773480767,216124077.79749998,True,1.9146608315098468,90.0,5.25,2026-08-01,False,100.0,8.06451612903226,0.10055721311380032,93.95900755124055,9.285465932441646,99.05437352245863,70.09456264775413,85.46099290780141,84.51536643026006,76.56804733727812,83.13866856911048,22.81323877068558,59.07210401891254
2466,冠西電,光電及I/O,180.5,5.8651026392961825,373149092.225,True,45.07959479015919,51.381578947368425,59.92,2026-08-01,False,58.108108108108105,79.60199004975125,0.03625739467912171,100.0,25.543441590833744,60.047281323877066,99.05437352245863,68.32151300236407,98.3451536643026,90.29585798816568,83.21283590023361,76.95035460992908,59.07210401891253
3290,東浦,電子零組件,50.8,0.19723865877709912,35076989.809999995,True,4.718590108015918,85.59210526315789,79.8,2026-08-01,False,99.33774834437085,9.837837837837832,-0.12034202422611522,71.24824684431978,-6.324320333481978,97.75413711583924,74.23167848699764,10.28368794326241,28.841607565011824,26.982248520710062,47.618671926364236,83.80614657210403,59.04255319148936
2330,台積電,半導體,2585.0,0.0,54664764691.0,True,91.02972399150742,13.289473684210526,53.32,2026-08-01,False,24.242424242424242,5.08130081300813,-0.021545510571602037,100.0,-1.9725170897232545,25.177304964539005,60.40189125295509,36.87943262411347,98.3451536643026,40.946745562130175,52.35010561360806,73.04964539007092,59.042553191489354
2305,全友,光電及I/O,58.9,1.0291595197255532,994150145.15,True,20.984455958549223,69.4078947368421,239.99,2026-08-01,False,71.62162162162163,76.34730538922156,0.01951825685724255,85.23878437047757,46.618267734044935,73.40425531914893,98.81796690307328,60.99290780141844,64.42080378250591,95.7396449704142,78.67511575531215,96.80851063829788,58.95390070921986
2491,吉祥全,家電製品,39.7,-0.6257822277847325,35124965.39749999,True,0.8163265306122449,94.86842105263158,10.9,2026-08-01,False,83.33333333333334,-7.674418604651157,-0.023206677617271534,70.39007092198582,2.540079609151782,85.69739952718676,7.801418439716312,36.17021276595745,27.06855791962175,58.93491124260355,43.134499979017164,30.61465721040189,58.89479905437352
3189,景碩,印刷電路板,1100.0,2.8037383177569986,17795331689.3,True,80.40327662255828,22.236842105263158,40.58,2026-08-01,False,66.66666666666666,35.30135301353013,0.08874939752851223,100.0,4.345905793281723,68.73522458628841,95.62647754137116,83.68794326241135,98.3451536643026,63.19526627218936,81.91801306531258,63.12056737588653,58.6436170212766
4721,美琪瑪,其他化學,82.3,-0.24242424242424399,36867690.355000004,True,12.023460410557185,78.22368421052632,72.35,2026-08-01,False,81.25,15.427769985974754,0.07161407236592558,81.48514851485147,46.340859820909316,83.21513002364065,83.68794326241135,79.3144208037825,53.42789598108747,95.50295857988166,79.02966973016073,81.56028368794325,58.628841607565
8227,巨有科技,半導體,372.0,0.540540540540535,998671600.75,True,47.27074235807861,49.80263157894737,42.25,2026-08-01,False,68.93939393939394,126.82926829268293,0.058388203214135376,100.0,3.200953887943882,71.15839243498819,100.0,75.41371158392435,98.3451536643026,61.42011834319526,81.26747520528207,64.53900709219859,58.51063829787235
2882,國泰金,金融控股,113.0,0.8928571428571397,2167640400.65,True,74.4692144373673,27.467105263157894,-69.47,2026-08-01,False,69.23076923076923,-1.3100436681222707,0.019706761668139023,97.83549783549783,-9.063619143070817,71.45390070921985,31.087470449172578,61.46572104018912,92.78959810874704,21.06508875739645,55.57235581294501,0.7092198581560284,58.466312056737586
1326,台化,石化,75.8,3.835616438356171,1868638043.1299999,True,65.44303797468355,33.94736842105263,31.7,2026-08-01,False,41.17647058823529,5.424200278164105,0.07180752834664347,100.0,5.877819352444064,42.730496453900706,61.702127659574465,79.43262411347519,98.3451536643026,68.87573964497041,70.21722830724467,53.90070921985816,58.318557919621746
8464,億豐,五金及家具,365.5,0.4120879120879106,131532044.375,True,17.993630573248407,73.22368421052632,17.76,2026-08-01,False,72.72727272727273,1.2465373961218837,0.1427164231269008,85.39719626168224,2.4525785855651225,74.58628841607565,43.262411347517734,91.48936170212765,64.53900709219859,58.57988165680473,66.49139004294486,37.234042553191486,58.274231678487
5269,祥碩,半導體,1455.0,-1.0204081632653073,635178519.25,True,3.290870488322718,87.36842105263159,-32.51,2026-08-01,False,94.6969696969697,1.0416666666666665,0.11440079244601632,91.50943396226415,-1.5396815956321532,94.56264775413712,42.31678486997636,87.35224586288416,77.6595744680851,42.36686390532544,68.85162337208163,3.0732860520094563,58.24468085106383
4167,松瑞藥,藥,20.45,5.141388174807204,17086732.03,True,2.5185185185185186,88.55263157894737,22.3,2026-08-01,False,73.91304347826086,8.201058201058204,0.1632712277950707,93.59267734553775,18.405747772744952,75.88652482269504,70.56737588652481,94.56264775413712,82.74231678486997,85.56213017751479,81.86419908514834,43.498817966903076,57.89007092198582
7822,倍利科,電子設備,950.0,-2.6639344262295084,189826068.05,True,22.30769230769231,68.75,74.62,2026-08-01,False,90.9090909090909,2.1505376344086025,0.031045261703990478,52.054794520547944,11.707241881374934,92.02127659574468,47.75413711583924,65.95744680851064,4.0189125295508275,80.23668639053254,57.99769188803558,82.26950354609929,57.638888888888886
2010,春源,基本金屬,22.65,0.44345898004434225,19784870.505000003,True,3.1316348195329087,87.66447368421053,-6.24,2026-08-01,False,95.23809523809523,1.5695067264573894,0.03986694653331525,87.7906976744186,-3.7000563320095905,95.15366430260048,45.27186761229314,69.62174940898345,68.79432624113475,34.79289940828402,62.72690139465917,11.465721040189125,57.5354609929078
4961,天鈺,半導體,179.0,-3.5040431266846306,235433421.25,True,78.55626326963908,24.309210526315788,50.15,2026-08-01,False,38.25757575757576,8.157099697885197,0.21315157672203172,96.23655913978494,14.208943491942527,39.8936170212766,70.44917257683215,97.39952718676122,89.71631205673759,82.48520710059172,75.98876718843985,70.80378250591016,57.491134751773046
6146,耕興,檢測驗證,181.5,-0.27472527472527375,40906525.325,True,26.698513800424628,64.9342105263158,10.46,2026-08-01,False,100.0,0.2762430939226519,0.016097629196867805,76.10062893081762,-0.8194496355007832,99.05437352245863,39.00709219858156,59.21985815602837,40.30732860520095,45.44378698224852,56.6064878929036,29.432624113475175,57.446808510638306
5386,青雲,電子通路,281.5,-1.7452006980802848,436603506.05,True,0.9554140127388535,93.8157894736842,1846.21,2026-08-01,False,100.0,8.477842003853564,-0.002808610661733939,47.470489038785836,844.6256106108158,99.05437352245863,71.5130023640662,47.635933806146575,2.4822695035460995,99.88165680473374,64.11344720019024,99.64539007092199,57.41725768321513
7795,長廣,電子設備,545.0,-1.8018018018018056,675339605.375,True,90.7514450867052,13.618421052631579,111.5,2026-08-01,False,29.87012987012987,1.6791044776119404,-0.005787439587499851,81.83183183183183,33.147819099086476,30.141843971631204,45.744680851063826,45.744680851063826,54.49172576832151,92.54437869822485,53.73346202806105,90.66193853427896,57.38770685579196
2420,新巨,電子零組件,56.6,-0.7017543859649145,20175659.235000003,True,60.29723991507431,38.81578947368421,33.83,2026-08-01,False,61.58940397350994,4.428044280442801,0.15100961329090867,86.67687595712098,12.78103850734814,63.35697399527187,57.21040189125296,93.26241134751773,66.43026004728132,81.18343195266272,72.28869584679731,56.38297872340425,57.23995271867612
8021,尖點,印刷電路板,556.0,-0.89126559714795,2773193291.9,True,94.434250764526,9.407894736842106,97.75,2026-08-01,False,38.095238095238095,20.346320346320347,0.06431393273981387,95.69707401032701,0.9439021141647004,39.65721040189125,87.82505910165484,77.6595744680851,88.65248226950354,52.18934911242603,69.19673507071215,88.0614657210402,57.13652482269504
2206,三陽工業,機車船製造,63.1,0.0,37901522.580000006,True,35.03184713375796,59.01315789473684,-0.22,2026-08-01,False,53.84615384615385,-0.47318611987381254,0.08861869136364245,97.37654320987656,6.293462692538508,55.9692671394799,35.520094562647756,83.56973995271868,91.84397163120568,69.94082840236686,67.36878033768377,15.957446808510639,57.06264775413712
1307,三芳,石化,31.5,0.6389776357827559,14407064.2,True,3.5562632696390657,86.97368421052632,10.83,2026-08-01,False,88.23529411764706,3.278688524590164,-0.03217150451656083,84.22459893048129,-0.1553399835826319,89.59810874704492,52.71867612293144,31.678486997635936,60.99290780141844,47.57396449704142,56.51242883321443,30.260047281323878,57.033096926713945
1513,中興電,電機製品,168.0,0.5988023952095745,293586389.65,True,48.19532908704883,48.88157894736842,8.93,2026-08-01,False,63.63636363636363,0.5988023952095809,0.2411487130874403,89.83957219251337,1.9056323049205597,65.54373522458629,39.83451536643026,98.58156028368793,73.5224586288416,56.213017751479285,66.73905745100508,28.132387706855795,56.84101654846336
5864,致和證,證券,39.4,1.415701415701398,116747614.2375,True,2.6402640264026402,88.35526315789474,112.92,2026-08-01,False,62.5,5.771812080536909,-0.0027633678628549143,73.50746268656717,270.44822109770337,64.47990543735224,63.23877068557919,47.75413711583924,35.1063829787234,99.28994082840237,61.973827409179286,91.01654846335697,56.84101654846336
3661,世芯-KY,半導體,4190.0,0.23923444976077235,9630574515.0,True,78.55626326963908,24.309210526315788,273.61,2026-08-01,False,38.25757575757576,3.7128712871287126,-0.027466768093818143,77.95348837209303,116.68196385695785,39.8936170212766,54.37352245862884,34.2789598108747,44.32624113475177,98.57988165680473,54.29044441646734,97.28132387706856,56.781914893617014
3066,李洲,光電及I/O,27.0,-1.2797074954296161,54240704.61749999,True,1.6350555918901242,91.1842105263158,18.89,2026-08-01,False,95.94594594594594,12.5,0.05171378479298544,89.40397350993378,16.00818417639429,95.50827423167848,80.02364066193853,73.5224586288416,72.22222222222221,84.37869822485207,81.13105879390659,39.361702127659576,56.76713947990544
2890,永豐金,金融控股,44.65,-1.6519823788546217,1129657399.685,True,94.42675159235668,9.506578947368421,49.48,2026-08-01,False,23.076923076923077,4.812206572769946,0.024153642334729636,97.170837867247,-1.0925733780303233,23.64066193853428,59.10165484633569,62.529550827423165,91.48936170212765,43.55029585798816,56.06230503448179,70.09456264775413,56.53073286052009
5493,三聯,電子設備,90.2,0.11098779134295356,12695998.164999997,True,80.04246284501062,22.861842105263158,44.53,2026-08-01,False,51.94805194805194,7.380952380952384,0.1735098517962027,89.75124378109453,14.472049881264383,54.018912529550825,68.08510638297872,95.27186761229315,73.28605200945626,83.07692307692308,74.74777232224042,66.548463356974,56.44208037825059
2476,鉅祥,電子零組件,131.5,0.0,134077853.65,True,78.23779193205945,24.671052631578945,41.04,2026-08-01,False,39.0728476821192,7.786885245901639,0.12174729663575125,96.69117647058823,-8.693252728371888,40.66193853427896,69.3853427895981,88.65248226950354,90.54373522458629,21.65680473372781,62.18006071033894,63.71158392434988,56.38297872340426
3037,欣興,印刷電路板,1305.0,-0.3816793893129722,17059226406.5,True,88.05732484076432,16.217105263157894,56.26,2026-08-01,False,50.0,37.5131717597471,0.11626258530877553,98.49056603773585,10.839469537450789,51.59574468085106,96.09929078014184,87.47044917257683,94.68085106382979,79.17159763313609,81.80358666610712,75.177304964539,56.3386524822695
7749,意騰-KY,半導體,391.0,0.5141388174807249,83111605.05,True,8.385093167701864,81.57894736842105,60.5,2026-08-01,False,91.66666666666666,10.451977401129943,-0.011838338485219776,71.875,4.618265240837218,92.5531914893617,75.88652482269504,42.198581560283685,30.73286052009456,64.85207100591715,61.24464587967043,77.42316784869976,56.205673758865245
3016,嘉晶,半導體,195.0,3.7234042553191404,3038361523.425,True,68.88888888888889,31.710526315789473,57.79,2026-08-01,False,47.72727272727273,94.02985074626866,0.05910556230040235,100.0,7.659336323912385,49.76359338061466,99.40898345153664,75.65011820330969,98.3451536643026,73.01775147928994,79.2371200358107,75.76832151300236,56.11702127659575
2353,宏碁,電腦及週邊,31.3,0.8051529790660261,417167661.44000006,True,41.25465178096757,54.01315789473684,38.41,2026-08-01,False,50.847457627118644,-3.0959752321981315,0.003243827185152053,72.11981566820278,19.302127746489393,52.71867612293144,20.803782505910164,52.36406619385343,31.20567375886525,86.27218934911242,48.67287758613454,60.9338061465721,56.01359338061466
8046,南電,印刷電路板,1480.0,-1.661129568106312,14044699055.5,True,83.840190816935,19.736842105263158,40.59,2026-08-01,False,61.904761904761905,40.95238095238095,0.09338414195597049,98.33887043189368,-6.363728014367837,63.652482269503544,96.92671394799054,84.27895981087471,94.08983451536643,26.745562130177515,73.13871053478255,63.23877068557919,56.01359338061465
7805,威聯通,電腦及週邊,492.5,0.0,18230160.0,True,1.5789473684210527,91.44736842105263,19.25,2026-08-01,False,89.83050847457628,-4.182879377431906,0.011219065578922915,60.0609756097561,-1.0635972665632316,91.01654846335697,16.666666666666664,56.6193853427896,9.810874704491725,43.66863905325444,43.55642284611188,39.59810874704492,55.939716312056746
6016,康和證,證券,24.0,0.4184100418409997,115203779.57000001,True,1.4660965180207697,91.90789473684211,215.39,2026-08-01,False,75.0,8.597285067873296,0.026071358388079103,66.66666666666666,308.7215317804633,76.95035460992908,71.74940898345153,63.71158392434988,20.74468085106383,99.52662721893492,66.53653111754586,95.8628841607565,55.45212765957447
5475,德宏,印刷電路板,193.0,6.629834254143652,894374451.8,True,86.80688336520076,17.5,271.88,2026-08-01,False,54.761904761904766,-0.5154639175257731,-0.022846092852755052,48.25,39.882941633994164,56.973995271867615,35.1063829787234,36.52482269503546,2.6595744680851063,94.43786982248521,45.14052904723936,97.16312056737588,55.42257683215131
3059,華晶科,消費性電子,38.55,0.12987012987011326,40806772.114999995,True,31.581740976645435,61.51315789473685,8.25,2026-08-01,False,84.21052631578947,-1.1538461538461613,0.03646588184453426,75.58823529411765,2.921964659603515,86.46572104018912,31.44208037825059,68.43971631205675,39.125295508274235,60.473372781065095,57.18923720396716,27.30496453900709,55.36347517730496
8076,伍豐,電腦及週邊,21.35,-0.2336448598130758,10257733.535,True,82.6115922718188,20.32894736842105,124.48,2026-08-01,False,15.254237288135593,-2.5114155251141423,-0.16981242247544445,74.65034965034965,48.84304261329625,15.011820330969266,23.52245862884161,6.264775413711583,37.35224586288416,96.09467455621302,35.64919495852393,92.31678486997636,55.28959810874704
6743,安普新,消費性電子,35.75,0.28050490883591017,17100919.59,True,38.526119402985074,55.78947368421052,12.68,2026-08-01,False,78.94736842105263,24.78184991273997,0.1492580528479706,100.0,-18.195512612504917,81.38297872340425,91.48936170212765,92.90780141843972,98.3451536643026,12.071005917159763,75.23926028508679,32.38770685579196,55.15661938534279
4105,東洋,藥,80.3,1.9035532994923887,36150713.809999995,True,6.634819532908705,83.15789473684211,14.86,2026-08-01,False,63.04347826086957,4.967320261437905,0.17625035640517228,93.04750869061414,1.0524391729762659,65.01182033096927,60.047281323877066,95.50827423167848,81.08747044917257,52.899408284023664,70.9108509239442,34.515366430260045,55.14184397163121
6811,宏碁資訊,數位雲端,273.0,9.859154929577475,120507916.8,True,37.06640237859267,56.97368421052632,77.11,2026-08-01,False,28.000000000000004,22.14765100671141,0.06278991202611704,100.0,33.623536497935554,28.486997635933808,89.47990543735224,77.18676122931441,98.3451536643026,92.7810650887574,77.25597661113208,83.096926713948,55.11229314420804
3017,奇鋐,電子零組件,3545.0,-3.7991858887381325,10221229339.75,True,96.3375796178344,6.381578947368421,54.34,2026-08-01,False,11.589403973509933,3.654970760233918,-0.006162765961390989,96.20081411126186,-4.9403794444395075,10.933806146572104,54.018912529550825,45.27186761229314,89.59810874704492,30.650887573964496,46.0947165218851,73.87706855791963,55.097517730496456
1612,宏泰,電纜,35.05,0.5738880918220834,17202450.8875,True,14.64968152866242,76.11842105263158,19.6,2026-08-01,False,54.54545454545454,1.0086455331411939,0.27299889841209585,86.22386223862239,14.347872745782642,56.6193853427896,42.08037825059102,99.17257683215131,65.48463356973994,82.72189349112426,69.21577349727923,40.189125295508276,55.053191489361694
2609,陽明,海運,59.1,-0.16891891891892552,1588910855.635,True,77.9874213836478,25.0,56.17,2026-08-01,False,18.181818181818183,1.7211703958691909,0.14584411378923995,89.54545454545455,19.199435295847913,18.3806146572104,45.981087470449175,92.31678486997636,72.69503546099291,86.15384615384616,63.105473722495006,75.05910165484634,55.03841607565012
5426,振發,電子零組件,30.2,4.861111111111116,16999636.56,True,51.790633608815426,46.05263157894737,45.87,2026-08-01,False,70.86092715231787,5.410122164048868,0.15343493166460512,76.16645649432535,2.2314329974826848,72.3404255319149,61.58392434988179,93.3806146572104,40.42553191489361,57.633136094674555,65.07272650971507,68.2033096926714,54.84633569739953
7777,能率亞洲,創投,37.3,-0.2673796791443861,51759701.6025,True,5.7894736842105265,84.07894736842105,-187.37,2026-08-01,False,84.2456608811749,-1.8421052631579022,0.00681202180085915,84.009009009009,-22.57835154681308,86.64302600472813,27.89598108747045,54.49172576832151,60.40189125295509,9.230769230769232,47.732678668848884,0.1182033096926714,54.81678486997636
2883,凱基金,金融控股,38.5,2.257636122177953,1858541728.175,True,58.3864118895966,40.19736842105263,-51.73,2026-08-01,False,84.61538461538461,4.194857916102833,0.049910579642328375,95.17923362175524,-124.62,87.11583924349881,56.26477541371159,73.1678486997636,87.35224586288416,1.8934911242603552,61.158840068823714,0.9456264775413712,54.78723404255319
3528,安馳,電子通路,85.4,-1.7261219792865323,16720553.850000003,True,2.1231422505307855,89.53947368421052,43.13,2026-08-01,False,94.23076923076923,2.891566265060248,0.01567684314689442,61.0,-11.245564991181297,94.2080378250591,51.41843971631206,58.98345153664303,10.520094562647754,18.698224852071004,46.76564969854659,65.24822695035462,54.639479905437355
3287,廣寰科,電腦及週邊,39.5,-0.6289308176100628,27140876.2725,True,1.5499070055796653,91.51315789473684,6.02,2026-08-01,False,91.52542372881356,11.424541607898439,0.030188651790404954,92.72300469483568,5.961298437598267,92.31678486997636,77.6595744680851,65.36643026004728,80.49645390070921,69.23076923076923,77.01400254591744,23.167848699763592,54.58037825059101
6133,金橋,電子零組件,26.95,-3.749999999999998,172673254.99249998,True,13.086582947785855,77.63157894736842,2.15,2026-08-01,False,94.70198675496688,8.66935483870967,0.04832855151488645,91.04729729729729,-6.219236763840513,94.68085106382979,71.8676122931442,72.22222222222221,76.35933806146572,27.218934911242602,68.46979171038092,18.321513002364064,54.37352245862884
6588,東典光電,通信網路,109.0,-0.45662100456621557,227498064.175,True,96.98275862068965,5.394736842105264,189.02,2026-08-01,False,7.8431372549019605,-7.627118644067797,-0.0018499951152779466,68.3385579937304,72.79668027951719,6.973995271867612,7.919621749408984,48.817966903073284,23.167848699763592,97.63313609467455,36.90251374375761,95.15366430260048,54.343971631205676
1102,亞泥,水泥製造,35.9,1.2693935119887145,257439167.46499997,True,19.21443736730361,71.90789473684211,-1.3,2026-08-01,False,71.42857142857143,2.4251069900142697,0.22553509315266645,92.05128205128204,2.3735108970591847,72.93144208037825,49.054373522458626,97.75413711583924,78.60520094562648,58.10650887573965,71.29033250800846,14.657210401891252,54.28486997635934
4566,時碩工業,汽車組件,77.3,1.0457516339869244,153258118.91000003,True,76.34467618002195,25.921052631578945,53.95,2026-08-01,False,35.13513513513514,21.540880503144646,0.09705342055007966,99.74193548387098,10.534103661605663,36.22931442080378,88.65248226950354,84.98817966903073,96.33569739952719,78.34319526627219,76.90977380502748,73.1678486997636,54.270094562647756
4904,遠傳,通信網路,106.0,1.4354066985645897,471399588.725,True,62.101910828025474,37.5,15.65,2026-08-01,False,49.01960784313725,3.9215686274509802,0.15439647265586273,94.22222222222221,0.177607928313126,50.472813238770684,55.43735224586288,93.61702127659575,84.86997635933807,48.63905325443787,66.60724327500104,35.9338061465721,53.959810874704495
2597,潤弘,營造,165.5,0.6079027355623046,35967447.7,True,64.49044585987261,35.098684210526315,40.91,2026-08-01,False,20.0,-3.216374269005848,0.12163501886282059,81.12745098039215,25.247698570457032,20.44917257683215,20.33096926713948,88.53427895981088,52.12765957446809,90.05917159763314,54.30025039517675,63.47517730496454,53.93026004728132
5432,新門,電子零組件,195.0,-0.2557544757033292,52849596.275,True,35.831234256926955,58.09210526315789,3.66,2026-08-01,False,82.78145695364239,18.541033434650455,0.009590356582702875,99.74424552429667,-14.458931741659015,84.98817966903073,86.28841607565012,56.02836879432624,96.45390070921985,15.7396449704142,67.89970204372823,20.33096926713948,53.87115839243499
1714,和桐,清潔劑,19.65,3.421052631578947,343243357.595,True,30.951072017592086,62.03947368421052,56.11,2026-08-01,False,60.0,19.452887537993917,0.04005545651668256,86.37362637362637,-12.857574181811202,61.76122931442081,87.2340425531915,69.8581560283688,65.83924349881796,16.923076923076923,60.323149663575194,74.822695035461,53.79728132387707
2360,致茂,電子設備,2400.0,2.127659574468077,6193388277.5,True,96.07218683651804,6.809210526315789,156.3,2026-08-01,False,12.987012987012985,7.623318385650224,0.03677107680493154,91.42857142857143,21.440569939482003,12.529550827423167,68.79432624113475,68.67612293144208,77.42316784869976,87.21893491124261,62.928420551988474,93.97163120567376,53.78250591016548
6442,光聖,通信網路,1815.0,10.000000000000009,3611363765.25,True,66.52173913043478,33.35526315789474,152.24,2026-08-01,False,45.09803921568628,6.764705882352941,-0.029798291028570508,76.58227848101265,84.52506953094839,46.808510638297875,66.548463356974,32.97872340425532,41.25295508274232,97.86982248520711,57.091694993495324,93.61702127659575,53.78250591016548
4536,拓凱,其他,158.0,-0.3154574132492094,25123853.35,True,40.445859872611464,54.34210526315789,7.74,2026-08-01,False,50.0,-3.067484662576687,0.19295754401210496,82.93963254593176,-4.98200089831928,51.59574468085106,21.15839243498818,96.2174940898345,57.801418439716315,30.295857988165682,51.41378152671115,26.35933806146572,53.64952718676123
7711,永擎,電腦及週邊,632.0,1.9354838709677358,744273360.9,True,71.83098591549296,29.67105263157895,1.66,2026-08-01,False,23.728813559322035,-4.242424242424243,-0.03544536285816927,95.75757575757575,-141.2107245082068,24.46808510638298,16.548463356973993,30.49645390070922,89.00709219858156,1.301775147928994,32.36437394211534,17.61229314420804,53.63475177304964
2404,漢唐,電子設備,1330.0,-0.3745318352059934,2247788412.25,True,88.85350318471338,15.296052631578947,59.05,2026-08-01,False,37.66233766233766,23.14814814814815,0.15031845104803077,96.028880866426,1.143018351291822,39.361702127659576,90.54373522458629,93.14420803782507,89.36170212765957,53.72781065088758,73.22783163372361,76.35933806146572,53.63475177304964
2032,新鋼,基本金屬,18.7,-2.3498694516971286,40531080.9625,True,2.197802197802198,89.40789473684211,-5.26,2026-08-01,False,97.61904761904762,9.356725146198817,0.016838342956922932,92.11822660098522,-7.818688487558722,96.63120567375887,73.40425531914893,59.692671394799056,78.84160756501181,24.142011834319526,66.54235035740764,11.82033096926714,53.472222222222214
6426,統新,通信網路,347.5,-0.9971509971509973,1347328130.15,True,68.0327868852459,32.30263157894736,78.21,2026-08-01,False,43.13725490196079,17.39864864864865,-0.023358038313254916,88.76117496807151,0.22624018307587335,44.79905437352246,85.57919621749409,35.9338061465721,71.15839243498819,48.87573964497041,57.269237763509445,83.33333333333334,53.427895981087474
8088,品安,半導體,44.45,1.1376564277588264,15666990.082500001,True,50.94235033259423,46.578947368421055,72.94,2026-08-01,False,65.15151515151516,1.7162471395881007,-0.06340946774328672,60.80711354309166,33.334315032434795,67.25768321513003,45.8628841607565,21.631205673758867,10.401891252955082,92.66272189349112,47.56327723921832,81.67848699763593,53.36879432624113
2395,研華,電腦及週邊,733.0,-0.6775067750677488,1839406084.85,True,99.78768577494692,1.0526315789473684,87.52,2026-08-01,False,1.694915254237288,7.794117647058823,0.10875880728689526,99.05405405405405,4.690618343699413,0.8274231678486997,69.50354609929079,86.64302600472813,95.39007092198581,64.97041420118343,63.46689607900737,86.11111111111111,53.20626477541371
3374,精材,半導體,497.0,1.9487179487179596,4347407999.65,True,93.04399524375742,11.118421052631579,36.74,2026-08-01,False,20.454545454545457,5.857294994675186,-0.0101886778979784,99.69909729187563,-6.164775487436927,21.04018912529551,63.829787234042556,43.02600472813239,96.2174940898345,27.455621301775146,50.313819295816025,59.33806146572104,53.191489361702125
3219,倚強科,電子設備,130.0,-7.473309608540923,191724667.14000002,True,31.241283124128312,61.64473684210526,19.73,2026-08-01,False,87.01298701298701,39.335476956055736,0.04931709751369922,92.52669039145907,-1.5288526000530425,88.77068557919621,96.45390070921985,72.57683215130024,79.90543735224587,42.485207100591715,76.03841257851077,40.543735224586285,53.191489361702125
4977,眾達-KY,通信網路,175.0,0.8645533141210304,542796832.675,True,91.13588110403397,13.157894736842104,106.22,2026-08-01,False,29.411764705882355,-2.5069637883008355,0.0006353803442136185,64.69500924214418,22.57579030755703,29.905437352245862,23.64066193853428,50.35460992907801,16.312056737588655,88.04733727810651,41.65202064711066,89.71631205673759,53.07328605200945
3169,亞信,半導體,109.0,-2.67857142857143,33957815.775,True,63.26963906581741,36.2828947368421,9.62,2026-08-01,False,54.54545454545454,1.3953488372093024,0.16946025576976786,88.6178861788618,-11.531153952793654,56.6193853427896,44.089834515366434,95.0354609929078,70.6855791962175,18.461538461538463,56.97835970176395,28.486997635933808,52.925531914893625
3623,富晶通,光電及I/O,29.6,-1.3333333333333308,11685308.759999998,True,82.48730964467005,20.460526315789473,96.27,2026-08-01,False,31.08108108108108,21.81069958847737,0.04283832322167585,92.78996865203763,85.78892495491746,31.44208037825059,88.88888888888889,70.6855791962175,80.6146572104019,98.10650887573964,73.9475429098997,87.82505910165484,52.74822695035461
3596,智易,通信網路,157.0,0.6410256410256387,134778644.4,True,16.401273885350317,74.53947368421052,1.93,2026-08-01,False,84.31372549019608,-1.5673981191222568,-0.2675161914760757,73.70892018779342,-2.6123800183418444,86.7612293144208,29.550827423167846,1.4184397163120568,35.69739952718676,39.053254437869825,38.49623008379145,18.085106382978726,52.748226950354606
5340,建榮,印刷電路板,90.0,5.882352941176472,311935644.065,True,14.437367303609342,76.41447368421052,47.77,2026-08-01,False,97.61904761904762,10.837438423645317,-0.017881996457032017,67.16417910447761,7.437722511910231,96.63120567375887,76.59574468085107,38.53427895981088,21.27659574468085,72.7810650887574,61.163778029571816,69.26713947990544,52.64479905437352
1709,和益,清潔劑,60.2,-4.897314375987349,1671317313.1325002,True,92.09129511677283,12.302631578947368,82.67,2026-08-01,False,40.0,76.0233918128655,-0.014240846977612727,93.62363919129083,3.9698449715490938,41.43026004728132,98.69976359338062,41.13475177304964,82.97872340425532,62.60355029585799,65.36940982276498,84.75177304964538,52.61524822695035
5522,遠雄,建設,61.2,2.0000000000000018,38129316.81,True,2.494692144373673,88.61842105263158,-46.74,2026-08-01,False,91.22807017543859,-3.317535545023688,-0.33245584623707203,74.45255474452554,-932.0740362417121,92.19858156028369,19.976359338061467,0.4728132387706856,36.87943262411347,0.2366863905325444,29.952774630352373,1.3002364066193852,52.60047281323877
9904,寶成,鞋及旅行箱,24.95,1.4227642276422703,256182762.53250003,True,1.8046709129511678,90.6907894736842,4.33,2026-08-01,False,88.88888888888889,1.4227642276422676,-0.07908355851876504,77.48447204968943,4.187574086430414,90.13002364066193,44.32624113475177,17.73049645390071,43.14420803782506,63.07692307692307,51.6815784688125,21.04018912529551,52.49704491725768
2365,昆盈,光電及I/O,27.85,0.3603603603603567,17557052.165,True,51.88729399255715,45.921052631578945,35.95,2026-08-01,False,51.35135135135135,-2.792321116928437,0.09385142023513396,66.30952380952382,22.448711698579196,53.36879432624113,21.98581560283688,84.63356973995272,19.62174940898345,87.92899408284023,53.50778463217089,58.74704491725768,52.437943262411345
8042,金山電,電子零組件,126.0,7.692307692307687,692025116.575,True,19.23536439665472,71.84210526315789,38.75,2026-08-01,False,92.05298013245033,3.7037037037037033,-0.03373977399950954,59.857482185273156,-4.7160855962636745,92.67139479905437,54.25531914893617,31.087470449172578,9.574468085106384,31.242603550295854,43.766251206513076,61.52482269503546,52.378841607565015
2393,億光,光電及I/O,68.0,1.1904761904761862,102588790.41,True,39.91507430997877,54.736842105263165,14.1,2026-08-01,False,62.16216216216216,7.086614173228346,0.16502670518850393,92.14092140921409,0.060265669533462685,63.94799054373522,67.25768321513003,94.68085106382979,78.95981087470449,48.04733727810651,70.57873459510121,33.80614657210402,52.36406619385342
2025,千興,基本金屬,13.5,-2.527075812274371,15230000.995,True,72.38709677419355,29.342105263157897,102.53,2026-08-01,False,21.428571428571427,8.433734939759043,0.09919603251931372,88.23529411764706,-17.858735662843415,21.98581560283688,71.39479905437352,85.22458628841608,69.91725768321513,12.42603550295858,52.18969882636004,88.88888888888889,52.34929078014184
3044,健鼎,印刷電路板,582.0,0.5181347150259086,1515285764.4,True,99.04458598726114,2.401315789473684,65.48,2026-08-01,False,16.666666666666664,18.052738336713997,0.054712103283063265,100.0,10.81432302269993,16.725768321513,86.05200945626478,74.822695035461,98.3451536643026,79.05325443786982,70.99977618308225,79.3144208037825,52.08333333333333
6546,正基,通信網路,61.5,0.0,14987271.895000001,True,23.98871119473189,67.30263157894737,15.55,2026-08-01,False,82.35294117647058,-0.6462035541195453,0.13606237701108506,68.33333333333333,5.940703479078765,84.21985815602837,34.63356973995272,90.78014184397163,22.990543735224588,69.11242603550296,60.34730790213605,35.7565011820331,52.08333333333333
6509,聚和,其他化學,50.4,2.127659574468077,41901337.39749999,True,29.617834394904456,62.89473684210526,20.02,2026-08-01,False,68.75,8.855291576673869,0.14965375802103253,87.65217391304347,6.517959282598159,70.80378250591016,72.3404255319149,93.02600472813238,68.5579196217494,70.41420118343196,75.02846671422776,41.01654846335697,52.00945626477541
2427,三商電,資訊服務,22.95,0.4376367614879584,27499340.68,True,36.730360934182585,57.36842105263158,74.78,2026-08-01,False,38.297872340425535,5.275229357798159,0.036571919270585104,78.5958904109589,43.25364135450921,40.0709219858156,61.111111111111114,68.5579196217494,46.57210401891253,95.02958579881657,62.26832850728105,82.38770685579196,51.979905437352244
4739,康普,其他化學,87.4,2.2222222222222365,122530237.8,True,6.398640996602492,83.42105263157895,34.4,2026-08-01,False,93.75,5.9393939393939466,-0.05821225480230702,67.23076923076924,-57.969082854675825,93.85342789598108,64.42080378250591,23.167848699763592,21.39479905437352,3.4319526627218933,41.25376641906921,56.973995271867615,51.95035460992908
6526,達發,半導體,786.0,-6.65083135391924,1195696010.65,True,52.361111111111114,45.131578947368425,26.11,2026-08-01,False,63.63636363636363,22.049689440993788,0.193460449669309,93.34916864608076,6.794157163974102,65.54373522458629,89.24349881796691,96.33569739952719,81.91489361702128,71.24260355029585,80.85608572187951,48.69976359338061,51.72872340425532
6690,安碁資訊,數位雲端,178.0,0.8498583569405138,62065015.65,True,5.749851807943094,84.21052631578947,8.21,2026-08-01,False,64.0,9.202453987730062,0.004094083073787027,94.68085106382979,0.09304209926705376,65.95744680851064,72.81323877068559,53.191489361702125,86.28841607565012,48.16568047337278,65.28325429798426,27.18676122931442,51.6548463356974
8109,博大,電子零組件,135.0,-1.098901098901095,38576198.475,True,87.79193205944799,16.513157894736842,56.12,2026-08-01,False,29.13907284768212,4.651162790697675,0.21586232005008044,83.59133126934985,10.219394461885102,29.550827423167846,57.919621749408975,97.51773049645391,59.9290780141844,77.98816568047337,64.5810846727377,74.94089834515366,51.625295508274235
6026,福邦證,證券,15.85,0.0,17347172.407500003,True,19.673088149445416,71.11842105263158,231.78,2026-08-01,False,12.5,4.620462046204616,0.24984993181795112,82.1243523316062,-313.5539322500939,11.93853427895981,57.801418439716315,98.93617021276596,55.20094562647754,0.7100591715976331,44.91742554590345,96.33569739952719,51.41843971631206
6712,長聖,生物科技,161.5,0.9374999999999911,36825737.575,True,50.638977635782744,46.776315789473685,21.1,2026-08-01,False,46.99599465954606,4.193548387096775,0.1738092756012937,88.25136612021858,1.7992374094302086,48.817966903073284,56.14657210401891,95.39007092198581,70.09456264775413,55.857988165680474,65.26143214850251,42.31678486997636,51.27068557919622
7703,銳澤,電子設備,206.0,0.24330900243310083,14139243.125,True,95.66160520607376,7.631578947368421,83.26,2026-08-01,False,15.584415584415584,3.0,0.12780738947826187,82.39999999999999,22.225654788092108,15.484633569739954,51.77304964539007,89.71631205673759,56.14657210401891,87.81065088757396,60.186243652692085,84.98817966903073,51.21158392434988
5608,四維航,海運,16.55,-0.8982035928143617,44872258.78249999,True,95.20865533230294,8.289473684210526,39.15,2026-08-01,False,9.090909090909092,-4.335260115606936,0.10275415037162332,79.75903614457832,4.042886295361811,8.628841607565011,16.19385342789598,85.81560283687944,49.527186761229316,62.840236686390526,44.601144263992055,62.174940898345156,51.03427895981088
5222,全訊,通信網路,103.0,0.4878048780487809,18302890.325,True,85.44093178036606,18.552631578947366,59.94,2026-08-01,False,33.33333333333333,-2.3696682464454977,0.034651021596003674,65.39682539682539,47.64793066825973,33.98345153664303,24.822695035460992,67.61229314420804,17.61229314420804,95.97633136094674,48.00141284429337,77.06855791962175,50.96040189125296
3622,洋華,光電及I/O,47.05,0.8574490889603492,11784981.92,True,5.369484316852738,84.53947368421053,-35.95,2026-08-01,False,86.48648648648648,-12.056074766355145,-0.22306880109192323,64.45205479452054,-15.46681985382141,88.53427895981088,2.955082742316785,3.546099290780142,15.484633569739954,14.437869822485208,24.991592877026598,2.7186761229314422,50.94562647754137
8996,高力,其他電製品,1645.0,2.8124999999999956,5363530102.5,True,97.08067940552016,5.098684210526316,112.84,2026-08-01,False,12.5,32.66129032258064,8.706549350330537e-05,99.39577039274926,43.495360752998636,11.93853427895981,95.15366430260048,49.76359338061466,95.8628841607565,95.26627218934911,69.59698966245611,90.89834515366431,50.88652482269504
6174,安碁,電子零組件,58.2,6.788990825688068,57553095.4225,True,61.09341825902336,38.55263157894736,32.84,2026-08-01,False,60.264900662251655,28.193832599118952,0.023916805202192477,92.38095238095238,-0.6543631638502347,62.056737588652474,93.26241134751773,62.29314420803782,79.55082742316785,46.50887573964497,68.73439926140416,55.14184397163121,50.87174940898345
3467,台灣精材,電子設備,71.2,0.28169014084507005,65106876.739999995,True,50.26595744680851,47.368421052631575,49.81,2026-08-01,False,72.72727272727273,40.990099009900995,-0.004277870637049766,82.3121387283237,14.493627787362449,74.58628841607565,97.16312056737588,46.6903073286052,55.673758865248224,83.19526627218934,71.46174828989885,70.27186761229315,50.84219858156028
2753,八方雲集,餐飲飯店,184.0,1.6574585635359185,23210495.525,True,4.955320877335499,85.13157894736842,9.29,2026-08-01,False,60.0,2.5069637883008355,0.21064491426927726,84.7926267281106,-0.8872924684456738,61.76122931442081,49.645390070921984,97.28132387706856,63.00236406619385,45.0887573964497,63.355812945010975,28.250591016548466,50.84219858156028
2006,東和鋼鐵,基本金屬,85.9,-0.8083140877597983,145116362.10999998,True,50.61072756240043,46.9078947368421,15.12,2026-08-01,False,40.476190476190474,6.311881188118823,0.14535542417227615,97.06214689265538,2.4462030417427663,42.198581560283685,65.01182033096927,92.08037825059102,91.25295508274232,58.34319526627218,69.77738609817169,34.86997635933806,50.8274231678487
2413,環科,電子零組件,58.1,3.750000000000009,493726571.63,True,19.724770642201836,70.98684210526316,2.2,2026-08-01,False,90.06622516556291,20.16546018614271,-0.011515091751818666,92.96,-16.314450263129295,91.13475177304964,87.58865248226951,42.31678486997636,80.96926713947991,13.727810650887573,63.1474533831326,18.439716312056735,50.73877068557919
6274,台燿,印刷電路板,1720.0,-1.9943019943019946,14191829524.75,True,96.86836518046708,5.7894736842105265,132.48,2026-08-01,False,26.190476190476193,25.547445255474454,-0.03753702015715059,90.52631578947368,11.905885543973383,26.832151300236408,92.08037825059102,29.66903073286052,75.41371158392435,80.71005917159763,60.941066207841985,92.67139479905437,50.709219858156025
3217,優群,電子零組件,128.5,0.390625,31833461.725,True,6.263269639065817,83.48684210526316,-19.77,2026-08-01,False,98.01324503311258,-5.514705882352941,-0.04121343066331708,62.07729468599034,-12.606722468406367,96.92671394799054,11.583924349881796,28.60520094562648,11.93853427895981,17.159763313609467,33.24282736721362,5.555555555555555,50.709219858156025
8033,雷虎,無人載具,174.0,0.2881844380403509,385277962.6,True,67.57990867579909,32.69736842105263,74.96,2026-08-01,False,32.71028037383177,-1.694915254237288,-0.019001136362012828,64.56400742115028,46.589944764778096,33.09692671394799,28.841607565011824,38.061465721040186,15.957446808510639,95.62130177514793,42.315749716731716,82.50591016548464,50.67966903073286
6967,汎瑋材料,其他電子,73.4,-0.1360544217686943,10719727.91,True,9.75609756097561,79.93421052631578,1.12,2026-08-01,False,80.04005340453939,4.857142857142866,0.13806524548312749,84.65974625144176,-18.99220153097818,82.50591016548464,59.456264775413715,91.01654846335697,62.529550827423165,11.36094674556213,61.37384419544812,17.02127659574468,50.65011820330969
3209,全科,電子通路,46.5,-1.0638297872340385,46146293.67,True,8.121019108280255,81.875,27.44,2026-08-01,False,86.53846153846155,1.3071895424836633,-0.20773642587990424,57.125307125307124,-54.477738056991754,88.65248226950354,43.73522458628842,4.373522458628842,7.446808510638298,3.7869822485207103,29.599004014715963,50.0,50.59101654846336
2880,華南金,金融控股,46.9,3.190319031903188,610144970.97,True,86.25265392781316,18.026315789473685,11.95,2026-08-01,False,38.46153846153847,5.749718151071019,0.11780622102155773,97.91231732776617,-18.36668074885792,40.36643026004728,63.12056737588653,87.58865248226951,93.26241134751773,11.95266272189349,59.25814483752291,31.678486997635936,50.5466903073286
1609,大亞,電纜,39.0,1.6949152542372836,125348840.16000001,True,47.08067940552017,50.23026315789474,34.84,2026-08-01,False,45.45454545454545,4.838709677419347,0.1429533529083195,82.4524312896406,11.825359880035723,47.28132387706856,59.21985815602837,91.725768321513,56.6193853427896,80.59171597633136,67.08761033474619,57.446808510638306,50.53191489361702
6189,豐藝,電子通路,49.4,-0.503524672708966,18636616.12,True,47.29299363057325,49.73684210526316,11.83,2026-08-01,False,55.769230769230774,3.89064143007361,0.305112401870067,87.27915194346289,4.433218837390284,57.919621749408975,55.20094562647754,99.64539007092199,67.73049645390071,64.02366863905326,68.90402450795249,31.44208037825059,50.47281323877069
6679,鈺太,半導體,199.0,-0.7481296758104716,46484358.925,True,3.545706371191136,87.10526315789474,0.32,2026-08-01,False,93.93939393939394,-3.864734299516908,-0.0922410879258417,57.59768451519537,-6.005218556602578,93.97163120567376,17.84869976359338,14.657210401891252,7.801418439716312,28.165680473372777,32.488928056849495,16.430260047281322,50.08865248226951
6015,宏遠證,證券,17.8,-0.2801120448179262,48849221.027499996,True,6.993006993006993,82.69736842105263,140.5,2026-08-01,False,25.0,5.637982195845693,0.0016695114097384587,77.72925764192141,86.47723962241287,25.70921985815603,62.64775413711584,51.182033096926716,44.0307328605201,98.22485207100591,56.35891840474492,93.26241134751773,50.0886524822695
2454,聯發科,半導體,4835.0,-1.7276422764227695,37859301768.25,True,99.41613588110403,1.8092105263157896,44.08,2026-08-01,False,3.0303030303030303,1.5756302521008403,-0.013174642565754189,91.48533585619678,24.400621579008043,2.0094562647754137,45.39007092198582,41.843971631205676,77.54137115839244,89.23076923076924,51.20312784142571,66.07565011820331,50.05910165484634
4766,南寶,樹脂,359.5,1.6973125884016893,45237026.075,True,54.511677282377924,43.651315789473685,14.17,2026-08-01,False,42.857142857142854,4.354136429608127,0.24878677466859656,91.70918367346938,-1.7458902160701744,44.385342789598106,56.50118203309693,98.81796690307328,78.25059101654847,41.53846153846154,63.898708856155665,34.04255319148936,50.04432624113475
6412,群電,電子零組件,74.0,0.0,39185593.635,True,30.52016985138004,62.30263157894736,-19.67,2026-08-01,False,83.44370860927152,-3.896103896103896,-0.1549591009265957,69.81132075471697,-8.525140446567335,86.05200945626478,17.61229314420804,8.156028368794328,25.65011820330969,22.24852071005917,31.943793976527207,5.673758865248227,49.94089834515367
1319,東陽,汽車組件,80.0,2.432778489116516,97925874.68999998,True,19.745222929936308,70.92105263157895,7.4,2026-08-01,False,72.97297297297297,-2.0807833537331737,0.11094393682730362,69.56521739130434,-3.63282549361033,75.05910165484634,26.35933806146572,86.99763593380615,25.177304964539005,34.9112426035503,49.70092464364151,25.768321513002363,49.9113475177305
1708,東鹼,其他化學,57.3,0.3502626970227629,198809382.595,True,42.0158550396376,53.55263157894738,33.17,2026-08-01,False,43.75,14.599999999999994,0.10786616302248844,92.86871961102105,12.811506961858019,45.27186761229314,82.97872340425532,86.52482269503547,80.73286052009456,81.30177514792899,75.3620098759215,55.55555555555556,49.64539007092199
2887,台新新光金,金融控股,42.15,1.6887816646562026,2227483714.87,True,78.98089171974523,23.717105263157894,-44.54,2026-08-01,False,57.692307692307686,2.5547445255474384,-0.002445913201772704,94.93243243243244,-134.31655603917767,59.692671394799056,49.76359338061466,47.99054373522459,86.7612293144208,1.6568047337278107,49.17296851175739,1.6548463356973995,49.586288416075654
7792,安葆,電機製品,406.5,-9.966777408637872,367194698.05,True,68.48484848484848,32.171052631578945,67.72,2026-08-01,False,36.36363636363637,29.252782193958666,0.05302741276411466,90.03322259136213,34.21744574803065,37.70685579196218,93.73522458628841,73.99527186761229,74.11347517730496,93.01775147928994,74.51371578049155,80.1418439716312,49.55673758865248
7556,意德士,電子設備,283.0,-4.23011844331641,21392823.8,True,85.92233009708737,18.157894736842106,44.72,2026-08-01,False,40.25974025974026,13.200000000000001,0.1274024355539855,88.71473354231975,22.736104857378976,41.843971631205676,81.56028368794325,89.59810874704492,70.92198581560284,88.28402366863905,74.44167471008714,66.903073286052,49.527186761229316
6179,亞通,工程承攬,37.75,0.5326231691078709,484775333.61500007,True,74.94751574527642,27.105263157894736,223.28,2026-08-01,False,16.666666666666664,25.415282392026572,-0.00576695846658251,91.0735826296743,-27.032288143800713,16.725768321513,91.84397163120568,45.8628841607565,76.4775413711584,8.165680473372781,47.81516919160127,96.2174940898345,49.39420803782506
2030,彰源,基本金屬,36.75,-1.342281879194629,352040001.3275,True,54.79978058145913,43.28947368421053,57.69,2026-08-01,False,30.952380952380953,60.831509846827124,0.04505716230821861,95.703125,13.431790406491075,31.14657210401891,98.22695035460993,71.15839243498819,88.77068557919621,81.65680473372781,74.1918810413082,75.65011820330969,49.33510638297872
2301,光寶科,電子零組件,300.0,0.33444816053511683,4518718815.325,True,99.41613588110403,1.8092105263157896,25.2,2026-08-01,False,3.9735099337748347,0.33444816053511706,-0.030548391777979075,94.48818897637796,-8.061756046146794,2.7186761229314422,39.125295508274235,32.505910165484636,85.81560283687944,23.31360946745562,36.695818820205076,47.39952718676123,49.20212765957447
4104,佳醫,醫療耗材,72.0,0.0,10504119.264999999,True,49.09766454352442,48.0921052631579,32.25,2026-08-01,False,22.857142857142858,1.1235955056179736,0.1612280996492639,84.30913348946135,10.048904868016766,23.3451536643026,42.78959810874704,94.32624113475178,61.347517730496456,77.8698224852071,59.935666624701,54.49172576832151,49.09869976359338
6672,騰輝電子-KY,印刷電路板,505.0,9.902067464635467,2694086750.075,True,99.94505494505495,0.19736842105263158,133.24,2026-08-01,False,4.761904761904762,68.61435726210351,0.06062486851897577,100.0,35.8450171135306,3.486997635933806,98.46335697399527,76.35933806146572,98.3451536643026,93.37278106508876,74.00552548015723,92.90780141843972,49.069148936170215
6143,振曜,光電及I/O,78.3,-1.0113780025284402,25578391.224999998,True,6.581740976645436,83.22368421052632,-12.97,2026-08-01,False,83.78378378378379,-9.47976878612717,-0.1346224098092038,56.945454545454545,-20.57532434102841,86.17021276595744,5.4373522458628845,8.983451536643026,7.328605200945626,10.650887573964498,23.714101864674696,7.801418439716312,48.96572104018912
6196,帆宣,電子設備,670.0,1.0558069381598756,1071092927.0,True,97.1868365180467,4.934210526315789,83.89,2026-08-01,False,9.740259740259742,30.35019455252918,0.12475105566727883,98.67452135493373,-18.18831972991157,9.397163120567376,93.97163120567376,88.88888888888889,95.0354609929078,12.189349112426036,59.89649866409277,85.1063829787234,48.891843971631204
1303,南亞,石化,314.0,7.167235494880542,18295092636.25,True,71.21559633027523,30.328947368421055,46.75,2026-08-01,False,23.52941176470588,36.22559652928417,0.026615343574203826,100.0,5.726194673656536,24.29078014184397,95.8628841607565,63.94799054373522,98.3451536643026,68.52071005917159,70.19350371396197,68.79432624113475,48.891843971631204
4912,聯德控股-KY,電子零組件,109.5,0.0,63677179.94500001,True,93.84288747346072,10.197368421052632,32.22,2026-08-01,False,21.192052980132452,7.352941176470589,0.10248404861349282,95.21739130434783,-18.414639512234373,21.513002364066196,67.84869976359337,85.69739952718676,87.47044917257683,11.715976331360947,54.849105431756826,54.37352245862884,48.87706855791962
6438,迅得,電子設備,165.5,-1.1940298507462699,89544277.0,True,80.7855626326964,22.00657894736842,15.54,2026-08-01,False,50.649350649350644,6.430868167202572,0.19706334390815855,89.45945945945945,9.60975948053521,52.4822695035461,65.72104018912529,96.80851063829788,72.45862884160756,76.92307692307693,72.87870521913075,35.57919621749409,48.69976359338062
2419,仲琦,通信網路,27.3,-0.7272727272727209,58463928.26500001,True,95.81464872944694,7.236842105263158,245.59,2026-08-01,False,9.803921568627452,1.298701298701304,0.034780413727764976,72.31788079470199,165.23262244748395,9.574468085106384,43.61702127659575,67.73049645390071,31.796690307328607,99.05325443786982,50.35438611216026,96.92671394799054,48.670212765957444
1773,勝一,其他化學,177.0,-2.7472527472527486,130811655.875,True,75.90233545647558,26.44736842105263,44.62,2026-08-01,False,25.0,10.2803738317757,0.11105610112648184,90.76923076923077,11.732810478089043,25.70921985815603,75.53191489361703,87.11583924349881,76.00472813238771,80.4733727810651,68.96701498174494,66.78486997635935,48.241725768321515
6108,競國,印刷電路板,25.95,2.1653543307086576,47331617.47750001,True,99.80302035456336,0.9210526315789472,45.69,2026-08-01,False,9.523809523809524,13.071895424836603,0.11082537873421389,99.8076923076923,-6.0475245571407825,9.101654846335698,81.08747044917257,86.87943262411348,96.57210401891253,27.810650887573964,60.290262565221646,68.08510638297872,48.16784869976359
1563,巧新,汽車組件,80.6,1.6393442622950838,41772371.18,True,88.64027538726333,15.789473684210526,2.46,2026-08-01,False,18.91891891891892,1.3836477987421314,0.07105017833685721,100.0,-9.490579319353998,19.08983451536643,43.97163120567376,79.07801418439716,98.3451536643026,20.473372781065088,52.191601270161016,18.67612293144208,48.03486997635934
2881,富邦金,金融控股,155.5,0.6472491909385036,2276193457.125,True,79.19320594479831,23.55263157894737,-48.02,2026-08-01,False,46.15384615384615,4.013377926421405,0.03592657600729231,100.0,12.253796893601027,48.04964539007092,55.673758865248224,67.96690307328606,98.3451536643026,81.06508875739645,70.22010995006084,1.1820330969267139,47.975768321513
3162,精確,汽車組件,83.1,-1.4234875444839923,195571249.91499996,True,88.38495575221239,15.921052631578947,101.19,2026-08-01,False,21.62162162162162,18.03977272727271,0.09477261181780038,86.65276329509905,22.038011966037573,22.39952718676123,85.9338061465721,84.75177304964538,66.19385342789597,87.6923076923077,69.39425350063648,88.65248226950354,47.82801418439716
1455,集盛,人纖,10.8,8.870967741935498,17227210.191000003,True,51.104565537555224,46.51315789473684,-0.8,2026-08-01,False,55.55555555555556,10.20408163265306,0.03868358153403956,98.18181818181819,3.562616839936312,57.565011820330966,75.29550827423168,69.14893617021278,93.97163120567376,61.89349112426036,71.57491571894192,15.011820330969266,47.81323877068558
6491,晶碩,醫療耗材,411.5,3.783102143757877,152243654.625,True,37.01527614571093,57.03947368421053,18.88,2026-08-01,False,31.428571428571427,8.432147562582346,0.19992569235606292,97.05188679245283,-4.532523232612743,31.914893617021278,71.27659574468085,96.92671394799054,91.13475177304964,32.18934911242604,64.68846083903367,39.125295508274235,47.72458628841608
6725,矽科宏晟,電子設備,217.0,-1.5873015873015928,14755803.375,True,22.162162162162165,68.8157894736842,-12.39,2026-08-01,False,92.20779220779221,-4.615384615384616,0.027084914448311646,53.0562347188264,-8.359354439815553,92.78959810874704,15.011820330969266,64.0661938534279,4.7281323877068555,22.60355029585799,39.839858995341814,8.274231678486997,47.695035460992905
3005,神基,電子零組件,118.0,-0.42194092827003704,191700074.375,True,64.64968152866241,34.96710526315789,18.39,2026-08-01,False,57.615894039735096,4.424778761061947,0.19031517737876785,80.0,-2.6513448762421774,59.33806146572104,57.033096926713945,96.09929078014184,50.23640661938534,38.81656804733728,60.30468476785988,38.061465721040186,47.65070921985816
2379,瑞昱,半導體,741.0,-1.8543046357615944,2010262337.1,True,87.10191082802548,17.138157894736842,28.08,2026-08-01,False,29.166666666666668,1.646090534979424,0.2361435082256655,82.33333333333334,1.007975363820762,29.728132387706857,45.62647754137116,98.46335697399527,56.02836879432624,52.54437869822485,56.47814287912488,50.35460992907801,47.62115839243499
6213,聯茂,印刷電路板,796.0,1.1435832274459878,11479489067.15,True,99.94692144373673,0.09868421052631579,97.93,2026-08-01,False,2.380952380952381,55.165692007797276,0.018185859804065126,100.0,17.013480395469244,1.5957446808510638,98.10874704491725,60.40189125295509,98.3451536643026,85.20710059171599,68.7317274469484,88.17966903073287,47.50295508274232
6451,訊芯-KY,半導體,426.5,1.5476190476190421,949679497.125,True,91.3895486935867,12.960526315789473,49.81,2026-08-01,False,23.484848484848484,-4.9052396878483835,-0.0007671550288345208,58.908839779005525,17.216582522276703,24.113475177304963,13.829787234042554,49.40898345153664,8.983451536643026,85.32544378698225,36.33222823730189,70.27186761229315,47.38475177304964
6708,天擎,半導體,68.5,-6.035665294924564,22757462.5775,True,76.27737226277372,25.986842105263158,37.74,2026-08-01,False,41.66666666666667,77.92207792207793,0.016558460752636985,93.96433470507543,16.944330852195048,43.02600472813239,98.93617021276596,59.456264775413715,84.63356973995272,85.0887573964497,74.22815337054291,60.28368794326241,47.251773049645394
6120,達運,光電及I/O,14.0,-1.0600706713780994,88829741.87750001,True,3.854625550660793,86.38157894736842,-3.09,2026-08-01,False,89.1891891891892,13.36032388663968,-0.020163573400822185,86.95652173913044,-11.508506231137957,90.36643026004728,81.7966903073286,37.35224586288416,67.13947990543736,18.579881656804734,59.046945598500415,13.120567375886525,47.20744680851064
5508,永信建,建設,53.9,1.6981132075471583,20793384.505000003,True,83.86411889596603,19.67105263157895,633.65,2026-08-01,False,8.771929824561402,0.7476635514018665,0.006972153662245829,67.12328767123287,255.8993826250716,8.39243498817967,40.8983451536643,54.60992907801418,21.15839243498818,99.1715976331361,44.846139857596484,99.29078014184397,46.98581560283688
4772,台特化,其他化學,277.0,0.36231884057971175,284435930.325,True,9.696969696969697,80.06578947368422,18.89,2026-08-01,False,87.5,10.578842315369261,-0.0068682808846729695,73.67021276595744,-168.07433285117145,89.0661938534279,76.12293144208037,44.79905437352246,35.57919621749409,1.0650887573964496,49.326492928784255,39.361702127659576,46.971040189125304
3443,創意,半導體,8460.0,1.0149253731343233,11394729023.5,True,99.84076433121018,0.7236842105263158,111.02,2026-08-01,False,1.1363636363636365,42.54422914911542,0.0143969720473747,98.37209302325581,-13.353786489861221,0.29550827423167847,97.28132387706856,58.156028368794324,94.2080378250591,16.68639053254438,53.3254577755396,90.54373522458629,46.941489361702125
5439,高技,印刷電路板,262.0,-0.9451795841209809,363976267.225,True,31.95329087048832,61.38157894736842,5.24,2026-08-01,False,92.85714285714286,-0.19047619047619047,-0.002201955284347078,59.34314835787089,-5.377227179431063,93.32151300236407,37.5886524822695,48.46335697399527,9.219858156028367,28.994082840236686,43.517492690978784,22.69503546099291,46.91193853427896
3105,穩懋,半導體,588.0,-0.6756756756756799,14440414836.3,True,78.14972611077297,24.934210526315788,30.55,2026-08-01,False,39.39393939393939,30.52164261931188,0.10542755047506953,95.2998379254457,0.1241401747278914,41.01654846335697,94.32624113475178,86.17021276595744,87.70685579196218,48.5207100591716,71.54811364304001,53.191489361702125,46.89716312056737
5228,鈺鎧,電子零組件,55.8,9.842519685039374,29910479.264999997,True,59.611231101511876,39.60526315789474,70.25,2026-08-01,False,64.23841059602648,28.719723183390993,-0.009279823474889596,73.2283464566929,7.884700160703709,66.07565011820331,93.49881796690308,43.73522458628842,33.92434988179669,73.84615384615385,62.21603927986907,80.96926713947991,46.867612293144205
8150,南茂,半導體,128.5,0.7843137254901933,5991788396.725,True,87.10191082802548,17.138157894736842,33.27,2026-08-01,False,29.166666666666668,40.7447973713034,0.06605274837497307,100.0,-4.761852656665724,29.728132387706857,96.80851063829788,78.01418439716312,98.3451536643026,31.124260355029588,66.80404828850001,55.7919621749409,46.76418439716312
3628,盈正,電子零組件,72.4,0.8356545961002881,14080746.770000001,True,20.063694267515924,70.46052631578948,8.64,2026-08-01,False,89.40397350993378,5.847953216374268,0.025208900572716176,72.76381909547739,-12.304213486047875,90.66193853427896,63.71158392434988,63.12056737588653,32.38770685579196,17.869822485207102,53.550323835102894,27.659574468085108,46.74940898345153
2543,皇昌,營造,39.15,3.026315789473677,31144192.749999993,True,23.125393824826716,67.89473684210526,51.51,2026-08-01,False,53.333333333333336,1.29366106080207,0.12607922665121554,49.93622448979591,-32.04494811523447,55.55555555555556,43.498817966903076,89.47990543735224,3.1914893617021276,6.508875739644971,39.64692881223159,71.74940898345153,46.74940898345153
3653,健策,電子零組件,6805.0,-3.8841807909604564,7474170461.25,True,99.68152866242038,1.2828947368421053,90.9,2026-08-01,False,3.3112582781456954,20.335985853227232,-0.00270988086597359,94.44829979181124,11.066785178564217,2.127659574468085,87.70685579196218,47.87234042553192,85.69739952718676,79.64497041420118,60.609845146670025,86.64302600472813,46.6903073286052
6909,創控,電子設備,43.3,0.23148148148146586,17227661.7775,True,32.84023668639053,60.723684210526315,29.35,2026-08-01,False,85.71428571428571,7.9800498753117095,0.007768156062837579,64.82035928143712,34.53792288486096,87.94326241134752,69.73995271867612,55.319148936170215,16.548463356973993,93.13609467455622,64.53738441954482,51.832151300236404,46.645981087470446
3711,日月光投控,半導體,732.0,-1.6129032258064502,10114277073.15,True,96.91891891891892,5.657894736842105,45.66,2026-08-01,False,9.848484848484848,17.874396135265698,0.11851745133868193,98.38709677419355,5.102505038169525,9.692671394799055,85.81560283687944,87.82505910165484,94.32624113475178,66.86390532544378,68.90469595870579,67.96690307328606,46.54255319148937
3293,鈊象,資訊服務,780.0,0.0,1558848378.8,True,52.70700636942676,44.86842105263158,24.8,2026-08-01,False,25.53191489361702,9.859154929577464,0.28104229767132577,95.23809523809523,2.188070838382437,26.24113475177305,74.46808510638297,99.40898345153664,87.58865248226951,57.27810650887574,68.99699246016759,46.57210401891253,46.48345153664303
1605,華新,電纜,39.9,2.9677419354838586,725674095.845,True,51.38004246284501,46.31578947368421,14.97,2026-08-01,False,36.36363636363637,5.277044854881266,0.14287152232830552,90.06772009029346,-3.160624498870165,37.70685579196218,61.22931442080378,91.60756501182034,74.23167848699764,36.56804733727811,60.26869220977242,34.63356973995272,46.335697399527184
1529,樂事綠能,電機製品,15.7,0.0,14380162.587499997,True,20.45577862181226,70.0,8.01,2026-08-01,False,72.72727272727273,-2.786377708978324,0.10296148491584144,53.859348198970835,23.369939410407042,74.58628841607565,22.10401891252955,85.9338061465721,5.200945626477541,88.75739644970415,55.3164911102718,26.95035460992908,46.15839243498817
3485,敘豐,電子設備,223.5,3.7122969837587005,18668377.95,True,31.132075471698112,61.8421052631579,29.91,2026-08-01,False,88.31168831168831,6.428571428571428,0.06281914490318653,57.82664941785253,-0.29102263443702014,89.71631205673759,65.60283687943263,77.30496453900709,7.919621749408984,47.337278106508876,57.576202666219025,52.4822695035461,46.12884160756501
6841,長佳智能,醫療耗材,55.8,-0.5347593582887722,11781693.835,True,72.3916532905297,29.276315789473685,86.02,2026-08-01,False,8.571428571428571,3.910614525139654,0.08243194971359509,78.37078651685393,54.48304228445909,7.9787234042553195,55.319148936170215,81.91489361702128,45.8628841607565,96.44970414201184,57.505070852043026,85.69739952718676,46.05496453900709
2412,中華電,通信網路,145.5,0.0,1646440729.425,True,98.99150743099787,2.5,25.61,2026-08-01,False,3.9215686274509802,5.434782608695652,0.42870475740549907,99.31740614334471,12.046586990740126,2.6004728132387704,61.938534278959814,100.0,95.62647754137116,80.82840236686391,68.19877740008674,47.87234042553192,46.040189125295505
3518,柏騰,其他電子,50.3,0.0,201136747.26500002,True,14.666666666666666,76.05263157894737,-18.87,2026-08-01,False,76.16822429906543,69.07563025210082,0.040197904406899035,100.0,6.963427961477112,78.01418439716312,98.58156028368793,69.97635933806147,98.3451536643026,71.71597633136095,83.3266468029152,6.028368794326241,45.95153664302601
2455,全新,半導體,559.0,-1.4109347442680775,4494564724.0,True,99.68152866242038,1.2828947368421053,71.16,2026-08-01,False,2.272727272727273,11.799999999999999,-0.006188168463839762,92.24422442244224,24.551352241799172,1.4184397163120568,78.60520094562648,45.0354609929078,79.19621749408984,89.70414201183432,58.7918922321541,81.20567375886525,45.80378250591016
8936,國統,金屬製品,53.1,-0.187969924812037,45199827.474999994,True,13.694267515923567,77.10526315789473,12.34,2026-08-01,False,71.42857142857143,5.776892430278881,0.23083364832752462,76.62337662337663,-0.7912695288676144,72.93144208037825,63.35697399527187,97.87234042553192,41.371158392434985,45.562130177514796,64.21880901422637,32.03309692671395,45.74468085106383
4129,聯合,醫療耗材,83.6,0.9661835748792313,10244606.549999999,True,1.4331210191082804,92.07236842105263,7.5,2026-08-01,False,82.85714285714286,1.4563106796116367,-0.25165171808148407,63.81679389312976,-3.0647989888256166,85.16548463356975,44.680851063829785,1.8912529550827424,14.539007092198581,36.92307692307693,36.63993453355155,26.004728132387704,45.25709219858156
4958,臻鼎-KY,印刷電路板,595.0,3.658536585365857,16557700644.525,True,97.82377919320594,4.144736842105263,41.05,2026-08-01,False,23.809523809523807,18.7624750499002,0.019038429979805743,92.10526315789474,5.818094280463789,24.763593380614658,86.4066193853428,60.7565011820331,78.72340425531915,68.63905325443787,63.85783429154951,63.829787234042556,45.22754137115839
6498,久禾光,消費性電子,74.5,-0.666666666666671,11118218.915,True,6.784660766961652,83.02631578947368,-19.26,2026-08-01,False,100.0,1.2228260869565295,-0.07448592771405482,66.22222222222223,-14.091579652976513,99.05437352245863,43.14420803782506,18.912529550827422,19.148936170212767,16.21301775147929,39.29461300656064,5.791962174940898,45.212765957446805
2915,潤泰全,百貨批發,58.5,1.5625,89169123.97,True,37.261146496815286,56.9078947368421,-15.65,2026-08-01,False,38.095238095238095,3.1746031746031695,0.1214998927599511,94.66019417475728,-8.53843132215297,39.65721040189125,52.24586288416076,88.4160756501182,86.05200945626478,22.011834319526628,57.67659854239232,6.73758865248227,45.05023640661939
4966,譜瑞-KY,半導體,568.0,0.8880994671403242,274933092.05,True,23.036093418259025,67.96052631578947,0.23,2026-08-01,False,83.33333333333334,0.35335689045936397,-0.1504494646450606,65.28735632183908,-2.476921289096739,85.69739952718676,39.2434988179669,8.51063829787234,17.375886524822697,39.289940828402365,38.023472799250214,16.312056737588655,45.03546099290781
2355,敬鵬,印刷電路板,44.6,1.82648401826484,86704071.7225,True,41.208791208791204,54.07894736842105,13.43,2026-08-01,False,88.09523809523809,5.687203791469191,0.027472388892394624,66.56716417910448,2.1709512021638133,89.47990543735224,62.88416075650118,64.30260047281324,20.33096926713948,57.15976331360947,58.83147984948313,33.21513002364066,45.035460992907794
7786,東方風能,海運,116.5,-0.8510638297872353,13455037.2,True,2.803738317757009,87.96052631578948,8.57,2026-08-01,False,90.9090909090909,0.8658008658008658,0.15972996090733485,46.41434262948207,-8.034470222908535,92.02127659574468,41.48936170212766,94.08983451536643,1.8912529550827424,23.431952662721894,50.584735686208674,27.541371158392437,44.99113475177305
8081,致新,半導體,262.5,0.0,83901801.025,True,55.73248407643312,42.368421052631575,10.57,2026-08-01,False,61.36363636363637,3.7549407114624502,0.10414166746029227,76.86676427525623,1.3121097901125403,63.00236406619385,54.49172576832151,86.05200945626478,41.725768321513,54.31952662721894,59.918278847902414,29.728132387706857,44.99113475177305
3094,聯傑,半導體,67.5,-2.4566473988439363,889279615.65,True,79.8832271762208,23.05921052631579,30.21,2026-08-01,False,34.84848484848485,50.66964285714287,0.0017957038668496485,96.01706970128023,-15.267062406712661,35.815602836879435,97.99054373522459,51.41843971631206,89.24349881796691,14.67455621301775,57.82852826388015,52.71867612293144,44.94680851063829
3564,其陽,電腦及週邊,60.9,0.6611570247933907,33569168.11,True,91.91438763376932,12.368421052631579,47.82,2026-08-01,False,6.779661016949152,23.78048780487804,0.032342096761996716,98.70340356564019,-4.943729308666022,5.91016548463357,90.89834515366431,66.31205673758865,95.15366430260048,30.532544378698223,57.76135521143705,69.3853427895981,44.88770685579196
6799,來頡,半導體,91.5,-0.21810250817885235,23265502.895000003,True,17.647058823529413,73.42105263157895,1.85,2026-08-01,False,88.63636363636364,14.949748743718603,0.14898081422625012,82.0627802690583,-6.229802882623581,89.83451536643025,83.33333333333334,92.78959810874704,55.08274231678487,27.10059171597633,69.62815616825438,17.84869976359338,44.85815602836879
3380,明泰,通信網路,30.9,-0.48309178743961567,112260838.18500002,True,95.05347593582889,8.68421052631579,66.88,2026-08-01,False,15.686274509803921,3.517587939698483,-0.03948236604559331,74.36823104693141,43.48230017383226,15.602836879432624,53.54609929078015,29.196217494089833,36.64302600472813,95.14792899408285,46.02722173262272,79.7872340425532,44.62174940898345
3705,永信,藥,57.4,0.5253940455341555,10631474.039999997,True,88.69426751592357,15.657894736842104,4.59,2026-08-01,False,13.043478260869565,1.773049645390071,0.08790393854618671,96.63299663299664,9.480892325498168,12.706855791962173,46.335697399527184,83.21513002364065,90.30732860520094,76.80473372781064,61.87394910962831,21.39479905437352,44.51832151300236
2850,新產,產險,163.5,2.507836990595602,46200487.0,True,93.09978768577494,10.986842105263158,4.71,2026-08-01,False,20.0,4.140127388535031,0.038459164604857994,97.03264094955489,1.3515553588537363,20.44917257683215,55.7919621749409,69.03073286052009,91.01654846335697,54.67455621301775,58.19259445773357,21.98581560283688,44.41489361702128
2243,宏旭-KY,汽車組件,59.7,4.188481675392675,22162582.04,True,96.39889196675901,6.184210526315789,106.44,2026-08-01,False,8.108108108108109,31.93370165745857,-0.018341062958455934,90.45454545454545,87.17517976330697,7.2695035460992905,94.79905437352247,38.4160756501182,75.177304964539,98.34319526627219,62.80102676011023,89.83451536643025,44.370567375886516
4556,旭然,其他電製品,145.0,5.454545454545445,182537997.04000002,True,85.87896253602305,18.22368421052632,18.73,2026-08-01,False,37.5,105.67375886524823,0.010581736887020451,100.0,-14.80686552470959,39.0661938534279,99.64539007092199,56.26477541371159,98.3451536643026,15.147928994082841,61.69388839928939,38.77068557919622,44.13416075650118
6117,迎廣,電子零組件,68.0,-1.0189228529839944,23016817.395,True,9.748743718592964,80.0,2.45,2026-08-01,False,96.02649006622516,7.255520504731863,-0.061967532372743724,71.57894736842105,8.438524192712983,95.62647754137116,67.73049645390071,22.458628841607563,30.023640661938533,75.62130177514793,58.29210905479317,18.55791962174941,44.1193853427896
6245,立端,電腦及週邊,87.3,-0.5694760820045608,87186495.58000001,True,95.22292993630573,8.19078947368421,38.36,2026-08-01,False,3.389830508474576,10.08827238335435,0.18875449364262242,95.51422319474835,-13.301764811820355,2.2458628841607564,74.94089834515366,95.98108747044918,88.29787234042553,16.80473372781065,55.65409095359995,60.7565011820331,44.089834515366434
6944,兆聯實業,資源回收,908.0,9.927360774818395,354127786.2,True,38.43843843843844,55.85526315789474,37.21,2026-08-01,False,43.47826086956522,26.286509040333794,0.19643040872424164,84.85981308411215,5.043220043184618,45.0354609929078,92.5531914893617,96.6903073286052,63.47517730496454,66.27218934911244,72.80526529299034,59.57446808510638,43.88297872340426
2221,大甲,基本金屬,189.5,1.8817204301075252,663947288.15,True,99.89384288747345,0.3289473684210526,81.32,2026-08-01,False,2.380952380952381,118.56978085351788,-0.005149546816275299,95.9493670886076,29.82002408492165,1.5957446808510638,99.88179669030734,46.09929078014184,89.12529550827422,91.4792899408284,65.63628352008058,84.51536643026006,43.8386524822695
5299,杰力,半導體,99.5,-2.450980392156865,24142132.645,True,22.558386411889597,68.48684210526315,-3.24,2026-08-01,False,84.0909090909091,2.7892561983471102,0.16214021711977802,70.31802120141343,1.3911480717151647,86.28841607565012,50.59101654846335,94.44444444444444,26.595744680851062,55.02958579881657,62.58984150964511,12.76595744680851,43.76477541371158
1617,榮星,電纜,23.95,3.90455531453362,46573461.29000001,True,57.9736211031175,40.6578947368421,46.89,2026-08-01,False,27.27272727272727,34.1736694677871,0.03227786262755584,89.70037453183521,4.607194674442773,28.132387706855795,95.39007092198581,66.19385342789597,73.04964539007092,64.73372781065089,65.49993705149188,68.91252955082743,43.67612293144208
2034,允強,基本金屬,24.15,0.8350730688935215,109779021.37250002,True,82.26415094339623,20.592105263157894,26.75,2026-08-01,False,16.666666666666664,15.550239234449762,0.0756470499237454,97.37903225806451,-3.4002741234588,16.725768321513,83.80614657210403,80.49645390070921,91.96217494089835,35.50295857988166,61.69870046302125,49.40898345153664,43.572695035460995
1434,福懋,成衣,18.95,5.277777777777781,34602503.72750001,True,48.460721868365184,48.68421052631579,-7.17,2026-08-01,False,30.434782608695656,4.696132596685071,0.13980112322355118,96.93094629156009,-3.784430281308396,30.437352245862886,58.156028368794324,91.25295508274232,90.89834515366431,34.55621301775148,61.06017877376306,10.99290780141844,43.54314420803782
8086,宏捷科,半導體,140.0,9.80392156862746,568970319.175,True,19.053254437869825,72.17105263157895,12.56,2026-08-01,False,85.60606060606061,24.444444444444443,0.0004837832777601219,78.2122905027933,-3.1064212143924514,87.58865248226951,91.37115839243499,50.11820330969267,45.15366430260047,36.68639053254438,62.18361380390841,32.269503546099294,43.410165484633566
4542,科嶠,電子設備,337.0,-0.295857988165682,293513529.525,True,86.80142687277052,17.56578947368421,194.65,2026-08-01,False,38.961038961038966,17.01388888888889,-0.023383321075037766,68.21862348178138,60.93200077522113,40.543735224586285,85.34278959810875,35.815602836879435,22.69503546099291,96.68639053254438,56.216710730622346,95.50827423167848,43.351063829787236
5434,崇越,電子通路,605.0,-2.2617124394184174,386266983.5,True,99.09766454352442,2.236842105263158,36.34,2026-08-01,False,1.9230769230769231,11.829944547134936,-0.006160675941663475,97.58064516129032,-0.9310010312715065,0.9456264775413712,78.72340425531915,45.39007092198582,92.19858156028369,44.73372781065088,52.39828220515618,58.98345153664303,43.351063829787236
3479,安勤,電腦及週邊,134.5,-0.7380073800738018,80911631.525,True,81.90021231422506,20.723684210526315,35.43,2026-08-01,False,16.94915254237288,7.171314741035857,0.12514700998734257,85.94249201277955,7.779046233300885,17.375886524822697,67.37588652482269,89.12529550827422,64.8936170212766,73.49112426035504,62.45236196791025,58.274231678487,43.29196217494089
2527,宏璟,建設,50.7,1.501501501501501,36595853.475,True,46.57097288676236,50.526315789473685,4.18,2026-08-01,False,42.10526315789473,16.820276497695865,0.1440825688193184,97.8764478764479,-129.08268137835782,43.43971631205674,85.1063829787234,91.84397163120568,92.90780141843972,1.7751479289940828,63.01460405388393,20.921985815602838,43.04078014184398
3624,光頡,電子零組件,159.5,10.000000000000009,3658714343.35,True,94.95753715498938,8.75,65.76,2026-08-01,False,16.55629139072848,64.60268317853456,-0.0001396993370097818,90.36827195467421,19.845619181885105,16.19385342789598,98.3451536643026,49.645390070921984,74.70449172576832,86.62721893491124,65.10322156476002,79.55082742316785,43.02600472813239
8289,泰藝,電子零組件,55.4,2.02578268876612,60455784.714999996,True,73.93048128342245,27.828947368421055,67.15,2026-08-01,False,45.6953642384106,22.026431718061676,-0.01584001612770729,73.18361955085865,14.272732303847185,47.635933806146575,89.12529550827422,39.952718676122934,33.687943262411345,82.60355029585799,58.60108830976262,79.90543735224587,43.02600472813239
3051,力特,光電及I/O,22.45,0.6726457399103047,12753757.3625,True,40.99702380952381,54.14473684210527,14.16,2026-08-01,False,60.810810810810814,4.418604651162787,0.09950514036367922,72.88961038961038,-12.459142142912938,62.29314420803782,56.85579196217494,85.34278959810875,32.74231678486997,17.39644970414201,50.9260984514667,33.92434988179669,43.026004728132385
2892,第一金,金融控股,38.9,0.9079118028534339,971113270.72,True,97.66454352441613,4.309210526315789,13.9,2026-08-01,False,7.6923076923076925,4.289544235924938,0.2512200325299557,95.4601226993865,5.233336815613798,6.678486997635933,56.38297872340425,99.05437352245863,88.17966903073287,67.2189349112426,63.50288863709486,33.56973995271868,43.01122931442081
6613,朋億*,電子設備,290.0,1.7543859649122862,64527550.025,True,95.85987261146497,7.072368421052631,186.82,2026-08-01,False,14.285714285714285,9.433962264150944,0.17800462615630205,74.35897435897436,62.95511824741669,14.066193853427897,73.5224586288416,95.62647754137116,36.52482269503546,96.92307692307692,63.33260592835061,94.91725768321513,42.99645390070922
1727,中華化,其他化學,106.0,0.0,1682816725.45,True,81.36419001218027,21.31578947368421,62.67,2026-08-01,False,12.5,16.483516483516482,-0.013568950246471801,86.1788617886179,24.54841420886872,11.93853427895981,84.86997635933807,41.48936170212766,65.36643026004728,89.58579881656806,58.650020283408175,78.84160756501181,42.81914893617021
3013,晟銘電,電子零組件,96.3,1.3684210526315743,170126004.03000003,True,28.36294416243655,63.94736842105263,16.38,2026-08-01,False,86.09271523178808,11.587485515643106,-0.07555112799277026,68.78571428571428,-8.627631285882991,88.29787234042553,78.01418439716312,18.79432624113475,23.64066193853428,21.893491124260358,46.128107208303604,36.22931442080378,42.53841607565011
6719,力智,半導體,189.5,0.2645502645502562,92718586.15,True,15.72052401746725,75.0657894736842,-15.97,2026-08-01,False,89.39393939393939,-0.2631578947368421,0.00430396933032795,60.64000000000001,-4.304364377054393,90.54373522458629,37.35224586288416,53.30969267139481,10.28368794326241,33.37278106508876,44.97242855344329,6.501182033096926,42.494089834515364
2069,運錩,基本金屬,25.05,1.6227180527383478,50130946.190000005,True,52.16095380029806,45.39473684210527,18.86,2026-08-01,False,35.714285714285715,22.794117647058837,0.056672319520664725,93.82022471910113,9.908258533589603,36.997635933806144,90.30732860520094,75.177304964539,84.04255319148936,77.63313609467455,72.83159175794201,39.00709219858156,42.434988179669034
6190,萬泰科,電子零組件,76.4,0.2624671916010568,188477968.24500003,True,96.28450106157112,6.513157894736842,71.82,2026-08-01,False,12.582781456953644,13.859910581222074,0.03620546289120953,83.04347826086958,23.27371612410709,12.174940898345152,82.26950354609929,68.2033096926714,58.03782505910166,88.63905325443787,61.864926490131076,81.4420803782506,42.34633569739953
8110,華東,半導體,49.5,1.434426229508201,470127216.39750004,True,2.0121951219512195,89.67105263157895,24.85,2026-08-01,False,95.45454545454545,12.884834663625993,-0.03785099460231639,56.25,4.976813508861699,95.27186761229315,80.49645390070921,29.550827423167846,6.73758865248227,65.56213017751479,55.523773553233454,46.6903073286052,42.05082742316785
4746,台耀,藥,48.05,-0.5175983436852993,31842311.3675,True,29.211229946524064,63.28947368421053,25.69,2026-08-01,False,39.130434782608695,3.556034482758618,0.15573140510762204,72.91350531107737,15.984943563233353,40.839243498817964,53.78250591016549,93.85342789598108,32.860520094562645,84.2603550295858,61.11921048582259,47.99054373522459,41.976950354609926
3147,大綜,資訊服務,295.0,1.0273972602739656,261351696.35,True,85.24416135881104,18.75,233.48,2026-08-01,False,6.382978723404255,33.182844243792324,-0.015090839838300724,84.28571428571429,4.9962968266291625,5.08274231678487,95.27186761229315,40.78014184397163,61.22931442080378,65.79881656804733,53.632576552380144,96.57210401891253,41.903073286052006
2480,敦陽科,資訊服務,167.5,-0.29761904761904656,42984077.45,True,89.38428874734608,14.901315789473685,20.16,2026-08-01,False,2.127659574468085,6.349206349206349,0.1611048422612466,96.26436781609196,1.1002346255796063,1.3002364066193852,65.13002364066193,94.2080378250591,89.83451536643025,53.49112426035503,60.79278749982514,41.13475177304964,41.78486997635934
6122,擎邦,工程承攬,59.9,4.903677758318725,72555284.52000001,True,53.47184253690541,44.40789473684211,13.59,2026-08-01,False,33.33333333333333,16.31067961165048,0.1472836975879825,93.74021909233177,-3.060573226284781,33.98345153664303,84.63356973995272,92.43498817966903,83.33333333333334,37.0414201183432,66.28535258158826,33.33333333333333,41.50413711583925
2520,冠德,建設,37.0,0.9549795361528002,48682025.3875,True,80.17476788640087,22.5,-26.5,2026-08-01,False,14.035087719298245,1.092896174863384,0.060277165241809656,96.47979139504564,-33.616294351934606,13.47517730496454,42.434988179669034,76.12293144208037,89.95271867612293,6.035502958579881,45.60426371228335,4.432624113475177,41.3563829787234
8255,朋程,電子零組件,153.0,1.324503311258285,51904740.25,True,42.72823779193206,53.059210526315795,4.61,2026-08-01,False,78.80794701986756,6.993006993006993,0.09722310679092352,71.32867132867133,0.7418891676556898,81.20567375886525,67.02127659574468,85.1063829787234,28.959810874704488,51.24260355029586,62.70714955166674,21.57210401891253,41.1790780141844
8422,可寧衛*,資源回收,25.6,1.5873015873016039,105918064.96500002,True,97.1868365180467,4.934210526315789,105.85,2026-08-01,False,4.3478260869565215,-1.7274472168905923,-0.08618954951692225,10.24,33.83023928661463,3.1323877068557917,28.60520094562648,15.957446808510639,0.3546099290780142,92.89940828402366,28.189810734818916,89.47990543735224,41.09042553191489
1519,華城,電機製品,702.0,0.8620689655172376,749304150.85,True,71.7948717948718,29.80263157894737,12.5,2026-08-01,False,27.27272727272727,-5.006765899864682,-0.06236496993668736,65.0,19.698663549530604,28.132387706855795,13.238770685579196,22.22222222222222,17.02127659574468,86.50887573964498,33.42470659000937,32.15130023640662,41.016548463356976
2439,美律,消費性電子,78.7,4.654255319148937,108317890.5,True,42.25053078556263,53.421052631578945,-6.7,2026-08-01,False,73.68421052631578,2.3407022106631947,0.1255802423837853,69.64601769911505,-4.421576806019418,75.59101654846336,48.46335697399527,89.24349881796691,25.295508274231675,32.899408284023664,54.29855777973618,11.229314420803782,40.913120567375884
6155,鈞寶,電子零組件,71.5,5.9259259259259345,219512589.01000005,True,70.27600849256899,30.723684210526315,50.05,2026-08-01,False,49.00662251655629,22.85223367697594,-0.007178969747213908,72.58883248730965,9.82720166172708,50.35460992907801,90.42553191489363,44.44444444444444,32.15130023640662,77.27810650887574,58.9307986067397,70.6855791962175,40.691489361702125
6197,佳必琪,電子零組件,371.0,1.6438356164383494,641523767.65,True,98.19532908704883,3.453947368421053,25.35,2026-08-01,False,7.28476821192053,20.454545454545457,0.042636357867101224,99.33065595716198,-3.2658466674309174,6.382978723404255,87.94326241134752,70.56737588652481,95.74468085106383,35.976331360946745,59.32292584665744,47.5177304964539,40.42553191489362
3338,泰碩,電子零組件,70.5,-0.28288543140028155,36354586.96,True,99.84076433121018,0.7236842105263158,62.0,2026-08-01,False,1.9867549668874174,6.8181818181818175,0.09217131728257932,79.48139797068771,21.18679253361909,1.1820330969267139,66.78486997635935,84.04255319148936,48.69976359338061,87.10059171597632,57.561962314826474,78.25059101654847,40.336879432624116
6263,普萊德,通信網路,178.0,1.4245014245014342,31647467.175,True,93.25902335456475,10.657894736842104,-8.43,2026-08-01,False,21.568627450980394,4.398826979472141,0.0008899729624786659,94.42970822281167,-19.638255964093176,22.22222222222222,56.73758865248227,50.472813238770684,85.46099290780141,10.88757396449704,45.156238197154735,10.047281323877069,40.248226950354606
5225,東科-KY,消費性電子,53.2,0.7575757575757791,10221789.73,True,54.515272244355906,43.55263157894737,-8.97,2026-08-01,False,57.89473684210527,-5.67375886524822,0.22303534131409516,46.87224669603525,-15.637813401955917,59.9290780141844,10.99290780141844,97.63593380614657,2.127659574468085,14.082840236686389,36.95368388658078,9.456264775413711,40.13002364066194
1459,聯發,人纖,18.25,-3.183023872679047,12505834.627500001,True,20.373831775700936,70.13157894736842,-14.25,2026-08-01,False,66.66666666666666,18.892508143322477,0.017494592929667856,88.80778588807785,-7.869310390586986,68.73522458628841,86.64302600472813,60.047281323877066,71.27659574468085,23.78698224852071,62.09782198161903,6.973995271867612,40.08569739952718
5251,天鉞電,光電及I/O,31.1,-3.7151702786377583,14296335.997499999,True,10.3125,79.53947368421052,9.69,2026-08-01,False,78.37837837837837,19.157088122605362,0.014134391072485656,74.66986794717889,-4.396989788781646,80.37825059101655,86.87943262411348,57.919621749408975,37.47044917257683,33.13609467455622,59.156769762334406,28.782505910165483,39.93794326241135
5465,富驊,電子零組件,33.55,1.8209408194233445,34026412.1375,True,69.2144373673036,31.513157894736842,-4.37,2026-08-01,False,50.993377483443716,38.06584362139916,0.0077033626512754035,96.68587896253601,10.735147932235723,53.07328605200946,96.2174940898345,55.20094562647754,90.42553191489363,78.69822485207101,74.72309650705722,12.174940898345152,39.86406619385343
1301,台塑,石化,75.4,9.912536443148712,1947524600.605,True,75.8738862234407,26.513157894736842,6.79,2026-08-01,False,17.647058823529413,13.213213213213232,0.15617016207515874,100.0,3.831982548898794,18.02600472813239,81.67848699763593,93.97163120567376,98.3451536643026,62.366863905325445,70.87762810021403,24.29078014184397,39.74586288416076
2891,中信金,金融控股,68.7,0.43859649122806044,2075332046.8050003,True,95.1167728237792,8.486842105263158,-32.01,2026-08-01,False,15.384615384615385,1.928783382789313,0.09074584068079108,94.88950276243094,-9.232593972510696,15.24822695035461,46.6903073286052,83.80614657210403,86.64302600472813,20.710059171597635,50.61955320547792,3.309692671394799,39.62765957446808
6715,嘉基,電子零組件,485.0,0.5181347150259086,920733965.7,True,99.8792270531401,0.5921052631578948,113.02,2026-08-01,False,1.3245033112582782,43.067846607669615,-0.010093126311087842,85.23725834797891,70.63016516923862,0.5910165484633569,97.51773049645391,43.14420803782506,64.30260047281324,97.39644970414201,60.59040105193951,91.13475177304964,39.62765957446808
6218,豪勉,資訊服務,60.8,7.610619469026547,328878440.255,True,82.63473053892216,20.263157894736842,52.85,2026-08-01,False,8.51063829787234,36.47586980920315,0.004650503988306714,89.807976366322,18.985747369152826,7.801418439716312,95.98108747044918,53.664302600472816,73.40425531914893,85.79881656804734,63.32997607956692,72.81323877068559,39.509456264775416
3532,台勝科,半導體,513.0,9.850107066381163,3554176296.75,True,98.08917197452229,3.8157894736842106,29.28,2026-08-01,False,6.4393939393939394,27.29528535980149,0.022015310799361937,98.08795411089865,2.0261793138070665,5.260047281323877,92.67139479905437,61.82033096926713,93.73522458628841,56.68639053254439,62.03467763369564,51.6548463356974,39.49468085106383
6278,台表科,印刷電路板,250.5,7.051282051282048,1631158356.325,True,98.14225053078556,3.6513157894736845,10.87,2026-08-01,False,21.428571428571427,28.46153846153846,0.07999126342047855,100.0,0.10619151506062963,21.98581560283688,93.3806146572104,81.32387706855792,98.3451536643026,48.40236686390533,68.68756557136263,30.37825059101655,39.332151300236404
3645,達邁,印刷電路板,74.3,-0.9333333333333416,214894804.78999996,True,52.12159594680177,45.46052631578947,-10.96,2026-08-01,False,85.71428571428571,3.4818941504178276,-0.09710805317989182,63.234042553191486,2.650381190793617,87.94326241134752,53.30969267139481,13.120567375886525,13.47517730496454,59.289940828402365,45.42772811839915,8.747044917257684,39.21394799054374
8438,昶昕,資源回收,81.7,0.9888751545117369,35399532.11,True,61.96043165467626,37.69736842105263,44.48,2026-08-01,False,34.78260869565217,18.922852983988353,-0.06229660368877779,76.71361502347418,0.004754779717373481,35.69739952718676,86.7612293144208,22.340425531914892,41.48936170212766,47.69230769230769,46.79614475359157,66.43026004728132,39.21394799054374
3402,漢科,電子設備,139.5,-0.7117437722419906,40851241.275,True,97.1868365180467,4.934210526315789,32.84,2026-08-01,False,9.740259740259742,11.600000000000001,0.3091853997092834,88.29113924050634,-0.331014309278153,9.397163120567376,78.1323877068558,99.76359338061465,70.2127659574468,47.10059171597633,60.92130037629219,55.14184397163121,39.1548463356974
4760,勤凱,電子零組件,334.0,-0.29850746268657025,190150963.8,True,86.88078388677191,17.434210526315788,91.54,2026-08-01,False,30.4635761589404,22.568807339449542,-0.030059615760528097,71.36752136752136,13.300981402248837,30.61465721040189,90.0709219858156,32.74231678486997,29.078014184397162,81.53846153846153,52.80887434078924,86.87943262411348,39.12529550827423
3406,玉晶光,消費性電子,1085.0,3.8277511961722466,5993663354.05,True,89.43736730360934,14.802631578947366,0.72,2026-08-01,False,21.052631578947366,9.929078014184398,-0.0325334836472483,97.74774774774775,-1.5655250992512573,21.27659574468085,74.70449172576832,31.44208037825059,92.67139479905437,42.248520710059175,52.46861667156266,16.666666666666664,38.977541371158395
6664,群翊,電子設備,378.0,-2.1992238033635148,126388035.725,True,95.06369426751591,8.552631578947368,32.28,2026-08-01,False,18.181818181818183,6.03085553997195,0.1473311513985811,78.75,5.011389880204803,18.3806146572104,64.53900709219859,92.5531914893617,47.16312056737589,65.9171597633136,57.71061871389204,54.60992907801418,38.903664302600475
3035,智原,半導體,209.0,-0.7125890736342066,961866107.975,True,95.85987261146497,7.072368421052631,29.88,2026-08-01,False,14.393939393939394,16.75977653631285,0.16697119684668868,89.69957081545064,7.740402171272059,14.420803782505912,84.98817966903073,94.91725768321513,72.93144208037825,73.13609467455622,68.07875557793724,52.36406619385343,38.682033096926716
6175,立敦,電子零組件,77.0,1.3157894736842035,94610955.785,True,93.94904458598727,10.06578947368421,68.94,2026-08-01,False,20.52980132450331,6.6481994459833755,-0.09595525949553996,66.09442060085837,17.759785661996794,21.15839243498818,66.31205673758865,13.47517730496454,18.79432624113475,85.44378698224851,41.036747940184924,80.49645390070921,38.53427895981088
6257,矽格,半導體,278.0,-2.7972027972028024,4199378696.375,True,98.08917197452229,3.8157894736842106,28.58,2026-08-01,False,6.4393939393939394,30.51643192488263,0.12192536478656625,97.2027972027972,3.180135274738305,5.260047281323877,94.2080378250591,88.77068557919621,91.60756501182034,61.30177514792899,68.2296221690657,50.82742316784869,38.37174940898346
4903,聯光通,通信網路,46.75,10.000000000000009,183647763.8825,True,30.579964850615116,62.23684210526316,-51.78,2026-08-01,False,74.50980392156863,28.08219178082192,0.014191478409801745,87.87593984962405,-22.55968643655264,76.59574468085107,93.14420803782507,58.03782505910166,69.14893617021278,9.349112426035502,61.25516527480522,0.8274231678486997,38.35697399527187
4906,正文,通信網路,42.2,-1.8604651162790642,342850320.555,True,95.64926372155288,7.697368421052632,56.09,2026-08-01,False,13.725490196078432,14.673913043478276,0.007651485859290447,79.02621722846442,28.39202107463578,13.356973995271867,83.096926713948,55.08274231678487,47.87234042553192,91.12426035502959,58.10664876131325,74.70449172576832,38.20921985815603
6472,保瑞,藥,428.0,2.761104441776707,241599177.775,True,92.35668789808918,12.039473684210526,59.22,2026-08-01,False,8.695652173913043,2.8846153846153846,0.08669710211982073,65.4434250764526,24.48348420360181,8.274231678486997,51.182033096926716,82.62411347517731,17.73049645390071,89.46745562130177,49.8556660651587,76.4775413711584,37.825059101654844
6148,驊宏資,資訊服務,37.1,-1.5915119363395291,158970686.8175,True,87.31422505307856,17.039473684210527,95.4,2026-08-01,False,4.25531914893617,30.4042179261863,-0.0038717004235574917,81.71806167400881,87.77003007093843,2.955082742316785,94.08983451536643,46.92671394799054,54.37352245862884,98.46153846153847,59.361338425168206,87.58865248226951,37.706855791962184
2515,中工,營造,12.15,2.5316455696202667,60082867.7375,True,35.615711252653924,58.28947368421053,28.84,2026-08-01,False,26.666666666666668,2.1008403361344534,0.061122591479033705,66.39344262295081,28.097435231726312,27.30496453900709,47.635933806146575,76.59574468085107,19.858156028368796,91.00591715976331,52.480143242827374,51.06382978723404,37.64775413711584
1560,中砂,半導體,1020.0,-0.9708737864077666,1896482327.2,True,99.84076433121018,0.7236842105263158,30.38,2026-08-01,False,1.1363636363636365,39.726027397260275,0.13268382546128818,98.07692307692307,5.935737392719055,0.29550827423167847,96.57210401891253,90.0709219858156,93.49881796690308,68.99408284023669,69.88628701721991,52.95508274231678,37.544326241134755
5013,強新,基本金屬,52.7,9.906152241918665,22073125.232499998,True,98.88357256778309,2.697368421052632,23.35,2026-08-01,False,7.142857142857142,86.21908127208481,0.0017044057183413406,100.0,-5.62587944371645,6.1465721040189125,99.17257683215131,51.30023640661938,98.3451536643026,28.757396449704142,56.74438709135926,44.79905437352246,37.529550827423165
3529,力旺,半導體,3015.0,-3.21027287319422,4455243107.0,True,63.95966029723992,35.46052631578947,42.77,2026-08-01,False,53.03030303030303,17.315175097276263,-0.052141936447045685,64.0807651434644,4.908327961715017,55.20094562647754,85.46099290780141,25.413711583924346,15.011820330969266,65.44378698224853,49.30625148628422,65.01182033096927,37.44089834515367
3455,由田,電子設備,281.0,1.2612612612612706,758310065.125,True,95.64755838641189,7.7631578947368425,22.43,2026-08-01,False,16.883116883116884,19.574468085106382,-0.002177274976405406,90.64516129032259,28.085201990821535,17.257683215130022,87.47044917257683,48.58156028368794,75.53191489361703,90.88757396449704,63.94583630590178,43.794326241134755,37.27836879432624
7709,榮田,機械,83.7,-4.886363636363633,24121734.665,True,65.0632911392405,34.3421052631579,18.89,2026-08-01,False,25.71428571428571,-1.529411764705879,-0.04289664826737797,62.69662921348315,32.81315601811699,26.35933806146572,30.023640661938533,27.89598108747045,12.647754137115838,92.42603550295858,37.87054989018982,39.361702127659576,37.08628841607565
3265,台星科,半導體,217.0,9.873417721518996,339363399.475,True,93.15286624203821,10.888157894736842,3.36,2026-08-01,False,19.696969696969695,23.295454545454543,0.0873564564835987,100.0,-1.1372867162571496,19.976359338061467,90.78014184397163,82.86052009456264,98.3451536643026,43.31360946745562,67.0551568816708,19.858156028368796,36.84988179669031
3580,友威科,電子設備,103.5,0.0,127228622.05499999,True,97.23991507430998,4.802631578947368,26.86,2026-08-01,False,7.792207792207792,19.239631336405534,0.030770564278463274,91.5929203539823,28.6319196145556,6.8557919621749415,86.99763593380615,65.83924349881796,77.77777777777779,91.24260355029585,65.74261054457455,49.527186761229316,36.790780141843975
6207,雷科,電子設備,147.5,2.7874564459930307,1599271165.2,True,96.39065817409767,6.25,35.81,2026-08-01,False,11.688311688311687,31.11111111111111,-0.0023700932643724647,89.12386706948641,22.606693099269812,11.11111111111111,94.68085106382979,48.226950354609926,71.74940898345153,88.16568047337277,62.78680039727503,58.51063829787234,36.67257683215129
5536,聖暉*,電子設備,1045.0,5.130784708249503,1100172115.7,True,89.86199575371549,14.473684210526317,44.54,2026-08-01,False,33.76623376623377,19.565217391304348,-0.035059216209306285,72.82229965156795,20.256255132204156,34.751773049645394,87.35224586288416,30.73286052009456,32.505910165484636,86.8639053254438,54.44133898471051,66.66666666666666,36.64302600472813
3031,佰鴻,光電及I/O,33.5,-2.046783625730997,141144709.86,True,99.89384288747345,0.3289473684210526,27.82,2026-08-01,False,1.3513513513513513,36.17886178861788,-0.024145309815653677,97.10144927536231,-5.179737081747497,0.7092198581560284,95.74468085106383,35.22458628841608,91.37115839243499,29.3491124260355,50.47975156322129,50.23640661938534,36.64302600472813
6191,精成科,印刷電路板,87.5,0.8064516129032251,114431238.75999999,True,88.8004246284501,15.394736842105264,20.45,2026-08-01,False,45.23809523809524,5.676328502415463,0.13156857820021872,66.53992395437263,3.883582725808491,46.92671394799054,62.76595744680851,89.95271867612293,20.212765957446805,62.48520710059171,56.4686726257921,41.725768321513,36.52482269503546
3558,神準,通信網路,134.0,1.5151515151515138,15099843.0,True,99.94692144373673,0.09868421052631579,36.8,2026-08-01,False,1.9607843137254901,13.080168776371309,0.24534225035934315,86.73139158576052,21.563626646782993,1.0638297872340425,81.20567375886525,98.69976359338062,66.66666666666666,87.45562130177514,67.01831102158434,59.456264775413715,36.49527186761229
4123,晟德,藥,31.1,0.9740259740259827,40041687.6425,True,81.66214995483288,20.986842105263158,61.53,2026-08-01,False,15.217391304347828,5.245346869712354,-0.00040616541103662823,63.0192502532928,34.949025671618344,14.775413711583923,60.99290780141844,49.527186761229316,13.356973995271867,93.25443786982248,46.3813840278652,78.01418439716312,36.28841607565012
2061,風青,電纜,68.4,4.427480916030535,146858061.855,True,61.53846153846154,38.026315789473685,42.42,2026-08-01,False,18.181818181818183,30.783938814531563,0.025234722844550063,82.40963855421688,4.02914778372967,18.3806146572104,94.56264775413712,63.23877068557919,56.38297872340425,62.721893491124256,59.05738106229104,64.77541371158392,36.244089834515364
4968,立積,半導體,97.2,-0.6134969325153339,44053362.83,True,15.151515151515152,75.52631578947368,-2.44,2026-08-01,False,90.15151515151516,7.6411960132890435,0.07771121004686023,58.37837837837838,-0.7202699434906681,91.25295508274232,69.03073286052009,80.96926713947991,8.747044917257684,46.27218934911242,59.25443786982248,13.711583924349883,36.170212765957444
5347,世界,半導體,190.0,-0.5235602094240788,3336662266.45,True,98.46072186836517,3.125,40.48,2026-08-01,False,4.924242424242424,21.794871794871796,0.13654700062944589,86.36363636363636,5.712823940239083,3.723404255319149,88.77068557919621,90.89834515366431,65.72104018912529,68.40236686390533,63.50316840824206,62.88416075650118,35.889479905437355
3605,宏致,電子零組件,167.0,-2.9069767441860517,3358920902.925,True,90.35532994923858,14.078947368421051,17.24,2026-08-01,False,25.82781456953642,38.589211618257266,0.007613127320257651,91.00817438692098,-8.378949601191252,26.595744680851062,96.33569739952719,54.96453900709219,76.24113475177306,22.485207100591715,55.32446458796704,36.997635933806144,35.874704491725765
6168,宏齊,光電及I/O,41.45,-5.365296803652953,622618201.5749999,True,81.41063956963539,21.25,18.52,2026-08-01,False,32.432432432432435,40.98639455782315,0.07625891376657458,88.00424628450106,5.8531102724998885,32.38770685579196,97.04491725768321,80.6146572104019,69.3853427895981,68.75739644970415,69.63800411263587,38.2387706855792,35.741725768321515
3297,杭特,光電及I/O,33.8,-4.249291784702547,19605762.865,True,6.9364161849710975,82.82894736842105,10.48,2026-08-01,False,82.43243243243244,24.036697247706414,0.00528930365241859,66.40471512770138,-14.407314449047753,84.39716312056737,91.13475177304964,54.018912529550825,19.976359338061467,15.857988165680473,53.07703498538196,29.550827423167846,35.69739952718676
8111,立碁,光電及I/O,94.0,1.8418201516793076,1297046894.575,True,82.8556263269639,20.065789473684212,-8.8,2026-08-01,False,28.37837837837838,27.89115646258503,-0.0024326838410431667,99.68186638388123,0.3237880169128058,28.841607565011824,93.02600472813238,48.10874704491725,95.98108747044918,49.23076923076923,63.03764320785598,9.574468085106384,35.34278959810875
6234,高僑,電子設備,41.8,9.999999999999986,36268962.777499996,True,93.04597701149426,11.052631578947368,68.4,2026-08-01,False,23.376623376623375,16.923076923076916,0.0034589365734203296,67.41935483870968,13.697158346379076,23.995271867612296,85.22458628841608,52.4822695035461,21.749408983451538,82.1301775147929,53.116342831563784,80.37825059101655,35.22458628841608
2484,希華,電子零組件,87.1,8.333333333333325,1212018749.9199998,True,96.92144373673037,5.592105263157895,25.09,2026-08-01,False,9.933774834437086,23.897581792318633,0.04262426784475616,90.35269709543567,14.826311613408679,9.810874704491725,91.01654846335697,70.44917257683215,74.58628841607565,83.55029585798816,65.88263600374893,47.16312056737589,35.135933806146575
6962,奕力-KY,半導體,32.9,-0.9036144578313365,45395832.5775,True,78.93569844789357,23.81578947368421,7.16,2026-08-01,False,37.121212121212125,3.459119496855339,0.14571840584083107,71.44408251900109,-3.0870715101483075,38.297872340425535,53.191489361702125,92.19858156028369,29.314420803782504,36.80473372781065,49.9614195588009,25.354609929078016,34.94385342789599
2033,佳大,基本金屬,53.2,0.7575757575757791,101928611.56,True,93.69806094182826,10.328947368421053,9.66,2026-08-01,False,11.904761904761903,107.00389105058368,0.03346333663731695,100.0,21.548429546670025,11.40661938534279,99.76359338061465,66.66666666666666,98.3451536643026,87.33727810650888,72.70386224068712,28.60520094562648,34.6483451536643
6643,M31,半導體,498.0,-1.9685039370078705,520969814.675,True,95.84535487593769,7.171052631578948,73.08,2026-08-01,False,15.151515151515152,21.16788321167883,-0.01664703484787593,71.44906743185079,46.82287937297977,14.657210401891252,88.4160756501182,39.2434988179669,29.432624113475175,95.85798816568047,53.5214794298264,81.7966903073286,34.367612293144205
3236,千如,電子零組件,56.2,6.844106463878319,260543170.23499998,True,74.58359037631091,27.236842105263158,19.39,2026-08-01,False,43.70860927152318,22.306855277475517,-0.010636500590061614,76.98630136986301,-2.894902174369193,45.15366430260047,89.83451536643025,42.5531914893617,42.08037825059102,37.98816568047337,51.521983017891365,39.83451536643026,34.308510638297875
3717,聯嘉投控,汽車組件,27.45,-3.5149384885764468,308389400.90500003,True,90.83969465648855,13.486842105263158,10.01,2026-08-01,False,16.216216216216218,25.62929061784896,0.00919689070308843,93.52640545144804,,16.016548463356976,92.19858156028369,55.673758865248224,82.62411347517731,,61.62825059101655,28.959810874704488,33.850472813238774
1514,亞力,電機製品,103.5,0.0,99196153.625,True,64.70276008492569,34.73684210526316,-26.52,2026-08-01,False,45.45454545454545,0.975609756097561,0.1534768520979544,69.23076923076923,-33.08085576252097,47.28132387706856,41.843971631205676,93.49881796690308,24.46808510638298,6.272189349112427,42.67287758613454,4.25531914893617,33.540189125295505
4128,中天,藥,15.35,-0.6472491909385036,16451907.907499999,True,20.892857142857142,69.67105263157895,-1.29,2026-08-01,False,52.17391304347826,4.778156996587025,0.1345951350355647,68.52678571428572,-3.872742859821128,54.314420803782504,58.62884160756501,90.54373522458629,23.404255319148938,34.319526627218934,52.242155916460334,14.775413711583923,33.46631205673759
6204,艾華,電子零組件,111.5,0.9049773755656076,55641735.925,True,96.23142250530785,6.6118421052631575,17.03,2026-08-01,False,13.245033112582782,22.39297475301867,-0.008647871948205129,89.2,-2.9007871630097064,12.884160756501181,89.95271867612293,43.85342789598109,71.98581560283688,37.8698224852071,51.30918908332984,36.87943262411347,32.949172576832154
3675,德微,電子零組件,359.5,7.153502235469444,624029669.775,True,94.0552016985138,9.93421052631579,31.51,2026-08-01,False,19.867549668874172,27.482269503546096,-0.006147844352738108,79.88888888888889,1.0843244147008093,20.094562647754138,92.90780141843972,45.508274231678485,49.76359338061466,53.01775147928994,52.258396631555385,53.664302600472816,32.653664302600475
4720,德淵,樹脂,23.25,-8.102766798418969,43147646.1625,True,72.77070063694268,29.144736842105264,25.12,2026-08-01,False,28.57142857142857,26.01626016260163,0.00980845119150803,78.28282828282829,0.21957024380835932,29.196217494089833,92.43498817966903,56.14657210401891,45.744680851063826,48.757396449704146,54.45597101570915,47.28132387706856,32.4468085106383
5464,霖宏,印刷電路板,93.4,2.7502750275027577,99356726.05499998,True,99.7545008183306,1.118421052631579,19.56,2026-08-01,False,11.904761904761903,22.251308900523558,-0.03810417640539404,86.88372093023257,-11.721536129932336,11.40661938534279,89.71631205673759,29.432624113475175,66.903073286052,18.224852071005916,43.1366961825227,39.952718676122934,32.13652482269504
3615,安可,光電及I/O,43.95,1.0344827586207028,70192386.155,True,8.49056603773585,81.3157894736842,-46.65,2026-08-01,False,81.08108108108108,20.741758241758255,-0.029942319376379343,72.16748768472907,-5.749251881007851,83.096926713948,88.0614657210402,32.860520094562645,31.44208037825059,28.5207100591716,52.796340593394596,1.4184397163120568,31.97399527186761
2328,廣宇,電子零組件,48.2,0.20790020790020236,71040294.245,True,99.89384288747345,0.3289473684210526,19.67,2026-08-01,False,0.6622516556291391,4.78260869565218,0.13424850559963494,78.11993517017828,7.9029624599423585,0.1182033096926714,58.86524822695035,90.42553191489363,44.79905437352246,74.0828402366864,53.6581756123491,40.42553191489361,31.6193853427896
3042,晶技,電子零組件,210.5,2.933985330073341,4074654994.5,True,98.24840764331209,3.3552631578947367,23.48,2026-08-01,False,6.622516556291391,19.263456090651555,0.02431196233429897,84.53815261044177,1.3553232680898688,5.673758865248227,87.11583924349881,62.64775413711584,62.29314420803782,54.91124260355029,54.5283478114902,45.0354609929078,31.47163120567376
3441,聯一光,消費性電子,249.0,-2.352941176470591,3241424201.5,True,94.33566433566433,9.605263157894736,0.86,2026-08-01,False,15.789473684210526,90.07633587786259,0.002180708522399042,97.6470588235294,-28.006370249136207,15.721040189125295,99.29078014184397,51.6548463356974,92.43498817966903,7.6923076923076925,53.35879250772867,16.78486997635934,31.412529550827426
6147,頎邦,半導體,231.5,6.928406466512693,9507393883.4,True,97.45222929936305,4.5394736842105265,43.61,2026-08-01,False,8.333333333333332,21.20418848167539,0.02586556221528427,75.77741407528642,6.993926702649063,7.505910165484633,88.53427895981088,63.47517730496454,39.479905437352244,71.83431952662723,54.165918278847904,65.60283687943263,31.013593380614658
1718,中纖,石化,11.3,-0.4405286343612258,151049278.58749998,True,67.29559748427673,32.76315789473684,4.43,2026-08-01,False,35.294117647058826,8.133971291866043,0.16513270323872806,74.3421052631579,-1.4106913028533965,36.46572104018912,70.2127659574468,94.79905437352247,36.40661938534279,42.721893491124256,56.121210849525085,21.27659574468085,30.98404255319149
5309,系統電,汽車組件,67.2,0.0,331196672.65,True,94.7103274559194,9.210526315789473,27.55,2026-08-01,False,10.81081081081081,30.73929961089495,0.0813076503318209,82.15158924205379,7.236634807107922,10.224586288416075,94.44444444444444,81.56028368794325,55.319148936170215,72.54437869822485,62.81856841103977,50.11820330969267,30.30437352245863
5483,中美晶,半導體,224.0,4.1860465116279055,4385156126.8,True,88.91936368623149,15.197368421052632,11.68,2026-08-01,False,27.27272727272727,22.070844686648503,0.06562423715858155,80.57553956834532,-3.990261060559435,28.132387706855795,89.36170212765957,77.89598108747045,51.30023640661938,34.08284023668639,56.15462951305831,31.087470449172578,30.289598108747047
7772,耀穎,半導體,144.5,-4.304635761589404,126144658.925,True,86.53846153846155,17.763157894736842,54.2,2026-08-01,False,31.060606060606062,20.920502092050206,-0.014153065443799545,45.368916797488225,29.84605493471508,31.32387706855792,88.17966903073287,41.25295508274232,1.6548463356973995,91.59763313609467,50.801796130765034,73.64066193853428,29.609929078014183
6182,合晶,半導體,135.0,5.46875,9112737990.95,True,89.09925415949512,15.06578947368421,19.97,2026-08-01,False,26.515151515151516,21.076233183856502,-0.0034554048883459437,71.2401055408971,2.310611652242258,27.18676122931442,88.29787234042553,47.04491725768322,28.486997635933808,57.8698224852071,49.77727418971281,40.8983451536643,27.06855791962175
2492,華新科,電子零組件,428.0,9.884467265725295,11815139133.9,True,96.97452229299363,5.460526315789474,45.54,2026-08-01,False,9.271523178807946,32.50773993808049,0.007456065555328021,69.3679092382496,7.763255703319828,8.865248226950355,95.0354609929078,54.84633569739953,24.822695035460992,73.37278106508876,51.38850420356148,67.73049645390071,26.595744680851066
6957,裕慶-KY,基本金屬,444.0,9.90099009900991,182619494.4,True,99.81981981981983,0.855263157894737,-31.15,2026-08-01,False,4.761904761904762,100.90497737556561,0.06981484135224124,100.0,-16.09361017697612,3.486997635933806,99.52718676122932,78.84160756501181,98.3451536643026,13.846153846153847,58.80941989452627,3.4278959810874707,26.43321513002364
2409,友達,光電及I/O,37.95,1.3351134846461887,20169270627.97,True,99.45235487404163,1.644736842105263,-5.86,2026-08-01,False,4.054054054054054,32.229965156794435,0.0001575281913373441,93.8195302843016,-7.636278837316819,2.8368794326241136,94.91725768321513,49.881796690307326,83.92434988179669,24.497041420118343,51.21146502161232,11.702127659574469,25.886524822695037
3114,好德,電子通路,39.55,-3.182374541003685,42335672.17,True,57.27176220806795,41.08552631578947,3.85,2026-08-01,False,44.230769230769226,27.375201288244753,0.009213900637431695,68.54419410745233,2.133289927482068,45.981087470449175,92.78959810874704,55.7919621749409,23.52245862884161,56.92307692307692,55.00163666121112,20.56737588652482,24.32033096926714
6221,晉泰,資訊服務,30.05,-2.4350649350649345,44137855.4325,True,35.138004246284495,58.88157894736842,21.48,2026-08-01,False,42.5531914893617,40.420560747663565,0.01922570794145264,55.137614678899084,38.48124293617275,43.97163120567376,96.6903073286052,60.87470449172577,6.1465721040189125,94.0828402366864,60.353211073342,42.90780141843972,24.083924349881798
2483,百容,半導體,38.85,0.0,55626908.63000001,True,96.23142250530785,6.6118421052631575,34.59,2026-08-01,False,12.121212121212121,17.549167927382765,-0.04277783230777275,55.5793991416309,-0.7630320968794209,11.583924349881796,85.69739952718676,28.01418439716312,6.382978723404255,45.917159763313606,35.51912935218991,57.21040189125296,22.36997635933806
6488,環球晶,半導體,1215.0,0.8298755186721962,12997639432.2,True,98.46072186836517,3.125,7.61,2026-08-01,False,4.924242424242424,25.12873326467559,-0.060986194314382666,80.19801980198021,-0.9140232763397451,3.723404255319149,91.725768321513,22.576832151300234,50.35460992907801,44.97041420118343,42.670205771678766,26.24113475177305,22.1483451536643
4164,承業醫,醫療耗材,28.2,-0.5291005291005346,12752182.7125,True,58.2271762208068,40.328947368421055,15.42,2026-08-01,False,14.285714285714285,8.880308880308883,-0.05843984251459477,60.580021482277125,18.457508606850215,14.066193853427897,72.45862884160756,23.04964539007092,10.16548463356974,85.68047337278107,41.084085218291435,35.46099290780142,21.808510638297875
6861,睿生光電,醫療耗材,270.5,0.0,713315161.675,True,89.27738927738928,15.0,52.47,2026-08-01,False,2.857142857142857,45.0402144772118,-0.041914511588166406,58.549783549783555,9.656230446294494,1.8912529550827424,97.75413711583924,28.368794326241137,8.865248226950355,77.0414201183432,42.78417054849133,72.57683215130024,21.394799054373525
1809,中釉,玻璃陶瓷,46.5,4.026845637583887,243823932.5175,True,71.8804920913884,29.605263157894733,-4.13,2026-08-01,False,16.666666666666664,22.69129287598945,-0.015617383502358613,78.02013422818791,-0.971838314840809,16.725768321513,90.18912529550828,40.30732860520095,44.44444444444444,44.023668639053255,47.138067061143985,12.411347517730496,20.848108747044915
4956,光鋐,光電及I/O,42.8,1.0625737898465104,552431739.915,True,90.94076655052264,13.355263157894736,-15.94,2026-08-01,False,18.91891891891892,21.937321937321926,0.012348024065590279,78.24497257769652,-10.598733276879264,19.08983451536643,89.00709219858156,57.328605200945624,45.39007092198582,19.289940828402365,46.02110873305636,6.619385342789598,20.52304964539007
2468,華經,資訊服務,41.85,-1.0638297872340274,295818688.7675,True,75.95541401273886,26.38157894736842,-28.59,2026-08-01,False,12.76595744680851,24.925373134328364,0.0014634380317830548,80.48076923076923,-40.951319400240465,12.293144208037825,91.60756501182034,50.945626477541374,51.182033096926716,5.088757396449704,42.223425238155194,3.664302600472813,18.882978723404253
8121,越峰,電子零組件,34.65,8.791208791208781,36081111.482499994,True,99.78925184404636,0.9868421052631579,25.76,2026-08-01,False,2.6490066225165565,25.543478260869552,-0.10608706388488799,63.69485294117647,-4.566670393261191,1.773049645390071,91.96217494089835,11.583924349881796,14.420803782505912,31.83431952662722,30.314854449060668,48.226950354609926,18.11465721040189
6925,意藍,資訊服務,71.2,-0.41958041958041203,36734639.11,True,39.03903903903904,55.39473684210526,-4.41,2026-08-01,False,34.04255319148936,42.82848545636911,-0.02057524380388988,57.886178861788615,-2.8458344159678752,35.1063829787234,97.39952718676122,37.11583924349882,8.274231678486997,38.10650887573965,43.20049799264201,12.056737588652481,14.509456264775416
