stock_id,name,industry,close,adv20,pe_hist_pct,value_pct,revenue_yoy,value_ind_pct,momentum20,chip20_turnover,high52_prox,rev_accel,value_ind_pct_pool_pct,momentum20_pool_pct,chip20_turnover_pool_pct,high52_prox_pool_pct,rev_accel_pool_pct,revenue_yoy_pool_pct,composite,c2_score
6265,方土昶,電子通路,48.6,242509461.73500004,0.10309278350515465,97.56258234519105,465.95,98.07692307692307,-17.3469387755102,-0.15462362768862778,76.05633802816901,-330.0132569222131,96.78953626634959,2.6159334126040426,9.155766944114148,51.902497027348396,0.5973715651135006,98.21640903686088,32.212221043105934,86.0731272294887
8112,至上,電子通路,82.5,744210070.72,7.215392838054516,80.17127799736495,154.83,84.61538461538461,-8.637873754152825,-0.20667693080108465,82.08955223880598,-84.99796792026234,85.31510107015457,14.74435196195006,4.161712247324614,67.41973840665874,2.031063321385902,93.57907253269917,34.734393401494785,82.8923900118906
8271,宇瞻,半導體,210.0,680192177.95,0.26723677177979693,95.15810276679841,177.1,98.48484848484848,-5.829596412556048,0.001537330049019185,80.61420345489442,-3.813699842877014,96.90844233055887,25.564803804994057,59.690844233055884,63.25802615933412,34.16965352449223,94.29250891795482,55.91835401048703,82.22354340071344
6419,京晨科,光電及I/O,149.5,34322101.125,0.5663430420711975,92.09486166007905,365.7,88.0,-8.562691131498468,-0.03945518984237579,76.86375321336762,-29.074861791893284,88.34720570749109,15.101070154577883,36.504161712247324,54.81569560047562,7.4074074074074066,97.85969084423306,40.435108116439864,81.48038049940547
3708,上緯投控,樹脂,93.5,43912233.15,0.26723677177979693,95.15810276679841,534.57,100.0,-10.096153846153843,-0.14148220797937866,70.0374531835206,302.4199200937247,98.87039239001189,9.869203329369798,10.582639714625445,38.28775267538644,99.1636798088411,98.45422116527944,51.35473358364693,81.435790725327
6716,應廣,半導體,118.5,98783442.4,48.03299492385787,46.179183135704875,111.75,60.60606060606061,-13.818181818181818,0.01199788321082287,86.18181818181819,20.282324396708262,61.47443519619501,5.112960760998811,66.46848989298454,75.26753864447086,87.21624850657109,90.48751486325803,59.107934600244064,80.52913198573127
5289,宜鼎,半導體,1295.0,2545190091.5,0.16034206306787815,96.40974967061923,576.29,99.24242424242425,-11.301369863013699,-0.07227767928557113,65.07537688442211,-60.08615577007902,97.56242568370988,8.442330558858501,24.019024970273485,24.851367419738406,3.225806451612903,98.81093935790726,31.620191016838636,78.19560047562426
6753,龍德造船,機車船製造,132.5,175481341.85,0.11682242990654204,96.9038208168643,40.14,100.0,-8.304498269896198,-0.15534604375610145,82.04334365325077,1.5359148468564428,98.87039239001189,16.171224732461358,9.036860879904875,67.06302021403091,56.272401433691755,62.544589774078474,49.48277993002016,78.07669441141499
3046,建碁,電腦及週邊,52.1,14046328.790000001,0.43383947939262474,93.08300395256917,41.05,89.83050847457628,-11.694915254237282,-0.2091079158582838,81.40625,-7.727736512437296,89.65517241379311,7.37217598097503,3.804994054696789,65.33888228299644,24.253285543608126,63.67419738406659,38.0849020552139,77.82401902497027
4736,泰博,醫療耗材,130.0,45407170.8,0.694815606627472,91.10671936758892,42.69,81.08108108108108,-7.473309608540923,-0.03843776503858896,89.3470790378007,31.73492107967187,82.28299643281808,18.549346016646847,36.979785969084425,81.80737217598097,91.8757467144564,64.80380499405469,62.299049461797345,77.58620689655173
6691,洋基工程,電子設備,618.0,400878556.3,53.59649122807018,40.909090909090914,213.7,63.63636363636363,-13.323983169705468,-0.25285452350476895,77.54077791718946,45.0502377487729,64.20927467300832,5.707491082045184,1.5457788347205708,55.529131985731276,95.4599761051374,95.48156956004756,44.49033053612855,77.3781212841855
3356,奇偶,光電及I/O,59.4,21521134.9,0.0,99.24242424242425,20.63,100.0,-7.187500000000002,-0.17693013148835027,90.68702290076335,-6.117038074543373,98.87039239001189,19.85731272294887,6.777645659928656,84.89892984542212,27.598566308243726,42.092746730083235,47.600569385311054,76.50118906064209
6279,胡連,汽車組件,111.0,57357918.7,0.3741314804917157,93.8076416337286,29.82,100.0,-12.252964426877465,-0.09466400046464932,79.85611510791367,-6.586333798744235,98.87039239001189,6.658739595719382,18.192627824019027,61.23662306777645,26.28434886499403,52.02140309155767,42.24854634850415,76.36741973840665
6922,宸曜,電腦及週邊,184.5,43687532.3,1.0115606936416186,89.39393939393939,58.98,88.13559322033898,-3.4031413612565453,-0.049757688098800726,86.61971830985915,-3.5830037944871833,88.46611177170035,36.02853745541022,31.747919143876334,76.57550535077289,34.64755077658304,76.21878715814506,53.493124899668565,76.30796670630203
2408,南亞科,半導體,492.5,32812757473.7,59.40752602081665,36.75889328063241,560.85,49.24242424242424,-4.3689320388349495,-0.020468751004205317,91.03512014787431,-73.08471148427247,50.29726516052319,31.391200951248514,46.37336504161712,85.25564803804994,2.6284348864994027,98.69203329369797,43.189182815587635,75.71343638525565
2501,國建,建設,21.15,34933280.24249999,4.32923570283271,83.26745718050066,60.18,84.48275862068965,-7.641921397379914,-0.26199497815926465,78.33333333333333,24.088834407749253,85.01783590963139,18.311533888228297,1.070154577883472,57.78834720570749,89.1278375149343,77.28894173602853,50.26314181927699,75.44589774078477
2027,大成鋼,基本金屬,46.55,681511627.38,25.428740390301595,63.43873517786561,46.09,69.04761904761905,-6.338028169014098,0.04739675827326226,91.27450980392156,0.7777624989144059,70.03567181926277,23.90011890606421,78.59690844233056,86.08799048751486,52.09080047789725,68.13317479191439,62.14229802661392,75.08917954815695
2101,南港,輪胎,29.85,45815598.2275,0.0,99.24242424242425,84.2,100.0,-6.718749999999996,-0.04359802833357977,70.07042253521126,-67.6464801664046,98.87039239001189,22.235434007134362,34.48275862068966,38.466111771700355,2.867383512544803,85.13674197384067,39.38441606041621,75.05945303210464
9945,潤泰新,建設,28.05,146147224.5075,18.332442544094068,70.09222661396575,37.99,75.86206896551724,-5.5555555555555465,-0.018317079069214127,91.66666666666666,14.801015127719904,77.28894173602853,26.634958382877528,47.324613555291315,87.15814506539834,83.87096774193549,60.04756242568371,64.45552529630625,74.46492271105826
6913,鴻呈,電子零組件,126.5,85863018.0,0.42105263157894735,93.47826086956522,25.04,100.0,-12.758620689655176,-0.1148365399395541,77.84615384615384,-26.15009718565905,98.87039239001189,6.183115338882283,14.387633769322235,56.59928656361475,8.72162485065711,46.9678953626635,36.952410582497656,74.06361474435197
3709,鑫聯大投控,電子通路,62.4,25231965.080000002,0.427578834847675,93.37944664031622,76.06,96.15384615384616,-9.037900874635563,-0.23351419560958722,67.16899892357372,-7.158793191806026,95.77883472057074,13.198573127229487,2.3781212841854935,30.915576694411417,25.686977299880525,82.52080856123662,33.59161662525554,74.00416171224732
3290,東浦,電子零組件,47.05,23360774.4275,2.348224513172967,85.90250329380764,79.8,98.68421052631578,-8.99419729206964,-0.10244482357658134,65.98877980364655,-6.324320333481893,97.14625445897741,13.555291319857313,16.646848989298455,27.94292508917955,27.001194743130224,83.70986920332936,36.458502920088584,73.81093935790724
4967,十銓,半導體,275.0,1254465290.8,0.6693440428380187,91.37022397891963,275.06,96.21212121212122,9.126984126984116,0.026606551578445544,90.311986863711,138.7902105341802,95.95719381688465,82.28299643281808,73.48394768133176,83.82877526753865,98.56630824372759,97.14625445897741,86.82384428846015,73.66230677764565
4560,強信-KY,機械,29.15,12408337.6075,8.017103153393906,79.57839262187089,32.49,91.66666666666666,-11.128048780487799,-0.06974556519969322,78.25503355704697,-0.48577711711159566,91.20095124851368,8.799048751486325,24.97027348394768,57.31272294887039,47.19235364396654,54.577883472057074,45.89507001535692,73.5731272294887
8462,柏文,其他,158.5,12801196.65,1.2845215157353884,88.3399209486166,16.75,91.66666666666666,-8.908045977011492,-0.21962882513696996,88.3008356545961,-1.628960598874432,91.20095124851368,13.793103448275861,2.972651605231867,79.66706302021403,42.17443249701314,36.504161712247324,45.96164036384971,73.3947681331748
2364,倫飛,電腦及週邊,64.0,37659086.989999995,0.14104372355430184,96.6403162055336,32.6,93.22033898305084,-24.52830188679245,-0.12784301964461875,72.64472190692396,-15.45756901958903,92.9845422116528,0.8323424494649228,12.128418549346016,44.351961950059454,14.456391875746716,54.81569560047562,32.950731407253976,72.82996432818074
2451,創見,半導體,282.5,1363314504.775,0.6413682522715126,91.50197628458498,275.47,96.96969696969697,0.8928571428571397,0.02100424994021596,77.71664374140302,-46.08875735651844,96.31391200951248,58.38287752675386,71.10582639714626,56.123662306777646,4.4205495818399045,97.26516052318668,57.26936556440603,72.82996432818074
4973,廣穎,半導體,139.0,170512518.675,7.953890489913544,79.64426877470355,204.03,90.15151515151516,-6.3973063973064015,0.002389824985645741,66.19047619047619,-5.794409089330998,89.89298454221165,23.543400713436384,60.64209274673008,28.299643281807374,28.43488649940263,95.36266349583829,46.162601556717625,72.50297265160523
3287,廣寰科,電腦及週邊,35.0,11335604.7675,0.125,96.77206851119895,6.02,96.61016949152543,-9.090909090909093,0.04181112450388565,89.74358974358975,5.961298437598256,96.19500594530321,12.960760998810938,76.81331747919144,82.63971462544589,69.77299880525688,22.711058263971463,67.67635957080168,72.14625445897741
7744,崴寶,電子零組件,490.0,78710894.075,29.381443298969074,60.73781291172595,86.43,81.57894736842105,-1.9019019019019034,0.153424784961152,80.5921052631579,-19.90272451209124,82.52080856123662,43.162901307966706,95.71938168846611,63.13912009512486,11.230585424133812,85.73127229488703,59.15455941538562,72.05707491082046
8383,千附,電子設備,65.5,101319763.91999999,16.559766763848398,72.06851119894598,73.6,90.9090909090909,-5.209840810419674,-0.11971374893356496,72.45575221238938,-43.467626833301736,90.54696789536266,28.180737217598097,13.436385255648037,43.63852556480381,4.898446833930705,81.6884661117717,36.14021255346866,71.92330558858502
2344,華邦電,半導體,169.0,20628083899.05,43.038821954484604,50.06587615283268,289.43,68.18181818181817,-4.249291784702547,-0.028508788936121732,76.12612612612612,32.47748646186841,69.32223543400713,31.866825208085615,42.80618311533888,52.437574316290124,91.99522102747909,97.50297265160523,57.68560782024017,71.84898929845421
2905,三商,百貨批發,18.55,26471468.7825,18.42338352524358,69.82872200263505,7187.4,61.904761904761905,4.507042253521121,0.13783777678320444,98.40848806366047,4663.35352448985,62.425683709869205,72.294887039239,94.29250891795482,95.95719381688465,100.0,99.88109393579072,84.99405469678955,71.49227110582638
4541,晟田,機車船製造,56.8,130024425.64500001,0.31545741324921134,94.53227931488802,23.57,92.3076923076923,-19.432624113475182,-0.09352799635367245,75.03302509907529,-16.89919583562846,91.85493460166468,1.5457788347205708,18.430439952437574,50.29726516052319,13.261648745519713,45.30321046373365,35.078013458973146,71.47740784780024
5288,豐祥-KY,機車船製造,185.5,14768492.25,35.809727418492784,55.533596837944664,60.1,53.84615384615385,-3.1331592689295085,-0.0007743523397810104,93.92405063291139,-1.3994435561049272,54.577883472057074,37.69322235434007,58.14506539833532,90.96313912009512,43.24970131421744,77.17003567181926,56.92580233180901,71.25445897740785
6756,威鋒電子,半導體,95.6,12449901.82,43.30935251798561,49.86824769433465,96.94,67.42424242424242,-1.6460905349794275,0.11169922438091826,84.97777777777777,24.37894014394216,68.6087990487515,44.946492271105825,91.20095124851368,73.24613555291319,89.24731182795699,87.75267538644471,73.44993798984824,71.16527942925089
3498,陽程,電子設備,190.5,473099729.95,31.03448275862069,59.354413702239796,326.05,77.92207792207793,9.482758620689658,-0.004628201291234715,93.61179361179362,-37.05546756236794,79.07253269916765,82.63971462544589,56.48038049940547,90.6064209274673,5.615292712066906,97.6218787158145,62.88286829271065,71.16527942925089
2820,華票,票券公司,17.3,46895458.8675,0.5344735435595939,92.35836627140975,54.67,92.35836627140975,6.461538461538474,0.37018802855929794,96.9187675070028,38.72495380076576,92.15219976218788,76.57550535077289,99.40546967895362,94.64922711058263,94.26523297491039,74.19738406658739,91.40952697548148,71.10582639714625
3617,碩天,電子零組件,243.0,134147008.5,18.166479190101235,70.28985507246377,13.31,90.13157894736842,-4.892367906066541,-0.06318962446659171,93.46153846153847,-4.187385970071984,89.77407847800237,29.607609988109395,26.7538644470868,90.36860879904876,33.33333333333333,32.81807372175981,53.96749900911614,70.83828775267538
2072,世紀風電,基本金屬,126.5,47109364.225,0.0,99.24242424242425,84.84,100.0,-16.5016501650165,-0.10089112281474658,40.28662420382166,-12.361210857151818,98.87039239001189,3.329369797859691,16.76575505350773,1.1890606420927468,17.562724014336915,85.25564803804994,27.543460379561793,70.49643281807371
2889,國票金,金融控股,17.3,283631324.61,37.73383217530733,54.24901185770751,51.9,100.0,10.897435897435903,0.24720054136021502,98.29545454545455,-4.119396817204667,98.87039239001189,85.4934601664685,98.09750297265161,95.83828775267538,33.45280764635603,72.05707491082045,82.35049018563268,70.31807372175982
1232,大統益,油脂飼料,154.0,16841580.4,5.611972207375735,81.68642951251647,34.56,87.5,-0.6451612903225823,0.11533185450562913,91.3946587537092,3.765997700304922,87.93103448275862,50.65398335315101,91.67657550535078,86.32580261593341,62.72401433691756,56.837098692033294,75.86228205882227,70.10998810939357
4416,三圓,建設,11.2,19589559.582500003,0.8787346221441126,89.98682476943345,3633.03,94.82758620689656,-8.571428571428575,-0.008269504983712631,18.79194630872483,512.5474317886528,94.76813317479191,14.982164090368608,53.74554102259215,0.5945303210463734,99.6415770609319,99.76218787158146,52.746389133946195,70.03567181926279
9958,世紀鋼,基本金屬,89.2,190929296.32,0.10689470871191875,97.29907773386034,91.07,95.23809523809523,-11.683168316831683,-0.10040105653573243,50.97142857142857,8.962113546185364,94.8870392390012,7.491082045184304,17.00356718192628,6.064209274673008,76.82198327359617,86.56361474435195,40.45357620287619,70.00594530321047
2605,新興,海運,36.05,720906206.9875,0.8443908323281062,90.38208168642952,58.75,100.0,2.414772727272707,-0.017443143388332426,83.16032295271049,9.870561009152539,98.87039239001189,65.87395957193817,47.91914387633769,70.15457788347206,78.01672640382318,76.09988109393579,72.1669600251166,69.81272294887039
3311,閎暉,電子零組件,38.1,17826479.142500002,5.419847328244274,81.81818181818183,104.38,96.05263157894737,21.144674085850568,-0.040304881621326914,92.25181598062954,56.334195135893104,95.48156956004756,93.57907253269917,36.02853745541022,88.10939357907253,96.5352449223417,88.94173602853745,81.94676360991423,69.73840665873959
3260,威剛,半導體,399.5,3718169049.025,0.29239766081871343,94.79578392621872,279.81,97.72727272727273,3.2299741602067167,0.02059507196271126,76.09523809523809,5.422855692855023,96.6706302021403,68.25208085612367,70.74910820451844,52.19976218787158,68.45878136200717,97.38406658739595,71.26607256253223,69.50059453032104
2059,川湖,金屬製品,12045.0,6613524268.75,97.48797434526992,3.8866930171278,344.42,14.285714285714285,-16.179540709812112,-0.022305483534610607,83.0117160578911,37.599178371829964,13.61474435196195,3.56718192627824,45.65992865636147,70.03567181926277,94.02628434886499,97.74078478002379,45.38076222054589,69.45600475624256
6584,南俊國際,金屬製品,555.0,509612657.05,9.452054794520548,78.19499341238472,37.66,100.0,-7.807308970099669,-0.0008722888009087421,68.94409937888199,0.6260286476840164,98.87039239001189,17.59809750297265,58.026159334126035,36.385255648038054,51.25448028673835,59.92865636147443,52.4268770323774,69.39655172413794
2388,威盛,半導體,71.3,309895398.62,35.450061652281136,56.060606060606055,77.39,74.24242424242425,-1.5193370165745956,-0.07674135652025742,81.02272727272727,25.825600828366298,75.74316290130797,46.0166468489893,22.94887039239001,64.09036860879905,90.56152927120668,82.99643281807371,59.8721156045386,69.20332936979786
3006,晶豪科,半導體,281.0,4852353825.175,19.953416149068325,68.51119894598156,605.24,81.06060606060606,13.306451612903224,-0.031837027154226524,90.06410256410257,130.35607996617523,82.1640903686088,88.2282996432818,40.903686087990486,83.47205707491082,98.4468339307049,98.92984542211653,78.64299342109936,69.08442330558859
6914,阜爾運通,其他運儲,119.5,14741945.7,0.0,99.24242424242425,7.03,99.24242424242425,-18.983050847457626,-0.1071387641888008,77.09677419354838,-2.361235905704759,97.56242568370988,1.6646848989298455,16.05231866825208,55.41022592152199,39.54599761051374,24.61355529131986,42.047130556585515,68.98038049940547
2376,技嘉,電腦及週邊,350.0,1677578998.125,32.816675574559056,57.971014492753625,98.43,62.71186440677966,0.5747126436781658,-0.14276778846621907,87.71929824561403,22.879661161603124,63.25802615933412,57.31272294887039,10.46373365041617,79.19143876337694,88.64994026284349,88.34720570749109,59.77517235696822,68.37098692033294
4721,美琪瑪,其他化學,71.4,23396599.095000003,2.541371158392435,85.44137022397892,72.35,87.5,-3.513513513513511,-0.044392219688906,70.6930693069307,46.340859820909316,87.93103448275862,35.79072532699168,34.36385255648038,39.833531510107015,95.57945041816009,81.33174791914387,58.699718858899566,68.32639714625445
1256,鮮活果汁-KY,飲料乳品,170.5,10584328.375,0.4810261892036344,92.85243741765481,25.55,100.0,-2.8490028490028463,-0.12864376475955347,81.38424821002387,-7.72318795359352,98.87039239001189,39.00118906064209,11.771700356718192,65.16052318668251,24.372759856630825,47.56242568370987,47.83531297013711,68.14803804994054
7822,倍利科,電子設備,810.0,171504880.95,0.8547008547008548,90.25032938076416,74.62,100.0,-9.6989966555184,-0.03148534904532865,44.38356164383562,11.707241881374934,98.87039239001189,10.70154577883472,41.14149821640904,2.0214030915576697,80.88410991636799,82.04518430439953,46.72378987863626,68.05885850178359
3229,晟鈦,印刷電路板,61.1,246340837.92,8.130081300813007,79.31488801054019,80.41,97.67441860465115,19.569471624266143,0.007673702391313588,90.51851851851852,-5.011702848947124,96.55172413793103,92.62782401902497,63.614744351961946,84.30439952437574,29.868578255675033,83.82877526753865,73.39345405779375,68.01426872770512
2323,中環,光電及I/O,10.55,48390699.9825,0.18832391713747645,95.98155467720684,20.09,98.66666666666667,-4.954954954954949,-0.1982756766785801,80.53435114503817,-0.5123849715071316,97.02734839476813,29.131985731272298,4.9940546967895365,62.78240190249703,46.95340501792115,41.26040428061831,48.177839148649625,67.98454221165278
2305,全友,光電及I/O,49.4,671605311.7625,14.41048034934498,73.8471673254282,239.99,73.33333333333333,78.98550724637681,0.012158636396575556,100.0,46.618267734044906,75.1486325802616,99.52437574316289,66.82520808561236,98.75148632580262,95.81839904420549,96.55172413793103,87.21362035580898,67.7318668252081
1402,遠東新,人纖,27.4,396224604.29,7.536076964190272,79.71014492753623,15.2,100.0,-1.4388489208633115,0.1529291049098167,90.28006589785831,-0.7457933623721562,98.87039239001189,46.4922711058264,95.60047562425684,83.70986920332936,46.117084826762245,34.839476813317475,74.15801863003735,67.73186682520809
6669,緯穎,電腦及週邊,2165.0,11162745165.5,0.0,99.24242424242425,50.36,100.0,-66.171875,-0.23310764855328364,27.75641025641026,10.568171168934924,98.87039239001189,0.11890606420927466,2.4970273483947683,0.8323424494649228,79.21146953405018,70.98692033293698,36.30602755722621,67.64268727705112
8299,群聯,半導體,1985.0,7186478085.25,14.430785676109032,73.74835309617919,376.52,85.60606060606061,-0.7499999999999951,0.017970077206219206,68.92361111111111,24.829780544289576,85.96908442330559,49.94054696789536,69.32223543400713,36.26634958382878,90.0836320191159,97.97859690844233,66.31636968563055,67.56837098692033
2031,新光鋼,基本金屬,43.45,36462665.4075,9.584086799276673,78.06324110671937,18.59,83.33333333333334,-2.0293122886133053,0.07404615209039446,93.3404940923738,-2.736354739117562,83.70986920332936,42.80618311533888,86.08799048751486,90.24970273483947,37.992831541218635,38.40665873959572,68.16931541644824,67.39001189060642
4771,望隼,醫療耗材,206.0,39908837.4,2.7914614121510675,85.04611330698287,70.64,64.86486486486487,4.040404040404044,0.09181118193062382,95.81395348837209,32.77885859274407,65.39833531510108,70.51129607609988,88.34720570749109,93.57907253269917,92.3536439665472,80.85612366230677,82.03791071958767,67.33055885850179
2103,台橡,橡膠原料,26.85,148878512.5075,18.96059394631639,69.36758893280633,21.79,69.36758893280633,-3.590664272890487,0.01537306436872002,93.22916666666667,-9.728036266514529,70.63020214030915,35.55291319857313,68.01426872770512,89.77407847800237,20.07168458781362,43.281807372175976,56.808629426480685,67.03329369797859
7795,長廣,電子設備,476.0,667993490.75,81.25,19.696969696969695,111.5,38.961038961038966,-16.78321678321678,-0.007463581510387184,71.47147147147147,33.147819099086476,39.47681331747919,3.0915576694411415,54.577883472057074,41.37931034482759,92.5925925925926,90.36860879904876,46.22363147927952,67.03329369797859
2425,承啟,電腦及週邊,36.2,33839011.37,36.570374923171485,55.006587615283266,118.46,55.932203389830505,-8.470290771175716,0.08466497683854554,68.43100189035918,-94.0837185791827,57.19381688466112,15.576694411414982,87.51486325802615,34.48275862068966,1.7921146953405016,91.31985731272295,39.31204957402648,66.85493460166468
5607,遠雄港,貨運倉儲,52.6,76173327.08,22.66167824692678,65.94202898550725,33.5,71.42857142857143,-0.7547169811320753,0.14562758859662872,91.95804195804196,-2.6811252597010977,72.94887039239,49.82164090368609,95.00594530321045,87.75267538644471,38.11230585424134,55.945303210463734,68.72828756799453,66.70630202140309
5209,新鼎,工程承攬,173.0,22896261.15,16.568679850347408,71.93675889328063,92.18,66.66666666666666,7.120743034055721,-0.0510483178864325,93.26145552560648,79.30186398439162,67.53864447086801,78.12128418549345,31.391200951248514,89.89298454221165,97.61051373954601,86.92033293697978,72.91092557787354,66.5576694411415
6146,耕興,檢測驗證,175.5,52632160.025,17.103153393907004,71.27799736495388,10.46,100.0,-10.459183673469386,-0.2763984978455832,73.58490566037736,-0.8194496355007903,98.87039239001189,9.512485136741974,0.8323424494649228,46.13555291319857,45.51971326164875,29.131985731272298,40.17409723021322,66.1563614744352
6215,和椿,電子設備,97.3,73277010.05499999,60.395510422234096,36.16600790513834,132.82,61.038961038961034,-4.137931034482767,-0.05202054553399201,72.07407407407406,65.98342476256822,61.71224732461356,32.342449464922716,30.915576694411417,42.44946492271106,96.8936678614098,92.5089179548157,52.86268125361371,66.0820451843044
2611,志信,貨運倉儲,14.15,25881750.8175,18.491484184914842,69.6969696969697,6.77,85.71428571428571,-8.11688311688311,-0.03640805139854517,82.26744186046511,-12.00600988434811,86.1474435196195,16.290130796670628,38.763376932223544,67.77645659928656,17.801672640382318,23.662306777645657,45.35581609763651,65.32401902497027
4739,康普,其他化學,78.0,110400253.39500001,1.1979463776383343,88.66930171277997,34.4,100.0,-10.344827586206895,-0.1301679330155179,60.0,-57.96908285467581,98.87039239001189,9.63139120095125,11.533888228299643,15.219976218787156,3.464755077658303,56.71819262782402,27.74408062314165,65.29429250891795
3661,世芯-KY,半導體,3345.0,8484233515.75,54.7300908605024,40.44795783926219,273.61,53.78787878787878,-9.959623149394348,-0.08136575841972857,62.23255813953489,116.68196385695785,54.34007134363853,10.107015457788346,21.40309155766944,19.85731272294887,98.32735961768219,97.02734839476813,40.80697013994548,65.2794292508918
2548,華固,建設,91.9,87452564.115,19.294494922501336,68.84057971014492,139.53,72.41379310344827,-1.8162393162392987,-0.116677271794619,69.62121212121212,152.9756387404826,73.95957193816885,43.63852556480381,14.149821640903687,37.5743162901308,98.6857825567503,92.86563614744352,53.6016035981515,65.19024970273485
6209,今國光,消費性電子,80.0,902861808.8100001,3.2380952380952377,84.58498023715416,106.76,94.73684210526315,18.16838995568686,-0.019037856905998626,82.3045267489712,15.684434569866312,94.35196195005945,91.31985731272295,46.730083234244944,67.89536266349585,84.34886499402629,89.65517241379311,76.9292260309099,65.14565992865637
3706,神達,電腦及週邊,79.0,889303996.305,63.121325494388024,34.12384716732543,119.89,27.11864406779661,-12.803532008830022,-0.04337137635832834,73.83177570093457,36.37255607961896,27.348394768133176,5.945303210463734,34.60166468489893,46.84898929845422,93.78733572281959,91.5576694411415,41.70633753695393,64.95243757431629
4303,信立,石化,34.8,72860458.2125,5.263157894736842,82.08168642951252,52.27,84.21052631578947,-27.500000000000004,-0.043361833976861615,45.669291338582674,32.55384210355251,84.66111771700356,0.47562425683709864,34.839476813317475,2.4970273483947683,92.23416965352449,72.294887039239,42.94148315781548,64.74435196195006
6024,群益期,期貨,60.6,17516411.514999997,0.2137894174238375,95.78392621870883,7.8,95.78392621870883,-0.3289473684210509,-0.028852997014293995,92.94478527607362,-63.18413532862698,95.30321046373365,52.19976218787158,42.33055885850178,89.29845422116529,3.106332138590203,26.456599286563616,56.44766357397249,64.71462544589775
6944,兆聯實業,資源回收,685.0,198532240.1,0.0,99.24242424242425,37.21,93.47826086956522,-7.806191117092864,-0.15771997638507015,64.01869158878505,5.043220043184618,93.34126040428062,17.717003567181926,8.680142687277051,23.42449464922711,66.90561529271206,59.33412604042806,42.013703320135754,64.59571938168847
3231,緯創,電腦及週邊,183.0,9608526249.975,56.333511491181184,39.45981554677207,166.48,35.59322033898305,1.104972375690605,-0.0767937794273346,92.42424242424242,72.78317937814661,35.79072532699168,59.571938168846614,22.829964328180736,88.34720570749109,97.37156511350061,93.81688466111771,60.78227972900214,64.59571938168847
3081,聯亞,半導體,2805.0,12907978346.5,84.0743198407432,17.061923583662715,180.9,29.545454545454547,-4.102564102564099,-0.00823735362755882,81.89781021897811,19.041413989825998,29.48870392390012,32.461355529131986,53.86444708680143,66.46848989298454,86.26045400238948,94.53032104637337,53.70869008704151,64.5065398335315
2208,台船,機車船製造,18.85,41694496.832499996,7.042253521126761,80.36890645586297,55.64,76.92307692307693,-2.8350515463917425,-0.0964022870306602,72.63969171483623,25.417430984124106,78.29964328180738,39.12009512485137,17.59809750297265,44.1141498216409,90.32258064516128,74.43519619500594,53.89091327528672,64.43222354340071
2727,王品,餐飲飯店,227.0,49089593.325,0.9236453201970444,89.6574440052701,11.31,80.76923076923077,-2.3655913978494647,-0.04906187249888787,91.16465863453816,-3.0534418338324443,81.74791914387633,41.02259215219976,32.22354340071344,85.73127229488703,36.67861409796894,30.558858501783593,55.4807882179291,64.2538644470868
4167,松瑞藥,藥,19.1,17703626.0625,0.5235602094240838,92.55599472990778,22.3,80.85106382978722,-1.2919896640826822,0.08563036265130251,87.4141876430206,18.40574777274496,81.92627824019026,47.56242568370987,87.63376932223544,78.59690844233056,85.90203106332139,43.75743162901308,76.3242825503575,64.179548156956
5287,數字,數位雲端,135.0,12308322.15,0.10689470871191875,97.29907773386034,2.31,96.29629629629629,-12.052117263843654,-0.42751071765965937,74.58563535911603,3.8772410222289535,96.07609988109394,6.896551724137931,0.11890606420927466,49.22711058263972,63.08243727598566,17.954815695600477,43.080221105613305,64.09036860879905
2360,致茂,電子設備,2090.0,4499313910.75,93.53287012292891,8.333333333333332,156.3,14.285714285714285,-9.327548806941433,0.01621618443938424,79.61904761904762,21.440569939482003,13.61474435196195,11.890606420927467,68.25208085612367,60.523186682520816,87.57467144563918,93.69797859690844,48.371057951434615,63.98632580261593
3305,昇貿,印刷電路板,101.0,141272704.125,31.106360235168356,59.28853754940712,47.4,88.37209302325581,-7.762557077625576,-0.1123103982495781,60.298507462686565,-13.476904307414515,88.82282996432818,17.954815695600477,14.506539833531509,16.05231866825208,16.36798088410992,68.84661117717003,30.740897009164435,63.941736028537456
2362,藍天,電腦及週邊,47.0,44952260.77249999,0.16034206306787815,96.40974967061923,12.1,91.52542372881356,-0.423728813559332,0.003651078090577864,90.5587668593449,0.669368553975854,90.96313912009512,51.843043995243754,60.99881093935791,84.66111771700356,51.61290322580645,31.510107015457788,68.01580299950136,63.82282996432818
9925,新保,保全,39.5,28769399.067500003,1.9241047568145375,86.8247694334651,6.57,86.8247694334651,-1.2499999999999956,-0.351590625374321,95.18072289156626,2.6075185944574666,87.03923900118906,47.97859690844233,0.47562425683709864,92.74673008323424,59.737156511350065,23.42449464922711,57.59546935221056,63.807966706302025
6532,瑞耘,電子設備,92.0,71786154.985,17.691074291822556,70.7509881422925,74.23,89.6103896103896,8.490566037735858,0.06561088443034169,80.7017543859649,26.898258585036793,89.53626634958383,80.85612366230677,83.47205707491082,63.49583828775267,90.80047789725208,81.92627824019026,81.63215265436125,63.525564803805
8227,巨有科技,半導體,272.0,621628891.475,7.198228128460686,80.3030303030303,42.25,90.9090909090909,81.93979933110367,0.059695188692504855,100.0,3.2009538879439035,90.54696789536266,99.64328180737218,82.28299643281808,98.75148632580262,62.126642771804065,64.44708680142688,86.67027504663193,63.52556480380499
6996,力領科技,半導體,169.0,13342287.975,10.722610722610723,77.07509881422925,6.91,87.12121212121212,-5.0561797752809,-0.21269932958396223,83.4567901234568,-23.150006350531964,87.39595719381688,28.894173602853744,3.56718192627824,70.98692033293698,9.67741935483871,24.37574316290131,40.10433048214491,63.466111771700355
1904,正隆,造紙,24.4,58922438.2125,45.911277391769104,47.891963109354414,23.12,66.66666666666666,-0.6109979633401319,0.09640053653869193,94.75728155339806,8.502238669447708,67.53864447086801,50.77288941736029,88.70392390011891,92.15219976218788,76.58303464755078,44.827586206896555,75.15013843961717,63.43638525564804
6206,飛捷,電腦及週邊,138.0,149642669.4,59.914484233030464,36.56126482213439,62.18,30.508474576271187,-3.83275261324042,-0.015697330051267208,87.34177215189874,19.960294951046755,30.558858501783593,34.126040428061835,49.82164090368609,78.47800237812127,86.97729988052568,78.47800237812127,55.992368418435696,63.34720570749108
7828,創新服務,電子設備,2005.0,566418782.5,38.23529411764706,53.8866930171278,192.14,75.32467532467533,23.006134969325153,0.1218977082964297,86.23655913978494,-89.56925383248188,76.93222354340071,94.41141498216409,92.5089179548157,75.38644470868014,1.911589008363202,95.12485136741974,68.23011803948476,63.25802615933412
6605,帝寶,汽車組件,136.0,36126098.125,7.001603420630678,80.50065876152833,28.25,83.78378378378379,-1.449275362318836,0.15000783755062713,80.95238095238095,9.257464016727273,84.30439952437574,46.37336504161712,95.12485136741974,63.67419738406659,77.06093189964157,50.535077288941736,73.30754904342415,63.035077288941736
9917,中保科,保全,106.0,33563941.175,0.2137894174238375,95.78392621870883,4.4,95.78392621870883,-2.304147465437789,0.06707754905692481,86.88524590163934,0.4340458759357837,95.30321046373365,41.37931034482759,83.94768133174792,77.34839476813318,50.29868578255675,20.80856123662307,69.65545653819981,63.020214030915575
6831,邁科,電子零組件,525.0,566273931.45,9.693877551020408,77.86561264822134,29.1,93.42105263157895,-19.84732824427481,-0.11135173282722355,54.9163179916318,-0.7817565895040879,93.10344827586206,1.1890606420927468,14.74435196195006,8.799048751486325,45.758661887694146,51.24851367419738,32.718914303817066,62.99048751486326
2374,佳能,消費性電子,66.7,172771628.535,20.048504446240905,68.24769433465086,34.7,89.47368421052632,-3.7518037518037395,-0.06125737575971888,70.50739957716704,-4.560264549815294,89.41736028537456,34.60166468489893,27.348394768133176,39.47681331747919,31.660692951015534,57.07491082045184,44.500985201380274,62.84185493460166
9933,中鼎,工程承攬,42.75,92211049.17,1.322314049586777,88.20816864295125,5.25,100.0,2.2727272727272707,0.018127645962221273,97.71428571428571,9.285465932441653,98.87039239001189,65.16052318668251,69.44114149821641,95.00594530321045,77.18040621266428,22.35434007134364,81.1316817181571,62.767538644470875
5880,合庫金,金融控股,27.35,491570785.735,52.53874933190807,42.094861660079054,23.6,92.3076923076923,9.619238476953917,0.2960269782429961,99.09420289855072,11.720192652703103,91.85493460166468,82.87752675386444,98.5731272294887,96.43281807372176,81.00358422939068,45.541022592152196,90.14839817762606,62.737812128418554
3528,安馳,電子通路,81.1,13878830.015,0.053447354355959376,98.15546772068511,43.13,100.0,-5.807200929152145,-0.13919094423831962,57.92857142857143,-11.245564991181304,98.87039239001189,25.802615933412604,10.820451843043994,12.009512485136742,18.51851851851852,65.16052318668251,33.20429823402475,62.559453032104635
2753,八方雲集,餐飲飯店,178.0,25993960.625,0.16420361247947454,96.24505928853755,9.29,96.15384615384616,-2.465753424657535,0.04827766188682153,82.02764976958525,-0.8872924684456756,95.77883472057074,40.66587395957193,78.83472057074911,66.94411414982164,45.16129032258064,27.94292508917955,65.47696674465881,62.5
2618,長榮航,空運,41.3,757955035.405,30.42071197411003,60.01317523056654,24.92,60.01317523056654,-1.4319809069212486,0.1318076040790675,91.98218262806236,0.6141696259534655,61.23662306777645,46.611177170035674,93.57907253269917,87.87158145065398,51.13500597371565,46.730083234244944,68.08669203897618,62.30677764565992
2330,台積電,半導體,2380.0,47935254328.0,75.04008551576698,24.440052700922266,53.32,37.121212121212125,0.0,-0.026283910700618678,94.82071713147411,-1.9725170897232545,37.81212841854934,54.042806183115346,43.63852556480381,92.27110582639715,40.74074074074074,73.00832342449465,53.70106134672128,62.26218787158145
6667,信紘科,電子設備,236.5,66552840.875,21.913415285943348,66.66666666666666,69.06,83.11688311688312,6.772009029345383,-0.0241733079291123,80.4421768707483,54.06857755774434,83.35315101070154,77.40784780023782,45.18430439952438,62.30677764565993,96.415770609319,80.38049940546968,72.93357029308854,62.15814506539833
6953,家碩,電子設備,229.0,12829337.9,19.055944055944053,69.1699604743083,36.66,87.01298701298701,0.2188183807439792,0.11910976360370494,78.2905982905983,2.2215726192626093,87.27705112960761,55.529131985731276,92.0332936979786,57.66944114149821,58.183990442054956,58.97740784780024,70.13858167937414,62.0986920332937
2535,達欣工,營造,88.8,18678459.95,26.135756280064136,62.77997364953887,44.17,40.0,-1.55210643015522,-0.058260972803903986,91.83040330920372,15.924446181324612,40.36860879904875,45.77883472057075,28.77526753864447,87.63376932223544,84.46833930704899,66.11177170035671,57.404963937509685,62.08382877526754
1216,統一,飲料乳品,74.5,799891789.925,4.863709246392304,82.57575757575758,3.79,80.0,-2.2309711286089273,0.29676474989770146,92.54658385093167,-1.9563643384087488,81.03448275862068,41.85493460166468,98.69203329369797,88.58501783590962,40.86021505376344,20.214030915576693,70.20533670873128,61.99464922711057
6227,茂綸,電子通路,133.0,139969152.925,49.545697487974344,44.59815546772069,168.86,44.230769230769226,12.711864406779672,0.018484292291101427,98.1549815498155,69.20873829491252,44.88703923900118,87.39595719381688,69.91676575505352,95.71938168846611,97.1326164874552,93.935790725327,79.01035207275858,61.78656361474435
4114,健喬,藥,29.35,22963681.8175,22.234099412079104,66.0737812911726,49.88,46.808510638297875,-2.166666666666661,0.13188226641797793,83.38068181818181,3.09507268139064,47.97859690844233,42.33055885850178,93.69797859690844,70.8680142687277,61.76821983273596,70.27348394768134,63.32867369306325,61.697384066587404
1608,華榮,電纜,36.0,118520660.15,0.5761843790012804,91.9631093544137,17.9,90.9090909090909,1.5514809590973178,0.1132345866559075,88.77928483353885,-6.73904991332433,90.54696789536266,61.831153388822834,91.31985731272295,80.61831153388823,26.16487455197133,37.45541022592152,70.0962329365536,61.6973840665874
2436,偉詮電,半導體,68.0,390254292.36,1.977552111170497,86.72595520421608,32.15,93.93939393939394,5.1004636785162205,-0.014181085738538404,84.472049689441,1.0303400204212885,93.69797859690844,74.07847800237812,51.010701545778836,72.77051129607611,53.40501792114696,54.10225921521997,68.9925374724577,61.6230677764566
6834,天二科技,電子零組件,100.0,464535616.93499994,34.106412005457024,56.851119894598156,114.3,76.31578947368422,5.042016806722693,0.013738867099362949,75.75757575757575,24.631954920615243,77.88347205707491,73.95957193816885,67.41973840665874,51.24851367419738,89.96415770609319,91.08204518430439,72.09509075643862,61.563614744351966
1815,富喬,印刷電路板,118.5,9424081693.25,54.35435435435435,40.843214756258234,79.21,76.74418604651163,24.344176285414477,0.06895804666050877,87.77777777777777,14.651305280859233,78.12128418549345,94.8870392390012,84.30439952437574,79.3103448275862,83.75149342891278,83.47205707491082,84.07491224107387,61.504161712247324
6805,富世達,電子零組件,2045.0,3296554749.75,20.953757225433524,67.52305665349144,29.14,87.5,4.336734693877542,0.0591698098948685,87.20682302771856,2.851510653687644,87.93103448275862,71.58145065398335,82.1640903686088,78.00237812128418,60.57347670250897,51.36741973840666,76.05048606582879,61.42984542211653
8088,品安,半導體,41.8,20564215.2425,45.39363484087102,48.22134387351779,72.94,64.39393939393939,-9.229098805646041,-0.09154721187685605,57.18194254445964,33.33431503243474,65.16052318668251,12.366230677764566,18.90606420927467,10.582639714625445,92.7120669056153,81.45065398335315,39.945504938792496,61.20689655172414
2495,普安,光電及I/O,37.05,41926397.3725,24.9079754601227,63.899868247694336,106.21,66.66666666666666,-1.2000000000000122,0.027525931930678964,68.86617100371747,35.964279407680266,67.53864447086801,48.275862068965516,73.84066587395958,36.1474435196195,93.54838709677419,89.29845422116529,63.87020060603736,61.17717003567182
6505,台塑化,輕油裂解,80.5,2032373422.31,3.7735849056603774,83.86034255599472,50.29,83.86034255599472,11.805555555555557,-0.057350329909399866,86.37339055793991,16.59148846624572,84.42330558858502,86.32580261593341,29.25089179548157,75.86206896551724,85.42413381123059,70.74910820451844,72.25724055534957,61.17717003567182
8473,山林水,資源回收,37.75,25558146.3725,0.0,99.24242424242425,4.98,93.47826086956522,-16.75854465270121,-0.2088823968357997,67.41071428571429,-16.772230338219046,93.34126040428062,3.2104637336504163,3.9239001189060643,31.391200951248514,13.381123058542412,21.997621878715815,29.049589653325604,60.87990487514863
2399,映泰,電腦及週邊,47.3,234578519.115,17.038539553752535,71.34387351778656,40.0,77.96610169491525,4.761904761904767,0.005038380129231806,86.0,26.53184626931977,79.19143876337694,73.18668252080856,61.35552913198573,74.91082045184304,90.68100358422939,62.425683709869205,75.86509489044874,60.83531510107015
3135,凌航,半導體,162.0,312448944.675,1.4760147601476015,87.87878787878788,237.79,94.6969696969697,2.857142857142847,-0.04657102498598399,62.18809980806142,40.411838093366924,94.05469678953627,66.94411414982164,32.81807372175981,19.738406658739596,94.8626045400239,96.43281807372176,61.683579171976234,60.82045184304399
1720,生達,藥,55.9,11203004.75,0.0,99.24242424242425,7.78,98.93617021276596,0.0,-0.04938493782929983,85.21341463414635,0.03240588041835135,97.38406658739595,54.042806183115346,31.98573127229489,73.60285374554103,48.26762246117085,26.2782401902497,61.05661604990361,60.80558858501784
7805,威聯通,電腦及週邊,500.0,39751331.15,1.694915254237288,87.31884057971014,19.25,86.4406779661017,-27.74566473988439,-0.24974649513361505,60.97560975609756,-1.0635972665632316,86.68252080856124,0.356718192627824,1.6646848989298455,17.00356718192628,43.966547192353644,39.59571938168847,29.934807654879762,60.73127229488704
2607,榮運,貨運倉儲,53.1,23490985.25,23.944414751469804,64.62450592885376,49.39,64.28571428571429,5.148514851485153,0.13959298789585242,89.54468802698146,10.921945987997326,65.04161712247326,74.19738406658739,94.53032104637337,82.04518430439953,79.92831541218638,69.67895362663495,79.14856439040398,60.642092746730086
2382,廣達,電腦及週邊,340.5,4742029498.25,39.818278995189736,52.635046113306984,177.45,50.847457627118644,4.128440366972486,0.13248061554954946,81.65467625899281,40.23723195994049,52.79429250891795,70.98692033293698,93.935790725327,66.11177170035671,94.6236559139785,94.41141498216409,75.69048623630343,60.582639714625444
2302,麗正,電子零組件,44.2,159813497.54250002,76.95449241540257,23.254281949934125,87.72,35.526315789473685,-2.428256070640167,-0.011264935712743016,79.78339350180507,16.18918352826077,35.6718192627824,40.903686087990486,52.437574316290124,61.117717003567186,85.18518518518519,86.08799048751486,55.06319637116307,60.49346016646849
6933,AMAX-KY,電腦及週邊,314.5,282667513.725,38.52813852813853,53.62318840579711,191.26,54.23728813559322,64.22976501305484,0.11842995797548575,93.04733727810651,52.85589548348801,55.05350772889417,99.28656361474435,91.79548156956004,89.53626634958383,96.29629629629629,95.00594530321045,86.39362311181574,60.07728894173602
2836,高雄銀,本國銀行,12.25,16390030.314999998,37.14591127739177,54.74308300395256,-1.54,100.0,2.083333333333326,0.06828560229150066,94.23076923076923,-16.02315119886505,98.87039239001189,64.80380499405469,84.18549346016647,91.43876337693222,13.978494623655912,14.030915576694412,70.65538976896424,59.88406658739595
2832,台產,產險,58.1,12931234.365,19.989310529128808,68.37944664031622,11.73,60.0,-1.6920473773265665,0.0547093080119427,94.47154471544715,7.105473981962192,60.93935790725327,44.23305588585018,80.02378121284185,91.79548156956004,72.75985663082437,30.79667063020214,69.95030664126594,59.824613555291315
6811,宏碁資訊,數位雲端,246.0,57202179.25,28.915662650602407,61.06719367588933,77.11,44.44444444444444,10.561797752808989,0.009817491526107235,98.00796812749005,33.62353649793555,45.36266349583829,84.5422116527943,65.2794292508918,95.48156956004756,92.831541218638,82.87752675386444,76.69948303564198,59.79488703923899
2442,新美齊,建設,14.15,34163824.87,1.1500862564692353,88.93280632411067,19.87,91.37931034482759,-26.683937823834203,-0.19439034640303052,53.39622641509434,-138.09472127496693,90.84423305588585,0.713436385255648,5.112960760998811,7.728894173602854,1.4336917562724014,40.78478002378122,21.166643226403114,59.66111771700357
3209,全科,電子通路,45.35,77780868.175,6.253340459647247,81.02766798418972,27.44,86.53846153846155,-11.42578125,-0.22477111276906048,55.71253071253071,-54.477738056991754,86.86087990487515,8.204518430439952,2.7348394768133173,9.512485136741974,3.823178016726404,49.94054696789536,22.22718019311936,59.52734839476813
2030,彰源,基本金屬,22.7,69148097.1925,38.83977900552486,53.29380764163373,57.69,50.0,8.872901678657064,0.13794276438360606,95.3781512605042,13.431790406491103,51.4268727705113,82.04518430439953,94.41141498216409,93.10344827586206,82.31780167264037,75.62425683709868,80.66094440111547,59.52734839476813
8076,伍豐,電腦及週邊,21.2,12327095.94,83.26612903225806,17.654808959156785,124.48,10.16949152542373,-9.401709401709402,-0.16536354000843015,74.12587412587412,48.843042613296234,9.036860879904875,11.533888228299643,7.8478002378121285,48.03804994054697,96.1768219832736,92.0332936979786,34.526684253967446,59.3935790725327
2466,冠西電,光電及I/O,104.0,176390494.775,26.588750913075238,62.516469038208164,59.92,64.0,7.216494845360821,-0.045116911429145534,85.24590163934425,25.543441590833744,64.92271105826397,78.35909631391202,33.769322235434004,73.7217598097503,90.44205495818399,76.93222354340071,68.24298887510886,59.30439952437574
6781,AES-KY,電子零組件,1005.0,531124016.75,24.158563949139868,64.55862977602108,26.64,84.86842105263158,-5.188679245283023,-0.016535004497315584,67.0,-0.17879063915250626,85.61236623067776,28.53745541022592,48.75148632580262,30.439952437574313,47.789725209080046,49.167657550535075,48.22619712267213,59.1706302021403
8341,日友,資源回收,74.1,11647324.2,0.0,99.24242424242425,3.97,93.47826086956522,-2.242744063324542,-0.05145031323788115,80.98360655737704,-5.532187118812033,93.34126040428062,41.61712247324614,31.272294887039237,63.85255648038049,28.673835125448026,20.451843043995243,51.7514138740789,59.00713436385256
6658,聯策,電子設備,167.5,56483361.3,12.625538020086083,75.49407114624506,104.05,92.20779220779221,3.7151702786377694,-0.026966543254713843,65.1750972762646,9.4351362933713,91.5576694411415,69.91676575505352,43.281807372175976,25.208085612366233,77.29988052568699,88.82282996432818,61.45284174128485,58.917954815695595
5609,中菲行,貨運倉儲,78.3,11378225.525000002,60.876536611437736,35.83662714097497,39.05,42.857142857142854,1.1627906976743985,0.011027642684203672,93.3253873659118,1.6875859581224972,43.57907253269917,60.166468489892985,65.87395957193817,90.01189060642093,56.39187574671446,61.831153388822834,63.20465338953314,58.813912009512485
6292,迅德,電子零組件,64.8,18554476.255000003,52.378407268840185,42.325428194993414,30.69,63.81578947368421,4.347826086956519,0.022752748495238943,92.7038626609442,5.059387706324475,64.68489892984543,71.70035671819262,72.05707491082045,88.82282996432818,67.14456391875747,53.15101070154577,72.88194488838882,58.7395957193817
6177,達麗,建設,46.7,94066829.0625,5.810736026563364,81.42292490118577,-8.72,82.75862068965517,-4.887983706720977,0.10743958657883138,83.99280575539568,-603.213663606157,83.115338882283,29.72651605231867,90.48751486325803,71.93816884661118,0.35842293906810035,9.453032104637336,55.12519231670778,58.69500594530321
4576,大銀微系統,機械,233.0,774928184.725,43.07411907654921,50.0,98.05,63.888888888888886,10.688836104513054,0.01680287690098205,81.89806678383128,24.46669294007596,64.80380499405469,84.89892984542212,68.72770511296076,66.58739595719382,89.48626045400239,88.10939357907253,74.90081927272675,58.65041617122473
1736,喬山,家電製品,125.5,47164215.8,0.5720823798627002,92.02898550724638,22.66,94.73684210526315,-2.7131782945736482,-0.04097608875948426,68.5792349726776,-1.6556959571427114,94.35196195005945,39.71462544589774,35.315101070154576,35.315101070154576,41.935483870967744,44.29250891795481,49.32645468144682,58.56123662306777
1307,三芳,石化,30.35,15006644.14,1.015499732763228,89.29512516469038,10.83,94.73684210526315,0.16501650165017256,0.018340108778377977,81.14973262032086,-0.15533998358263368,94.35196195005945,55.05350772889417,69.79785969084423,64.3281807372176,47.909199522102746,29.845422116527942,66.28814192582364,58.3680142687277
2347,聯強,電子通路,88.7,239381600.82,68.46606092998397,29.57839262187088,122.02,23.076923076923077,3.1395348837209403,0.05595002719936004,91.34912461380021,-6.096423123426817,23.127229488703925,67.77645659928656,80.49940546967895,86.20689655172413,27.718040621266425,91.67657550535078,57.06560574613199,58.30856123662306
2603,長榮,海運,239.0,3683578121.825,67.31097214326321,30.566534914361,48.64,27.27272727272727,0.42016806722688926,0.17977930666122371,95.02982107355865,8.066486287383178,27.705112960760996,56.59928656361475,96.31391200951248,92.5089179548157,75.26881720430107,69.56004756242568,69.679209338601,58.2936979785969
6782,視陽,醫療耗材,231.5,131429709.2,11.099020674646356,76.9433465085639,64.05,54.054054054054056,16.624685138539053,-0.02166649238577861,92.78557114228457,21.649800336407978,54.81569560047562,90.36860879904876,45.89774078478002,89.06064209274673,87.93309438470729,79.07253269916765,73.61515633235167,58.14506539833531
2912,統一超,百貨批發,215.0,349459551.825,2.084446819882416,86.36363636363636,4.82,90.47619047619048,0.0,0.18655844846946967,85.82834331337325,-1.716151446680012,90.01189060642093,54.042806183115346,96.55172413793103,74.6730083234245,41.57706093189964,21.759809750297265,71.37129803655827,58.10047562425684
2636,台驊控股,貨運倉儲,70.2,73592927.53999999,79.31587386424373,21.245059288537547,85.48,14.285714285714285,0.8620689655172598,0.08353196289810422,94.10187667560322,27.64377007607778,13.61474435196195,58.026159334126035,87.39595719381688,91.20095124851368,90.91995221027479,85.4934601664685,68.23155286773866,58.070749108204524
6416,瑞祺電通,電腦及週邊,118.0,122440805.10499999,48.90432923570283,45.25691699604743,109.34,40.67796610169492,27.567567567567576,0.04708013888436011,99.15966386554622,28.852657998805668,41.26040428061831,95.95719381688465,78.47800237812127,96.90844233055887,91.51732377538829,89.89298454221165,80.82427331631428,58.02615933412604
1709,和益,清潔劑,39.05,519992000.45,76.42971672902192,23.45191040843215,82.67,40.0,19.41896024464831,0.02635107371431045,100.0,3.969844971549108,40.36860879904875,92.27110582639715,73.36504161712247,98.75148632580262,63.32138590203107,84.66111771700356,73.6155256940804,57.877526753864444
3141,晶宏,半導體,92.8,510575680.65,49.770114942528735,44.334650856389985,79.77,58.333333333333336,33.14203730272596,0.018303303417704718,90.53658536585367,36.362694672794355,59.750297265160526,97.02734839476813,69.67895362663495,84.42330558858502,93.6678614097969,83.5909631391201,80.9095532569891,57.68430439952438
2207,和泰車,車輛買賣,520.0,118229409.15,0.6127450980392157,91.699604743083,10.57,91.699604743083,1.5625,0.05697249864170161,83.73590982286635,-14.370130183878981,91.43876337693222,62.06896551724138,81.09393579072533,71.58145065398335,15.890083632019117,29.310344827586203,64.41463979418029,57.565398335315095
6023,元大期,期貨,85.0,64846179.44,1.015499732763228,89.29512516469038,22.66,89.29512516469038,1.5531660692950977,0.027441846091942043,78.70370370370371,-45.54321844689807,89.29845422116529,61.950059453032104,73.7217598097503,58.50178359096314,4.659498207885305,44.29250891795481,57.626311056559224,57.53567181926279
3485,敘豐,電子設備,194.0,33684292.4,3.225806451612903,84.65085638998683,29.91,96.1038961038961,-6.28019323671497,-0.025509941386429355,50.19404915912031,-0.2910226344370237,95.60047562425684,24.019024970273485,44.1141498216409,5.58858501783591,47.67025089605735,52.318668252080855,43.398497266012896,57.37217598097503
6561,是方,通信網路,313.0,14214867.8,1.1758417958311065,88.76811594202898,16.38,92.3076923076923,-1.7268445839874413,0.07749624252842305,72.79069767441861,1.5141214515291512,91.85493460166468,44.1141498216409,86.56361474435195,44.70868014268728,56.033452807646356,35.96908442330559,64.65496642359824,57.10463733650416
1580,新麥,機械,97.5,11464224.025,1.2827365045430252,88.43873517786561,-10.07,94.44444444444444,-9.302325581395355,0.010199457030204351,69.89247311827957,-8.838391586875062,93.935790725327,12.247324613555291,65.51724137931035,37.93103448275862,21.385902031063324,8.680142687277051,46.20345864640292,57.07491082045185
2816,旺旺保,產險,39.65,30336824.892500002,0.6748466257668712,91.30434782608695,19.61,80.0,16.105417276720345,0.13777243691277624,99.125,19.50583738147483,81.03448275862068,89.89298454221165,94.17360285374554,96.78953626634959,86.61887694145759,40.309155766944116,89.70189667247702,57.06004756242568
3467,台灣精材,電子設備,71.6,17743776.904999997,52.066115702479344,42.621870882740446,49.81,67.53246753246754,57.53575357535752,-0.023571467790908626,92.38709677419354,14.493627787362449,68.72770511296076,98.81093935790726,45.30321046373365,88.2282996432818,83.63201911589009,70.09512485136742,76.9404347387547,57.06004756242568
2615,萬海,海運,115.0,4508467289.325,51.88356164383562,42.88537549407115,65.59,45.45454545454545,9.523809523809534,0.07831427233911241,90.9090909090909,16.116824739693982,46.37336504161712,82.75862068965517,86.92033293697978,85.13674197384067,85.06571087216248,79.3103448275862,77.25095430285104,57.015457788347206
5222,全訊,通信網路,103.0,20289024.6,86.2910008410429,14.953886693017127,59.94,30.76923076923077,-11.965811965811968,-0.18430688289532315,65.39682539682539,47.64793066825973,31.093935790725325,7.015457788347206,6.183115338882283,25.802615933412604,96.05734767025089,77.05112960761,33.23049450432366,56.73305588585018
2542,興富發,建設,45.9,389173039.5875,23.623730625334048,64.95388669301713,-20.88,63.793103448275865,-3.874345549738223,0.10704773567473967,94.05737704918033,-84.93915788943396,64.56599286563615,33.769322235434004,90.1307966706302,91.08204518430439,2.1505376344086025,4.756242568370987,56.33973891808266,56.65873959571938
8289,泰藝,電子零組件,42.3,16403091.245000001,63.991908293998655,32.740447957839265,67.15,50.6578947368421,-8.540540540540542,0.1224822983290698,55.8784676354029,14.272732303847185,52.437574316290124,15.338882282996433,92.74673008323424,9.63139120095125,83.15412186379928,79.7859690844233,50.661739949454265,56.62901307966706
6426,統新,通信網路,330.0,1051580180.325,67.93703396851699,29.907773386034254,78.21,40.38461538461539,35.24590163934427,0.028741893792317993,100.0,0.22624018307587335,41.02259215219976,97.38406658739595,73.95957193816885,98.75148632580262,49.46236559139785,83.115338882283,72.116016518993,56.37633769322236
2357,華碩,電腦及週邊,939.0,3121869689.65,56.440406199893104,39.29512516469038,51.17,33.89830508474576,3.1868131868131977,0.09147633303512703,91.60975609756098,-2.2050309795418315,34.720570749108205,68.01426872770512,88.2282996432818,86.92033293697978,40.14336917562724,71.22473246135553,63.60536824654042,56.2128418549346
4772,台特化,其他化學,240.0,136516133.375,1.2448132780082988,88.53754940711462,18.89,93.75,-4.3824701195219085,-0.054098524215648224,63.829787234042556,-168.07433285117145,93.57907253269917,31.272294887039237,30.32104637336504,22.94887039239001,0.955794504181601,39.35790725326992,35.81541573793501,56.15338882282997
7810,捷創科技,電子設備,216.5,20291957.975,6.25,81.0935441370224,119.81,94.8051948051948,10.741687979539648,0.10705986425831535,64.05325443786982,4.458876659328951,94.64922711058263,85.13674197384067,90.24970273483947,23.662306777645657,64.99402628434886,91.43876337693222,71.73840097625147,56.15338882282995
9941,裕融,租賃,80.8,108110687.10999998,6.520577231427044,80.89591567852437,1.87,80.89591567852437,-4.038004750593826,0.12243516854062335,78.44660194174757,1.8262679471992018,82.04518430439953,33.055885850178356,92.62782401902497,58.14506539833532,56.75029868578255,17.360285374554103,64.52485165154414,56.123662306777646
7777,能率亞洲,創投,36.85,81297031.925,1.694915254237288,87.31884057971014,-187.37,87.31884057971014,-4.036458333333326,-0.06223106070746101,82.9954954954955,-22.578351546813224,87.63376932223544,33.17479191438763,26.991676575505352,69.91676575505352,9.79689366786141,0.11890606420927466,45.50277944700867,56.123662306777646
2006,東和鋼鐵,基本金屬,81.1,113149958.39500001,36.149732620320854,55.27009222661397,15.12,57.14285714285714,0.3712871287128605,0.005537892656820136,91.63841807909604,2.446203041742759,58.263971462544596,56.48038049940547,61.831153388822834,87.03923900118906,59.02031063321386,34.60166468489893,64.52701099703515,55.85612366230678
2884,玉山金,金融控股,46.45,2045123858.4375,71.88669160876536,26.9433465085639,19.29,76.92307692307693,21.916010498687676,0.03755276200174387,100.0,2.84482416889745,78.29964328180738,93.69797859690844,75.86206896551724,98.75148632580262,60.45400238948626,39.71462544589774,81.41303591190439,55.76694411414982
5274,信驊,半導體,18250.0,6003759630.5,92.73115980758952,9.156785243741766,118.42,18.181818181818183,7.00674289064791,0.050727964785428105,94.68223086900129,23.925709951613655,17.657550535077288,77.76456599286563,79.54815695600476,91.91438763376932,89.00836320191159,91.20095124851368,71.17860486392571,55.75208085612367
2393,億光,光電及I/O,63.1,91180275.93,35.00801710315339,56.38998682476944,14.1,60.0,-1.5600624024960874,0.15201177508481037,85.50135501355014,0.06026566953345558,60.93935790725327,45.65992865636147,95.36266349583829,74.19738406658739,48.62604540023895,33.53151010701546,64.95707590525588,55.75208085612366
6670,復盛應用,其他,270.0,50677294.025,44.20096205237841,49.17654808959156,45.02,41.66666666666667,3.2504780114722687,0.12963797376219607,89.85024958402661,19.033474293380117,41.91438763376932,68.48989298454221,93.10344827586206,82.75862068965517,86.14097968936679,66.82520808561236,74.4814658546391,55.752080856123655
2855,統一證,證券,51.6,210594615.755,1.6568679850347405,87.41765480895916,109.88,37.5,10.13874066168623,0.10934858422797833,87.30964467005076,0.37949532567348854,38.16884661117717,83.82877526753865,90.96313912009512,78.35909631391202,50.05973715651135,90.1307966706302,68.27591889384686,55.70749108204519
6672,騰輝電子-KY,印刷電路板,304.0,1413078043.475,98.72717210846707,2.1080368906455864,133.24,11.627906976744185,5.555555555555558,0.02170798722288478,96.5079365079365,35.8450171135306,10.820451843043994,74.91082045184304,71.46254458977408,94.29250891795482,93.4289127837515,92.62782401902497,68.98304771727348,55.70749108204518
3023,信邦,電子零組件,320.5,302878452.725,68.25227151256013,29.64426877470356,32.47,47.368421052631575,4.3973941368078195,0.11888777946953032,94.26470588235294,6.125990514623734,48.39476813317479,71.93816884661118,91.91438763376932,91.5576694411415,70.01194743130227,54.4589774078478,74.76338829719982,55.61831153388823
8110,華東,半導體,41.9,125634216.22,0.1229256299938537,96.83794466403161,24.85,100.0,-5.4176072234762955,0.056627753866002085,47.61363636363637,4.9768135088617065,98.87039239001189,27.110582639714625,80.85612366230677,3.686087990487515,66.18876941457586,46.611177170035674,55.34239121941933,55.514268727705115
8033,雷虎,無人載具,169.0,1053877331.675,67.19038817005544,30.632411067193676,74.96,30.632411067193676,-9.139784946236562,-0.06138853869806609,62.708719851577,46.58994476477811,30.677764565992867,12.72294887039239,27.2294887039239,21.521997621878715,95.6989247311828,82.28299643281808,37.570224898674134,55.43995243757432
4105,東洋,藥,78.6,35599702.004999995,2.5654730090860505,85.37549407114624,14.86,68.08510638297872,2.8795811518324443,0.058917130681727985,91.07763615295481,1.0524391729762694,69.14387633769323,67.30083234244947,82.04518430439953,85.4934601664685,53.52449223416965,34.244946492271104,71.50156907703607,55.39536266349584
2606,裕民,海運,76.0,788948298.4150001,25.440940673436664,63.37285902503294,18.16,72.72727272727273,10.144927536231885,0.1080407343029232,95.35759096612296,-8.512799332254005,74.25683709869203,83.94768133174792,90.6064209274673,92.9845422116528,22.461170848267624,37.81212841854934,72.85133048356553,55.27645659928656
2885,元大金,金融控股,69.4,1363516955.915,93.05184393372528,8.761528326745719,57.94,30.76923076923077,8.437500000000009,0.019363172517864218,97.06293706293707,,31.093935790725325,80.61831153388823,70.03567181926277,94.76813317479191,,75.86206896551724,69.12901307966706,55.27645659928656
1513,中興電,電機製品,162.5,338072715.25,43.399251737039016,49.63768115942029,8.93,54.54545454545454,-2.6946107784431184,0.12176226116764494,86.89839572192514,1.9056323049205597,55.41022592152199,39.833531510107015,92.39001189060642,77.52675386444709,56.98924731182796,27.824019024970276,64.42995409970209,55.23186682520809
6654,天正國際,電子設備,202.0,12548792.125,81.80196253345228,19.235836627140976,848.76,35.064935064935064,24.307692307692296,0.061576769544917864,88.79120879120879,417.7255291093977,35.55291319857313,94.76813317479191,82.75862068965517,80.7372175980975,99.4026284348865,99.28656361474435,78.64390261920084,55.202140309155766
2617,台航,海運,32.45,94916674.9675,34.63388562266168,56.65349143610013,22.29,63.63636363636363,8.710217755443894,0.19085824213157238,96.43387815750373,-8.931930168246062,64.20927467300832,81.6884661117717,96.6706302021403,94.17360285374554,21.26642771804062,43.63852556480381,71.6016803117413,55.08323424494649
6214,精誠,資訊服務,191.0,436855141.75,56.65419561731694,39.064558629776016,61.91,23.404255319148938,8.52272727272727,0.1053292635064556,100.0,5.034636909483318,24.07847800237812,81.09393579072533,89.65517241379311,98.75148632580262,66.78614097968936,78.12128418549345,72.07304270247771,54.96432818073721
1558,伸興,機械,109.5,16018621.114999998,42.918225547835384,50.19762845849802,18.63,66.66666666666666,10.717896865520714,0.011192912738452509,100.0,1.5253709932065824,67.53864447086801,85.01783590963139,65.99286563614744,98.75148632580262,56.15292712066906,38.525564803805,74.6907518926237,54.94946492271106
8086,宏捷科,半導體,107.5,425689872.0,1.3714967203339297,88.14229249011858,12.56,95.45454545454545,-6.521739130434778,-0.16949134290646972,60.05586592178771,-3.1064212143924124,95.12485136741974,23.305588585017837,7.37217598097503,15.338882282996433,36.200716845878134,31.98573127229489,35.468443012457435,54.78596908442331
6739,竹陞科技,電子設備,1050.0,378656106.25,18.383838383838384,70.02635046113306,96.73,88.31168831168831,5.846774193548376,-0.006771198252069563,61.40350877192983,-2.3861464354528152,88.70392390011891,75.50535077288941,55.172413793103445,18.07372175980975,39.42652329749104,87.63376932223544,55.37638670468251,54.72651605231867
3490,單井,電子設備,44.8,214388394.805,0.9046052631578948,89.9209486166008,-5.31,98.7012987012987,0.6741573033707704,-0.029108174715304986,82.05128205128204,-5.435519505600653,97.26516052318668,57.55053507728894,42.21165279429251,67.18192627824018,28.793309438470725,11.771700356718192,58.60051682229581,54.66706302021403
6840,東研信超,檢測驗證,92.7,46094182.714999996,45.247148288973385,48.28722002635046,10.8,83.33333333333334,11.686746987951802,0.0016187042648744565,94.20731707317073,-4.456787135635144,83.70986920332936,86.20689655172413,60.04756242568371,91.31985731272295,32.37753882915173,29.72651605231867,70.73234486452237,54.63733650416171
6937,天虹,電子設備,290.0,131661128.05,81.31539611360239,19.565217391304348,123.29,36.36363636363637,7.407407407407418,0.02075599335764716,82.50355618776672,40.265785198860584,36.74197384066588,79.07253269916765,70.8680142687277,68.72770511296076,94.74313022700119,91.91438763376932,70.03067122970464,54.577883472057074
6531,愛普*,半導體,949.0,3676963769.8,64.84662576687117,32.14756258234519,150.82,46.21212121212121,9.965237543453064,0.03209384692428513,79.74789915966387,32.5296259338361,47.4435196195006,83.47205707491082,74.79191438763377,60.99881093935791,92.1146953405018,93.10344827586206,71.76419947238097,54.51843043995244
1455,集盛,人纖,9.52,11683843.727,44.44444444444444,48.94598155467721,-0.8,55.55555555555556,-4.800000000000004,0.10694223235548593,86.54545454545453,3.562616839936312,56.53983353151011,30.083234244946492,90.01189060642093,76.33769322235435,62.60454002389486,14.74435196195006,63.115438325825345,54.384661117717
1612,宏泰,電纜,34.85,17958677.630000003,14.270443613041154,73.91304347826086,19.6,63.63636363636363,1.455604075691408,0.195177746815906,85.73185731857319,14.347872745782652,64.20927467300832,61.47443519619501,96.78953626634959,74.43519619500594,83.27359617682198,40.19024970273484,76.03640770147616,54.34007134363853
7728,光焱科技,電子設備,635.0,22920547.0,53.45744680851063,41.04084321475626,137.33,64.93506493506493,8.547008547008538,0.0018435073243911048,70.79152731326644,36.56355204736063,65.51724137931035,81.45065398335315,60.40428061831153,40.07134363852556,93.9068100358423,92.74673008323424,68.27006593106857,54.22116527942924
2365,昆盈,光電及I/O,27.65,28343615.360000003,51.766595289079234,43.01712779973649,35.95,50.66666666666667,-7.833333333333337,-0.07825126936046878,63.93063583815029,22.448711698579196,52.5564803804994,17.47919143876338,22.35434007134364,23.067776456599287,88.2915173237754,58.50178359096314,40.74986113419622,54.161712247324616
2395,研華,電腦及週邊,695.0,2131253243.25,99.57242116515232,0.5270092226613966,87.52,1.694915254237288,2.356406480117812,0.03953919349259287,97.74964838255977,4.690618343699413,0.8323424494649228,65.63614744351962,76.45659928656362,95.12485136741974,65.59139784946237,85.90963139120095,60.72826767928605,54.0576694411415
4569,六方科-KY,電子零組件,156.5,19932089.475,22.207621550591327,66.13965744400528,3.62,86.18421052631578,-1.8808777429467072,-0.040586411094732655,76.34146341463415,-3.180916036509945,86.4447086801427,43.281807372175976,35.6718192627824,52.79429250891795,35.961768219832734,19.976218787158146,50.830879208770355,53.983353151010704
2915,潤泰全,百貨批發,56.6,132876387.06500001,32.175307322287544,58.36627140974967,-15.65,42.857142857142854,-6.907894736842102,-0.00024963140328548194,91.58576051779936,-8.538431322152967,43.57907253269917,20.92746730083234,58.85850178359097,86.80142687277052,22.102747909199522,6.4209274673008325,46.453843279818514,53.96848989298454
2812,台中銀,本國銀行,19.3,290599809.89250004,37.46659540352753,54.54545454545454,1.76,88.88888888888889,1.5789473684210575,0.20911526751562298,83.36933045356373,-4.867357221207938,89.12009512485137,62.30677764565993,97.50297265160523,70.74910820451844,30.58542413381123,17.122473246135552,70.05287555208923,53.67122473246136
7749,意騰-KY,半導體,359.0,78547724.975,2.5889967637540456,85.30961791831358,60.5,93.18181818181817,9.78593272171253,-0.03504278682595373,65.63071297989032,4.618265240837211,92.86563614744352,82.99643281807371,39.47681331747919,26.516052318668255,65.47192353643968,77.40784780023782,61.46537162762087,53.44827586206897
3219,倚強科,電子設備,82.5,62603220.21999999,22.58972554539057,66.00790513833992,19.73,81.81818181818183,16.52542372881356,0.10912119334483304,88.42443729903538,-1.5288526000530425,82.75862068965517,90.1307966706302,90.84423305588585,79.90487514863258,42.65232974910394,40.66587395957193,77.25817106278156,53.29964328180738
4961,天鈺,半導體,181.0,139303967.575,79.58311063602352,20.948616600790515,50.15,31.060606060606062,13.125000000000009,0.2101940138483339,100.0,14.208943491942556,31.62901307966706,87.87158145065398,97.74078478002379,98.75148632580262,83.03464755077658,70.63020214030915,79.8055026373848,53.28478002378121
6108,競國,印刷電路板,23.0,93004813.7125,99.00662251655629,1.5810276679841897,45.69,6.976744186046512,-2.5423728813559365,0.0964659110379975,88.46153846153845,-6.047524557140775,5.707491082045184,40.428061831153386,88.82282996432818,80.08323424494648,27.837514934289125,67.77645659928656,48.575826411352466,53.28478002378121
6016,康和證,證券,22.1,99243465.56750001,0.3694581280788177,93.93939393939394,215.39,87.5,13.917525773195894,-0.016329168172291762,61.38888888888889,308.7215317804633,87.93103448275862,88.58501783590962,49.10820451843044,17.8359096313912,99.2831541218638,95.60047562425684,68.54866411807073,53.19560047562426
3066,李洲,光電及I/O,25.75,24862201.8875,1.517150395778364,87.74703557312253,18.89,85.33333333333334,12.445414847161572,0.038151455482205575,85.26490066225165,16.008184176394302,85.85017835909632,87.15814506539834,75.98097502972652,73.95957193816885,84.82676224611708,39.35790725326992,81.55512652770143,53.00237812128418
5876,上海商銀,本國銀行,49.75,387989659.325,44.14751469802245,49.308300395256914,7.06,77.77777777777779,15.162037037037024,0.35483926562140333,99.6993987975952,-0.36670048199627825,78.77526753864447,89.06064209274673,99.28656361474435,97.38406658739595,47.31182795698925,24.732461355529132,82.36367355810415,52.95778834720571
3324,雙鴻,電子零組件,1360.0,4349521938.95,70.76429716729022,27.79973649538867,67.18,42.76315789473684,39.05930470347647,0.09974693887999164,91.58249158249158,-14.82237954271531,43.162901307966706,97.97859690844233,89.179548156956,86.68252080856124,15.053763440860216,79.90487514863258,66.41146612455731,52.94292508917955
3045,台灣大,通信網路,124.5,1104515468.55,29.44949225013362,60.54018445322793,8.5,71.15384615384616,12.162162162162172,0.46944505765881983,100.0,1.0950308904140984,72.35434007134364,86.56361474435195,100.0,98.75148632580262,53.76344086021505,27.110582639714625,82.28657640034264,52.91319857312723
6651,全宇昕,半導體,145.0,30863584.925,78.2991202346041,22.529644268774703,62.34,33.33333333333333,6.227106227106227,0.09810084944498462,85.79881656804734,16.26527385361331,33.94768133174792,75.98097502972652,88.94173602853745,74.55410225921521,85.30465949820788,78.71581450653984,71.745830829487,52.80915576694411
4119,旭富,藥,59.7,11638489.35,94.19616947185142,7.905138339920949,187.52,8.51063829787234,14.149139579349912,0.01701947883199598,99.16943521594685,68.57808876723041,7.5505350772889415,88.70392390011891,68.84661117717003,97.02734839476813,97.0131421744325,94.76813317479191,71.8283121447557,52.66052318668251
6179,亞通,工程承攬,37.7,303311851.2975,74.85875706214689,24.637681159420293,223.28,16.666666666666664,38.095238095238095,0.05614549322617682,98.69109947643979,-27.03228814380077,16.171224732461358,97.74078478002379,80.61831153388823,96.07609988109394,8.24372759856631,95.95719381688465,59.77002970520672,52.615933412604036
3596,智易,通信網路,153.0,165793462.275,12.399786210582576,75.82345191040844,1.93,86.53846153846155,-5.555555555555558,-0.3734763549780345,67.69911504424779,-2.6123800183418497,86.86087990487515,26.516052318668255,0.23781212841854932,32.342449464922716,38.59020310633214,17.47919143876338,36.90947938464336,52.54161712247324
5522,遠雄,建設,60.0,30254679.68,0.9086050240513094,89.75625823451911,-46.74,93.10344827586206,-4.912836767036454,-0.19137352590071832,72.99270072992701,-932.0740362417122,92.74673008323424,29.369797859690845,5.35077288941736,45.422116527942926,0.23894862604540024,1.3079667063020213,34.62567319726615,52.52675386444709
2613,中櫃,貨運倉儲,22.05,40973599.88,9.139497594869054,78.65612648221344,1.72,92.85714285714286,1.1467889908256979,-0.017319548828223546,79.45945945945945,-2.9420071125108445,92.56837098692033,59.80975029726516,48.15695600475624,59.92865636147443,37.39545997610514,17.00356718192628,59.57183872530426,52.422711058263964
3693,營邦,電子零組件,681.0,1092719934.5,90.21871202916161,11.594202898550725,171.01,20.394736842105264,30.210325047801145,0.11382903690809214,93.54395604395604,39.370371914906855,20.57074910820452,96.19500594530321,91.5576694411415,90.48751486325803,94.38470728793308,94.05469678953627,78.63912932916807,52.229488703923906
6442,光聖,通信網路,1575.0,4777857969.25,60.4257983719474,36.100131752305664,152.24,46.15384615384615,1.2861736334405238,0.02273221087924825,66.45569620253164,84.5250695309484,47.14625445897741,60.76099881093936,71.93816884661118,28.894173602853744,97.7299880525687,93.34126040428062,61.29391675439008,52.1551724137931
6486,互動,通信網路,81.1,20759941.975,95.67076429716728,5.599472990777339,825.81,11.538461538461538,10.04070556309362,0.036845381137734175,89.71238938053096,510.5543463003061,10.70154577883472,83.70986920332936,75.62425683709868,82.40190249702735,99.5221027479092,99.16765755053508,70.39193541283986,52.14030915576695
9904,寶成,鞋及旅行箱,24.5,283068546.09499997,0.5344735435595939,92.35836627140975,4.33,88.88888888888889,0.0,-0.19852809535742544,76.08695652173913,4.1875740864304225,89.12009512485137,54.042806183115346,4.875148632580261,52.080856123662315,63.91875746714456,20.689655172413794,52.80753270627076,51.96195005945304
2897,王道銀行,本國銀行,11.15,63544253.83,49.8663816141101,44.07114624505929,7.89,66.66666666666666,9.852216748768484,0.3735183082953498,99.11111111111111,-5.223399815673923,67.53864447086801,83.23424494649228,99.52437574316289,96.55172413793103,29.15173237753883,26.634958382877528,75.20014433519862,51.872770511296075
8464,億豐,五金及家具,374.0,114273925.6,23.142704436130412,65.51383399209486,17.76,66.66666666666666,0.8086253369272267,0.15150284084361515,79.65921192758253,2.4525785855651225,67.53864447086801,57.90725326991677,95.24375743162902,60.64209274673008,59.25925925925925,37.21759809750297,68.11820143568062,51.872770511296075
7792,安葆,電機製品,312.0,143634741.0,23.684210526315788,64.82213438735178,67.72,63.63636363636363,18.85714285714286,0.03712455438386757,76.84729064039408,34.21744574803065,64.20927467300832,91.67657550535078,75.74316290130797,54.69678953626635,93.0704898446834,80.02378121284185,75.87925849212336,51.81331747919144
5263,智崴,其他電子,90.8,31203586.990000002,69.35975609756098,28.85375494071146,216.56,28.85375494071146,1.5659955257270708,0.0008926838019360119,72.63999999999999,85.25827154098519,29.25089179548157,62.18787158145065,59.571938168846614,44.23305588585018,97.84946236559139,95.71938168846611,58.61864395944408,51.753864447086805
2546,根基,營造,106.5,28219756.4,11.117049706039552,76.84453227931489,-24.41,66.66666666666666,-0.4672897196261627,-0.08861155316770163,91.41630901287554,-32.868671749065996,67.53864447086801,51.48632580261593,19.500594530321045,86.4447086801427,6.5710872162485074,4.399524375743162,46.30827214003924,51.724137931034484
6690,安碁資訊,數位雲端,181.0,41246610.95,6.8697729988052565,80.63241106719367,8.21,70.37037037037037,11.384615384615394,0.017192240808993127,96.27659574468085,0.09304209926705376,71.58145065398335,85.85017835909632,68.96551724137932,93.935790725327,48.74551971326165,26.872770511296075,73.81569133860953,51.63495838287753
4904,遠傳,通信網路,105.0,480585025.225,57.883484767504015,37.8129117259552,15.65,48.07692307692308,3.4482758620689724,0.19695656652525068,93.33333333333333,0.1776079283131189,49.22711058263972,68.84661117717003,97.14625445897741,90.1307966706302,49.22341696535245,35.55291319857313,70.91483797095397,51.51605231866826
2427,三商電,資訊服務,23.65,19865125.57,40.138963121325496,52.37154150197628,74.78,36.17021276595745,6.53153153153152,-0.020458632103965577,80.9931506849315,43.2536413545092,36.385255648038054,76.93222354340071,46.4922711058264,63.97146254458978,95.1015531660693,82.1640903686088,63.77655320158485,51.39714625445898
2204,中華,汽車製造,52.1,43528943.925,12.773998488284203,75.23056653491436,-3.04,75.23056653491436,-0.7619047619047636,0.12381457278493961,81.40625,-8.80931477068654,76.81331747919144,49.70273483947681,92.86563614744352,65.33888228299644,21.50537634408602,12.901307966706302,61.245189418638844,51.33769322235434
2801,彰銀,本國銀行,28.9,701356307.1225001,56.012827365045425,39.59156785243742,21.13,55.55555555555556,20.920502092050206,0.04315815663894832,100.0,8.545027645901547,56.53983353151011,93.46016646848989,77.17003567181926,98.75148632580262,76.70250896057348,42.687277051129605,80.52480619163907,51.12960760998811
5340,建榮,印刷電路板,84.0,305969408.76000005,10.796365579903796,77.00922266139656,47.77,95.34883720930233,8.52713178294573,-0.005081444625426504,62.68656716417911,7.4377225119102235,95.00594530321045,81.21284185493461,56.24256837098692,21.40309155766944,73.35722819593788,68.96551724137932,65.44433505654786,51.04042806183115
2845,遠東銀,本國銀行,13.6,212428254.9275,58.84553714591127,37.08827404479578,5.07,44.44444444444444,1.1152416356877248,0.2158122527098381,98.9090909090909,-5.146678764137716,45.36266349583829,59.690844233055884,97.85969084423306,96.31391200951248,29.39068100358423,22.11652794292509,65.7235583172448,51.025564803805
6715,嘉基,電子零組件,393.0,607293488.75,99.33049300060864,0.922266139657444,113.02,0.6578947368421052,-6.205250596658707,-0.018364585656556263,69.06854130052724,70.63016516923867,0.11890606420927466,24.37574316290131,47.205707491082045,36.979785969084425,97.2520908004779,90.84423305588585,41.18644669755099,50.89179548156956
2637,慧洋-KY,海運,102.5,839944113.505,64.19027258150722,32.57575757575758,34.96,36.36363636363637,15.558060879368663,0.0818915863290555,100.0,-14.738337951609992,36.74197384066588,89.41736028537456,87.27705112960761,98.75148632580262,15.292712066905615,57.431629013079665,65.49611672967126,50.87693222354339
1319,東陽,汽車組件,78.8,128017669.7,16.194548369855692,72.46376811594203,7.4,75.67567567567568,-3.785103785103794,0.10727566845106623,68.52173913043478,-3.63282549361033,77.17003567181926,34.244946492271104,90.36860879904876,34.95838287752676,34.52807646356034,25.564803804994057,54.254010060845246,50.862068965517246
2890,永豐金,金融控股,45.3,1006893370.1125,95.35008017103154,5.928853754940711,49.48,23.076923076923077,14.39393939393938,0.08599691659003929,100.0,-1.0925733780301812,23.127229488703925,88.82282996432818,87.75267538644471,98.75148632580262,43.847072879330945,69.91676575505352,68.46025880892208,50.743162901307976
2886,兆豐金,金融控股,50.9,1364042282.9150002,82.30892570817745,18.708827404479578,15.55,53.84615384615385,8.528784648187626,0.4401500971172726,95.8568738229755,8.486564199146123,54.577883472057074,81.33174791914387,99.88109393579072,93.69797859690844,76.34408602150538,35.37455410225922,81.1665579890811,50.57966706302021
6133,金橋,電子零組件,23.7,31454047.407500006,7.533333333333333,79.7760210803689,2.15,94.07894736842105,6.516853932584277,0.002765795635253897,81.86528497409327,-6.21923676384052,93.81688466111771,76.81331747919144,60.879904875148625,66.34958382877527,27.24014336917563,17.717003567181926,65.01996684268174,50.267538644470875
6175,立敦,電子零組件,69.3,58288845.5,88.72260823089258,12.845849802371543,68.94,24.671052631578945,-7.352941176470584,0.014213998772727537,59.484978540772524,17.7597856619968,24.732461355529132,19.024970273483948,67.65755053507729,14.74435196195006,85.78255675029868,80.26159334126041,42.388378175267825,50.17835909631391
2609,陽明,海運,60.2,4622679369.705,78.84344146685473,21.870882740447957,56.17,18.181818181818183,7.117437722419928,0.09906381557633318,91.21212121212122,19.1994352958479,17.657550535077288,78.00237812128418,89.06064209274673,85.85017835909632,86.37992831541219,75.02972651605232,71.39013548472334,50.13376932223544
8147,正淩,電子零組件,130.5,25314858.2,60.07109004739336,36.36363636363637,95.98,57.23684210526315,8.298755186721984,-0.08701550423076852,68.50393700787401,42.48073241847052,58.50178359096314,80.38049940546968,19.738406658739596,34.839476813317475,94.98207885304659,87.51486325802615,57.68844906430729,50.11890606420927
5871,中租-KY,租賃,112.5,681196606.8,23.089257081774452,65.81027667984189,-0.68,65.81027667984189,2.7397260273972712,0.07293021111551137,91.09311740890689,-2.454431814882889,66.34958382877527,66.58739595719382,85.73127229488703,85.61236623067776,38.94862604540024,14.982164090368608,68.64584887138683,50.089179548156956
5386,青雲,電子通路,291.0,495863075.625,1.0689470871191877,89.16337285902503,1846.21,92.3076923076923,27.35229759299782,-0.0054347070309873164,49.0725126475548,844.6256106108157,91.85493460166468,95.71938168846611,55.8858501783591,4.5184304399524375,99.8805256869773,99.64328180737218,69.57182451908393,50.07431629013079
2471,資通,資訊服務,51.9,12718994.477500001,17.904863709246392,70.5862977602108,7.16,57.446808510638306,6.026557711950953,-0.02870818287730384,94.7080291970803,2.428733523920349,58.73959571938169,75.86206896551724,42.568370986920335,92.0332936979786,58.90083632019116,25.148632580261594,65.6208331379978,50.01486325802616
4129,聯合,醫療耗材,82.4,31153375.675,0.3206841261357563,94.36758893280633,7.5,85.13513513513513,-3.9627039627039506,-0.1345322181832511,62.90076335877863,-3.0647989888256237,85.73127229488703,33.650416171224734,11.17717003567182,21.997621878715815,36.43966547192354,25.68370986920333,37.799229170484594,49.94054696789536
5864,致和證,證券,34.3,89636264.73249999,0.9320905459387484,89.59156785243742,112.92,50.0,2.3880597014925398,0.009369670726645648,63.99253731343283,270.44822109770337,51.4268727705113,65.75505350772889,64.56599286563615,23.305588585017837,99.04420549581839,90.72532699167658,60.81954264494251,49.925683709869205
2354,鴻準,電子零組件,65.2,748282893.4649999,89.470871191876,12.088274044795783,58.42,23.355263157894736,8.848080133555936,0.12986205554141675,89.07103825136612,22.907911006542754,23.7217598097503,81.92627824019026,93.22235434007135,81.56956004756243,88.7694145758662,75.98097502972652,73.84187340268811,49.836504161712256
1907,永豐餘,造紙,28.85,29359680.547499996,54.56974879743453,40.71146245059288,6.03,33.33333333333333,-1.5358361774744034,0.09135558226104049,92.46794871794873,-2.6270685314983035,33.94768133174792,45.89774078478002,88.10939357907253,88.46611177170035,38.47072879330944,22.829964328180736,58.978331252122054,49.83650416171225
3443,創意,半導體,6170.0,11593277752.0,99.4655264564404,0.592885375494071,111.02,1.5151515151515151,11.47244805781391,0.05009955459535676,96.40625,-13.353786489861221,0.713436385255648,85.96908442330559,79.42925089179548,94.05469678953627,16.48745519713262,90.24970273483947,55.33078473740511,49.76218787158145
1727,中華化,其他化學,95.6,487211489.945,81.15408225905463,19.828722002635047,62.67,12.5,7.295173961840629,0.024854071799800547,91.48325358851675,24.54841420886872,11.950059453032106,78.47800237812127,72.88941736028538,86.56361474435195,89.72520908004779,78.83472057074911,67.92126060316771,49.71759809750297
5269,祥碩,半導體,1475.0,733801291.0,3.7947621592731156,83.79446640316206,-32.51,91.66666666666666,8.455882352941169,0.10281995445524326,91.0493827160494,-1.5396815956321532,91.20095124851368,80.7372175980975,89.29845422116529,85.37455410225921,42.53285543608124,2.7348394768133173,77.82880652122338,49.643281807372176
1102,亞泥,水泥製造,34.95,309900380.39,12.613575628006412,75.59288537549406,-1.3,71.42857142857143,4.32835820895523,0.2987494382379915,89.61538461538461,2.373510897059181,72.94887039239,71.46254458977408,98.81093935790726,82.1640903686088,58.78136200716846,14.387633769322235,76.83356134316973,49.50951248513674
2015,豐興,基本金屬,63.7,10476419.66,44.20096205237841,49.17654808959156,9.67,42.857142857142854,0.9508716323296307,0.12059869229888834,90.35460992907802,7.873420568953665,43.57907253269917,58.97740784780024,92.15219976218788,83.94768133174792,74.43249701314217,28.418549346016647,70.61777169751547,49.24197384066588
4542,科嶠,電子設備,253.5,164124611.625,78.78969442780108,22.002635046113305,194.65,44.15584415584416,-0.7827788649706457,-0.060471613255785595,51.31578947368421,60.93200077522113,44.589774078478,49.58382877526754,27.94292508917955,6.4209274673008325,96.6547192353644,95.24375743162902,45.03843492911807,49.16765755053508
5475,德宏,印刷電路板,182.0,986385359.7,85.29411764705883,16.13965744400527,271.88,48.837209302325576,-0.2739726027397249,-0.026438876413342246,45.5,39.88294163399419,49.82164090368609,52.79429250891795,43.51961950059453,2.2592152199762188,94.50418160095579,96.90844233055887,48.579789946826125,49.048751486325806
1303,南亞,石化,224.0,18507045747.35,65.51126516464471,31.357048748353094,46.75,26.31578947368421,12.00000000000001,-0.016883819259570755,91.80327868852459,5.726194673656529,26.456599286563616,86.4447086801427,48.51367419738406,87.39595719381688,69.05615292712068,68.6087990487515,63.57341845700559,49.004161712247324
6213,聯茂,印刷電路板,550.0,9150859497.45,99.09139497594869,1.2845849802371543,97.93,4.651162790697675,12.704918032786882,0.007397104616077111,94.33962264150944,17.013480395469244,3.2104637336504163,87.27705112960761,63.25802615933412,91.67657550535078,85.5436081242533,87.99048751486326,66.19314493043925,48.90011890606421
8081,致新,半導體,247.5,84193038.775,44.94922501336184,48.74835309617918,10.57,65.15151515151516,-1.7857142857142905,0.07711919479412777,72.47437774524158,1.3121097901125456,65.81450653983353,43.876337693222354,86.32580261593341,43.75743162901308,55.07765830346476,29.310344827586203,58.97034735629343,48.75148632580262
6741,91APP*-KY,數位雲端,58.8,13832114.5,1.0046367851622875,89.45981554677206,30.42,77.77777777777779,7.299270072992692,0.07302907135711974,71.61997563946407,-2.6716797776069114,78.77526753864447,78.59690844233056,85.85017835909632,41.73602853745541,38.23178016726404,52.79429250891795,64.63803260895817,48.67717003567182
2206,三陽工業,機車船製造,63.6,37522640.8,39.497594869053984,52.76679841897233,-0.22,46.15384615384615,1.9230769230769384,0.0711799180437767,98.14814814814815,6.293462692538507,47.14625445897741,63.97146254458978,85.37455410225921,95.60047562425684,70.48984468339306,15.576694411414982,72.51651828269526,48.587990487514865
6799,來頡,半導體,78.4,11017810.33,9.640831758034027,77.93148880105402,1.85,88.63636363636364,-0.50761421319796,-0.07892842310291485,70.31390134529148,-6.229802882623581,88.94173602853745,51.12960760998811,22.11652794292509,39.23900118906064,27.12066905615293,17.24137931034483,45.70950836533284,48.5731272294887
2413,環科,電子零組件,53.0,178589563.985,5.385329619312906,81.94993412384717,2.2,97.36842105263158,22.543352601156073,-0.029334964233546826,84.8,-16.314450263129295,96.43281807372176,93.81688466111771,42.092746730083235,73.12722948870393,13.739545997610513,17.8359096313912,63.841844990247424,48.3947681331748
6870,騰雲,數位雲端,316.0,38909931.1,33.05898491083676,57.839262187088266,34.14,37.03703703703704,22.718446601941757,0.02955589332936939,95.75757575757575,-7.362285291832698,37.69322235434007,94.17360285374554,74.19738406658739,93.34126040428062,25.209080047789723,56.59928656361475,64.92290994534866,48.36504161712247
6026,福邦證,證券,15.25,13877286.217500001,18.176470588235293,70.2239789196311,231.78,12.5,5.1724137931034475,0.3138184245697074,79.01554404145077,-313.5539322500939,11.950059453032106,74.37574316290132,99.0487514863258,59.21521997621879,0.7168458781362007,96.07609988109394,49.061323991322844,48.21640903686088
7722,LINEPAY,數位雲端,262.0,15777738.4,0.23148148148148145,95.5862977602108,8.66,92.5925925925926,-5.072463768115942,-0.012504474927309717,42.60162601626016,-3.339986372057407,92.39001189060642,28.77526753864447,51.724137931034484,1.78359096313912,35.364396654719236,27.46730083234245,42.00748099562874,48.21640903686088
2612,中航,海運,62.3,99468062.03999999,45.182012847965744,48.418972332015805,27.16,54.54545454545454,9.876543209876543,0.1408234353910479,83.51206434316354,8.108188435931563,55.41022592152199,83.35315101070154,94.64922711058263,71.10582639714626,75.50776583034647,49.58382877526754,76.00523925405977,48.18668252080856
4536,拓凱,其他,164.0,22277809.175,46.392303580972744,47.43083003952569,7.74,37.5,-1.7964071856287456,0.1272504539680677,84.1025641025641,-4.982000898319267,38.16884661117717,43.75743162901308,92.9845422116528,72.17598097502973,30.107526881720432,26.040428061831157,55.43886566171865,48.15695600475625
3217,優群,電子零組件,127.5,50507047.475,5.932656333511491,81.29117259552042,-19.77,94.73684210526315,-5.904059040590404,-0.2423491984181405,61.59420289855072,-12.606722468406367,94.35196195005945,25.44589774078478,2.0214030915576697,18.430439952437574,17.084826762246117,5.231866825208085,31.466905899417117,48.142092746730086
6464,台數科,有線電視,77.3,10504624.915000001,72.1004810261892,26.613965744400524,-3.0,26.613965744400524,-2.1518987341772156,-0.013490664460193546,96.625,1.2225530736602748,26.7538644470868,42.44946492271106,51.24851367419738,94.41141498216409,54.59976105137395,13.13912009512485,53.892603815506654,47.963733650416174
2850,新產,產險,157.0,34112040.6,84.44681988241582,16.73254281949934,4.71,20.0,-2.786377708978327,-0.1773313807586582,93.17507418397626,1.3515553588537368,19.976218787158146,39.47681331747919,6.658739595719382,89.65517241379311,55.31660692951016,21.521997621878715,42.216710208731996,47.9191438763377
3628,盈正,電子零組件,73.3,11588653.655,20.523784072688404,67.91831357048748,8.64,88.1578947368421,4.119318181818166,-0.00835758525483173,73.66834170854271,-12.304213486047875,88.58501783590962,70.8680142687277,53.62663495838288,46.25445897740785,17.682198327359618,27.348394768133176,55.40326487355753,47.829964328180736
3034,聯詠,半導體,548.0,1820273622.2,85.56921432389096,15.744400527009223,26.33,28.78787878787879,8.514851485148522,0.2660995103893241,96.64902998236332,2.3014696451997025,28.77526753864447,80.97502972651606,98.21640903686088,94.53032104637337,58.422939068100355,48.75148632580262,72.18399328329903,47.7705112960761
1326,台化,石化,65.8,2508285772.6949997,62.28462029355456,34.58498023715415,31.7,42.10526315789473,10.77441077441077,0.07291392160822317,88.55989232839838,5.87781935244406,42.33055885850178,85.25564803804994,85.61236623067776,80.26159334126041,69.41457586618877,53.74554102259215,72.57494846693574,47.7705112960761
3094,聯傑,半導體,44.55,257591300.2475,71.83324425440941,27.04216073781291,30.21,38.63636363636363,22.72727272727273,0.03903897687529716,95.80645161290322,-15.267062406712654,39.12009512485137,94.29250891795482,76.33769322235435,93.46016646848989,14.575866188769416,52.437574316290124,63.557265984483955,47.68133174791914
6725,矽科宏晟,電子設備,207.5,16081084.4,19.186046511627907,69.0711462450593,-12.39,85.71428571428571,-10.56034482758621,0.007616772584337972,50.733496332518335,-8.35935443981555,86.1474435196195,9.3935790725327,63.49583828775267,5.945303210463734,22.70011947431302,7.728894173602854,37.53645671293633,47.60701545778835
4974,亞泰,光電及I/O,70.8,12283059.725,89.470871191876,12.088274044795783,39.55,20.0,3.056768558951961,0.19519963658607004,86.34146341463415,20.44308258373913,19.976218787158146,67.65755053507729,96.90844233055887,75.74316290130797,87.33572281959378,62.18787158145065,69.52421947473923,47.56242568370987
2903,遠百,百貨批發,21.8,40769919.7575,30.14430785676109,60.14492753623188,-0.64,47.61904761904761,0.22988505747125743,0.2407051645278625,89.34426229508198,0.9423906298864523,48.75148632580262,55.76694411414982,97.97859690844233,81.6884661117717,52.68817204301075,15.101070154577883,67.37473310063544,47.4435196195006
2883,凱基金,金融控股,39.15,1567713591.7275,60.823089257081776,35.935441370223984,-51.73,84.61538461538461,26.494345718901457,0.16137292574216267,100.0,,85.31510107015457,95.36266349583829,96.19500594530321,98.75148632580262,,0.9512485136741973,93.90606420927466,47.41379310344828
7786,東方風能,海運,117.0,16571066.775,4.477611940298507,83.13570487483531,8.57,90.9090909090909,-4.878048780487809,-0.06579827680114594,42.54545454545455,-8.034470222908535,90.54696789536266,29.964328180737215,26.040428061831157,1.6646848989298455,23.536439665471924,27.2294887039239,34.350569740466554,47.369203329369796
2355,敬鵬,印刷電路板,40.7,70506265.0025,36.02656336469286,55.40184453227931,13.43,86.04651162790698,-1.3333333333333308,0.06074176289181353,60.74626865671642,2.170951202163808,86.32580261593341,46.9678953626635,82.63971462544589,16.646848989298455,57.825567502986864,33.055885850178356,58.08116581926563,47.26516052318668
2597,潤弘,營造,168.5,33575814.1,69.21432389096739,28.952569169960473,40.91,20.0,1.812688821752273,0.42344186117355276,82.59803921568627,25.247698570457025,19.976218787158146,63.376932223543406,99.76218787158146,69.08442330558859,90.20310633213859,63.25802615933412,68.48057370400204,47.23543400713436
4939,亞電,印刷電路板,82.0,1375074098.84,88.51308232291002,13.306982872200262,45.41,39.53488372093023,36.439267886855234,0.019599416255942238,87.60683760683762,3.296336664525377,40.07134363852556,97.6218787158145,70.27348394768134,79.07253269916765,62.48506571087217,67.30083234244947,69.90486094241224,47.20570749108205
5536,聖暉*,電子設備,839.0,801189824.75,81.93479422768573,19.03820816864295,44.54,33.76623376623377,-5.624296962879638,-0.09928351807422697,58.46689895470383,20.256255132204082,34.60166468489893,26.397146254458974,17.360285374554103,12.841854934601665,87.09677419354838,66.46848989298454,35.659545088412415,46.87871581450654
6491,晶碩,醫療耗材,393.0,129482395.425,32.149200710479576,58.43214756258235,18.88,32.432432432432435,8.713692946058082,0.04000760116286007,99.11727616645649,-4.532523232612746,32.877526753864444,81.80737217598097,76.57550535077289,96.6706302021403,31.899641577060933,39.12009512485137,63.96613521196391,46.71521997621879
2377,微星,電腦及週邊,153.5,1481707980.725,34.15285943345804,56.78524374176548,-6.06,59.32203389830508,3.716216216216206,0.02466096136626101,90.8284023668639,-0.956860036801479,60.285374554102255,70.03567181926277,72.77051129607611,85.01783590963139,44.205495818399044,11.533888228299643,66.46297787949432,46.70035671819263
6015,宏遠證,證券,17.0,44287393.6175,3.296703296703297,84.45322793148881,140.5,25.0,7.9365079365079305,0.0246421785149193,74.23580786026201,86.47723962241287,25.148632580261594,80.02378121284185,72.65160523186682,48.51367419738406,97.9689366786141,92.9845422116528,64.86132598019368,46.65576694411415
3455,由田,電子設備,240.5,463389359.4,94.8690539818279,6.653491436100131,22.43,9.090909090909092,-6.78294573643411,-0.044409736260261796,77.58064516129032,28.085201990821535,8.02615933412604,21.521997621878715,34.244946492271104,55.64803804994055,91.0394265232975,44.054696789536266,42.09611360430278,46.55172413793104
3029,零壹,資訊服務,119.5,336989427.65,76.37626937466595,23.55072463768116,44.44,12.76595744680851,11.16279069767443,-0.036633223112043305,95.6,5.374061428475812,12.247324613555291,85.61236623067776,38.64447086801427,93.22235434007135,68.21983273596177,66.230677764566,59.58926975765608,46.52199762187872
8936,國統,金屬製品,51.7,42121130.065,11.437733832175308,76.58102766798419,12.34,71.42857142857143,3.1936127744510934,0.10634816874486124,74.60317460317462,-0.7912695288676108,72.94887039239,68.13317479191439,89.89298454221165,49.34601664684899,45.639187574671446,31.747919143876334,65.19204678960729,46.47740784780024
3013,晟銘電,電子零組件,82.8,96773519.03999999,21.241202815099168,67.06192358366272,16.38,86.8421052631579,-0.3610108303249038,-0.05771708287813509,59.14285714285714,-8.627631285883005,87.15814506539834,52.080856123662315,29.013079667063018,14.149821640903687,21.983273596176822,35.96908442330559,40.87703521864084,46.299048751486325
2221,大甲,基本金屬,105.5,389109141.2,99.94655264564403,0.06587615283267458,81.32,2.380952380952381,93.93382352941177,-0.007154279056036997,100.0,29.82002408492165,1.6646848989298455,99.76218787158146,54.81569560047562,98.75148632580262,91.63679808841098,84.42330558858502,69.32617055704011,46.26932223543401
6719,力智,半導體,180.5,99321609.725,12.190812720848058,75.95520421607378,-15.97,86.36363636363636,-7.197943444730082,0.02235413274504711,57.76,-4.304364377054387,86.56361474435195,19.61950059453032,71.8192627824019,11.652794292508919,32.97491039426524,6.183115338882283,44.52601656161167,46.19500594530321
6438,迅得,電子設備,144.0,66622955.25,72.6349545697488,25.95520421607378,15.54,49.35064935064935,0.6993006993007089,0.13435613948333544,77.83783783783784,9.60975948053521,50.535077288941736,57.66944114149821,94.05469678953627,56.48038049940547,77.41935483870968,35.1961950059453,67.23179011161827,46.135552913198566
8996,高力,其他電製品,1300.0,5185635175.5,91.66221272047034,10.276679841897234,112.84,12.5,10.63829787234043,-0.0803997199994016,81.76100628930818,43.495360752998636,11.950059453032106,84.78002378121285,21.759809750297265,66.230677764566,95.3405017921147,90.6064209274673,56.01221450824458,46.00178359096314
2852,第一保,產險,27.85,19281395.3125,29.502939604489576,60.408432147562586,2.36,40.0,1.8281535648994485,0.13123836953358753,92.67886855241265,-1.549587407629284,40.36860879904875,63.49583828775267,93.34126040428062,88.70392390011891,42.41338112305854,18.13317479191439,65.6646025028519,45.92746730083235
6245,立端,電腦及週邊,83.4,62677838.78000001,92.94494922501336,8.926218708827404,38.36,5.084745762711865,2.7093596059113434,0.05774295709378315,91.2472647702407,-13.301764811820355,3.4482758620689653,66.46848989298454,81.56956004756243,85.96908442330559,16.606929510155314,60.40428061831153,50.81246794721537,45.83828775267539
2351,順德,半導體,236.0,1776552616.45,93.63976483164083,8.234519104084322,61.22,15.151515151515152,34.09090909090908,0.034425094005348975,91.82879377431907,5.571813441380179,14.387633769322235,97.14625445897741,75.1486325802616,87.51486325802615,68.69772998805257,77.76456599286563,68.579022810928,45.63020214030915
6909,創控,電子設備,41.7,12237318.895,24.923076923076923,63.83399209486166,29.35,80.51948051948052,4.249999999999998,0.014360004987145262,62.425149700598816,34.53792288486096,81.56956004756243,71.3436385255648,67.77645659928656,20.214030915576693,93.1899641577061,51.783590963139126,66.81873004913932,45.55588585017837
6689,伊雲谷,數位雲端,67.0,51936862.980000004,9.156378600823045,78.59025032938077,20.28,66.66666666666666,11.29568106312291,-0.013952423076983725,78.3625730994152,-2.032737227990669,67.53864447086801,85.73127229488703,51.12960760998811,57.90725326991677,40.50179211469534,41.49821640903686,60.56171395207106,45.30321046373365
2348,海悅,建設,70.2,22369441.675,89.63121325494387,11.857707509881422,540.56,5.172413793103448,1.1527377521613813,0.1817307652500512,70.27027027027027,-49.59394727018605,3.56718192627824,60.04756242568371,96.43281807372176,39.00118906064209,4.062126642771804,98.5731272294887,40.622175625819516,45.273483947681335
6218,豪勉,資訊服務,54.1,139433958.65,80.87679516250945,20.02635046113307,52.85,8.51063829787234,43.3112582781457,0.07076427132815293,100.0,18.98574736915282,7.5505350772889415,98.09750297265161,85.25564803804994,98.75148632580262,86.02150537634408,72.77051129607611,75.13533555802744,45.24375743162901
2455,全新,半導體,515.0,5120245741.25,98.71726349545698,2.1739130434782608,71.16,3.0303030303030303,23.35329341317365,0.05721639573861157,95.01845018450184,24.551352241799172,2.0214030915576697,94.53032104637337,81.21284185493461,92.39001189060642,89.8446833930705,80.97502972651606,71.99985225530851,45.214030915576686
6263,普萊德,通信網路,156.0,22934987.675,78.99518973810797,21.673254281949934,-8.43,36.53846153846153,-3.4055727554179516,0.1441176967784377,82.75862068965517,-19.638255964093176,37.15814506539834,35.90963139120095,94.76813317479191,69.44114149821641,11.35005973715651,9.869203329369798,49.72542217335282,45.1397146254459
8103,瀚荃,電子零組件,120.0,656229904.5049999,91.82255478353821,10.111989459815547,51.6,16.447368421052634,43.88489208633093,0.015469635301939379,93.75,7.953424912467796,15.81450653983353,98.21640903686088,68.13317479191439,90.72532699167658,74.91039426523297,71.70035671819262,69.55996232510367,45.00594530321046
3014,聯陽,半導體,132.5,77441109.9,47.19401389631213,46.837944664031625,5.33,61.36363636363637,1.9230769230769162,0.0782117564093206,78.63501483679525,1.0057937680896893,61.950059453032104,63.85255648038049,86.80142687277052,58.263971462544596,53.04659498207885,22.473246135552913,64.78292185016132,44.70868014268728
5530,龍巖,靈骨塔,49.9,11333914.860000001,65.68679850347408,31.258234519104082,12.13,31.258234519104082,1.3197969543147225,0.27191382254201735,86.03448275862068,9.90284072425263,31.98573127229489,60.879904875148625,98.33531510107015,75.02972651605232,78.13620071684588,31.62901307966706,68.87337569628237,44.44114149821641
6538,倉和,光電及I/O,380.5,593263893.575,98.29389102916896,2.635046113306983,55.67,5.333333333333334,98.17708333333333,-0.003736796173607954,100.0,0.4904942375886634,4.280618311533888,99.88109393579072,57.431629013079665,98.75148632580262,50.65710872162485,74.55410225921521,62.20038726156635,44.42627824019025
4123,晟德,藥,30.75,51670226.220000006,81.07861060329068,19.894598155467722,61.53,14.893617021276595,-3.7558685446009377,-0.25534841313798445,62.31003039513677,34.949025671618344,14.149821640903687,34.48275862068966,1.3079667063020213,19.976218787158146,93.3094384707288,78.00237812128418,32.645240845156465,44.41141498216409
2882,國泰金,金融控股,112.5,2258656481.23,74.23837520042757,25.0,-69.47,69.23076923076923,13.407258064516125,0.05392043771658718,97.40259740259741,-9.063619143070817,70.33293697978597,88.34720570749109,79.7859690844233,94.8870392390012,21.02747909199522,0.713436385255648,70.87612602053936,44.396551724137936
2880,華南金,金融控股,47.35,691184523.5825,86.37092463923037,14.82213438735178,11.95,38.46153846153847,19.269521410579337,0.20488175746006812,100.0,,39.00118906064209,92.0332936979786,97.38406658739595,98.75148632580262,,31.272294887039237,81.79250891795482,44.24791914387633
2353,宏碁,電腦及週邊,32.0,460768816.4,45.71734475374733,48.023715415019765,38.41,42.3728813559322,4.746317512274967,0.07054274252779075,73.73271889400922,19.302127746489393,42.80618311533888,73.00832342449465,85.13674197384067,46.4922711058264,86.49940262843488,60.582639714625444,66.78858444958709,44.21819262782402
6104,創惟,半導體,90.9,54531469.025,43.99538106235566,49.4729907773386,3.37,66.66666666666666,0.33112582781458233,0.20098728584791176,73.30645161290323,-1.135015584030075,67.53864447086801,56.24256837098692,97.26516052318668,45.77883472057075,43.727598566308245,19.738406658739596,62.11056133038412,44.203329369797856
1229,聯華,油脂飼料,40.05,71503979.5975,25.334045964724744,63.50461133069829,-13.13,50.0,-2.197802197802212,0.1955752239662755,79.46428571428571,-29.744320573009233,51.4268727705113,42.092746730083235,97.02734839476813,60.04756242568371,7.287933094384708,7.13436385255648,51.576492683086215,44.12901307966706
4766,南寶,樹脂,336.5,55834363.925,38.963121325494384,53.22793148880105,14.17,42.857142857142854,1.9696969696969768,0.13220495280509376,80.69544364508393,-1.7458902160701797,43.57907253269917,64.3281807372176,93.81688466111771,63.376932223543406,41.33811230585424,33.769322235434004,61.28783649208642,44.09928656361475
7768,頌勝科技,樹脂,260.0,26447623.425,2.1739130434782608,86.10013175230566,6.36,92.85714285714286,-1.3282732447817858,-0.08184549692141789,53.22415557830092,-0.6282441868347881,92.56837098692033,47.08680142687277,20.92746730083234,7.491082045184304,46.71445639187575,22.94887039239001,42.957635630337094,43.98038049940547
2034,允強,基本金屬,20.7,23708672.775,81.85975609756098,19.104084321475625,26.75,11.904761904761903,4.545454545454541,0.28443638886183154,91.79600886917959,-3.4002741234588143,11.533888228299643,72.41379310344827,98.45422116527944,87.27705112960761,35.12544802867383,49.34601664684899,60.96088033106175,43.935790725326996
1560,中砂,半導體,741.0,860575517.3,96.3121325494388,4.841897233201581,30.38,6.0606060606060606,4.661016949152552,0.061915395253076794,93.79746835443038,5.9357373927190515,4.756242568370987,72.65160523186682,82.99643281807371,90.84423305588585,69.53405017921148,52.675386444708685,64.15651277068177,43.906064209274675
7703,銳澤,電子設備,198.0,16028329.5,88.16964285714286,13.570487483530963,83.26,23.376623376623375,10.61452513966481,0.0924048396324841,76.00767754318618,22.225654788092108,23.90011890606421,84.66111771700356,88.46611177170035,51.48632580261593,88.17204301075269,84.89892984542212,67.33714344162735,43.906064209274675
6190,萬泰科,電子零組件,68.8,124909324.9,91.12773917691074,10.80368906455863,71.82,18.421052631578945,5.038167938931304,0.034732336338790554,74.78260869565217,23.27371612410709,17.954815695600477,73.84066587395958,75.26753864447086,49.82164090368609,88.88888888888889,81.21284185493461,61.15471000132118,43.7871581450654
2412,中華電,通信網路,143.5,1354683475.25,98.2896846606093,2.7009222661396577,25.61,5.769230769230769,4.744525547445266,0.31170031851342844,97.95221843003414,12.04658699074013,4.5184304399524375,72.88941736028538,98.92984542211653,95.36266349583829,81.48148148148148,47.80023781212842,70.63636763993483,43.69797859690844
6122,擎邦,工程承攬,51.1,16465204.09,41.464757709251096,51.31752305665349,13.59,50.0,6.458333333333344,0.16056548715571786,81.49920255183413,-3.0605732262848235,51.4268727705113,76.45659928656362,96.07609988109394,65.75505350772889,36.55913978494624,33.17479191438763,65.2547530461688,43.475029726516055
6510,精測,半導體,3230.0,2982538272.25,76.32282202031,23.649538866930172,54.27,34.84848484848485,16.817359855334544,0.00035609174296182526,76.90476190476191,6.158934429694085,35.43400713436385,90.48751486325803,59.21521997621879,55.05350772889417,70.13142174432497,73.78121284185494,62.06433428941197,43.445303210463734
8042,金山電,電子零組件,114.0,655174448.155,17.519566526189042,70.88274044795784,38.75,90.78947368421053,12.315270935960587,-0.03609126268998431,54.156769596199524,-4.716085596263703,90.24970273483947,86.80142687277052,39.00118906064209,8.204518430439952,30.943847072879333,61.17717003567182,51.040136834314275,43.20749108204518
6112,邁達特,資訊服務,49.7,111561293.57249999,40.055248618784525,52.43741765480896,18.79,38.297872340425535,13.211845102505704,-0.006533220912093562,89.873417721519,7.971137022115256,38.882282996432814,88.10939357907253,55.29131985731273,82.99643281807371,75.14934289127837,38.882282996432814,68.08575442843403,43.1629013079667
2069,運錩,基本金屬,23.65,27072636.714999996,49.96237772761475,44.00527009222661,18.86,30.952380952380953,19.14357682619645,0.06508157554143408,95.94320486815415,9.90825853358961,31.510107015457788,91.79548156956004,83.23424494649228,93.81688466111771,78.25567502986857,39.00118906064209,75.72247864449928,43.133174791914385
5314,世紀*,其他,30.8,440973860.78999996,6.7928730512249444,80.69828722002636,102.52,79.16666666666666,57.54475703324808,0.0911705643784962,21.38888888888889,-37.48551292588279,80.38049940546968,98.92984542211653,87.99048751486326,0.713436385255648,5.4958183990442055,88.58501783590962,54.702017425349865,42.687277051129605
6679,鈺太,半導體,197.5,59359504.225,3.2924107142857144,84.51910408432147,0.32,92.42424242424242,-1.2499999999999956,-0.13509549349903238,57.16353111432706,-6.005218556602578,92.27110582639715,47.97859690844233,11.058263971462544,10.46373365041617,28.19593787335723,15.933412604042807,37.99352764601508,42.672413793103445
1434,福懋,成衣,17.5,35545544.0175,45.0026723677178,48.5836627140975,-7.17,30.434782608695656,-0.2849002849002913,0.15409198756954465,89.51406649616368,-3.7844302813083925,30.439952437574313,52.675386444708685,95.83828775267538,81.92627824019026,34.28912783751493,10.820451843043994,59.0338065425327,42.62782401902497
2543,皇昌,營造,38.7,26899742.2575,22.172808132147395,66.27140974967062,51.51,53.333333333333336,1.1764705882353121,0.12171560550426737,49.36224489795919,-32.04494811523447,54.10225921521997,60.40428061831153,92.27110582639715,5.112960760998811,6.690561529271206,71.58145065398335,43.716233590039735,42.59809750297265
2881,富邦金,金融控股,153.0,2857088983.775,78.83484767504008,21.936758893280633,-48.02,61.53846153846154,18.146718146718154,0.10300666436079074,99.35064935064936,12.253796893600892,62.18787158145065,91.20095124851368,89.41736028537456,97.26516052318668,81.72043010752688,1.1890606420927468,84.3583547492105,42.360285374554095
3558,神準,通信網路,121.0,10214292.8,98.77071084981294,2.0421607378129116,36.8,1.9230769230769231,-3.200000000000003,0.0015671839810844962,73.33333333333333,21.563626646782993,0.9512485136741973,37.21759809750297,59.80975029726516,45.89774078478002,87.81362007168458,59.21521997621879,46.337991552981386,42.211652794292505
2454,聯發科,半導體,4530.0,35076712586.5,99.62586851950829,0.3952569169960474,44.08,0.7575757575757576,16.60231660231659,0.04354018760245381,95.16806722689076,24.400621579008043,0.23781212841854932,90.24970273483947,77.28894173602853,92.62782401902497,89.3667861409797,65.99286563614744,69.95421335185824,42.15219976218787
5508,永信建,建設,51.9,12261230.365,81.23997862105826,19.76284584980237,633.65,12.068965517241379,-0.9541984732824416,0.0777992265820619,51.64179104477612,255.8993826250716,11.652794292508919,49.22711058263972,86.68252080856124,6.777645659928656,98.9247311827957,99.0487514863258,50.65296050528684,42.063020214030914
6613,朋億*,電子設備,264.0,86326694.325,94.49492250133619,7.180500658761528,186.82,10.38961038961039,3.529411764705892,-0.15356931202620452,67.6923076923077,62.95511824741665,9.274673008323424,69.08442330558859,9.3935790725327,32.22354340071344,96.7741935483871,94.64922711058263,43.350082467109054,41.765755053507725
3605,宏致,電子零組件,140.0,1547091404.075,90.9149072296865,11.001317523056652,17.24,19.736842105263158,15.702479338842966,-0.060879122232679134,100.0,-8.378949601191252,19.61950059453032,89.65517241379311,27.46730083234245,98.75148632580262,22.58064516129032,36.979785969084425,51.61482106555176,41.42390011890606
6224,聚鼎,電子零組件,88.3,191978644.69,92.83805451630144,9.025032938076416,36.5,14.473684210526317,35.22205206738131,0.06065406057076876,92.94736842105263,4.8357912573644235,14.030915576694412,97.26516052318668,82.52080856123662,89.41736028537456,65.83034647550777,58.85850178359097,69.81291828440001,41.26040428061832
5439,高技,印刷電路板,243.5,552466924.45,22.020309994655264,66.3372859025033,5.24,90.69767441860465,0.6198347107438051,-0.055064940056433156,55.1528878822197,-5.377227179431063,90.1307966706302,57.431629013079665,29.964328180737215,9.036860879904875,28.912783751493432,22.235434007134362,43.09527969916908,40.99286563614744
3162,精確,汽車組件,73.5,117021804.30999999,87.65432098765432,13.83399209486166,101.19,13.513513513513514,18.73990306946689,-0.08389782895758953,76.64233576642336,22.03801196603756,12.960760998810938,91.5576694411415,20.332936979785966,54.10225921521997,88.05256869772998,88.46611177170035,53.40123906653766,40.99286563614744
8105,凌巨,光電及I/O,14.4,74425981.555,52.74509803921569,41.76548089591568,-10.43,48.0,-13.513513513513509,0.07744503218142733,57.25646123260438,-7.944821245310337,49.10820451843044,5.58858501783591,86.4447086801427,10.70154577883472,23.655913978494624,8.561236623067776,35.09979159474768,40.69560047562426
4903,聯光通,通信網路,34.1,33739034.870000005,12.410071942446043,75.75757575757575,-51.78,84.61538461538461,-1.3024602026049048,-0.006202587163087716,64.09774436090225,-22.559686436552678,85.31510107015457,47.4435196195006,55.529131985731276,23.781212841854934,9.91636798088411,0.8323424494649228,44.3970666996251,40.62128418549346
2480,敦陽科,資訊服務,160.0,28336724.425,84.3399251737039,16.86429512516469,20.16,4.25531914893617,2.2364217252396124,0.2096608880058186,89.8876404494382,1.1002346255796027,2.7348394768133173,65.04161712247326,97.6218787158145,83.115338882283,54.121863799283155,41.37931034482759,60.52710759933344,40.54696789536266
2419,仲琦,通信網路,27.35,40505160.2025,96.83018867924528,4.545454545454546,245.59,9.615384615384617,12.783505154639174,-0.04322254253857879,72.45033112582782,165.23262244748395,8.620689655172415,87.63376932223544,34.95838287752676,43.51961950059453,98.80525686977299,96.6706302021403,54.707543645060426,40.29429250891795
6173,信昌電,電子零組件,315.0,5139772725.025,98.23623730625334,2.766798418972332,54.27,3.9473684210526314,61.95372750642674,0.012252675878042777,89.87161198288159,10.531633578205387,2.6159334126040426,99.16765755053508,66.94411414982164,82.87752675386444,78.85304659498208,73.78121284185494,66.09165569236146,40.02675386444709
8422,可寧衛*,資源回收,26.0,104286251.62,97.86210582576163,3.3926218708827407,105.85,4.3478260869565215,-4.059040590405905,0.10407181144725838,10.4,33.83023928661463,2.853745541022592,32.81807372175981,89.53626634958383,0.356718192627824,92.9510155316607,89.179548156956,43.70316386733096,39.89298454221165
3374,精材,半導體,424.0,4625228080.875,91.85140802875974,9.947299077733861,36.74,20.454545454545457,38.336052202283845,0.0634070665283392,86.88524590163934,-6.164775487436984,20.689655172413794,97.85969084423306,83.115338882283,77.34839476813318,27.479091995221026,59.096313912009514,61.298434332456814,39.818668252080855
4968,立積,半導體,89.7,26767043.685,10.631229235880399,77.2068511198946,-2.44,87.87878787878788,-0.4439511653718031,0.0800525668364547,53.873873873873876,-0.7202699434906681,88.2282996432818,51.60523186682521,87.15814506539834,7.966706302021404,46.35603345280765,13.436385255648037,56.262883266066886,39.506539833531505
6168,宏齊,光電及I/O,32.15,187274189.0675,81.80722891566265,19.1699604743083,18.52,29.333333333333332,32.577319587628864,0.03090566974582901,90.56338028169014,5.853110272499885,29.369797859690845,96.78953626634959,74.55410225921521,84.78002378121285,69.29510155316608,38.22829964328181,70.95771234392691,38.89714625445898
4585,達明,機器人,294.5,78190269.65,1.7094017094017095,87.22002635046113,-6.11,87.22002635046113,-1.5050167224080258,0.11143950635917899,45.94383775351014,-25.97374476442066,87.51486325802615,46.25445897740785,91.08204518430439,2.6159334126040426,8.841099163679809,11.414982164090368,47.261679999204446,38.82282996432818
2329,華泰,半導體,42.55,71770492.285,46.239900559353636,47.49670619235837,4.76,63.63636363636363,-1.2761020881670637,0.10864898963259886,60.872675250357645,1.351839910686485,64.20927467300832,47.681331747919145,90.72532699167658,16.76575505350773,55.43608124253285,21.640903686087988,54.963553941728925,38.73365041617122
2887,台新新光金,金融控股,44.4,2185843487.3300004,82.73650454302512,18.24769433465086,-44.54,46.15384615384615,20.32520325203253,0.07986911157539842,100.0,-134.3165560391777,47.14625445897741,92.86563614744352,87.03923900118906,98.75148632580262,1.5531660692951015,1.5457788347205708,65.47115640054155,38.64447086801427
6271,同欣電,半導體,228.0,1156131138.475,71.40566541956174,27.4703557312253,23.09,40.15151515151515,16.92307692307693,0.03903888851507233,79.30434782608695,4.398783449084615,40.78478002378122,90.72532699167658,76.21878715814506,59.690844233055884,64.51612903225806,44.70868014268728,66.38717348778337,38.614744351961946
2838,聯邦銀,本國銀行,21.55,43282748.9225,64.83164083377872,32.21343873517787,3.88,33.33333333333333,7.213930348258701,0.0895978416284656,87.24696356275304,10.761783201306521,33.94768133174792,78.24019024970274,87.87158145065398,78.24019024970274,79.45041816009558,20.332936979785966,71.55001228838059,38.57015457788347
2303,聯電,半導體,142.0,22050318258.95,79.31587386424373,21.245059288537547,30.71,31.818181818181817,19.327731092436974,0.00961416509292366,79.55182072829132,6.529343481645178,32.342449464922716,92.15219976218788,65.04161712247326,60.40428061831153,71.08721624850656,53.32936979785969,64.20555264328038,38.480975029726515
8358,金居,印刷電路板,510.0,8793376227.35,94.3345804382683,7.542819499341238,59.71,25.581395348837212,22.596153846153854,-0.018805690598940696,72.85714285714285,7.060927136048768,25.921521997621877,94.05469678953627,46.84898929845422,44.827586206896555,72.52090800477897,76.81331747919144,56.83474045945758,38.376932223543406
2033,佳大,基本金屬,28.05,32956408.444999993,58.3508036338225,37.417654808959156,9.66,23.809523809523807,27.500000000000014,0.017468819007378632,98.76760563380283,21.548429546670015,24.494649227110582,95.83828775267538,69.08442330558859,96.19500594530321,87.69414575866189,28.299643281807374,74.66130239786793,38.28775267538644
2426,鼎元,光電及I/O,99.8,4992402564.54,99.58677685950413,0.461133069828722,38.57,1.3333333333333335,48.733233979135626,-0.0004976155387668027,92.83720930232558,7.137677896425778,0.5945303210463734,98.69203329369797,58.38287752675386,89.179548156956,72.87933094384708,60.99881093935791,63.945664048460266,38.02021403091558
1301,台塑,石化,62.4,1969752473.4299998,72.54495159059474,26.08695652173913,6.79,15.789473684210526,5.942275042444822,0.05763581900698069,92.03539823008849,3.8319825488987926,15.219976218787156,75.74316290130797,81.45065398335315,87.99048751486326,62.96296296296296,23.840665873959573,64.6734487162549,37.8269916765755
3338,泰碩,電子零組件,65.1,27846135.929999996,99.30518439337253,1.0210803689064558,62.0,1.3157894736842104,4.999999999999982,0.043761675558721666,73.39346110484779,21.186792533619084,0.47562425683709864,73.60285374554103,77.40784780023782,46.0166468489893,87.45519713261649,78.24019024970274,56.99163395684434,37.78240190249703
2834,臺企銀,本國銀行,18.2,778134073.0325,66.86264029930518,30.698287220026348,8.82,11.11111111111111,10.303030303030303,-0.007775463171919474,99.18256130790189,2.4545475438279523,10.344827586206897,84.0665873959572,53.983353151010704,97.14625445897741,59.37873357228196,27.586206896551722,60.98395123288683,37.75267538644471
2520,冠德,建設,36.4,52160459.8975,78.71287128712872,22.06851119894598,-26.5,15.517241379310345,1.392757660167132,-0.04522682477678123,95.28795811518323,-33.61629435193468,14.863258026159334,61.35552913198573,33.650416171224734,92.86563614744352,6.212664277180406,4.2211652794292505,41.789500750798744,37.64863258026159
2243,宏旭-KY,汽車組件,47.85,15458999.405000001,88.79310344827587,12.648221343873518,106.44,10.81081081081081,20.37735849056603,-0.1582478256181051,72.5,87.17517976330697,10.107015457788346,92.9845422116528,8.442330558858501,43.876337693222354,98.08841099163679,89.53626634958383,50.699727382631764,37.63376932223544
4906,正文,通信網路,35.55,192853971.5875,94.59824442943957,7.04874835309618,56.09,17.307692307692307,3.9473684210526105,-0.11100227139856404,66.57303370786516,28.392021074635768,16.884661117717002,70.27348394768134,14.863258026159334,29.25089179548157,91.27837514934289,74.6730083234245,44.51013400727643,37.63376932223543
3380,明泰,通信網路,30.2,71014531.7125,95.48213081591369,5.797101449275362,66.88,13.461538461538462,12.267657992565063,-0.08515620091735604,72.68351383874851,43.48230017383226,12.841854934601665,86.68252080856124,19.976218787158146,44.470868014268724,95.22102747909199,79.66706302021403,51.83849800473636,37.574316290130795
6451,訊芯-KY,半導體,421.0,2316916924.575,91.50209455415919,10.342555994729906,49.81,21.21212121212121,0.0,-0.034246019284883265,58.149171270718234,17.216582522276717,21.521997621878715,54.042806183115346,40.07134363852556,12.48513674197384,85.66308243727599,70.09512485136742,42.756873324553894,37.51486325802615
5225,東科-KY,消費性電子,54.3,16522562.555000002,57.33422638981915,38.0764163372859,-8.97,47.368421052631575,-9.500000000000009,0.09268308243999772,47.4235807860262,-15.637813401955938,48.39476813317479,11.17717003567182,88.58501783590962,3.4482758620689653,14.097968936678615,9.155766944114148,33.14064016070076,37.455410225921526
2453,凌群,資訊服務,55.3,20948023.095000003,58.20416889363976,37.483530961791836,10.05,21.27659574468085,7.37864077669903,0.07038952172453491,86.5414710485133,3.004678627492823,21.640903686087988,78.95362663495838,85.01783590963139,76.21878715814506,61.29032258064516,28.77526753864447,64.6242951938936,36.92033293697979
3105,穩懋,半導體,472.5,12133011462.15,75.76687116564416,24.110671936758894,30.55,35.60606060606061,26.16822429906542,0.0464858323701105,76.58022690437602,0.12414017472788785,35.90963139120095,95.24375743162902,78.35909631391202,53.86444708680143,49.10394265232975,53.03210463733651,62.49617497517463,36.89060642092747
4977,眾達-KY,通信網路,176.5,803031048.8,91.34152859433458,10.606060606060606,106.22,23.076923076923077,16.887417218543057,-0.0076995255072958985,65.24953789279112,22.575790307557043,23.127229488703925,90.6064209274673,54.10225921521997,25.44589774078478,88.41099163679809,89.41736028537456,56.3385598017948,36.84601664684899
2892,第一金,金融控股,40.0,1193905077.0549998,99.41207910208445,0.8234519104084322,13.9,7.6923076923076925,18.694362017804146,0.4000027135353206,100.0,5.233336815613798,6.480380499405469,91.43876337693222,99.64328180737218,98.75148632580262,67.86140979689367,33.41260404280618,72.83506436128123,36.801426872770506
8478,東哥遊艇,機車船製造,142.0,11693260.175,4.008551576696953,83.53096179183136,-16.8,84.61538461538461,1.7921146953405076,0.059913924729975115,61.60520607375272,-48.55656386664395,85.31510107015457,63.25802615933412,82.40190249702735,18.549346016646847,4.1816009557945035,5.945303210463734,50.741195339791474,36.63793103448276
6148,驊宏資,資訊服務,36.65,55358995.77,87.4933190807055,14.031620553359684,95.4,2.127659574468085,32.31046931407941,0.003851769908846068,76.75392670157068,87.77003007093843,1.2485136741973841,96.6706302021403,61.117717003567186,54.34007134363853,98.2078853046595,87.39595719381688,62.31696350564058,36.57847800237813
3624,光頡,電子零組件,123.0,1825157139.39,87.54676643506146,13.965744400527008,65.76,26.973684210526315,45.04716981132076,-0.016930975318902693,69.68838526912181,19.845619181885105,27.2294887039239,98.33531510107015,48.39476813317479,37.81212841854934,86.85782556750299,79.42925089179548,59.72590518484424,36.533888228299645
2515,中工,營造,11.8,52118730.167500004,31.213254943880276,59.15678524374176,28.84,26.666666666666668,0.42553191489362874,0.10560907598182741,64.48087431693989,28.097435231726315,26.932223543400713,56.71819262782402,89.77407847800237,24.494649227110582,91.15890083632019,51.010701545778836,57.81560894253157,36.42984542211653
3491,昇達科,通信網路,1440.0,2222962343.25,92.24598930481284,9.420289855072465,93.19,21.153846153846153,15.199999999999992,-0.03023675450331332,65.45454545454545,4.994722092603254,21.343638525564803,89.179548156956,41.73602853745541,26.040428061831157,66.30824372759857,87.03923900118906,48.92157740188119,36.31093935790725
6291,沛亨,半導體,490.5,715978265.85,69.62911126662001,28.458498023715418,33.42,42.42424242424242,30.974632843791717,-0.03924990547393092,72.23858615611192,-8.532240827251151,42.92508917954816,96.31391200951248,36.74197384066588,42.687277051129605,22.22222222222222,55.76694411414982,48.17809486061567,36.26634958382878
9907,統一實,金屬製品,14.85,23258353.807499997,40.245857830037416,52.17391304347826,-10.05,42.857142857142854,0.0,0.3496998028139371,73.69727047146402,-4.089558041890083,43.57907253269917,54.042806183115346,99.16765755053508,46.37336504161712,33.572281959378735,8.799048751486325,55.34703665346909,36.17717003567182
3529,力旺,半導體,2700.0,3050904881.5,52.43185462319615,42.16073781291173,42.77,56.060606060606055,15.384615384615374,-0.07956603420404999,57.38575982996812,4.908327961715003,57.431629013079665,89.29845422116529,21.87871581450654,11.058263971462544,66.06929510155317,64.92271105826397,49.147271624353436,36.02853745541022
6588,東典光電,通信網路,110.0,316615460.975,98.68228404099561,2.2397891963109355,189.02,3.8461538461538463,16.402116402116395,-0.015799969280476993,68.96551724137932,72.79668027951719,2.318668252080856,90.01189060642093,49.70273483947681,36.504161712247324,97.4910394265233,94.8870392390012,55.20569896734984,35.924494649227114
6643,M31,半導體,420.0,131632323.55,95.2906976744186,6.0606060606060606,73.08,9.090909090909092,2.3142509135200884,-0.037691441990104275,60.258249641319935,46.82287937297977,8.02615933412604,65.39833531510108,37.69322235434007,15.933412604042807,95.9378733572282,81.56956004756243,44.59780059296764,35.032699167657555
1519,華城,電機製品,706.0,1446625101.4,72.25274725274726,26.35046113306983,12.5,27.27272727272727,-1.1204481792717047,-0.004519191956688859,65.37037037037037,19.698663549530583,27.705112960760996,48.63258026159334,56.837098692033294,25.68370986920333,86.73835125448028,31.866825208085615,49.11937060761425,34.15576694411415
2891,中信金,金融控股,70.8,2313806695.815,96.04489577765901,5.0395256916996045,-32.01,15.384615384615385,6.46616541353382,0.046190007925811405,97.79005524861877,-9.232593972510696,14.684898929845422,76.69441141498217,78.24019024970274,95.24375743162902,20.66905615292712,2.972651605231867,57.1064628358173,34.05172413793103
6472,保瑞,藥,412.0,494626686.475,90.59326563335115,11.264822134387352,59.22,10.638297872340425,1.8541409147095234,-0.03694580379544961,58.941344778254646,24.48348420360181,9.80975029726516,63.73365041617123,38.28775267538644,13.555291319857313,89.6057347670251,76.45659928656362,42.99843589514105,34.02199762187871
1563,巧新,汽車組件,73.7,69214397.55,87.14788732394366,14.42687747035573,2.46,16.216216216216218,12.863705972434936,0.030606359523675727,92.70440251572327,-9.490579319353987,15.576694411414982,87.75267538644471,74.43519619500594,88.94173602853745,20.43010752688172,18.311533888228297,57.42728190965696,33.769322235434004
3532,台勝科,半導體,440.0,3475417333.075,97.43452699091395,3.9525691699604746,29.28,4.545454545454546,19.241192411924125,0.021604939497728386,84.13001912045888,2.0261793138070665,2.972651605231867,91.91438763376932,71.3436385255648,72.294887039239,57.46714456391876,51.60523186682521,59.198541873544755,33.73959571938168
2489,瑞軒,光電及I/O,41.25,1607380341.3449998,70.02360346184106,28.19499341238472,23.59,40.0,32.63665594855305,-0.014334850566428458,73.00884955752213,-2.8309300507434934,40.36860879904875,96.90844233055887,50.89179548156956,45.541022592152196,37.753882915173236,45.422116527942926,54.292750423700525,33.60582639714625
6235,華孚,電子零組件,37.6,10237643.18,61.056511056511056,35.507246376811594,7.3,55.92105263157895,-0.2652519893899252,0.13134892004424528,49.08616187989557,5.5455400724192945,57.07491082045184,52.91319857312723,93.46016646848989,4.637336504161712,68.57825567502987,25.44589774078478,55.332773608252104,33.56123662306777
8099,大世科,資訊服務,59.0,21026986.2,30.67878140032068,59.617918313570485,-26.6,44.680851063829785,0.1697792869270076,0.11379969682428423,69.33019976498238,-58.1004023314496,45.77883472057075,55.29131985731273,91.43876337693222,37.33650416171225,3.345280764635603,3.9239001189060643,46.6381405762327,32.936979785969086
6983,華洋精機,電子設備,351.5,18982477.775,48.75,45.45454545454545,7.13,68.83116883116884,16.971713810316146,0.05802793784139142,65.82397003745318,-25.960907940293364,69.79785969084423,90.84423305588585,81.80737217598097,26.991676575505352,8.960573476702509,24.97027348394768,55.68034299498379,32.72889417360285
2385,群光,光電及I/O,105.5,279965984.1,61.46445750935329,35.177865612648226,-23.13,42.66666666666667,0.9569377990430672,0.1604071777639081,72.01365187713311,-9.51341404752409,43.04399524375743,59.096313912009514,95.95719381688465,42.33055885850178,20.31063321385902,4.5184304399524375,52.14773900900248,32.69916765755053
3441,聯一光,消費性電子,186.0,2803724870.895,89.13196894848271,12.582345191040844,0.86,15.789473684210526,115.77726218097446,0.0005724932753029047,100.0,-28.006370249136225,15.219976218787156,100.0,59.33412604042806,98.75148632580262,7.765830346475508,16.290130796670628,56.214283786298665,32.5653983353151
8111,立碁,光電及I/O,72.8,979017086.4300001,79.10208444681989,21.34387351778656,-8.8,33.33333333333333,31.171171171171164,-0.00987271655249689,89.9876390605686,0.32378801691280934,33.94768133174792,96.55172413793103,53.03210463733651,83.35315101070154,49.82078853046595,9.274673008323424,63.34108992963659,32.50594530321047
6261,久元,半導體,76.3,38219874.285000004,56.440406199893104,39.29512516469038,-0.62,52.27272727272727,-0.5215123859191761,0.07203009568184565,57.15355805243445,-9.128330366130605,53.38882282996433,51.010701545778836,85.4934601664685,10.344827586206897,20.908004778972522,15.219976218787156,44.229163381478216,31.985731272294892
3026,禾伸堂,電子零組件,772.0,6450684515.35,97.64831640833779,3.7549407114624502,33.22,7.236842105263158,15.568862275449092,-0.011389910423702286,76.81592039800995,-1.5027807950172303,5.945303210463734,89.53626634958383,52.19976218787158,54.577883472057074,42.89127837514934,55.529131985731276,49.030098719025105,31.629013079667065
3580,友威科,電子設備,90.8,32754533.96,96.95350080171032,4.3478260869565215,26.86,3.896103896103896,13.5,-0.024925720707756564,80.35398230088495,28.63191961455557,2.4970273483947683,88.46611177170035,44.70868014268728,62.18787158145065,91.39784946236558,49.464922711058264,57.85150806131973,31.42092746730083
8937,合騏*,汽車製造,29.0,14487088.215,80.51511758118701,20.28985507246377,1403.1,20.28985507246377,24.731182795698924,-0.20240750182806092,16.11111111111111,632.5879783323659,20.332936979785966,95.00594530321045,4.5184304399524375,0.47562425683709864,99.7610513739546,99.52437574316289,44.01879767074811,31.331747919143876
4908,前鼎,通信網路,240.5,1210547470.8,97.59486905398182,3.820816864295125,28.93,7.6923076923076925,60.33333333333333,-0.004117970596885989,81.94207836456559,-7.830217317800361,6.480380499405469,99.0487514863258,57.19381688466112,66.70630202140309,23.894862604540023,51.12960760998811,50.6648226992671,31.31688466111772
3406,玉晶光,消費性電子,1005.0,5425161032.35,86.95884553714592,14.525691699604742,0.72,21.052631578947366,46.71532846715329,0.07023282014681892,90.54054054054053,-1.5655250992510965,21.105826397146256,98.45422116527944,84.66111771700356,84.5422116527943,42.29390681003584,16.171224732461358,66.21145674845187,30.841260404280618
5464,霖宏,印刷電路板,93.7,72929540.635,99.9172870140612,0.1976284584980237,19.56,2.3255813953488373,29.06336088154271,-0.0913368049538788,87.16279069767442,-11.721536129932321,1.5457788347205708,96.07609988109394,19.024970273483948,77.76456599286563,18.16009557945042,39.95243757431629,42.5143021123229,30.796670630202136
2449,京元電子,半導體,261.5,5059614921.975,95.67076429716728,5.599472990777339,31.58,7.575757575757576,10.805084745762716,0.020830373129956295,73.87005649717514,-0.7419968392903868,6.183115338882283,85.37455410225921,70.98692033293698,47.08680142687277,46.236559139784944,53.62663495838288,51.173590068147234,30.38049940546968
1565,精華,醫療耗材,95.8,11849305.86,18.439337252805988,69.76284584980237,-12.47,37.83783783783784,1.3756613756613634,0.14429770956737742,67.46478873239437,0.6839570054187405,38.58501783590963,61.117717003567186,94.8870392390012,31.510107015457788,51.732377538829155,7.609988109393578,55.566451726552984,29.146848989298455
6204,艾華,電子零組件,91.2,24356109.27,90.16568679850347,11.6600790513834,17.03,21.052631578947366,16.030534351145054,-0.009804949275224566,72.96000000000001,-2.900787163009692,21.105826397146256,89.77407847800237,53.269916765755056,45.18430439952438,37.51493428912784,36.74197384066588,49.36981206591118,28.314506539833538
6207,雷科,電子設備,109.5,587124231.8,95.24318546231962,6.126482213438735,35.81,6.493506493506493,7.352941176470584,-0.047554972461603805,66.16314199395771,22.60669309926984,5.112960760998811,78.83472057074911,32.69916765755054,28.180737217598097,88.5304659498208,58.263971462544596,46.67161043134347,28.180737217598097
6957,裕慶-KY,基本金屬,258.5,23702306.5,97.23247232472325,4.216073781291173,-31.15,4.761904761904762,20.79439252336448,0.04841507385458397,100.0,-16.093610176976114,3.329369797859691,93.34126040428062,79.07253269916765,98.75148632580262,13.859020310633213,3.0915576694411415,57.670733907548765,27.957788347205707
2481,強茂,電子零組件,168.5,6039532227.0,97.85831960461286,3.491436100131752,29.82,5.921052631578947,20.78853046594982,0.006244837860347389,74.06593406593407,0.4305249656342127,4.637336504161712,93.22235434007135,62.544589774078474,47.80023781212842,50.179211469534046,52.02140309155767,51.676745979994806,27.809155766944116
2409,友達,光電及I/O,29.4,7308309227.865,99.44444444444444,0.6587615283267457,-5.86,2.666666666666667,11.574952561669827,0.03663486359838983,89.90825688073393,-7.6362788373168184,1.9024970273483945,86.08799048751486,75.38644470868014,83.23424494649228,24.492234169653525,11.652794292508919,54.220682267937846,27.675386444708685
6530,創威,通信網路,96.6,230172805.17,87.92089791555317,13.636363636363635,10.68,28.846153846153843,19.554455445544548,-0.012243436315372613,72.35955056179775,-2.195041577220122,29.07253269916766,92.5089179548157,51.843043995243754,43.162901307966706,40.26284348864994,29.48870392390012,51.37004788916876,27.303804994054694
8040,九暘,半導體,78.2,99237253.49999999,99.12408759124088,1.185770750988142,54.12,2.272727272727273,12.356321839080465,-0.08113671202183133,62.56,10.407732583493328,1.426872770511296,87.03923900118906,21.521997621878715,20.80856123662307,78.73357228195937,73.42449464922711,41.9060485824323,27.155172413793103
6147,頎邦,半導體,207.5,7548016737.4,96.95350080171032,4.3478260869565215,43.61,5.303030303030303,26.911314984709488,0.00906144963354877,67.9214402618658,6.9939267026490555,4.161712247324614,95.60047562425684,64.20927467300832,33.055885850178356,72.40143369175627,65.51724137931035,53.885756417304876,26.78359096313912
8064,東捷,電子設備,118.5,845035762.25,66.78301337987202,30.764163372859027,-43.5,58.44155844155844,19.696969696969703,-0.025017702395246987,68.69565217391305,-20.75664486758159,59.92865636147443,92.74673008323424,44.589774078478,35.6718192627824,10.75268817204301,1.9024970273483945,48.73793359160241,26.18906064209275
6221,晉泰,資訊服務,29.1,14918705.4625,29.93051843933725,60.21080368906456,21.48,46.808510638297875,31.081081081081095,-0.003741675748035202,53.39449541284404,38.48124293617273,47.97859690844233,96.43281807372176,57.31272294887039,7.609988109393578,94.1457586618877,43.162901307966706,60.695976940463154,25.579667063020214
3540,曜越,電子零組件,22.95,22670369.184999995,55.092889173606665,40.250329380764164,-8.72,61.18421052631579,12.776412776412771,-0.12146169786741481,61.44578313253012,0.0536168144859559,61.831153388822834,87.51486325802615,13.317479191438764,18.311533888228297,48.50657108721625,9.453032104637336,45.89632016274646,25.52021403091558
6290,良維,電子零組件,264.0,1124960420.925,91.50187065740246,10.408432147562582,18.19,17.105263157894736,26.014319809069207,-0.04536838254748726,71.93460490463215,8.111820686962721,16.76575505350773,95.12485136741974,33.41260404280618,42.21165279429251,75.62724014336918,37.93103448275862,52.62842068027906,25.445897740784783
7772,耀穎,半導體,133.0,22884741.35,91.20879120879121,10.67193675889328,54.2,22.727272727272727,48.10690423162585,-0.07211213915197594,41.75824175824176,29.84605493471508,22.829964328180736,98.5731272294887,24.137931034482758,1.5457788347205708,91.75627240143369,73.60285374554103,47.76861476566129,24.851367419738406
4770,上品,樹脂,220.5,121127516.575,83.60941586748038,17.391304347826086,-29.5,21.428571428571427,3.0373831775700966,0.07692775186457704,71.5909090909091,-33.256810417946646,21.87871581450654,67.53864447086801,86.20689655172413,41.61712247324614,6.332138590203106,3.2104637336504163,44.714703580109585,24.791914387633774
6861,睿生光電,醫療耗材,223.0,207181779.775,86.8639053254438,14.624505928853754,52.47,5.405405405405405,12.34256926952142,-0.0706549436886825,48.268398268398265,9.656230446294494,4.399524375743162,86.92033293697978,24.851367419738406,4.0428061831153395,77.53882915173239,72.53269916765755,39.55057201346182,23.51367419738407
7709,榮田,機械,81.8,18364481.095,65.18324607329843,31.818181818181817,18.89,25.0,14.726507713884995,-0.029523770861672762,61.27340823970038,32.813156018117006,25.148632580261594,88.94173602853745,41.97384066587396,17.717003567181926,92.47311827956989,39.35790725326992,53.25086622428496,23.320451843044
2468,華經,資訊服務,43.65,133271929.41749999,80.54516301443078,20.223978919631094,-28.59,10.638297872340425,23.654390934844205,0.013639708562569306,82.35849056603773,-40.95131940024047,9.80975029726516,94.64922711058263,67.30083234244947,68.13317479191439,5.137395459976105,3.329369797859691,49.00607600043755,21.655766944114152
6830,汎銓,檢測驗證,529.0,1452656575.225,98.2312925170068,2.8326745718050064,31.95,16.666666666666664,22.595596755504065,-0.021447029385823106,54.25641025641026,9.130875648636703,16.171224732461358,93.935790725327,46.25445897740785,8.323424494649228,76.94145758661888,53.983353151010704,48.325271303292865,21.135552913198573
6620,漢達,藥,134.0,272667712.93,99.43181818181817,0.7246376811594203,-79.92,2.127659574468085,74.93472584856397,0.07377031540365392,89.03654485049833,-46.22590571495959,1.2485136741973841,99.40546967895362,85.96908442330559,81.33174791914387,4.301075268817205,0.47562425683709864,54.45117819288354,20.91260404280618
6873,泓德能源,光電及I/O,67.1,18072423.935,97.32558139534883,4.0184453227931485,-27.72,6.666666666666667,-4.415954415954426,0.15249178968969992,48.44765342960288,-29.77401726877147,5.35077288941736,30.915576694411417,95.48156956004756,4.161712247324614,7.168458781362006,3.56718192627824,28.61561803451259,20.5410225921522
6683,雍智科技,半導體,1595.0,1364553993.75,95.17470881863561,6.192358366271409,25.74,9.848484848484848,26.58730158730158,-0.03054804111185273,62.1832358674464,0.8521596913800416,8.799048751486325,95.48156956004756,41.61712247324614,19.381688466111772,52.210274790919954,48.03804994054697,43.497940808362344,20.184304399524375
3008,大立光,消費性電子,6225.0,16523905455.25,99.30518439337253,1.0210803689064558,-16.23,5.263157894736842,17.674858223062383,-0.016526494867992597,79.70550576184378,-3.7801966910892553,3.9239001189060643,91.08204518430439,48.870392390011894,60.879904875148625,34.40860215053764,6.064209274673008,47.83296894378172,19.94649227110583
3021,鴻名,電子零組件,27.1,12401353.0325,84.17958311063603,16.930171277997367,-14.0,32.23684210526316,35.83959899749374,-0.02439238664034933,67.75,-2.425980935735213,32.69916765755054,97.50297265160523,45.0653983353151,32.461355529131986,39.30704898446834,6.777645659928656,49.40718863161424,18.608799048751486
8240,華宏,光電及I/O,49.35,54485153.1475,87.81400320684126,13.70223978919631,-12.59,21.333333333333336,17.08185053380784,-0.11214973952417284,65.97593582887701,-3.2531988499635567,21.759809750297265,90.96313912009512,14.625445897740786,27.824019024970276,35.722819593787335,7.491082045184304,38.17904667737816,16.52794292508918
3049,精金,光電及I/O,12.05,152226057.985,91.34883720930233,10.540184453227932,-72.22,17.333333333333336,13.145539906103298,-0.000491315033583226,66.94444444444446,-1.820694721762635,17.00356718192628,87.99048751486326,58.50178359096314,30.083234244946492,41.09916367980884,0.5945303210463734,46.9356472425016,14.922711058263971
4956,光鋐,光電及I/O,35.25,122330254.9025,90.73083778966132,11.133069828722004,-15.94,18.666666666666668,19.491525423728806,0.004775663213646895,64.44241316270566,-10.598733276879265,18.311533888228297,92.39001189060642,61.23662306777645,24.37574316290131,19.23536439665472,6.302021403091558,43.109855281233436,14.149821640903687
6272,驊陞,電子零組件,27.75,14554881.797500003,84.7457627118644,16.53491436100132,-12.11,30.92105263157895,20.65217391304348,-0.018775037918288405,45.641447368421055,-1.9969137595619806,31.391200951248514,93.10344827586206,46.9678953626635,2.3781212841854935,40.62126642771804,7.8478002378121285,42.89238646033552,12.12841854934602
