stock_id,name,industry,close,adv20,listed_ok,pe_hist_pct,value_pct,revenue_yoy,rev_month,bear_regime,value_ind_pct,momentum20,chip20_turnover,high52_prox,rev_accel,value_ind_pct_pool_pct,momentum20_pool_pct,chip20_turnover_pool_pct,high52_prox_pool_pct,rev_accel_pool_pct,composite,revenue_yoy_pool_pct,c2_score
8926,台汽電,公用事業,63.5,506570664.29499996,True,1.08991825613079,95.80152671755725,1719.48,2026-06-01,False,90.9090909090909,-16.666666666666668,-0.12096382138764022,77.25060827250608,712.66,91.58361018826136,20.930232558139537,5.426356589147287,59.68992248062015,99.55703211517165,55.437430786267996,99.77777777777777,82.53026947212993
2851,中再保,產險,35.35,91153439.6925,True,1.4713896457765667,94.89937543372658,1113.15,2026-05-01,False,100.0,-4.8452220726783235,0.14553769282657947,87.1763255240444,553.9733333333334,98.67109634551495,51.49501661129568,91.14064230343301,83.2779623477298,99.44629014396456,84.80620155038761,99.33333333333333,82.4468438538206
3290,東浦,電子零組件,59.6,83132594.17500001,True,13.976608187134504,83.76127689104788,88.72,2026-06-01,False,95.8041958041958,-10.510510510510501,-0.05051856706647078,83.5904628330996,3.9766666666666737,95.45957918050941,33.665559246954594,19.158361018826135,75.85825027685493,50.71982281284607,54.97231450719822,89.11111111111111,81.69084533038023
6023,元大期,期貨,87.0,131210738.32000001,True,4.4141689373297,91.32546842470506,86.15,2026-06-01,False,91.39026111503176,-12.562814070351758,-0.004468477412003178,80.55555555555556,35.92000000000001,92.24806201550388,28.017718715393137,45.625692137320044,68.66002214839423,92.46954595791806,65.40420819490586,88.55555555555556,80.36148025101514
2363,矽統,半導體,54.6,1043958932.5250002,True,23.703703703703706,76.12768910478835,74.8,2026-06-01,False,88.8,-20.408163265306115,-0.05529747049584325,71.74770039421814,-8.783333333333331,89.03654485049833,14.728682170542637,17.386489479512733,46.29014396456257,17.386489479512733,36.9656699889258,86.33333333333333,76.73283499446289
6265,方土昶,電子通路,48.0,136754253.90749997,True,20.021413276231264,79.4587092297016,1209.51,2026-06-01,False,91.83673469387756,-8.045977011494259,-0.0003586174002307966,75.11737089201877,152.2833333333333,92.69102990033223,41.08527131782946,47.729789590254704,55.14950166112956,98.56035437430786,67.04318936877077,99.44444444444444,76.5499261720192
6209,今國光,消費性電子,69.2,415063827.01,True,1.2269938650306749,95.48924358084663,73.31,2026-06-01,False,95.0,-14.883148831488308,-0.019666954875150706,71.19341563786008,3.026666666666671,94.90586932447398,23.809523809523807,33.77630121816168,44.29678848283499,46.95459579180509,48.74861572535991,85.66666666666667,75.26495016611295
8112,至上,電子通路,84.3,1557684480.175,True,56.23978201634877,52.7411519777932,231.17,2026-06-01,False,69.38775510204081,-7.565789473684216,-0.040111080296032706,83.88059701492537,51.06666666666666,69.32447397563676,42.414174972314505,22.591362126245848,76.41196013289037,95.23809523809523,61.19601328903654,96.77777777777777,75.0250092284976
6902,GOGOLOOK,資訊服務,120.5,12328612.775,True,1.090909090909091,95.69743233865371,36.46,2026-06-01,False,95.45454545454545,-10.074626865671641,-0.021369284326635984,81.69491525423729,8.023333333333333,95.23809523809523,34.55149501661129,32.44739756367663,72.09302325581395,63.565891472868216,59.579180509413064,66.55555555555556,74.83379475821336
5386,青雲,電子通路,248.0,562467397.65,True,0.05449591280653951,99.27133934767522,442.3,2026-06-01,False,100.0,-52.307692307692314,-0.005550839338480315,41.8212478920742,22.183333333333394,98.67109634551495,0.11074197120708748,44.518272425249165,1.2181616832779625,85.93576965669989,46.09080841638981,98.66666666666667,74.61129568106313
6465,威潤,通信網路,50.7,18318282.84,True,4.918032786885246,90.70090215128384,42.29,2026-06-01,False,91.30434782608695,-22.59541984732824,-0.051280074184849325,71.20786516853933,-55.34000000000001,92.13732004429679,9.7452934662237,18.826135105204873,44.518272425249165,4.097452934662237,33.864894795127356,70.66666666666667,74.39424141749723
6259,百徽,電子通路,31.1,109306727.745,True,66.2914691943128,45.66273421235253,82.68,2026-06-01,False,63.26530612244898,-25.864123957091778,-0.011350324309240996,73.00469483568075,35.080000000000005,62.901439645625686,6.0908084163898115,39.64562569213732,49.83388704318937,92.13732004429679,50.1218161683278,88.0,73.66112956810632
4973,廣穎,半導體,142.5,314230996.85,True,53.26662742789876,55.378209576682856,197.3,2026-06-01,False,77.60000000000001,-20.833333333333336,0.004299881903005617,67.85714285714286,33.77000000000001,76.85492801771872,13.565891472868216,51.49501661129568,34.883720930232556,91.9158361018826,53.74307862679956,95.77777777777777,73.48763381321521
3709,鑫聯大投控,電子通路,73.0,106477201.69,True,9.04632152588556,87.61276891047883,72.07,2026-06-01,False,93.87755102040816,-5.317769130998696,0.0031934139753897937,78.57911733046285,44.513333333333335,94.24141749723145,50.27685492801772,50.83056478405316,63.45514950166113,94.24141749723145,70.60908084163898,85.33333333333334,73.18826135105205
4967,十銓,半導體,223.5,676965127.3,True,0.411522633744856,97.77931991672449,35.0,2026-06-01,False,98.4,-15.660377358490566,-0.023479978400437036,73.39901477832512,-40.39999999999999,96.67774086378738,22.92358803986711,30.454042081949055,51.162790697674424,4.651162790697675,41.17386489479513,64.88888888888889,72.45145810262089
2451,創見,半導體,272.0,1478333570.85,True,0.10899182561307902,98.99375433726578,381.55,2026-06-01,False,99.2,-2.333931777378815,-0.11185613848348286,74.82806052269602,-100.38666666666666,97.12070874861573,60.90808416389811,6.866002214839424,54.48504983388705,2.2148394241417497,44.31893687707641,98.44444444444444,72.28552971576227
6691,洋基工程,電子設備,696.0,727646400.5,True,88.31521739130434,22.345593337959752,115.19,2026-06-01,False,42.25352112676056,-12.23203026481715,-0.12443310543616619,87.32747804265998,27.10666666666667,41.19601328903654,29.014396456256918,5.094130675526024,84.0531561461794,89.59025470653378,49.78959025470653,92.11111111111111,72.08647102251753
2889,國票金,金融控股,15.7,121727301.52999997,True,58.63760217983651,50.936849410131856,100.04,2026-06-01,False,92.3076923076923,6.081081081081071,0.15820292027585975,89.20454545454545,-1196.24,93.02325581395348,83.72093023255815,93.46622369878183,87.04318936877077,0.6644518272425249,71.58361018826136,90.22222222222223,71.64193429309708
8183,精星,印刷電路板,30.25,28136263.647499997,True,35.258855585831064,67.73074253990285,64.66,2026-06-01,False,97.43589743589743,-6.3467492260061835,-0.016344392055346345,74.41574415744158,27.953333333333326,96.3455149501661,46.179401993355484,36.21262458471761,53.59911406423035,90.14396456256921,64.49612403100775,82.55555555555556,71.58019564414913
2305,全友,光電及I/O,31.85,154524813.09750003,True,42.56086564472498,63.08119361554476,142.33,2026-06-01,False,72.3076923076923,-9.25925925925926,-0.0684385145627498,74.6776084407972,35.253333333333345,72.09302325581395,36.21262458471761,13.2890365448505,54.263565891472865,92.24806201550388,53.621262458471755,94.11111111111111,71.06376891842008
3135,凌航,半導體,160.0,278037333.2,True,3.404255319148936,92.15822345593338,150.02,2026-06-01,False,96.8,-13.978494623655912,0.012037495621262535,61.42034548944337,-180.75333333333336,95.90254706533776,25.13842746400886,56.69988925802879,18.715393133997786,1.550387596899225,39.60132890365448,94.44444444444444,70.98098929494279
6177,達麗,建設,47.9,57963073.24250001,True,14.568040654997178,83.13671061762665,1322.16,2026-06-01,False,83.05084745762711,4.928806133625411,0.1581439421750799,86.15107913669064,743.4366666666667,83.49944629014396,81.06312292358804,93.35548172757476,80.62015503875969,99.66777408637874,87.64119601328903,99.55555555555556,70.65300849021779
5289,宜鼎,半導體,1330.0,4278977249.75,True,63.869209809264305,47.6058292852186,696.31,2026-06-01,False,69.6,-17.133956386292834,-0.03191257398012824,66.83417085427136,56.23666666666668,69.76744186046511,19.379844961240313,26.46733111849391,32.55813953488372,96.23477297895903,48.88150609080842,99.22222222222223,70.54198966408268
1256,鮮活果汁-KY,飲料乳品,184.5,22235865.1,True,25.122615803814714,75.29493407356003,52.28,2026-06-01,False,100.0,4.23728813559322,0.003377296316918,88.06682577565633,8.233333333333341,98.67109634551495,79.51273532668881,50.94130675526024,85.38205980066445,64.11960132890366,75.72535991140641,77.33333333333333,70.46843853820599
8227,巨有科技,半導體,150.5,268347452.85,True,18.685121107266436,80.36086051353227,88.44,2026-06-01,False,91.2,-19.518716577540108,-0.03257509707985044,60.44176706827309,-35.25,91.9158361018826,15.83610188261351,26.245847176079735,15.83610188261351,5.204872646733112,31.0077519379845,89.0,70.22895902547066
8271,宇瞻,半導體,218.0,731744818.5,True,0.05449591280653951,99.27133934767522,200.65,2026-06-01,False,100.0,10.1010101010101,-0.05007410850991169,83.6852207293666,-61.316666666666634,98.67109634551495,90.80841638981174,19.269102990033225,76.0797342192691,3.433001107419712,57.652270210409746,96.11111111111111,70.01338132152085
5522,遠雄,建設,66.5,76572926.91,True,7.901907356948229,88.41082581540597,2513.5,2026-06-01,False,88.13559322033898,3.744149765990649,0.1385120924809865,80.90024330900243,1364.0166666666667,88.70431893687709,78.51605758582502,90.36544850498339,69.54595791805093,99.88925802879291,85.40420819490586,99.8888888888889,69.90577703949798
2316,楠梓電,印刷電路板,155.0,439837394.825,True,37.32970027247956,66.48160999306037,27.83,2026-06-01,False,94.87179487179486,-32.608695652173914,-0.080301202312254,66.09808102345416,-19.236666666666665,94.79512735326688,2.3255813953488373,12.181616832779623,30.67552602436323,10.188261351052049,30.03322259136212,56.111111111111114,69.8140457733481
3260,威剛,半導體,402.0,3118019435.875,True,8.841099163679809,87.92505204718945,212.06,2026-06-01,False,95.19999999999999,1.1320754716981132,0.00537256029751322,76.57142857142857,14.72333333333333,95.12735326688815,70.98560354374308,52.38095238095239,58.3610188261351,77.29789590254707,70.83056478405315,96.22222222222221,69.68124769287559
8042,金山電,電子零組件,117.5,1164105992.875,True,20.36923076923077,79.1117279666898,51.3,2026-06-01,False,94.4055944055944,-34.903047091412745,-0.019293009763772,55.819477434679335,12.136666666666663,94.57364341085271,1.6611295681063125,33.99778516057586,8.859357696566999,72.64673311184939,42.347729789590254,76.77777777777777,69.63741232927279
2323,中環,光電及I/O,10.3,86203367.91,True,0.9746588693957114,95.97501734906315,38.84,2026-06-01,False,96.92307692307692,-5.5045871559633,-0.03939007141318898,78.6259541984733,20.763333333333335,96.01328903654485,49.6124031007752,23.145071982281284,63.565891472868216,84.71760797342192,63.41085271317829,68.11111111111111,69.51947212993724
2497,怡利電,汽車組件,52.8,52208001.970000006,True,22.690437601296594,76.68285912560722,52.52,2026-06-01,False,88.88888888888889,-4.000000000000005,0.046602834284800096,79.04191616766467,14.313333333333333,89.3687707641196,54.706533776301214,72.97895902547066,64.45182724252491,76.41196013289037,71.58361018826136,77.66666666666666,69.19518272425249
6026,福邦證,證券,14.25,42178283.5475,True,28.004807692307693,72.65787647467037,1448.39,2026-06-01,False,50.0,-13.897280966767376,-0.049367613154326875,73.83419689119171,809.6866666666667,49.16943521594684,25.249169435215947,19.4905869324474,52.823920265780735,99.77851605758582,49.30232558139535,99.66666666666667,69.10271317829458
3708,上緯投控,樹脂,98.4,76614429.85499999,True,0.10899182561307902,98.99375433726578,61.7,2026-06-01,False,100.0,-9.308755760368658,-0.035126226112728386,66.26262626262627,5.150000000000013,98.67109634551495,35.76965669988926,24.695459579180508,31.118493909191585,54.263565891472865,48.90365448504984,81.55555555555556,68.8938722775932
6782,視陽,醫療耗材,184.5,61350905.575,True,0.22650056625141565,98.33448993754337,45.95,2026-06-01,False,100.0,-2.8947368421052633,0.027059009950159356,78.51063829787233,25.663333333333338,98.67109634551495,59.46843853820598,65.66998892580288,63.12292358803987,88.59357696566998,75.10520487264674,73.11111111111111,68.85917312661499
2881,富邦金,金融控股,130.0,3932714848.5,True,88.50136239782016,22.033310201249133,155.03,2026-05-01,False,46.15384615384615,-2.9850746268656714,0.08799117102336086,93.86281588447653,-16.25,45.071982281284605,59.02547065337763,83.2779623477298,94.13067552602436,11.627906976744185,58.62679955703211,94.77777777777779,68.73874123292728
4772,台特化,其他化學,247.0,173095729.45,True,1.345291479820628,95.35045107564191,272.73,2026-06-01,False,100.0,-5.182341650671785,-0.00015476244494968023,65.69148936170212,31.383333333333354,98.67109634551495,50.3875968992248,48.06201550387597,28.903654485049834,91.14064230343301,63.433001107419706,97.33333333333334,68.63012181616833
5351,鈺創,半導體,83.6,2657667929.4800005,True,73.05263157894737,39.76405274115198,657.48,2026-06-01,False,61.6,-4.238258877434139,-0.013589271550236499,80.0,97.47333333333336,61.35105204872646,53.48837209302325,38.205980066445186,67.27574750830566,97.56367663344408,63.57696566998892,99.11111111111111,68.56238464377999
6658,聯策,電子設備,155.5,265528162.975,True,47.95763993948563,59.541984732824424,51.6,2026-06-01,False,84.50704225352112,-26.995305164319248,0.002421878707901705,60.505836575875485,42.21333333333334,85.16057585825027,5.204872646733112,49.944629014396455,16.057585825027683,93.68770764119601,50.011074197120706,76.88888888888889,68.22554448135843
8299,群聯,半導體,1820.0,9088316684.75,True,71.00817438692098,41.67244968771686,301.0,2026-06-01,False,64.8,-21.21212121212121,-0.038494164341300714,63.19444444444444,21.379999999999995,64.562569213732,12.624584717607974,23.366555924695458,22.369878183831673,85.16057585825027,41.61683277962347,97.55555555555556,67.96585455887782
7712,博盛半導體,半導體,141.5,91685941.0,True,62.99212598425197,48.369188063844554,49.37,2026-06-01,False,70.39999999999999,-27.249357326478147,-0.021996746288524646,66.27634660421545,31.043333333333333,70.09966777408638,4.761904761904762,31.67220376522702,31.22923588039867,90.91915836101883,45.736434108527135,75.1111111111111,67.91952750092285
2618,長榮航,空運,41.95,2188048260.865,True,21.53744201457919,78.00138792505204,26.58,2026-06-01,False,77.91107974594213,-4.223744292237431,0.2932888425902716,93.42984409799556,4.053333333333331,77.51937984496125,53.59911406423035,99.44629014396456,93.35548172757476,51.05204872646733,74.99446290143965,53.77777777777778,67.76338132152085
6024,群益期,期貨,64.7,25968418.145000003,True,38.85558583106267,65.5794587092297,124.15,2026-06-01,False,65.49047282992237,7.119205298013252,0.07602429548343145,99.23312883435584,169.84,65.33776301218161,86.26799557032115,81.50609080841639,98.78183831672203,98.78183831672203,86.13510520487264,93.0,67.71290143964562
7744,崴寶,電子零組件,408.5,22057941.15,True,32.91139240506329,69.32685634975712,128.13,2026-06-01,False,86.01398601398601,-7.369614512471655,-0.03677991722993751,67.1875,15.870000000000005,86.93244739756368,43.18936877076412,24.14174972314507,33.44407530454042,78.8482834994463,53.311184939091916,93.22222222222221,67.60234403839054
8936,國統,金屬製品,53.1,242058432.41500002,True,11.553133514986376,85.63497571131158,21.24,2026-06-01,False,100.0,-9.693877551020401,-0.007443930487736779,76.62337662337663,7.333333333333332,98.67109634551495,35.21594684385382,42.74640088593577,58.58250276854928,62.347729789590254,59.51273532668881,48.22222222222222,67.56496862310816
5607,遠雄港,貨運倉儲,49.6,20524551.904999997,True,29.155313351498634,71.96391394864678,37.01,2026-06-01,False,78.57142857142857,-1.1952191235059788,0.019143533304839824,89.04847396768402,-0.023333333333333428,78.07308970099668,63.565891472868216,61.240310077519375,86.82170542635659,35.437430786267996,65.02768549280178,67.0,67.08222591362126
2436,偉詮電,半導體,58.2,254284907.88000003,True,10.95367847411444,85.91256072172104,18.28,2026-06-01,False,94.39999999999999,-17.796610169491515,-0.01997416218516452,72.29813664596274,-6.676666666666666,94.46290143964563,17.940199335548172,33.44407530454042,47.61904761904761,19.601328903654487,42.61351052048727,43.77777777777778,66.97988187523072
3689,湧德,電子零組件,110.0,176361605.225,True,45.177111716621255,61.34628730048577,72.66,2026-06-01,False,81.81818181818183,-2.2222222222222223,0.01619501085632447,77.46478873239437,26.946666666666665,82.55813953488372,61.12956810631229,59.136212624584715,60.35437430786268,89.25802879291251,70.48726467331119,85.44444444444444,66.80684754521964
2884,玉山金,金融控股,36.4,1747750410.6650002,True,28.337874659400548,72.38029146426092,25.3,2026-06-01,False,100.0,5.354558610709121,0.23251815810034573,98.51150202976994,-7.326666666666664,98.67109634551495,82.281284606866,97.78516057585826,98.00664451827242,18.826135105204873,79.1140642303433,52.22222222222223,66.6546696197859
2101,南港,輪胎,33.15,83751251.5025,True,4.739336492890995,90.97848716169327,328.25,2026-06-01,False,100.0,6.420545746388444,0.1586821297897937,74.66216216216216,115.70000000000002,98.67109634551495,84.49612403100775,93.57696566998892,54.15282392026578,98.2281284606866,85.82502768549281,97.66666666666667,66.49861572535991
3162,精確,汽車組件,64.1,81695736.24999999,True,46.54970760233918,60.37473976405274,58.73,2026-06-01,False,69.44444444444444,-18.963337547408347,0.07346241110131349,66.84045881126171,32.019999999999996,69.43521594684385,16.72203765227021,81.17386489479512,32.779623477297896,91.47286821705426,58.31672203765227,80.22222222222221,66.42875599852343
6831,邁科,電子零組件,630.0,809368168.95,True,25.624999999999996,74.80916030534351,29.3,2026-06-01,False,90.20979020979021,-20.95357590966123,-0.021475420349252188,65.89958158995816,31.23,91.0299003322259,13.067552602436322,32.22591362126246,30.011074197120706,91.0299003322259,51.472868217054256,57.666666666666664,66.41002214839423
7822,倍利科,電子設備,865.0,199319221.4,True,8.641975308641975,88.13324080499653,50.72,2026-06-01,False,97.1830985915493,-22.421524663677133,-0.029270095091098954,47.397260273972606,-18.78,96.12403100775194,10.299003322259136,27.906976744186046,3.322259136212625,10.409745293466225,29.612403100775197,76.44444444444444,66.39793281653746
1307,三芳,石化,31.45,36339646.239999995,True,14.059945504087192,83.58778625954199,11.11,2026-06-01,False,93.75,-8.442503639010194,-0.14465521276691135,84.0909090909091,1.5099999999999998,94.01993355481729,39.09191583610188,3.211517165005537,76.74418604651163,40.64230343300111,50.74197120708749,33.0,66.16805094130676
1815,富喬,印刷電路板,75.2,2028064827.725,True,54.932502596054,53.85149201943095,46.36,2026-06-01,False,87.17948717948718,-22.233712512926576,-0.005285462886726786,59.21259842519685,-3.4466666666666725,87.70764119601328,10.520487264673312,44.96124031007752,14.06423034330011,27.131782945736433,36.87707641196013,73.22222222222223,66.11840162421558
3229,晟鈦,印刷電路板,38.8,15861327.285,True,80.95238095238095,32.13046495489243,99.09,2026-06-01,False,66.66666666666666,-8.813160987074031,-0.022456020319497703,71.32352941176471,27.370000000000005,66.61129568106313,37.87375415282392,31.561461794019934,45.29346622369878,89.81173864894795,54.23034330011073,90.11111111111111,66.03552971576227
7788,松川精密,電子零組件,207.5,500669343.075,True,80.74866310160428,32.40804996530187,65.66,2026-06-01,False,56.64335664335665,-17.0,-0.042018038795233595,71.06164383561644,23.953333333333333,56.035437430786274,19.712070874861574,21.92691029900332,44.07530454042082,87.59689922480621,45.86932447397564,83.0,65.84966777408637
2727,王品,餐飲飯店,225.5,150908741.65,True,4.030226700251889,91.6030534351145,16.59,2026-06-01,False,70.83333333333334,-8.519269776876268,-0.089543769457691,90.56224899598394,1.6766666666666676,70.54263565891473,38.648947951273534,10.409745293466225,88.70431893687709,41.41749723145072,49.94462901439646,42.11111111111111,65.67727943890735
6279,胡連,汽車組件,115.5,73055507.2,True,8.991825613079019,87.78625954198473,41.2,2026-06-01,False,100.0,-0.8583690987124464,0.09225867951282342,76.74418604651163,13.993333333333336,98.67109634551495,65.00553709856035,84.60686600221484,58.91472868217055,74.97231450719822,76.43410852713178,70.11111111111111,65.67284976005907
7805,威聯通,電腦及週邊,603.0,30884493.5,True,9.929078014184398,86.60652324774463,28.11,2026-06-01,False,94.73684210526315,-8.21917808219178,-0.03807490914270556,73.53658536585365,13.176666666666668,94.6843853820598,40.310077519379846,23.588039867109632,51.82724252491694,74.19712070874863,56.92137320044297,56.44444444444444,65.66149870801034
3556,禾瑞亞,半導體,61.6,103335986.59,True,75.47683923705722,38.13324080499653,66.86,2026-06-01,False,59.599999999999994,-8.605341246290807,-0.017168353603914537,76.61691542288557,35.61,58.63787375415283,38.42746400885936,35.548172757475086,58.4717607973422,92.35880398671097,56.688815060908084,83.55555555555556,65.5594315245478
3311,閎暉,電子零組件,34.5,15068256.907500003,True,14.599686028257459,83.06731436502429,14.07,2026-06-01,False,95.1048951048951,-6.63058186738837,-0.013464580482948347,83.53510895883778,3.1499999999999986,95.01661129568106,45.182724252491695,38.31672203765227,75.63676633444075,47.23145071982282,60.27685492801773,36.666666666666664,65.53433001107419
3530,晶相光,半導體,56.8,12865880.71,True,35.571054925893634,67.59195003469813,24.34,2026-06-01,False,84.8,-15.976331360946745,-0.1595014210517091,71.89873417721519,-5.670000000000002,85.71428571428571,22.48062015503876,2.547065337763012,46.733111849390916,21.816168327796234,35.858250276854925,51.0,65.24169435215947
3607,谷崧,電子零組件,14.2,10170493.639999999,True,23.333333333333332,76.40527411519777,15.11,2026-06-01,False,90.9090909090909,-11.801242236024857,-0.032639669270530726,77.59562841530054,16.62,91.58361018826136,30.23255813953488,26.135105204872644,61.01882613510521,79.84496124031007,57.76301218161683,38.55555555555556,65.23135843484681
4916,事欣科,電腦及週邊,102.0,1022929651.585,True,30.71852340145023,71.13115891741846,80.52,2026-06-01,False,84.21052631578947,6.583072100313476,-0.054290869691234686,81.92771084337349,2.1566666666666663,84.88372093023256,85.04983388704319,17.497231450719823,72.97895902547066,43.63233665559247,60.80841638981174,87.55555555555556,65.0921004060539
4771,望隼,醫療耗材,187.5,53577487.3,True,8.202443280977311,88.34142956280361,31.26,2026-06-01,False,81.81818181818183,0.0,0.09725017905832962,87.20930232558139,-5.956666666666667,82.55813953488372,66.38981173864894,85.8250276854928,83.38870431893687,20.930232558139537,67.81838316722038,60.55555555555555,65.0281469176818
7749,意騰-KY,半導體,357.5,67943212.8,True,0.7326007326007326,96.73837612768911,64.48,2026-06-01,False,97.6,-14.268585131894485,-0.08699742369788545,51.962209302325576,5.259999999999998,96.4562569213732,24.916943521594686,11.074197120708748,5.980066445182724,54.706533776301214,38.62679955703212,82.44444444444444,64.99095607235142
3702,大聯大,電子通路,116.0,1620903923.075,True,70.68119891008175,42.15822345593338,131.85,2026-06-01,False,61.224489795918366,8.92018779342723,-0.043291459979131634,93.92712550607287,47.349999999999994,60.57585825027686,89.03654485049833,21.15171650055371,94.24141749723145,94.79512735326688,71.96013289036544,93.55555555555556,64.83407161314139
3356,奇偶,光電及I/O,59.2,36017124.394999996,True,0.9279475982532752,96.11380985426787,24.09,2026-06-01,False,98.46153846153847,3.3158813263525406,0.027871150701230654,90.65849923430322,10.523333333333332,96.78848283499445,77.40863787375415,66.11295681063123,89.14728682170544,69.21373200442967,79.734219269103,50.77777777777778,64.82622739018089
2211,長榮鋼,基本金屬,88.6,60208010.11500001,True,24.145962732919255,75.91950034698127,47.25,2026-06-01,False,83.78378378378379,-5.341880341880342,-0.09393941635547887,73.22314049586777,25.536666666666665,84.60686600221484,50.055370985603545,8.970099667774086,50.3875968992248,88.37209302325581,56.47840531561462,74.0,64.73477297895903
8476,台境*,資源回收,21.5,35848833.667500004,True,76.76470588235294,36.36363636363637,66.05,2026-06-01,False,28.57142857142857,-9.66386554621849,-0.0786265613703887,86.86868686868688,74.47333333333333,28.737541528239202,35.437430786267996,12.29235880398671,82.33665559246954,96.56699889258029,51.074197120708746,83.22222222222221,64.71474713916574
7728,光焱科技,電子設備,614.0,18638787.2,True,54.41176470588235,54.33726578764747,114.18,2026-06-01,False,76.05633802816901,-6.54490106544901,-0.006558708137487882,68.45039018952063,75.94,75.74750830564784,45.73643410852713,43.63233665559247,36.76633444075305,96.78848283499445,59.73421926910298,92.0,64.69435215946844
8048,德勝,通信網路,52.4,12210996.145,True,79.78201634877384,33.691880638445525,130.48,2026-06-01,False,45.65217391304348,-14.23895253682488,-0.22378215067619747,71.29251700680271,51.7,44.73975636766335,25.027685492801773,0.9966777408637874,44.85049833887043,95.5703211517165,42.23698781838317,93.44444444444444,64.50175341454411
3284,太普高,印刷,21.2,30248178.0,True,8.548931383577054,88.20263705759889,13.11,2026-06-01,False,88.21453775582216,-27.768313458262355,0.021678496490465375,68.71961102106968,14.6,88.81506090808416,4.208194905869324,62.45847176079734,37.54152823920266,76.85492801771872,53.975636766334446,35.55555555555556,64.42598744924327
2376,技嘉,電腦及週邊,349.5,2028395850.75,True,48.88283378746594,59.264399722414986,68.55,2026-06-01,False,78.94736842105263,9.389671361502346,-0.011362673828252888,87.59398496240601,19.486666666666665,78.46068660022148,89.81173864894795,39.53488372093023,84.49612403100775,83.2779623477298,75.11627906976744,84.11111111111111,64.3140457733481
1808,潤隆,建設,32.15,30881117.949999996,True,26.089517078916373,74.25399028452463,162537.27,2026-06-01,False,69.49152542372882,5.065359477124173,0.17412452751036436,80.67754077791717,77044.36666666665,69.54595791805093,81.50609080841639,94.35215946843853,68.9922480620155,100.0,82.87929125138427,100.0,64.25802879291251
4949,有成精密,光電及I/O,66.5,74155731.315,True,44.107744107744104,62.10964607911173,68.69,2026-06-01,False,70.76923076923077,-18.902439024390244,0.039581021165911,61.57407407407407,22.53666666666666,70.43189368770764,16.832779623477297,69.8781838316722,19.047619047619047,86.26799557032115,52.49169435215947,84.22222222222221,64.2172388335179
3046,建碁,電腦及週邊,54.7,39445662.53,True,26.50334075723831,73.9764052741152,53.63,2026-06-01,False,87.71929824561403,8.96414342629482,0.07284721408170257,85.46875,3.3766666666666723,88.26135105204872,89.25802879291251,80.95238095238095,79.18050941306755,48.50498338870432,77.23145071982282,78.11111111111111,64.07373569582872
2887,台新新光金,金融控股,34.95,2719577827.3325,True,87.57493188010899,23.490631505898683,329.5,2026-06-01,False,53.84615384615385,9.561128526645781,0.11202961897105272,94.84396200814112,-110.59999999999997,52.99003322259136,90.14396456256921,87.48615725359912,95.34883720930233,1.9933554817275747,65.59246954595793,98.0,64.04872646733112
5515,建國,營造,43.6,20983514.6475,True,2.561307901907357,93.61554476058292,24.55,2026-06-01,False,93.75,7.7873918417799715,0.1009780707012346,98.53107344632768,6.376666666666669,94.01993355481729,87.37541528239203,86.15725359911407,98.11738648947951,59.579180509413064,85.0498338870432,51.16666666666667,63.98214285714286
6805,富世達,電子零組件,1455.0,1698409958.0,True,8.841463414634147,87.8556557945871,32.66,2026-06-01,False,97.9020979020979,-11.28048780487805,-0.048276256176559486,65.68848758465012,-10.31666666666667,96.56699889258029,31.782945736434108,19.93355481727575,28.792912513842744,15.725359911406422,38.56035437430786,62.33333333333333,63.97757475083056
1402,遠東新,人纖,27.45,656309240.9649999,True,44.141689373297005,62.00555170020819,12.06,2026-06-01,False,83.33333333333334,-3.684210526315792,0.18644749422580975,93.84615384615384,-3.2200000000000006,84.21926910299004,56.69988925802879,95.23809523809523,94.01993355481729,28.017718715393137,71.63898117386489,34.0,63.88482834994463
8473,山林水,資源回收,43.7,36222333.245000005,True,3.978779840848806,91.74184594031922,18.1,2026-06-01,False,85.71428571428571,-9.147609147609144,0.03493509978604016,78.03571428571429,4.586666666666666,86.37873754152824,36.65559246954596,68.66002214839423,62.01550387596899,53.156146179402,61.37320044296788,43.55555555555555,63.823551125876705
2347,聯強,電子通路,88.6,814614760.7,True,89.3732970027248,21.165857043719637,135.45,2026-06-01,False,20.408163265306122,-4.5258620689655205,0.031167906217663806,93.26315789473684,19.44999999999999,20.70874861572536,52.71317829457365,67.66334440753046,93.02325581395348,83.05647840531562,63.43300110741971,93.66666666666667,63.671373200442964
9935,慶豐富,五金及家具,19.35,11420508.245,True,18.46414455110107,80.70784177654406,17.01,2026-06-01,False,100.0,2.380952380952396,0.11863800509991564,89.79118329466358,2.7300000000000004,98.67109634551495,74.64008859357698,88.59357696566998,87.70764119601328,45.73643410852713,79.06976744186048,42.44444444444444,63.54577334809892
6756,威鋒電子,半導體,95.0,17889165.02,True,63.95864106351551,47.53643303261624,50.06,2026-06-01,False,68.8,0.3167898627243898,-0.021535120122417335,84.44444444444444,22.88,68.66002214839423,67.44186046511628,32.00442967884828,76.9656699889258,86.48947951273533,66.31229235880399,75.88888888888889,63.51818014027316
2207,和泰車,車輛買賣,498.0,189851067.95,True,7.080200501253133,89.03539208882721,48.36,2026-06-01,False,89.06139731827805,3.5343035343035343,0.11948112000969434,80.19323671497585,17.78333333333333,89.70099667774086,78.29457364341084,88.81506090808416,67.88482834994463,81.3953488372093,81.21816168327796,74.66666666666667,63.48947951273533
6416,瑞祺電通,電腦及週邊,102.0,112127985.60499999,True,49.863760217983646,58.70922970159611,58.62,2026-06-01,False,77.19298245614034,29.277566539923942,0.02668485345951427,95.77464788732394,36.00666666666666,76.41196013289037,98.78183831672203,65.33776301218161,95.90254706533776,92.58028792912513,85.80287929125139,80.0,63.38316722037653
2488,漢平,消費性電子,49.7,14483761.775,True,58.36512261580381,51.526717557251914,36.22,2026-06-01,False,40.0,-8.133086876155266,0.016411028472963794,90.52823315118398,5.396666666666665,38.87043189368771,40.753045404208194,59.2469545957918,88.59357696566998,55.48172757475083,56.58914728682171,66.11111111111111,63.20551864156515
3045,台灣大,通信網路,113.5,2071063178.975,True,20.326975476839237,79.2852185981957,6.57,2026-06-01,False,84.78260869565217,-4.219409282700422,0.19572303204312488,94.1908713692946,2.4833333333333334,85.60354374307863,53.70985603543743,95.79180509413068,94.35215946843853,44.85049833887043,74.86157253599114,26.055555555555554,63.07535068290882
3515,華擎,電腦及週邊,205.5,111207637.125,True,23.37874659400545,76.33587786259542,47.6,2026-06-01,False,91.22807017543859,-11.422413793103448,0.0015967958999581098,60.88888888888889,52.74,92.02657807308971,31.118493909191585,49.28017718715393,17.275747508305646,95.68106312292359,57.076411960132894,74.11111111111111,63.073735695828724
6585,鼎基,樹脂,121.0,49913783.7,True,79.52755905511812,34.073560027758504,91.44,2026-06-01,False,41.66666666666667,-6.2015503875969,0.008036415513101558,80.39867109634552,32.449999999999996,40.753045404208194,46.29014396456257,53.59911406423035,68.21705426356588,91.80509413067553,60.132890365448496,89.44444444444444,63.031100036914
3450,聯鈞,通信網路,438.0,2538421859.95,True,82.58590564938847,30.326162387231086,88.18,2026-06-01,False,36.95652173913043,-17.358490566037734,-0.035046046110736126,71.56862745098039,26.98333333333334,36.32336655592469,19.158361018826135,24.8062015503876,45.84717607973422,89.3687707641196,43.10077519379845,88.88888888888889,62.975267626430416
8415,大國鋼,基本金屬,38.2,28163228.9675,True,32.752043596730246,69.60444136016655,36.57,2026-06-01,False,75.67567567567568,9.612625538020088,0.18628884589442635,100.0,11.29333333333333,75.52602436323367,90.36544850498339,95.01661129568106,99.55703211517165,70.65337763012181,86.22369878183831,66.77777777777779,62.87384643779993
3094,聯傑,半導體,35.55,160472224.79500002,True,89.04632152588556,21.616932685634975,74.09,2026-06-01,False,35.199999999999996,-10.45340050377835,-0.0414072724040807,78.5635359116022,36.64333333333334,34.99446290143965,33.88704318936877,22.259136212624583,63.34440753045404,92.69102990033223,49.435215946843854,86.22222222222223,62.66851236618679
6741,91APP*-KY,數位雲端,55.3,22078909.035,True,0.0794912559618442,99.16724496877168,32.45,2026-06-01,False,100.0,-11.235955056179776,0.28840949779179925,62.485875706214685,0.393333333333338,98.67109634551495,32.00442967884828,99.33554817275747,20.81949058693245,36.76633444075305,57.51937984496125,62.22222222222222,62.427094868955336
3130,一零四,數位雲端,206.0,23456221.45,True,1.4713896457765667,94.89937543372658,7.87,2026-06-01,False,80.0,-6.575963718820861,-0.5783728530887278,88.41201716738198,-1.3333333333333348,80.1218161683278,45.625692137320044,0.11074197120708748,86.26799557032115,32.115171650055366,48.84828349944629,28.666666666666668,62.35769656699889
6574,霈方,化妝美容,124.5,13421056.925,True,14.604904632152587,82.99791811242193,73.91,2026-06-01,False,66.66666666666666,13.698630136986301,0.04023261165387795,91.54411764705883,27.096666666666664,66.61129568106313,94.24141749723145,70.09966777408638,90.91915836101883,89.4795127353267,82.2702104097453,86.11111111111111,62.35003691399041
2897,王道銀行,本國銀行,10.3,55594204.4175,True,61.74386920980927,49.13254684247051,14.1,2026-06-01,False,77.77777777777779,-1.904761904761898,0.073119045641094,96.71361502347419,-13.699999999999998,77.24252491694352,62.01550387596899,81.06312292358804,96.56699889258029,13.2890365448505,66.03543743078626,36.888888888888886,62.17072720561093
8083,瑞穎,機械,157.0,15420927.85,True,5.831062670299728,89.86814712005553,-8.87,2026-06-01,False,96.7741935483871,-8.187134502923977,-0.021718444147797184,87.22222222222223,1.6966666666666654,95.79180509413068,40.53156146179402,31.782945736434108,83.49944629014396,41.52823920265781,58.62679955703212,8.555555555555555,61.82881136950905
2801,彰銀,本國銀行,24.7,781849589.73,True,43.97820163487739,62.456627342123525,9.51,2026-06-01,False,100.0,5.555555555555559,0.05876171798775026,100.0,-4.789999999999999,98.67109634551495,82.50276854928018,77.51937984496125,99.55703211517165,24.031007751937985,76.4562569213732,30.666666666666664,61.59800664451828
2465,麗臺,電腦及週邊,79.0,174539402.73499998,True,70.82601054481546,42.05412907702984,543.89,2026-06-01,False,52.63157894736842,10.027855153203348,0.0469904218948831,88.26815642458101,258.88,52.159468438538205,90.58693244739756,73.08970099667775,85.71428571428571,99.2248062015504,80.15503875968992,98.88888888888889,61.543927648578816
3036,文曄,電子通路,203.5,1789037320.2,True,64.25068119891009,47.18945176960444,188.09,2026-06-01,False,65.3061224489796,-5.56844547563805,-0.08765521110208851,67.49585406301824,48.26333333333332,65.22702104097453,49.16943521594684,10.741971207087486,34.21926910299003,94.90586932447398,50.85271317829457,95.55555555555556,61.45810262089332
2836,高雄銀,本國銀行,12.9,56943750.620000005,True,55.04087193460491,53.64330326162388,14.7,2026-06-01,False,88.88888888888889,5.306122448979594,0.1094519958836621,100.0,1.953333333333335,89.3687707641196,82.17054263565892,87.15393133997786,99.55703211517165,42.30343300110742,80.11074197120709,38.166666666666664,61.23048172757474
3217,優群,電子零組件,152.0,104642978.725,True,12.370572207084468,85.07980569049272,2.42,2026-06-01,False,96.5034965034965,-16.483516483516482,-0.1641833633325819,73.42995169082126,11.92,95.68106312292359,21.373200442967885,2.2148394241417497,51.27353266888151,72.09302325581395,48.52713178294573,19.333333333333332,61.22868217054263
4749,新應材,其他化學,773.0,745447951.3,True,7.650273224043716,88.61901457321305,24.61,2026-06-01,False,93.75,-11.85860889395667,-0.034009462112975807,65.7872340425532,17.063333333333333,94.01993355481729,30.121816168327797,25.47065337763012,29.457364341085274,80.39867109634552,51.8936877076412,51.33333333333333,61.172203765227025
2547,日勝生,建設,10.15,45077484.06249999,True,81.43491124260355,31.5058986814712,141.99,2026-06-01,False,11.864406779661017,-6.8807339449541285,0.08362514698150318,87.50000000000001,77.05333333333334,10.520487264673312,44.518272425249165,82.281284606866,84.27464008859357,96.89922480620154,63.69878183831672,94.0,61.06921373200443
6227,茂綸,電子通路,116.5,44664720.75,True,77.05722070844688,36.12074947952811,84.61,2026-06-01,False,43.87755102040816,0.0,0.029863667618831392,85.97785977859779,44.263333333333335,42.46954595791805,66.38981173864894,66.88815060908084,79.95570321151716,94.13067552602436,69.96677740863788,88.22222222222223,61.06441491325213
2607,榮運,貨運倉儲,47.55,22114110.2475,True,19.509536784741144,79.73629424011104,25.41,2026-06-01,False,85.71428571428571,-1.8575851393188971,0.024565650004097068,80.18549747048904,5.366666666666667,86.37873754152824,62.45847176079734,64.23034330011073,67.77408637873754,55.370985603543744,67.24252491694351,52.33333333333333,61.00692137320044
2027,大成鋼,基本金屬,44.55,724236485.6999999,True,51.1178247734139,57.39070090215128,43.73,2026-06-01,False,64.86486486486487,11.654135338345862,0.1599236295049905,100.0,2.4199999999999946,64.6733111849391,92.02657807308971,93.7984496124031,99.55703211517165,44.629014396456256,78.93687707641195,71.33333333333334,60.88427464008859
6101,寬魚國際,電視廣播,38.75,33098500.087499995,True,7.160493827160494,88.96599583622485,-65.59,2026-06-01,False,88.9908256880734,-18.848167539267017,-0.024446599452730703,81.15183246073299,-105.89333333333335,89.59025470653378,17.05426356589147,30.23255813953488,70.09966777408638,2.104097452934662,41.816168327796234,0.8888888888888888,60.88113695090439
4953,緯軟,資訊服務,123.0,42088228.0,True,27.247956403269757,73.21304649548924,37.07,2026-06-01,False,63.63636363636363,0.40816326530612246,0.0965669072281395,86.01398601398601,3.9933333333333323,63.34440753045404,67.99557032115172,85.49280177187154,80.17718715393134,50.83056478405316,69.56810631229236,67.11111111111111,60.6592838685862
6532,瑞耘,電子設備,68.8,27568825.115000002,True,7.3569482288828345,88.75780707841776,18.65,2026-06-01,False,98.59154929577466,-20.278099652375438,0.016461921983178245,60.35087719298245,-8.220000000000006,96.89922480620154,14.839424141749724,59.46843853820598,15.614617940199334,17.718715393133998,40.908084163898124,44.83333333333333,60.626937984496124
5340,建榮,印刷電路板,68.9,93526832.43499999,True,12.752043596730244,84.66342817487855,25.75,2026-06-01,False,100.0,-20.713463751438432,0.06902798425960559,51.417910447761194,5.510000000000002,98.67109634551495,13.842746400885936,79.734219269103,4.983388704318937,56.367663344407525,50.71982281284607,52.666666666666664,60.619601328903656
5432,新門,電子零組件,117.0,18977404.0,True,47.303443794671864,59.75017349063151,18.54,2026-06-01,False,79.72027972027972,-28.000000000000004,-0.06283424860375209,63.24324324324324,25.06,79.40199335548172,3.9867109634551494,15.060908084163898,22.48062015503876,88.26135105204872,41.83831672203765,44.44444444444444,60.58508674787744
6214,精誠,資訊服務,145.5,223689501.625,True,32.80653950953678,69.50034698126302,76.9,2026-06-01,False,59.09090909090909,13.671875,0.20023516468455077,92.08860759493672,26.556666666666672,58.028792912513836,94.13067552602436,96.12403100775194,91.47286821705426,88.81506090808416,85.71428571428571,86.8888888888889,60.564968623108165
6799,來頡,半導體,81.8,58197663.86,True,25.83170254403131,74.60097154753643,6.47,2026-06-01,False,88.0,-15.84362139917696,-0.0034576928360861544,73.36322869955157,0.4033333333333333,88.42746400885936,22.812846068660022,45.9579180509413,50.83056478405316,36.87707641196013,48.9811738648948,25.61111111111111,60.5140734588409
3013,晟銘電,電子零組件,84.9,140542206.265,True,26.522593320235753,73.90700902151283,26.51,2026-06-01,False,89.5104895104895,-17.572815533980577,0.05743083316867444,60.642857142857146,3.5500000000000043,90.2547065337763,18.715393133997786,76.85492801771872,16.389811738648948,49.28017718715393,50.29900332225914,53.55555555555556,60.37117017349575
3529,力旺,半導體,2430.0,1764739300.75,True,48.93732970027248,59.19500346981263,47.05,2026-06-01,False,81.6,-16.923076923076923,-0.01895221007535382,51.64718384697131,23.043333333333333,82.05980066445183,20.044296788482836,34.21926910299003,5.647840531561462,86.82170542635659,45.75858250276855,73.77777777777777,60.36028054632705
8086,宏捷科,半導體,121.5,336689011.65,True,20.90188909201706,78.69535045107564,16.05,2026-06-01,False,90.4,-13.829787234042554,-0.09379666071754812,67.87709497206704,-18.09,91.14064230343301,25.47065337763012,9.191583610188262,34.99446290143965,10.520487264673312,34.263565891472865,40.666666666666664,60.3327796234773
6953,家碩,電子設備,216.5,11228499.725,True,38.80597014925373,65.71825121443442,27.62,2026-06-01,False,88.73239436619718,-3.5634743875278394,0.006686695924560979,74.01709401709402,19.5,88.92580287929125,57.032115171650055,53.0454042081949,53.266888150609084,83.38870431893687,67.13178294573643,55.888888888888886,60.26236618678479
1608,華榮,電纜,29.5,91310917.08500001,True,5.5701179554390565,90.00693962526024,13.35,2026-06-01,False,90.0,-10.06097560975609,-0.1536941424751024,72.74969173859434,3.6099999999999994,90.69767441860465,34.66223698781838,2.6578073089700998,49.05869324473976,49.6124031007752,45.33776301218161,35.77777777777777,60.21797711332595
2072,世紀風電,基本金屬,152.5,74196127.05,True,21.686746987951807,77.65440666204026,101.11,2026-06-01,False,89.1891891891892,-7.29483282674772,-0.12779006126635636,48.56687898089172,14.266666666666652,89.92248062015504,43.41085271317829,4.540420819490587,3.875968992248062,76.19047619047619,43.588039867109636,90.33333333333333,60.18023255813954
8210,勤誠,電子零組件,1120.0,1170043090.75,True,86.92098092643052,24.63566967383761,98.03,2026-06-01,False,41.95804195804196,-8.94308943089431,-0.011959818607142484,72.02572347266882,51.373333333333335,40.863787375415285,37.2093023255814,39.09191583610188,47.06533776301218,95.45957918050941,51.93798449612403,90.0,60.17995570321152
5243,乙盛-KY,電子零組件,86.5,151902386.35,True,52.58855585831063,56.28036086051353,38.27,2026-06-01,False,76.92307692307693,-12.449392712550605,0.009825817470936332,64.07407407407408,29.560000000000002,76.19047619047619,28.349944629014395,54.928017718715395,24.58471760797342,90.58693244739756,54.928017718715395,68.0,60.10631229235881
5490,同亨,電腦及週邊,32.7,43316320.957499996,True,55.693069306930695,53.15752949340735,50.22,2026-06-01,False,70.17543859649122,13.541666666666675,0.05418604192078546,89.95873452544704,14.523333333333333,69.9889258028793,93.7984496124031,75.52602436323367,87.81838316722038,76.74418604651163,80.7751937984496,76.0,60.00221483942414
3652,精聯,電腦及週邊,31.4,21434511.6625,True,27.862380146644107,72.7966689798751,-1.21,2026-06-01,False,85.96491228070175,-20.606826801517066,-0.021245634301475504,73.53629976580795,-26.45666666666667,86.82170542635659,13.953488372093023,32.55813953488372,51.71650055370986,7.308970099667775,38.471760797342185,15.333333333333332,59.97951273532669
8096,擎亞,電子通路,140.0,925931147.25,True,85.95505617977528,25.676613462873004,433.49,2026-06-01,False,24.489795918367346,-3.4482758620689653,-0.08852572453808752,82.59587020648968,230.37333333333333,24.14174972314507,57.36434108527132,10.631229235880399,74.19712070874863,99.00332225913621,53.06755260243633,98.55555555555556,59.88252122554449
5439,高技,印刷電路板,234.0,737325387.175,True,38.41961852861036,66.06523247744622,22.13,2026-06-01,False,92.3076923076923,-22.644628099173552,-0.04885519738924855,53.00113250283126,-13.399999999999995,93.02325581395348,9.634551495016613,19.601328903654487,6.64451827242525,13.399778516057587,28.460686600221482,49.111111111111114,59.78608342561831
6115,鎰勝,電子零組件,46.0,10011641.07,True,73.2425068119891,39.69465648854962,15.96,2026-06-01,False,61.53846153846154,-4.166666666666666,-0.17963160298371136,92.18436873747495,-2.746666666666666,61.12956810631229,54.0420819490587,1.6611295681063125,91.58361018826136,29.67884828349945,47.61904761904763,40.44444444444444,59.778885197489856
2617,台航,海運,28.8,22846999.915,True,33.5149863760218,69.11866759195003,37.28,2026-06-01,False,54.54545454545454,-1.2006861063464764,0.1390462848022008,86.22754491017965,10.713333333333335,53.98671096345515,63.45514950166113,90.47619047619048,80.84163898117387,69.76744186046511,71.70542635658916,67.33333333333333,59.67663344407531
1590,亞德客-KY,機械,1440.0,1097496894.5,True,63.97820163487739,47.46703678001388,44.88,2026-06-01,False,58.06451612903226,5.88235294117647,0.09202543934799956,92.90322580645162,8.046666666666667,57.25359911406424,83.33333333333334,84.38538205980066,92.24806201550388,63.89811738648948,76.22369878183832,72.33333333333334,59.62541528239203
6781,AES-KY,電子零組件,990.0,1171018201.25,True,28.516525749423522,72.24149895905622,25.58,2026-06-01,False,88.81118881118881,-10.407239819004525,-0.000562432118611397,66.0,4.579999999999998,89.14728682170544,33.99778516057586,47.50830564784053,30.34330011074197,53.0454042081949,50.80841638981174,52.44444444444445,59.484311554079
2527,宏璟,建設,46.75,82784565.53,True,45.633187772925766,60.86051353226926,365.12,2026-06-01,False,44.06779661016949,15.861214374225522,0.10607948343120331,92.57425742574257,245.64666666666665,42.967884828349945,95.45957918050941,86.93244739756368,91.9158361018826,99.1140642303433,83.27796234772977,98.33333333333333,59.43936877076412
5609,中菲行,貨運倉儲,79.4,16205797.879999999,True,57.82016348773842,51.873698820263705,35.26,2026-06-01,False,57.14285714285714,4.199475065616801,0.2728629814654976,94.63647199046484,6.496666666666666,56.47840531561462,79.29125138427464,98.67109634551495,95.12735326688815,60.243632336655594,77.96234772978958,65.33333333333333,59.41196013289037
9911,櫻花,五金及家具,82.8,26828080.259999998,True,31.28065395095368,70.92297015961138,6.72,2026-06-01,False,90.0,0.24213075060533032,0.14586417225050258,89.70747562296857,-0.5533333333333337,90.69767441860465,66.99889258028793,91.36212624584718,87.37541528239203,34.10852713178294,74.10852713178295,26.555555555555554,59.407438169066076
1342,八貫,塑膠製品,110.0,62884021.4,True,72.52906976744185,40.18043025676614,40.14,2026-06-01,False,40.29640084685956,-0.9009009009009009,0.04259480093600359,93.61702127659575,-0.4799999999999969,39.42414174972315,64.562569213732,70.98560354374308,93.7984496124031,34.44075304540421,60.64230343300111,68.88888888888889,59.38722775932078
3033,威健,電子通路,48.95,645414727.9075,True,79.78201634877384,33.691880638445525,54.45,2026-06-01,False,40.816326530612244,-0.10204081632652481,0.009197579791306632,88.03956834532374,21.970000000000006,39.8671096345515,66.11295681063123,54.48504983388705,85.27131782945736,85.60354374307863,66.26799557032116,78.44444444444446,59.36747877445552
5475,德宏,印刷電路板,132.0,507581986.875,True,89.45147679324894,20.95766828591256,160.08,2026-06-01,False,43.58974358974359,-45.56701030927835,0.13583846537737088,33.0,-5.1299999999999955,42.08194905869325,0.4429678848283499,90.14396456256921,0.33222591362126247,23.089700996677742,31.218161683277962,94.88888888888889,59.21502399409377
8478,東哥遊艇,機車船製造,153.0,34579924.8,True,1.6348773841961852,94.79528105482305,76.33,2026-06-01,False,100.0,4.436860068259386,0.10167168779836937,66.09071274298056,92.47333333333333,98.67109634551495,79.734219269103,86.48947951273533,30.564784053156146,97.34219269102991,78.56035437430788,86.66666666666667,59.0420819490587
6654,天正國際,電子設備,172.0,12912769.25,True,93.54838709677419,15.197779319916723,240.8,2026-06-01,False,26.76056338028169,-7.027027027027027,-0.13566885560392533,75.6043956043956,72.33333333333334,27.02104097452935,44.40753045404208,3.9867109634551494,56.367663344407525,96.4562569213732,45.647840531561464,96.88888888888889,58.96751568844592
8462,柏文,其他,158.5,36558933.075,True,4.536489151873767,91.18667591950035,20.11,2026-06-01,False,90.9090909090909,16.544117647058822,0.28104389411258257,93.5103244837758,-0.18666666666666742,91.58361018826136,95.79180509413068,99.00332225913621,93.46622369878183,34.99446290143965,82.96788482834995,46.55555555555556,58.95339608711703
5511,德昌,營造,73.8,39851771.4,True,21.03542234332425,78.62595419847328,3.9,2026-06-01,False,75.0,-4.527813712807244,-0.10479479993387535,91.79104477611939,-3.47,74.47397563676633,52.602436323366554,7.641196013289036,91.14064230343301,26.910299003322258,50.55370985603543,21.555555555555557,58.64193429309709
2357,華碩,電腦及週邊,760.0,3507947330.9,True,54.93188010899183,53.92088827203331,55.63,2026-06-01,False,71.9298245614035,8.416547788873038,0.20526406932184843,81.63265306122449,18.75,71.76079734219269,88.15060908084163,96.3455149501661,71.98228128460687,82.39202657807309,82.12624584717608,78.88888888888889,58.6203396087117
2442,新美齊,建設,19.2,20378773.8375,True,13.211978860833822,84.31644691186676,220.09,2026-06-01,False,84.7457627118644,1.3192612137203166,0.15152886037273802,64.0,97.56333333333332,85.49280177187154,71.6500553709856,92.24806201550388,24.25249169435216,97.67441860465115,74.26356589147285,96.33333333333334,58.60714285714286
7810,捷創科技,電子設備,194.5,11680170.075,True,0.7142857142857143,96.94656488549617,116.46,2026-06-01,False,100.0,0.516795865633075,0.0006941932372142697,57.544378698224854,19.64666666666666,98.67109634551495,68.77076411960132,48.6157253599114,11.627906976744185,83.72093023255815,62.28128460686601,92.33333333333333,58.465393133997786
1580,新麥,機械,112.0,10514596.025,True,2.997275204359673,92.92158223455932,3.17,2026-06-01,False,100.0,-8.19672131147541,-0.1429703456385538,74.91638795986621,9.153333333333334,98.67109634551495,40.420819490586936,3.5437430786267994,54.81727574750831,65.66998892580288,52.62458471760798,20.666666666666668,58.43355481727575
8110,華東,半導體,41.4,300246534.96999997,True,11.81646763042112,85.56557945870922,16.26,2026-06-01,False,93.60000000000001,-27.368421052631582,-0.09355292821557834,47.04545454545455,-0.8199999999999967,93.68770764119601,4.540420819490587,9.30232558139535,3.211517165005537,33.88704318936877,28.92580287929125,41.333333333333336,58.42303433001108
6743,安普新,消費性電子,30.9,14032533.865,True,43.6950146627566,62.59541984732825,29.71,2026-06-01,False,55.00000000000001,-0.8025682182985555,-0.013838749093017,88.41201716738196,22.483333333333334,54.37430786267996,65.11627906976744,37.76301218161684,86.15725359911407,86.15725359911407,65.91362126245848,58.111111111111114,58.38159837578443
6166,凌華,電腦及週邊,150.0,435439554.75,True,51.16676152532727,57.32130464954892,25.89,2026-06-01,False,75.43859649122807,5.633802816901409,0.09528650577914374,90.09009009009009,-30.279999999999994,75.1937984496124,82.72425249169434,85.16057585825027,87.98449612403101,6.0908084163898115,67.43078626799556,53.0,58.36351052048727
6757,台灣虎航,空運,55.5,111237740.465,True,10.719754977029096,85.98195697432338,27.12,2026-06-01,False,85.95624558927312,-11.341853035143771,-0.14060876659473584,63.13993174061433,2.0166666666666657,86.71096345514951,31.33997785160576,3.7652270210409746,22.259136212624583,42.74640088593577,37.36434108527132,55.55555555555556,58.29641934293097
6642,富致,電子零組件,75.5,25557183.494999997,True,91.81708784596871,17.210270645385148,52.49,2026-06-01,False,31.46853146853147,-5.388471177944859,-0.0306767789538024,82.15451577801957,23.520000000000003,31.782945736434108,49.83388704318937,27.02104097452935,73.5326688815061,87.26467331118494,53.887043189368775,77.55555555555556,58.2593207825766
1419,新紡,成衣,69.5,10424949.4,True,2.670299727520436,93.40735600277586,17.98,2026-06-01,False,89.47368421052632,6.106870229007633,0.19498982650640054,87.09273182957394,-1.9766666666666666,90.08859357696566,83.94241417497231,95.5703211517165,82.94573643410853,31.22923588039867,76.75526024363234,43.44444444444445,58.13409007013658
6187,萬潤,電子設備,1035.0,2378925348.55,True,86.10354223433242,25.468424705065928,87.06,2026-06-01,False,46.478873239436616,-3.7209302325581395,-0.007823403234904195,74.46043165467626,34.73666666666667,45.51495016611295,56.367663344407525,42.524916943521596,53.820598006644516,92.02657807308971,58.05094130675526,88.66666666666667,57.90863787375415
3581,博磊,電子設備,112.0,60594116.75,True,76.18510158013544,37.265787647467036,95.44,2026-06-01,False,54.929577464788736,-20.56737588652482,0.060628096610399744,40.0,47.166666666666664,54.263565891472865,14.174972314507198,78.07308970099668,1.1074197120708749,94.57364341085271,48.438538205980066,89.88888888888889,57.771225544481354
6690,安碁資訊,數位雲端,162.5,10940063.425,True,0.3663003663003663,97.91811242192921,7.25,2026-06-01,False,88.0,0.30864197530864196,-0.04326605139051262,86.66666666666667,-3.296666666666667,88.42746400885936,67.33111849390919,21.373200442967885,81.61683277962348,27.685492801771872,57.28682170542636,27.666666666666668,57.594961240310084
3628,盈正,電子零組件,66.5,24388133.1,True,11.389645776566757,85.77376821651632,30.27,2026-06-01,False,97.2027972027972,-3.2023289665211103,-0.012847379250261814,66.83417085427136,13.780000000000001,96.23477297895903,58.25027685492802,38.648947951273534,32.55813953488372,74.86157253599114,60.110741971207084,59.66666666666667,57.55232558139535
3019,亞光,消費性電子,133.5,585527468.025,True,21.852861035422343,77.44621790423317,13.14,2026-06-01,False,85.0,-4.301075268817205,-0.06296184152715534,77.84256559766763,-3.3299999999999983,85.88039867109634,53.266888150609084,14.950166112956811,61.683277962347724,27.464008859357698,48.648947951273534,35.66666666666667,57.49086378737542
5328,華容,電子零組件,67.2,2266388410.2500005,True,92.74509803921569,16.13462873004858,63.54,2026-06-01,False,29.37062937062937,-4.273504273504273,-0.012404509786433177,81.55339805825243,30.199999999999996,29.457364341085274,53.37763012181617,38.9811738648948,71.53931339977852,90.69767441860465,56.81063122923589,82.0,57.404761904761905
7795,長廣,電子設備,402.5,508196744.875,True,75.0,38.30673143650243,62.55,2026-06-01,False,60.56338028169014,-12.59500542888165,0.0064491349759413785,60.43543543543544,29.019999999999996,59.91140642303433,27.906976744186046,52.93466223698782,15.725359911406422,90.36544850498339,49.3687707641196,81.77777777777779,57.37689184200813
2330,台積電,半導體,2350.0,89673758124.0,True,95.96730245231608,10.340041637751561,67.87,2026-06-01,False,19.6,0.4273504273504274,-0.11979658011779905,93.62549800796812,29.383333333333333,19.324473975636767,68.10631229235881,5.537098560354374,93.90919158361018,90.47619047619048,55.47065337763013,83.88888888888889,57.25406053894425
2312,金寶,電腦及週邊,31.95,736273769.86,True,57.649143532191374,52.047189451769604,32.7,2026-06-01,False,66.66666666666666,-4.626865671641793,0.022454334273364945,73.61751152073734,25.663333333333334,66.61129568106313,52.38095238095239,63.01218161683278,52.27021040974529,88.4828349944629,64.5514950166113,62.5,57.25013842746401
3219,倚強科,電子設備,61.7,19992734.585,True,25.920577617328522,74.46217904233171,26.07,2026-06-01,False,91.54929577464789,-13.09859154929577,-0.031460278180638464,56.347031963470315,-5.513333333333332,92.46954595791806,26.910299003322258,26.688815060908084,9.7452934662237,22.369878183831673,35.63676633444075,53.333333333333336,57.15946843853821
3704,合勤控,通信網路,46.25,230793351.785,True,78.79564381806534,35.04510756419153,47.87,2026-06-01,False,50.0,7.55813953488372,0.019053671710890764,92.77833500501504,7.073333333333338,49.16943521594684,86.93244739756368,61.12956810631229,92.02657807308971,61.904761904761905,70.23255813953489,74.33333333333333,57.149224806201545
8383,千附,電子設備,84.6,441572798.8,True,88.74329958308516,21.790423317140874,200.07,2026-06-01,False,39.436619718309856,39.60396039603959,0.06263724510002286,93.58407079646017,105.24666666666666,38.205980066445186,99.44629014396456,78.51605758582502,93.68770764119601,98.00664451827242,81.57253599114064,96.0,57.11184939091916
4506,崇友,其他電製品,120.5,12261704.675,True,68.77384196185287,44.066620402498266,12.28,2026-06-01,False,75.0,0.8368200836820083,0.17525960876634714,90.9433962264151,6.556666666666667,74.47397563676633,70.09966777408638,94.57364341085271,89.59025470653378,60.57585825027686,77.8626799557032,34.44444444444444,57.10225175341454
9958,世紀鋼,基本金屬,109.0,249694931.375,True,0.8719346049046321,96.32199861207495,64.09,2026-06-01,False,100.0,-2.6785714285714284,-0.008029211380561035,53.69458128078818,22.360000000000007,98.67109634551495,60.02214839424141,42.30343300110742,7.419712070874862,86.04651162790698,58.89258028792913,82.22222222222221,57.07272056109265
6679,鈺太,半導體,221.0,62744861.8,True,18.223234624145785,80.91603053435115,9.93,2026-06-01,False,92.0,-16.917293233082706,0.055204636780752006,63.96526772793053,-1.0700000000000003,92.80177187153932,20.155038759689923,75.96899224806202,24.14174972314507,33.00110741971207,49.21373200442968,31.333333333333336,57.03045404208195
6667,信紘科,電子設備,243.0,68167950.8,True,28.065395095367844,72.51908396946564,-2.5,2026-06-01,False,90.14084507042254,-6.538461538461539,-0.05301555963311026,80.73089700996677,-5.23,90.91915836101883,45.84717607973422,17.940199335548172,69.21373200442967,22.92358803986711,49.3687707641196,13.777777777777779,57.01587301587302
2606,裕民,海運,62.8,214723989.225,True,32.207084468664846,69.98612074947953,35.52,2026-06-01,False,63.63636363636363,5.369127516778517,0.22370727713861555,86.62068965517241,-3.136666666666663,63.34440753045404,82.39202657807309,97.45293466223698,81.3953488372093,28.460686600221486,70.60908084163898,65.44444444444444,56.94804355850867
6994,富威電力,公用事業,40.45,68677480.77250001,True,1.0869565217391304,95.90562109646079,26.62,2026-06-01,False,100.0,-13.475935828877,0.07155744494526818,39.85221674876848,-4.876666666666669,98.67109634551495,26.245847176079735,80.73089700996677,0.9966777408637874,23.69878183831672,46.06866002214839,54.27777777777778,56.9249261720192
4952,凌通,半導體,48.5,76908098.33500001,True,96.34877384196186,9.195003469812631,50.03,2026-06-01,False,17.599999999999998,-10.516605166051665,-0.05153356927370693,80.16528925619835,23.143333333333334,17.16500553709856,33.5548172757475,18.383167220376524,67.66334440753046,86.93244739756368,44.73975636766335,75.72222222222223,56.74893872277593
6515,穎崴,半導體,6395.0,3168402454.0,True,93.188622754491,15.614156835530881,287.9,2026-06-01,False,26.400000000000002,-21.916971916971917,-0.05658638346561654,59.24038906901343,135.16666666666666,26.578073089701,11.517165005537098,16.832779623477297,14.174972314507198,98.33887043189368,33.48837209302326,97.44444444444444,56.67008121077888
3673,TPK-KY,光電及I/O,61.4,672046180.745,True,17.9291553133515,80.98542678695351,7.03,2026-06-01,False,86.15384615384616,-19.73856209150327,-0.013730535214645725,65.31914893617021,3.6100000000000003,87.04318936877077,15.39313399778516,37.87375415282392,27.906976744186046,49.72314507198228,43.58803986710963,27.111111111111114,56.667035806570695
7703,銳澤,電子設備,179.0,29732516.525,True,40.04854368932039,64.67730742539904,25.14,2026-06-01,False,87.32394366197182,-10.723192019950124,-0.11241359512503968,61.93771626297578,10.686666666666667,87.92912513842747,33.222591362126245,6.755260243632337,19.712070874861574,69.65669988925804,43.455149501661126,51.888888888888886,56.57687338501292
4542,科嶠,電子設備,311.5,421873881.325,True,90.14084507042254,19.91672449687717,102.05,2026-06-01,False,35.2112676056338,-16.263440860215052,-0.04070970249093057,63.056680161943326,46.39,35.10520487264673,21.92691029900332,22.48062015503876,22.03765227021041,94.35215946843853,39.18050941306755,90.66666666666666,56.470653377630114
6613,朋億*,電子設備,307.0,133890772.9,True,98.36512261580381,2.6717557251908395,120.45,2026-06-01,False,2.8169014084507045,-10.755813953488373,-0.021424855045108483,78.71794871794872,42.78666666666666,1.9933554817275747,33.111849390919154,32.33665559246955,63.67663344407531,93.7984496124031,44.98338870431894,92.55555555555556,56.27842377260982
2633,台灣高鐵,陸運,26.05,196692596.69249997,True,16.51226158038147,81.67938931297711,2.77,2026-06-01,False,81.65137614678899,0.0,0.03764820417120902,90.76655052264809,-1.4033333333333329,82.17054263565892,66.38981173864894,69.65669988925804,89.25802879291251,31.893687707641195,67.87375415282392,19.77777777777778,56.20413436692507
6498,久禾光,消費性電子,78.2,11158350.67,True,0.0,99.68771686328938,8.38,2026-06-01,False,100.0,-17.684210526315784,-0.01364118115387151,59.92337164750958,-16.576666666666668,98.67109634551495,18.272425249169437,37.98449612403101,15.171650055370986,11.295681063122924,36.27906976744186,29.11111111111111,56.17035806570691
2880,華南金,金融控股,41.4,900410722.3875,True,86.4850136239782,25.12144344205413,,2026-06-01,False,61.53846153846154,12.195121951219514,0.1502130812654986,100.0,17.623333333333335,61.12956810631229,92.46954595791806,92.02657807308971,99.55703211517165,81.17386489479512,85.27131782945737,,56.072351421188635
3706,神達,電腦及週邊,91.2,1762463243.9899998,True,72.09809264305177,40.73560027758501,80.93,2026-06-01,False,49.122807017543856,9.221556886227548,0.04746495100617151,85.23364485981308,26.89666666666667,47.729789590254704,89.70099667774086,73.31118493909192,78.40531561461795,89.03654485049833,75.63676633444075,87.83333333333333,56.06686046511628
4541,晟田,機車船製造,66.8,923989011.515,True,66.88311688311688,45.315752949340734,58.68,2026-06-01,False,58.333333333333336,40.63157894736841,0.004898301831292633,88.24306472919417,20.836666666666666,57.475083056478404,99.55703211517165,51.93798449612403,85.60354374307863,84.9390919158361,75.90254706533776,80.11111111111111,55.90817644887413
3231,緯創,電腦及週邊,177.0,9138299138.15,True,71.17166212534059,41.464260929909784,53.85,2026-06-01,False,50.877192982456144,15.686274509803921,0.1275707002742942,91.23711340206185,-14.509999999999998,50.3875968992248,95.34883720930233,89.59025470653378,90.14396456256921,12.73532668881506,67.64119601328903,78.33333333333333,55.879014396456256
6672,騰輝電子-KY,印刷電路板,221.0,1234338467.35,True,97.57199322416714,4.718945176960444,68.12,2026-06-01,False,7.6923076923076925,-24.315068493150687,-0.05142726914962943,70.15873015873015,21.439999999999998,5.813953488372093,7.862679955703211,18.6046511627907,41.41749723145072,85.27131782945736,31.794019933554818,84.0,55.8421926910299
6739,竹陞科技,電子設備,1045.0,446326401.75,True,42.0479302832244,63.56696738376127,101.13,2026-06-01,False,85.91549295774648,1.4563106796116505,0.01066236064569741,61.111111111111114,0.9299999999999926,86.60022148394242,72.09302325581395,55.592469545957925,18.05094130675526,38.87043189368771,54.24141749723145,90.44444444444444,55.75064599483204
6133,金橋,電子零組件,20.8,79008634.6225,True,20.491803278688526,79.04233171408744,15.35,2026-06-01,False,93.7062937062937,-3.703703703703707,-0.006555248687542578,71.84801381692574,8.033333333333333,93.7984496124031,56.47840531561462,43.74307862679956,46.51162790697674,63.78737541528239,60.86378737541528,39.0,55.7079180509413
1514,亞力,電機製品,105.5,592695108.775,True,68.01089918256132,44.482997918112424,39.69,2026-06-01,False,45.45454545454545,-10.970464135021098,-0.030770286322209708,70.5685618729097,23.363333333333333,44.13067552602436,32.89036544850498,26.910299003322258,42.63565891472868,87.15393133997786,46.74418604651163,68.66666666666667,55.63565891472869
6719,力智,半導體,222.5,1146613505.075,True,28.01094890510949,72.58848022206801,-3.56,2026-06-01,False,86.4,-16.35338345864662,-0.008160343873973071,71.2,4.866666666666665,87.15393133997786,21.483942414174972,41.97120708748616,44.40753045404208,54.0420819490587,49.81173864894795,12.444444444444445,55.63049095607235
5534,長虹,建設,79.3,43698590.105000004,True,87.02997275204359,24.288688410825817,124.21,2026-06-01,False,10.16949152542373,0.7623888182973244,0.14916439431451683,91.14942528735632,-72.57666666666667,8.859357696566999,69.76744186046511,91.80509413067553,90.03322259136213,2.8792912513842746,52.66888150609081,93.11111111111111,55.55906238464378
6196,帆宣,電子設備,510.0,1052047840.5,True,98.09264305177112,3.1922276197085355,120.99,2026-06-01,False,4.225352112676056,-3.954802259887006,0.041684810248603085,86.4406779661017,43.58333333333333,2.6578073089700998,55.03875968992248,70.43189368770764,81.28460686600222,93.90919158361018,60.66445182724253,92.77777777777779,55.42035806570691
9942,茂順,汽車組件,123.0,16146810.825,True,72.37057220708448,40.458015267175576,26.64,2026-06-01,False,52.77777777777778,5.579399141630901,0.08441141153825267,98.00796812749005,9.506666666666668,52.27021040974529,82.61351052048727,82.61351052048727,97.56367663344408,66.88815060908084,76.38981173864894,54.44444444444444,55.416205241786635
2511,太子,建設,8.53,14747578.298000002,True,59.237057220708444,50.52047189451769,76.56,2026-06-01,False,30.508474576271187,5.831265508684849,0.15256915188434192,89.78947368421052,55.986666666666665,30.454042081949055,83.16722037652269,92.58028792912513,87.59689922480621,96.12403100775194,77.98449612403101,86.77777777777777,55.41537467700258
2248,華勝-KY,汽車組件,61.5,17529344.85,True,85.97014925373134,25.607217210270644,106.59,2026-06-01,False,30.555555555555557,12.431444241316266,0.05480583231403904,93.18181818181817,40.68333333333334,30.564784053156146,92.9125138427464,75.63676633444075,92.58028792912513,93.46622369878183,77.03211517165006,91.33333333333333,55.39147286821705
2605,新興,海運,31.6,177280983.91,True,22.688039457459926,76.75225537820958,51.62,2026-06-01,False,81.81818181818183,7.8498293515358375,0.11704244305939546,72.89504036908882,31.009999999999998,82.55813953488372,87.48615725359912,88.37209302325581,49.390919158361015,90.80841638981174,79.72314507198229,77.0,55.3657253599114
8341,日友,資源回收,77.4,18610809.270000003,True,5.885558583106267,89.79875086745317,6.99,2026-06-01,False,80.95238095238095,-0.896286811779755,0.21518578266050375,84.59016393442623,-16.006666666666668,81.28460686600222,64.6733111849391,96.89922480620154,77.29789590254707,11.84939091915836,66.40088593576965,27.0,55.22729789590255
2414,精技,電子通路,57.2,31508365.625,True,96.73024523160763,8.570437196391396,87.26,2026-06-01,False,8.16326530612245,-2.555366269165247,-0.08497496632559944,88.54489164086688,27.406666666666673,6.0908084163898115,60.35437430786268,11.406423034330011,86.37873754152824,89.92248062015504,50.83056478405316,88.77777777777777,55.223237356958286
7711,永擎,電腦及週邊,302.0,58920599.05,True,58.536585365853654,51.14503816793893,140.79,2026-06-01,False,64.91228070175438,-5.77223088923557,0.005232609164893604,56.44859813084112,102.89333333333332,64.78405315614619,48.28349944629014,52.159468438538205,9.966777408637874,97.89590254706533,54.61794019933554,93.88888888888889,55.08905500184571
4721,美琪瑪,其他化學,72.4,81944347.445,True,14.432367149758454,83.41429562803609,-19.35,2026-06-01,False,87.5,-17.63367463026166,-0.1370020174772893,71.6831683168317,-2.9733333333333327,88.15060908084163,18.49390919158361,3.875968992248062,46.06866002214839,29.2358803986711,37.16500553709856,3.888888888888889,54.90356220007382
2535,達欣工,營造,86.3,26925893.570000004,True,57.82016348773842,51.873698820263705,19.94,2026-06-01,False,25.0,-8.48356309650053,-0.10276433960340606,89.24508790072389,19.6,24.916943521594686,38.87043189368771,7.751937984496124,87.15393133997786,83.61018826135106,48.460686600221486,46.33333333333333,54.883444075304546
9917,中保科,保全,110.5,72483897.35,True,4.904632152588556,90.83969465648855,2.56,2026-06-01,False,90.89625970359916,4.739336492890995,0.16379571755975894,90.57377049180327,0.29666666666666686,91.25138427464009,80.28792912513842,94.13067552602436,88.81506090808416,36.544850498338874,78.20598006644516,19.444444444444446,54.80574012550757
2542,興富發,建設,43.5,407774856.3725,True,35.585831062670295,67.52255378209576,16.47,2026-06-01,False,57.6271186440678,1.3986013986014019,0.05878965690525569,93.04812834224599,-2052.976666666667,56.810631229235874,71.76079734219269,77.63012181616833,92.35880398671097,0.33222591362126247,59.77851605758582,41.77777777777778,54.796603912882986
4105,東洋,藥,76.8,94004932.265,True,8.71934604904632,87.99444829979181,15.28,2026-06-01,False,68.88888888888889,2.9490616621983956,0.06250768496003944,88.99188876013905,5.413333333333332,68.77076411960132,76.19047619047619,78.40531561461795,86.71096345514951,55.70321151716501,73.156146179402,38.88888888888889,54.545035068290886
1216,統一,飲料乳品,77.1,1515461719.645,True,42.0708446866485,63.497571131158914,4.6,2026-06-01,False,80.0,3.351206434316354,0.12631893107721898,93.22853688029019,1.4133333333333336,80.1218161683278,77.63012181616833,89.4795127353267,92.69102990033223,40.08859357696567,76.00221483942414,22.88888888888889,54.51790328534515
2636,台驊控股,貨運倉儲,65.9,30577277.735000003,True,72.64305177111716,40.04163775156142,25.18,2026-06-01,False,35.714285714285715,-3.3724340175953036,-0.0073898513314528,90.27397260273973,9.733333333333333,35.21594684385382,57.696566998892585,43.078626799557036,88.26135105204872,67.55260243632335,58.3610188261351,52.11111111111111,54.47296050203026
1709,和益,清潔劑,25.95,162549069.4275,True,70.02724795640327,42.64399722414989,70.14,2026-06-01,False,40.0,23.27790973871733,0.07988453757469753,92.34875444839858,43.870000000000005,38.87043189368771,97.34219269102991,81.83831672203765,91.69435215946844,94.01993355481729,80.7530454042082,84.66666666666667,54.47231450719823
2731,雄獅,旅行社,146.0,80599075.325,True,13.677536231884059,84.17765440666204,-0.46,2026-06-01,False,100.0,-1.3513513513513513,-0.10066199171258139,79.34782608695652,-6.833333333333332,98.67109634551495,63.34440753045404,8.305647840531561,65.78073089700996,19.324473975636767,51.08527131782945,16.666666666666664,54.443521594684384
2421,建準,電子零組件,131.5,239293865.475,True,31.498637602179834,70.68008327550312,18.65,2026-06-01,False,87.41258741258741,-4.014598540145985,-0.03794551585074116,69.39313984168865,2.4599999999999973,88.03986710963456,54.59579180509413,23.69878183831672,39.42414174972315,44.73975636766335,50.09966777408638,44.83333333333333,54.42538759689922
2867,三商壽,壽險,9.31,148995605.97100002,True,91.66666666666666,17.418459403192227,154.94,2026-05-01,False,17.572335920959777,10.833333333333336,0.3132897276410996,97.89695057833859,144.58666666666667,17.05426356589147,91.58361018826136,99.66777408637874,97.45293466223698,98.44961240310077,80.84163898117387,94.66666666666667,54.397563676633446
6163,華電網,通信網路,41.0,72546111.1575,True,72.26158038147139,40.59680777238029,61.38,2026-06-01,False,54.347826086956516,-13.502109704641347,0.09699075848990851,55.3306342780027,31.44666666666667,53.48837209302325,25.91362126245847,85.71428571428571,8.637873754152823,91.25138427464009,53.00110741971207,81.33333333333333,54.38648947951273
3093,港建*,電子設備,47.35,120220686.76500002,True,96.94822888283379,7.702984038861901,92.31,2026-06-01,False,9.859154929577464,-33.309859154929576,0.0012703697434793483,62.63227513227514,86.42333333333333,8.527131782945736,2.104097452934662,48.94795127353267,21.373200442967885,97.12070874861573,35.61461794019933,89.55555555555556,54.33794758213362
2355,敬鵬,印刷電路板,40.8,211171719.55249998,True,42.68774703557312,62.94240111034004,4.44,2026-06-01,False,89.74358974358975,-21.083172147001942,0.016552337374525217,60.895522388059696,0.04999999999999982,90.47619047619048,12.73532668881506,59.68992248062015,17.386489479512733,35.880398671096344,43.23366555924695,22.22222222222222,54.337393872277595
2637,慧洋-KY,海運,82.3,250259744.19,True,64.79564032697547,46.77307425399028,57.92,2026-06-01,False,36.36363636363637,14.783821478382139,0.2588045373803047,97.16646989374262,16.24666666666667,35.603543743078625,95.01661129568106,98.33887043189368,96.89922480620154,79.51273532668881,81.07419712070876,79.55555555555556,54.260428202288665
6669,緯穎,電腦及週邊,5745.0,9497663440.25,True,62.5560538116592,48.854961832061065,29.79,2026-06-01,False,59.64912280701754,34.228971962616825,0.0737758158676897,99.22279792746113,3.9166666666666643,58.80398671096345,99.1140642303433,81.28460686600222,98.67109634551495,50.498338870431894,77.67441860465117,58.666666666666664,54.25692137320044
5306,桂盟,自行車組件,91.1,27740718.080000002,True,58.03814713896458,51.76960444136016,31.67,2026-06-01,False,51.799576570218775,7.556080283353,0.04394464172013103,91.83467741935483,15.810000000000002,51.38427464008859,86.82170542635659,71.6500553709856,91.25138427464009,78.7375415282392,75.96899224806201,61.0,54.20348837209302
6763,綠界科技*,數位雲端,42.55,18643757.4775,True,0.2827521206409048,98.1263011797363,14.37,2026-06-01,False,96.0,-8.494623655913983,0.022523809944972006,62.665684830633275,1.4233333333333338,95.5703211517165,38.759689922480625,63.23366555924695,21.483942414174972,40.310077519379846,51.871539313399786,37.333333333333336,53.906976744186046
2762,世界健身-KY,其他,87.5,10489458.569999998,True,10.132890365448505,86.39833448993754,8.88,2026-06-01,False,77.27272727272727,8.292079207920795,-0.034987623147200046,97.33036707452725,0.0066666666666659324,76.578073089701,88.03986710963456,25.027685492801773,97.2314507198228,35.65891472868217,64.50719822812846,29.777777777777775,53.886858619416756
6829,千附精密,電子設備,190.5,448686531.95,True,93.79115710253998,14.712005551700209,69.4,2026-06-01,False,25.352112676056336,-11.188811188811188,0.00030785696852752556,68.5251798561151,24.46666666666667,25.692137320044296,32.115171650055366,48.39424141749723,36.87707641196013,87.92912513842747,46.201550387596896,84.44444444444444,53.724621631598374
6561,是方,通信網路,322.0,25853247.75,True,0.544959128065395,97.4323386537127,10.18,2026-06-01,False,100.0,-3.303303303303303,0.051252393414553496,70.53669222343922,15.64,98.67109634551495,57.91805094130675,74.19712070874863,42.414174972314505,78.40531561461795,70.32115171650057,31.666666666666664,53.708471760797345
2912,統一超,百貨批發,239.5,876319011.325,True,9.318801089918257,87.12699514226232,6.31,2026-06-01,False,85.0,7.399103139013453,0.1141312646994611,91.23809523809524,0.8233333333333341,85.88039867109634,86.48947951273533,88.03986710963456,90.2547065337763,38.42746400885936,77.81838316722039,25.11111111111111,53.68918420081211
8147,正淩,電子零組件,125.5,50355100.15,True,38.559322033898304,65.99583622484386,14.91,2026-06-01,False,85.3146853146853,-8.394160583941606,-0.1156207658953549,65.87926509186352,5.833333333333334,86.04651162790698,39.64562569213732,6.0908084163898115,29.900332225913623,57.475083056478404,43.83167220376523,38.333333333333336,53.65863787375415
6491,晶碩,醫療耗材,338.0,293432382.225,True,30.369026013309135,71.26995142262318,33.94,2026-06-01,False,45.45454545454545,4.968944099378882,0.2407598217183997,89.41798941798942,3.756666666666664,44.13067552602436,81.17386489479512,98.2281284606866,87.26467331118494,50.27685492801772,72.21483942414174,64.33333333333333,53.63870431893688
4903,聯光通,通信網路,38.8,61976395.7275,True,4.807692307692308,90.9090909090909,4.66,2026-06-01,False,93.47826086956522,-4.668304668304682,-0.034986772752573614,72.93233082706766,-20.279999999999998,93.57696566998892,52.27021040974529,25.13842746400886,49.501661129568106,9.523809523809524,46.002214839424134,23.0,53.45210409745293
4534,慶騰,機械,36.75,103132907.3625,True,76.45687645687646,36.9882026370576,112.04,2026-06-01,False,38.70967741935484,23.73737373737374,0.014617732883328412,86.77685950413223,52.79666666666667,37.76301218161684,97.67441860465115,58.028792912513836,81.83831672203765,95.79180509413068,74.21926910299003,91.77777777777779,53.426172019195285
1529,樂事綠能,電機製品,18.25,14814811.074999997,True,3.288740245261984,92.36641221374046,4.51,2026-06-01,False,90.9090909090909,-16.091954022988507,-0.02860748525184416,62.60720411663808,-25.77666666666667,91.58361018826136,22.148394241417495,28.017718715393137,21.262458471760798,7.641196013289036,34.13067552602436,22.61111111111111,53.327196382428944
2882,國泰金,金融控股,98.5,3503620508.175,True,81.63487738419619,31.36710617626648,-42.04,2026-06-01,False,76.92307692307693,-7.0754716981132075,0.14005632804576562,85.28138528138528,-122.87666666666667,76.19047619047619,43.90919158361019,90.58693244739756,78.7375415282392,1.7718715393133997,58.23920265780731,2.0,53.25470653377631
6922,宸曜,電腦及週邊,183.5,34598336.525,True,58.6890243902439,50.867453157529496,39.41,2026-06-01,False,63.1578947368421,8.579881656804734,0.09658036209666414,81.19469026548673,-12.003333333333337,62.67995570321152,88.37209302325581,85.60354374307863,70.21040974529346,14.396456256921372,64.25249169435216,68.44444444444444,53.2406792174234
6790,永豐實,造紙,39.0,10806158.3325,True,37.69230769230769,66.34281748785565,-4.83,2026-06-01,False,66.2667607621736,-2.743142144638407,0.01371823538676908,95.23809523809523,-5.046666666666667,65.89147286821705,59.68992248062015,57.475083056478404,95.45957918050941,23.366555924695458,60.37652270210409,11.222222222222221,53.22083794758213
2903,遠百,百貨批發,22.3,64171919.152499996,True,17.71117166212534,81.08952116585705,-2.42,2026-06-01,False,65.0,-3.671706263498911,0.0853166790532828,91.39344262295083,-2.09,64.95016611295681,56.810631229235874,82.94573643410853,90.69767441860465,30.89700996677741,65.26024363233667,14.000000000000002,53.2093023255814
2471,資通,資訊服務,48.6,11179251.834999999,True,33.678474114441414,68.97987508674531,0.37,2026-06-01,False,56.81818181818182,-5.9961315280464245,-0.22383601042205165,88.36363636363636,-3.0899999999999994,56.25692137320044,47.06533776301218,0.8859357696566998,85.93576965669989,28.792912513842744,43.78737541528239,17.444444444444446,53.142949427833145
2031,新光鋼,基本金屬,40.95,31120783.419999998,True,31.79297597042514,70.29840388619014,7.82,2026-06-01,False,78.37837837837837,6.225680933852155,0.21725637344445822,91.30434782608697,0.5166666666666684,77.74086378737542,84.1638981173865,97.12070874861573,90.47619047619048,37.2093023255814,77.34219269102991,28.444444444444443,53.12440014765596
9925,新保,保全,40.2,18965761.389999997,True,47.19346049046321,59.88896599583623,3.31,2026-06-01,False,59.91531404375441,-0.6180469715698393,0.227359648226894,96.86746987951807,0.5066666666666668,58.91472868217055,65.22702104097453,97.67441860465115,96.67774086378738,37.098560354374314,71.11849390919159,20.88888888888889,52.81358434846807
2641,正德,海運,17.25,23802328.9125,True,20.5685618729097,78.90353920888272,4.73,2026-06-01,False,90.9090909090909,-1.9886363636363715,-0.0410906428841336,76.32743362831857,0.9333333333333336,91.58361018826136,61.79401993355482,22.369878183831673,57.91805094130675,38.9811738648948,54.529346622369886,23.11111111111111,52.704688076781096
5880,合庫金,金融控股,25.95,458116318.3275,True,59.836512261580374,50.1734906315059,-8.4,2026-06-01,False,84.61538461538461,5.060728744939271,0.3286001893155415,98.48197343453509,-39.89,85.3266888150609,81.3953488372093,99.77851605758582,97.89590254706533,4.761904761904762,73.83167220376524,8.777777777777777,52.65125507567368
1568,倉佑,汽車組件,28.6,29382596.245000005,True,49.06542056074766,59.056210964607914,18.2,2026-06-01,False,63.888888888888886,-23.631508678237655,0.10395980965472895,57.42971887550201,-0.5399999999999991,63.67663344407531,7.973421926910299,86.71096345514951,11.184939091915837,34.21926910299003,40.75304540420821,43.666666666666664,52.638704318936874
2485,兆赫,通信網路,40.6,271695974.45750004,True,90.95840867992767,18.45940319222762,80.93,2026-06-01,False,28.26086956521739,-22.222222222222225,0.10221730465540346,49.8159509202454,37.43000000000001,28.57142857142857,10.631229235880399,86.60022148394242,4.318936877076411,92.9125138427464,44.606866002214836,87.83333333333333,52.523117386489474
2537,聯上發,建設,11.05,11556457.925,True,79.36962750716332,34.28174878556558,57.68,2026-06-01,False,16.94915254237288,1.8433179723502402,0.12543801504956886,89.11290322580645,-1771.9133333333332,16.611295681063122,73.20044296788483,89.3687707641196,86.93244739756368,0.4429678848283499,53.31118493909192,79.44444444444444,52.4469361387966
6205,詮欣,電子零組件,60.7,48854758.08,True,86.32152588555859,25.260235947258845,34.36,2026-06-01,False,44.75524475524475,-18.19407008086253,0.09954784818976833,61.812627291242364,31.92,43.30011074197121,17.60797342192691,85.93576965669989,19.379844961240313,91.36212624584718,51.517165005537095,64.66666666666666,52.43466223698782
2059,川湖,金屬製品,8275.0,4773077084.25,True,99.83651226158038,0.24288688410825815,220.52,2026-06-01,False,14.285714285714285,18.38340486409156,-9.328637554588092e-05,95.60947429231658,63.28333333333333,13.178294573643413,96.67774086378738,48.17275747508305,95.79180509413068,96.3455149501661,70.03322259136212,96.44444444444444,52.18420081210779
2615,萬海,海運,84.0,897289712.1450001,True,50.0,58.63983344899375,32.7,2026-06-01,False,45.45454545454545,9.517601043024767,0.22711933644678498,92.81767955801105,9.816666666666666,44.13067552602436,90.03322259136213,97.56367663344408,92.13732004429679,67.77408637873754,78.32779623477299,62.5,52.18369324473976
8050,廣積,電腦及週邊,61.3,144180529.93,True,95.858310626703,10.687022900763358,143.6,2026-06-01,False,14.035087719298245,17.88461538461538,0.06997622015439672,97.3015873015873,93.13999999999999,12.846068660022148,96.4562569213732,80.06644518272425,97.12070874861573,97.45293466223698,76.78848283499447,94.22222222222221,51.933185677371725
5288,豐祥-KY,機車船製造,194.5,32317488.925,True,87.02997275204359,24.288688410825817,71.59,2026-06-01,False,16.666666666666664,10.826210826210826,0.0518623703848118,98.48101265822785,16.613333333333337,15.946843853820598,91.47286821705426,74.52934662236987,97.78516057585826,79.734219269103,71.89368770764119,85.11111111111111,51.84256183093393
6573,虹揚-KY,電子零組件,18.3,37046025.72750001,True,21.38364779874214,78.34836918806386,6.57,2026-06-01,False,93.00699300699301,-7.808564231738038,0.011025973954401991,65.47406082289804,14.186666666666667,93.46622369878183,41.74972314507198,55.924695459579176,28.460686600221486,75.85825027685493,59.09191583610188,26.055555555555554,51.558185677371725
8289,泰藝,電子零組件,43.6,138284030.5775,True,86.59295093296475,24.91325468424705,29.88,2026-06-01,False,43.35664335664335,-25.47008547008547,0.008498757841938862,57.59577278731837,21.75333333333333,41.97120708748616,6.533776301218161,53.820598006644516,11.738648947951273,85.38205980066445,39.889258028792916,58.88888888888889,51.51624215577704
2890,永豐金,金融控股,39.6,1928090684.6925004,True,98.9100817438692,1.7349063150589867,50.94,2026-06-01,False,7.6923076923076925,1.149425287356329,0.14793770845396464,94.51073985680192,-22.723333333333343,5.813953488372093,71.20708748615725,91.58361018826136,94.6843853820598,8.527131782945736,54.36323366555924,76.66666666666667,51.48947951273533
3257,虹冠電,半導體,51.2,98487831.7,True,25.940054495912808,74.35808466342817,-42.5,2026-06-01,False,87.2,-21.592649310872886,-0.0228055230913637,65.38952745849298,3.280000000000001,87.81838316722038,12.070874861572536,31.22923588039867,28.12846068660022,48.17275747508305,41.48394241417497,1.8888888888888888,51.44121447028424
2883,凱基金,金融控股,30.7,1868815432.975,True,94.55040871934605,13.046495489243581,,2026-06-01,False,30.76923076923077,2.6755852842809387,0.2156052579165829,99.51377633711506,-55.833333333333314,30.952380952380953,75.74750830564784,97.00996677740864,98.89258028792912,3.9867109634551494,61.31782945736434,,51.365817644887414
6244,茂迪,光電及I/O,23.5,94789078.61999999,True,85.82434514637904,26.023594725884802,65.82,2026-06-01,False,30.76923076923077,-9.615384615384617,-0.05920803966533268,64.7382920110193,26.919999999999995,30.952380952380953,35.548172757475086,16.168327796234774,26.799557032115175,89.14728682170544,39.72314507198229,83.11111111111111,51.328719084533034
2466,冠西電,光電及I/O,93.9,246783887.625,True,45.61140285071268,60.99930603747398,53.03,2026-06-01,False,67.6923076923077,61.896551724137936,0.06626986297864645,76.9672131147541,55.50666666666667,67.88482834994463,99.88925802879291,79.51273532668881,59.2469545957918,96.01328903654485,80.5094130675526,77.88888888888889,51.2828534514581
5210,寶碩,資訊服務,29.25,15152080.569999998,True,12.335958005249344,85.21859819569744,-20.73,2026-06-01,False,77.27272727272727,-2.5,-0.008371343541470178,87.96992481203007,-43.39,76.578073089701,60.46511627906976,41.74972314507198,85.16057585825027,4.4296788482834994,53.67663344407531,3.6666666666666665,51.23504983388705
3594,磐儀,電腦及週邊,57.9,121733308.8625,True,82.487922705314,30.395558639833446,43.85,2026-06-01,False,33.33333333333333,26.281352235550703,0.007929412113532128,98.63713798977852,-5.313333333333333,33.5548172757475,98.33887043189368,53.266888150609084,98.2281284606866,22.702104097452935,61.21816168327797,71.44444444444444,51.22212993724622
6423,億而得,半導體,70.5,18596709.6,True,90.63670411985018,18.945176960444137,171.65,2026-06-01,False,32.800000000000004,-10.532994923857865,-0.1485566137909304,56.17529880478087,97.95666666666666,33.00110741971207,33.44407530454042,3.10077519379845,9.413067552602437,97.78516057585826,35.348837209302324,95.44444444444444,51.10363602805464
3661,世芯-KY,半導體,3460.0,8104584450.75,True,60.817438692098094,49.8265093684941,15.39,2026-06-01,False,73.6,-10.594315245478036,-0.062026211812251625,64.37209302325581,32.18000000000001,72.97895902547066,33.33333333333333,15.614617940199334,25.47065337763012,91.58361018826136,47.79623477297896,39.22222222222223,51.084625322997425
1215,卜蜂,油脂飼料,105.5,144713201.55,True,5.61307901907357,89.93754337265788,8.69,2026-06-01,False,90.0,-7.456140350877193,0.01206272432202125,64.52599388379205,6.216666666666667,90.69767441860465,42.74640088593577,56.92137320044297,26.245847176079735,59.136212624584715,55.14950166112958,29.555555555555557,50.93816906607604
1907,永豐餘,造紙,28.05,51385990.669999994,True,58.2016348773842,51.70020818875781,12.66,2026-06-01,False,51.729004940014114,3.888888888888892,0.1864030201683327,96.06164383561644,3.1833333333333336,51.162790697674424,78.62679955703211,95.12735326688815,96.23477297895903,47.50830564784053,73.73200442967884,34.77777777777778,50.88713547434478
2612,中航,海運,51.7,18723047.67,True,18.61353711790393,80.49965301873698,11.7,2026-06-01,False,100.0,0.38834951456311234,0.005015521103770654,69.30294906166222,0.7799999999999976,98.67109634551495,67.77408637873754,52.04872646733112,38.759689922480625,38.205980066445186,59.09191583610188,33.55555555555556,50.8030638612034
7750,新代,機械,2060.0,366120860.25,True,66.82926829268293,45.45454545454545,151.4,2026-06-01,False,51.61290322580645,2.7431421446384037,-0.04982167789167565,67.10097719869707,39.890000000000015,51.05204872646733,75.85825027685493,19.379844961240313,33.222591362126245,93.35548172757476,54.57364341085272,94.55555555555556,50.74298634182355
1795,美時,藥,184.0,477094727.1,True,8.337874659400544,88.27203331020125,225.46,2026-06-01,False,71.11111111111111,0.546448087431694,-0.018781005428212524,50.688705234159784,108.40666666666667,70.7641196013289,69.10299003322258,34.33001107419712,4.651162790697675,98.11738648947951,55.39313399778515,96.55555555555554,50.71696197858988
9904,寶成,鞋及旅行箱,24.3,605879866.19,True,22.833787465940055,76.61346287300486,-3.26,2026-06-01,False,88.88888888888889,-3.9525691699604746,-0.12276641642601716,75.46583850931677,-3.513333333333333,89.3687707641196,55.14950166112956,5.204872646733112,55.81395348837209,26.688815060908084,46.44518272425249,12.666666666666668,50.6749723145072
2006,東和鋼鐵,基本金屬,73.0,201890469.45499998,True,43.18429661941112,62.80360860513532,9.01,2026-06-01,False,67.56756756756756,4.584527220630377,0.21458344084100572,87.52997601918464,5.550000000000001,67.66334440753046,79.95570321151716,96.78848283499445,84.38538205980066,56.810631229235874,77.12070874861573,30.0,50.52325581395348
2646,星宇航空,空運,21.6,112439214.54999998,True,80.18867924528303,33.10201249132547,40.81,2026-06-01,False,33.098094565984475,1.8867924528301987,0.14258166544670045,81.81818181818183,3.4366666666666674,33.111849390919154,73.31118493909192,90.69767441860465,72.53599114064231,48.837209302325576,63.69878183831671,69.66666666666667,50.50083056478405
4904,遠傳,通信網路,107.5,1736988707.655,True,85.2316076294278,26.231783483691878,15.9,2026-06-01,False,34.78260869565217,0.46728971962616817,0.09118667536213018,95.55555555555556,2.243333333333334,34.55149501661129,68.43853820598007,84.1638981173865,95.68106312292359,43.96456256921373,65.35991140642304,40.11111111111111,50.47628276116647
2707,晶華,餐飲飯店,179.5,27687324.975,True,17.6566757493188,81.22831367106176,13.94,2026-06-01,False,50.0,0.5602240896358543,0.35260405126905875,88.20638820638821,8.363333333333333,49.16943521594684,69.21373200442967,100.0,85.49280177187154,64.45182724252491,73.6655592469546,36.44444444444444,50.47323735695829
1232,大統益,油脂飼料,153.5,99498052.15,True,16.294277929155314,82.02637057598889,16.3,2026-06-01,False,60.0,8.865248226950355,0.037826605112120874,91.0979228486647,6.526666666666667,59.3576965669989,88.92580287929125,69.76744186046511,89.81173864894795,60.35437430786268,73.64341085271317,41.5,50.4359080841639
6179,亞通,工程承攬,24.35,47753163.677499995,True,93.18840579710145,15.68355308813324,229.22,2026-06-01,False,16.666666666666664,-5.984555984555974,-0.026078959161689452,68.20728291316527,89.10999999999999,15.946843853820598,47.176079734219265,29.457364341085274,36.21262458471761,97.2314507198228,45.20487264673311,96.66666666666667,50.41251384274641
3152,璟德,電子零組件,232.0,84500271.525,True,5.449591280653951,90.21512838306731,23.54,2026-06-01,False,99.3006993006993,11.538461538461538,-0.16760525182785097,71.49460708782742,9.26,97.2314507198228,91.9158361018826,2.104097452934662,45.51495016611295,66.22369878183831,60.598006644518264,50.44444444444445,50.3187523071244
2886,兆豐金,金融控股,49.4,1719699635.06,True,84.35967302452316,27.86259541984733,1.53,2026-06-01,False,69.23076923076923,7.042253521126761,0.15688068285088366,100.0,-28.51,69.10299003322258,86.15725359911407,93.13399778516057,99.55703211517165,6.64451827242525,70.91915836101883,18.555555555555557,50.26458102620893
6579,研揚,電腦及週邊,169.5,203876053.75,True,84.85013623978202,26.995142262317835,47.1,2026-06-01,False,28.07017543859649,12.624584717607974,0.07170964628261978,92.37057220708446,12.86333333333333,28.23920265780731,93.02325581395348,80.84163898117387,91.80509413067553,73.86489479512736,73.55481727574752,73.88888888888889,50.227482465854564
8099,大世科,資訊服務,58.0,11479662.815,True,42.17983651226158,63.358778625954194,85.46,2026-06-01,False,45.45454545454545,0.3460207612456797,-0.00032899849947076927,68.15511163337251,50.166666666666664,44.13067552602436,67.66334440753046,47.95127353266888,35.76965669988926,95.12735326688815,58.128460686600214,88.44444444444444,50.17035806570689
2546,根基,營造,96.8,13629089.885,True,69.26430517711172,43.65024288688411,44.27,2026-06-01,False,12.5,4.761904761904753,0.08278933646286434,98.47405900305188,14.67333333333334,11.517165005537098,80.39867109634552,82.17054263565892,97.67441860465115,77.0764119601329,69.76744186046513,71.77777777777777,50.14267257290513
5009,榮剛,基本金屬,33.45,129763366.20249999,True,53.84196185286103,54.6148507980569,12.93,2026-06-01,False,59.45945945945946,0.753012048192771,0.15953656994456983,83.31257783312579,7.766666666666667,58.4717607973422,69.65669988925804,93.68770764119601,75.1937984496124,63.01218161683278,72.0044296788483,35.333333333333336,49.83554817275747
3645,達邁,印刷電路板,68.5,125577219.43999998,True,64.77124183006536,46.84247050659264,2.7,2026-06-01,False,79.48717948717949,-21.354764638346722,0.10501868342971094,58.29787234042553,-3.5566666666666666,78.95902547065337,12.4031007751938,86.82170542635659,12.73532668881506,26.578073089701,43.49944629014397,19.555555555555557,49.71170173495755
1537,廣隆,電子零組件,127.5,10680296.2,True,83.48773841961852,29.285218598195694,14.05,2026-06-01,False,51.048951048951054,2.0,0.22181115715275831,87.93103448275862,9.416666666666668,50.60908084163898,74.08637873754152,97.34219269102991,85.04983388704319,66.55592469545958,74.72868217054263,36.55555555555556,49.532022886674056
6409,旭隼,電子零組件,1000.0,1453824229.75,True,32.47956403269755,69.74323386537127,5.72,2026-06-01,False,86.7132867132867,2.3541453428863868,0.0501176691873547,77.51937984496125,8.01,87.48615725359912,74.3078626799557,73.97563676633445,60.57585825027686,63.45514950166113,71.96013289036544,24.22222222222222,49.49409376153562
7780,大研生醫*,藥,17.2,18860316.395,True,1.8957345971563981,94.37890353920888,37.7,2026-06-01,False,84.44444444444444,-3.9106145251396613,-0.038466163772886634,4.444444444444444,1.9266666666666694,85.04983388704319,55.26024363233666,23.477297895902545,0.11074197120708748,42.19269102990033,41.21816168327797,67.66666666666666,49.391749723145075
3479,安勤,電腦及週邊,147.5,389352190.55,True,87.68392370572207,23.178348369188065,27.85,2026-06-01,False,24.561403508771928,3.508771929824561,0.011182488466505594,94.24920127795528,11.8,24.25249169435216,77.8516057585825,56.035437430786274,94.46290143964563,71.98228128460687,64.91694352159467,56.222222222222214,49.271502399409385
1734,杏輝,藥,31.55,16367964.357499998,True,29.440905874026896,71.7557251908397,3.78,2026-06-01,False,46.666666666666664,-1.4062499999999978,0.1550069903081013,93.34319526627219,-3.4466666666666668,45.73643410852713,63.23366555924695,92.9125138427464,93.13399778516057,27.242524916943523,64.45182724252491,21.444444444444443,49.270302694721295
5871,中租-KY,租賃,120.0,1045762209.75,True,36.23978201634878,67.17557251908397,-0.82,2026-06-01,False,67.1136203246295,5.726872246696035,0.14289449293854753,97.16599190283401,0.31000000000000016,67.22037652270211,82.94573643410853,90.80841638981174,96.78848283499445,36.65559246954596,74.88372093023256,15.88888888888889,49.238002953119235
3209,全科,電子通路,57.2,87079893.895,True,93.40599455040872,15.405968077723802,170.41,2026-06-01,False,12.244897959183673,-4.983388704318937,-0.1279256659593318,70.27027027027027,74.96,11.074197120708748,51.05204872646733,4.4296788482834994,41.52823920265781,96.67774086378738,40.95238095238095,95.33333333333334,49.220930232558146
3577,泓格,電腦及週邊,136.0,273372742.225,True,87.24795640326975,23.941707147814018,85.37,2026-06-01,False,26.31578947368421,15.254237288135593,-0.012810197900991147,84.472049689441,24.516666666666673,26.411960132890368,95.12735326688815,38.759689922480625,77.0764119601329,88.03986710963456,65.08305647840533,88.33333333333333,49.17358803986711
3088,艾訊,電腦及週邊,141.5,286507252.025,True,98.9100817438692,1.7349063150589867,48.37,2026-06-01,False,10.526315789473683,4.044117647058823,0.09110816463534702,91.88311688311688,-6.060000000000002,9.30232558139535,78.95902547065337,84.0531561461794,91.36212624584718,20.59800664451827,56.854928017718706,74.83333333333333,49.13468992248062
2364,倫飛,電腦及週邊,70.7,13376976.145,True,25.32561505065123,75.15614156835531,60.06,2026-06-01,False,89.47368421052632,9.44272445820435,0.20590972454823228,59.91525423728814,21.990000000000002,90.08859357696566,89.92248062015504,96.4562569213732,15.060908084163898,85.71428571428571,75.4485049833887,80.55555555555556,48.94564414913252
3430,奇鈦科,其他化學,111.5,93893372.225,True,92.96375266524521,15.96113809854268,58.37,2026-06-01,False,12.5,-20.921985815602838,0.006281214260281961,60.76294277929155,32.22,11.517165005537098,13.2890365448505,52.71317829457365,17.05426356589147,91.69435215946844,37.25359911406423,79.77777777777779,48.76504245108896
3413,京鼎,電子設備,329.0,1523902878.475,True,89.80926430517712,20.437196391394867,39.75,2026-06-01,False,36.61971830985916,10.033444816053512,0.11259330948855285,86.12565445026178,18.826666666666668,35.880398671096344,90.69767441860465,87.70764119601328,80.5094130675526,82.61351052048727,75.48172757475083,68.77777777777779,48.61747877445552
2105,正新,輪胎,30.8,436424790.93999994,True,18.310626702997276,80.84663428174879,15.01,2026-06-01,False,80.0,4.761904761904769,0.2833911224747867,75.49019607843138,6.286666666666665,80.1218161683278,80.5094130675526,99.1140642303433,55.924695459579176,59.41306755260244,75.01661129568107,38.44444444444444,48.495385751199706
3490,單井,電子設備,27.75,21200235.11,True,10.423728813559322,86.05135322692574,-3.75,2026-06-01,False,95.77464788732394,-8.866995073891623,-0.08272251146254865,63.793103448275865,-18.79,95.34883720930233,37.54152823920266,11.738648947951273,23.920265780730897,10.299003322259136,35.76965669988926,12.11111111111111,48.459671465485414
6117,迎廣,電子零組件,68.3,15400980.760000002,True,6.553911205073996,89.38237335183901,-11.35,2026-06-01,False,98.6013986013986,-4.741980474198055,-0.037148131423087837,70.41237113402062,-7.3533333333333335,97.00996677740864,51.93798449612403,23.920265780730897,42.08194905869325,18.715393133997786,46.73311184939092,6.388888888888888,48.38570505721668
2832,台產,產險,56.6,13381810.68,True,49.20980926430518,58.986814712005554,7.27,2026-06-01,False,40.0,1.433691756272409,0.053727308518351724,98.95104895104895,-10.106666666666666,38.87043189368771,71.98228128460687,75.30454042081949,98.44961240310077,16.057585825027683,60.13289036544851,27.77777777777778,48.27888519748984
4951,精拓科,半導體,80.7,33634342.15,True,15.666666666666668,82.37335183900069,-3.71,2026-06-01,False,92.80000000000001,-14.603174603174601,0.0021813561403283698,57.64285714285714,-2.5533333333333337,93.24473975636766,24.25249169435216,49.72314507198228,11.84939091915836,29.900332225913623,41.79401993355482,12.222222222222221,48.265965300849025
3605,宏致,電子零組件,91.0,976278149.35,True,89.91486574983628,20.333102012491324,29.81,2026-06-01,False,34.96503496503497,22.972972972972975,0.06437283809719815,96.29629629629629,9.256666666666668,34.66223698781838,97.2314507198228,78.8482834994463,96.4562569213732,66.11295681063123,74.66223698781839,58.77777777777777,48.16620524178663
3022,威強電,電腦及週邊,91.7,255887751.23000002,True,99.78201634877384,0.4510756419153366,79.97,2026-06-01,False,2.631578947368421,12.79212792127922,0.09508830098267965,97.24284199363733,23.75333333333333,1.6057585825027685,93.35548172757476,85.04983388704319,97.00996677740864,87.48615725359912,72.90143964562569,87.33333333333333,48.1483942414175
4966,譜瑞-KY,半導體,615.0,865459267.5,True,28.719346049046322,72.1027064538515,12.23,2026-06-01,False,85.6,1.151315789473684,-0.08083335936093612,70.6896551724138,9.026666666666667,86.15725359911407,71.31782945736434,12.070874861572536,43.18936877076412,65.4485049833887,55.63676633444076,34.333333333333336,48.0905315614618
2377,微星,電腦及週邊,146.5,2754755522.175,True,47.084468664850135,60.02775850104094,-9.23,2026-06-01,False,80.7017543859649,11.406844106463879,0.14580412061914838,94.51612903225806,9.176666666666666,81.06312292358804,91.80509413067553,91.25138427464009,94.79512735326688,65.78073089700996,84.93909191583609,8.222222222222223,48.068844592100405
2103,台橡,橡膠原料,22.2,207601349.57750002,True,81.865889212828,30.950728660652327,40.24,2026-06-01,False,31.051517290049404,9.629629629629626,0.04705488472696926,86.71874999999999,9.513333333333332,31.33997785160576,90.47619047619048,73.20044296788483,81.72757475083057,66.99889258028793,68.74861572535991,69.11111111111111,47.92561830933924
2206,三陽工業,機車船製造,63.1,101219380.03,True,54.986376021798364,53.71269951422624,-13.38,2026-06-01,False,66.66666666666666,2.601626016260165,0.15283769902732328,94.60269865067467,-3.876666666666667,66.61129568106313,75.52602436323367,92.69102990033223,94.90586932447398,25.692137320044296,71.08527131782947,5.666666666666666,47.91445182724253
6937,天虹,電子設備,276.0,164783929.625,True,89.41548183254343,21.02706453851492,64.17,2026-06-01,False,38.028169014084504,10.4,0.015439474056116169,78.52062588904694,28.663333333333334,37.098560354374314,91.0299003322259,58.80398671096345,63.23366555924695,90.2547065337763,68.0841638981174,82.33333333333334,47.90891472868218
8114,振樺電,電腦及週邊,217.5,249490179.1,True,44.141689373297005,62.00555170020819,19.14,2026-06-01,False,82.45614035087719,17.56756756756757,0.13110472284226432,76.71957671957672,27.78,83.05647840531562,96.29014396456257,89.92248062015504,58.80398671096345,90.03322259136213,83.62126245847176,45.44444444444444,47.753691399040235
1476,儒鴻,成衣,341.5,539257931.375,True,6.811989100817439,89.24358084663429,14.42,2026-06-01,False,84.21052631578947,8.240887480190175,0.13269382811450012,75.55309734513274,10.63,84.88372093023256,87.92912513842747,90.03322259136213,56.25692137320044,69.54595791805093,77.7297895902547,37.55555555555555,47.69176818014027
2885,元大金,金融控股,64.7,2046186578.83,True,97.9291553133515,3.4698126301179735,,2026-06-01,False,15.384615384615385,-2.413273001508287,0.02603099633345048,90.4895104895105,487.2633333333334,14.451827242524917,60.57585825027686,65.00553709856035,88.4828349944629,99.33554817275747,65.5703211517165,,47.45293466223699
1784,訊聯,生物科技,59.6,16063441.995000001,True,28.446866485013622,72.31089521165856,5.37,2026-06-01,False,100.0,-8.588957055214726,-0.05952441797009601,51.6017316017316,-5.913333333333333,98.67109634551495,38.53820598006645,16.057585825027683,5.3156146179401995,21.040974529346624,35.92469545957918,23.77777777777778,47.30657069029162
2359,所羅門,電子通路,144.5,820382612.625,True,81.59144893111639,31.43650242886884,35.56,2026-06-01,False,36.734693877551024,14.229249011857709,0.03995747923525439,86.78678678678679,-5.473333333333329,35.991140642303435,94.6843853820598,69.9889258028793,82.05980066445183,22.48062015503876,61.04097452934663,65.55555555555556,47.23052787006276
8028,昇陽半導體,半導體,311.0,2437946883.2,True,91.60762942779292,17.557251908396946,33.62,2026-06-01,False,30.4,8.93169877408056,0.06478411736304403,87.23702664796635,-3.3133333333333397,30.23255813953488,89.14728682170544,78.95902547065337,83.72093023255815,27.57475083056478,61.92691029900332,63.77777777777778,47.14599483204134
6753,龍德造船,機車船製造,138.0,825577839.2,True,39.268292682926834,65.30187369882027,33.41,2026-06-01,False,83.33333333333334,13.580246913580247,0.02177541740453272,67.81326781326781,-3.2033333333333402,84.21926910299004,93.90919158361018,62.56921373200443,34.66223698781838,28.12846068660022,60.69767441860465,63.33333333333333,47.07641196013289
2834,臺企銀,本國銀行,18.2,623950976.9125001,True,70.02724795640327,42.64399722414989,-7.72,2026-06-01,False,55.55555555555556,2.5352112676056295,0.030290443799865327,99.72602739726028,-14.620000000000001,54.928017718715395,75.30454042081949,67.44186046511628,99.00332225913621,12.4031007751938,61.81616832779624,9.333333333333334,46.990033222591364
4968,立積,半導體,98.0,83002762.16499999,True,21.3070115724983,78.48716169326856,-1.09,2026-06-01,False,89.60000000000001,-11.312217194570136,-0.10576379512436364,58.85885885885885,-2.8600000000000003,90.36544850498339,31.561461794019934,7.530454042081949,13.399778516057587,29.568106312292358,34.48504983388705,15.666666666666668,46.967607973421934
3034,聯詠,半導體,518.0,2890735587.55,True,94.3324250681199,13.671061762664817,18.96,2026-06-01,False,24.0,1.768172888015717,0.14682498938583696,91.35802469135803,9.136666666666668,23.864894795127352,72.86821705426357,91.47286821705426,90.58693244739756,65.55924695459579,68.87043189368771,45.111111111111114,46.67368032484311
1319,東陽,汽車組件,73.0,219686209.25499997,True,20.0,79.52810548230396,3.04,2026-06-01,False,91.66666666666666,-5.562742561448896,-0.09056958729869587,63.47826086956522,5.883333333333334,92.58028792912513,49.28017718715393,10.077519379844961,22.812846068660022,57.91805094130675,46.53377630121816,20.555555555555554,46.6671280915467
4585,達明,機器人,302.5,126208296.1,True,7.07070707070707,89.10478834142957,41.88,2026-06-01,False,89.13196894848271,2.3688663282571913,0.012626633573898174,37.8125,13.466666666666665,89.81173864894795,74.52934662236987,57.25359911406424,0.6644518272425249,74.64008859357698,59.3798449612403,70.44444444444444,46.59782207456626
6261,久元,半導體,81.7,66946428.84999999,True,87.35694822888284,23.83761276891048,33.71,2026-06-01,False,40.0,-10.022026431718057,0.11464522320335921,61.198501872659186,20.843333333333334,38.87043189368771,34.772978959025465,88.15060908084163,18.161683277962346,85.04983388704319,53.00110741971207,63.888888888888886,46.53700627537837
5876,上海商銀,本國銀行,47.0,652357486.4125,True,64.14168937329701,47.32824427480916,-4.39,2026-06-01,False,66.66666666666666,10.849056603773588,0.23637267163941791,100.0,-2.3066666666666666,66.61129568106313,91.69435215946844,98.11738648947951,99.55703211517165,30.564784053156146,77.30897009966777,11.555555555555555,46.50738279808047
6735,美達科技,電子設備,66.0,14196507.4,True,76.49253731343283,36.91880638445524,15.24,2026-06-01,False,52.112676056338024,-24.657534246575338,0.11317687341588427,45.51724137931035,-66.24333333333334,51.71650055370986,7.308970099667775,87.81838316722038,2.6578073089700998,3.211517165005537,30.54263565891473,38.77777777777778,46.46077888519749
3374,精材,半導體,345.0,6745801458.975,True,92.16166564605021,16.793893129770993,61.01,2026-06-01,False,28.000000000000004,23.43470483005367,-0.004738617197964035,82.53588516746412,17.686666666666667,28.07308970099668,97.45293466223698,45.29346622369878,73.97563676633445,81.28460686600222,65.21594684385381,81.0,46.39894795127353
4162,智擎,藥,65.8,79114898.77000001,True,31.498637602179834,70.68008327550312,33.92,2026-06-01,False,42.22222222222222,13.644214162348876,0.05948291320842483,82.55959849435382,6.030000000000001,41.08527131782946,94.01993355481729,77.9623477297896,74.08637873754152,58.3610188261351,69.1029900332226,64.22222222222223,46.34348468069399
4566,時碩工業,汽車組件,73.3,160546793.26,True,95.65707839819515,11.103400416377514,44.39,2026-06-01,False,13.88888888888889,23.817567567567558,0.05131204760469251,99.05405405405405,24.436666666666667,12.624584717607974,97.89590254706533,74.3078626799557,98.56035437430786,87.81838316722038,74.24141749723144,71.88888888888889,46.294481358434844
2395,研華,電腦及週邊,577.0,2053906065.95,True,99.78201634877384,0.4510756419153366,73.39,2026-06-01,False,2.631578947368421,26.67398463227223,0.04449653451314919,96.16666666666667,26.68999999999999,1.6057585825027685,98.56035437430786,71.98228128460687,96.3455149501661,88.92580287929125,71.48394241417498,85.77777777777777,46.292174234034704
1723,中碳,其他化學,86.4,80320661.94500001,True,93.84196185286103,14.607911172796669,32.12,2026-06-01,False,6.25,3.3492822966507316,0.11050394742033101,96.00000000000001,-11.700000000000003,4.706533776301218,77.51937984496125,87.37541528239203,96.12403100775194,14.61794019933555,56.0686600221484,61.77777777777778,46.27224067921742
1210,大成,油脂飼料,58.1,159926147.025,True,42.01634877384196,63.67106176266481,12.17,2026-06-01,False,40.0,5.253623188405794,0.1514654553063902,93.55877616747182,3.286666666666667,38.87043189368771,81.94905869324474,92.13732004429679,93.57696566998892,48.28349944629014,70.96345514950166,34.22222222222222,46.18014027316353
4736,泰博,醫療耗材,131.0,22910037.825,True,15.749318801089917,82.23455933379597,2.09,2026-06-01,False,60.60606060606061,6.504065040650407,0.2866360494432609,91.28919860627178,8.469999999999999,60.02214839424141,84.71760797342192,99.2248062015504,90.36544850498339,64.78405315614619,79.82281284606867,18.944444444444443,46.153608342561824
3388,崇越電,電子通路,73.5,34108918.145,True,74.6049046321526,38.65371269951422,18.97,2026-06-01,False,51.02040816326531,-12.5,0.12042451179645894,60.74380165289256,-6.023333333333337,50.498338870431894,28.23920265780731,88.92580287929125,16.832779623477297,20.70874861572536,41.04097452934663,45.27777777777778,46.09242340346991
5388,中磊,通信網路,90.6,416460078.56,True,94.44141689373296,13.39347675225538,70.83,2026-06-01,False,21.73913043478261,18.276762402088774,0.20326877063876753,81.99095022624434,2.056666666666672,21.816168327796234,96.56699889258029,96.23477297895903,73.20044296788483,42.967884828349945,66.15725359911406,84.88888888888889,45.83462532299741
6862,三集瑞-KY,電子零組件,142.0,92009627.275,True,81.2206572769953,31.783483691880637,-1.04,2026-06-01,False,55.24475524475524,-24.46808510638298,-0.06732872234704397,62.28070175438597,27.34666666666667,54.706533776301214,7.530454042081949,13.621262458471762,20.26578073089701,89.70099667774086,37.16500553709856,15.777777777777777,45.804909560723516
4536,拓凱,其他,165.5,70415307.975,True,45.55858310626703,61.06870229007634,10.04,2026-06-01,False,45.45454545454545,0.9146341463414633,0.11246017508610792,84.87179487179488,5.533333333333332,44.13067552602436,70.32115171650055,87.59689922480621,77.8516057585825,56.47840531561462,67.27574750830564,31.555555555555554,45.80417128091547
8464,億豐,五金及家具,379.0,243535506.325,True,33.787465940054496,68.80638445523942,11.73,2026-06-01,False,80.0,8.131241084165477,0.041871245611792826,75.87587587587588,8.493333333333334,80.1218161683278,87.70764119601328,70.54263565891473,56.810631229235874,64.89479512735326,72.01550387596899,33.666666666666664,45.722868217054256
2543,皇昌,營造,39.0,42867992.50000001,True,26.72301690507152,73.49063150589869,105.33,2026-06-01,False,62.5,1.8276762402088846,0.11880825752744605,45.348837209302324,20.789999999999992,62.01550387596899,73.08970099667775,88.70431893687709,2.547065337763012,84.82834994462901,62.23698781838317,91.11111111111111,45.64599483204134
7777,能率亞洲,創投,40.0,135802168.815,True,65.24822695035462,46.63428174878557,-77.03,2026-06-01,False,46.64784756527876,-4.761904761904762,-0.01998650667014804,90.09009009009009,-717.8233333333333,45.625692137320044,51.82724252491694,33.33333333333333,87.98449612403101,0.9966777408637874,43.95348837209302,0.6666666666666667,45.6124031007752
1604,聲寶,家電製品,23.3,11729247.747499999,True,69.42779291553134,43.33795975017349,6.76,2026-06-01,False,37.5,1.0845986984815619,0.26355820399594465,91.015625,6.7700000000000005,36.65559246954596,70.7641196013289,98.56035437430786,89.70099667774086,61.01882613510521,71.33997785160577,26.77777777777778,45.592561830933924
2915,潤泰全,百貨批發,51.5,143491248.195,True,67.46594005449592,44.829979181124216,12.84,2026-06-01,False,20.0,-0.9615384615384616,-0.009001580209562852,91.63701067615658,22.96333333333333,20.044296788482836,64.11960132890366,41.19601328903654,91.0299003322259,86.71096345514951,60.620155038759684,35.22222222222222,45.544204503506826
4766,南寶,樹脂,328.5,153662043.8,True,64.46866485013624,47.05065926439973,12.82,2026-06-01,False,50.0,-3.3823529411764706,0.1515345137850173,74.9144811858609,-0.5566666666666666,49.16943521594684,57.58582502768549,92.35880398671097,54.706533776301214,33.99778516057586,57.563676633444075,35.11111111111111,45.350313768918426
9907,統一實,金屬製品,15.1,62137333.654999994,True,21.798365122615802,77.55031228313672,-6.1,2026-06-01,False,85.71428571428571,1.0033444816053536,0.11386161902345464,74.93796526054591,9.593333333333335,86.37873754152824,70.65337763012181,87.92912513842747,54.928017718715395,67.109634551495,73.39977851605758,10.555555555555555,45.302233296419345
6505,台塑化,輕油裂解,77.9,4206982638.96,True,45.359019264448335,61.27689104788342,18.46,2026-06-01,False,61.25617501764291,45.607476635514026,0.09535519300926676,83.58369098712447,-7.656666666666663,60.68660022148394,99.66777408637874,85.27131782945736,75.74750830564784,18.383167220376524,67.95127353266889,44.333333333333336,45.27491694352159
4167,松瑞藥,藥,20.4,29234555.615000002,True,21.983089930822445,77.16863289382373,-0.18,2026-06-01,False,57.77777777777777,7.651715039577834,0.15774083056499813,93.36384439359267,14.023333333333333,56.92137320044297,87.04318936877077,93.24473975636766,93.24473975636766,75.1937984496124,81.12956810631229,16.88888888888889,45.00295311923219
6414,樺漢,電腦及週邊,469.0,1344186758.45,True,99.12806539509536,1.4920194309507286,56.97,2026-06-01,False,8.771929824561402,29.737206085753805,0.1452429202796868,93.24055666003976,18.843333333333334,6.755260243632337,98.89258028792912,91.0299003322259,92.80177187153932,82.72425249169434,74.44075304540421,79.0,44.91611295681063
6933,AMAX-KY,電腦及週邊,161.0,64218488.475,True,13.850837138508371,83.9000693962526,26.6,2026-06-01,False,92.98245614035088,17.09090909090909,-0.010601257183482886,65.4471544715447,-23.383333333333326,93.35548172757476,96.01328903654485,40.19933554817276,28.349944629014395,8.194905869324474,53.22259136212625,53.94444444444444,44.909145441122185
9938,百和,其他紡織,47.15,82521702.14250001,True,49.04632152588556,59.12560721721027,21.21,2026-06-01,False,59.13902611150318,9.017341040462425,-0.011063705865989336,78.06291390728477,14.043333333333333,58.139534883720934,89.3687707641196,39.8671096345515,62.12624584717608,75.30454042081949,64.96124031007751,48.11111111111111,44.75203026947213
1904,正隆,造紙,21.55,52241749.38,True,61.63487738419619,49.27133934767522,-2.09,2026-06-01,False,49.32956951305575,1.4117647058823564,0.07107930573143977,90.1673640167364,-11.196666666666667,48.06201550387597,71.87153931339978,80.62015503875969,88.15060908084163,14.839424141749724,60.70874861572535,14.444444444444443,44.69638242894057
6122,擎邦,工程承攬,50.4,31034605.329999994,True,40.337078651685395,64.53851492019432,20.25,2026-06-01,False,50.0,6.7796610169491425,0.05313465657646209,80.38277511961722,24.19333333333333,49.16943521594684,85.8250276854928,75.08305647840533,68.10631229235881,87.70764119601328,73.17829457364341,47.0,44.612679955703214
6895,宏碩系統,電子設備,121.0,11621039.825,True,13.943661971830986,83.83067314365024,-43.64,2026-06-01,False,94.36619718309859,-17.687074829931973,-0.023274566836557566,35.5359765051395,-3.5700000000000003,94.35215946843853,18.161683277962346,30.564784053156146,0.4429678848283499,26.356589147286826,33.97563676633444,1.7777777777777777,44.60280546327058
3035,智原,半導體,200.5,1317042020.7,True,98.25613079019074,2.9840388619014573,26.57,2026-06-01,False,4.0,-2.9055690072639226,0.030072870028663393,86.05150214592274,47.11,2.436323366555925,59.2469545957918,67.109634551495,80.28792912513842,94.46290143964563,60.708748615725355,53.666666666666664,44.2859911406423
1736,喬山,家電製品,133.5,98320003.625,True,12.383177570093459,85.01040943789036,14.49,2026-06-01,False,81.25,12.658227848101266,0.02403008212875978,72.95081967213115,6.9799999999999995,81.61683277962348,93.24473975636766,63.78737541528239,49.6124031007752,61.57253599114064,69.96677740863787,37.888888888888886,43.968346253229974
2845,遠東銀,本國銀行,13.4,152187785.035,True,87.68392370572207,23.178348369188065,20.15,2026-06-01,False,11.11111111111111,3.0769230769230793,0.19329817413582043,95.37366548042704,-4.456666666666667,9.800664451827243,76.52270210409745,95.45957918050941,95.5703211517165,24.473975636766333,60.365448504983384,46.666666666666664,43.87873754152824
9941,裕融,租賃,82.4,84535149.43,True,9.91825613079019,86.67591950034698,-4.0,2026-06-01,False,86.66196189131969,4.834605597964392,0.21448814975656671,75.9447004608295,-1.3000000000000003,87.37541528239203,80.95238095238095,96.67774086378738,57.14285714285714,32.33665559246955,70.8970099667774,11.777777777777777,43.83591731266149
6241,鑫永洋,通信網路,16.4,12669758.3,True,54.90196078431373,53.99028452463567,-1.18,2026-06-01,False,63.04347826086957,7.540983606557368,0.05619428955136744,87.23404255319149,-5.3566666666666665,62.45847176079734,86.71096345514951,76.30121816168328,83.61018826135106,22.591362126245848,66.3344407530454,15.444444444444445,43.70053525286083
6285,啟碁,通信網路,249.5,2247516742.725,True,96.94822888283379,7.702984038861901,84.37,2026-06-01,False,8.695652173913043,5.720338983050848,-0.015924097052825176,78.21316614420063,39.42333333333334,6.64451827242525,82.83499446290143,36.434108527131784,62.56921373200443,93.24473975636766,56.34551495016611,88.1111111111111,43.62246216315984
2603,長榮,海運,203.5,2406610077.3,True,65.2930934416715,46.56488549618321,30.01,2026-06-01,False,27.27272727272727,12.430939226519337,0.23256965771464053,85.86497890295358,8.033333333333331,27.51937984496124,92.80177187153932,97.89590254706533,79.734219269103,63.67663344407531,72.32558139534885,59.44444444444444,43.474067921742346
2539,櫻花建,建設,41.4,38972436.965,True,34.55040871934605,68.14712005551701,79.55,2026-06-01,False,61.016949152542374,8.661417322834637,0.19556590252158346,59.82658959537572,-272.97666666666663,60.46511627906976,88.59357696566998,95.68106312292359,14.728682170542637,1.4396456256921373,52.181616832779625,87.22222222222223,43.45561092654117
3693,營邦,電子零組件,494.5,388680697.75,True,93.47826086956522,15.267175572519085,74.98,2026-06-01,False,26.573426573426573,2.4870466321243523,0.02406735401006996,67.92582417582418,38.11666666666667,26.799557032115175,74.97231450719822,63.89811738648948,35.21594684385382,93.02325581395348,58.781838316722045,86.44444444444444,43.3719084533038
6603,富強鑫,機械,25.9,38940854.0525,True,63.450292397660824,47.952810548230396,22.71,2026-06-01,False,61.29032258064516,13.100436681222707,0.03358736857467993,75.40029112081513,20.463333333333335,60.797342192691026,93.68770764119601,68.21705426356588,55.70321151716501,84.27464008859357,72.53599114064231,49.77777777777778,43.147655961609445
4977,眾達-KY,通信網路,133.5,309325133.575,True,71.17166212534059,41.464260929909784,8.08,2026-06-01,False,56.52173913043478,-18.84498480243161,0.02067678205849663,49.35304990757856,23.523333333333333,55.924695459579176,17.16500553709856,61.904761904761905,4.097452934662237,87.37541528239203,45.293466223698786,28.77777777777778,42.908730158730165
1560,中砂,半導體,690.0,1061467409.05,True,98.09264305177112,3.1922276197085355,16.39,2026-06-01,False,5.6000000000000005,-1.849217638691323,-0.02947447215495268,89.72691807542262,-1.2733333333333334,4.208194905869324,62.56921373200443,27.57475083056478,87.48615725359912,32.55813953488372,42.87929125138427,41.66666666666667,42.69795127353267
3306,鼎天,通信網路,45.0,16504240.925000003,True,19.455040871934603,79.84038861901456,1.15,2026-06-01,False,86.95652173913044,-1.098901098901099,0.005738644931155699,65.40697674418605,-0.9866666666666672,87.59689922480621,63.89811738648948,52.602436323366554,28.23920265780731,33.44407530454042,53.15614617940199,18.444444444444443,42.59560723514212
2412,中華電,通信網路,140.5,3044376850.8,True,97.05722070844686,7.286606523247745,11.4,2026-06-01,False,5.434782608695652,-1.7482517482517483,0.05150765002147844,95.90443686006826,3.2666666666666675,3.9867109634551494,62.901439645625686,74.4186046511628,96.01328903654485,47.95127353266888,57.054263565891475,33.111111111111114,42.55241786637136
3669,圓展,光電及I/O,42.55,25557492.5225,True,67.95640326975477,44.552394170714784,2.95,2026-06-01,False,50.76923076923077,27.014925373134318,0.017430005019125675,98.72389791183294,-1.8533333333333335,50.27685492801772,98.67109634551495,60.243632336655594,98.33887043189368,31.33997785160576,67.77408637873754,20.22222222222222,42.54171280915466
4127,天良,藥,77.4,49104712.905,True,99.37434827945776,1.040943789035392,41.38,2026-06-01,False,4.444444444444445,20.00000000000001,0.06960746743296019,93.25301204819277,-3.68333333333333,2.768549280177187,96.89922480620154,79.95570321151716,92.9125138427464,25.91362126245847,59.689922480620154,70.22222222222221,42.251015134736065
6591,動力-KY,電子零組件,45.05,10183487.72,True,28.610354223433244,72.17210270645386,-48.64,2026-06-01,False,88.11188811188812,-15.000000000000005,-0.12531401564562392,44.82587064676616,6.076666666666661,88.59357696566998,23.477297895902545,4.651162790697675,2.104097452934662,58.4717607973422,35.45957918050941,1.5555555555555556,42.19398301956441
2892,第一金,金融控股,34.8,1376146879.8725,True,95.91280653950953,10.51353226925746,9.73,2026-06-01,False,23.076923076923077,6.584992343032154,0.15203378969287973,100.0,-19.740000000000002,23.25581395348837,85.16057585825027,92.46954595791806,99.55703211517165,9.966777408637874,62.08194905869325,30.88888888888889,42.13528977482466
6538,倉和,光電及I/O,126.5,242175369.675,True,96.85569904548007,8.258154059680777,46.5,2026-06-01,False,10.76923076923077,6.302521008403361,-0.028205872577109655,81.08974358974359,41.57,9.413067552602437,84.27464008859357,28.23920265780731,69.8781838316722,93.57696566998892,57.07641196013289,73.44444444444444,42.11526393503138
6277,宏正,光電及I/O,78.9,55250142.71999999,True,99.61852861035423,0.7633587786259541,35.12,2026-06-01,False,1.5384615384615385,14.513788098693759,0.06391052763978693,97.4074074074074,16.173333333333332,0.5537098560354374,94.90586932447398,78.7375415282392,97.34219269102991,79.29125138427464,70.16611295681062,65.22222222222223,42.0530638612034
9802,鈺齊-KY,鞋及旅行箱,74.3,44479507.025000006,True,27.520435967302454,73.14365024288688,15.45,2026-06-01,False,77.77777777777779,2.4827586206896513,0.18194972475386229,64.6086956521739,13.6,77.24252491694352,74.86157253599114,94.90586932447398,26.46733111849391,74.75083056478405,69.64562569213732,39.33333333333333,42.0454042081949
3005,神基,電子零組件,112.5,721581634.175,True,62.6158038147139,48.68147120055517,28.59,2026-06-01,False,71.32867132867133,17.1875,0.10992000410055772,68.18181818181817,11.260000000000002,70.98560354374308,96.12403100775194,87.26467331118494,36.04651162790697,70.54263565891473,72.19269102990033,56.888888888888886,41.94924326319675
3416,融程電,電腦及週邊,173.0,122129081.0,True,90.46321525885558,19.257460097154755,24.3,2026-06-01,False,21.052631578947366,5.81039755351682,0.14412255179516967,85.22167487684729,-20.05,21.262458471760798,83.05647840531562,90.91915836101883,78.29457364341084,9.634551495016613,56.633444075304546,50.888888888888886,41.84736064968622
3596,智易,通信網路,185.0,234019518.95,True,53.2425068119891,55.517002081887576,3.96,2026-06-01,False,65.21739130434783,1.9283746556473829,0.10134204280333767,74.14829659318637,0.8433333333333328,65.11627906976744,73.64341085271317,86.26799557032115,53.48837209302325,38.53820598006645,63.41085271317829,21.666666666666668,41.656976744186046
2812,台中銀,本國銀行,20.75,333273796.4925,True,79.56403269754769,34.004163775156144,16.56,2026-06-01,False,22.22222222222222,4.797979797979794,0.30867908801631394,87.0020964360587,-21.686666666666664,22.03765227021041,80.62015503875969,99.55703211517165,82.61351052048727,8.970099667774086,58.75968992248063,41.94444444444444,41.49386304909561
1303,南亞,石化,174.0,17293443795.9,True,79.70501474926253,33.865371269951424,31.79,2026-06-01,False,43.75,17.56756756756757,0.001278808556193844,76.48351648351648,4.263333333333328,42.30343300110742,96.29014396456257,49.05869324473976,58.139534883720934,52.04872646733112,59.568106312292365,61.22222222222222,41.343761535621994
2324,仁寶,電腦及週邊,37.15,1705476807.5600002,True,99.1825613079019,1.35322692574601,58.38,2026-06-01,False,7.017543859649122,6.752873563218395,0.05517165067192809,78.95855472901168,26.313333333333333,5.426356589147287,85.71428571428571,75.85825027685493,64.23034330011073,88.70431893687709,63.98671096345515,79.88888888888889,40.957825765965296
2348,海悅,建設,77.8,49946478.21999999,True,97.11171662125341,7.0437196391394865,247.66,2026-06-01,False,5.084745762711865,10.826210826210819,0.12274004348909236,74.44976076555024,210.90666666666667,3.5437430786267994,91.36212624584718,89.03654485049833,53.70985603543743,98.89258028792912,67.30897009966777,97.0,40.72286821705426
5434,崇越,電子通路,543.0,1207789011.05,True,99.34604904632153,1.1450381679389312,32.86,2026-06-01,False,2.0408163265306123,10.816326530612246,0.05924471526869362,91.10738255033557,10.23,0.8859357696566998,91.25138427464009,77.74086378737542,89.92248062015504,68.32779623477298,65.62569213732004,62.94444444444445,40.62536913990402
7714,創泓科技,數位雲端,157.5,145498638.225,True,70.92391304347827,41.84594031922276,122.9,2026-06-01,False,12.0,25.49800796812749,0.008007618384451845,75.90361445783132,78.05666666666667,10.686600221483943,98.11738648947951,53.48837209302325,56.92137320044297,97.00996677740864,63.244739756367665,92.88888888888889,40.59486895533407
6957,裕慶-KY,基本金屬,235.5,63024253.85,True,97.23320158102767,6.176266481609993,33.53,2026-06-01,False,5.405405405405405,26.61290322580645,0.08120342163731568,93.08300395256917,-2.469999999999999,3.875968992248062,98.44961240310077,81.94905869324474,92.46954595791806,30.23255813953488,61.395348837209305,63.44444444444445,40.335086747877455
6670,復盛應用,其他,273.0,128605935.95,True,78.52861035422343,35.18390006939625,7.85,2026-06-01,False,31.818181818181817,8.764940239043826,0.19654567960972155,90.8485856905158,-15.083333333333334,32.05980066445183,88.81506090808416,95.90254706533776,89.4795127353267,12.29235880398671,63.709856035437426,28.555555555555557,40.319952011812475
2397,友通,電腦及週邊,57.5,25936702.715,True,83.81471389645777,28.97293546148508,31.37,2026-06-01,False,29.82456140350877,0.5244755244755195,0.2200445567247879,69.36067551266586,-0.8733333333333313,29.789590254706532,68.9922480620155,97.2314507198228,39.202657807308974,33.77630121816168,53.798449612403104,60.66666666666667,40.16666666666667
4104,佳醫,醫療耗材,70.7,15689418.785,True,57.49318801089919,52.185981956974324,16.07,2026-06-01,False,27.27272727272727,2.911208151382824,0.2799579773303715,79.97737556561086,6.08,27.51937984496124,76.0797342192691,98.89258028792912,66.99889258028793,58.693244739756366,65.63676633444075,40.833333333333336,39.81796788482835
4119,旭富,藥,51.7,10626363.692499999,True,90.51570835803201,19.153365718251216,36.15,2026-06-01,False,13.333333333333334,16.179775280898884,0.07985955357876182,83.92857142857143,55.30333333333333,12.4031007751938,95.68106312292359,81.72757475083057,76.52270210409745,95.90254706533776,72.44739756367665,65.83333333333333,39.769518272425245
6577,勁豐,電腦及週邊,89.5,27641123.355,True,79.34604904632153,34.35114503816794,4.97,2026-06-01,False,38.59649122807017,23.789764868603047,0.06106784380584915,94.8093220338983,3.633333333333333,37.54152823920266,97.78516057585826,78.29457364341084,95.23809523809523,49.944629014396455,71.76079734219269,23.444444444444446,39.609726836471026
4764,雙鍵,其他化學,294.5,867310422.3,True,85.56263269639066,26.092990978487162,22.36,2026-06-01,False,25.0,6.896551724137931,0.05494987772639967,80.79561042524006,-6.230000000000004,24.916943521594686,86.04651162790698,75.74750830564784,69.32447397563676,20.155038759689923,55.23809523809524,49.22222222222222,39.35428202288668
6164,華興,光電及I/O,11.9,37981908.247499995,True,96.29337539432177,9.368494101318529,28.04,2026-06-01,False,12.307692307692308,-5.928853754940711,-0.0046773569786568185,68.39080459770116,25.056666666666665,11.295681063122924,47.61904761904761,45.40420819490587,36.65559246954596,88.15060908084163,45.8250276854928,56.333333333333336,39.16638981173865
2221,大甲,基本金屬,48.5,37920078.80499999,True,98.58310626702998,2.2900763358778624,34.65,2026-06-01,False,2.7027027027027026,6.593406593406594,-0.014317602062676914,83.04794520547945,11.006666666666664,1.7718715393133997,85.38205980066445,37.2093023255814,74.86157253599114,70.09966777408638,53.86489479512736,64.77777777777777,39.007290513104465
5450,南良,其他化學,16.0,15986615.634999996,True,85.82535885167464,25.954198473282442,21.66,2026-06-01,False,18.75,9.589041095890414,0.009870360578096312,85.33333333333334,4.296666666666667,18.49390919158361,90.2547065337763,55.14950166112956,78.95902547065337,52.159468438538205,59.00332225913621,48.55555555555556,38.93844592100406
5508,永信建,建設,51.0,34478991.385000005,True,96.51226158038148,8.917418459403192,329.34,2026-06-01,False,6.779661016949152,-4.850746268656718,0.08849142085246557,47.66355140186916,166.54333333333332,5.3156146179401995,51.38427464008859,83.49944629014396,3.433001107419712,98.67109634551495,48.46068660022148,97.88888888888889,38.81330749354005
6863,永道-KY,通信網路,125.5,23875627.77,True,99.8766954377312,0.13879250520471895,80.81,2026-06-01,False,2.1739130434782608,39.13525498891352,0.048972141582519654,79.17981072555204,14.076666666666668,1.1074197120708749,99.33554817275747,73.64341085271317,65.11627906976744,75.52602436323367,62.945736434108525,87.66666666666667,38.63870431893689
2480,敦陽科,資訊服務,158.0,51973934.225,True,86.97547683923705,24.496877168632896,14.66,2026-06-01,False,11.363636363636363,3.2679738562091507,0.276961118995407,87.05234159779614,1.6633333333333358,10.409745293466225,77.29789590254707,98.78183831672203,82.83499446290143,41.306755260243634,62.12624584717607,38.0,38.48671096345515
3218,大學光,醫藥通路,139.0,44028527.95,True,5.940054495912807,89.72935461485079,17.08,2026-06-01,False,66.66666666666666,6.513409961685824,0.10146273677587775,65.72104018912529,6.756666666666666,66.61129568106313,84.82834994462901,86.37873754152824,29.2358803986711,60.90808416389811,65.59246954595793,42.72222222222222,38.43526208933186
3138,耀登,通信網路,97.5,45025928.7,True,68.15847395451212,44.344205412907705,-1.44,2026-06-01,False,58.69565217391305,-15.948275862068966,0.0964166349782278,44.827586206896555,-8.786666666666667,57.80730897009967,22.591362126245848,85.38205980066445,2.2148394241417497,17.275747508305646,37.054263565891475,15.11111111111111,38.13547434477667
2015,豐興,基本金屬,64.5,18179049.099999998,True,69.15531335149863,43.75433726578765,-9.73,2026-06-01,False,40.54054054054054,7.142857142857138,0.34286875654582705,91.48936170212765,-0.5099999999999998,39.64562569213732,86.37873754152824,99.88925802879291,90.80841638981174,34.33001107419712,70.21040974529346,7.888888888888888,37.99104835732743
6923,中台,資源回收,77.6,11846147.725,True,53.27313769751692,55.308813324080496,40.72,2026-06-01,False,47.61904761904761,6.5934065934065895,0.003037423706453472,62.07999999999999,9.626666666666665,46.51162790697674,85.27131782945736,50.498338870431894,20.044296788482836,67.22037652270211,53.90919158361019,69.55555555555556,37.710040605389445
2354,鴻準,電子零組件,56.2,291992076.06,True,87.02997275204359,24.288688410825817,10.66,2026-06-01,False,41.25874125874126,2.367941712204015,0.022492206632625675,73.65661861074706,37.10666666666667,40.310077519379846,74.4186046511628,63.12292358803987,52.38095238095239,92.80177187153932,64.60686600221484,32.111111111111114,37.59588409007014
4163,鐿鈦,醫療耗材,123.0,26298034.425,True,95.47683923705722,11.276891047883414,7.69,2026-06-01,False,6.0606060606060606,1.2345679012345678,-0.022538484312076276,90.44117647058823,-4.333333333333333,4.4296788482834994,71.53931339977852,31.450719822812843,88.37209302325581,24.58471760797342,44.07530454042082,28.333333333333332,37.39894795127353
2468,華經,資訊服務,34.65,29173335.852500003,True,55.095367847411445,53.50451075641915,49.98,2026-06-01,False,31.818181818181817,0.434782608695648,0.013718721597181927,56.25,47.343333333333334,32.05980066445183,68.21705426356588,57.58582502768549,9.523809523809524,94.6843853820598,52.414174972314505,75.55555555555556,37.23052787006276
6245,立端,電腦及週邊,83.0,58162958.125,True,97.49318801089917,5.23941707147814,14.08,2026-06-01,False,12.280701754385964,8.638743455497375,0.0995851256002229,90.80962800875272,-5.803333333333333,11.184939091915837,88.4828349944629,86.04651162790698,89.3687707641196,21.373200442967885,59.291251384274645,36.77777777777778,37.21216315983758
4556,旭然,其他電製品,117.0,54333268.175,True,85.11269276393831,26.50936849410132,14.45,2026-06-01,False,25.0,67.14285714285714,0.008168812696024196,88.30188679245283,12.559999999999999,24.916943521594686,100.0,53.70985603543743,85.8250276854928,73.421926910299,67.5747508305648,37.666666666666664,37.102159468438536
6235,華孚,電子零組件,38.75,67030515.89249998,True,21.482412060301506,78.0707841776544,-3.96,2026-06-01,False,92.3076923076923,-1.89873417721519,-0.08131816470449169,50.587467362924286,2.3400000000000007,93.02325581395348,62.12624584717608,11.960132890365449,4.540420819490587,44.18604651162791,43.1672203765227,11.88888888888889,36.83157991878922
3213,茂訊,電腦及週邊,126.5,102159776.1,True,95.80381471389646,10.82581540596808,6.05,2026-06-01,False,15.789473684210526,4.11522633744856,0.1496552621174144,88.7719298245614,-30.186666666666664,14.950166112956811,79.18050941306755,91.9158361018826,86.60022148394242,6.312292358803987,55.791805094130666,24.77777777777778,36.78691399040237
1434,福懋,成衣,18.5,208256079.45499998,True,72.91553133514986,39.97224149895906,-1.45,2026-06-01,False,26.31578947368421,10.77844311377246,-0.005245475583542066,94.62915601023018,-1.1366666666666665,26.411960132890368,91.14064230343301,45.071982281284605,95.01661129568106,32.89036544850498,58.1063122923588,15.0,36.321982281284605
2850,新產,產險,158.0,41963033.175,True,99.40054495912807,0.9368494101318527,2.09,2026-05-01,False,20.0,12.857142857142856,0.13779895227575797,100.0,-26.413333333333334,20.044296788482836,93.46622369878183,90.2547065337763,99.55703211517165,7.419712070874862,62.1483942414175,18.944444444444443,36.26988741232927
6517,保勝光學,消費性電子,67.3,135416951.745,True,96.89655172413794,7.84177654406662,6.14,2026-06-01,False,15.0,0.2980625931445646,-0.0007328734141468519,81.97320341047504,22.126666666666665,13.676633444075303,67.22037652270211,47.286821705426355,73.08970099667775,85.8250276854928,57.419712070874866,25.0,36.13648947951273
3665,貿聯-KY,電子零組件,2150.0,5679329763.75,True,97.54768392370572,4.961832061068702,63.79,2026-06-01,False,9.090909090909092,15.902964959568733,0.04557212318104474,73.12925170068027,22.563333333333333,7.530454042081949,95.5703211517165,72.53599114064231,50.16611295681063,86.37873754152824,62.436323366555925,82.11111111111111,36.0593392395718
3564,其陽,電腦及週邊,47.6,26017857.759999998,True,90.99816289038579,18.3206106870229,30.33,2026-06-01,False,19.298245614035086,12.264150943396233,0.02069496460716386,76.40449438202248,12.68,18.715393133997786,92.58028792912513,62.01550387596899,58.028792912513836,73.5326688815061,60.97452934662236,59.77777777777777,35.98541897379107
7786,東方風能,海運,128.0,28398562.525,True,27.878787878787882,72.72727272727273,18.58,2026-06-01,False,72.72727272727273,2.4,0.17933555895717282,43.986254295532646,-17.613333333333337,72.25913621262458,74.75083056478405,94.79512735326688,1.6611295681063125,10.741971207087486,50.84163898117386,44.55555555555556,35.9312476928756
4938,和碩,電腦及週邊,87.4,1084973520.505,True,99.29155313351498,1.2491325468424705,15.89,2026-06-01,False,5.263157894736842,7.901234567901241,0.1904250036780185,88.73096446700508,11.676666666666666,3.7652270210409746,87.59689922480621,95.34883720930233,86.48947951273533,71.59468438538205,68.95902547065337,40.0,35.66445182724252
3029,零壹,資訊服務,104.0,118056900.625,True,68.11989100817438,44.41360166551006,13.58,2026-06-01,False,22.727272727272727,8.559498956158668,0.19917441528198257,81.56862745098039,-4.813333333333334,22.868217054263564,88.26135105204872,96.01328903654485,71.76079734219269,23.920265780730897,60.56478405315615,36.0,35.59191583610188
8109,博大,電子零組件,126.0,115312237.85,True,98.09264305177112,3.1922276197085355,36.23,2026-06-01,False,2.097902097902098,7.6923076923076925,-0.0469055785647414,78.0185758513932,9.693333333333335,0.9966777408637874,87.26467331118494,20.376522702104097,61.904761904761905,67.44186046511628,47.5968992248062,66.22222222222223,35.464747139165745
6811,宏碁資訊,數位雲端,232.5,73542981.125,True,27.8125,72.86606523247745,6.56,2026-06-01,False,24.0,13.970588235294118,0.1780222357964206,88.40304182509506,-13.88666666666667,23.864894795127352,94.57364341085271,94.6843853820598,86.04651162790698,13.178294573643413,62.46954595791806,25.88888888888889,35.30666297526763
5904,寶雅,百貨批發,668.0,432851934.8,True,99.94550408719346,0.06939625260235947,8.35,2026-06-01,False,5.0,5.031446540880504,-0.12174957609745211,90.63772048846675,-6.406666666666668,3.3776301218161686,81.28460686600222,5.3156146179401995,88.92580287929125,19.82281284606866,39.74529346622371,28.999999999999996,35.0047065337763
3576,聯合再生,光電及I/O,17.85,415630466.6475,True,21.379310344827587,78.41776544066622,-9.51,2026-06-01,False,84.61538461538461,8.18181818181819,0.09484864473857454,66.85393258426967,-16.286666666666665,85.3266888150609,87.81838316722038,84.9390919158361,32.89036544850498,11.517165005537098,60.498338870431894,8.0,34.59966777408638
6189,豐藝,電子通路,48.45,40888936.5375,True,92.9700272479564,15.891741845940318,4.49,2026-06-01,False,14.285714285714285,-4.059405940594054,0.15530350059943704,75.94043887147336,2.92,13.178294573643413,54.48504983388705,93.02325581395348,57.032115171650055,46.733111849390916,52.89036544850499,22.444444444444443,34.542451088962714
2528,皇普,建設,22.0,13212681.6775,True,25.90420332355816,74.53157529493407,-5.37,2026-06-01,False,71.1864406779661,5.26315789473685,0.1631117599354454,68.75,-139.34666666666666,70.87486157253599,82.05980066445183,94.01993355481729,37.652270210409746,1.6611295681063125,57.253599114064244,11.0,34.36683277962348
1326,台化,石化,65.0,5246658061.66,True,93.72958850424558,14.850798056904926,11.59,2026-06-01,False,12.5,19.926199261992615,-0.01684644899736282,90.6555090655509,-6.833333333333332,11.517165005537098,96.78848283499445,35.76965669988926,89.03654485049833,19.324473975636767,50.48726467331118,33.33333333333333,34.27464008859357
5258,虹堡,電腦及週邊,52.2,29095663.05,True,70.58453802639849,42.26231783483692,20.75,2026-06-01,False,54.385964912280706,12.137486573576812,0.12385696661994501,65.3316645807259,-5.52,53.59911406423035,92.35880398671097,89.14728682170544,28.017718715393137,22.259136212624583,57.076411960132894,47.55555555555556,34.20339608711702
1810,和成,玻璃陶瓷,26.5,701175312.03,True,18.663136995367307,80.43025676613463,-11.91,2026-06-01,False,66.66666666666666,36.59793814432991,0.002644164593105114,77.59882869692534,-3.6333333333333346,66.61129568106313,99.2248062015504,50.16611295681063,61.12956810631229,26.245847176079735,60.67552602436323,5.777777777777778,33.5734588409007
2645,長榮航太,機車船製造,194.0,1797424578.675,True,84.96332518337408,26.78695350451076,13.01,2026-06-01,False,33.33333333333333,13.78299120234604,0.0421225504066716,77.13717693836978,1.2100000000000009,33.5548172757475,94.46290143964563,70.7641196013289,59.46843853820598,39.64562569213732,59.57918050941307,35.44444444444444,33.50119970468808
6472,保瑞,藥,396.5,503417029.6,True,86.4850136239782,25.12144344205413,39.22,2026-06-01,False,15.555555555555555,-3.762135922330097,-0.03641688203285106,47.944377267230955,21.906666666666666,14.839424141749724,56.14617940199336,24.363233665559246,3.5437430786267994,85.49280177187154,36.87707641196014,68.33333333333333,32.64258028792912
1722,台肥,藥,46.7,93473367.16250001,True,95.42234332425068,11.415683553088133,-10.47,2026-06-01,False,8.88888888888889,-1.059322033898305,0.1146718231442512,86.16236162361623,-9.423333333333334,6.976744186046512,64.00885935769656,88.26135105204872,80.73089700996677,16.72203765227021,51.33997785160576,6.777777777777779,32.619139904023626
2106,建大,輪胎,18.0,17851938.732499998,True,96.7504598405886,8.466342817487856,11.6,2026-06-01,False,20.0,6.824925816023731,0.08478559208545841,78.43137254901961,5.493333333333333,20.044296788482836,85.93576965669989,82.72425249169434,62.901439645625686,56.14617940199336,61.55038759689923,33.44444444444444,32.61360280546327
8033,雷虎,無人載具,186.0,3060258717.1,True,66.1567877629063,45.87092297015961,19.63,2026-06-01,False,45.942131263232184,32.38434163701068,0.05793344079315065,69.01669758812616,14.129999999999999,44.85049833887043,99.00332225913621,76.9656699889258,38.095238095238095,75.74750830564784,66.93244739756366,46.0,32.48560354374308
5530,龍巖,靈骨塔,48.35,16843111.9925,True,86.53950953678475,24.98265093684941,-8.33,2026-06-01,False,25.052928722653494,2.545068928950165,0.23586780128674076,80.7178631051753,0.45000000000000107,25.47065337763012,75.41528239202658,98.00664451827242,69.10299003322258,36.98781838316722,60.99667774086379,9.0,32.039590254706525
4707,磐亞,清潔劑,31.8,274592884.1,True,99.12806539509536,1.4920194309507286,30.81,2026-06-01,False,20.0,15.426497277676951,0.005646883175388222,70.66666666666667,38.58,20.044296788482836,95.23809523809523,52.49169435215947,42.857142857142854,93.13399778516057,60.753045404208194,60.333333333333336,31.99916943521595
6186,新潤,建設,42.25,29539591.202499997,True,11.845386533665836,85.49618320610686,-97.85,2026-06-01,False,86.4406779661017,2.3002421307506125,0.12892019837707933,59.675141242937855,-10.73333333333332,87.26467331118494,74.19712070874863,89.70099667774086,14.61794019933555,15.39313399778516,56.23477297895904,0.1111111111111111,31.949150978220743
2247,汎德永業,車輛買賣,225.5,13716688.625,True,67.02203269367448,45.246356696738374,-6.99,2026-06-01,False,45.377558221594924,-2.380952380952381,0.1606618296599302,67.51497005988024,13.173333333333334,43.74307862679956,60.68660022148394,93.90919158361018,34.44075304540421,74.08637873754152,61.37320044296788,9.555555555555555,31.763196751568845
8240,華宏,光電及I/O,41.3,15691405.282500003,True,92.09809264305177,16.897987508674532,-7.7,2026-06-01,False,22.30769230769231,-19.493177387914233,0.1748929208952783,55.213903743315505,-2.546666666666667,22.259136212624583,15.946843853820598,94.46290143964563,8.527131782945736,30.011074197120706,34.24141749723145,9.444444444444445,31.07096714654854
2905,三商,百貨批發,16.15,14807075.427499998,True,84.35498627630376,27.966689798750867,-19.95,2026-05-01,False,15.0,9.121621621621607,0.2125440970813532,94.44444444444443,-111.84666666666666,13.676633444075303,89.4795127353267,96.56699889258029,94.57364341085271,1.8826135105204873,59.2358803986711,3.7777777777777777,30.637135474344774
6873,泓德能源,光電及I/O,85.3,37640317.339999996,True,84.34466019417476,28.036086051353227,42.53,2026-06-01,False,36.92307692307693,7.430730478589409,0.14890043784543344,44.54308093994778,51.13666666666666,36.21262458471761,86.60022148394242,91.69435215946844,1.8826135105204873,95.34883720930233,62.347729789590254,70.88888888888889,30.595976375046142
2630,亞航,機車船製造,51.2,827275917.325,True,50.48878665899943,58.01526717557252,-30.49,2026-06-01,False,75.0,22.634730538922163,-0.0023511813295694246,70.42640990371389,-2.950000000000003,74.47397563676633,97.12070874861573,46.62236987818383,42.19269102990033,29.346622369878183,57.95127353266887,2.666666666666667,30.5531561461794
1623,大東電,電纜,219.0,98305496.325,True,46.666666666666664,60.23594725884802,13.63,2026-06-01,False,40.0,4.038004750593824,0.011317741120887223,64.41176470588236,22.886666666666667,38.87043189368771,78.8482834994463,56.14617940199336,25.802879291251386,86.60022148394242,57.253599114064244,36.11111111111111,30.48403469915098
2530,華建,建設,20.15,18932134.115000002,True,6.460945033751206,89.45176960444135,-96.97,2026-06-01,False,91.52542372881356,9.214092140921405,0.07860001876595009,61.06060606060606,0.7666666666666799,92.35880398671097,89.59025470653378,81.61683277962348,17.829457364341085,37.98449612403101,63.875968992248055,0.2222222222222222,30.205057216685123
1442,名軒,建設,30.35,12222139.797500001,True,38.56578204404291,65.9264399722415,26.79,2026-06-01,False,55.932203389830505,12.407407407407414,0.11771803666528732,42.447552447552454,49.52666666666667,55.14950166112956,92.69102990033223,88.4828349944629,1.4396456256921373,95.01661129568106,66.55592469545958,54.77777777777778,29.66897379106681
2634,漢翔,機車船製造,61.8,4043414822.0149994,True,92.42506811989101,16.30811936155448,7.23,2026-06-01,False,8.333333333333332,25.609756097560965,0.01415162869954695,86.43356643356643,-5.553333333333331,6.256921373200443,98.2281284606866,57.80730897009967,81.17386489479512,22.03765227021041,53.10077519379845,27.555555555555557,29.189553340716127
3705,永信,藥,53.8,10859634.264999999,True,96.45776566757493,9.021512838306732,-21.98,2026-06-01,False,6.666666666666667,0.18621973929235439,0.13023664028751009,83.15301391035548,-13.076666666666666,5.204872646733112,66.77740863787376,89.81173864894795,74.97231450719822,13.510520487264674,50.055370985603545,3.3333333333333335,29.183277962347727
1702,南僑,油脂飼料,33.3,12243477.967500001,True,99.40054495912807,0.9368494101318527,2.76,2026-06-01,False,10.0,6.559999999999991,0.1544509861742405,81.41809290953545,3.3366666666666664,8.693244739756366,84.9390919158361,92.80177187153932,70.98560354374308,48.39424141749723,61.162790697674424,19.666666666666664,28.601605758582505
5483,中美晶,半導體,204.0,8752595425.35,True,91.37542277339347,17.834836918806385,7.61,2026-06-01,False,31.2,24.390243902439025,0.043503559708918345,73.38129496402878,3.2700000000000005,31.450719822812843,98.00664451827242,71.31782945736434,50.94130675526024,48.06201550387597,59.95570321151716,28.111111111111107,28.124123292727944
4169,泰宗,藥,223.0,137661962.825,True,79.41176470588235,34.21235253296322,4.01,2026-06-01,False,20.0,16.75392670157068,0.04419271951651226,79.50089126559715,3.26,20.044296788482836,95.90254706533776,71.76079734219269,66.00221483942414,47.840531561461795,60.310077519379846,21.777777777777775,27.98043558508675
4763,材料*-KY,其他化學,49.7,593592161.58,True,17.60217983651226,81.3324080499653,-10.11,2026-06-01,False,81.25,14.252873563218396,0.013886044875769376,61.056511056511056,14.663333333333338,81.61683277962348,94.79512735326688,57.696566998892585,17.718715393133998,76.9656699889258,65.75858250276855,7.333333333333333,27.96843853820598
7734,印能科技,電子設備,3430.0,753026628.25,True,91.88405797101449,17.071478140180428,-6.43,2026-06-01,False,29.577464788732392,12.643678160919542,0.08819914376609717,78.4,-69.60666666666667,29.568106312292358,93.13399778516057,83.38870431893687,62.7906976744186,2.990033222591362,54.37430786267995,10.0,27.3062015503876
3694,海華,通信網路,59.4,213890940.55,True,37.38769868693849,66.41221374045801,-4.76,2026-06-01,False,69.56521739130434,6.642728904847389,-0.027740677279870906,57.11538461538461,1.083333333333334,69.65669988925804,85.49280177187154,28.68217054263566,10.631229235880399,39.31339977851606,46.75526024363235,11.38888888888889,26.546004060538944
3532,台勝科,半導體,379.5,3880431100.8,True,98.85558583106267,1.8736988202637055,23.71,2026-06-01,False,1.6,12.946428571428573,0.014339045905173648,72.56214149139579,2.986666666666668,0.6644518272425249,93.57696566998892,57.91805094130675,48.17275747508305,46.84385382059801,49.435215946843854,50.66666666666667,26.48172757475083
9921,巨大,其他,85.5,245234463.60999998,True,96.21993127147766,9.576682859125608,15.98,2026-06-01,False,9.090909090909092,11.76470588235294,0.02334805641810086,72.15189873417721,9.766666666666666,7.530454042081949,92.13732004429679,63.45514950166113,47.39756367663344,67.66334440753046,55.63676633444076,40.55555555555556,25.83656330749354
8111,立碁,光電及I/O,63.3,185466837.69750002,True,95.36784741144415,11.554476058292853,2.34,2026-06-01,False,18.461538461538463,22.2007722007722,-0.006653423538314421,78.24474660074165,6.076666666666666,18.161683277962346,97.00996677740864,43.521594684385384,62.67995570321152,58.58250276854928,55.99114064230342,19.22222222222222,25.763473606496863
8222,寶一,機車船製造,37.75,135516533.37,True,70.95096582466567,41.7765440666204,-10.36,2026-06-01,False,50.0,10.380116959064319,-0.022750832755079203,64.419795221843,-9.203333333333333,49.16943521594684,90.91915836101883,31.33997785160576,25.91362126245847,16.943521594684384,42.857142857142854,7.111111111111111,22.818752307124395
2427,三商電,資訊服務,23.2,82247304.75999999,True,62.6158038147139,48.68147120055517,-11.68,2026-06-01,False,27.27272727272727,6.666666666666663,0.009724156438048002,70.83969465648855,6.399999999999999,27.51937984496124,85.60354374307863,54.81727574750831,43.30011074197121,60.02214839424141,54.25249169435216,6.0,22.803986710963454
4770,上品,樹脂,223.0,82471235.1,True,89.55895589558955,20.8882720333102,-6.95,2026-06-01,False,25.0,6.190476190476191,0.12386796272869717,69.90595611285266,-10.746666666666666,24.916943521594686,84.0531561461794,89.25802879291251,40.365448504983384,15.282392026578073,50.775193798449614,9.666666666666666,22.723975636766333
6620,漢達,藥,89.0,71549499.23,True,69.28571428571428,43.58084663428175,-21.75,2026-06-01,False,24.444444444444443,-5.016008537886876,-0.017847338068494385,59.136212624584715,23.26333333333333,24.031007751937985,50.83056478405316,34.66223698781838,13.953488372093023,87.04318936877077,42.10409745293466,3.4444444444444446,22.649593946105576
2201,裕隆,汽車製造,27.65,76973762.655,True,80.63175394846218,32.47744621790423,-8.06,2026-06-01,False,32.533521524347215,3.171641791044768,0.16571614590309156,63.7831603229527,-5.696666666666667,32.779623477297896,76.74418604651163,94.24141749723145,23.809523809523807,21.59468438538206,49.833887043189364,9.222222222222221,22.266795865633075
6477,安集,光電及I/O,36.55,286527140.0675,True,96.09053497942386,9.854267869535045,-10.45,2026-06-01,False,13.846153846153847,23.479729729729716,0.009406458909360874,79.9781181619256,-14.206666666666667,12.513842746400886,97.56367663344408,54.59579180509413,67.109634551495,13.067552602436322,48.97009966777408,7.000000000000001,22.264950166112953
8039,台虹,印刷電路板,216.0,4989019996.975,True,99.78201634877384,0.4510756419153366,-6.57,2026-06-01,False,2.564102564102564,57.09090909090909,0.0274294959291032,84.375,-4.130000000000001,1.4396456256921373,99.77851605758582,66.00221483942414,76.85492801771872,25.027685492801773,53.82059800664452,9.88888888888889,22.10123661867848
4133,亞諾法,醫療耗材,21.8,13637313.204999998,True,95.1276102088167,12.074947952810549,-6.41,2026-06-01,False,9.090909090909092,7.654320987654324,-0.0252234653979183,75.17241379310346,-2.9133333333333336,7.530454042081949,87.15393133997786,30.011074197120706,55.370985603543744,29.457364341085274,41.90476190476191,10.11111111111111,21.464654854189735
2534,宏盛,建設,17.4,13060919.83,True,79.50953678474114,34.142956280360856,-66.02,2026-06-01,False,15.254237288135593,4.819277108433717,0.10843121351986655,71.31147540983606,16.52333333333334,14.174972314507198,80.84163898117387,87.04318936877077,45.071982281284605,79.6234772978959,61.35105204872648,0.7777777777777778,19.795773348098926
3024,憶聲,家電製品,13.05,39338640.552499995,True,98.36512261580381,2.6717557251908395,-36.91,2026-06-01,False,6.25,8.750000000000007,-0.027066147132388564,73.31460674157303,18.189999999999998,4.706533776301218,88.70431893687709,29.014396456256918,50.60908084163898,81.72757475083057,50.95238095238095,2.3333333333333335,17.23615725359911
6488,環球晶,半導體,1065.0,11836369498.5,True,98.9100817438692,1.7349063150589867,-1.63,2026-06-01,False,0.8,13.782051282051283,0.026243213844230076,70.29702970297029,3.3899999999999997,0.22148394241417496,94.35215946843853,65.11627906976744,41.6389811738649,48.6157253599114,49.988925802879294,14.666666666666666,15.543743078626802
2540,愛山林,建設,54.3,25699588.555,True,99.34604904632153,1.1450381679389312,-49.07,2026-06-01,False,1.694915254237288,2.64650283553875,0.26353388018716856,63.5831381733021,3.2433333333333323,0.7751937984496124,75.63676633444075,98.44961240310077,23.145071982281284,47.729789590254704,49.14728682170542,1.4444444444444444,12.431985972683648
5371,中光電,光電及I/O,80.6,3457238813.0200005,True,98.96457765667574,1.5961138098542678,-11.35,2026-06-01,False,3.076923076923077,12.100139082058398,-0.011209069554527426,61.52671755725191,-15.18,2.104097452934662,92.24806201550388,39.756367663344406,18.93687707641196,12.070874861572536,33.02325581395349,6.388888888888888,8.79545035068291
