stock_id,name,industry,close,day_change_pct,adv20,listed_ok,pe_hist_pct,value_pct,revenue_yoy,rev_month,bear_regime,value_ind_pct,momentum20,chip20_turnover,high52_prox,rev_accel,value_ind_pct_pool_pct,momentum20_pool_pct,chip20_turnover_pool_pct,high52_prox_pool_pct,rev_accel_pool_pct,composite,revenue_yoy_pool_pct,c2_score
6265,方土昶,電子通路,48.5,-1.5228426395939132,180043993.51000002,True,0.10277492291880781,99.21052631578947,465.95,2026-08-01,False,100.0,-18.487394957983195,-0.1346830812985322,75.8998435054773,-330.0132569222132,99.06213364595546,0.8206330597889802,10.316529894490035,47.47948417350528,0.5868544600938966,31.653127046766723,98.24150058616648,85.99062133645955
8271,宇瞻,半導體,204.0,-0.7299270072992692,551956171.525,True,0.10672358591248667,99.07894736842105,177.1,2026-08-01,False,100.0,-12.258064516129032,-0.030606415312302154,78.3109404990403,-3.813699842877014,99.06213364595546,3.985932004689332,37.98358733880422,51.93434935521688,34.154929577464785,45.424186384426136,94.3728018757327,85.34583821805393
2451,創見,半導體,286.0,1.0600706713780994,1070175880.75,True,1.0672358591248665,92.30263157894737,275.47,2026-08-01,False,97.72727272727273,-8.48,-0.09537424922333448,78.67950481430537,-46.08875735651844,97.06916764361078,10.550996483001173,17.584994138335286,52.754982415005856,4.460093896713615,36.48404691533334,97.30363423212192,84.14419695193435
8112,至上,電子通路,83.1,0.0,666102340.52,True,7.950907150480256,80.78947368421052,154.83,2026-08-01,False,84.61538461538461,-11.122994652406422,-0.2637389390393257,82.68656716417911,-84.99796792026237,85.52168815943728,5.275498241500586,2.4618991793669402,62.13364595545134,2.2300469483568075,31.524555696822585,93.6694021101993,84.01230949589683
6419,京晨科,光電及I/O,152.0,-0.9771986970684043,29074736.575,True,0.9685230024213075,92.96052631578947,365.7,2026-08-01,False,98.66666666666667,-6.748466257668712,-0.045829930382854905,78.1491002570694,-29.074861791893284,97.53810082063306,15.240328253223915,31.887456037514657,51.23094958968347,7.511737089201878,40.681714358051394,97.88980070339977,82.85463071512311
4967,十銓,半導體,276.5,-0.18050541516245744,1124550254.1,True,1.2024048096192386,91.64473684210527,275.06,2026-08-01,False,96.96969696969697,0.18115942028985507,0.02024841715159463,90.80459770114942,138.7902105341802,96.36576787807736,47.47948417350528,65.06447831184057,80.53927315357562,98.59154929577466,77.60811056255469,97.18640093786635,81.65298944900351
3229,晟鈦,印刷電路板,60.2,-6.521739130434789,270467831.08000004,True,7.630522088353414,81.1842105263158,80.41,2026-08-01,False,97.67441860465115,-2.588996763754036,0.0024100464751084564,89.18518518518519,-5.011702848947124,96.95193434935521,32.23915592028136,54.98241500586166,76.67057444314185,29.929577464788732,58.15473143668576,84.05627198124267,81.3599062133646
3260,威剛,半導體,389.0,-1.8915510718789386,3314528621.2,True,0.11675423234092236,98.88157894736842,279.81,2026-08-01,False,99.24242424242425,-7.928994082840236,-0.05282900836934935,74.09523809523809,5.422855692855023,97.88980070339977,12.075029308323563,29.66002344665885,41.73505275498242,68.7793427230047,50.02784978727386,97.42086752637749,81.24267291910903
6716,應廣,半導體,116.0,-2.9288702928870314,98134585.7,True,46.04179860671311,49.40789473684211,111.75,2026-08-01,False,65.9090909090909,-12.781954887218044,0.015455061997007906,84.36363636363636,20.282324396708262,66.47127784290738,3.6342321219226257,62.60257913247362,67.1746776084408,87.20657276995306,57.41786789513949,90.62133645955451,80.15826494724502
5289,宜鼎,半導體,1295.0,-1.520912547528519,2203031915.5,True,0.21344717182497333,98.58552631578948,576.29,2026-08-01,False,98.48484848484848,-16.98717948717949,-0.10689693876382987,65.07537688442211,-60.0861557700789,97.42086752637749,1.406799531066823,15.474794841735054,21.922626025791324,3.286384976525822,27.902294580299305,98.82766705744432,79.19109026963658
3708,上緯投控,樹脂,99.7,3.1023784901758056,49443488.405,True,1.0138740661686232,92.56578947368422,534.57,2026-08-01,False,100.0,-3.67149758454106,-0.04694774221941177,74.68164794007491,302.4199200937247,99.06213364595546,27.549824150058615,31.535756154747947,43.84525205158265,99.17840375586854,60.234273951642635,98.4759671746776,78.45838218053927
4736,泰博,醫療耗材,133.5,0.3759398496240518,40259928.475,True,0.96051227321238,93.1907894736842,42.69,2026-08-01,False,81.94444444444444,-6.315789473684211,-0.023757989537436283,91.75257731958763,31.73492107967187,82.88393903868698,16.881594372801874,40.79718640093787,82.41500586166471,92.01877934272301,62.99930100336288,65.18171160609613,78.39976553341148
3498,陽程,電子設備,196.0,0.512820512820511,483427347.025,True,32.95238095238095,59.473684210526315,326.05,2026-08-01,False,79.22077922077922,2.083333333333333,-0.019288503192311054,96.31449631449631,-37.05546756236794,80.42203985932005,55.45134818288394,42.9073856975381,90.38686987104337,5.633802816901409,54.960289285537385,97.65533411488863,78.25322391559203
4973,廣穎,半導體,138.5,-0.7168458781361964,136527135.35,True,7.767548906789414,81.05263157894737,204.03,2026-08-01,False,90.9090909090909,-12.89308176100629,-0.03877117052184927,65.95238095238095,-5.794409089330969,90.79718640093787,3.5169988276670576,34.11488862837045,24.73622508792497,28.52112676056338,36.33728514109275,95.42790152403282,76.86107854630716
2605,新興,海運,37.3,3.32409972299168,534318941.79499996,True,1.6255267910897049,89.60526315789473,58.75,2026-08-01,False,100.0,-1.3227513227513228,0.02284418864716493,86.04382929642445,9.87056100915256,99.06213364595546,39.74208675263775,65.88511137162955,70.69167643610785,78.05164319248826,70.68653027976377,76.43610785463072,76.61195779601407
2408,南亞科,半導體,516.0,-1.7142857142857126,31221860890.1,True,62.69968051118211,35.98684210526316,560.85,2026-08-01,False,50.75757575757576,-2.272727272727273,-0.010274415920437648,95.37892791127541,-73.08471148427247,52.52051582649473,33.88042203985932,48.41735052754982,88.39390386869871,2.699530516431925,45.1823445558069,98.71043376318875,76.4361078546307
3046,建碁,電腦及週邊,53.8,0.0,13367597.099999998,True,1.8037518037518037,89.07894736842105,41.05,2026-08-01,False,88.13559322033898,-7.401032702237528,-0.2097490877471514,84.0625,-7.727736512437289,88.27667057444314,13.599062133645957,4.220398593200469,65.88511137162955,24.413145539906104,39.27887764256504,64.06799531066822,76.15767878077375
6753,龍德造船,機車船製造,133.5,-0.743494423791824,145773298.125,True,0.46565774155995343,96.57894736842105,40.14,2026-08-01,False,100.0,-5.6537102473498235,-0.13984780108174644,82.6625386996904,1.5359148468564285,99.06213364595546,19.577960140679952,9.378663540445487,61.957796014068,56.455399061032864,49.28639048043635,62.95427901524033,76.09906213364596
1232,大統益,油脂飼料,154.5,-0.6430868167202619,14373039.7,True,6.4567769477054435,82.30263157894737,34.56,2026-08-01,False,100.0,-2.2151898734177213,0.04246270556516613,91.69139465875371,3.765997700304922,99.06213364595546,34.58382180539273,73.73974208675264,82.29777256740914,62.79342723004695,70.49537946711139,57.327080890973036,76.02579132473622
2501,國建,建設,21.7,-0.4587155963302836,43327079.8,True,6.776947705442902,81.74342105263158,60.18,2026-08-01,False,84.21052631578947,-6.263498920086391,-0.2859861805573643,80.37037037037037,24.088834407749253,85.052754982415,16.998827667057444,1.1723329425556859,56.38921453692849,89.2018779342723,49.76300161264578,77.60844079718639,75.5128956623681
6279,胡連,汽車組件,112.5,-0.8810572687224627,57042151.675,True,0.8004268943436499,94.70394736842105,29.82,2026-08-01,False,97.2972972972973,-12.109375,-0.13946294776843954,80.93525179856115,-6.586333798744242,96.48300117233293,4.220398593200469,9.495896834701055,56.97538100820633,26.408450704225352,38.716625662533225,52.461899179366945,75.42497069167644
2102,泰豐,輪胎,17.05,-1.1594202898550732,11308251.405000001,True,0.0,99.73684210526315,29.99,2026-08-01,False,100.0,-9.788359788359777,-0.27415483256438816,80.9976247030879,24.325670409562097,99.06213364595546,7.502930832356388,1.7584994138335288,57.0926143024619,89.31924882629107,50.94708540417967,52.872215709261425,75.38100820633059
7769,鴻勁,電子設備,6000.0,-8.25688073394495,5778491794.0,True,16.243654822335024,74.47368421052632,91.58,2026-08-01,False,90.9090909090909,-6.323185011709602,0.016307729949098182,72.63922518159806,-8.069788535505879,90.79718640093787,16.764361078546308,63.188745603751464,38.921453692848765,23.474178403755868,46.62918503596806,86.98710433763188,74.98534583821805
2364,倫飛,電腦及週邊,67.5,4.489164086687314,34386778.325,True,0.9148486980999296,93.75,32.6,2026-08-01,False,96.61016949152543,-16.460396039603957,-0.12337474741695707,76.61748013620885,-15.457569019589045,96.24853458382181,1.992966002344666,12.192262602579133,48.76905041031653,14.553990610328638,34.75136084187816,55.33411488862837,74.58968347010551
6922,宸曜,電腦及週邊,206.5,9.840425531914887,37179993.925,True,9.928057553956835,79.14473684210527,58.98,2026-08-01,False,83.05084745762711,1.9753086419753085,-0.02261441304435075,96.94835680751174,-3.5830037944871833,83.9390386869871,55.33411488862837,41.50058616647128,91.32473622508792,34.624413145539904,61.34457782254292,76.55334114888629,74.12075029308323
1402,遠東新,人纖,27.85,-0.8896797153024938,310645823.65,True,9.338313767342584,79.83552631578948,15.2,2026-08-01,False,88.88888888888889,-8.237232289950576,-0.05889340345876251,91.76276771004942,-0.7457933623721633,89.09730363423212,11.254396248534585,26.846424384525204,82.64947245017585,46.36150234741784,51.24181981297712,35.16998827667057,73.91559202813599
2344,華邦電,半導體,174.0,-3.064066852367686,20254015066.55,True,43.55377421509686,51.64473684210527,289.43,2026-08-01,False,71.21212121212122,-3.867403314917127,-0.029952744494519228,78.37837837837837,32.47748646186841,71.98124267291911,26.494724501758498,38.45252051582649,52.16881594372802,92.13615023474179,56.24669077379478,97.53810082063306,73.79835873388043
8462,柏文,其他,161.5,-0.30864197530864335,11673730.575,True,1.987179487179487,88.61842105263158,16.75,2026-08-01,False,91.66666666666666,-7.977207977207977,-0.26971210988932776,89.97214484679665,-1.628960598874432,91.73505275498242,11.957796014067995,2.1101992966002343,78.31184056271981,42.25352112676056,45.273681951026205,36.811254396248536,73.7250879249707
2388,威盛,半導體,69.7,-0.28612303290415086,313037494.99,True,35.38461538461539,57.69736842105263,77.39,2026-08-01,False,75.75757575757575,-5.683355886332886,-0.0908512859122052,79.20454545454547,25.82560082836629,76.78780773739742,19.343493552168816,18.522860492379838,53.575615474794844,90.72769953051643,51.79149535745147,83.35287221570925,73.59320046893318
5607,遠雄港,貨運倉儲,52.6,-0.7547169811320753,63333480.015,True,22.625400213447172,67.5,33.5,2026-08-01,False,71.42857142857143,-5.903398926654735,0.08836126969215981,91.95804195804196,-2.6811252597010977,72.56740914419694,18.757327080890974,87.22157092614302,83.2356389214537,38.38028169014084,60.03244555256509,56.44783118405628,73.37338804220398
4560,強信-KY,機械,29.0,0.5199306759098743,10456328.257499998,True,6.937033084311634,81.51315789473685,32.49,2026-08-01,False,91.42857142857143,-12.121212121212121,-0.09058312018173166,77.85234899328859,-0.48577711711159566,91.20750293083235,4.103165298944901,18.640093786635404,50.52754982415005,47.417840375586856,42.37923044322991,55.09964830011723,73.18288393903867
2615,萬海,海運,117.0,-2.904564315352698,3692828680.0,True,52.649572649572654,43.881578947368425,65.59,2026-08-01,False,45.45454545454545,-6.024096385542169,0.040023156487186816,92.4901185770751,16.116824739693975,46.71746776084408,18.053927315357562,72.68464243845251,84.40797186400938,85.09389671361502,61.39158121845571,79.60140679953108,73.16822977725674
2820,華票,票券公司,17.5,0.2865329512893977,53609869.14,True,0.8537886872998933,94.4407894736842,54.67,2026-08-01,False,94.45182724252493,6.70731707317074,0.3908675808683934,98.0392156862745,38.724953800765675,94.49003516998827,69.98827667057445,99.88276670574443,92.96600234466588,94.36619718309859,90.33865561481431,74.44314185228606,72.97772567409143
3290,東浦,電子零組件,46.6,0.6479481641468832,24701989.5375,True,2.172670097198399,88.02631578947368,79.8,2026-08-01,False,98.68421052631578,-7.72277227722772,-0.1040384973432823,65.35764375876579,-6.324320333481978,97.65533411488863,13.012895662368113,15.70926143024619,22.97772567409144,27.11267605633803,35.29357858758648,83.9390386869871,72.88980070339977
6756,威鋒電子,半導體,97.0,-0.8179959100204415,12616186.52,True,44.50825556353195,50.78947368421053,96.94,2026-08-01,False,68.93939393939394,-1.422764227642282,0.1642646236575687,86.22222222222223,24.37894014394216,69.51934349355217,39.273153575615474,96.48300117233293,71.51230949589683,89.43661971830986,73.24488549114146,87.92497069167644,72.42086752637749
4167,松瑞藥,藥,19.65,0.0,14534975.220000003,True,1.2686567164179103,91.11842105263158,22.3,2026-08-01,False,82.97872340425532,-6.205250596658715,-0.07850034007188172,89.93135011441646,18.405747772744952,83.82180539273153,17.23329425556858,21.688159437280188,78.19460726846424,85.91549295774648,57.37067186235821,44.07971864009379,72.21570926143025
2889,國票金,金融控股,16.9,-1.4577259475218707,303427774.365,True,34.41835645677695,58.618421052631575,51.9,2026-08-01,False,100.0,7.3015873015872925,0.19417808312223006,96.02272727272727,-4.119396817204667,99.06213364595546,72.09847596717468,97.53810082063306,89.44900351699883,33.45070422535211,78.31968363522284,72.45017584994137,72.21570926143023
4541,晟田,機車船製造,60.7,-2.0967741935483786,102827009.715,True,1.8882769472856018,88.88157894736842,23.57,2026-08-01,False,91.66666666666666,-11.77325581395348,-0.07970789590688189,80.18494055482167,-16.899195835628454,91.73505275498242,4.572098475967175,21.336459554513482,55.80304806565064,13.262910798122066,37.341913929847166,45.720984759671744,72.1717467760844
2905,三商,百貨批發,18.75,1.6260162601626105,28508270.7075,True,19.87632508833922,70.78947368421052,7187.4,2026-08-01,False,60.0,6.232294617563748,0.158336173482024,99.46949602122015,4663.35352448985,61.25439624853458,68.11254396248535,96.36576787807736,95.66236811254396,100.0,84.27901524032825,99.88276670574443,72.1717467760844
3135,凌航,半導體,161.5,-1.2232415902140636,267832945.8,True,1.4598540145985401,90.13157894736842,237.79,2026-08-01,False,96.21212121212122,-5.278592375366569,-0.0862370514673198,61.99616122840691,40.411838093366896,96.13130128956624,20.281359906213364,19.929660023446658,16.178194607268466,94.95305164319248,49.49471349393745,96.48300117233293,72.12778429073856
3709,鑫聯大投控,電子通路,63.9,0.7886435331230235,24353871.154999997,True,1.1205976520811098,92.07236842105263,76.06,2026-08-01,False,94.23076923076923,-5.752212389380529,-0.1803153742882935,68.78363832077503,-7.158793191806055,93.96248534583822,19.10902696365768,6.096131301289566,30.246189917936693,25.821596244131456,35.047085954570726,82.88393903868698,71.99589683470106
3617,碩天,電子零組件,249.0,1.2195121951219523,109640799.6,True,21.111734980348118,69.27631578947368,13.31,2026-08-01,False,88.81578947368422,-4.046242774566474,-0.030549252596178453,95.76923076923077,-4.187385970071974,88.862837045721,25.55685814771395,38.10082063305979,88.862837045721,33.33333333333333,54.943337241109816,33.059788980070344,71.3071512309496
6913,鴻呈,電子零組件,130.0,-0.3831417624521105,84006752.125,True,1.4644351464435146,90.0657894736842,25.04,2026-08-01,False,99.3421052631579,-6.474820143884892,-0.12928618776692924,80.0,-26.15009718565905,98.00703399765534,15.826494724501758,11.254396248534585,55.509964830011725,8.80281690140845,37.88014134042237,47.36225087924971,71.26318874560376
3006,晶豪科,半導體,285.0,-2.0618556701030966,5029557383.9,True,20.604182804027886,69.86842105263158,605.24,2026-08-01,False,83.33333333333334,11.11111111111111,-0.032777713856926904,91.34615384615384,130.35607996617523,84.34935521688159,79.8358733880422,37.045720984759676,81.3599062133646,98.47417840375586,76.21300684136078,98.94490035169989,71.20457209847596
2031,新光鋼,基本金屬,44.65,-0.7777777777777772,28708023.802500002,True,10.770156438026474,78.55263157894737,18.59,2026-08-01,False,83.33333333333334,-3.6677454153182367,0.06875184032842857,95.91836734693878,-2.736354739117573,84.34935521688159,27.667057444314185,82.53223915592028,88.98007033997656,38.14553990610329,64.33485241263918,38.804220398593195,71.11664712778429
1256,鮮活果汁-KY,飲料乳品,170.0,-1.1627906976744207,10803241.2,True,0.48025613660619,96.51315789473685,25.55,2026-08-01,False,100.0,-5.2924791086350975,-0.14575837158121233,81.14558472553699,-7.72318795359352,99.06213364595546,20.164126611957798,8.792497069167643,57.209847596717466,24.53051643192488,41.951824271144645,47.94841735052755,71.01406799531067
9945,潤泰新,建設,29.25,1.0362694300518172,154474826.76500002,True,20.544290288153682,70.0,37.99,2026-08-01,False,75.43859649122807,-0.5102040816326483,0.028567282657268215,95.58823529411764,14.801015127719904,76.55334114888629,44.07971864009379,67.87807737397421,88.62837045720985,83.92018779342723,72.21193908271827,60.492379835873386,70.39859320046894
3311,閎暉,電子零組件,37.7,-2.5839793281653756,26097295.0225,True,4.265041888804265,85.26315789473684,104.38,2026-08-01,False,97.36842105263158,17.99687010954618,-0.0389319140693613,91.28329297820824,56.334195135893104,96.71746776084407,86.75263774912075,33.99765533411489,81.24267291910903,96.59624413145539,79.0613355789288,89.09730363423212,70.07620164126611
9958,世紀鋼,基本金屬,91.9,-2.2340425531914843,192486673.315,True,0.8537886872998933,94.4407894736842,91.07,2026-08-01,False,92.85714285714286,-9.901960784313719,-0.052583726858291574,52.51428571428571,8.962113546185407,92.79015240328253,7.151230949589683,30.011723329425553,5.627198124267292,76.87793427230048,42.491647815773106,86.75263774912075,69.50468933177022
1904,正隆,造紙,24.55,-0.8080808080808022,47828631.817499995,True,46.744930629669156,48.7171052631579,23.12,2026-08-01,False,66.66666666666666,-4.47470817120622,0.03856776158250571,95.33980582524272,8.50223866944771,67.76084407971864,23.212192262602578,72.09847596717468,88.27667057444314,76.64319248826291,65.5982750744404,45.1348182883939,69.49003516998827
2727,王品,餐飲飯店,227.0,0.0,44368814.8,True,0.921942224953903,93.6842105263158,11.31,2026-08-01,False,87.5,-4.421052631578947,-0.19591668138165683,91.16465863453816,-3.0534418338324443,87.74912075029309,23.329425556858148,4.572098475967175,80.89097303634232,36.73708920187793,46.65574140426773,30.94958968347011,69.06506447831184
2072,世紀風電,基本金屬,129.0,-0.7692307692307665,44733788.1,True,3.278688524590164,86.57894736842105,84.84,2026-08-01,False,90.47619047619048,-16.7741935483871,-0.12726690251602382,41.082802547770704,-12.361210857151818,90.38686987104337,1.5240328253223916,11.48886283704572,1.1723329425556859,17.72300469483568,24.45902063416057,85.4630715123095,68.87456037514654
2611,志信,貨運倉儲,14.5,0.694444444444442,15881822.872499999,True,19.66019417475728,70.92105263157895,6.77,2026-08-01,False,85.71428571428571,-15.697674418604649,-0.013511391301606494,84.30232558139535,-12.00600988434811,86.51817116060961,2.2274325908558033,46.658851113716295,66.94021101992966,17.95774647887324,44.06048247279693,24.03282532239156,68.81594372801875
6024,群益期,期貨,61.5,0.4901960784313708,17192188.0,True,0.8004268943436499,94.70394736842105,7.8,2026-08-01,False,94.71760797342192,-2.380952380952381,-0.10184394461116913,94.32515337423312,-63.18413532862712,94.72450175849941,33.29425556858148,16.060961313012896,86.86987104337632,3.169014084507042,46.82372075359543,26.787807737397422,68.77198124267292
2548,華固,建設,93.7,-2.901554404145079,94732471.605,True,21.237993596584843,69.11184210526315,139.53,2026-08-01,False,71.9298245614035,-3.8974358974358947,-0.1173268360050227,70.98484848484848,152.97563874048745,73.1535756154748,26.377491207502928,13.599062133645957,35.05275498241501,98.70892018779342,49.378360825366414,92.96600234466588,68.69871043376318
5209,新鼎,工程承攬,170.5,-2.2922636103151817,26131563.9,True,16.115261472785487,74.53947368421052,92.18,2026-08-01,False,66.66666666666666,4.923076923076923,-0.014931720910182592,91.91374663072777,79.30186398439166,67.76084407971864,64.71277842907386,45.720984759671744,83.11840562719811,97.65258215962442,71.79311901105737,87.10433763188745,68.31770222743259
9933,中鼎,工程承攬,41.35,-2.245862884160743,100648047.2875,True,0.6600660066006601,95.52631578947368,5.25,2026-08-01,False,100.0,-1.8979833926453076,-0.02545004443654644,94.51428571428572,9.285465932441646,99.06213364595546,36.107854630715124,40.093786635404456,87.10433763188745,77.23004694835682,67.91963189846385,22.743259085580306,68.20046893317702
2103,台橡,橡膠原料,27.8,0.7246376811594235,138459583.40249997,True,19.44127708095781,71.38157894736842,21.79,2026-08-01,False,71.36212624584718,-2.112676056338021,0.01851208243190147,96.52777777777779,-9.728036266514515,72.09847596717468,34.81828839390387,64.00937866354045,90.62133645955451,20.422535211267608,56.39400293908822,43.61078546307151,67.87807737397421
6669,緯穎,電腦及週邊,2150.0,0.4672897196261738,11699248237.0,True,0.10970927043335163,98.94736842105263,50.36,2026-08-01,False,100.0,-65.62749800159871,-0.22159224269182115,27.564102564102566,10.568171168934924,99.06213364595546,0.11723329425556857,3.6342321219226257,0.8206330597889802,79.22535211267606,36.571916846919734,71.39507620164126,67.79015240328253
7795,長廣,電子設備,484.0,-0.6160164271047264,716579804.55,True,81.59509202453987,20.657894736842106,111.5,2026-08-01,False,41.55844155844156,-14.33628318584071,-0.02236199118858312,72.67267267267268,33.147819099086476,41.96951934349355,2.813599062133646,41.61781946072685,39.390386869871044,92.72300469483568,43.70286588621215,90.50410316529894,67.26260257913248
7822,倍利科,電子設備,850.0,0.0,137876040.05,True,3.3333333333333335,86.51315789473685,74.62,2026-08-01,False,98.7012987012987,-7.4074074074074066,0.028959865575488644,46.57534246575342,11.707241881374934,97.7725674091442,13.481828839390387,68.2297772567409,2.3446658851113718,80.75117370892019,52.51600261986141,82.41500586166471,67.26260257913248
6914,阜爾運通,其他運儲,121.0,-0.4115226337448541,12163787.7,True,0.8605851979345954,94.01315789473685,7.03,2026-08-01,False,94.08637873754154,-17.966101694915253,-0.10059091214259938,78.06451612903226,-2.361235905704759,93.78663540445487,1.0550996483001172,16.295427901524032,50.99648300117233,39.7887323943662,40.384475669963514,24.970691676436108,67.17467760844079
8183,精星,印刷電路板,28.9,3.0303030303030276,11696587.944999998,True,0.8537886872998933,94.4407894736842,56.07,2026-08-01,False,100.0,-1.0273972602739752,0.08397102445102528,71.09471094710948,-2.757813043436016,99.06213364595546,41.031652989449,86.04923798358733,35.40445486518171,37.91079812206573,59.89165552124784,74.91207502930833,67.08675263774913
7744,崴寶,電子零組件,523.0,-1.5065913370998163,73213823.9,True,39.59390862944163,54.53947368421053,86.43,2026-08-01,False,77.63157894736842,5.870445344129554,0.1473164325844694,86.01973684210526,-19.902724512091254,78.31184056271981,66.8229777256741,94.95896834701055,70.57444314185229,11.150234741784038,64.36369290380816,85.93200468933178,66.99882766705744
2305,全友,光電及I/O,58.8,0.17035775127767216,748407545.2525,True,20.818815331010455,69.53947368421053,239.99,2026-08-01,False,70.66666666666667,126.15384615384615,0.025357783857505898,100.0,46.618267734044935,71.6295427901524,99.88276670574443,66.94021101992966,98.00703399765534,95.89201877934272,86.47031465856492,96.6002344665885,66.58851113716295
5288,豐祥-KY,機車船製造,190.0,0.5291005291005346,17305848.55,True,42.049092849519745,53.223684210526315,60.1,2026-08-01,False,41.66666666666667,-0.5235602094240838,0.05633618929287621,96.20253164556962,-1.3994435561049272,42.20398593200469,43.84525205158265,78.19460726846424,89.91793669402111,43.309859154929576,59.49432822020045,77.49120750293083,66.4419695193435
9917,中保科,保全,106.5,-1.8433179723502335,35164999.075,True,0.7470651013874066,95.13157894736842,4.4,2026-08-01,False,95.14950166112956,-4.054054054054054,0.009079560958132135,87.29508196721312,0.4340458759357837,95.31066822977726,25.43962485345838,58.61664712778429,73.38804220398593,50.70422535211267,60.69184155342371,21.219226260257916,66.11957796014067
8299,群聯,半導體,2150.0,0.4672897196261738,7416499283.0,True,21.558164354322304,68.65131578947368,376.52,2026-08-01,False,82.57575757575758,3.614457831325301,0.05498742837567368,74.65277777777779,24.829780544289576,83.11840562719811,60.492379835873386,77.9601406799531,43.61078546307151,90.25821596244131,71.08798551370748,98.00703399765534,66.0609613130129
2059,川湖,金屬製品,12800.0,2.4409763905562265,6335508201.0,True,98.50586979722519,3.1907894736842106,344.42,2026-08-01,False,14.285714285714285,-4.3705640642510275,-0.04723871444063924,88.21502412129566,37.599178371829964,13.657678780773741,23.563892145369287,31.30128956623681,75.0293083235639,94.13145539906104,47.536724843000954,97.7725674091442,65.72391559202813
2816,旺旺保,產險,40.7,0.6180469715698411,27402247.267500002,True,0.8573178199632578,94.21052631578948,19.61,2026-08-01,False,100.0,7.387862796833784,0.10380243591260571,99.38949938949939,19.505837381474826,99.06213364595546,72.68464243845251,89.91793669402111,95.07620164126612,86.61971830985915,88.67212654591086,40.6799531066823,65.53341148886284
1737,臺鹽,其他食品,30.3,3.412969283276457,14969119.647499999,True,16.328708644610458,74.40789473684211,-3.88,2026-08-01,False,77.77777777777779,-6.769230769230767,-0.28399812257980966,93.23076923076923,-0.9744533648289577,78.60492379835874,15.123094958968347,1.2895662368112544,85.69753810082064,44.248826291079816,44.992789877207755,12.543962485345839,65.43083235638922
4416,三圓,建設,13.35,9.876543209876543,20666830.2,True,3.4965034965034967,86.25,3633.03,2026-08-01,False,91.22807017543859,-2.9090909090909114,0.016559089127834013,22.399328859060404,512.5474317886528,91.09026963657679,30.5978898007034,63.305978898007034,0.7033997655334115,99.64788732394366,57.06908508495286,99.76553341148886,65.24032825322391
2603,長榮,海運,242.0,0.6237006237006293,2944961119.4,True,67.7639046538025,31.842105263157894,48.64,2026-08-01,False,27.27272727272727,-3.7773359840954273,0.11286816056022224,96.22266401590457,8.06648628738317,27.549824150058615,26.963657678780773,90.85580304806565,90.03516998827668,75.35211267605634,62.15131350824761,69.98827667057445,65.15240328253225
2613,中櫃,貨運倉儲,22.3,0.9049773755656076,33808523.135000005,True,9.445037353255069,79.67105263157895,1.72,2026-08-01,False,92.85714285714286,-10.441767068273085,-0.032634426393031886,80.36036036036036,-2.9420071125108453,92.79015240328253,6.565064478311841,37.162954279015246,56.27198124267292,37.441314553990615,46.04629339145463,17.584994138335286,65.02051582649473
3706,神達,電腦及週邊,79.8,-0.8695652173913104,878664205.0,True,63.12700106723585,35.723684210526315,119.89,2026-08-01,False,30.508474576271187,-11.333333333333337,-0.03752716836799605,74.57943925233644,36.37255607961896,29.89449003516999,5.041031652989449,34.81828839390387,43.49355216881594,93.89671361502347,41.428815173180546,91.67643610785463,65.00586166471278
2636,台驊控股,貨運倉儲,70.5,-0.98314606741573,58918371.855,True,79.82924226254002,22.236842105263158,85.48,2026-08-01,False,14.285714285714285,-3.8199181446111834,0.032755501270283885,94.50402144772119,27.64377007607778,13.657678780773741,26.611957796014067,69.4021101992966,86.98710433763188,91.07981220657277,57.54773266405781,85.69753810082064,64.93259085580304
6209,今國光,消費性電子,79.1,-1.6169154228855898,939041839.2099998,True,3.0303030303030303,87.03947368421052,106.76,2026-08-01,False,94.73684210526315,13.81294964028776,-0.01994323034496016,81.37860082304526,15.684434569866326,94.95896834701055,83.2356389214537,42.672919109026964,57.91324736225087,84.38967136150235,72.6340890202489,89.80070339976554,64.85932004689332
2753,八方雲集,餐飲飯店,179.5,-0.2777777777777768,22810218.275,True,0.9009009009009009,93.94736842105263,9.29,2026-08-01,False,91.66666666666666,-4.521276595744681,-0.10708639167905704,82.7188940092166,-0.8872924684456738,91.73505275498242,22.97772567409144,15.357561547479484,62.25087924970691,45.42253521126761,47.54875088750558,28.3704572098476,64.84466588511137
4303,信立,石化,35.2,-1.4005602240896309,67360959.25250001,True,5.778069599474721,83.22368421052632,52.27,2026-08-01,False,84.21052631578947,-31.25,-0.05752112038263146,46.194225721784775,32.55384210355251,85.052754982415,0.3516998827667058,27.198124267291913,1.875732708089097,92.37089201877934,41.36984077186842,72.68464243845251,64.81535756154747
3716,中化控股,藥,34.15,1.94029850746269,15028994.8125,True,3.2171581769436997,86.8421052631579,-1.19,2026-08-01,False,72.3404255319149,-6.948228882833798,-0.23156679186974496,93.0517711171662,-0.17325060099188128,73.68112543962485,14.88862837045721,3.048065650644783,85.58030480656507,48.12206572769953,45.06403799899829,14.88862837045721,64.81535756154747
2832,台產,產險,58.5,-0.34071550255536653,12731346.129999999,True,21.29135538954109,68.94736842105263,11.73,2026-08-01,False,60.0,-4.878048780487805,0.05639387945717268,95.1219512195122,7.105473981962198,61.25439624853458,21.45369284876905,78.31184056271981,87.74912075029309,72.88732394366197,64.3312748707957,31.18405627198124,64.68347010550997
6505,台塑化,輕油裂解,88.5,2.3121387283236983,2129729433.25,True,4.623287671232877,84.73684210526315,50.29,2026-08-01,False,84.78405315614617,16.754617414248024,-0.03332691794697647,94.95708154506437,16.591488466245707,85.69753810082064,85.69753810082064,36.811254396248536,87.45603751465416,85.44600938967136,76.22167550044307,71.16060961313013,64.65416178194607
1216,統一,飲料乳品,74.7,-0.40000000000000036,716427611.455,True,5.28281750266809,83.8157894736842,3.79,2026-08-01,False,80.0,-3.612903225806448,0.14340074175652542,92.79503105590062,-1.9563643384087497,81.00820633059789,28.01875732708089,94.3728018757327,84.87690504103166,41.07981220657277,65.87129655620318,20.63305978898007,64.62485345838218
3356,奇偶,光電及I/O,68.6,15.488215488215484,18921139.65,True,1.389631213254944,90.46052631578947,20.63,2026-08-01,False,93.33333333333333,8.54430379746834,-0.21433449147530756,100.0,-6.117038074543373,93.20046893317702,75.26377491207504,3.985932004689332,98.00703399765534,27.699530516431924,59.631348072805736,42.43845252051583,64.59554513481828
2607,榮運,貨運倉儲,53.6,0.5628517823639934,20107022.79,True,25.02668089647812,65.72368421052632,49.39,2026-08-01,False,64.28571428571429,2.290076335877868,0.11596608644871188,90.38785834738617,10.921945987997333,64.83001172332943,55.80304806565064,91.32473622508792,79.1324736225088,79.92957746478874,74.2039694202731,70.10550996483002,64.5662368112544
6532,瑞耘,電子設備,100.0,0.7049345417925457,75856507.05499999,True,25.080042689434368,65.52631578947368,74.23,2026-08-01,False,87.01298701298701,16.414435389988352,0.1222072263198316,87.71929824561403,26.898258585036793,87.45603751465416,85.4630715123095,92.4970691676436,73.85697538100821,90.96244131455398,86.0471189780339,82.29777256740914,64.5369284876905
6996,力領科技,半導體,170.5,-1.4450867052023142,13037673.225,True,13.194444444444445,76.97368421052632,6.91,2026-08-01,False,87.12121212121212,-5.013927576601671,-0.19409152745938102,84.19753086419753,-23.150006350531964,87.57327080890973,20.86752637749121,4.6893317702227435,66.58851113716295,9.741784037558686,37.89208482626906,24.73622508792497,64.50762016412662
1720,生達,藥,56.0,0.0,10102496.02,True,0.26680896478121663,98.05921052631578,7.78,2026-08-01,False,97.87234042553192,-2.097902097902103,-0.12339511462601621,85.3658536585366,0.032405880418354904,97.18640093786635,34.93552168815944,12.075029308323563,69.05041031652989,48.708920187793424,52.39125648773453,26.611957796014067,64.47831184056272
2362,藍天,電腦及週邊,48.25,-0.20682523267838704,44794966.7025,True,0.96051227321238,93.1907894736842,12.1,2026-08-01,False,94.91525423728814,1.9007391763463537,0.03956618121310996,92.96724470134875,0.6693685539758558,95.1934349355217,54.86518171160609,72.45017584994137,85.34583821805393,51.99530516431925,71.96998717588846,31.887456037514657,64.39038686987104
2466,冠西電,光電及I/O,110.0,3.7735849056603765,149974687.05,True,27.696793002915456,63.48684210526315,59.92,2026-08-01,False,66.66666666666666,5.769230769230769,-0.0032200024819102244,90.1639344262295,25.543441590833744,67.76084407971864,66.35404454865181,51.81711606096131,78.89800703399766,90.61032863849765,71.08806807236542,77.2567409144197,64.39038686987104
1608,華榮,電纜,35.85,0.13966480446927498,113761852.81500001,True,0.5750798722044729,96.1842105263158,17.9,2026-08-01,False,90.9090909090909,0.0,0.10369781472209949,88.40937114673244,-6.739049913324347,90.79718640093787,46.658851113716295,89.80070339976554,75.49824150058618,26.291079812206576,65.8092124454425,37.86635404454865,64.3757327080891
4771,望隼,醫療耗材,219.0,1.8604651162790642,51925696.25,True,13.23529411764706,76.90789473684211,70.64,2026-08-01,False,55.55555555555556,10.050251256281408,0.157170289760387,100.0,32.77885859274407,56.44783118405628,78.19460726846424,96.01406799531067,98.00703399765534,92.48826291079813,84.23036067125693,81.24267291910903,64.37573270808909
6584,南俊國際,金屬製品,560.0,-2.777777777777779,505041375.85,True,10.095497953615281,78.88157894736842,37.66,2026-08-01,False,85.71428571428571,-4.761904761904762,0.00032323331525337205,69.56521739130434,0.6260286476840236,86.51817116060961,21.688159437280188,54.279015240328256,31.887456037514657,51.64319248826291,49.20319887279912,60.375146541617816,64.27315357561547
5880,合庫金,金融控股,27.2,-0.3663003663003761,498017021.68250006,True,50.640341515474915,45.46052631578947,23.6,2026-08-01,False,92.3076923076923,8.582834331337319,0.30378512262553076,98.55072463768116,11.720192652703098,92.43845252051582,75.3810082063306,99.06213364595546,94.02110199296601,80.86854460093896,88.35424819334136,45.95545134818288,64.25849941383353
8383,千附,電子設備,67.0,-2.1897810218978075,100176978.765,True,21.769499417927822,68.35526315789474,73.6,2026-08-01,False,89.6103896103896,2.6033690658499276,-0.05245877155497728,74.11504424778761,-43.467626833301736,89.91793669402111,57.0926143024619,30.128956623681123,41.96951934349355,4.929577464788732,44.80772088568928,82.063305978898,64.21453692848769
6146,耕興,檢測驗證,180.0,0.8403361344537785,51837522.625,True,24.386339381003204,66.57894736842105,10.46,2026-08-01,False,100.0,-6.005221932114883,-0.20243856635408317,75.47169811320755,-0.8194496355007832,99.06213364595546,18.17116060961313,4.337631887456038,46.307151230949586,45.774647887323944,42.73054505225963,29.54279015240328,64.1852286049238
2376,技嘉,電腦及週邊,368.0,3.370786516853941,1818350943.775,True,39.167556029882604,54.736842105263165,98.43,2026-08-01,False,57.6271186440678,8.394698085419734,-0.07157549370722077,92.23057644110276,22.879661161603124,58.49941383352872,74.91207502930833,23.91559202813599,83.82180539273153,88.6150234741784,65.9527819515766,88.51113716295428,63.98007033997655
6227,茂綸,電子通路,132.0,0.0,190677102.25,True,48.3991462113127,47.368421052631575,168.86,2026-08-01,False,51.92307692307693,11.39240506329114,0.0414480767798126,96.0,69.20873829491252,53.04806565064478,80.53927315357562,73.1535756154748,89.21453692848769,97.1830985915493,78.62770998794643,94.02110199296601,63.93610785463072
6605,帝寶,汽車組件,140.0,0.7194244604316502,40939811.7,True,10.725720384204909,78.61842105263158,28.25,2026-08-01,False,81.08108108108108,-1.0600706713780919,0.20608507936679105,83.33333333333334,9.257464016727273,81.82883939038686,40.91441969519343,98.24150058616648,63.77491207502931,77.11267605633803,72.37446956062283,50.87924970691676,63.892145369284876
2609,陽明,海運,61.1,0.16393442622950616,3526804976.9849997,True,78.95847994370162,23.092105263157894,56.17,2026-08-01,False,18.181818181818183,-4.531249999999998,0.0393946046676488,92.57575757575758,19.199435295847913,17.995310668229777,22.860492379835872,72.21570926143025,84.52520515826495,86.3849765258216,56.79633879871649,75.3810082063306,63.760257913247365
2618,長榮航,空運,41.95,0.47904191616767733,734258448.475,True,32.235142118863045,60.0,24.92,2026-08-01,False,59.93355481727575,-1.5258215962441282,0.1022457671832764,93.42984409799556,0.6141696259534655,60.844079718640096,38.921453692848765,89.33177022274326,85.8147713950762,51.525821596244135,65.2875793251105,47.127784290738575,63.71629542790153
9925,新保,保全,39.6,-0.12610340479192184,25416220.720000003,True,2.2411953041622197,87.86184210526315,6.57,2026-08-01,False,87.94019933554817,-0.25188916876574663,-0.34749386643465235,95.42168674698796,2.607518594457469,88.042203985932,45.66236811254396,0.3516998827667058,88.51113716295428,59.859154929577464,56.48531281475489,23.798358733880423,63.672332942555684
2323,中環,光電及I/O,10.8,0.9345794392523477,46207123.919999994,True,1.0328638497652582,92.43421052631578,20.09,2026-08-01,False,97.33333333333334,-0.4608294930875478,-0.1219195995641906,82.44274809160305,-0.5123849715071316,96.6002344665885,44.4314185228605,12.3094958968347,60.844079718640096,47.183098591549296,52.27366543929462,41.61781946072685,63.657678780773736
1736,喬山,家電製品,123.0,-1.9920318725099584,50086917.8,True,0.2855511136493432,97.63157894736842,22.66,2026-08-01,False,100.0,-6.4638783269961975,-0.08698253160117861,67.21311475409836,-1.655695957142676,99.06213364595546,15.943728018757328,19.460726846424382,26.846424384525204,42.136150234741784,40.68983262608083,44.607268464243845,63.643024618991795
8227,巨有科技,半導體,287.5,3.046594982078843,692573710.575,True,10.816777041942604,78.42105263157895,42.25,2026-08-01,False,90.15151515151516,84.2948717948718,0.06066872427866725,100.0,3.200953887943882,90.2696365767878,99.53106682297772,79.60140679953108,98.00703399765534,62.20657276995305,85.923143393381,64.83001172332943,63.393903868698715
7828,創新服務,電子設備,2040.0,-4.0000000000000036,662588512.0,True,41.904761904761905,53.289473684210535,192.14,2026-08-01,False,75.32467532467533,26.70807453416149,0.13112016664999465,87.74193548387098,-89.56925383248307,76.43610785463072,92.4970691676436,93.78663540445487,73.97420867526378,2.112676056338028,67.76133943166619,95.1934349355217,63.276670574443145
3485,敘豐,電子設備,196.5,-1.0075566750629705,23431503.925,True,5.208333333333334,83.88157894736842,29.91,2026-08-01,False,97.40259740259741,-16.560509554140125,-0.005162027598692454,50.840879689521344,-0.29102263443702014,96.83470105509964,1.6412661195779603,50.87924970691676,5.041031652989449,47.88732394366197,40.45671449564916,52.754982415005856,63.24736225087925
3305,昇貿,印刷電路板,102.5,0.0,133962102.15,True,32.07043756670224,60.065789473684205,47.4,2026-08-01,False,88.37209302325581,-5.092592592592593,-0.1003532871316001,61.19402985074627,-13.476904307414522,88.51113716295428,20.5158264947245,16.529894490035172,14.712778429073857,16.549295774647888,31.363786470287142,69.28487690504103,62.99824150058617
3081,聯亞,半導體,2875.0,-0.17361111111111605,12228292320.75,True,84.70198675496688,17.763157894736842,180.9,2026-08-01,False,31.060606060606062,-1.5410958904109588,-0.013130869240437288,83.94160583941606,19.041413989825998,30.71512309495897,38.804220398593195,47.010550996483005,65.41617819460727,86.26760563380282,53.64273566368905,94.60726846424384,62.98358733880422
2912,統一超,百貨批發,215.0,-0.6928406466512715,292452934.15,True,2.08110992529349,88.22368421052632,4.82,2026-08-01,False,85.0,-3.803131991051454,-0.00865100794664784,85.82834331337325,-1.7161514466800094,85.93200468933178,26.846424384525204,49.35521688159437,70.22274325908559,41.78403755868544,54.82808535464447,22.157092614302464,62.86635404454866
6834,天二科技,電子零組件,115.0,4.072398190045257,556178594.265,True,38.17934782608695,55.46052631578947,114.3,2026-08-01,False,78.28947368421053,28.2051282051282,0.017749041276735624,87.12121212121212,24.631954920615243,79.36694021101994,92.84876905041031,63.77491207502931,73.1535756154748,90.14084507042254,79.85700840447137,91.20750293083235,62.719812426729185
6199,天品,其他,114.5,1.327433628318575,235325987.935,True,34.66947960618847,58.35526315789473,171.7,2026-08-01,False,54.166666666666664,21.93823216187433,-0.009008329107561629,97.03389830508475,-149.97516094977368,54.98241500586166,90.50410316529894,49.2379835873388,91.67643610785463,1.1737089201877933,57.51492935730836,94.25556858147715,62.60257913247362
5609,中菲行,貨運倉儲,78.8,-0.5050505050505083,10400999.49,True,62.4332977588047,36.25,39.05,2026-08-01,False,42.857142857142854,-0.7556675062972399,-0.02776427397836559,93.92133492252681,1.6875859581224901,43.96248534583822,42.08675263774912,39.038686987104334,86.1664712778429,56.57276995305164,53.56543324031725,62.25087924970691,62.573270808909726
6667,信紘科,電子設備,259.5,-0.9541984732824416,103502319.575,True,29.829242262540024,61.8421052631579,69.06,2026-08-01,False,80.51948051948052,18.223234624145785,0.04733378658390335,88.26530612244898,54.06857755774433,81.24267291910903,87.10433763188745,75.96717467760844,75.14654161781947,96.47887323943662,83.1879200171722,80.77373974208675,62.51465416178195
2208,台船,機車船製造,19.2,0.26109660574413773,39226824.8925,True,27.027027027027028,63.94736842105263,55.64,2026-08-01,False,66.66666666666666,-0.518134715025914,-0.05778382740612611,78.20773930753563,25.41743098412412,67.76084407971864,43.96248534583822,27.080890973036343,51.46541617819461,90.49295774647888,56.15251886465334,74.67760844079719,62.48534583821805
5287,數字,數位雲端,137.0,-1.4388489208633115,13284843.4,True,0.7470651013874066,95.13157894736842,2.31,2026-08-01,False,88.46153846153845,-11.612903225806452,-0.3939322691476626,75.69060773480662,3.877241022228963,88.62837045720985,4.6893317702227435,0.11723329425556857,47.24501758499414,63.262910798122064,40.78857278096088,18.522860492379838,62.426729191090274
2535,達欣工,營造,89.8,-0.5537098560354337,17755355.93,True,31.750266808964785,60.32894736842105,44.17,2026-08-01,False,33.33333333333333,-1.9650655021834031,-0.1201693056351753,92.86452947259565,15.924446181324601,33.35287221570926,35.873388042203985,13.130128956623683,85.11137162954279,84.50704225352112,50.39496061952017,66.47127784290738,62.26553341148886
4721,美琪瑪,其他化學,75.5,2.0270270270270174,25209288.915,True,6.607669616519174,81.97368421052632,72.35,2026-08-01,False,81.25,3.142076502732236,-0.002987608398216984,74.75247524752476,46.340859820909316,81.94607268464243,58.96834701055099,52.16881594372802,44.19695193434936,95.65727699530517,66.5874929137152,81.7116060961313,62.22157092614302
6831,邁科,電子零組件,513.0,-4.112149532710285,544901224.4,True,8.040201005025125,80.72368421052632,29.1,2026-08-01,False,95.39473684210526,-10.627177700348431,-0.0982265507920919,53.661087866108794,-0.7817565895040879,95.54513481828839,5.978898007033997,16.881594372801874,6.565064478311841,46.009389671361504,34.19601626955952,51.58264947245017,61.928487690504106
7788,松川精密,電子零組件,291.0,-2.020202020202022,790820370.85,True,33.1858407079646,59.3421052631579,66.41,2026-08-01,False,79.60526315789474,17.102615694164992,-0.03578306381551072,86.86567164179104,-10.740089759215948,80.65650644783119,85.93200468933178,35.63892145369285,72.45017584994137,19.248826291079812,58.7852869463754,79.8358733880422,61.75263774912075
6691,洋基工程,電子設備,632.0,-2.7692307692307683,350741848.25,True,58.53018372703412,39.14473684210527,213.7,2026-08-01,False,66.23376623376623,6.57672849915683,-0.08465061538064714,79.297365119197,45.05023774877293,66.70574443141852,69.4021101992966,20.398593200468934,53.92731535756155,95.53990610328638,61.194733858406394,95.54513481828839,61.694021101992966
3231,緯創,電腦及週邊,186.5,0.0,9711527508.825,True,58.0042689434365,39.53947368421053,166.48,2026-08-01,False,33.89830508474576,6.267806267806268,-0.05053500491894058,94.1919191919192,72.78317937814658,34.34935521688159,68.2297772567409,30.83235638921454,86.40093786635404,97.41784037558685,63.44605342095558,93.90386869871044,61.60609613130129
2374,佳能,消費性電子,67.3,-0.2962962962963056,166539950.89499998,True,20.483870967741936,70.06578947368422,34.7,2026-08-01,False,89.47368421052632,-1.7518248175182525,-0.032091168426700165,71.1416490486258,-4.560264549815301,89.68347010550997,36.928487690504106,37.51465416178195,35.63892145369285,31.690140845070424,46.29113485131187,57.561547479484176,61.48886283704572
2399,映泰,電腦及週邊,49.45,2.063983488132104,301210234.51,True,20.12133468149646,70.32894736842105,40.0,2026-08-01,False,77.96610169491525,8.205689277899344,0.053693559701596935,89.90909090909092,26.53184626931973,79.01524032825323,74.20867526377492,77.2567409144197,78.07737397420867,90.84507042253522,79.88062018063836,62.83704572098476,61.43024618991794
6215,和椿,電子設備,98.2,-0.5065856129685908,61510253.545,True,60.61899679829242,37.5328947368421,132.82,2026-08-01,False,63.63636363636363,0.9249743062692762,0.0035635768344242625,72.74074074074073,65.98342476256819,64.36107854630716,51.69988276670574,55.68581477139508,39.859320046893316,96.94835680751174,61.710890587762606,92.61430246189917,61.28370457209848
7810,捷創科技,電子設備,222.0,1.6018306636155666,19688757.675,True,13.40782122905028,76.57894736842105,119.81,2026-08-01,False,93.5064935064935,4.716981132075472,0.1141376449927729,65.68047337278107,4.458876659328936,93.43493552168816,64.12661195779602,91.09026963657679,23.798358733880423,65.25821596244131,67.54167836247655,91.55920281359906,61.166471277842916
3023,信邦,電子零組件,320.5,-2.1374045801526687,287312747.375,True,68.19637139807898,31.57894736842105,32.47,2026-08-01,False,51.31578947368421,0.6279434850863422,0.08657572892352103,94.26470588235294,6.125990514623737,52.754982415005856,49.824150058616645,86.63540445486518,86.75263774912075,70.18779342723005,69.23099362096771,54.98241500586166,61.16647127784291
6561,是方,通信網路,315.5,-0.4731861198738141,14829314.425,True,1.6542155816435433,89.53947368421052,16.38,2026-08-01,False,94.23076923076923,-2.773497688751926,0.06815563379075226,74.94061757719716,1.514121451529153,93.96248534583822,31.30128956623681,82.29777256740914,44.90035169988277,56.2206572769953,61.73651129127245,36.28370457209847,60.961313012895666
7805,威聯通,電腦及週邊,498.5,-0.2002002002001957,29942879.6,True,1.6666666666666667,89.40789473684211,19.25,2026-08-01,False,89.83050847457628,-26.474926253687315,-0.2506182603667041,60.792682926829265,-1.0635972665632316,90.03516998827668,0.4689331770222743,2.6963657678780772,14.06799531066823,44.014084507042256,30.256509750177507,39.976553341148886,60.90269636576788
2637,慧洋-KY,海運,102.5,0.4901960784313708,690893424.7549999,True,64.19423692636073,34.53947368421053,34.96,2026-08-01,False,36.36363636363637,0.49019607843137253,0.06333331004861954,100.0,-14.738337951609992,36.694021101992966,49.00351699882767,80.65650644783119,98.00703399765534,15.375586854460094,55.947333080153456,57.91324736225087,60.90269636576787
2442,新美齊,建設,14.7,0.6849315068493178,30751165.5525,True,1.6073478760045925,89.67105263157895,19.87,2026-08-01,False,94.73684210526315,-26.130653266331656,-0.25688002048201214,55.471698113207545,-138.09472127496693,94.95896834701055,0.5861664712778429,2.5791324736225087,7.737397420867527,1.5258215962441315,21.477497261804512,41.14888628370457,60.81477139507619
6585,鼎基,樹脂,106.0,0.4739336492890933,15779215.225,True,16.113744075829384,74.60526315789474,12.09,2026-08-01,False,85.71428571428571,-9.012875536480687,-0.13592397555045307,70.43189368770764,-39.17359570096413,86.51817116060961,9.55451348182884,10.199296600234467,33.88042203985932,5.39906103286385,29.110292863079213,31.770222743259087,60.65357561547479
8050,廣積,電腦及週邊,59.1,-0.3372681281618828,54934649.165,True,46.31803628601921,49.21052631578947,94.48,2026-08-01,False,45.76271186440678,3.8664323374341003,0.11659452690046299,85.65217391304348,11.061291411895397,47.127784290738575,61.66471277842908,91.55920281359906,69.63657678780774,80.04694835680752,70.0070450054764,87.45603751465416,60.63892145369285
6108,競國,印刷電路板,23.8,-1.2448132780083054,72793931.4725,True,99.33906146728354,1.776315789473684,45.69,2026-08-01,False,4.651162790697675,-8.28516377649325,0.0842975163915926,91.53846153846155,-6.0475245571407825,3.5169988276670576,11.019929660023447,86.28370457209847,81.94607268464243,27.93427230046948,42.14019560898018,68.11254396248535,60.638921453692845
2836,高雄銀,本國銀行,12.25,-1.2096774193548376,20265498.895,True,37.086446104589115,56.546052631578945,-1.54,2026-08-01,False,94.44444444444444,1.2396694214876063,0.029996650665906753,94.23076923076923,-16.023151198865047,94.31418522860491,52.637749120750286,68.81594372801875,86.63540445486518,14.084507042253522,63.297557914898526,14.1852286049238,60.6242672919109
6670,復盛應用,其他,272.5,-1.0889292196007205,51147397.8,True,44.930629669156886,50.49342105263158,45.02,2026-08-01,False,45.83333333333333,1.48975791433892,0.06931918974893325,90.68219633943427,19.033474293380117,47.24501758499414,53.341148886283705,82.76670574443142,80.30480656506448,86.15023474178403,69.96158270451156,67.1746776084408,60.34583821805393
6416,瑞祺電通,電腦及週邊,121.0,0.8333333333333304,118617824.975,True,51.12059765208111,45.06578947368421,109.34,2026-08-01,False,40.67796610169492,19.801980198019802,0.05147793696283152,100.0,28.852657998805668,41.50058616647128,88.56975381008206,76.78780773739742,98.00703399765534,91.66666666666666,79.30636967565457,90.03516998827668,60.24325908558031
3680,家登,電子設備,548.0,2.814258911819878,1078357935.525,True,34.92063492063492,58.15789473684211,49.94,2026-08-01,False,77.92207792207793,16.348195329087048,0.10530856394543325,88.96103896103897,-3.2477221803883864,78.89800703399766,85.22860492379836,90.2696365767878,76.43610785463072,35.91549295774648,73.3495698693922,70.80890973036342,60.22860492379837
6953,家碩,電子設備,242.0,1.680672268907557,13492929.2,True,25.91304347826087,64.73684210526316,36.66,2026-08-01,False,85.71428571428571,6.140350877192982,0.15151587813295395,82.73504273504273,2.2215726192626093,86.51817116060961,67.5263774912075,95.54513481828839,62.36811254396248,58.333333333333336,74.05822586948025,59.43728018757327,60.199296600234476
2436,偉詮電,半導體,70.0,3.092783505154628,407996034.51000005,True,2.5080042689434365,87.36842105263159,32.15,2026-08-01,False,93.93939393939394,11.28775834658188,-0.01130775211574834,86.95652173913044,1.0303400204212885,93.6694021101993,80.30480656506448,47.94841735052755,72.68464243845251,53.755868544600936,69.67262740176895,54.630715123094966,60.169988276670566
2030,彰源,基本金屬,24.8,-0.6012024048096087,71902799.02,True,46.55267512410369,48.81578947368421,57.69,2026-08-01,False,47.61904761904761,11.210762331838565,0.1022576650873075,99.39879759519039,13.431790406491075,49.35521688159437,80.07033997655334,89.44900351699883,95.31066822977726,82.15962441314554,79.26897060361388,75.96717467760844,60.140679953106684
4739,康普,其他化學,82.1,3.2704402515723263,110596381.11499998,True,1.9362186788154898,88.68421052631578,34.4,2026-08-01,False,100.0,-2.261904761904769,-0.08843056667408102,63.153846153846146,-57.969082854675825,99.06213364595546,33.99765533411489,18.757327080890974,18.053927315357562,3.5211267605633805,34.678434027376454,57.209847596717466,60.0820633059789
1307,三芳,石化,30.85,0.9819967266775809,14036736.2875,True,2.2945570971184632,87.69736842105263,10.83,2026-08-01,False,89.47368421052632,-0.9630818619582574,-0.01700195741956132,82.4866310160428,-0.1553399835826319,89.68347010550997,41.14888628370457,44.07971864009379,61.31301289566237,48.23943661971831,56.89290490893781,30.246189917936693,60.023446658851114
3209,全科,電子通路,45.85,0.10917030567687558,71898927.52,True,7.150480256136606,81.3157894736842,27.44,2026-08-01,False,86.53846153846155,-10.7976653696498,-0.19007146316328102,56.32678132678133,-54.477738056991754,87.16295427901524,5.861664712778429,5.3927315357561545,8.440797186400937,3.873239436619718,22.146277430114097,50.293083235638925,60.008792497069166
2617,台航,海運,33.3,1.0622154779969417,82595000.8375,True,38.58057630736393,55.23026315789473,22.29,2026-08-01,False,63.63636363636363,4.71698113207546,0.19668403667052656,98.9598811292719,-8.931930168246065,64.36107854630716,64.00937866354045,97.7725674091442,94.84173505275498,21.5962441314554,68.51620076064043,43.96248534583822,59.78898007033998
2330,台積電,半導體,2480.0,0.8130081300812941,50085998049.25,True,85.21878335112059,17.36842105263158,53.32,2026-08-01,False,30.303030303030305,2.904564315352697,0.01580529233688476,98.80478087649402,-1.9725170897232545,29.66002344665885,58.49941383352872,63.071512309495894,94.60726846424384,40.962441314553985,57.36013187369626,73.27080890973036,59.75967174677609
2207,和泰車,車輛買賣,523.0,-2.607076350093107,127600821.65,True,0.8562691131498471,94.27631578947368,10.57,2026-08-01,False,94.28571428571428,0.9652509652509652,0.07061439691745477,84.21900161030595,-14.370130183878977,94.13833528722158,51.93434935521688,83.47010550996484,66.70574443141852,15.96244131455399,62.44219517967516,29.718640093786636,59.657092614302464
8076,伍豐,電腦及週邊,21.6,0.9345794392523477,12480491.225,True,83.29979879275655,19.210526315789473,124.48,2026-08-01,False,15.254237288135593,-7.096774193548382,-0.17990135507667168,75.52447552447552,48.84304261329625,14.536928487690503,14.654161781946073,6.3305978898007025,46.424384525205156,96.24413145539906,35.6380408280083,92.1453692848769,59.61313012895663
8088,品安,半導體,43.35,1.5222482435597096,19082981.0075,True,48.66220735785953,46.973684210526315,72.94,2026-08-01,False,63.63636363636363,-5.452562704471101,-0.08828735009875947,59.30232558139535,33.334315032434795,64.36107854630716,19.929660023446658,18.874560375146544,11.371629542790153,92.84037558685446,41.475460814909,81.82883939038686,59.40797186400938
6902,GOGOLOOK,資訊服務,155.0,9.92907801418439,16114941.05,True,8.598726114649681,80.26315789473685,29.55,2026-08-01,False,76.59574468085107,22.529644268774703,0.0746628112774344,100.0,-2.730223642172522,77.54982415005863,90.73856975381008,84.17350527549824,98.00703399765534,38.26291079812207,77.74636879502887,52.28604923798359,59.27608440797187
6933,AMAX-KY,電腦及週邊,317.5,-7.163742690058483,413325992.1,True,40.229885057471265,54.276315789473685,191.26,2026-08-01,False,55.932203389830505,71.15902964959568,0.06102432932531385,91.8958031837916,52.85589548348801,57.209847596717466,99.17936694021103,79.8358733880422,83.00117233294256,96.36150234741784,83.11755252106623,95.07620164126612,59.026963657678785
6781,AES-KY,電子零組件,1010.0,0.0,512350109.75,True,24.55223880597015,66.44736842105263,26.64,2026-08-01,False,85.52631578947368,-3.8095238095238098,-0.00084011496842223,67.33333333333333,-0.17879063915250626,86.1664712778429,26.729191090269637,53.458382180539274,27.139507620164128,48.00469483568075,48.29964940089934,49.53106682297773,59.02696365767878
4952,凌通,半導體,48.6,1.4613778705636848,13558466.544999998,True,79.02881536819638,22.960526315789473,44.89,2026-08-01,False,34.84848484848485,-4.705882352941174,0.17771210269848514,80.3305785123967,-2.517797530486675,35.16998827667057,22.3915592028136,96.71746776084407,56.15474794841735,38.967136150234744,49.88017986779607,67.05744431418523,58.997655334114896
6658,聯策,電子設備,173.5,-0.5730659025787954,55698453.325,True,14.428571428571429,75.6578947368421,104.05,2026-08-01,False,92.20779220779221,7.763975155279502,-0.024771863219848412,67.50972762645915,9.4351362933713,92.26260257913246,73.1535756154748,40.44548651817116,27.549824150058615,77.34741784037558,62.151781340642515,88.98007033997656,58.90973036342321
2542,興富發,建設,46.45,-2.8242677824267703,434311659.71500003,True,25.773745997865525,64.86842105263158,-20.88,2026-08-01,False,63.1578947368421,-4.815573770491792,0.02530013010790584,95.18442622950822,-84.93915788943411,63.95076201641267,21.570926143024618,66.8229777256741,88.042203985932,2.3474178403755865,48.5468575422838,4.8065650644783116,58.807151230949586
2606,裕民,海運,77.3,-0.12919896640828377,718823779.6049999,True,27.481323372465315,63.71710526315789,18.16,2026-08-01,False,72.72727272727273,6.473829201101933,0.08664410410562504,96.98870765370138,-8.512799332253998,74.15005861664713,68.81594372801875,86.75263774912075,91.55920281359906,22.652582159624412,68.78608501340202,38.21805392731536,58.777842907385704
2382,廣達,電腦及週邊,344.5,0.4373177842565523,4912045652.45,True,44.18356456776948,51.05263157894737,177.45,2026-08-01,False,49.152542372881356,7.153965785381026,0.14930871663728468,82.61390887290167,40.23723195994049,50.52754982415005,71.6295427901524,95.07620164126612,61.54747948417351,94.71830985915493,74.6998167197794,94.49003516998827,58.73388042203986
4772,台特化,其他化學,244.5,-2.200000000000002,132706317.75,True,2.0618556701030926,88.42105263157895,18.89,2026-08-01,False,93.75,-4.4921875,-0.045703193375501244,65.02659574468085,-168.07433285117145,93.55216881594373,23.094958968347008,32.00468933177022,21.570926143024618,1.056338028169014,34.25581625745092,39.74208675263775,57.942555685814774
8464,億豐,五金及家具,370.0,0.0,139646630.0,True,19.957310565635005,70.46052631578948,17.76,2026-08-01,False,75.0,-0.4037685060565276,0.1008344385433551,82.77404921700223,2.4525785855651225,75.90855803048065,44.7831184056272,89.09730363423212,62.71981242672919,59.38967136150235,66.3796927717143,37.63188745603752,57.86928487690504
3661,世芯-KY,半導體,3665.0,3.5310734463276816,9269193264.75,True,67.2358591248666,32.171052631578945,273.61,2026-08-01,False,45.45454545454545,-0.945945945945946,-0.06779645555933889,68.18604651162791,116.68196385695785,46.71746776084408,41.38335287221571,24.73622508792497,28.722157092614303,98.35680751173709,47.98320206506723,97.06916764361078,57.78135990621337
7728,光焱科技,電子設備,586.0,0.3424657534246478,33896401.85,True,47.75725593667546,47.89473684210526,137.33,2026-08-01,False,71.42857142857143,2.626970227670753,-0.05388404119387989,65.3288740245262,36.56355204736063,72.56740914419694,57.209847596717466,28.956623681125436,22.860492379835872,94.01408450704226,55.1216914617836,92.84876905041031,57.76670574443142
3141,晶宏,半導體,92.8,-0.9605122732123883,574064369.0799999,True,49.684452094090645,46.25,79.77,2026-08-01,False,61.36363636363637,31.63120567375886,0.008468631330618792,90.53658536585367,36.362694672794355,62.25087924970691,94.84173505275498,58.14771395076201,79.60140679953108,93.7793427230047,77.72421555515193,83.82180539273153,57.708089097303635
3467,台灣精材,電子設備,77.4,0.0,35232071.17,True,66.39344262295081,32.828947368421055,49.81,2026-08-01,False,62.33766233766234,66.99029126213593,0.0035962167763507616,99.87096774193549,14.493627787362449,62.95427901524033,98.94490035169989,55.92028135990621,95.8968347010551,83.68544600938968,79.48034828745824,70.5158264947245,57.605509964830006
3066,李洲,光電及I/O,28.7,-4.013377926421402,47938577.7675,True,1.7774851876234363,89.21052631578948,18.89,2026-08-01,False,92.0,21.09704641350211,0.07481392570338712,95.03311258278146,16.00818417639429,92.1453692848769,89.44900351699883,84.29073856975381,87.57327080890973,84.85915492957746,87.66350742202336,39.74208675263775,57.50293083235639
4576,大銀微系統,機械,233.5,-2.708333333333335,746833920.325,True,43.420254699818074,51.776315789473685,98.05,2026-08-01,False,65.71428571428571,15.308641975308642,0.024373263677447844,82.0738137082601,24.46669294007596,66.23681125439624,84.29073856975381,66.47127784290738,59.78898007033998,89.67136150234741,73.29183384794896,88.27667057444314,57.50293083235639
1709,和益,清潔劑,43.1,9.948979591836737,699818507.7425001,True,81.85699039487727,20.460526315789473,82.67,2026-08-01,False,40.0,29.429429429429444,-0.016028098221700923,100.0,3.9698449715490938,40.62133645955451,93.55216881594373,44.90035169988277,98.00703399765534,63.497652582159624,68.1157087110392,84.87690504103166,57.48827667057445
1558,伸興,機械,111.0,0.0,15095908.05,True,42.95624332977588,52.368421052631575,18.63,2026-08-01,False,71.42857142857143,11.0,-0.004149915064036387,100.0,1.5253709932065824,72.56740914419694,79.60140679953108,51.58264947245017,98.00703399765534,56.33802816901409,71.61930551656953,38.921453692848765,57.473622508792495
6292,迅德,電子零組件,68.0,1.0401188707280795,21354509.505000003,True,57.79082177161152,40.06578947368421,30.69,2026-08-01,False,61.8421052631579,10.389610389610388,0.07848741879836064,97.28183118741059,5.05938770632449,62.71981242672919,78.78077373974209,84.99413833528722,92.1453692848769,67.48826291079813,77.22567133948671,53.69284876905041,57.444314185228606
5263,智崴,其他電子,88.2,-1.8909899888765347,29672809.310000002,True,67.52655538694992,32.10526315789474,216.56,2026-08-01,False,32.159468438538205,-2.6490066225165467,-0.03693358082228333,70.56,85.25827154098522,31.770222743259087,32.00468933177022,35.28722157092614,33.99765533411489,97.88732394366197,46.18942258474645,95.77960140679953,57.385697538100814
2425,承啟,電腦及週邊,38.1,2.972972972972987,25881560.065,True,43.49693251533742,51.71052631578947,118.46,2026-08-01,False,52.54237288135594,1.464713715046616,0.14411715935093294,72.0226843100189,-94.08371857918273,53.81008206330598,53.106682297772565,94.49003516998827,37.39742086752638,1.9953051643192488,48.15990511258249,91.44196951934349,57.385697538100814
2855,統一證,證券,57.3,7.504690431519689,251048924.90500003,True,3.4151547491995733,86.38157894736842,109.88,2026-08-01,False,37.5,21.656050955414003,0.20009566693723826,96.95431472081218,0.37949532567353117,37.98358733880422,90.15240328253223,97.88980070339977,91.44196951934349,50.46948356807511,73.58744888243096,90.2696365767878,57.385697538100814
6805,富世達,電子零組件,2415.0,5.228758169934644,3486863060.0,True,44.172661870503596,51.11842105263158,29.14,2026-08-01,False,75.0,36.827195467422094,0.09139448246437692,100.0,2.8515106536876544,75.90855803048065,96.36576787807736,87.6905041031653,98.00703399765534,60.68075117370893,83.73052303661751,51.69988276670574,57.31242672919109
3287,廣寰科,電腦及週邊,42.1,-0.5903187721369552,20693349.875,True,1.5595757953836558,89.86842105263158,6.02,2026-08-01,False,91.52542372881356,11.523178807947025,0.07743556027224659,99.40968122786305,5.961298437598267,91.44196951934349,80.77373974208675,84.75967174677609,95.42790152403282,69.95305164319248,84.47126683508631,23.094958968347008,57.29777256740914
2495,普安,光電及I/O,39.1,2.7595269382391763,50145377.2075,True,30.496019595835882,61.71052631578947,106.21,2026-08-01,False,65.33333333333333,5.248990578734866,0.044085086834313246,72.67657992565056,35.964279407680266,65.76787807737398,65.65064478311841,74.20867526377492,39.507620164126614,93.66197183098592,67.75935802387596,89.44900351699883,57.26846424384526
2393,億光,光電及I/O,64.2,-0.31055900621118626,85006169.48499998,True,35.64567769477055,57.56578947368421,14.1,2026-08-01,False,62.66666666666667,-0.7727975270479135,0.10987085116513207,86.9918699186992,0.060265669533462685,63.4232121922626,41.96951934349355,90.50410316529894,72.80187573270808,49.06103286384976,63.55194865952258,33.88042203985932,57.03399765533411
2497,怡利電,汽車組件,43.7,-1.465614430665163,10015465.442499999,True,4.556166535742341,84.80263157894737,17.29,2026-08-01,False,91.8918918918919,-4.166666666666663,-0.1650746015707294,65.41916167664671,-11.494875939291852,92.02813599062134,24.970691676436108,7.268464243845251,23.212192262602578,18.779342723004692,33.25176537930199,37.39742086752638,56.91676436107855
6206,飛捷,電腦及週邊,142.0,2.5270758122743597,143321052.35,True,66.32870864461046,32.96052631578947,62.18,2026-08-01,False,27.11864406779661,2.527075812274368,0.03542202945703317,89.87341772151899,19.960294951046762,27.198124267291913,56.62368112543963,70.80890973036342,77.9601406799531,86.97183098591549,63.912537357792715,78.78077373974209,56.82883939038686
3528,安馳,電子通路,83.8,0.0,14542159.99,True,0.8004268943436499,94.70394736842105,43.13,2026-08-01,False,98.07692307692307,0.23923444976076896,-0.08512939780494135,59.857142857142854,-11.245564991181297,97.30363423212192,47.71395076201641,20.164126611957798,12.192262602579133,18.896713615023476,39.25413756473975,65.53341148886284,56.82883939038686
7792,安葆,電機製品,344.0,1.4749262536873253,149845359.125,True,32.903225806451616,59.60526315789474,67.72,2026-08-01,False,63.63636363636363,16.610169491525422,0.08636678858544235,84.72906403940887,34.21744574803065,64.36107854630716,85.58030480656507,86.51817116060961,67.64361078546307,93.1924882629108,79.45913071237113,80.30480656506448,56.68229777256741
3219,倚強科,電子設備,98.7,9.910913140311806,78268450.02,True,27.668539325842694,63.55263157894737,19.73,2026-08-01,False,83.11688311688312,37.8491620111732,0.12816226962140506,100.0,-1.5288526000530425,84.05627198124267,96.6002344665885,93.55216881594373,98.00703399765534,42.72300469483568,82.98774279125318,41.031652989449,56.62368112543963
3045,台灣大,通信網路,124.5,0.40322580645162365,959302597.225,True,29.50907150480256,62.26973684210526,8.5,2026-08-01,False,74.03846153846155,8.26086956521739,0.36932594188971923,100.0,1.0950308904140984,75.14654161781947,74.44314185228606,99.64830011723329,98.00703399765534,54.10798122065727,80.27059976113028,27.549824150058615,56.56506447831184
6426,統新,通信網路,374.0,0.1338688085676054,1141273921.175,True,70.08264462809917,29.605263157894733,78.21,2026-08-01,False,42.30769230769231,55.18672199170125,0.045770754610130936,100.0,0.22624018307587335,43.024618991793666,98.24150058616648,75.0293083235639,98.00703399765534,49.88262910798122,72.83701820143213,83.47010550996484,56.56506447831184
6214,精誠,資訊服務,191.5,-1.5424164524421635,334715364.325,True,57.097118463180365,40.625,61.91,2026-08-01,False,23.404255319148938,6.685236768802229,0.06805206549280268,98.45758354755783,5.034636909483318,23.73974208675264,69.87104337631888,82.18053927315357,93.6694021101993,67.13615023474179,67.31937541623324,78.42907385697538,56.491793669402114
6811,宏碁資訊,數位雲端,256.5,-3.7523452157598447,83491482.85,True,33.733733733733736,59.01315789473684,77.11,2026-08-01,False,34.61538461538461,13.495575221238937,0.02815936446669888,96.24765478424015,33.623536497935554,34.93552168815944,82.64947245017585,67.76084407971864,90.2696365767878,92.95774647887323,73.71464425474298,83.2356389214537,56.44783118405627
7780,大研生醫*,藥,16.25,-0.9146341463414531,11540959.6,True,1.2,91.71052631578948,38.14,2026-08-01,False,85.1063829787234,-4.970760233918137,-0.0020836477698167317,7.83132530120482,2.1682097913960376,86.04923798358733,21.101992966002346,52.754982415005856,0.11723329425556857,57.863849765258216,43.57745928482186,60.726846424384526,56.44783118405627
7749,意騰-KY,半導體,377.5,4.715672676837723,82097310.125,True,6.089743589743589,82.96052631578948,60.5,2026-08-01,False,91.66666666666666,8.633093525179856,-0.01692151746331056,69.39338235294117,4.618265240837218,91.73505275498242,75.7327080890973,44.4314185228605,31.535756154747947,65.84507042253522,61.85600118884467,77.72567409144196,56.315943728018766
6023,元大期,期貨,87.9,0.45714285714286707,71381766.41,True,1.5474919957310567,89.9342105263158,22.66,2026-08-01,False,90.03322259136213,6.159420289855083,0.11773908167778223,81.3888888888889,-45.54321844689808,90.15240328253223,67.76084407971864,91.91090269636577,58.03048065650644,4.694835680751173,62.50989327917485,44.607268464243845,56.25732708089096
6531,愛普*,半導體,948.0,-2.066115702479343,3481814002.1,True,64.7887323943662,34.21052631578947,150.82,2026-08-01,False,47.72727272727273,7.361268403171008,0.029924188923837577,79.66386554621849,32.5296259338361,49.47245017584994,72.56740914419694,68.69871043376318,54.396248534583826,92.25352112676056,67.47766788303089,93.20046893317702,56.12543962485346
6654,天正國際,電子設備,208.0,5.316455696202538,13246659.225,True,83.36298932384342,19.013157894736842,848.76,2026-08-01,False,35.064935064935064,26.060606060606062,0.07007033143174475,91.42857142857143,417.7255291093977,35.40445486518171,91.91090269636577,83.11840562719811,81.59437280187574,99.4131455399061,78.28825630610548,99.2966002344666,56.09613130128956
1612,宏泰,電纜,35.0,-0.14265335235377208,18569559.275,True,14.461045891141943,75.59210526315789,19.6,2026-08-01,False,63.63636363636363,1.0101010101010142,0.1840680754607643,86.10086100861008,14.347872745782642,64.36107854630716,52.05158264947245,97.06916764361078,71.04337631887456,83.33333333333334,73.57170769831967,40.56271981242673,55.978898007034005
6782,視陽,醫療耗材,248.0,3.3333333333333437,146945549.35,True,21.25813449023861,69.01315789473685,64.05,2026-08-01,False,38.88888888888889,22.772277227722775,0.012989219222124277,99.39879759519037,21.649800336407985,39.390386869871044,90.85580304806565,61.31301289566237,95.1934349355217,87.91079812206573,74.9326871742373,79.36694021101994,55.77373974208676
4569,六方科-KY,電子零組件,154.5,-1.5923566878980888,20979833.15,True,21.858638743455497,68.22368421052632,3.62,2026-08-01,False,87.5,-2.8301886792452833,-0.01376492696128426,75.36585365853658,-3.1809160365099496,87.74912075029309,31.18405627198124,46.424384525205156,45.95545134818288,36.032863849765256,49.46917534908552,20.398593200468934,55.72977725674092
2885,元大金,金融控股,70.4,0.5714285714285783,1381679964.045,True,93.64994663820706,9.44078947368421,57.94,2026-08-01,False,30.76923076923077,10.000000000000009,0.0789063632644313,98.46153846153847,-297.1751181440134,30.363423212192263,78.07737397420867,85.22860492379836,93.78663540445487,0.8215962441314555,57.65552675175712,76.20164126611958,55.5685814771395
4961,天鈺,半導體,181.5,-1.0899182561307952,161975644.2,True,79.72251867662753,22.30263157894737,50.15,2026-08-01,False,33.33333333333333,9.33734939759036,0.20224504081608852,98.9100817438692,14.208943491942527,33.35287221570926,76.90504103165298,98.00703399765534,94.72450175849941,83.09859154929578,77.21760811056257,71.04337631887456,55.55392731535756
8033,雷虎,無人載具,171.0,-0.8695652173912993,1073279268.325,True,67.1889400921659,32.23684210526316,74.96,2026-08-01,False,32.29235880398671,-7.816711590296496,-0.054869849757483775,63.4508348794063,46.589944764778096,32.00468933177022,12.3094958968347,28.3704572098476,18.640093786635404,95.77464788732394,37.41987682248238,82.64947245017585,55.2461899179367
2812,台中銀,本國銀行,19.2,-0.7751937984496249,336583787.5925,True,37.086446104589115,56.546052631578945,1.76,2026-08-01,False,94.44444444444444,1.8567639257294315,0.18735902202552548,82.93736501079914,-4.867357221207934,94.31418522860491,54.630715123094966,97.18640093786635,63.305978898007034,30.633802816901408,68.01421660089493,17.702227432590856,55.17291910902696
2884,玉山金,金融控股,46.2,-0.4310344827586077,2139298123.4175,True,70.38420490928495,29.50657894736842,19.29,2026-08-01,False,76.92307692307693,21.578947368421062,0.05029583473830283,97.67441860465117,2.8448241688974534,77.9601406799531,90.03516998827668,76.67057444314185,92.61430246189917,60.56338028169014,79.56871357099217,40.093786635404456,55.158264947245016
6442,光聖,通信網路,1525.0,-3.1746031746031744,4753422456.0,True,59.56249999999999,38.28947368421053,152.24,2026-08-01,False,51.92307692307693,0.0,-0.005259921725349251,64.34599156118144,84.52506953094839,53.04806565064478,46.658851113716295,50.76201641266119,20.5158264947245,97.76995305164318,53.75094254467799,93.43493552168816,55.08499413833529
8289,泰藝,電子零組件,44.25,0.11312217194570096,15517715.747499999,True,68.43876177658143,31.31578947368421,67.15,2026-08-01,False,50.0,-4.736275565123795,0.11436187822737025,58.45442536327609,14.272732303847185,51.46541617819461,22.157092614302464,91.20750293083235,10.550996483001173,83.21596244131455,51.71939412952903,80.07033997655334,54.98241500586167
6651,全宇昕,半導體,154.0,5.119453924914685,31531990.5,True,81.41916605705926,20.986842105263158,62.34,2026-08-01,False,32.57575757575758,7.317073170731707,0.15143971618687893,91.12426035502959,16.26527385361331,32.35638921453693,72.33294255568582,95.42790152403282,80.77373974208675,85.32863849765259,73.24392230679898,79.01524032825323,54.95310668229777
2845,遠東銀,本國銀行,13.55,0.0,209079573.5625,True,57.89754535752402,39.80263157894737,5.07,2026-08-01,False,44.44444444444444,-0.73260073260073,0.189246662570901,98.54545454545455,-5.146678764137718,45.545134818288396,42.555685814771394,97.30363423212192,93.90386869871044,29.460093896713612,61.75368349212115,22.50879249706917,54.85052754982415
2206,三陽工業,機車船製造,63.8,-0.46801872074883066,41884981.44500001,True,40.821771611526145,53.881578947368425,-0.22,2026-08-01,False,50.0,-0.7776049766718507,-0.02008652540278975,98.4567901234568,6.293462692538508,51.46541617819461,41.85228604923799,42.43845252051583,93.55216881594373,70.65727699530517,59.99312011183946,15.943728018757328,54.777256740914424
3059,華晶科,消費性電子,38.15,0.0,50805734.8925,True,29.722518676627534,62.07236842105262,8.25,2026-08-01,False,84.21052631578947,-2.678571428571439,-0.07712325542629056,72.25378787878788,2.921964659603515,85.052754982415,31.652989449003517,21.922626025791324,37.98358733880422,61.267605633802816,47.575912685963374,27.432590855803046,54.703985932004684
6213,聯茂,印刷電路板,542.0,7.326732673267333,9975709013.4,True,98.87940234791888,2.763157894736842,97.93,2026-08-01,False,11.627906976744185,5.653021442495127,-0.009602119019964833,92.96740994854203,17.013480395469244,10.785463071512309,66.11957796014069,49.00351699882767,85.4630715123095,85.56338028169014,59.38700196489606,88.15943728018757,54.57209847596717
2365,昆盈,光電及I/O,29.2,3.730017761989335,25371496.5975,True,53.126670229823624,43.55263157894737,35.95,2026-08-01,False,52.0,-4.575163398692817,-0.02286117104862717,68.06526806526807,22.448711698579196,53.458382180539274,22.743259085580306,41.38335287221571,28.487690504103163,88.26291079812206,46.8671190881121,58.96834701055099,54.542790152403285
6196,帆宣,電子設備,535.0,-0.92592592592593,783087003.175,True,86.07257203842049,16.644736842105264,83.89,2026-08-01,False,29.87012987012987,9.072375127421,0.08697921701686011,90.67796610169492,-18.18831972991157,29.308323563892145,76.78780773739742,86.86987104337632,80.18757327080891,12.44131455399061,57.11897803389307,85.22860492379836,54.48417350527549
5269,祥碩,半導體,1475.0,-1.3377926421404673,741495562.25,True,3.7886872998932764,85.92105263157895,-32.51,2026-08-01,False,92.42424242424242,4.240282685512367,0.12289273931594609,92.76729559748428,-1.5396815956321532,92.61430246189917,62.95427901524033,92.61430246189917,84.75967174677609,42.6056338028169,75.10963789772634,2.813599062133646,54.308323563892145
5876,上海商銀,本國銀行,49.25,-0.4044489383215444,390672656.145,True,42.58271077908218,52.63157894736842,7.06,2026-08-01,False,77.77777777777779,11.5515288788222,0.3402408079808195,98.5985985985986,-0.36670048199627736,78.60492379835874,80.89097303634232,99.2966002344666,94.13833528722158,47.53521126760563,80.09320872479898,25.087924970691677,54.23505275498242
9904,寶成,鞋及旅行箱,24.85,0.6072874493927127,271551589.38250005,True,1.2806830309498398,90.98684210526315,4.33,2026-08-01,False,88.88888888888889,-0.5999999999999943,-0.21499457341584646,77.17391304347827,4.187574086430414,89.09730363423212,43.259085580304806,3.8686987104337636,49.35521688159437,64.08450704225352,49.93296236976372,21.101992966002346,54.07385697538101
5340,建榮,印刷電路板,82.0,-1.3237063778579916,306872596.31,True,9.925293489861259,79.24342105263158,47.77,2026-08-01,False,95.34883720930233,4.325699745547081,-0.007438749516937302,61.19402985074627,7.437722511910231,95.42790152403282,63.4232121922626,50.058616647127785,14.712778429073857,73.47417840375586,59.41933743925059,69.4021101992966,54.02989449003517
6840,東研信超,檢測驗證,106.5,-1.388888888888884,59648664.220000006,True,54.06427221172023,42.69736842105264,10.8,2026-08-01,False,83.33333333333334,28.004807692307686,0.038505322887264486,98.61111111111111,-4.45678713563515,84.34935521688159,92.73153575615474,71.98124267291911,94.25556858147715,32.3943661971831,75.14241368492314,30.128956623681123,54.00058616647128
6937,天虹,電子設備,300.5,-0.9884678747940745,149015909.6,True,83.03571428571429,19.539473684210527,123.29,2026-08-01,False,38.961038961038966,15.576923076923077,0.07443941681483718,85.49075391180654,40.26578519886061,39.507620164126614,84.75967174677609,84.05627198124267,69.16764361078546,94.83568075117371,74.4653776508209,92.02813599062134,53.98593200468933
3324,雙鴻,電子零組件,1520.0,2.7027027027026973,5535820144.75,True,77.32123799359658,24.04605263157895,67.18,2026-08-01,False,36.18421052631579,56.86274509803921,0.09153864388556958,100.0,-14.822379542715325,36.34232121922626,98.59320046893318,87.80773739742087,98.00703399765534,15.140845070422534,67.17822763073164,80.18757327080891,53.98593200468933
2852,第一保,產險,28.25,-0.17667844522968323,14496649.482499998,True,31.910352187833514,60.19736842105263,2.36,2026-08-01,False,40.0,-3.2534246575342443,-0.015105887432407606,94.00998336106488,-1.5495874076292817,40.62133645955451,29.66002344665885,45.36928487690504,86.28370457209847,42.48826291079813,48.884522453203,18.69871043376319,53.98593200468933
2302,麗正,電子零組件,44.15,-0.5630630630630629,143419935.85,True,76.76179382644148,24.671052631578945,87.72,2026-08-01,False,36.84210526315789,4.004711425206114,0.05260999204142168,79.69314079422382,16.18918352826077,37.22157092614303,62.25087924970691,77.13950762016412,54.513481828839396,85.2112676056338,63.267341446097454,86.28370457209847,53.941969519343495
2897,王道銀行,本國銀行,11.25,1.3513513513513598,72053542.86500001,True,51.76093916755603,44.53947368421053,7.89,2026-08-01,False,66.66666666666666,9.75609756097561,0.2940566431515985,100.0,-5.22339981567425,67.76084407971864,77.72567409144196,98.82766705744432,98.00703399765534,29.225352112676056,74.30931426778726,26.963657678780773,53.7514654161782
1102,亞泥,水泥製造,35.25,0.2844950213371389,260818463.6325,True,14.834578441835648,75.29605263157895,-1.3,2026-08-01,False,71.42857142857143,0.8583690987124382,0.18160582817206614,90.38461538461539,2.3735108970591847,72.56740914419694,51.1137162954279,96.95193434935521,79.01524032825323,58.920187793427225,71.7136975821321,14.536928487690503,53.75146541617819
5522,遠雄,建設,61.5,-1.12540192926045,31663628.135,True,2.2411953041622197,87.86184210526315,-46.74,2026-08-01,False,92.98245614035088,-4.205607476635518,-0.2884986237044646,74.81751824817518,-932.0740362417121,92.96600234466588,24.6189917936694,1.0550996483001172,44.54865181711606,0.2347417840375587,32.684697477557805,1.1723329425556859,53.51699882766705
4129,聯合,醫療耗材,82.5,-0.6024096385542133,30570403.035000004,True,0.5869797225186766,96.01973684210526,7.5,2026-08-01,False,86.11111111111111,-6.35641316685584,-0.14830346735178926,62.97709923664122,-3.0647989888256166,86.98710433763188,16.529894490035172,8.558030480656505,17.23329425556858,36.502347417840376,33.16213419634651,26.025791324736225,53.42907385697538
7722,LINEPAY,數位雲端,262.0,-0.19047619047618536,14705678.625,True,0.22988505747126436,98.28947368421052,8.66,2026-08-01,False,96.15384615384616,-8.070175438596491,-0.034313593383360826,43.163097199341024,-3.339986372057407,95.95545134818289,11.840562719812427,36.45955451348183,1.406799531066823,35.44600938967136,36.22167550044306,27.90152403282532,53.35580304806565
6741,91APP*-KY,數位雲端,57.5,-2.2108843537414935,12563360.305,True,0.30840400925212025,97.5657894736842,30.42,2026-08-01,False,92.3076923076923,5.5045871559633035,-0.037563916189107725,70.0365408038977,-2.6716797776069043,92.43845252051582,65.76787807737398,34.7010550996483,33.29425556858148,38.497652582159624,52.939858769655835,53.341148886283705,53.326494724501764
4119,旭富,藥,57.3,-1.5463917525773252,12612594.6,True,93.74275782155273,9.342105263157894,187.52,2026-08-01,False,8.51063829787234,9.560229445506693,0.012870042439874966,95.1827242524917,68.57808876723043,7.327080890973036,77.37397420867526,61.1957796014068,87.92497069167644,97.06572769953051,66.17750661845241,94.84173505275498,53.1799531066823
5864,致和證,證券,36.65,4.267425320056906,98129994.2475,True,1.7940199335548173,89.14473684210526,112.92,2026-08-01,False,62.5,6.851311953352774,0.042206348399444024,68.37686567164178,270.44822109770337,63.13012895662368,70.57444314185229,73.62250879249707,29.073856975381005,99.06103286384976,67.09239414604076,90.85580304806565,53.12133645955451
6894,衛司特,資源回收,370.5,2.4896265560165887,21513883.2,True,57.268722466960355,40.46052631578947,67.83,2026-08-01,False,34.78260869565217,13.650306748466257,0.12401022955409975,90.58679706601467,7.078497981203419,35.05275498241501,83.00117233294256,92.73153575615474,79.95310668229777,72.76995305164318,72.70170456109066,80.42203985932005,53.10668229777257
1513,中興電,電機製品,166.5,-0.29940119760478723,339745339.4,True,46.211312700106724,49.34210526315789,8.93,2026-08-01,False,54.54545454545454,0.30120481927710846,0.19585130076715543,89.03743315508021,1.9056323049205597,55.56858147713951,48.06565064478312,97.65533411488863,76.55334114888629,57.159624413145536,67.00050635976862,28.25322391559203,53.077373974208676
6189,豐藝,電子通路,48.25,0.20768431983384517,15956361.080000002,True,44.983991462113124,50.39473684210526,11.83,2026-08-01,False,59.61538461538461,0.31185031185030887,0.11945996180913661,85.24734982332156,4.433218837390284,60.375146541617816,48.18288393903868,92.02813599062134,68.69871043376318,65.02347417840375,66.86167021668896,31.41852286049238,53.077373974208676
6104,創惟,半導體,91.3,0.9955752212389202,52662488.795,True,44.38040345821326,50.85526315789474,3.37,2026-08-01,False,69.6969696969697,-4.197271773347325,0.1208111602416346,75.45454545454545,-1.1350155840300795,70.57444314185229,24.73622508792497,92.26260257913246,46.189917936694016,43.779342723004696,55.50850629372169,20.164126611957798,53.04806565064478
6498,久禾光,消費性電子,68.3,2.0926756352765086,13683314.804999998,True,1.82370820668693,89.01315789473684,-19.26,2026-08-01,False,100.0,-10.484927916120578,-0.0021347574508289824,60.7111111111111,-14.091579652976513,99.06213364595546,6.3305978898007025,52.637749120750286,13.833528722157093,16.19718309859155,37.61223849545102,5.509964830011723,53.01875732708089
3693,營邦,電子零組件,702.0,-0.28409090909090606,1260062432.75,True,90.5397210430564,12.302631578947368,171.01,2026-08-01,False,23.026315789473685,36.310679611650485,0.0993811365171686,96.42857142857143,39.37037191490688,23.094958968347008,96.13130128956624,88.98007033997656,90.50410316529894,94.48356807511738,78.63880036766122,94.13833528722158,52.90152403282532
5274,信驊,半導體,19820.0,2.7475375842405336,5873112729.5,True,95.09071504802561,7.6644736842105265,118.42,2026-08-01,False,15.909090909090908,29.120521172638437,0.06614076192565897,100.0,23.925709951613655,15.357561547479484,93.31770222743259,81.3599062133646,98.00703399765534,89.08450704225352,75.42534220563711,91.32473622508792,52.842907385697536
3653,健策,電子零組件,5790.0,4.796380090497743,6764799182.75,True,99.1462113127001,2.3355263157894735,90.9,2026-08-01,False,4.605263157894736,7.32159406858202,0.060669112133879995,98.3857264231096,11.066785178564217,3.399765533411489,72.45017584994137,79.71864009378663,93.31770222743259,80.16431924882629,65.81012059067967,86.63540445486518,52.725674091441974
6133,金橋,電子零組件,28.0,2.0036429872495543,81519836.72999999,True,14.836992681304059,75.19736842105263,2.15,2026-08-01,False,93.42105263157895,26.12612612612613,0.06766473490219925,96.71848013816926,-6.219236763840513,93.31770222743259,92.02813599062134,81.82883939038686,91.09026963657679,27.347417840375588,77.12247301707865,18.2883939038687,52.66705744431419
4904,遠傳,通信網路,106.0,-0.9345794392523366,530318053.175,True,62.00640341515475,36.578947368421055,15.65,2026-08-01,False,46.15384615384615,3.414634146341464,0.1464344709168965,94.22222222222221,0.177607928313126,47.47948417350528,59.55451348182884,94.72450175849941,86.51817116060961,49.647887323943664,67.58491157967737,35.873388042203985,52.57913247362251
6739,竹陞科技,電子設備,1100.0,-4.347826086956519,415776788.5,True,26.305220883534137,64.34210526315789,96.73,2026-08-01,False,84.4155844155844,13.753877973112719,-0.011096009631647837,64.32748538011695,-2.386146435452787,85.34583821805393,83.11840562719811,48.06565064478312,20.281359906213364,39.671361502347416,55.29652317971919,87.80773739742087,52.57913247362251
6486,互動,通信網路,81.5,0.9913258983890838,21022673.634999998,True,95.83778014941302,6.447368421052632,825.81,2026-08-01,False,11.538461538461538,10.433604336043365,0.03601886596562004,90.15486725663716,510.5543463003061,10.609613130128958,78.89800703399766,71.04337631887456,78.78077373974209,99.53051643192488,67.77245733093363,99.17936694021103,52.41793669402111
6672,騰輝電子-KY,印刷電路板,310.0,2.6490066225165476,1449197248.525,True,98.95027624309392,2.5657894736842106,133.24,2026-08-01,False,9.30232558139535,15.887850467289718,0.032097754487443106,98.4126984126984,35.8450171135306,8.440797186400937,84.99413833528722,69.05041031652989,93.43493552168816,93.54460093896714,69.89297645977467,92.73153575615474,52.40328253223916
3034,聯詠,半導體,548.0,-1.7921146953404965,1819854849.95,True,85.48559231590181,17.039473684210527,26.33,2026-08-01,False,29.545454545454547,3.3962264150943398,0.27321740025784574,96.64902998236332,2.301469645199706,28.956623681125436,59.43728018757327,98.71043376318875,90.85580304806565,58.56807511737089,67.3056431594648,49.12075029308324,52.373974208675264
5386,青雲,電子通路,287.5,-2.2108843537414935,510678478.525,True,1.0672358591248665,92.30263157894737,1846.21,2026-08-01,False,96.15384615384616,21.822033898305087,-0.0031192019175754217,48.4822934232715,844.6256106108158,95.95545134818289,90.38686987104337,52.05158264947245,3.2825322391559206,99.88262910798123,68.31181304316718,99.64830011723329,52.12485345838218
2612,中航,海運,63.3,0.79617834394905,85770771.995,True,47.67504008551577,47.96052631578947,27.16,2026-08-01,False,54.54545454545454,5.149501661129558,0.13194144187539614,84.85254691689008,8.10818843593157,55.56858147713951,65.2989449003517,93.90386869871044,67.99531066822978,75.5868544600939,71.67071204090506,49.941383352872215,52.05158264947245
6425,易發,電子設備,75.0,9.97067448680351,49086365.0,True,46.45941278065631,49.078947368421055,93.96,2026-08-01,False,72.72727272727273,30.208333333333332,-0.05373130349498681,73.17073170731707,-21.63277701569882,74.15005861664713,93.90386869871044,29.073856975381005,40.56271981242673,10.328638497652582,49.603828520163574,87.33880422039859,52.0369284876905
6526,達發,半導體,724.0,4.775687409551366,505618571.35,True,50.42253521126761,45.6578947368421,26.11,2026-08-01,False,60.60606060606061,26.573426573426573,0.14512611786962554,96.14873837981408,6.794157163974102,61.78194607268465,92.37983587338803,94.60726846424384,89.68347010550997,71.94835680751174,82.08017546466763,49.00351699882767,52.02227432590856
2850,新產,產險,160.5,0.9433962264151052,32058366.525,True,88.58057630736393,14.473684210526317,4.71,2026-08-01,False,20.0,-4.747774480712167,-0.19260068234293595,95.25222551928783,1.3515553588537363,19.812426729191092,21.922626025791324,5.041031652989449,88.15943728018757,55.516431924882625,38.09039072260841,21.922626025791324,51.99296600234467
3596,智易,通信網路,155.0,-0.3215434083601254,154021502.675,True,14.087513340448238,75.85526315789474,1.93,2026-08-01,False,86.53846153846155,-3.7267080745341614,-0.35477237440646986,68.58407079646017,-2.6123800183418444,87.16295427901524,27.315357561547483,0.23446658851113714,29.89449003516999,38.84976525821596,36.691406744491964,18.053927315357562,51.94900351699883
6016,康和證,證券,23.65,2.826086956521734,115134949.92750001,True,0.9834050399508296,92.76315789473685,215.39,2026-08-01,False,75.0,20.663265306122433,0.014135525546827156,65.69444444444444,308.7215317804633,75.90855803048065,89.21453692848769,61.89917936694022,23.91559202813599,99.29577464788733,70.04672820038638,95.66236811254396,51.56799531066823
2915,潤泰全,百貨批發,59.3,0.5084745762711895,116751323.34,True,38.58057630736393,55.23026315789473,-15.65,2026-08-01,False,40.0,-2.9459901800327404,0.010472636326006056,95.9546925566343,-8.53843132215297,40.62133645955451,30.363423212192263,59.78898007033998,89.09730363423212,22.300469483568076,48.43430257197739,6.682297772567409,51.509378663540446
2395,研華,電腦及週邊,706.0,2.3188405797101463,2014468223.55,True,99.6264674493063,1.348684210526316,87.52,2026-08-01,False,1.694915254237288,8.782742681047766,0.08547435196333959,99.29676511954993,4.690618343699413,0.5861664712778429,76.08440797186401,86.40093786635404,94.95896834701055,65.96244131455398,64.7985843942121,86.10785463071512,51.39214536928488
2354,鴻準,電子零組件,64.9,-1.21765601217656,850402581.075,True,89.06083244397011,13.94736842105263,58.42,2026-08-01,False,26.31578947368421,7.807308970099672,0.10169019338765917,88.66120218579235,22.907911006542697,26.436107854630713,73.38804220398593,89.21453692848769,76.08440797186401,88.73239436619718,70.77109786503311,76.31887456037515,51.36283704572098
2427,三商電,資訊服務,23.8,0.0,24616643.4625,True,41.56883671291355,53.48684210526316,74.78,2026-08-01,False,34.04255319148936,6.726457399103139,0.008294443341952751,81.5068493150685,43.25364135450921,34.525205158264946,70.22274325908559,57.91324736225087,58.26494724501758,95.18779342723005,63.222787290369794,82.53223915592028,51.274912075029306
5530,龍巖,靈骨塔,49.05,0.30674846625766694,10954799.035,True,63.073639274279614,35.78947368421053,12.13,2026-08-01,False,35.880398671096344,-2.871287128712877,0.1361795136379188,84.56896551724138,9.902840724252638,35.990621336459554,30.83235638921454,94.13833528722158,67.40914419695193,78.16901408450704,61.30789425887093,32.00468933177022,51.143024618991795
6690,安碁資訊,數位雲端,180.5,-3.217158176943702,51864186.0,True,6.559332140727489,82.17105263157895,8.21,2026-08-01,False,65.38461538461539,10.060975609756099,0.01720486318921441,96.01063829787235,0.09304209926705376,66.00234466588512,78.31184056271981,63.65767878077374,89.33177022274326,49.178403755868544,69.29640759759809,27.315357561547483,51.08440797186401
6120,達運,光電及I/O,12.65,2.429149797570851,17975581.4325,True,2.2271714922048997,87.96052631578948,-3.09,2026-08-01,False,89.33333333333333,0.7968127490039812,-0.05289822116020322,78.57142857142857,-11.508506231137957,89.33177022274326,50.76201641266119,29.425556858147715,52.637749120750286,18.661971830985916,48.16381288905768,13.012895662368113,51.055099648300114
2421,建準,電子零組件,166.5,-0.29940119760478723,764021716.9,True,53.89541088580576,42.76315789473684,26.03,2026-08-01,False,66.44736842105263,16.842105263157894,0.0692879954958089,87.86279683377309,0.5860252109888116,66.8229777256741,85.8147713950762,82.64947245017585,74.20867526377492,51.291079812206576,72.15739532938153,48.8862837045721,51.025791324736225
8081,致新,半導體,250.5,-0.988142292490124,77642613.425,True,47.118463180362866,48.256578947368425,10.57,2026-08-01,False,65.15151515151516,-2.529182879377432,0.08138467046617219,73.35285505124452,1.3121097901125403,65.65064478311841,32.590855803048065,85.93200468933178,40.79718640093787,55.28169014084507,56.05047636345624,29.718640093786636,50.89390386869871
2801,彰銀,本國銀行,28.45,-1.7271157167530249,847602175.1324999,True,53.14834578441836,43.42105263157895,21.13,2026-08-01,False,55.55555555555556,18.049792531120325,0.010032939655113766,96.11486486486486,8.54502764590155,56.44783118405628,86.86987104337632,59.43728018757327,89.5662368112544,76.76056338028168,73.81635652130839,43.024618991793666,50.542203985932005
1215,卜蜂,油脂飼料,107.5,-1.82648401826484,70198408.95,True,18.08964781216649,72.69736842105263,1.31,2026-08-01,False,85.71428571428571,-4.017857142857143,-0.09550166099108759,65.74923547400611,-4.706670032660682,86.51817116060961,25.791324736225086,17.46776084407972,24.150058616647126,31.103286384976524,37.006120348507615,17.174677608440795,50.512895662368116
8255,朋程,電子零組件,137.5,1.1029411764705843,40337521.45,True,28.335112059765212,63.1578947368421,4.61,2026-08-01,False,84.21052631578947,-4.181184668989547,0.0006567614582935243,64.1025641025641,0.7418891676556898,85.052754982415,24.85345838218054,54.513481828839396,19.695193434935522,52.230046948356815,47.26898711534545,21.512309495896833,50.351699882766695
6870,騰雲,數位雲端,312.0,0.0,42401186.625,True,30.87431693989071,61.38157894736842,34.14,2026-08-01,False,42.30769230769231,17.958412098298677,0.02872666492824746,94.54545454545455,-7.362285291832698,43.024618991793666,86.63540445486518,67.99531066822978,87.22157092614302,25.352112676056336,62.045803543417584,57.0926143024619,50.17584994138335
4974,亞泰,光電及I/O,71.4,-0.557103064066844,12141830.21,True,90.07470651013874,12.894736842105264,39.55,2026-08-01,False,20.0,2.5862068965517406,0.1564027762383056,87.93103448275863,20.443082583739137,19.812426729191092,56.97538100820633,95.8968347010551,74.56037514654162,87.32394366197182,66.9137922493932,62.60257913247362,50.0
8086,宏捷科,半導體,109.5,-1.3513513513513487,393176674.675,True,1.7261904761904763,89.34210526315789,12.56,2026-08-01,False,94.6969696969697,-0.904977375565611,-0.13378562212462894,61.1731843575419,-3.1064212143924514,94.60726846424384,41.61781946072685,10.433763188745605,14.536928487690503,36.267605633802816,39.49267704704192,32.35638921453693,49.97069167643611
4536,拓凱,其他,166.0,0.0,22578250.875,True,48.932764140875136,46.809210526315795,7.74,2026-08-01,False,33.33333333333333,-3.488372093023256,0.0924175850340759,85.12820512820512,-4.98200089831928,33.35287221570926,28.487690504103163,88.15943728018757,68.46424384525204,30.164319248826292,49.72571261881567,26.377491207502928,49.92672919109027
1319,東陽,汽車組件,80.3,-0.248447204968949,117754329.68499999,True,19.583778014941302,70.98684210526316,7.4,2026-08-01,False,70.27027027027027,-3.0193236714975846,0.0973834913132536,69.82608695652173,-3.63282549361033,71.2778429073857,30.011723329425553,88.862837045721,32.35638921453693,34.50704225352113,51.40316695011806,25.791324736225086,49.85345838218055
8147,正淩,電子零組件,135.5,1.1194029850746245,26222042.2,True,64.87285629804849,34.14473684210526,95.98,2026-08-01,False,55.26315789473685,11.065573770491802,-0.07917719906925864,71.12860892388451,42.48073241847052,55.92028135990621,79.71864009378663,21.45369284876905,35.52168815943728,95.07042253521126,57.536944999422076,87.6905041031653,49.85345838218054
2471,資通,資訊服務,53.2,0.18832391713747842,16674777.815000001,True,19.370330843116328,71.44736842105263,7.16,2026-08-01,False,57.446808510638306,8.793456032719845,0.058769019660320526,97.08029197080293,2.428733523920358,58.26494724501758,76.20164126611958,78.89800703399766,91.7936694021102,59.037558685446015,72.8391647265382,25.498241500586165,49.838804220398586
1727,中華化,其他化學,103.0,-2.8301886792452824,551947894.63,True,81.74019607843137,20.592105263157894,62.67,2026-08-01,False,12.5,14.190687361419066,0.05222551913538729,97.16981132075472,24.54841420886872,11.781946072684644,83.70457209847598,77.02227432590855,91.91090269636577,89.90610328638498,70.86515969596398,79.1324736225088,49.78018757327081
2070,精湛,儀器設備,61.2,-0.649350649350644,11436705.89,True,77.11918419375398,24.407894736842106,15.82,2026-08-01,False,24.385382059800666,-11.046511627906968,0.09161457650250393,74.27184466019418,-25.767504576633797,24.501758499413835,5.509964830011723,87.92497069167644,42.555685814771394,9.15492957746479,33.92946188266764,35.990621336459554,49.38452520515827
2597,潤弘,營造,171.0,-0.8695652173912993,36136565.425,True,72.94557097118464,27.56578947368421,40.91,2026-08-01,False,20.0,0.8849557522123894,0.3939665677466987,83.82352941176471,25.247698570457032,19.812426729191092,51.23094958968347,100.0,65.18171160609613,90.3755868544601,65.32013495588616,63.65767878077374,49.35521688159437
2491,吉祥全,家電製品,40.05,-3.0266343825665842,116523463.21499999,True,0.9278350515463918,93.55263157894737,10.9,2026-08-01,False,88.88888888888889,2.692307692307685,0.061116742923596624,71.01063829787235,2.540079609151782,89.09730363423212,57.444314185228606,79.95310668229777,35.16998827667057,59.74178403755869,64.28129936319756,30.5978898007034,49.35521688159437
2360,致茂,電子設備,2375.0,3.7117903930131035,4720931939.75,True,95.99786552828175,6.0855263157894735,156.3,2026-08-01,False,7.792207792207792,13.095238095238097,0.03747655660125966,90.47619047619048,21.440569939482003,6.447831184056271,82.29777256740914,71.51230949589683,79.24970691676437,87.55868544600939,65.4132611220272,93.78663540445487,49.296600234466595
2886,兆豐金,金融控股,51.1,0.0,1381015030.3825002,True,82.55069370330843,19.80263157894737,15.55,2026-08-01,False,46.15384615384615,8.839190628328005,0.3645304707470602,96.23352165725048,8.486564199146123,47.47948417350528,76.31887456037515,99.53106682297772,90.15240328253223,76.40845070422534,77.97805590872315,35.69753810082063,49.25263774912075
1303,南亞,石化,239.5,0.6302521008403339,19301541528.125,True,66.55132641291812,32.631578947368425,46.75,2026-08-01,False,26.31578947368421,24.739583333333336,-0.0012870106147107015,98.15573770491804,5.726194673656536,26.436107854630713,91.7936694021102,52.989449003516995,93.08323563892145,69.24882629107981,66.71025763805183,68.93317702227432,49.16471277842907
3016,嘉晶,半導體,120.5,3.433476394849788,1154840496.895,True,55.36312849162012,41.64473684210526,57.79,2026-08-01,False,56.81818181818182,22.45934959349593,-0.008003362045326862,79.01639344262294,7.659336323912385,57.678780773739746,90.62133645955451,49.70691676436108,53.341148886283705,73.70892018779342,65.01142061434649,76.08440797186401,49.12075029308323
6026,福邦證,證券,15.8,1.9354838709677358,16866095.1025,True,19.553728714034058,71.05263157894737,231.78,2026-08-01,False,12.5,6.756756756756756,0.33658637621760146,81.86528497409327,-313.5539322500939,11.781946072684644,70.45720984759672,99.17936694021103,58.96834701055099,0.7042253521126761,48.218219044631205,96.13130128956624,49.10609613130129
4123,晟德,藥,30.75,-0.4854368932038833,49365783.475,True,80.85688240656336,21.31578947368421,61.53,2026-08-01,False,17.02127659574468,-6.67678300455236,-0.2400926564085139,62.31003039513677,34.949025671618344,16.94021101992966,15.357561547479484,2.813599062133646,16.529894490035172,93.42723004694837,29.013699233305267,78.31184056271981,49.106096131301285
1326,台化,石化,67.8,-0.4405286343612258,2503468162.315,True,63.37579617834395,35.46052631578947,31.7,2026-08-01,False,42.10526315789473,12.811980033277862,0.07986309597610626,91.25168236877523,5.877819352444064,42.672919109026964,81.94607268464243,85.4630715123095,81.12543962485346,69.60093896713614,72.1616883795937,54.279015240328256,49.03282532239156
3217,優群,電子零組件,131.0,0.3831417624521105,46384320.375,True,6.563500533617929,82.10526315789474,-19.77,2026-08-01,False,96.05263157894737,-4.37956204379562,-0.19043387387893154,63.28502415458937,-12.606722468406367,95.77960140679953,23.446658851113718,5.275498241500586,18.405627198124268,17.136150234741784,32.00870718645598,5.275498241500586,49.00351699882766
2890,永豐金,金融控股,45.7,0.9944751381215422,1148283508.7199998,True,95.78441835645678,6.546052631578947,49.48,2026-08-01,False,15.384615384615385,15.404040404040407,0.08871631847802751,99.45593035908597,-1.0925733780303233,14.712778429073857,84.64243845252052,87.45603751465416,95.54513481828839,43.89671361502347,65.25062056591209,70.33997655334115,48.988862837045716
6715,嘉基,電子零組件,451.5,4.272517321016167,754130191.55,True,99.87849331713244,0.7894736842105263,113.02,2026-08-01,False,1.9736842105263157,0.78125,-0.028101286556610004,79.34973637961336,70.63016516923862,1.2895662368112544,50.64478311840562,38.804220398593195,54.04454865181712,97.30046948356808,48.41671757783905,90.97303634232122,48.91559202813599
8936,國統,金屬製品,52.4,0.5758157389635254,42033838.80500001,True,12.379935965848453,77.5,12.34,2026-08-01,False,71.42857142857143,2.544031311154593,0.15106439273824543,75.6132756132756,-0.7912695288676144,72.56740914419694,56.7409144196952,95.31066822977726,46.776084407971865,45.89201877934273,63.45741899619679,32.12192262602579,48.68112543962485
2006,東和鋼鐵,基本金屬,85.5,-2.397260273972601,140652005.85500002,True,49.86652429257875,45.921052631578945,15.12,2026-08-01,False,33.33333333333333,4.779411764705889,0.11314555416335582,96.61016949152543,2.4462030417427663,33.35287221570926,64.36107854630716,90.97303634232122,90.73856975381008,59.154929577464785,67.7160972871225,34.93552168815944,48.6664712778429
2355,敬鵬,印刷電路板,41.3,0.7317073170731714,70006290.07750002,True,37.29281767955801,56.315789473684205,13.43,2026-08-01,False,86.04651162790698,-0.9592326139088866,0.05440168130870721,61.64179104477612,2.1709512021638133,86.86987104337632,41.26611957796014,77.72567409144196,15.59202813599062,57.981220657277,55.88698270120922,33.29425556858148,48.62250879249707
6179,亞通,工程承攬,37.35,-1.451187335092341,418840412.09000003,True,74.70049330514446,26.25,223.28,2026-08-01,False,16.666666666666664,37.31617647058824,0.018691780089129046,90.10856453558503,-27.032288143800713,16.23681125439625,96.48300117233293,64.24384525205159,78.66354044548652,8.333333333333332,52.79210629152012,96.01406799531067,48.607854630715124
2413,環科,電子零組件,54.0,1.6949152542372836,314246661.51750004,True,8.055555555555555,80.65789473684211,2.2,2026-08-01,False,94.73684210526315,23.28767123287672,-0.016504781984620503,86.4,-16.314450263129295,94.95896834701055,91.03165298944901,44.66588511137163,71.92262602579133,13.849765258215962,63.2857795463677,18.405627198124268,48.56389214536928
3443,創意,半導體,7615.0,6.503496503496509,12247259597.25,True,99.94663820704376,0.2302631578947368,111.02,2026-08-01,False,1.893939393939394,35.982142857142854,0.021966601389976262,100.0,-13.353786489861221,0.8792497069167644,96.01406799531067,65.65064478311841,98.00703399765534,16.666666666666664,55.44353262993358,90.38686987104337,48.31477139507621
5299,杰力,半導體,96.2,-0.5170630816959676,19134122.625,True,18.943436499466383,71.71052631578947,-3.24,2026-08-01,False,84.84848484848484,-2.335025380710657,0.0948825714001353,67.98586572438163,1.3911480717151647,85.8147713950762,33.528722157092616,88.39390386869871,28.25322391559203,55.86854460093896,58.37183318747971,12.661195779601405,48.30011723329426
3029,零壹,資訊服務,121.0,-3.200000000000003,414625660.675,True,76.78762006403416,24.605263157894736,44.44,2026-08-01,False,12.76595744680851,9.00900900900901,-0.012014761564297722,96.8,5.374061428475805,12.075029308323563,76.67057444314185,47.59671746776085,91.20750293083235,68.54460093896714,59.21888501780516,66.58851113716295,48.30011723329426
8996,高力,其他電製品,1505.0,5.24475524475525,5252532159.75,True,95.5709711846318,6.973684210526315,112.84,2026-08-01,False,12.5,38.07339449541284,-0.07411212989122112,94.65408805031447,43.495360752998636,11.781946072684644,96.71746776084407,22.97772567409144,87.33880422039859,95.4225352112676,62.84769578785726,90.73856975381008,48.28546307151231
6175,立敦,電子零組件,71.4,2.4390243902439046,56938511.55,True,90.34151547491996,12.56578947368421,68.94,2026-08-01,False,24.342105263157894,-3.6437246963562604,0.04542208086298022,61.28755364806867,17.759785661996794,24.384525205158265,27.90152403282532,74.79484173505276,15.240328253223915,85.7981220657277,45.62386825839759,80.65650644783119,48.094958968347015
5475,德宏,印刷電路板,179.0,0.0,1096379726.425,True,84.60038986354775,17.960526315789473,271.88,2026-08-01,False,48.837209302325576,2.5787965616045847,-0.04583294628146582,44.75,39.882941633994164,50.175849941383355,56.85814771395076,31.770222743259087,1.7584994138335288,94.60093896713614,47.03273175591257,96.95193434935521,48.007033997655334
3094,聯傑,半導體,56.8,9.864603481624744,343967194.01,True,75.45357524012807,25.657894736842106,30.21,2026-08-01,False,38.63636363636363,58.88111888111888,0.05984885688615071,100.0,-15.267062406712661,39.273153575615474,98.71043376318875,79.36694021101994,98.00703399765534,14.671361502347418,66.00578460996539,52.989449003516995,47.88980070339977
2883,凱基金,金融控股,40.45,2.926208651399498,1754820333.5850003,True,66.06189967982924,33.1578947368421,-51.73,2026-08-01,False,84.61538461538461,28.209191759112528,0.15043823425645875,100.0,-124.62,85.52168815943728,92.96600234466588,95.1934349355217,98.00703399765534,1.8779342723004695,74.71321874191614,0.8206330597889802,47.84583821805393
6491,晶碩,醫療耗材,407.0,2.777777777777768,132722054.95,True,35.9338061465721,57.30263157894737,18.88,2026-08-01,False,30.555555555555557,9.408602150537634,0.10830868451713199,100.0,-4.532523232612743,30.011723329425553,77.13950762016412,90.38686987104337,98.00703399765534,31.92488262910798,65.49400348947927,39.507620164126614,47.59671746776085
8021,尖點,印刷電路板,466.0,1.304347826086949,3132954804.675,True,92.24615384615385,10.921052631578949,97.75,2026-08-01,False,32.55813953488372,17.38035264483627,-0.005361628521138556,80.20654044750431,0.9439021141647004,32.23915592028136,86.04923798358733,50.64478311840562,55.92028135990621,53.16901408450704,55.604494493337505,88.042203985932,47.53810082063306
4939,亞電,印刷電路板,78.8,0.638569604086836,1269162643.2149997,True,88.0891719745223,15.0,45.41,2026-08-01,False,41.86046511627907,18.496240601503754,0.012848965019025183,84.1880341880342,3.296336664525377,42.43845252051583,87.45603751465416,60.96131301289566,66.47127784290738,62.558685446009385,63.97715326739649,67.64361078546307,47.274325908558026
1529,樂事綠能,電機製品,16.35,7.21311475409836,11766468.327499999,True,23.622476813966177,66.97368421052632,8.01,2026-08-01,False,72.72727272727273,-4.941860465116267,0.08838392767198884,56.08919382504289,23.369939410407042,74.15005861664713,21.219226260257916,87.33880422039859,8.32356389214537,88.96713615023474,55.99975782793674,27.080890973036343,47.08382180539273
5222,全訊,通信網路,106.5,2.898550724637672,17933623.5,True,90.93959731543623,12.039473684210526,59.94,2026-08-01,False,26.923076923076923,-0.46728971962616817,-0.06232136624822499,67.61904761904762,47.64793066825973,27.02227432590856,44.31418522860493,26.143024618991795,27.784290738569755,96.12676056338029,44.278107095091066,77.37397420867526,46.96658851113716
6015,宏遠證,證券,17.85,1.4204545454545414,53417713.160000004,True,6.9694596711041505,81.44736842105263,140.5,2026-08-01,False,25.0,12.264150943396233,0.04113637319038285,77.94759825327512,86.47723962241287,25.205158264947247,81.24267291910903,73.03634232121922,50.64478311840562,98.00469483568075,65.62673029187238,93.08323563892145,46.922626025791324
3017,奇鋐,電子零組件,3415.0,-0.4373177842565634,10908175933.75,True,94.61045891141943,8.19078947368421,54.34,2026-08-01,False,13.157894736842104,19.19720767888307,0.04418283515546837,95.65826330532214,-4.9403794444395075,12.543962485345839,88.15943728018757,74.32590855803049,88.74560375146542,30.399061032863848,58.83479462157864,74.20867526377492,46.83470105509965
3013,晟銘電,電子零組件,83.1,0.36231884057971175,97359276.29499999,True,22.03065134099617,68.02631578947368,16.38,2026-08-01,False,86.8421052631579,0.2412545235223023,-0.07314757982881183,59.357142857142854,-8.627631285882991,87.33880422039859,47.83118405627198,23.563892145369287,11.48886283704572,22.183098591549296,38.48116837012698,36.28370457209847,46.8200468933177
2527,宏璟,建設,46.9,2.401746724890841,26412041.955000002,True,44.30785676109033,50.921052631578945,4.18,2026-08-01,False,45.614035087719294,5.63063063063063,-0.052858332775639054,92.87128712871286,-129.08268137835782,47.010550996483005,66.00234466588512,29.54279015240328,85.22860492379836,1.7605633802816902,45.9089708237703,20.984759671746776,46.805392731535754
2351,順德,半導體,236.5,-2.0703933747411973,1747836518.725,True,93.64994663820706,9.44078947368421,61.22,2026-08-01,False,18.939393939393938,29.23497267759563,0.0585231664759955,92.02334630350194,5.571813441380179,18.99179366940211,93.43493552168816,78.78077373974209,83.35287221570925,68.89671361502347,68.69141775231301,78.07737397420867,46.74677608440797
6472,保瑞,藥,420.5,-5.39932508436446,425024508.125,True,91.51547491995731,11.776315789473685,59.22,2026-08-01,False,10.638297872340425,-7.582417582417582,-0.07082695323661199,60.50359712230215,24.48348420360181,9.730363423212191,13.364595545134819,24.03282532239156,13.599062133645957,89.7887323943662,30.103115763750147,76.78780773739742,46.68815943728019
6719,力智,半導體,183.0,-0.8130081300813052,95084883.375,True,13.039647577092511,77.10526315789473,-15.97,2026-08-01,False,87.87878787878788,-5.426356589147287,0.035418830700754356,58.56,-4.304364377054393,87.92497069167644,20.046893317702228,70.69167643610785,10.785463071512309,32.98122065727699,44.486044834855164,6.447831184056271,46.2778429073857
6799,來頡,半導體,83.8,-0.3567181926278251,12675190.845,True,12.91234684260132,77.17105263157895,1.85,2026-08-01,False,88.63636363636364,5.941845764854619,-0.01764715259489756,75.15695067264573,-6.229802882623581,88.74560375146542,67.05744431418523,43.61078546307151,45.25205158264947,27.230046948356808,54.379186411945696,17.819460726846426,46.18991793669402
2221,大甲,基本金屬,140.0,9.80392156862746,542200820.1450001,True,99.94663820704376,0.2302631578947368,81.32,2026-08-01,False,2.380952380952381,143.05555555555557,0.00023634707912545503,100.0,29.82002408492165,1.6412661195779603,100.0,54.161781946072686,98.00703399765534,91.78403755868545,69.11882392439828,84.64243845252052,46.07268464243846
2034,允強,基本金屬,21.45,0.0,24515856.029999997,True,82.12927756653993,20.13157894736842,26.75,2026-08-01,False,11.904761904761903,4.88997555012225,0.2998078961030637,95.1219512195122,-3.4002741234588,11.254396248534585,64.5955451348183,98.94490035169989,87.74912075029309,35.093896713615024,59.52757183979219,49.70691676436108,46.028722157092616
6263,普萊德,通信網路,158.5,0.6349206349206327,22921676.7,True,80.25613660618997,21.842105263157897,-8.43,2026-08-01,False,38.46153846153847,-2.7607361963190185,0.12441216634382184,84.08488063660478,-19.638255964093176,38.98007033997655,31.41852286049238,92.84876905041031,66.11957796014069,11.267605633802818,48.12690916896455,10.082063305978899,45.94079718640094
6909,創控,電子設備,42.85,1.660735468564667,13917684.732500002,True,29.268292682926827,62.434210526315795,29.35,2026-08-01,False,81.81818181818183,7.1250000000000036,0.03439557846334314,64.14670658682635,34.53792288486096,82.59085580304807,71.2778429073857,69.98827667057445,20.046893317702228,93.30985915492957,67.44274557072801,52.110199296600236,45.8675263774912
8103,瀚荃,電子零組件,128.5,-0.7722007722007707,850994890.825,True,94.02347918890075,9.144736842105264,51.6,2026-08-01,False,15.789473684210526,36.702127659574465,0.0033148699704035832,97.34848484848484,7.953424912467781,15.123094958968347,96.24853458382181,55.45134818288394,92.26260257913246,75.0,66.81711606096131,72.09847596717468,45.808909730363425
2455,全新,半導體,572.0,2.877697841726623,5957185231.2,True,99.94663820704376,0.2302631578947368,71.16,2026-08-01,False,1.893939393939394,40.88669950738916,0.07835081818085546,100.0,24.551352241799172,0.8792497069167644,97.06916764361078,84.87690504103166,98.00703399765534,90.02347417840375,74.17116611352367,81.3599062133646,45.79425556858148
2353,宏碁,電腦及週邊,32.15,0.62597809076681,500696858.6125,True,46.926777124532336,48.55263157894737,38.41,2026-08-01,False,44.06779661016949,4.7231270358306165,0.08818284114947116,74.07834101382488,19.302127746489393,44.7831184056272,64.24384525205159,87.10433763188745,41.61781946072685,86.50234741784037,64.85029363362669,61.01992966002344,45.79425556858148
3628,盈正,電子零組件,72.7,-1.0884353741496544,12987162.46,True,20.17075773745998,70.26315789473684,8.64,2026-08-01,False,89.47368421052632,8.345752608047704,0.012078511890500134,73.06532663316582,-12.304213486047875,89.68347010550997,74.79484173505276,60.609613130128956,40.328253223915596,17.84037558685446,56.65131075629235,27.784290738569755,45.75029308323564
7786,東方風能,海運,120.0,0.0,16590335.1,True,6.372549019607843,82.43421052631578,8.57,2026-08-01,False,90.9090909090909,-1.639344262295082,-0.024234843172601394,46.33204633204633,-8.034470222908535,90.79718640093787,37.74912075029309,40.6799531066823,1.992966002344666,23.708920187793428,38.98562928961027,27.667057444314185,45.67702227432591
6438,迅得,電子設備,150.5,1.3468013468013407,66836476.85,True,75.66702241195304,25.460526315789473,15.54,2026-08-01,False,51.94805194805194,4.513888888888888,0.14685682856884555,81.35135135135135,9.60975948053521,53.223915592028135,63.77491207502931,94.84173505275498,57.678780773739746,77.46478873239437,69.3968264451893,35.52168815943728,45.66236811254396
2377,微星,電腦及週邊,153.0,-1.2903225806451646,1381140677.6,True,33.778014941302025,58.94736842105262,-6.06,2026-08-01,False,64.40677966101694,8.12720848056537,0.1045963093050108,90.53254437869822,-0.9568600368014746,65.06447831184057,73.97420867526378,90.15240328253223,79.4841735052755,44.48356807511737,70.6317663700059,11.723329425556859,45.57444314185229
6190,萬泰科,電子零組件,70.2,1.1527377521613813,153466396.41000003,True,92.26254002134472,10.855263157894738,71.82,2026-08-01,False,19.736842105263158,6.042296072507552,0.023081268912016405,76.30434782608695,23.27371612410709,19.460726846424382,67.29191090269636,66.11957796014069,48.06565064478312,88.84976525821597,57.9575263224521,81.59437280187574,45.457209847596715
2882,國泰金,金融控股,113.0,2.262443438914019,2453683208.8599997,True,74.3863393810032,26.57894736842105,-69.47,2026-08-01,False,69.23076923076923,12.437810945273633,0.03479159419310541,97.83549783549783,-9.063619143070817,69.98827667057445,81.59437280187574,70.22274325908559,92.73153575615474,21.36150234741784,67.17968616702169,0.5861664712778429,45.42790152403282
7703,銳澤,電子設備,200.0,-1.4778325123152691,17192871.95,True,90.02217294900223,12.960526315789473,83.26,2026-08-01,False,22.07792207792208,12.359550561797752,0.07672818846080044,80.0,22.225654788092108,22.27432590855803,81.3599062133646,84.64243845252052,55.509964830011725,88.14553990610328,66.38643506211163,85.11137162954279,45.38393903868699
1434,福懋,成衣,18.0,1.1235955056179803,35950900.0775,True,46.744930629669156,48.7171052631579,-7.17,2026-08-01,False,30.434782608695656,-0.5524861878453117,0.15775431391289924,92.07161125319693,-3.784430281308396,29.77725674091442,43.61078546307151,96.24853458382181,83.47010550996484,34.27230046948357,57.47579655345123,11.019929660023447,45.1641266119578
2412,中華電,通信網路,144.5,-0.6872852233676952,1614042713.8,True,98.77267876200641,2.8947368421052633,25.61,2026-08-01,False,5.769230769230769,5.86080586080586,0.34867521517713873,98.63481228668942,12.046586990740126,4.4548651817116065,66.70574443141852,99.41383352872217,94.3728018757327,81.33802816901408,69.25705463731983,48.18288393903868,45.076201641266124
3558,神準,通信網路,124.0,2.4793388429751984,10939107.0,True,99.03948772678763,2.4342105263157894,36.8,2026-08-01,False,1.9230769230769231,-3.501945525291829,0.120252229034886,75.84097859327217,21.563626646782993,1.1723329425556859,28.3704572098476,92.1453692848769,47.36225087924971,87.79342723004694,51.368767509315376,59.67174677608441,44.958968347010554
6538,倉和,光電及I/O,426.5,9.922680412371143,613781699.225,True,98.29670329670328,3.552631578947368,55.67,2026-08-01,False,8.0,117.04834605597965,0.02184769057592821,100.0,0.4904942375886563,6.682297772567409,99.76553341148886,65.53341148886284,98.00703399765534,51.056338028169016,64.2089229397487,74.79484173505276,44.929660023446665
6510,精測,半導體,3485.0,-0.9943181818181768,3265251513.0,True,77.16115261472785,24.342105263157894,54.27,2026-08-01,False,36.36363636363637,31.50943396226415,-0.01699483369369723,82.97619047619048,6.158934429694078,36.694021101992966,94.60726846424384,44.19695193434936,63.4232121922626,70.30516431924883,61.845323602419526,74.03282532239156,44.88569753810082
6218,豪勉,資訊服務,67.7,9.9025974025974,259092499.21000004,True,83.86123680241327,18.61842105263158,52.85,2026-08-01,False,8.51063829787234,78.86393659180978,0.05471490270012404,100.0,18.985747369152826,7.327080890973036,99.2966002344666,77.84290738569753,98.00703399765534,86.03286384976526,73.70129727171155,73.03634232121922,44.768464243845244
6245,立端,電腦及週邊,88.4,3.2710280373831946,75479762.86999999,True,96.58484525080043,5.526315789473684,38.36,2026-08-01,False,3.389830508474576,8.5995085995086,0.1325805678319435,96.71772428884027,-13.301764811820355,2.1101992966002343,75.49824150058618,94.02110199296601,90.97303634232122,16.784037558685448,55.87732333823182,60.844079718640096,44.607268464243845
2379,瑞昱,半導體,740.0,1.7881705639614776,1725671748.9,True,87.45997865528282,15.460526315789474,28.08,2026-08-01,False,28.030303030303028,3.6414565826330536,0.15229828254046643,82.22222222222221,1.007975363820762,28.01875732708089,60.609613130128956,95.66236811254396,60.375146541617816,53.52112676056338,59.637402374387,50.64478311840562,44.607268464243845
3711,日月光投控,半導體,663.0,3.9184952978056353,10087339787.0,True,95.92391304347827,6.381578947368421,45.66,2026-08-01,False,12.121212121212121,12.947189097103918,0.12472640326574265,91.19669876203577,5.102505038169525,11.371629542790153,82.063305978898,93.08323563892145,81.00820633059789,67.84037558685446,67.07335061561238,67.99531066822978,44.577960140679956
3005,神基,電子零組件,119.0,0.42194092827003704,230621026.2,True,66.22198505869797,33.026315789473685,18.39,2026-08-01,False,51.973684210526315,1.7094017094017095,0.11730825457982948,72.78287461773701,-2.6513448762421774,53.341148886283705,54.161781946072686,91.7936694021102,40.093786635404456,38.61502347417841,55.60108206880989,38.45252051582649,44.43141852286049
2881,富邦金,金融控股,154.5,2.657807308970095,2835833304.6,True,79.08217716115261,22.763157894736842,-48.02,2026-08-01,False,61.53846153846154,15.298507462686567,0.0728638425877106,100.0,12.253796893601027,62.48534583821805,84.17350527549824,83.9390386869871,98.00703399765534,81.57276995305163,82.03553875028209,1.0550996483001172,44.34349355216881
6725,矽科宏晟,電子設備,220.0,-1.3452914798206317,16111800.125,True,24.571428571428573,66.3157894736842,-12.39,2026-08-01,False,88.31168831168831,-3.9301310043668125,-0.019051629006469794,53.789731051344745,-8.359354439815553,88.39390386869871,26.143024618991795,43.024618991793666,6.916764361078546,22.887323943661972,37.47312715684494,8.089097303634233,44.31418522860493
5536,聖暉*,電子設備,865.0,-2.5900900900900914,606163963.55,True,83.6179295624333,18.815789473684212,44.54,2026-08-01,False,33.76623376623377,-1.7045454545454544,-0.07333098765749814,60.278745644599304,20.256255132204156,34.23212192262602,37.39742086752638,23.329425556858148,13.364595545134819,87.08920187793427,39.082553154015926,66.8229777256741,44.255568581477135
8042,金山電,電子零組件,113.5,0.4424778761061843,616187632.45,True,17.608173076923077,73.15789473684211,38.75,2026-08-01,False,91.44736842105263,13.955823293172697,-0.014390256752941814,53.919239904988125,-4.7160855962636745,91.32473622508792,83.35287221570925,45.95545134818288,7.033997655334115,30.985915492957744,51.73059458745438,61.60609613130129,44.15298944900351
2880,華南金,金融控股,46.65,-2.098635886673661,729037569.1324999,True,86.01921024546425,16.710526315789473,11.95,2026-08-01,False,38.46153846153847,17.803030303030294,0.1936374821648418,97.39039665970772,-18.36668074885792,38.98007033997655,86.40093786635404,97.42086752637749,92.37983587338803,12.323943661971832,65.50113105361359,31.652989449003517,44.15298944900351
6224,聚鼎,電子零組件,89.2,0.0,190897992.79500002,True,92.95624332977587,10.328947368421053,36.5,2026-08-01,False,18.421052631578945,18.302387267904503,0.05905086405855494,93.89473684210526,4.8357912573644235,18.2883939038687,87.22157092614302,79.01524032825323,86.04923798358733,66.19718309859155,67.35432524808877,59.3200468933177,44.109026963657676
6165,浪凡,數位雲端,50.4,0.19880715705766772,18824385.2275,True,32.32157506152584,59.93421052631579,5.86,2026-08-01,False,38.46153846153847,4.781704781704776,0.09626663539197441,89.83957219251336,-4.3472664359861595,38.98007033997655,64.47831184056272,88.51113716295428,77.84290738569753,32.863849765258216,60.535255298889865,22.97772567409144,43.8305978898007
3264,欣銓,半導體,284.0,5.772811918063314,2355350754.8,True,99.6264674493063,1.348684210526316,46.57,2026-08-01,False,4.545454545454546,39.90147783251231,0.0680123306843633,100.0,1.4388910138896875,3.2825322391559206,96.83470105509964,82.063305978898,98.00703399765534,55.98591549295775,67.23469775275333,68.81594372801875,43.31770222743259
2069,運錩,基本金屬,24.2,-1.224489795918371,29332398.185000002,True,51.126126126126124,45.0,18.86,2026-08-01,False,28.57142857142857,18.918918918918905,0.06125391864037215,98.17444219066938,9.908258533589603,28.25322391559203,87.92497069167644,80.18757327080891,93.20046893317702,78.28638497652582,73.57052435755604,39.390386869871044,43.22977725674092
6122,擎邦,工程承攬,51.7,0.9765625,18469038.305,True,42.99065420560748,52.30263157894737,13.59,2026-08-01,False,50.0,7.933194154488526,0.17198449665001536,82.45614035087719,-3.060573226284781,51.46541617819461,73.62250879249707,96.6002344665885,60.96131301289566,36.61971830985916,63.85383815200699,33.41148886283705,43.053927315357555
2419,仲琦,通信網路,30.65,9.856630824372758,59448633.692499995,True,96.91265060240963,5.197368421052632,245.59,2026-08-01,False,9.615384615384617,24.34077079107505,-0.0010126878806233494,81.19205298013244,165.23262244748395,8.73388042203986,91.67643610785463,53.106682297772565,57.444314185228606,98.82629107981221,61.95752081854158,96.71746776084407,42.80480656506448
2363,矽統,半導體,59.0,9.869646182495329,304127698.59499997,True,92.49329758713137,10.723684210526315,81.06,2026-08-01,False,21.96969696969697,16.370808678500982,0.03053009464939056,77.52956636005257,5.082161095349704,22.039859320046894,85.34583821805393,68.93317702227432,49.941383352872215,67.72300469483568,58.7966525216166,84.29073856975381,42.73153575615475
2480,敦陽科,資訊服務,164.5,-0.303030303030305,35484968.575,True,87.03308431163286,15.756578947368421,20.16,2026-08-01,False,4.25531914893617,2.8125,0.26734393503257137,92.41573033707866,1.1002346255796063,2.9894490035169987,57.91324736225087,98.59320046893318,84.05627198124267,54.460093896713616,59.602452542531466,41.73505275498242,42.7168815943728
2454,聯發科,半導體,5010.0,6.369426751592355,36735013208.75,True,99.94663820704376,0.2302631578947368,44.08,2026-08-01,False,1.893939393939394,32.189973614775724,0.10420871344817369,100.0,24.400621579008043,0.8792497069167644,95.07620164126612,90.03516998827668,98.00703399765534,89.55399061032864,74.71032918888872,66.35404454865181,42.54103165298945
6613,朋億*,電子設備,267.0,-1.1111111111111072,88624877.7,True,95.03735325506936,7.828947368421052,186.82,2026-08-01,False,12.987012987012985,5.742574257425743,-0.114834215257297,68.46153846153847,62.95511824741669,12.3094958968347,66.23681125439624,14.06799531066823,29.191090269636575,96.83098591549296,43.72727572940575,94.72450175849941,42.497069167643616
8110,華東,半導體,52.1,9.915611814345993,241960403.825,True,1.5950920245398774,89.73684210526316,24.85,2026-08-01,False,95.45454545454545,15.265486725663713,-0.0031562267310497765,59.20454545454545,4.976813508861699,95.66236811254396,84.05627198124267,51.93434935521688,11.137162954279015,66.54929577464789,61.86788963558608,47.010550996483005,42.438452520515824
3014,聯陽,半導體,139.5,2.9520295202952074,118271366.025,True,58.217716115261474,39.4078947368421,5.33,2026-08-01,False,55.3030303030303,7.307692307692308,0.12605975277589904,82.7893175074184,1.0057937680896893,56.03751465416178,72.21570926143025,93.31770222743259,62.83704572098476,53.4037558685446,67.56234554651078,22.860492379835872,42.37983587338804
8478,東哥遊艇,機車船製造,140.0,-1.0600706713780883,10939945.075,True,3.255069370330843,86.64473684210526,-16.8,2026-08-01,False,83.33333333333334,-2.097902097902098,0.08094947275722637,60.73752711496746,-48.55656386664395,84.34935521688159,35.05275498241501,85.69753810082064,13.95076201641266,4.225352112676056,44.655152485841185,6.213364595545135,42.3651817116061
6168,宏齊,光電及I/O,42.7,9.90990990990992,322338422.215,True,81.84004810583284,20.526315789473685,18.52,2026-08-01,False,32.0,68.44181459566076,0.061701718515641976,100.0,5.8531102724998885,31.652989449003517,99.06213364595546,80.30480656506448,98.00703399765534,69.48356807511738,75.70210634655925,38.62837045720985,42.30656506447832
6679,鈺太,半導體,199.5,1.0126582278481067,60046584.125,True,3.5654596100278555,86.11842105263158,0.32,2026-08-01,False,93.18181818181817,0.7575757575757576,-0.1360315497251286,57.74240231548481,-6.005218556602578,93.08323563892145,50.293083235638925,9.964830011723329,9.730363423212191,28.28638497652582,38.271579457204346,16.412661195779602,42.23329425556858
6588,東典光電,通信網路,113.5,-3.404255319148941,329814678.175,True,98.9795918367347,2.5,189.02,2026-08-01,False,3.8461538461538463,5.5813953488372094,0.003436155457173033,71.15987460815047,72.79668027951719,2.4032825322391558,65.88511137162955,55.56858147713951,35.756154747948415,97.53521126760563,51.42966827931245,94.95896834701055,41.808323563892145
3162,精確,汽車組件,76.0,-1.1703511053316018,132334040.37,True,88.25503355704699,14.671052631578949,101.19,2026-08-01,False,16.216216216216218,23.778501628664497,-0.056552382916578776,79.24921793534932,22.038011966037573,15.59202813599062,91.20750293083235,27.667057444314185,53.69284876905041,88.02816901408451,55.237521258854414,88.62837045720985,41.67643610785463
5285,界霖,半導體,91.7,-1.7148981779206762,136441998.21499997,True,63.50053361792957,35.39473684210526,19.93,2026-08-01,False,49.24242424242424,21.45695364238411,0.01901686965468772,83.36363636363636,-0.49836580717433776,50.64478311840562,89.80070339976554,64.47831184056272,63.89214536928488,47.30046948356807,63.22328264231736,41.26611957796014,41.50058616647128
5508,永信建,建設,54.3,-3.035714285714286,21175150.3,True,84.20490928495198,18.19078947368421,633.65,2026-08-01,False,8.771929824561402,0.929368029739777,0.029659910531611194,58.7027027027027,255.8993826250716,7.737397420867527,51.81711606096131,68.58147713950761,10.902696365767877,98.94366197183099,47.59646979178706,99.06213364595546,41.471277842907384
3374,精材,半導體,443.0,-0.3374578177727794,4606270639.475,True,92.16507177033493,11.118421052631579,36.74,2026-08-01,False,22.727272727272727,44.53507340946166,0.08961253298516313,90.77868852459017,-6.164775487436927,22.860492379835872,97.42086752637749,87.57327080890973,80.42203985932005,27.582159624413144,63.17176603977126,59.55451348182884,41.354044548651814
5439,高技,印刷電路板,245.0,-0.8097165991902799,513730165.475,True,22.89220917822839,67.36842105263158,5.24,2026-08-01,False,90.69767441860465,2.2964509394572024,-0.034324403065795366,55.492638731596834,-5.377227179431063,90.50410316529894,55.92028135990621,36.34232121922626,7.854630715123095,28.9906103286385,43.9223893576386,22.626025791324736,41.26611957796014
2887,台新新光金,金融控股,43.8,-1.3513513513513598,2436290007.35,True,81.59018143009605,20.723684210526315,-44.54,2026-08-01,False,53.84615384615385,17.583892617449656,0.056928601238475596,98.64864864864865,-134.31655603917767,54.630715123094966,86.1664712778429,78.54630715123095,94.49003516998827,1.643192488262911,63.095344242084,1.5240328253223916,41.11957796014068
2303,聯電,半導體,157.0,0.6410256410256387,26015980387.1,True,81.96371398078975,20.394736842105264,30.71,2026-08-01,False,31.818181818181817,34.763948497854074,0.03469366636007393,87.95518207282913,6.529343481645178,31.18405627198124,95.77960140679953,70.10550996483002,74.67760844079719,71.24413145539906,68.59818150796141,53.86869871043376,40.987690504103156
8422,可寧衛*,資源回收,26.0,-2.0715630885122405,111523449.38499999,True,97.75880469583778,4.046052631578948,105.85,2026-08-01,False,4.3478260869565215,-3.1657355679702097,0.044526568145996655,10.4,33.83023928661463,3.1652989449003512,29.77725674091442,74.44314185228606,0.3516998827667058,93.07511737089203,40.16250295835191,89.33177022274326,40.76787807737398
3380,明泰,通信網路,33.15,9.950248756218905,90828299.97999999,True,95.69313593539704,6.776315789473684,66.88,2026-08-01,False,17.307692307692307,20.32667876588021,-0.04117500414796886,79.78339350180505,43.48230017383226,17.35052754982415,88.98007033997656,33.29425556858148,54.630715123094966,95.30516431924883,57.91214658014519,79.95310668229777,40.73856975381008
2243,宏旭-KY,汽車組件,54.0,9.979633401221989,17443859.505000003,True,91.45299145299145,11.842105263157894,106.44,2026-08-01,False,10.81081081081081,34.66334164588528,-0.10056770724787999,81.81818181818183,87.17517976330697,9.964830011723329,95.66236811254396,16.412661195779602,58.85111371629543,98.12206572769952,55.80260775280838,89.68347010550997,40.709261430246194
8150,南茂,半導體,103.0,9.57446808510638,2159179815.8300004,True,87.03308431163286,15.756578947368421,33.27,2026-08-01,False,28.78787878787879,18.80046136101499,0.09719468662654493,84.08163265306122,-4.761852656665724,28.487690504103163,87.80773739742087,88.74560375146542,66.00234466588512,30.868544600938968,60.3823841839627,56.15474794841735,40.70926143024619
9907,統一實,金屬製品,14.95,-0.33333333333334103,21110500.7525,True,41.355389541088584,53.55263157894738,-10.05,2026-08-01,False,42.857142857142854,-2.2875816993464144,0.24854754651049762,74.19354838709677,-4.089558041890069,43.96248534583822,33.76318874560375,98.4759671746776,42.32121922626026,33.568075117370896,50.41818712195014,9.026963657678781,40.38686987104338
2838,聯邦銀,本國銀行,21.6,0.9345794392523477,47066590.622499995,True,65.20811099252934,33.81578947368421,3.88,2026-08-01,False,33.33333333333333,6.142506142506142,0.09311777942474321,87.4493927125506,10.761783201306532,33.35287221570926,67.64361078546307,88.27667057444314,73.5052754982415,79.46009389671362,68.44770459411411,20.75029308323564,39.991207502930834
2426,鼎元,光電及I/O,99.8,-2.1568627450980427,5395536957.72,True,99.42291838417148,1.644736842105263,38.57,2026-08-01,False,4.0,21.411192214111914,-0.00722720943348212,92.83720930232558,7.137677896425796,2.813599062133646,89.68347010550997,50.293083235638925,84.99413833528722,73.00469483568075,60.15779711485011,61.43024618991794,39.88862837045721
3605,宏致,電子零組件,169.0,9.740259740259738,2446994958.325,True,90.9323116219668,12.105263157894736,17.24,2026-08-01,False,22.36842105263158,55.76036866359447,-0.032466531862665224,100.0,-8.378949601191252,22.626025791324736,98.35873388042205,37.39742086752638,98.00703399765534,22.769953051643192,55.831833517714344,37.28018757327081,39.88862837045721
3265,台星科,半導體,181.0,0.5555555555555536,247571951.45,True,89.54108858057631,13.421052631578947,3.36,2026-08-01,False,25.757575757575758,8.059701492537313,0.07859808675506957,93.54005167958657,-1.1372867162571496,26.143024618991795,73.85697538100821,85.11137162954279,85.93200468933178,43.66197183098591,62.94106962997209,20.046893317702228,39.5662368112544
6148,驊宏資,資訊服務,40.0,0.37641154328731385,112801791.995,True,91.03521878335113,11.973684210526315,95.4,2026-08-01,False,2.127659574468085,45.45454545454545,-0.0006483804908040098,84.03361344537815,87.77003007093843,1.406799531066823,97.65533411488863,53.69284876905041,65.76787807737398,98.23943661971832,63.352459422419635,87.57327080890973,39.273153575615474
1560,中砂,半導體,914.0,2.008928571428581,1395827768.0,True,99.94663820704376,0.2302631578947368,30.38,2026-08-01,False,1.893939393939394,34.609720176730484,0.10358629094588394,100.0,5.935737392719055,0.8792497069167644,95.54513481828839,89.68347010550997,98.00703399765534,69.71830985915493,70.76663969750508,53.223915592028135,39.14126611957796
4968,立積,半導體,92.5,0.5434782608695565,26908902.160000004,True,12.20159151193634,77.63157894736842,-2.44,2026-08-01,False,89.39393939393939,1.8722466960352453,0.12657997586524844,55.55555555555556,-0.7202699434906681,89.44900351699883,54.74794841735052,93.43493552168816,7.971864009378664,46.5962441314554,58.43999911937432,13.599062133645957,39.06799531066823
6173,信昌電,電子零組件,308.0,-1.9108280254777066,5278741937.1,True,98.07897545357524,3.75,54.27,2026-08-01,False,5.921052631578947,45.28301886792453,0.011751998866412962,87.87446504992867,10.531633578205387,4.572098475967175,97.53810082063306,60.492379835873386,74.32590855803049,78.87323943661971,63.16034542542477,74.03282532239156,38.848182883939046
2515,中工,營造,12.0,0.4184100418409997,64880489.532500006,True,33.13767342582711,59.4078947368421,28.84,2026-08-01,False,26.666666666666668,0.0,0.04477401851641218,65.57377049180327,28.097435231726312,26.787807737397422,46.658851113716295,74.67760844079719,23.563892145369287,91.31455399061032,52.600542685578105,51.34818288393904,38.76025791324736
6271,同欣電,半導體,230.0,0.2178649237472685,1210261919.425,True,72.78548559231591,27.76315789473684,23.09,2026-08-01,False,40.15151515151515,19.480519480519483,0.04731847901541856,80.0,4.398783449084604,41.031652989449,88.27667057444314,75.84994138335287,55.509964830011725,64.7887323943662,65.09139243432459,45.01758499413834,38.32063305978899
2520,冠德,建設,38.35,0.9210526315789558,58246429.6375,True,82.15266337177376,20.0,-26.5,2026-08-01,False,14.035087719298245,4.211956521739142,0.004091142018056729,100.0,-33.616294351934606,13.364595545134819,62.83704572098476,56.15474794841735,98.00703399765534,6.220657276995305,47.31681609783752,4.279015240328253,38.20339976553341
4542,科嶠,電子設備,302.5,10.000000000000009,188820478.925,True,84.80861244019138,17.69736842105263,194.65,2026-08-01,False,31.16883116883117,19.801980198019802,-0.05069209769581033,61.23481781376518,60.93200077522113,30.83235638921454,88.56975381008206,30.71512309495897,15.005861664712777,96.71361502347418,52.367341996488506,95.31066822977726,38.14478311840563
5452,佶優,電子通路,27.9,2.19780219780219,10193610.692499999,True,56.75082327113062,40.921052631578945,13.91,2026-08-01,False,42.30769230769231,3.142329020332709,0.2070811374338667,70.72243346007603,3.768990312281206,43.024618991793666,59.08558030480656,98.35873388042205,34.46658851113716,62.91079812206573,59.569263962045035,33.76318874560375,38.042203985932005
3105,穩懋,半導體,490.5,-1.9000000000000017,13907748380.525,True,76.36252296387018,24.86842105263158,30.55,2026-08-01,False,37.878787878787875,31.501340482573724,0.0579566463994075,79.49756888168558,0.1241401747278914,38.45252051582649,94.49003516998827,78.66354044548652,54.279015240328256,49.53051643192488,63.08312556071088,53.575615474794844,37.95427901524033
2834,臺企銀,本國銀行,18.35,0.0,871854734.725,True,67.66275346851654,31.973684210526315,8.82,2026-08-01,False,11.11111111111111,10.876132930513599,0.002991748111248946,97.86666666666667,2.454547543827953,10.140679953106682,79.4841735052755,55.33411488862837,92.84876905041031,59.50704225352113,59.4629559301884,28.01875732708089,37.88100820633059
3491,昇達科,通信網路,1520.0,-2.8753993610223683,2394458351.5,True,92.79231179925253,10.394736842105264,93.19,2026-08-01,False,21.153846153846153,18.75,-0.025974974623737622,69.0909090909091,4.994722092603283,20.926143024618995,87.6905041031653,39.74208675263775,30.94958968347011,66.66666666666666,49.19499804611176,87.22157092614302,37.8516998827667
1301,台塑,石化,65.2,0.3076923076923199,2023754974.4099998,True,72.94685990338165,27.500000000000004,6.79,2026-08-01,False,15.789473684210526,9.764309764309772,0.08125132459692565,96.165191740413,3.831982548898794,15.123094958968347,77.84290738569753,85.8147713950762,89.80070339976554,63.14553990610329,66.34540340912218,24.20867526377491,37.82239155920281
6257,矽格,半導體,250.5,2.4539877300613577,2341185300.325,True,96.4247598719317,5.723684210526316,28.58,2026-08-01,False,10.606060606060606,26.19647355163728,0.10354583712384026,91.75824175824175,3.180135274738305,9.613130128956623,92.1453692848769,89.5662368112544,82.53223915592028,62.08920187793427,67.18923545178849,51.1137162954279,37.77842907385697
3624,光頡,電子零組件,132.5,5.158730158730163,2177614229.445,True,90.50160085378869,12.368421052631579,65.76,2026-08-01,False,23.684210526315788,50.9111617312073,-0.012816424324820061,75.07082152974505,19.845619181885105,24.03282532239156,97.88980070339977,47.127784290738575,45.1348182883939,86.85446009389672,60.2079377397641,79.71864009378663,37.74912075029308
6291,沛亨,半導體,508.0,-3.053435114503822,915894976.725,True,71.50837988826815,28.749999999999996,33.42,2026-08-01,False,43.93939393939394,30.759330759330762,-0.027775159653556158,74.8159057437408,-8.532240827251165,44.54865181711606,94.25556858147715,38.921453692848765,44.4314185228605,22.417840375586852,48.91498659797786,56.27198124267292,37.74912075029308
4977,眾達-KY,通信網路,174.0,-0.5714285714285672,802618364.35,True,91.1419423692636,11.907894736842104,106.22,2026-08-01,False,25.0,15.614617940199334,-0.01280717119957718,64.32532347504622,22.57579030755703,25.205158264947247,84.87690504103166,47.24501758499414,20.164126611957798,88.38028169014085,53.174297838614336,89.5662368112544,37.51465416178195
3338,泰碩,電子零組件,67.9,-0.14705882352940014,31920566.46,True,99.67982924226254,1.1842105263157896,62.0,2026-08-01,False,2.631578947368421,11.311475409836074,0.06651309044177675,76.5501691093574,21.18679253361909,1.7584994138335288,80.42203985932005,81.47713950762017,48.53458382180539,87.44131455399061,59.92671543131395,78.54630715123095,37.104337631887454
8111,立碁,光電及I/O,80.6,3.3333333333333215,1178859786.66,True,80.84311632870865,21.414473684210527,-8.8,2026-08-01,False,33.33333333333333,23.99999999999999,-0.008205035521699051,99.62917181705808,0.3237880169128058,33.35287221570926,91.44196951934349,49.58968347010551,95.77960140679953,50.23474178403756,64.07977367919906,9.495896834701055,36.796600234466595
2329,華泰,半導體,44.0,-0.7891770011273946,88962858.89250001,True,49.50372208436725,46.44736842105263,4.76,2026-08-01,False,62.121212121212125,1.9698725376593313,0.08407456401855058,62.94706723891272,1.3518399106864876,62.83704572098476,54.98241500586166,86.1664712778429,17.11606096131301,55.633802816901415,55.34715915658076,22.039859320046894,36.75263774912075
5225,東科-KY,消費性電子,55.7,1.0889292196007316,15502963.660000002,True,59.42513368983957,38.35526315789474,-8.97,2026-08-01,False,47.368421052631575,-6.543624161073823,0.12864444937029482,48.64628820960699,-15.637813401955917,49.00351699882767,15.70926143024619,93.6694021101993,3.399765533411489,14.2018779342723,35.19676480139139,9.378663540445487,36.51817116060961
3615,安可,光電及I/O,37.75,2.3035230352303593,20670133.9875,True,3.011093502377179,87.10526315789474,-46.65,2026-08-01,False,88.0,3.4246575342465753,0.04719602379814325,61.98686371100164,-5.749251881007851,88.15943728018757,59.67174677608441,75.7327080890973,16.060961313012896,28.638497652582164,53.65267022219287,1.2895662368112544,36.45955451348183
8937,合騏*,汽車製造,28.85,0.8741258741258751,13988989.0875,True,80.35714285714286,21.644736842105264,1403.1,2026-08-01,False,21.59468438538206,8.66290018832392,-0.21371355931196576,16.02777777777778,632.5879783323659,21.688159437280188,75.96717467760844,4.103165298944901,0.4689331770222743,99.76525821596243,40.398538161363646,99.53106682297772,36.43024618991794
2892,第一金,金融控股,39.75,-0.12562814070351536,1272053680.6725001,True,99.1462113127001,2.3355263157894735,13.9,2026-08-01,False,7.6923076923076925,18.127786032689457,0.3711612678367668,97.54601226993866,5.233336815613798,6.213364595545135,86.98710433763188,99.76553341148886,92.4970691676436,68.1924882629108,70.73111195504404,33.64595545134818,36.342321219226264
4585,達明,機器人,299.0,-1.320132013201325,70933256.175,True,6.329113924050633,82.5,-6.11,2026-08-01,False,82.59136212624585,1.1844331641285957,0.18128102612572297,48.225806451612904,-25.973744764420655,83.2356389214537,52.40328253223916,96.83470105509964,2.9308323563892147,8.92018779342723,48.86492853172179,11.606096131301289,36.342321219226264
6451,訊芯-KY,半導體,434.0,-2.1420518602029315,2158778024.175,True,91.57706093189965,11.710526315789474,49.81,2026-08-01,False,23.484848484848484,3.827751196172249,-0.026849696007684068,59.94475138121547,17.216582522276703,23.91559202813599,61.43024618991794,39.273153575615474,12.3094958968347,85.68075117370893,44.521847772842605,70.5158264947245,36.327667057444316
2489,瑞軒,光電及I/O,43.0,-2.604756511891282,2058314564.7825,True,71.8210361067504,28.55263157894737,23.59,2026-08-01,False,40.0,20.617110799438993,-0.017411335255763927,76.10619469026548,-2.8309300507434756,40.62133645955451,89.09730363423212,43.84525205158265,47.83118405627198,37.79342723004695,51.83770068633764,45.838218053927314,36.29835873388042
4906,正文,通信網路,38.5,4.054054054054057,214648256.1875,True,95.75471698113208,6.644736842105263,56.09,2026-08-01,False,13.461538461538462,11.271676300578031,-0.08197509429317651,72.09737827715355,28.39202107463578,12.71981242672919,80.18757327080891,20.86752637749121,37.51465416178195,91.43192488262912,48.54429822388808,75.0293083235639,36.26905041031653
2033,佳大,基本金屬,33.95,0.1474926253687503,50970956.3125,True,69.1073919107392,30.657894736842106,9.66,2026-08-01,False,16.666666666666664,54.318181818181834,0.04324465224214473,100.0,21.548429546670025,16.23681125439625,98.12426729191091,73.97420867526378,98.00703399765534,87.67605633802818,74.80367551145089,28.722157092614303,36.210433763188746
4903,聯光通,通信網路,41.35,9.97340425531914,43553306.1625,True,22.182468694096602,67.82894736842105,-51.78,2026-08-01,False,80.76923076923077,19.164265129682992,0.04612778931474493,77.72556390977444,-22.55968643655264,81.41852286049239,88.042203985932,75.26377491207504,50.293083235638925,9.859154929577464,60.975347984743166,0.7033997655334115,36.093200468933176
3035,智原,半導體,191.0,0.2624671916010568,529321756.075,True,95.1974386339381,7.401315789473683,29.88,2026-08-01,False,14.393939393939394,12.684365781710916,0.11629575540790964,81.97424892703863,7.740402171272059,13.95076201641266,81.7116060961313,91.44196951934349,59.43728018757327,73.82629107981221,64.07358177985459,52.637749120750286,36.07854630715123
2385,群光,光電及I/O,105.5,-0.4716981132075526,304642962.8,True,61.36606189967983,36.90789473684211,-23.13,2026-08-01,False,45.33333333333333,-0.4716981132075472,0.12160036627307241,72.01365187713311,-9.513414047524089,46.307151230949586,44.19695193434936,92.37983587338803,37.28018757327081,20.657276995305164,48.164280721452585,4.572098475967175,35.990621336459554
2891,中信金,金融控股,70.4,1.2949640287769792,2334113937.6500006,True,95.62433297758804,6.875000000000001,-32.01,2026-08-01,False,23.076923076923077,8.307692307692315,0.11049357930094153,97.23756906077348,-9.232593972510696,23.329425556858148,74.67760844079719,90.73856975381008,92.02813599062134,21.009389671361504,60.35662588268965,3.048065650644783,35.93200468933177
1519,華城,電機製品,718.0,-0.4160887656033285,1371883457.6,True,73.23093801426221,27.236842105263158,12.5,2026-08-01,False,27.27272727272727,-0.6915629322268326,0.0289004963794304,66.48148148148148,19.698663549530604,27.549824150058615,42.790152403282534,68.11254396248535,25.43962485345838,86.73708920187794,50.12584691423257,32.23915592028136,35.609613130128956
3178,公準,電子設備,75.9,10.000000000000009,16070223.305000002,True,95.49180327868852,7.171052631578948,7.49,2026-08-01,False,10.38961038961039,24.01960784313726,0.023057923424864474,100.0,-16.337675950741684,9.378663540445487,91.55920281359906,66.00234466588512,98.00703399765534,13.615023474178404,55.71245369835269,25.908558030480656,35.43376318874561
3455,由田,電子設備,256.5,0.391389432485334,505282792.75,True,95.41088580576307,7.236842105263158,22.43,2026-08-01,False,11.688311688311687,8.9171974522293,-0.026902740688893798,82.74193548387096,28.085201990821535,10.902696365767877,76.55334114888629,39.155920281359904,62.48534583821805,91.19718309859155,56.058897346564734,44.37280187573271,35.30187573270808
5347,世界,半導體,172.0,0.0,2195919761.7,True,96.74493062966916,5.3618421052631575,40.48,2026-08-01,False,9.848484848484848,13.531353135313532,0.1246696106887029,78.18181818181819,5.712823940239083,8.909730363423213,82.76670574443142,92.96600234466588,51.34818288393904,69.13145539906104,61.02441534710412,63.071512309495894,35.140679953106684
3529,力旺,半導體,2830.0,-0.5272407732864637,3262115275.75,True,58.96478121664887,38.81578947368421,42.77,2026-08-01,False,54.54545454545454,31.322505800464036,-0.06018352253869531,60.148777895855474,4.908327961715017,55.56858147713951,94.3728018757327,26.494724501758498,13.130128956623683,66.43192488262912,51.1996323387767,65.2989449003517,34.906213364595544
6643,M31,半導體,478.0,4.366812227074246,186885607.25,True,96.22751015670342,5.921052631578947,73.08,2026-08-01,False,11.363636363636363,14.903846153846153,0.027420388720014913,68.57962697274031,46.82287937297977,10.316529894490035,83.82180539273153,67.40914419695193,29.66002344665885,96.0093896713615,57.44337852043877,81.94607268464243,34.525205158264946
1563,巧新,汽車組件,73.5,-0.40650406504064707,63222830.825,True,86.69001751313485,16.05263157894737,2.46,2026-08-01,False,21.62162162162162,18.548387096774192,0.02238458073738882,92.45283018867924,-9.490579319353998,21.805392731535754,87.57327080890973,65.76787807737398,84.17350527549824,20.774647887323944,56.01893895612833,18.874560375146544,34.32004689331771
8099,大世科,資訊服務,59.9,-0.16666666666667052,19886836.490000002,True,31.856990394877265,60.26315789473684,-26.6,2026-08-01,False,48.93617021276596,1.697792869269949,0.12532379666893387,71.82254196642685,-58.10040233144959,50.35169988276671,54.04454865181712,93.20046893317702,36.928487690504106,3.403755868544601,47.58579220536192,3.985932004689332,34.30539273153576
4951,精拓科,半導體,99.7,9.922822491730976,20571583.425,True,41.21405750798722,53.61842105263158,3.16,2026-08-01,False,73.48484848484848,30.156657963446488,0.016766679835140755,71.21428571428572,6.292221062910498,74.67760844079719,93.78663540445487,63.4232121922626,35.873388042203985,70.53990610328638,67.66015003660101,19.343493552168816,34.026963657678785
3580,友威科,電子設備,100.5,3.8223140495867725,55549383.985,True,97.54535752401281,4.407894736842105,26.86,2026-08-01,False,3.896103896103896,28.516624040920714,0.013815264700733675,88.93805309734513,28.6319196145556,2.5791324736225087,93.20046893317702,61.66471277842908,76.31887456037515,91.54929577464789,65.06249690405033,49.824150058616645,33.880422039859326
7711,永擎,電腦及週邊,544.0,-4.561403508771933,950590359.05,True,50.24630541871922,45.723684210526315,1.66,2026-08-01,False,42.3728813559322,17.876489707475624,-0.01937483431503846,82.42424242424242,-141.2107245082068,43.259085580304806,86.51817116060961,42.790152403282534,60.726846424384526,1.2910798122065728,46.91706707615761,17.46776084407972,33.73388042203986
6234,高僑,電子設備,42.35,10.000000000000009,17776304.945,True,93.46820809248555,9.868421052631579,68.4,2026-08-01,False,15.584415584415584,21.173104434907003,0.014439050971438008,68.30645161290323,13.697158346379076,14.88862837045721,89.5662368112544,62.01641266119577,28.839390386869873,82.62910798122066,55.587955242199584,80.53927315357562,33.67526377491208
2449,京元電子,半導體,301.5,3.430531732418518,6559538523.35,True,97.97225186766275,3.8157894736842106,31.58,2026-08-01,False,6.0606060606060606,29.95689655172414,0.08776463602847788,85.16949152542372,-0.7419968392903868,4.6893317702227435,93.6694021101993,86.98710433763188,68.58147713950761,46.478873239436616,60.08123771939963,54.161781946072686,33.440797186400935
6204,艾華,電子零組件,108.0,-1.8181818181818188,38405566.75,True,93.97011739594451,9.210526315789473,17.03,2026-08-01,False,16.447368421052634,23.28767123287672,-0.013977694868220775,86.4,-2.9007871630097064,15.826494724501758,91.03165298944901,46.189917936694016,71.92262602579133,37.558685446009385,52.505875424489105,37.045720984759676,33.440797186400935
6983,華洋精機,電子設備,351.0,-1.1267605633802802,18647965.225,True,48.19277108433735,47.63157894736842,7.13,2026-08-01,False,70.12987012987013,20.205479452054796,0.06115013382486386,65.73033707865169,-25.960907940293513,70.926143024619,88.862837045721,80.07033997655334,24.03282532239156,9.03755868544601,54.585940810946184,25.32239155920281,32.85463071512309
3532,台勝科,半導體,440.0,-1.6759776536312887,3356257164.3,True,97.2785485592316,4.5394736842105265,29.28,2026-08-01,False,7.575757575757576,28.467153284671532,0.01982221391317905,84.13001912045888,2.0261793138070665,5.978898007033997,93.08323563892145,64.71277842907386,66.35404454865181,57.62910798122066,57.55161292098036,51.93434935521688,32.79601406799531
3289,宜特,檢測驗證,136.5,0.0,68828126.55,True,88.28939301042305,14.605263157894738,-7.9,2026-08-01,False,50.0,1.486988847583643,0.07995615784654507,64.8456057007126,-3.54135694494291,51.46541617819461,53.223915592028135,85.58030480656507,21.336459554513482,34.74178403755869,49.269576033772,10.550996483001173,32.53223915592028
4556,旭然,其他電製品,87.3,4.927884615384603,66220253.14,True,75.2463768115942,25.855263157894736,18.73,2026-08-01,False,50.0,17.65498652291104,-0.0010029704241555648,65.88679245283019,-14.80686552470959,51.46541617819461,86.28370457209847,53.223915592028135,24.501758499413835,15.258215962441316,46.14660216083527,39.155920281359904,32.209847596717466
1565,精華,醫療耗材,96.7,-1.3265306122448917,13472736.6,True,19.903948772678763,70.72368421052632,-12.47,2026-08-01,False,41.66666666666667,1.7894736842105292,0.1529203151218349,68.58156028368795,0.6839570054187298,42.20398593200469,54.396248534583826,95.77960140679953,29.77725674091442,52.112676056338024,54.853953734128105,7.971864009378664,31.389214536928485
5483,中美晶,半導體,186.5,-0.5333333333333301,2382646144.4,True,79.64699393270823,22.36842105263158,11.68,2026-08-01,False,34.090909090909086,5.965909090909091,0.0791658836705292,67.08633093525181,-3.990261060559435,34.7010550996483,67.1746776084408,85.34583821805393,26.611957796014067,33.80281690140845,49.52726912471311,31.06682297772567,31.30128956623681
3026,禾伸堂,電子零組件,791.0,-0.7528230865746499,7168748294.3,True,97.65208110992529,4.276315789473684,33.22,2026-08-01,False,7.236842105263158,23.78716744913928,-0.009784733377624328,78.70646766169153,-1.5027807950172303,5.861664712778429,91.32473622508792,48.65181711606096,52.872215709261425,42.95774647887324,48.3336360484124,56.03751465416178,30.861664712778428
3031,佰鴻,光電及I/O,28.1,-1.2302284710017486,43508112.6875,True,99.83991462113127,0.9868421052631579,27.82,2026-08-01,False,2.666666666666667,18.315789473684216,-0.028629041622542768,81.44927536231884,-5.179737081747497,1.875732708089097,87.33880422039859,38.56975381008206,58.14771395076201,29.342723004694836,43.05494553880532,50.52754982415005,30.803048065650643
2328,廣宇,電子零組件,47.75,2.909482758620685,82181762.0875,True,99.89327641408752,0.625,19.67,2026-08-01,False,1.3157894736842104,6.347438752783968,0.15773713597139608,77.3905996758509,7.9029624599423585,0.3516998827667058,68.58147713950761,96.13130128956624,49.824150058616645,74.88262910798123,57.954251495687686,40.79718640093787,30.597889800703403
3430,奇鈦科,其他化學,106.0,2.4154589371980784,25447439.375,True,85.97748208802457,16.776315789473685,-1.75,2026-08-01,False,6.25,-9.012875536480687,0.11025566119410268,57.765667574931875,-26.825246048500805,4.8065650644783116,9.55451348182884,90.62133645955451,9.847596717467761,8.450704225352112,24.65614318973631,13.95076201641266,29.762602579132476
8064,東捷,電子設備,138.0,1.4705882352941124,1164808328.955,True,72.06736353077817,28.35526315789474,-43.5,2026-08-01,False,55.84415584415584,41.24872057318321,-0.0004078333634752161,80.0,-20.756644867581567,57.0926143024619,97.18640093786635,53.92731535756155,55.509964830011725,10.68075117370892,54.87940932032209,1.875732708089097,29.322977725674093
3441,聯一光,消費性電子,177.5,-4.312668463611857,2918579185.225,True,87.95774647887325,15.131578947368421,0.86,2026-08-01,False,15.789473684210526,65.88785046728972,-0.0050143490366080625,92.20779220779221,-28.006370249136207,15.123094958968347,98.82766705744432,50.99648300117233,83.70457209847598,7.863849765258216,51.30313337626384,16.764361078546308,29.19109026963658
6147,頎邦,半導體,224.0,-2.183406113537123,9222624976.0,True,97.22518676627536,4.638157894736842,43.61,2026-08-01,False,8.333333333333332,43.13099041533546,0.013872094853448608,73.32242225859247,6.993926702649063,6.916764361078546,97.30363423212192,61.78194607268465,40.6799531066823,72.53521126760563,55.8435018080346,65.88511137162955,29.04454865181712
2409,友達,光電及I/O,33.35,9.8846787479407,9389496188.9175,True,99.88925802879291,0.7236842105263158,-5.86,2026-08-01,False,1.3333333333333335,30.2734375,0.07626143096584954,100.0,-7.636278837316819,0.4689331770222743,94.13833528722158,84.52520515826495,98.00703399765534,24.647887323943664,60.35747898882157,11.840562719812427,29.044548651817117
6207,雷科,電子設備,117.0,1.298701298701288,662339278.2,True,96.31803628601922,5.855263157894737,35.81,2026-08-01,False,6.493506493506493,13.043478260869565,-0.037298833241788905,70.69486404833837,22.606693099269812,5.1582649472450175,82.18053927315357,35.05275498241501,34.34935521688159,88.49765258215963,49.04771340037096,58.73388042203986,29.015240328253224
2492,華新科,電子零組件,308.5,-0.3231017770597755,8362311695.85,True,87.78014941302028,15.263157894736842,45.54,2026-08-01,False,28.947368421052634,15.977443609022558,-0.0049445413720569376,50.0,7.763255703319828,28.839390386869873,85.11137162954279,51.1137162954279,4.220398593200469,74.06103286384976,48.66918195377816,67.76084407971864,28.92731535756155
6530,創威,通信網路,100.0,-0.497512437810943,275684072.71999997,True,88.90074706510138,14.078947368421051,10.68,2026-08-01,False,30.76923076923077,21.802679658952506,-0.013478033522063105,74.90636704119851,-2.195041577220124,30.363423212192263,90.2696365767878,46.776084407971865,44.66588511137163,40.49295774647887,50.513597410960486,29.89449003516999,28.663540445486518
5464,霖宏,印刷電路板,90.6,-2.265372168284796,87473566.64,True,99.75247524752476,1.118421052631579,19.56,2026-08-01,False,2.3255813953488373,31.877729257641906,-0.07486108049161937,84.27906976744185,-11.721536129932336,1.5240328253223916,94.95896834701055,22.626025791324736,66.8229777256741,18.30985915492958,40.84837276885227,40.328253223915596,28.429073856975382
8040,九暘,半導體,83.5,0.96735187424426,123973572.415,True,99.8546511627907,0.9210526315789472,54.12,2026-08-01,False,3.787878787878788,19.9712643678161,-0.06462178614264397,66.8,10.40773258349332,2.2274325908558033,88.74560375146542,25.55685814771395,26.260257913247365,78.75586854460094,44.309204189576704,73.68112543962485,28.35580304806565
4908,前鼎,通信網路,232.0,-4.722792607802873,1459399426.175,True,97.22518676627536,4.638157894736842,28.93,2026-08-01,False,7.6923076923076925,51.633986928104584,-0.015152190778982224,79.04599659284497,-7.83021731780039,6.213364595545135,98.00703399765534,45.25205158264947,53.458382180539274,24.061032863849764,45.398373044047794,51.46541617819461,28.28253223915592
3550,聯穎,電子零組件,24.5,3.3755274261603407,29323443.4625,True,99.89669421487604,0.5263157894736842,33.66,2026-08-01,False,0.6578947368421052,6.290672451193055,0.09238226185981321,65.77181208053692,-3.0294308496013187,0.11723329425556857,68.46424384525204,88.042203985932,24.267291910902696,36.971830985915496,43.572560804451555,56.62368112543963,28.135990621336465
6163,華電網,通信網路,42.25,1.6847172081829287,23982109.009999998,True,62.86019210245464,35.921052631578945,-26.5,2026-08-01,False,44.230769230769226,0.2372479240806677,0.13791445765377985,57.01754385964912,-55.17484675945852,45.19343493552169,47.59671746776085,94.25556858147715,9.495896834701055,3.755868544600939,40.05949727281233,4.279015240328253,27.842907385697536
6290,良維,電子零組件,281.0,-0.5309734513274322,1251790994.925,True,92.3692636072572,10.789473684210527,18.19,2026-08-01,False,19.078947368421055,32.860520094562645,-0.013961790725728904,76.566757493188,8.111820686962718,19.10902696365768,95.31066822977726,46.307151230949586,48.65181711606096,75.70422535211267,57.016577778511625,38.33528722157092,27.696365767878078
3406,玉晶光,消費性電子,952.0,-2.0576131687242816,6361505659.6,True,85.43223052294557,17.138157894736842,0.72,2026-08-01,False,21.052631578947366,46.012269938650306,0.04156667430281921,85.76576576576576,-1.5655250992512573,20.691676436107855,97.7725674091442,73.5052754982415,69.98827667057445,42.370892018779344,60.865737606569475,16.64712778429074,27.38862837045721
6957,裕慶-KY,基本金屬,290.0,7.208872458410354,46663954.1,True,99.81651376146789,1.0526315789473684,-31.15,2026-08-01,False,4.761904761904762,34.25925925925926,0.09695755650888344,100.0,-16.09361017697612,3.6342321219226257,95.42790152403282,88.62837045720985,98.00703399765534,13.96713615023474,59.932934850211076,3.1652989449003512,27.344665885111375
2481,強茂,電子零組件,168.0,-0.29673590504450953,6442905349.575,True,97.75219298245614,4.144736842105263,29.82,2026-08-01,False,6.578947368421052,26.31578947368421,0.009312585629303063,73.84615384615385,0.4305249656342163,5.275498241500586,92.26260257913246,58.85111371629543,41.38335287221571,50.5868544600939,49.67188437384762,52.461899179366945,26.714536928487693
7709,榮田,機械,89.9,9.90220048899757,19688204.81,True,70.3896103896104,29.407894736842106,18.89,2026-08-01,False,22.857142857142858,26.97740112994352,-0.014856645728078854,67.34082397003746,32.81315601811699,22.97772567409144,92.61430246189917,45.838218053927314,27.315357561547483,92.6056338028169,56.270247510856464,39.74208675263775,24.355216881594377
4956,光鋐,光電及I/O,46.85,9.97652582159625,242945406.01500002,True,92.19858156028369,11.052631578947368,-15.94,2026-08-01,False,17.333333333333336,40.05979073243646,-0.013278203760065098,85.6489945155393,-10.598733276879264,17.46776084407972,96.95193434935521,46.893317702227435,69.51934349355217,19.600938967136152,50.08665907127015,6.565064478311841,24.15005861664713
6221,晉泰,資訊服務,31.0,-1.5873015873015928,25177678.6025,True,40.34151547491996,54.21052631578947,21.48,2026-08-01,False,36.17021276595745,35.66739606126914,0.024072990046790907,56.88073394495413,38.48124293617275,36.16647127784291,95.8968347010551,66.35404454865181,9.378663540445487,94.24882629107981,60.408968071815025,43.49355216881594,23.285463071512307
6830,汎銓,檢測驗證,553.0,-1.7761989342806372,1492417082.1,True,98.50948509485094,3.0921052631578947,31.95,2026-08-01,False,16.666666666666664,19.696969696969695,-0.016989840649190294,56.717948717948715,9.130875648636703,16.23681125439625,88.39390386869871,44.31418522860493,9.14419695193435,76.99530516431925,47.016880493590705,54.513481828839396,22.87514654161782
2468,華經,資訊服務,46.55,1.5267175572518887,242094985.01,True,83.93810032017076,18.486842105263158,-28.59,2026-08-01,False,6.382978723404255,32.810271041369475,-8.95018184410292e-05,87.83018867924528,-40.951319400240465,4.9824150058616645,95.1934349355217,54.04454865181712,74.09144196951935,5.164319248826291,46.69523196230923,3.399765533411489,21.820046893317702
6861,睿生光電,醫療耗材,246.0,7.189542483660127,294109626.3,True,88.56132075471697,14.539473684210527,52.47,2026-08-01,False,2.7777777777777777,31.550802139037433,-0.0625903428148624,53.246753246753244,9.656230446294494,1.992966002344666,94.72450175849941,26.025791324736225,6.213364595545135,77.58215962441315,41.30775666110772,72.80187573270808,21.570926143024618
6683,雍智科技,半導體,1675.0,0.29940119760478723,1854917010.0,True,95.34883720930233,7.302631578947369,25.74,2026-08-01,False,13.636363636363635,56.54205607476636,-0.04145820723412752,65.30214424951268,0.852159691380038,13.130128956623683,98.4759671746776,33.17702227432591,22.743259085580306,52.58215962441315,44.02170742312413,48.41735052754982,21.45369284876905
6620,漢達,藥,137.5,-7.718120805369133,405049799.03499997,True,98.32402234636871,3.4868421052631575,-79.92,2026-08-01,False,4.25531914893617,83.33333333333334,0.05013860676852526,91.36212624584718,-46.22590571495959,2.9894490035169987,99.41383352872217,76.55334114888629,81.47713950762017,4.342723004694836,52.95529723868809,0.3516998827667058,21.351113716295426
7772,耀穎,半導體,171.0,9.967845659163977,57704542.94,True,98.93617021276596,2.697368421052632,54.2,2026-08-01,False,5.303030303030303,96.3260619977038,-0.025581849108717657,53.68916797488226,29.84605493471508,4.220398593200469,99.64830011723329,39.976553341148886,6.799531066822978,91.90140845070422,48.50923831382197,73.85697538100821,21.307151230949593
4770,上品,樹脂,257.5,2.589641434262946,178142889.375,True,96.43478260869566,5.657894736842105,-29.5,2026-08-01,False,7.142857142857142,21.462264150943398,0.1167976941985973,83.6038961038961,-33.25681041794665,5.74443141852286,89.91793669402111,91.67643610785463,64.24384525205159,6.338028169014084,51.58413552829286,3.2825322391559206,20.838218053927314
3021,鴻名,電子零組件,26.25,-1.6853932584269593,19495482.5075,True,83.67129135538954,18.75,-14.0,2026-08-01,False,33.55263157894737,30.272952853598024,-0.020941729587134576,65.625,-2.4259809357352164,34.11488862837045,94.02110199296601,42.20398593200469,23.681125439624854,39.55399061032864,46.71501852065893,7.033997655334115,17.702227432590853
8240,華宏,光電及I/O,51.1,0.19607843137254832,57934246.25750001,True,89.80789754535753,13.157894736842104,-12.59,2026-08-01,False,22.666666666666664,21.090047393364923,-0.10787894398852989,68.31550802139039,-3.2531988499635567,22.743259085580306,89.33177022274326,14.88862837045721,28.956623681125436,35.798122065727696,38.34368068512678,7.854630715123095,17.555685814771394
6873,泓德能源,光電及I/O,69.4,-0.998573466476449,18826080.125,True,99.18887601390497,2.236842105263158,-27.72,2026-08-01,False,6.666666666666667,0.5797101449275445,0.20363444006035794,50.108303249097474,-29.77401726877147,5.3927315357561545,49.70691676436108,98.12426729191091,4.4548651817116065,7.159624413145541,32.96768103737706,3.6342321219226257,15.943728018757326
