stock_id,name,industry,close,day_change_pct,adv20,listed_ok,pe_hist_pct,value_pct,revenue_yoy,rev_month,bear_regime,value_ind_pct,momentum20,chip20_turnover,high52_prox,rev_accel,value_ind_pct_pool_pct,momentum20_pool_pct,chip20_turnover_pool_pct,high52_prox_pool_pct,rev_accel_pool_pct,composite,revenue_yoy_pool_pct,c2_score
5522,遠雄,建設,63.7,0.31496062992126816,56524796.725,True,2.693965517241379,86.79867986798679,2513.5,2026-06-01,False,93.10344827586206,-3.33839150227618,-0.05577547872313132,77.49391727493918,1364.0166666666667,93.0635838150289,15.838150289017342,21.61849710982659,55.26011560693641,99.88425925925925,57.1329212160137,99.88385598141696,83.09235127859122
6024,群益期,期貨,62.2,-0.797448165869219,31521641.74,True,26.83189655172414,64.35643564356435,124.15,2026-06-01,False,64.38172043010752,-2.5078369905956026,0.1601339656271334,95.39877300613497,169.84,65.3179190751445,18.61271676300578,90.40462427745665,92.25433526011561,98.49537037037037,73.01699314921858,92.6829268292683,82.91061610038066
2889,國票金,金融控股,15.6,-0.31948881789137795,102260788.845,True,58.4051724137931,38.87788778877888,100.04,2026-06-01,False,84.61538461538461,0.0,0.03264822178979237,88.63636363636363,-1196.24,85.78034682080926,26.1271676300578,61.387283236994215,80.92485549132948,0.6944444444444444,50.98281952472704,90.01161440185831,82.64741227098482
6177,達麗,建設,48.05,1.8008474576270972,107204934.75750001,True,9.375,80.13201320132013,1322.16,2026-06-01,False,84.48275862068965,1.3713080168776342,-0.013350079593807273,86.42086330935251,743.4366666666667,85.49132947976878,30.751445086705203,39.76878612716763,74.33526011560694,99.65277777777779,65.99991971740528,99.53542392566783,82.15264210858459
6023,元大期,期貨,82.0,-0.7263922518159771,49020752.87499999,True,0.05387931034482758,97.75577557755776,86.15,2026-06-01,False,97.71505376344086,-5.092592592592599,-0.0996984994835963,75.92592592592592,35.92000000000001,96.99421965317919,11.676300578034681,10.404624277456648,51.32947976878612,92.36111111111111,52.55314707771355,88.03716608594657,81.1711412324693
8383,千附,電子設備,63.5,-2.607361963190191,174865083.75999996,True,9.76470588235294,80.06600660066006,200.07,2026-06-01,False,90.9090909090909,-16.99346405228758,-0.09111414369138222,70.2433628318584,105.24666666666666,90.98265895953757,0.8092485549132947,11.676300578034681,38.26589595375722,97.80092592592592,47.90700599443374,95.47038327526133,80.9774224084107
6574,霈方,化妝美容,118.5,0.0,17100387.5,True,0.0,98.97689768976898,73.91,2026-06-01,False,100.0,-3.6585365853658534,-0.008193374812002526,76.94805194805194,27.096666666666664,99.07514450867052,15.260115606936417,43.00578034682081,53.75722543352601,89.23611111111111,60.06687540141297,85.71428571428571,80.82163501238645
8415,大國鋼,基本金屬,38.15,-0.7802340702210753,26557509.4225,True,20.04310344827586,70.56105610561056,36.57,2026-06-01,False,80.48780487804879,-0.1308900523560321,0.10615669613161294,98.70633893919793,11.29333333333333,81.96531791907515,25.43352601156069,81.84971098265896,96.99421965317919,70.25462962962963,71.29948083922072,64.69221835075494,79.55455747786215
3290,東浦,電子零組件,49.25,-0.7056451612903247,35433619.457499996,True,2.5996533795493932,86.99669966996699,88.72,2026-06-01,False,98.0,-9.963436928702016,-0.1403742096703109,69.07433380084152,3.9766666666666737,97.22543352601156,4.393063583815029,5.433526011560693,34.91329479768786,49.18981481481482,38.23102654677799,88.6178861788618,79.09088772968654
3702,大聯大,電子通路,110.0,-0.9009009009009028,1391650145.85,True,24.892241379310345,65.74257425742574,131.85,2026-06-01,False,72.54901960784314,0.0,-0.08331111031490251,84.61538461538461,47.349999999999994,74.45086705202311,26.1271676300578,13.52601156069364,71.44508670520231,94.9074074074074,56.09130807107685,93.14750290360047,78.22907225769202
2539,櫻花建,建設,34.9,-0.42796005706133844,72296036.8375,True,0.16163793103448276,96.83168316831683,79.55,2026-06-01,False,100.0,-15.188335358444716,-0.014934136757571038,65.72504708097928,-272.97666666666663,99.07514450867052,1.6184971098265895,39.421965317919074,27.05202312138728,1.2731481481481481,33.68815564119033,86.7595818815331,77.81706310044108
1437,勤益控,物業管理,31.75,-0.15723270440252124,22352823.174999997,True,13.14655172413793,77.02970297029704,71.22,2026-06-01,False,77.21774193548387,2.750809061488678,0.006821345515747764,91.23563218390805,53.06333333333333,78.61271676300578,38.49710982658959,49.59537572254335,85.54913294797689,95.7175925925926,69.59438557054165,84.5528455284553,77.5543963532121
3709,鑫聯大投控,電子通路,67.7,-0.7331378299120228,62833624.410000004,True,1.8857758620689655,88.11881188118812,72.07,2026-06-01,False,90.19607843137256,-4.107648725212453,-0.09258545979500872,72.87405812701829,44.513333333333335,90.11560693641619,14.335260115606937,11.213872832369942,45.08670520231214,94.21296296296296,50.99288160993363,84.90127758420442,76.44208240183146
2414,精技,電子通路,51.7,-1.5238095238095162,30464126.485000003,True,39.924568965517246,54.38943894389438,87.26,2026-06-01,False,62.745098039215684,-7.5134168157423895,-0.10007203336532217,80.03095975232199,27.406666666666673,63.8150289017341,8.092485549132949,10.173410404624278,61.387283236994215,89.69907407407408,46.63345643331193,88.26945412311265,76.344820178177
6416,瑞祺電通,電腦及週邊,99.0,0.0,76331897.21000001,True,23.114224137931032,67.39273927392739,58.62,2026-06-01,False,77.58620689655173,3.340292275574116,0.07469242704072142,92.95774647887323,36.00666666666666,78.78612716763006,41.73410404624278,75.02890173410405,88.72832369942196,92.47685185185185,75.35086169985013,79.32636469221835,76.27667787825689
2836,高雄銀,本國銀行,12.0,-0.8264462809917328,31180204.009999998,True,30.11853448275862,61.25412541254125,14.7,2026-06-01,False,88.88888888888889,-7.6923076923076925,0.001779082090373378,92.3076923076923,1.953333333333335,89.1907514450867,7.630057803468208,46.82080924855491,87.28323699421965,41.782407407407405,54.54145257974737,36.062717770034844,76.22666210146825
2305,全友,光電及I/O,28.2,5.816135084427776,188147939.39749998,True,0.7964601769911505,91.0891089108911,142.33,2026-06-01,False,87.83783783783784,-7.540983606557379,-0.023450901488450332,66.11957796014069,35.253333333333345,88.20809248554913,7.976878612716763,35.83815028901734,28.208092485549134,92.12962962962963,50.4721687004924,93.72822299651567,75.54188233872429
6691,洋基工程,電子設備,616.0,0.8183306055646433,509619356.25,True,53.511111111111106,43.366336633663366,115.19,2026-06-01,False,67.53246753246754,-4.496124031007752,-0.18004371827225632,77.28983688833124,27.10666666666667,69.47976878612717,13.988439306358384,3.4682080924855487,54.68208092485549,89.35185185185185,46.19406979233569,91.98606271777004,75.53986828059858
2801,彰銀,本國銀行,23.75,-1.041666666666663,680144081.2525,True,15.301724137931034,74.71947194719472,9.51,2026-06-01,False,100.0,-3.258655804480654,-0.13004502242621088,93.50393700787401,-4.789999999999999,99.07514450867052,16.300578034682083,6.011560693641618,89.71098265895954,24.305555555555554,47.08076429030186,28.57142857142857,75.26424442609414
4534,慶騰,機械,29.2,-0.8488964346349714,31778911.2875,True,39.77777777777778,54.45544554455446,112.04,2026-06-01,False,76.47058823529412,-11.782477341389734,-0.09051814214168068,68.94923258559622,52.79666666666667,77.6878612716763,3.236994219653179,11.907514450867051,34.797687861271676,95.60185185185185,44.64638193106401,91.52148664343787,75.19251038918316
8271,宇瞻,半導體,230.0,-2.3354564755838636,1859894869.025,True,0.7004310344827587,91.55115511551155,200.65,2026-06-01,False,96.18320610687023,12.195121951219512,0.029787320492417033,88.29174664107485,-61.316666666666634,96.18497109826589,71.09826589595376,60.0,79.76878612716763,3.009259259259259,62.0122564761293,95.58652729384437,75.11050465583102
2527,宏璟,建設,41.95,-1.9859813084112,46978512.792500004,True,39.287641662169456,54.851485148514854,365.12,2026-06-01,False,48.275862068965516,-2.7809965237543355,-0.0855929244266511,83.06930693069307,245.64666666666665,49.53757225433526,17.91907514450867,13.0635838150289,68.67052023121387,99.07407407407408,49.65296510383216,98.14169570267131,74.60767826092794
2101,南港,輪胎,33.15,-1.0447761194029903,81127277.1925,True,0.3885003885003885,94.65346534653465,328.25,2026-06-01,False,80.0,1.3761467889908126,0.015969716239040248,74.66216216216216,115.70000000000002,81.38728323699422,30.86705202312139,53.75722543352601,48.90173410404624,98.0324074074074,62.58914044101905,97.44483159117306,74.21669922727303
8926,台汽電,公用事業,57.0,0.8849557522123908,256822208.695,True,2.3168103448275863,87.45874587458746,1719.48,2026-06-01,False,66.66666666666666,-7.915993537964456,-0.20368976624806048,69.34306569343065,712.66,68.26589595375722,7.167630057803469,2.6589595375722546,35.83815028901734,99.53703703703704,42.69353457503747,99.76771196283391,74.17603203695126
2851,中再保,產險,43.75,2.100350058343059,162187338.065,True,0.05387931034482758,97.75577557755776,1113.15,2026-05-01,False,100.0,27.18023255813954,0.06498604363155956,92.88747346072186,553.9733333333334,99.07514450867052,90.17341040462428,72.02312138728324,88.4393063583815,99.42129629629629,89.82645579105117,99.30313588850174,74.16104408773236
5288,豐祥-KY,機車船製造,188.5,-0.7894736842105288,31718207.325,True,39.008620689655174,55.181518151815176,71.59,2026-06-01,False,50.0,1.6172506738544474,0.05671207806466971,95.44303797468355,16.613333333333337,51.61849710982659,32.71676300578035,69.2485549132948,92.3699421965318,78.81944444444444,64.9546403339756,84.66898954703834,73.98516646190409
6227,茂綸,電子通路,117.5,-1.2605042016806678,53734565.95,True,39.27801724137931,54.91749174917492,84.61,2026-06-01,False,64.70588235294117,1.7316017316017316,0.013797748593294601,86.71586715867159,44.263333333333335,65.60693641618496,33.410404624277454,52.947976878612714,75.26011560693642,94.09722222222221,64.26453114964676,87.8048780487805,73.8153813619061
2207,和泰車,車輛買賣,519.0,-0.5747126436781658,248451760.35,True,0.4329004329004329,93.99339933993399,48.36,2026-06-01,False,93.88440860215054,3.8,0.14021101614436965,83.57487922705315,17.78333333333333,93.64161849710982,43.35260115606936,88.09248554913295,69.2485549132948,80.43981481481481,74.95501498608435,73.40301974448316,73.23514799970461
6996,力領科技,半導體,178.5,0.5633802816901401,16294995.45,True,16.908212560386474,73.26732673267327,49.96,2026-06-01,False,84.7328244274809,5.0,-0.03862687430066438,88.14814814814815,6.829999999999998,86.01156069364163,47.51445086705202,28.901734104046245,79.30635838150289,59.95370370370371,60.3375615499893,74.44831591173055,73.06294602995577
2884,玉山金,金融控股,39.0,2.2280471821756187,1632220165.7250001,True,22.036637931034484,68.58085808580859,25.3,2026-06-01,False,100.0,7.586206896551724,0.020322684007137968,100.0,-7.326666666666664,99.07514450867052,56.76300578034682,55.3757225433526,98.95953757225433,18.75,65.78468208092485,50.05807200929152,72.83243707746739
3209,全科,電子通路,52.0,-0.3831417624521105,112775933.49000001,True,17.40301724137931,72.8052805280528,170.41,2026-06-01,False,82.35294117647058,-5.454545454545454,-0.11261899541518222,63.882063882063875,74.96,83.121387283237,11.213872832369942,8.670520231213873,22.77456647398844,96.41203703703704,44.438476771569256,94.88966318234611,72.3929360268004
3033,威健,電子通路,45.95,-1.8162393162392987,308327398.3625001,True,29.148706896551722,62.211221122112214,54.45,2026-06-01,False,68.62745098039215,0.0,-0.025237203759160477,82.64388489208633,21.970000000000006,70.40462427745665,26.1271676300578,35.028901734104046,67.28323699421965,85.06944444444444,56.78267501605652,77.46806039488966,72.25718850912705
8050,廣積,電腦及週邊,57.3,-0.3478260869565264,320755058.205,True,43.85775862068966,51.41914191419142,143.6,2026-06-01,False,44.827586206896555,-2.051282051282056,-0.045371740505248614,83.04347826086956,93.13999999999999,45.83815028901734,19.76878612716763,25.89595375722543,68.4393063583815,97.22222222222221,51.432883750802816,93.84436701509871,72.08825938383248
6265,方土昶,電子通路,59.4,-4.501607717041811,414796025.07500005,True,0.41884816753926707,94.32343234323433,1209.51,2026-06-01,False,94.11764705882352,36.23853211009174,0.06791245985831389,92.95774647887323,152.2833333333333,94.04624277456647,94.21965317919076,73.06358381502889,88.72832369942196,98.26388888888889,89.66433847141938,99.41927990708479,71.99354830047061
8112,至上,電子通路,94.0,-1.4675052410901501,1750536239.315,True,14.224137931034484,75.77557755775578,231.17,2026-06-01,False,84.31372549019608,20.204603580562654,0.14447810340450665,93.53233830845771,51.06666666666666,85.20231213872832,83.69942196531792,88.67052023121387,89.82658959537572,95.13888888888889,88.50754656390492,96.51567944250871,71.9612898028237
1216,統一,飲料乳品,77.9,0.6459948320413522,1336185137.5300002,True,15.086206896551724,75.04950495049505,4.6,2026-06-01,False,100.0,0.6459948320413437,0.4873260703140008,96.77018633540374,1.4133333333333336,99.07514450867052,28.439306358381504,100.0,94.91329479768787,39.58333333333333,72.40221579961464,21.718931475029034,71.81701610575148
2425,承啟,電腦及週邊,37.75,-0.395778364116095,292445499.55,True,42.4317617866005,52.67326732673268,375.57,2026-06-01,False,48.275862068965516,-12.817551963048492,-0.036876217026231985,71.36105860113422,189.39666666666668,49.53757225433526,2.4277456647398843,29.942196531791907,41.040462427745666,98.72685185185185,44.33496574609292,98.25783972125436,71.60203218464885
3046,建碁,電腦及週邊,57.2,0.35087719298245723,35135122.42,True,8.552631578947368,80.66006600660066,53.63,2026-06-01,False,84.48275862068965,8.128544423440461,0.11791476450720392,89.375,3.3766666666666723,85.49132947976878,58.72832369942197,84.04624277456647,82.08092485549133,47.22222222222222,71.51380860629415,77.11962833914053,71.49088974374466
6983,華洋精機,電子設備,290.5,0.868055555555558,10790578.675,True,1.5384615384615385,89.10891089108911,112.54,2026-06-01,False,97.40259740259741,-6.290322580645161,0.05323140534543843,54.40074906367042,45.00333333333333,96.64739884393063,9.942196531791907,67.97687861271676,7.398843930635839,94.32870370370371,55.258804324555776,91.63763066202091,71.43541922619887
3577,泓格,電腦及週邊,114.0,0.0,112968251.875,True,33.081896551724135,58.97689768976898,85.37,2026-06-01,False,60.3448275862069,-10.9375,-0.04211921041047096,70.80745341614907,24.516666666666673,61.156069364161844,3.6994219653179194,27.167630057803464,39.653179190751445,87.84722222222221,43.90470456005138,87.92102206736352,71.25771216423972
8478,東哥遊艇,機車船製造,142.0,0.35335689045936647,22608197.425,True,3.6637931034482754,84.98349834983499,76.33,2026-06-01,False,91.66666666666666,-5.647840531561462,-0.1278423442907977,61.33909287257019,92.47333333333333,91.84971098265896,10.982658959537572,6.127167630057803,17.22543352601156,97.10648148148148,44.658290515949474,86.29500580720094,71.09687283908347
6196,帆宣,電子設備,477.0,-3.2454361054766734,689911940.475,True,70.09698275862068,29.7029702970297,120.99,2026-06-01,False,54.54545454545454,0.5268703898840885,0.027233962468496634,80.84745762711864,43.58333333333333,55.664739884393065,28.092485549132952,58.72832369942197,63.23699421965318,93.86574074074075,59.91765681866839,92.4506387921022,70.81497183675387
2885,元大金,金融控股,62.4,0.0,1771479253.7900002,True,85.99137931034483,16.666666666666664,,2026-06-01,False,53.84615384615385,-1.7322834645669316,-0.04907102434832778,87.27272727272727,487.2633333333334,55.02890173410404,20.23121387283237,24.393063583815028,77.34104046242774,99.30555555555556,55.25995504174695,,70.71290944123314
1808,潤隆,建設,36.35,1.8207282913165201,71354555.66,True,21.23327515997673,69.37293729372938,162537.27,2026-06-01,False,72.41379310344827,15.031645569620252,0.12618284715823874,91.21706398996236,77044.36666666665,74.16184971098266,77.28323699421965,85.54913294797689,85.43352601156069,100.0,84.48554913294797,100.0,70.57803468208093
2451,創見,半導體,299.0,-5.379746835443033,2682899968.85,True,1.0775862068965518,90.2970297029703,381.55,2026-06-01,False,95.41984732824427,16.116504854368934,0.06682247194107238,82.25584594222833,-100.38666666666666,95.60693641618498,78.4971098265896,72.48554913294798,66.47398843930635,1.8518518518518516,62.98308713337616,98.3739837398374,70.48944969218479
4560,強信-KY,機械,33.45,0.9049773755656298,10710766.6275,True,29.41810344827586,61.78217821782178,36.03,2026-06-01,False,88.23529411764706,6.5286624203821795,-0.008724874839018395,89.79865771812081,11.900000000000002,88.55491329479769,53.52601156069364,42.65895953757226,82.89017341040463,71.52777777777779,67.8315671162492,63.64692218350755,70.39149933200406
1232,大統益,油脂飼料,156.5,-0.31847133757961776,35288790.275,True,10.398706896551724,79.47194719471948,16.3,2026-06-01,False,87.5,1.9543973941368076,0.024088010921204283,92.87833827893175,6.526666666666667,87.97687861271676,33.98843930635838,57.22543352601156,88.20809248554913,59.143518518518526,65.30847248983088,39.198606271777,70.34878451592112
6120,達運,光電及I/O,12.5,-0.7936507936507908,32125914.152500004,True,0.0,98.97689768976898,42.06,2026-06-01,False,99.32432432432432,3.305785123966945,-0.008785475931709502,77.63975155279502,39.550000000000004,97.97687861271676,41.50289017341041,42.54335260115607,55.60693641618497,93.28703703703704,66.18341896810105,68.87340301974449,70.23858196880894
2618,長榮航,空運,42.2,-1.0550996483001063,1539521533.11,True,32.745098039215684,59.27392739273928,26.58,2026-06-01,False,59.2741935483871,-1.2865497076023324,0.23719759446353292,93.98663697104678,4.053333333333331,59.884393063583815,21.61849710982659,96.76300578034682,90.63583815028902,49.53703703703704,63.68775422821666,51.91637630662021,70.20452760266662
9925,新保,保全,39.9,-0.6226650062266526,26154921.6125,True,2.4245689655172415,87.26072607260727,3.31,2026-06-01,False,87.16397849462365,-1.359703337453657,-0.27085436069359764,96.144578313253,0.5066666666666668,87.86127167630057,21.271676300578036,0.9248554913294799,93.98843930635839,37.03703703703704,48.2166559623207,20.209059233449477,70.19677347888259
3689,湧德,電子零組件,106.0,-1.3953488372092981,114961795.835,True,30.064655172413797,61.35313531353135,72.66,2026-06-01,False,82.66666666666667,2.4154589371980677,-0.034210067851815726,74.64788732394366,26.946666666666665,83.46820809248555,36.99421965317919,31.09826589595376,48.786127167630056,89.00462962962963,57.87029008777564,85.01742160278745,70.06938430243098
2364,倫飛,電腦及週邊,75.1,0.6702412868632601,46615793.14999999,True,2.138275124732716,87.65676567656766,60.06,2026-06-01,False,91.37931034482759,9.795321637426884,0.2217999427220158,85.24404086265606,21.990000000000002,91.5606936416185,64.97109826589596,96.06936416184972,73.06358381502889,85.18518518518519,82.16998501391565,79.90708478513356,69.89006599397125
3006,晶豪科,半導體,270.0,-4.255319148936165,2909626536.15,True,18.381775333857032,72.07920792079207,328.35,2026-06-01,False,83.96946564885496,41.361256544502616,0.11934593522974195,95.74468085106383,3.5600000000000023,84.85549132947978,95.83815028901735,84.16184971098266,92.94797687861272,48.032407407407405,81.16717512309998,97.5609756097561,69.88157338220782
3045,台灣大,通信網路,115.5,0.43478260869564966,1389679532.25,True,1.670258620689655,88.91089108910892,6.57,2026-06-01,False,92.15686274509804,1.3157894736842104,0.23434891727878,95.850622406639,2.4833333333333334,92.13872832369943,30.520231213872833,96.53179190751445,93.41040462427745,44.09722222222222,71.33967565831728,24.390243902439025,69.85478640913577
2511,太子,建設,8.34,0.3610108303248927,13474325.510499999,True,57.650862068965516,39.40594059405941,76.56,2026-06-01,False,36.206896551724135,-0.9501187648456066,-0.17366537007961239,87.78947368421053,55.986666666666665,36.70520231213873,22.3121387283237,3.6994219653179194,78.15028901734105,96.06481481481481,47.38637336758724,86.41114982578398,69.73862560673501
3260,威剛,半導體,418.5,-4.561003420752563,6217259935.1,True,0.5899705014749262,92.54125412541254,212.06,2026-06-01,False,96.94656488549617,13.414634146341465,0.0749671132076252,79.71428571428572,14.72333333333333,96.41618497109826,74.10404624277457,75.26011560693642,60.809248554913296,76.27314814814815,76.57254870477414,95.70267131242741,69.7060146489161
4566,時碩工業,汽車組件,65.1,-0.6106870229007688,238193500.68999997,True,67.00111482720177,32.07920792079208,44.39,2026-06-01,False,40.54054054054054,-8.438818565400846,-0.0063322345565879614,85.3211009174312,24.436666666666667,41.09826589595376,6.127167630057803,43.35260115606936,73.17919075144509,87.61574074074075,50.274593234853356,70.61556329849013,69.6914630789578
6913,鴻呈,電子零組件,140.0,1.0830324909747224,75221710.65,True,3.91304347826087,84.42244224422443,61.08,2026-06-01,False,96.0,17.647058823529413,0.18008611028046906,89.74358974358975,20.479999999999997,95.95375722543352,80.8092485549133,92.48554913294798,82.77456647398844,83.68055555555556,87.14073538856776,80.48780487804879,69.60172000563935
2497,怡利電,汽車組件,45.25,-0.1103752759381793,29388843.79,True,4.621513944223107,83.16831683168317,52.52,2026-06-01,False,91.8918918918919,-1.092896174863388,-0.050829237878959745,67.73952095808383,14.313333333333333,92.02312138728324,22.08092485549133,23.352601156069362,31.79190751445087,75.46296296296296,48.94230357525156,76.65505226480836,69.59728907776278
3229,晟鈦,印刷電路板,57.4,-3.8525963149078746,86303930.93249999,True,3.0303030303030303,86.07260726072607,99.09,2026-06-01,False,97.67441860465115,45.685279187817265,-0.0025563943766651652,92.88025889967638,27.370000000000005,96.76300578034682,96.76300578034682,45.54913294797688,88.32369942196532,89.58333333333334,83.39643545279384,89.89547038327527,69.55479245131015
6585,鼎基,樹脂,113.0,-0.4405286343612369,46443343.3,True,25.168756027000967,65.67656765676567,91.44,2026-06-01,False,64.28571428571429,0.0,-0.022022591436038866,75.08305647840533,32.449999999999996,65.20231213872833,26.1271676300578,36.531791907514446,49.82658959537572,91.55092592592592,53.84775743952044,89.08246225319397,69.49604908931006
2912,統一超,百貨批發,224.0,0.22371364653244186,709970650.775,True,4.040948275862069,84.2904290429043,6.31,2026-06-01,False,84.21052631578947,-5.684210526315789,0.1906072101777703,87.84313725490196,0.8233333333333341,85.02890173410404,10.751445086705203,93.75722543352602,78.38150289017342,38.31018518518518,61.24585206593876,23.693379790940767,69.08808483212826
6465,威潤,通信網路,45.55,0.0,10759765.059999999,True,0.0,98.97689768976898,42.29,2026-06-01,False,98.0392156862745,-4.507337526205463,-0.08154600107574193,63.97471910112359,-55.34000000000001,97.34104046242774,13.75722543352601,14.104046242774567,23.121387283236995,3.7037037037037033,30.405480625133798,68.98954703832753,68.92368733761657
9958,世紀鋼,基本金屬,94.8,-2.5693730729701936,217270303.85999998,True,1.1314655172413792,90.0990099009901,64.09,2026-06-01,False,92.6829268292683,-9.714285714285717,-0.11305576588299021,50.42553191489362,22.360000000000007,92.71676300578035,4.971098265895954,8.323699421965317,4.7398843930635834,85.5324074074074,39.25677049882252,81.8815331010453,68.59177055849833
3356,奇偶,光電及I/O,61.9,-0.4823151125401992,42890020.43,True,0.0,98.97689768976898,24.09,2026-06-01,False,99.32432432432432,9.946714031971583,0.07790168333958225,94.50381679389312,10.523333333333332,97.97687861271676,65.20231213872833,75.83815028901734,91.32947976878613,68.63425925925925,79.79621601370157,48.66434378629501,68.19209750726739
2072,世紀風電,基本金屬,149.0,-0.9966777408637828,70872457.375,True,0.0,98.97689768976898,101.11,2026-06-01,False,98.78048780487805,-2.6143790849673203,-0.07872328409533012,47.452229299363054,14.266666666666652,97.6878612716763,18.381502890173408,14.682080924855493,3.005780346820809,75.23148148148148,41.797741383001494,90.12775842044135,68.10997428719126
2890,永豐金,金融控股,39.3,0.8985879332477298,1008048609.7274997,True,89.00862068965517,12.871287128712872,50.94,2026-06-01,False,38.46153846153847,1.6817593790426872,0.15238057972430077,93.79474940334129,-22.723333333333343,39.36416184971098,33.0635838150289,89.59537572254335,90.52023121387283,8.101851851851851,52.12904089060159,75.60975609756098,68.10764133652897
6902,GOGOLOOK,資訊服務,125.0,-0.7936507936507908,13162467.075,True,0.0,98.97689768976898,36.46,2026-06-01,False,97.87234042553192,8.695652173913043,0.03107240678754644,84.7457627118644,8.023333333333333,97.10982658959537,61.50289017341041,60.69364161849711,71.90751445086705,62.731481481481474,70.78907086277027,64.45993031358886,67.99359529516022
2362,藍天,電腦及週邊,48.55,-0.6141248720573311,124658949.8525,True,0.43103448275862066,94.1914191419142,30.25,2026-06-01,False,98.27586206896551,12.906976744186041,0.12293474381134231,93.54527938342967,13.166666666666668,97.45664739884393,73.17919075144509,84.85549132947978,89.94219653179191,73.26388888888889,83.73948298008993,57.14285714285714,67.84062758051196
2211,長榮鋼,基本金屬,83.7,-1.297169811320753,90712717.895,True,27.501909854851032,63.432343234323426,47.25,2026-06-01,False,73.17073170731707,-4.886363636363633,0.03467978830784438,69.17355371900827,25.536666666666665,75.26011560693642,12.369942196531792,61.849710982658955,35.26011560693642,88.07870370370371,54.56371761935346,72.7061556329849,67.71411116258149
5511,德昌,營造,71.7,-1.375515818431916,16260050.635,True,2.747844827586207,86.73267326732673,3.9,2026-06-01,False,86.66666666666667,-2.4489795918367308,-0.12448881818155953,89.17910447761194,-3.47,87.22543352601157,18.728323699421964,6.358381502890173,81.73410404624278,27.199074074074076,44.24906336972811,20.557491289198605,67.69717629050774
5880,合庫金,金融控股,25.05,0.20000000000000018,732100522.04,True,52.42456896551724,44.15841584158416,-8.4,2026-06-01,False,92.3076923076923,-3.468208092485544,0.11977163197871898,90.76086956521739,-39.89,92.42774566473987,15.375722543352602,84.27745664739884,84.6242774566474,4.513888888888888,56.24381824020553,8.130081300813007,67.45159546971192
6914,阜爾運通,其他運儲,148.5,0.6779661016949046,14498141.475,True,11.012433392539965,79.07590759075907,11.19,2026-06-01,False,79.16666666666666,2.0618556701030926,0.027061832702837713,95.80645161290322,2.9000000000000004,80.46242774566474,34.797687861271676,58.61271676300578,93.29479768786128,45.717592592592595,62.57704453007922,30.77816492450639,67.4344256241902
6505,台塑化,輕油裂解,71.0,1.573676680972813,1930568923.5850003,True,1.845444059976932,88.25082508250826,18.46,2026-06-01,False,88.17204301075269,-4.825737265415542,-0.07164114650371521,76.1802575107296,-7.656666666666663,88.4393063583815,12.83236994219653,16.76300578034682,52.02312138728323,18.40277777777778,37.69211624919717,41.69570267131243,67.33144011869516
1307,三芳,石化,30.6,-0.649350649350644,20971446.775,True,1.2392241379310345,89.9009900990099,11.11,2026-06-01,False,94.73684210526315,-1.2903225806451568,-0.10396583471532864,81.81818181818183,1.5099999999999998,94.6820809248555,21.502890173410407,9.710982658959537,65.4335260115607,40.0462962962963,46.27515521301649,30.66202090592334,67.31868441723228
7828,創新服務,電子設備,1520.0,-1.9354838709677469,359223359.0,True,0.0,98.97689768976898,255.83,2026-06-01,False,100.0,6.293706293706294,0.050236921935130616,65.3763440860215,-10611.286666666667,99.07514450867052,52.832369942196536,67.39884393063585,26.011560693641616,0.23148148148148145,49.109880111325204,96.7479674796748,67.2505756849476
1720,生達,藥,57.2,0.17513134851139256,18283893.575,True,0.5387931034482759,92.87128712871288,9.11,2026-06-01,False,88.88888888888889,-0.174520069808018,-0.013083530829131617,87.19512195121952,6.4799999999999995,89.1907514450867,25.202312138728324,40.115606936416185,76.878612716763,58.79629629629629,58.0367159066581,28.1068524970964,67.24347613005443
8936,國統,金屬製品,51.1,-0.5836575875486361,56700876.510000005,True,9.859913793103448,80.0,21.24,2026-06-01,False,100.0,-0.7766990291262109,-0.06864531071526683,73.73737373737374,7.333333333333332,99.07514450867052,22.77456647398844,17.6878612716763,46.705202312138724,61.111111111111114,49.470777135517025,45.64459930313589,67.16259491248917
7805,威聯通,電腦及週邊,521.0,1.3618677042801508,92941394.1,True,0.6172839506172839,92.24422442244224,28.11,2026-06-01,False,94.82758620689656,-11.544991511035652,0.3807567560730256,63.53658536585366,13.176666666666668,95.08670520231213,3.352601156069364,99.76878612716763,22.196531791907514,73.49537037037037,58.779998929565394,54.12311265969802,67.01343712446207
8462,柏文,其他,174.5,-0.5698005698005715,33925199.95,True,3.4370946822308692,85.54455445544555,20.11,2026-06-01,False,91.30434782608695,9.0625,0.16368641147607582,97.21448467966573,-0.18666666666666742,91.32947976878613,62.65895953757226,90.98265895953757,95.26011560693641,35.06944444444444,75.06013166345535,44.01858304297328,66.98730472028089
2323,中環,光電及I/O,10.8,0.9345794392523477,86364744.225,True,0.19102196752626552,96.3036303630363,38.84,2026-06-01,False,95.94594594594594,8.870967741935491,0.04543152299883807,82.44274809160305,20.763333333333335,95.83815028901735,62.080924855491325,66.01156069364161,67.05202312138728,84.14351851851852,75.02523549561121,66.43437862950059,66.81090679610347
5484,慧友,光電及I/O,40.35,-1.1029411764705732,14610166.3125,True,5.555555555555555,82.44224422442244,224.33,2026-06-01,False,78.37837837837837,4.533678756476684,-0.005640157125141057,69.68911917098445,93.17000000000002,79.59537572254335,45.78034682080925,43.93063583815029,36.878612716763,97.33796296296296,60.70458681224577,96.16724738675958,66.71522225131417
5609,中菲行,貨運倉儲,79.1,-0.5031446540880613,15178033.315000001,True,62.984913793103445,35.115511551155116,35.26,2026-06-01,False,38.46153846153847,0.12658227848100545,0.06709260551549456,94.27890345649581,6.496666666666666,39.36416184971098,26.820809248554912,72.83236994219652,91.09826589595376,58.91203703703704,57.805528794690645,63.18234610917538,66.70599115157131
2546,根基,營造,107.5,0.4672897196261738,47750582.195,True,11.530172413793103,78.54785478547855,44.27,2026-06-01,False,73.33333333333333,11.053719008264466,0.09786849076750098,92.27467811158799,14.67333333333334,75.60693641618496,67.74566473988439,80.92485549132948,87.16763005780346,76.04166666666666,77.49735067437379,70.49941927990709,66.38208025350279
3218,大學光,醫藥通路,134.5,-0.7380073800738018,39514034.125,True,0.10775862068965517,97.26072607260726,17.08,2026-06-01,False,100.0,-1.1029411764705883,0.007823300588543474,74.10468319559229,6.756666666666666,99.07514450867052,21.965317919075144,49.94219653179191,47.51445086705202,59.72222222222222,55.64386640976236,40.243902439024396,66.21704497391795
1590,亞德客-KY,機械,1460.0,1.7421602787456525,1396924602.25,True,45.797413793103445,49.66996699669967,44.88,2026-06-01,False,61.76470588235294,6.95970695970696,-0.017027774708132087,91.53605015673982,8.046666666666667,62.543352601156066,55.26011560693641,38.61271676300578,85.78034682080926,63.07870370370371,61.05504709912225,71.0801393728223,66.0359307969628
2886,兆豐金,金融控股,47.0,0.32017075773744796,1774228809.72,True,77.15517241379311,23.894389438943893,1.53,2026-06-01,False,76.92307692307693,-4.954499494438832,0.17799978112046164,88.51224105461394,-28.51,78.09248554913295,12.254335260115607,92.25433526011561,80.57803468208093,6.365740740740741,53.90898629843716,17.53774680603949,65.98848294428444
3130,一零四,數位雲端,212.0,-0.46948356807511304,18094905.7,True,0.16163793103448276,96.83168316831683,7.87,2026-06-01,False,91.30434782608695,3.414634146341464,-0.2715251569783431,92.57641921397381,-1.3333333333333348,91.32947976878613,42.3121387283237,0.8092485549132947,87.39884393063583,31.944444444444443,50.75883108542068,26.82926829268293,65.8113633159453
8464,億豐,五金及家具,367.5,1.9417475728155331,219718285.25,True,18.96551724137931,71.68316831683168,11.73,2026-06-01,False,91.66666666666666,-2.519893899204244,0.06059752287771406,78.27476038338658,8.493333333333334,91.84971098265896,18.497109826589593,70.52023121387283,57.6878612716763,64.35185185185185,60.58135302932991,31.47502903600465,65.62887286593758
6259,百徽,電子通路,29.35,-0.8445945945945943,20677653.585,True,26.916325336454065,64.15841584158416,82.68,2026-06-01,False,70.58823529411765,1.5570934256055464,-0.011152709309939826,68.89671361502347,35.080000000000005,72.3121387283237,32.25433526011561,41.15606936416185,34.68208092485549,92.01388888888889,54.483702633269104,87.57259001161441,65.57811860116949
6419,京晨科,光電及I/O,153.0,-3.7735849056603765,69505858.3,True,0.5733005733005733,92.67326732673268,344.15,2026-06-01,False,90.54054054054053,22.400000000000002,0.05811665403286537,78.66323907455013,-3.060000000000059,90.40462427745665,85.20231213872832,69.71098265895954,58.61271676300578,28.819444444444443,66.55001605651896,98.02555168408827,65.4601451464556
7728,光焱科技,電子設備,598.0,2.925989672977636,12717810.2,True,51.24653739612188,45.21452145214521,114.18,2026-06-01,False,68.83116883116884,1.3559322033898304,0.14161072225196772,66.66666666666666,75.94,70.63583815028902,30.63583815028902,88.32369942196532,29.595375722543356,96.52777777777779,63.1437058445729,91.869918699187,65.3663236054326
6026,福邦證,證券,14.7,0.0,14331103.122499999,True,16.439169139465875,73.66336633663366,1448.39,2026-06-01,False,62.5,6.521739130434772,-0.028091721319036846,76.16580310880828,809.6866666666667,63.35260115606937,53.410404624277454,33.410404624277454,51.79190751445086,99.76851851851852,60.34676728751873,99.65156794425087,65.3464179976234
9917,中保科,保全,110.5,0.454545454545463,43023933.425,True,4.202586206896552,83.96039603960396,2.56,2026-06-01,False,83.80376344086021,0.0,0.13169715265355747,90.57377049180327,0.29666666666666686,84.73988439306358,26.1271676300578,86.58959537572254,84.27745664739884,36.342592592592595,63.615339327767074,18.466898954703833,65.33926809127712
2727,王品,餐飲飯店,237.0,0.6369426751592355,131387716.15,True,2.610316967060286,86.93069306930693,16.59,2026-06-01,False,70.83333333333334,3.4934497816593884,0.27300052124242674,95.18072289156626,1.6766666666666676,72.60115606936417,42.54335260115607,98.95953757225433,91.5606936416185,40.74074074074074,69.28109612502678,39.721254355400696,65.33493786630682
4904,遠傳,通信網路,102.5,0.9852216748768461,815412459.55,True,48.4375,47.45874587458746,15.9,2026-06-01,False,52.94117647058824,-3.30188679245283,0.24494627865660154,91.11111111111111,2.243333333333334,54.21965317919075,16.069364161849713,97.45664739884393,85.20231213872832,43.1712962962963,59.2238546349818,37.86295005807201,65.30388780353535
2442,新美齊,建設,19.65,0.25510204081631294,30516934.832500003,True,16.473317865429234,73.5973597359736,220.09,2026-06-01,False,79.3103448275862,3.42105263157894,0.019078238128876143,65.49999999999999,97.56333333333332,80.7514450867052,42.42774566473989,55.02890173410404,26.473988439306357,97.56944444444444,60.45030507385999,95.9349593495935,65.18316180271628
6209,今國光,消費性電子,69.0,1.7699115044247815,364226716.365,True,0.5882352941176471,92.60726072607261,73.31,2026-06-01,False,94.73684210526315,8.320251177394029,-0.027100029010047905,70.98765432098764,3.026666666666671,94.6820809248555,59.884393063583815,33.52601156069364,40.115606936416185,46.06481481481482,54.854581460072794,85.24970963995354,65.04075110941035
8042,金山電,電子零組件,98.9,-0.10101010101009056,534707637.1,True,16.342648845686515,73.72937293729372,51.3,2026-06-01,False,90.66666666666666,-6.6981132075471645,-0.049935992113680744,46.9833729216152,12.136666666666663,90.52023121387283,9.017341040462428,23.815028901734102,2.8901734104046244,72.10648148148148,39.669851209591094,75.72590011614402,65.02974092498977
2330,台積電,半導體,2400.0,1.0526315789473717,67914907008.0,True,77.37068965517241,23.82838283828383,67.87,2026-06-01,False,32.06106870229007,5.263157894736842,0.010003231095362707,95.61752988047809,29.383333333333333,32.601156069364166,48.786127167630056,50.982658959537574,92.71676300578035,90.16203703703704,63.049748447869845,83.39140534262486,64.98079931253483
7788,松川精密,電子零組件,258.5,2.1739130434782705,388449517.4,True,18.269230769230766,72.27722772277228,65.66,2026-06-01,False,89.33333333333333,31.887755102040817,0.020722304935463443,88.52739726027397,23.953333333333333,89.59537572254335,92.94797687861272,55.83815028901734,80.69364161849711,87.38425925925925,81.29188075358596,82.57839721254355,64.97985941874282
8341,日友,資源回收,76.8,0.39215686274509665,12432529.05,True,0.4849137931034483,93.63036303630363,6.99,2026-06-01,False,91.30434782608695,0.3921568627450943,0.09631526628814045,83.93442622950819,-16.006666666666668,91.32947976878613,27.51445086705202,80.57803468208093,69.82658959537572,11.921296296296296,56.23397024191822,25.203252032520325,64.71121763240754
2611,志信,貨運倉儲,16.2,-2.114803625377648,24217507.202499997,True,24.63054187192118,66.20462046204621,56.42,2026-06-01,False,69.23076923076923,18.681318681318672,-0.050164294696246926,94.18604651162791,-1.5100000000000051,70.92485549132948,81.5028901734104,23.699421965317917,90.86705202312139,31.48148148148148,59.69514022693213,78.16492450638792,64.6134854618571
6922,宸曜,電腦及週邊,204.0,-0.4878048780487809,64379704.975,True,4.726735598227474,82.97029702970296,39.41,2026-06-01,False,87.93103448275862,17.579250720461097,0.06670295958412079,90.2654867256637,-12.003333333333337,88.32369942196532,80.69364161849711,72.3699421965318,83.8150289017341,14.351851851851851,67.91083279811603,66.7828106852497,64.556974347613
2605,新興,海運,36.7,0.2732240437158584,554803010.8625,True,0.48691418137553255,93.46534653465348,51.62,2026-06-01,False,90.9090909090909,18.006430868167207,-0.010025949579203964,84.65974625144176,31.009999999999998,90.98265895953757,81.15606936416185,42.19653179190752,71.67630057803468,90.50925925925925,75.30416399058018,75.9581881533101,64.36526958168012
2547,日勝生,建設,10.05,-0.9852216748768461,23909850.082499996,True,83.53969410050983,18.54785478547855,141.99,2026-06-01,False,10.344827586206897,-1.4705882352941038,0.12469076363683718,86.63793103448276,77.05333333333334,9.248554913294797,20.92485549132948,85.31791907514452,75.02890173410405,96.64351851851852,57.43274994647827,93.61207897793264,64.24117003350051
6279,胡連,汽車組件,127.5,0.7905138339920903,111958019.2,True,5.603448275862069,82.37623762376238,41.2,2026-06-01,False,89.1891891891892,12.831858407079647,0.2778982734574546,84.71760797342192,13.993333333333336,89.36416184971098,73.06358381502889,99.07514450867052,71.79190751445087,74.30555555555556,81.52007064868336,68.17653890824621,64.0672561143448
5607,遠雄港,貨運倉儲,53.9,-2.8828828828828867,53771332.114999995,True,25.538793103448278,65.21452145214522,37.01,2026-06-01,False,61.53846153846154,10.33776867963152,0.2658681676162226,96.42218246869409,-0.023333333333333428,62.25433526011561,65.89595375722543,98.4971098265896,94.45086705202313,35.41666666666667,71.30298651252409,65.04065040650406,63.96247474035434
2887,台新新光金,金融控股,37.15,1.7808219178082174,2013207554.0900002,True,93.3728448275862,9.306930693069306,329.5,2026-06-01,False,23.076923076923077,9.42562592047127,0.12776510950644168,98.41059602649005,-110.59999999999997,23.00578034682081,63.46820809248555,86.01156069364163,96.64739884393063,1.7361111111111112,54.17381181759795,97.79326364692218,63.49455868629702
6739,竹陞科技,電子設備,960.0,-1.2345679012345734,165894002.25,True,11.875,78.34983498349834,101.13,2026-06-01,False,88.31168831168831,2.0191285866099893,-0.018877137177842413,56.14035087719298,0.9299999999999926,88.78612716763006,34.45086705202312,37.57225433526011,9.248554913294797,38.657407407407405,41.743042175123094,90.2439024390244,63.45692936698154
2816,旺旺保,產險,37.55,0.5354752342703994,15695613.492500002,True,20.990712074303406,69.7029702970297,22.17,2026-05-01,False,80.0,12.4251497005988,0.13731006343194663,99.07651715039577,-9.083333333333329,81.38728323699422,72.02312138728324,87.51445086705202,97.34104046242774,17.01388888888889,71.05595696852922,46.573751451800234,63.319738440984736
5289,宜鼎,半導體,1510.0,-3.821656050955413,4288080424.25,True,3.8793103448275863,84.68646864686468,696.31,2026-06-01,False,91.6030534351145,25.833333333333336,-0.0403092889560376,75.87939698492463,56.23666666666668,91.67630057803468,88.78612716763006,28.32369942196532,51.09826589595375,96.18055555555556,71.21298972382787,99.1869918699187,63.29385779406927
2466,冠西電,光電及I/O,103.0,1.980198019801982,182792343.70999998,True,25.9231905465288,64.81848184818482,53.03,2026-06-01,False,66.21621621621621,8.87949260042284,-0.03608341387465167,84.42622950819673,55.50666666666667,67.16763005780348,62.19653179190752,30.173410404624278,71.21387283236994,95.94907407407408,65.34010383215585,76.88734030197445,63.26807785006009
5515,建國,營造,53.4,0.0,42640194.62,True,0.10775862068965517,97.26072607260726,24.55,2026-06-01,False,100.0,25.795053003533557,0.11589209661000613,95.87073608617594,6.376666666666669,99.07514450867052,88.67052023121387,83.46820809248555,93.52601156069365,58.217592592592595,84.59149539713124,48.954703832752614,63.22133491772573
5871,中租-KY,租賃,115.0,-0.43290043290042934,736196928.3,True,29.63362068965517,61.71617161716172,-0.82,2026-06-01,False,61.76075268817204,-4.166666666666666,0.10969911337267975,93.11740890688259,0.31000000000000016,62.42774566473989,14.219653179190752,82.54335260115607,89.01734104046243,36.45833333333333,56.933285163776496,15.098722415795587,63.081038985451784
2617,台航,海運,31.85,0.31496062992126816,50931392.325,True,32.435344827586206,59.7029702970297,37.28,2026-06-01,False,63.63636363636363,11.754385964912286,0.14001316054258175,95.35928143712576,10.713333333333335,64.56647398843931,69.82658959537572,87.97687861271676,92.13872832369943,69.21296296296296,76.74432669663884,65.38908246225319,63.06692379475405
2408,南亞科,半導體,510.0,1.7964071856287456,40776926491.725,True,62.317666126418146,35.64356435643564,621.34,2026-06-01,False,48.854961832061065,29.936305732484076,0.08141490602928686,96.5909090909091,-68.26333333333332,50.28901734104046,91.67630057803468,77.22543352601156,94.5664739884393,2.7777777777777777,63.30700064226075,98.95470383275261,63.033473646049416
7744,崴寶,電子零組件,505.0,3.696098562628336,52786602.05,True,34.07821229050279,58.48184818481849,128.13,2026-06-01,False,79.33333333333333,28.010139416983527,0.06751477070534985,83.05921052631578,15.870000000000005,80.92485549132948,90.28901734104046,72.94797687861272,68.55491329479769,77.89351851851852,78.12205630485978,92.91521486643438,63.02649157788028
4772,台特化,其他化學,260.5,-1.5122873345935761,156482247.65,True,3.4261241970021414,85.67656765676568,272.73,2026-06-01,False,93.75,13.755458515283841,0.04918054163493537,69.28191489361703,31.383333333333354,93.52601156069365,74.68208092485548,67.05202312138728,35.60693641618497,90.85648148148148,72.34470670092057,97.09639953542393,62.88681664686176
2881,富邦金,金融控股,141.5,7.196969696969702,2691878989.025,True,89.4396551724138,12.673267326732674,155.03,2026-05-01,False,30.76923076923077,12.749003984063744,0.1774578051656537,100.0,-16.25,31.213872832369944,72.94797687861272,92.13872832369943,98.95953757225433,11.574074074074074,61.3668379362021,94.3089430894309,62.883594153860614
1476,儒鴻,成衣,319.0,1.2698412698412653,588179382.675,True,0.3771551724137931,94.85148514851485,14.42,2026-06-01,False,86.95652173913044,-5.899705014749262,-0.054437678357299686,70.57522123893806,10.63,87.51445086705202,10.635838150289018,21.965317919075144,39.19075144508671,68.98148148148148,45.65756797259687,35.4239256678281,62.87332245741945
3528,安馳,電子通路,83.4,0.0,31641111.870000005,True,0.0,98.97689768976898,57.4,2026-06-01,False,100.0,3.2178217821782282,-0.0263560330224458,59.57142857142858,-11.756666666666668,99.07514450867052,40.809248554913296,34.21965317919075,14.682080924855493,14.467592592592593,40.65074395204452,78.397212543554,62.83629735554168
4967,十銓,半導體,272.5,-1.9784172661870492,1618739666.0,True,0.2704530087897228,95.84158415841584,35.0,2026-06-01,False,99.23664122137404,29.761904761904763,0.02506911301891435,89.49096880131363,-40.39999999999999,97.80346820809248,91.5606936416185,57.57225433526012,82.42774566473989,4.398148148148148,66.75246199957182,62.601626016260155,62.81803656186851
9945,潤泰新,建設,28.75,-0.8620689655172376,266261729.22250003,True,19.01939655172414,71.61716171617162,29.57,2026-06-01,False,77.58620689655173,10.576923076923077,0.1599183173880961,89.98435054773083,-23.879999999999995,78.78612716763006,66.47398843930635,90.28901734104046,83.23699421965318,7.523148148148148,65.26185506315565,55.63298490127758,62.79552946231361
3066,李洲,光電及I/O,23.5,0.2132196162046851,16826572.19,True,0.3331112591605596,95.18151815181518,49.95,2026-06-01,False,94.5945945945946,13.253012048192772,-0.047683295678526055,77.81456953642383,-2.213333333333331,94.21965317919076,73.757225433526,25.08670520231214,56.06936416184971,30.324074074074076,55.89140441019053,74.3321718931475,62.71599095016549
3498,陽程,電子設備,200.0,8.108108108108114,376001053.29499996,True,31.558185404339252,60.33003300330033,50.69,2026-06-01,False,74.02597402597402,101.61290322580645,0.11311837776242693,100.0,-34.510000000000005,76.18497109826589,99.88439306358381,83.121387283237,98.95953757225433,5.208333333333334,72.67172447013488,75.26132404181185,62.63035991218706
3708,上緯投控,樹脂,101.5,-1.4563106796116498,52958687.665,True,0.7543103448275862,91.32013201320132,61.7,2026-06-01,False,100.0,11.171960569550935,0.08653537468792931,70.48611111111111,5.150000000000013,99.07514450867052,68.4393063583815,78.26589595375722,38.84393063583815,52.893518518518526,67.50355919503319,80.95238095238095,62.608037434627036
6642,富致,電子零組件,76.6,0.9222661396574239,38042596.87499999,True,60.42780748663101,37.95379537953795,52.49,2026-06-01,False,59.333333333333336,7.132867132867125,0.07411765895712226,83.35146898803045,23.520000000000003,60.0,55.60693641618497,74.79768786127168,69.01734104046243,87.03703703703704,69.29180047099123,76.53890824622532,62.4873282176257
2633,台灣高鐵,陸運,26.3,0.3816793893129722,121303199.88250001,True,17.995689655172413,72.54125412541255,2.77,2026-06-01,False,72.64784946236558,1.1538461538461564,-0.08436202869191611,91.63763066202091,-1.4033333333333329,74.56647398843931,29.826589595375726,13.410404624277456,86.1271676300578,31.712962962962965,47.12871976022265,18.931475029036005,62.44963176303935
4771,望隼,醫療耗材,204.0,1.74563591022443,43569686.45,True,1.5151515151515151,89.17491749174917,31.26,2026-06-01,False,69.44444444444444,12.087912087912088,0.2475652737538647,94.88372093023256,-5.956666666666667,71.21387283236994,70.86705202312139,97.80346820809248,91.44508670520231,21.064814814814813,70.4788589167202,57.955865272938446,62.436943196847324
5269,祥碩,半導體,1415.0,1.0714285714285676,1046197213.0,True,2.209051724137931,87.59075907590758,-22.41,2026-06-01,False,94.65648854961832,-2.7491408934707904,0.045581876560637495,84.22619047619048,-2.623333333333335,94.33526011560693,18.15028901734104,66.1271676300578,70.63583815028902,29.28240740740741,55.70619246414044,2.9036004645760745,62.43110242828274
1580,新麥,機械,106.0,-0.9345794392523366,10514211.85,True,6.68103448275862,81.91419141914191,3.17,2026-06-01,False,94.11764705882352,-4.504504504504505,-0.02956200652079978,74.91166077738515,9.153333333333334,94.04624277456647,13.872832369942195,32.369942196531795,49.36416184971098,65.27777777777779,50.98619139370584,19.97677119628339,62.37858586265467
6944,兆聯實業,資源回收,712.0,0.99290780141843,297944191.25,True,0.6557377049180327,91.84818481848185,29.98,2026-06-01,False,86.95652173913044,-0.4195804195804196,-0.15880901988090002,66.54205607476635,-6.783333333333335,87.51445086705202,24.277456647398843,4.508670520231214,29.364161849710985,19.328703703703702,32.99868871761935,56.736353077816496,62.33437728679517
2606,裕民,海運,78.0,7.883817427385886,572419936.225,True,28.23275862068966,62.70627062706271,35.52,2026-06-01,False,72.72727272727273,25.603864734299513,0.24021279870071335,100.0,-3.136666666666663,74.79768786127168,88.32369942196532,97.22543352601156,98.95953757225433,28.587962962962965,77.57886426889318,63.29849012775842,62.18300403482978
2027,大成鋼,基本金屬,50.6,-0.7843137254901933,1038644122.7299999,True,33.83054892601432,58.67986798679868,43.73,2026-06-01,False,63.41463414634146,19.905213270142173,0.18860565501987175,99.2156862745098,2.4199999999999946,64.27745664739885,83.121387283237,93.64161849710982,97.57225433526011,43.86574074074074,76.4956915007493,69.80255516840883,62.132719716957695
1736,喬山,家電製品,126.5,-0.3937007874015741,133171421.375,True,0.28851702250432776,95.7095709570957,14.49,2026-06-01,False,94.73684210526315,-3.065134099616858,0.11423857378777606,69.12568306010928,6.9799999999999995,94.6820809248555,17.109826589595375,83.35260115606935,35.14450867052023,60.30092592592593,58.117988653393276,35.656213704994194,62.093244177693634
4739,康普,其他化學,83.3,-0.9512485136741966,133911893.54000004,True,2.0138089758342925,87.78877887788778,113.79,2026-06-01,False,100.0,10.477453580901845,-0.03359864301846124,64.07692307692308,-3.203333333333333,99.07514450867052,66.1271676300578,31.445086705202314,23.583815028901732,28.35648148148148,49.71753907086277,91.75377468060395,62.0713916470296
6937,天虹,電子設備,262.0,0.5758157389635254,107187331.975,True,69.41896024464832,30.23102310231023,64.17,2026-06-01,False,55.84415584415584,3.149606299212598,0.042770503364114296,74.53769559032717,28.663333333333334,57.34104046242775,40.23121387283237,64.97109826589596,48.554913294797686,89.93055555555556,60.205764290301865,81.99767711962835,61.91560425100535
3617,碩天,電子零組件,247.5,-3.8834951456310662,199328382.45,True,19.568916619398752,70.89108910891089,25.6,2026-06-01,False,86.66666666666667,18.990384615384613,0.11161182006873127,95.1923076923077,9.496666666666666,87.22543352601157,81.96531791907515,82.77456647398844,91.79190751445087,66.43518518518519,82.03848212374226,50.40650406504065,61.86463179660699
2032,新鋼,基本金屬,17.4,0.28818443804032867,10750433.445000002,True,0.8074534161490683,91.02310231023102,11.99,2026-06-01,False,95.1219512195122,11.538461538461533,0.061612082471880575,93.2975871313673,-5.7333333333333325,95.26011560693641,69.2485549132948,70.98265895953757,89.36416184971098,21.52777777777778,69.2766538214515,32.05574912891986,61.85786791806811
2537,聯上發,建設,11.4,-0.8695652173912993,12670043.620000001,True,69.19475655430712,30.429042904290426,57.68,2026-06-01,False,25.862068965517242,4.109589041095901,0.15450630195774775,91.93548387096774,-1771.9133333333332,25.953757225433527,44.39306358381503,89.71098265895954,86.82080924855491,0.4629629629629629,49.46831513594519,78.74564459930313,61.78178687236914
6753,龍德造船,機車船製造,139.5,-1.0638297872340385,306929517.1,True,0.0,98.97689768976898,33.41,2026-06-01,False,100.0,4.887218045112782,-0.0054513013920804475,68.55036855036855,-3.2033333333333402,99.07514450867052,47.167630057803464,44.04624277456647,34.21965317919075,28.240740740740737,50.549882252194394,60.85946573751452,61.74665834189308
5306,桂盟,自行車組件,94.8,0.21141649048626032,17240862.985,True,49.0301724137931,46.864686468646866,31.67,2026-06-01,False,46.84139784946236,5.921787709497203,0.06946505658134755,95.18072289156628,15.810000000000002,48.323699421965316,51.676300578034684,73.64161849710983,91.67630057803468,77.77777777777779,68.61913937058446,58.536585365853654,61.71507119695474
2897,王道銀行,本國銀行,10.2,-0.487804878048792,35943267.032500006,True,61.36853448275862,37.16171617161716,14.1,2026-06-01,False,44.44444444444444,0.0,0.10545833099914673,95.77464788732394,-13.699999999999998,45.028901734104046,26.1271676300578,81.73410404624278,93.0635838150289,13.310185185185187,51.85278848212374,34.84320557491289,61.70213087349701
4973,廣穎,半導體,155.0,-1.5873015873015928,369644924.475,True,12.732558139534882,77.49174917491749,197.3,2026-06-01,False,87.78625954198473,20.155038759689923,-0.018550460260393815,73.80952380952381,33.77000000000001,88.09248554913295,83.58381502890172,37.91907514450867,46.936416184971094,91.66666666666666,69.63969171483623,95.23809523809523,61.670795485824385
8083,瑞穎,機械,159.0,-0.31347962382445305,16169893.825,True,2.0474137931034484,87.72277227722772,-8.87,2026-06-01,False,97.05882352941177,2.5806451612903225,-0.045102057473151956,88.33333333333333,1.6966666666666654,96.53179190751445,37.91907514450867,26.011560693641616,79.88439306358381,40.85648148148148,56.24066045814601,7.897793263646922,61.59872577255913
3706,神達,電腦及週邊,91.4,-0.7600434310531923,1050510842.1699998,True,68.42672413793103,31.353135313531354,80.93,2026-06-01,False,27.586206896551722,3.6281179138322024,0.17293782531576446,85.42056074766356,26.89666666666667,28.61271676300578,43.12138728323699,91.90751445086705,73.41040462427746,88.77314814814815,65.1650342539071,87.39837398373984,61.57502702194652
3305,昇貿,印刷電路板,107.0,-0.46511627906976605,200915573.715,True,33.997844827586206,58.580858085808586,76.0,2026-06-01,False,88.37209302325581,5.9405940594059405,-0.05813627472138801,63.88059701492538,6.819999999999993,88.90173410404626,51.96531791907515,20.69364161849711,22.658959537572255,59.83796296296296,48.811523228430744,86.1788617886179,61.443559377790315
5386,青雲,電子通路,236.0,-2.4793388429752095,284660350.4,True,0.16163793103448276,96.83168316831683,442.3,2026-06-01,False,96.07843137254902,5.592841163310962,-0.06518758902168673,39.79763912310287,22.183333333333394,96.06936416184972,50.05780346820809,19.190751445086704,1.1560693641618496,85.41666666666666,50.378131021194605,98.60627177700349,61.44347545870174
8473,山林水,資源回收,45.0,1.0101010101010166,32181583.0725,True,0.3270111183780248,95.24752475247524,18.1,2026-06-01,False,95.65217391304348,6.508875739644971,-0.03417306079342069,80.35714285714286,4.586666666666666,95.72254335260115,53.294797687861276,31.213872832369944,62.080924855491325,51.736111111111114,58.809649967886955,41.11498257839721,61.40591327465711
2892,第一金,金融控股,33.8,0.7451564828613977,1514834962.9374998,True,86.85344827586206,15.346534653465346,9.73,2026-06-01,False,46.15384615384615,-2.873563218390805,0.09436405456123517,91.97278911564625,-19.740000000000002,47.28323699421965,17.341040462427745,79.88439306358381,86.9364161849711,9.606481481481481,48.21031363733675,28.687572590011612,61.39154632669365
6756,威鋒電子,半導體,102.0,3.658536585365857,15085093.020000001,True,51.272727272727266,45.14851485148515,50.06,2026-06-01,False,58.01526717557252,13.712374581939796,0.13613228605053546,90.66666666666666,22.88,59.07514450867052,74.45086705202311,87.28323699421965,84.5086705202312,86.22685185185185,78.30895418539926,74.91289198606272,61.01145999073533
2103,台橡,橡膠原料,28.1,-0.7067137809187218,234349393.34499997,True,19.182027649769584,71.28712871287128,40.24,2026-06-01,False,71.37096774193549,32.547169811320764,0.08388107530134184,98.0802792321117,9.513333333333332,73.17919075144509,93.41040462427745,77.91907514450868,96.30057803468208,66.66666666666666,81.495183044316,67.47967479674797,60.88725973964942
5876,上海商銀,本國銀行,43.75,0.8064516129032251,348146731.65250003,True,41.918103448275865,53.069306930693074,-4.39,2026-06-01,False,66.66666666666666,-0.34168564920273026,0.21775170321528045,93.08510638297872,-2.3066666666666666,68.26589595375722,24.6242774566474,95.72254335260115,88.90173410404626,30.208333333333332,61.544556840077064,10.91753774680604,60.86522258699053
6840,東研信超,檢測驗證,83.4,0.846432889963733,31846047.709999997,True,34.63796477495107,57.88778877887789,17.85,2026-06-01,False,100.0,41.35593220338984,0.0710070294537376,100.0,2.7733333333333334,99.07514450867052,95.72254335260115,74.21965317919074,98.95953757225433,45.08101851851852,82.61157942624706,40.998838559814175,60.82774432203447
2520,冠德,建設,35.4,-2.880658436214001,55744871.114999995,True,76.2063227953411,24.752475247524753,52.31,2026-06-01,False,17.24137931034483,1.1428571428571388,0.15913352149970544,88.0597014925373,-4.896666666666668,16.589595375722542,29.71098265895954,90.17341040462428,79.07514450867052,23.72685185185185,47.855196959965745,76.42276422764228,60.594130363268945
1402,遠東新,人纖,29.0,-1.5280135823429464,545075878.5224999,True,15.625,74.32343234323432,12.06,2026-06-01,False,66.66666666666666,5.839416058394166,0.37939725740922875,95.55189456342669,-3.2200000000000006,68.26589595375722,51.32947976878612,99.65317919075144,92.60115606936417,28.125,67.9949421965318,32.17189314750291,60.42736635045954
8210,勤誠,電子零組件,965.0,-0.20682523267838704,1703438822.95,True,72.14439655172413,28.250825082508253,98.03,2026-06-01,False,44.0,-5.392156862745098,-0.10805511646249591,62.057877813504824,51.373333333333335,44.39306358381503,11.445086705202312,9.248554913294797,18.497109826589593,95.37037037037037,35.79083707985442,89.77932636469221,60.30610326747363
3556,禾瑞亞,半導體,61.5,-2.535657686212367,23454852.794999998,True,52.209051724137936,44.224422442244226,66.86,2026-06-01,False,56.48854961832062,6.0344827586206895,0.035293583252201076,76.49253731343283,35.61,57.57225433526012,52.138728323699425,62.19653179190752,52.716763005780344,92.24537037037037,63.37392956540356,83.04297328687572,60.29831557605419
4114,健喬,藥,29.9,-1.1570247933884392,34458292.7275,True,23.22198275862069,67.26072607260726,30.68,2026-06-01,False,53.333333333333336,2.3972602739726003,0.1259880429226374,81.80574555403557,11.643333333333334,54.5664739884393,36.878612716763,85.43352601156069,65.3179190751445,70.7175925925926,62.58282487690002,57.60743321718932,60.15330339100253
2344,華邦電,半導體,179.0,1.1299435028248483,25439316451.775,True,44.69235970250169,50.89108910891089,189.88,2026-06-01,False,67.93893129770993,24.305555555555554,0.016985671144234833,80.63063063063063,5.190000000000026,69.94219653179191,87.39884393063583,54.33526011560693,62.774566473988436,53.00925925925925,65.49202526225648,95.1219512195122,60.10996757366418
4576,大銀微系統,機械,197.0,-0.5050505050505083,522586108.6,True,32.250153280196194,59.86798679867987,62.56,2026-06-01,False,85.29411764705883,9.141274238227147,0.006520941506773173,69.24428822495607,12.266666666666673,86.24277456647398,63.121387283237,49.47976878612717,35.49132947976879,72.22222222222221,61.311496467565824,81.30081300813008,59.97838244278396
4736,泰博,醫療耗材,137.0,-2.491103202846978,49267787.15,True,0.5926724137931034,92.47524752475248,2.09,2026-06-01,False,80.55555555555556,5.7915057915057915,0.13155538186219587,94.15807560137456,8.469999999999999,82.08092485549133,50.982658959537574,86.35838150289017,90.7514450867052,64.23611111111111,74.88190430314708,17.94425087108014,59.94849046343478
8096,擎亞,電子通路,107.5,1.4150943396226356,634506006.15,True,76.24309392265194,24.686468646864686,433.49,2026-06-01,False,21.568627450980394,-14.682539682539684,-0.02869427993395492,63.421828908554566,230.37333333333333,21.734104046242773,1.8497109826589597,33.179190751445084,21.38728323699422,98.95833333333334,35.421724470134876,98.49012775842044,59.94045101474962
5351,鈺創,半導體,115.5,-2.1186440677966156,2392118675.91,True,46.37096774193548,49.04290429042904,657.48,2026-06-01,False,64.8854961832061,53.38645418326694,0.1173536905253038,85.23985239852398,97.47333333333336,66.01156069364161,98.38150289017341,83.8150289017341,72.94797687861272,97.45370370370371,83.7219546135731,99.07084785133566,59.91222063335415
3036,文曄,電子通路,198.5,-0.9975062344139696,2579746592.625,True,45.3125,50.26402640264026,188.09,2026-06-01,False,60.78431372549019,4.199475065616798,-0.08998345288968702,65.83747927031509,48.26333333333332,61.50289017341041,44.6242774566474,12.254335260115607,27.630057803468205,95.02314814814815,48.20694176835796,95.00580720092915,59.87861943029009
2412,中華電,通信網路,136.5,0.0,1603082814.4,True,79.84913793103449,21.980198019801982,11.4,2026-06-01,False,35.294117647058826,-3.1914893617021276,0.0762390369599368,93.1740614334471,3.2666666666666675,35.72254335260116,16.416184971098264,75.3757225433526,89.13294797687861,46.64351851851852,52.658183472489824,30.89430894308943,59.83340382536773
6831,邁科,電子零組件,562.0,2.3679417122040025,697746802.425,True,13.259668508287293,76.89768976897689,29.3,2026-06-01,False,93.33333333333333,-0.8818342151675485,0.008686516057088686,58.78661087866108,31.23,93.29479768786128,22.54335260115607,50.40462427745665,13.0635838150289,90.74074074074075,54.00941982444873,55.28455284552846,59.77489543681564
4129,聯合,醫療耗材,87.0,-0.3436426116838476,10360216.46,True,0.16163793103448276,96.83168316831683,17.08,2026-06-01,False,93.05555555555556,-0.5714285714285714,-0.12409653379492143,66.41221374045801,1.0299999999999976,92.94797687861272,23.352601156069362,6.820809248554912,28.901734104046245,39.004629629629626,38.20555020338257,40.243902439024396,59.685253066403504
6782,視陽,醫療耗材,230.0,9.523809523809534,89817610.275,True,10.176991150442479,79.73597359735973,45.95,2026-06-01,False,61.111111111111114,29.213483146067414,0.28326369970662196,97.87234042553192,25.663333333333338,62.080924855491325,91.32947976878613,99.30635838150289,96.06936416184972,88.31018518518519,87.41926247056305,71.66085946573752,59.620417178573106
6592,和潤企業,租賃,61.6,0.6535947712418277,25504663.244999997,True,2.7590435315757205,86.66666666666667,-6.2,2026-06-01,False,86.55913978494624,2.1558872305141032,0.1460694127605643,87.25212464589237,-2.2,87.05202312138728,35.83815028901734,88.78612716763006,77.10982658959537,30.439814814814813,63.84518839648898,9.75609756097561,59.51994924573523
6561,是方,通信網路,322.0,0.31152647975076775,17093620.075,True,3.0172413793103448,86.13861386138613,10.18,2026-06-01,False,90.19607843137256,0.15552099533437014,-0.011056906248784186,73.18181818181819,15.64,90.11560693641619,27.05202312138728,41.38728323699422,45.664739884393065,77.43055555555556,56.33004174694927,29.268292682926827,59.4991540955872
6122,擎邦,工程承攬,48.9,0.5138746145940454,12337786.1425,True,32.48195446973903,59.471947194719476,20.25,2026-06-01,False,60.0,-0.508646998982706,0.03092107022089551,77.99043062200957,24.19333333333333,60.578034682080926,23.815028901734102,60.578034682080926,56.41618497109827,87.5,57.77745664739884,44.48315911730546,59.415587467187635
6277,宏正,光電及I/O,79.7,-1.8472906403940836,52362914.495,True,83.83620689655173,18.415841584158414,35.12,2026-06-01,False,25.675675675675674,2.3106546854942196,0.23726258375811346,91.08571428571429,16.173333333333332,25.780346820809246,36.531791907514446,96.878612716763,85.08670520231215,78.35648148148148,64.52678762577605,62.9500580720093,59.32132954690406
6741,91APP*-KY,數位雲端,57.3,0.3502626970227629,15084511.84,True,0.23455824863174357,96.17161716171617,32.45,2026-06-01,False,86.95652173913044,5.1376146788990775,0.18199171571256126,69.79293544457978,0.393333333333338,87.51445086705202,48.323699421965316,92.83236994219654,37.10982658959537,36.574074074074076,60.470884178976654,59.58188153310105,58.970614891945786
7711,永擎,電腦及週邊,515.0,3.5175879396984966,480549412.35,True,42.7027027027027,52.34323432343234,140.79,2026-06-01,False,46.55172413793103,80.7017543859649,0.0550320455497742,96.26168224299066,102.89333333333332,47.630057803468205,99.53757225433526,68.4393063583815,94.10404624277456,97.68518518518519,81.47923356882896,93.4959349593496,58.92311668781428
8299,群聯,半導體,2085.0,-2.3419203747072626,11310811337.25,True,19.127155172413794,71.41914191419141,301.0,2026-06-01,False,83.20610687022901,26.36363636363636,-0.03726197257675828,72.39583333333334,21.379999999999995,84.04624277456647,89.47976878612717,29.71098265895954,43.58381502890173,84.60648148148148,66.28545814600729,97.32868757259001,58.86974414748276
2542,興富發,建設,47.5,-1.65631469979296,394181660.58,True,27.532327586206897,63.33333333333333,16.47,2026-06-01,False,65.51724137931035,10.593713620488932,0.26978615564250863,97.3360655737705,-2052.976666666667,66.64739884393065,66.58959537572254,98.72832369942196,95.49132947976878,0.3472222222222222,65.56077392421324,39.48896631823461,58.75952481655287
9939,宏全,塑膠製品,132.5,-1.486988847583648,250306053.4,True,34.428879310344826,58.01980198019802,12.13,2026-06-01,False,57.997311827956985,3.515625,0.1910695104536895,91.6955017301038,-0.033333333333333215,58.95953757225434,42.77456647398844,93.87283236994219,86.47398843930635,35.300925925925924,63.47637015628345,32.28803716608595,58.736749175914554
8227,巨有科技,半導體,165.0,10.000000000000009,99326089.225,True,3.4909909909909906,85.34653465346534,88.44,2026-06-01,False,92.36641221374046,14.583333333333334,-0.017837866933459984,66.26506024096386,-35.25,92.60115606936417,76.18497109826589,38.15028901734104,28.55491329479769,4.976851851851852,48.09363626632413,88.50174216027874,58.36821010654368
3135,凌航,半導體,180.0,1.6949152542372836,433322935.8,True,3.90625,84.48844884488449,150.02,2026-06-01,False,90.83969465648855,23.711340206185564,-0.007985618305986795,69.09788867562379,-180.75333333333336,90.7514450867052,86.47398843930635,43.12138728323699,35.028901734104046,1.3888888888888888,51.352922286448305,94.07665505226481,58.345753358441925
5328,華容,電子零組件,63.0,1.7770597738287597,1355089030.135,True,78.01418439716312,23.564356435643564,63.54,2026-06-01,False,36.666666666666664,2.7732463295269216,-0.012579884800063345,76.45631067961165,30.199999999999996,37.57225433526011,38.72832369942196,40.346820809248555,52.601156069364166,90.39351851851852,51.92841468636267,81.53310104529616,58.24454693762462
7810,捷創科技,電子設備,212.0,-0.46948356807511304,11389862.425,True,4.3478260869565215,83.76237623762376,116.46,2026-06-01,False,93.5064935064935,13.066666666666665,0.0997910072092926,62.721893491124256,19.64666666666666,93.41040462427745,73.41040462427746,81.04046242774567,20.46242774566474,83.10185185185185,70.28511025476344,92.10220673635308,58.141158620504456
3324,雙鴻,電子零組件,1065.0,4.92610837438423,2764656269.25,True,55.01077586206896,41.71617161716172,62.13,2026-06-01,False,66.0,22.413793103448278,0.10218943025054526,83.203125,-3.463333333333331,67.05202312138728,85.31791907514452,81.38728323699422,68.78612716763006,27.314814814814813,65.97163348319418,81.06852497096399,57.897189046209206
7750,新代,機械,2350.0,9.81308411214954,986263628.5,True,42.92035398230089,52.07920792079208,151.4,2026-06-01,False,67.64705882352942,22.715404699738905,-0.009280217991570302,76.54723127035831,39.890000000000015,69.82658959537572,85.54913294797689,42.42774566473989,52.832369942196536,93.40277777777779,68.80772318561336,94.19279907084785,57.8256564151108
3217,優群,電子零組件,135.5,-1.0948905109489093,100715769.575,True,7.435344827586207,81.32013201320132,2.42,2026-06-01,False,94.66666666666667,-6.551724137931035,-0.2598023484775365,65.45893719806763,11.92,94.45086705202313,9.479768786127167,1.3872832369942196,26.242774566473987,71.64351851851852,40.64084243202741,18.35075493612079,57.39115694212269
2031,新光鋼,基本金屬,46.35,0.5422993492407713,100983488.2,True,11.37469586374696,78.81188118811882,7.82,2026-06-01,False,82.92682926829268,16.457286432160817,0.13481879667963803,99.67741935483872,0.5166666666666684,83.8150289017341,79.07514450867052,86.82080924855491,97.80346820809248,37.15277777777778,76.93344572896595,26.59698025551684,57.285083214168225
3529,力旺,半導體,2195.0,-0.2272727272727315,2684339185.0,True,30.711206896551722,61.05610561056105,47.05,2026-06-01,False,77.86259541984732,-0.22727272727272727,-0.10240014170578336,46.65249734325186,23.043333333333333,79.07514450867052,25.08670520231214,10.057803468208093,2.6589595375722546,86.57407407407408,40.69053735816742,72.47386759581882,57.280316609937366
8114,振樺電,電腦及週邊,195.0,-0.2557544757033292,216035073.45,True,41.37931034482759,53.399339933993396,19.14,2026-06-01,False,50.0,-8.665105386416862,-0.0035062207518998315,71.03825136612022,27.78,51.61849710982659,5.895953757225433,44.971098265895954,40.346820809248555,89.81481481481481,46.52943695140227,42.857142857142854,57.23162675474815
2010,春源,基本金屬,22.65,-0.6578947368421129,33465789.102500003,True,1.9396551724137931,87.88778877887789,-0.43,2026-06-01,False,90.2439024390244,7.345971563981029,0.1925882886510896,87.7906976744186,-0.6966666666666667,90.28901734104046,56.30057803468208,93.98843930635839,78.26589595375722,33.91203703703704,70.55119353457505,16.144018583042975,57.09958846078965
2108,南帝,橡膠原料,30.05,-0.6611570247933907,35202051.805,True,51.831896551724135,44.587458745874585,31.78,2026-06-01,False,44.590053763440864,10.073260073260073,0.26696730100537236,93.46811819595646,0.11333333333333329,45.31791907514451,65.54913294797687,98.61271676300578,89.59537572254335,35.879629629629626,66.99095482766003,58.6527293844367,57.00422280853692
6805,富世達,電子零組件,1845.0,7.8947368421052655,3291898729.5,True,12.40768094534712,77.95379537953795,32.66,2026-06-01,False,94.0,37.6865671641791,0.013727513622486876,83.29571106094808,-10.31666666666667,93.87283236994219,94.79768786127167,52.832369942196536,68.90173410404624,15.74074074074074,65.22907300363947,59.69802555168408,56.91872604110021
3022,威強電,電腦及週邊,93.0,-0.8528784648187626,394960906.20500004,True,78.44827586206897,23.16831683168317,79.97,2026-06-01,False,18.96551724137931,4.2600896860986515,0.037176451401031194,82.30088495575221,23.75333333333333,18.497109826589593,44.73988439306358,63.121387283237,66.70520231213874,87.26851851851852,56.06642046670949,86.87572590011614,56.834538411445216
3665,貿聯-KY,電子零組件,2075.0,1.2195121951219523,7512700569.5,True,91.8103448275862,10.825082508250825,63.79,2026-06-01,False,16.666666666666664,-6.320541760722348,-0.0819317450925405,70.578231292517,22.563333333333333,15.722543352601157,9.710982658959537,13.872832369942195,39.421965317919074,85.76388888888889,32.89844251766217,81.76538908246226,56.799728773505734
6613,朋億*,電子設備,247.5,-1.3944223107569709,121418289.125,True,93.04956896551724,9.636963696369637,120.45,2026-06-01,False,16.883116883116884,-12.389380530973451,-0.22324683446095842,63.46153846153846,42.78666666666666,16.300578034682083,2.8901734104046244,1.8497109826589597,21.502890173410407,93.75,27.258670520231213,92.21835075493613,56.782911388155995
2637,慧洋-KY,海運,95.5,-1.6477857878475777,615433238.615,True,56.14224137931034,40.95709570957096,57.92,2026-06-01,False,36.36363636363637,16.605616605616596,0.08377581725124564,93.62745098039215,16.24666666666667,37.052023121387286,79.30635838150289,77.80346820809248,90.17341040462428,78.58796296296296,72.58464461571398,78.86178861788618,56.695215940598715
1709,和益,清潔劑,33.75,-2.5974025974025983,254070008.96999997,True,64.27801724137932,33.92739273927393,70.14,2026-06-01,False,40.0,37.47454175152749,0.06443951918431197,97.40259740259741,43.870000000000005,40.52023121387283,94.6820809248555,71.67630057803468,95.72254335260115,93.98148148148148,79.31652751016912,84.20441347270615,56.441276778581155
3051,力特,光電及I/O,22.95,-0.4338394793926281,11266804.875000002,True,41.56534954407295,53.26732673267327,42.47,2026-06-01,False,56.75675675675676,5.517241379310342,0.15580132927778803,74.51298701298701,18.016666666666666,57.6878612716763,49.82658959537572,89.82658959537572,48.4393063583815,80.67129629629629,65.29032862342112,69.10569105691057,56.351567272898166
2465,麗臺,電腦及週邊,89.4,-2.5081788440567077,386166745.325,True,58.98305084745763,38.81188118811881,543.89,2026-06-01,False,36.206896551724135,19.83914209115283,0.023604145977505556,85.14285714285715,258.88,36.70520231213873,82.89017341040463,57.10982658959538,72.71676300578035,99.18981481481481,69.72235602654678,98.83855981416957,56.34258793042101
1815,富喬,印刷電路板,109.0,1.3953488372093092,3632522955.71,True,51.93089430894309,44.35643564356436,46.36,2026-06-01,False,76.74418604651163,60.53019145802649,0.07799965876526217,85.8267716535433,-3.4466666666666725,77.91907514450868,98.72832369942196,75.95375722543352,73.8728323699422,27.430555555555557,70.78090879897238,71.8931475029036,56.239182829483134
6716,應廣,半導體,127.5,4.081632653061229,79010391.37,True,55.66944266495836,41.320132013201324,60.58,2026-06-01,False,54.19847328244275,66.01562500000001,0.12282720857533125,92.72727272727272,16.156666666666673,55.3757225433526,99.07514450867052,84.73988439306358,87.74566473988439,78.24074074074075,81.03543138514236,80.13937282229965,56.04640389921653
2348,海悅,建設,70.1,-2.0949720670391025,39457097.25,True,90.2478448275862,12.145214521452145,247.66,2026-06-01,False,5.172413793103448,-8.246073298429334,-0.08096583909524255,67.08133971291865,210.90666666666667,3.641618497109827,6.589595375722543,14.219653179190752,30.057803468208093,98.8425925925926,30.67025262256476,96.63182346109176,55.93541251267179
4542,科嶠,電子設備,265.0,6.000000000000005,230882309.325,True,81.07617896009674,20.33003300330033,102.05,2026-06-01,False,36.36363636363637,-5.525846702317291,-0.049426357175472654,53.64372469635627,46.39,37.052023121387286,11.098265895953757,24.277456647398843,6.705202312138728,94.44444444444444,34.71547848426461,90.47619047619048,55.78378750344069
6491,晶碩,醫療耗材,372.5,1.775956284153013,203345102.5,True,25.268817204301076,65.47854785478548,33.94,2026-06-01,False,41.66666666666667,15.146831530139105,0.20671438967954983,98.28496042216359,3.756666666666664,42.2543352601156,77.45664739884393,94.91329479768787,96.41618497109826,48.842592592592595,71.97661100406765,61.904761904761905,55.779658684282964
2413,環科,電子零組件,42.8,-0.5807200929152101,36942217.925,True,0.0,98.97689768976898,33.55,2026-06-01,False,100.0,12.335958005249333,0.0556563732312506,68.47999999999999,3.2366666666666646,99.07514450867052,71.32947976878613,68.78612716763006,33.872832369942195,46.52777777777778,63.91827231856134,61.091753774680605,55.67756272112679
7786,東方風能,海運,121.0,-0.4115226337448541,25513005.975,True,0.0,98.97689768976898,18.58,2026-06-01,False,100.0,-2.0242914979757085,0.0763222408989984,42.6056338028169,-17.613333333333337,99.07514450867052,19.884393063583815,75.4913294797688,1.3872832369942196,10.648148148148149,41.2972596874331,41.92799070847851,55.62650634763986
3094,聯傑,半導體,38.35,0.9210526315789558,69421189.66000001,True,67.07974137931035,32.01320132013201,74.09,2026-06-01,False,43.51145038167939,16.92073170731709,0.013951767635453248,84.7513812154696,36.64333333333334,44.16184971098266,79.88439306358381,53.063583815028906,72.02312138728324,92.5925925925926,68.34510811389426,85.83042973286877,55.53275194188772
6117,迎廣,電子零組件,63.0,3.2786885245901676,14622905.719999999,True,6.10134436401241,82.24422442244224,-11.35,2026-06-01,False,95.33333333333334,-7.624633431085048,-0.0809197972485229,66.3157894736842,-7.3533333333333335,95.37572254335261,7.8612716763005785,14.335260115606937,28.670520231213874,18.63425925925926,32.97540676514665,5.923344947735192,55.52707901150028
6679,鈺太,半導體,198.0,0.7633587786259444,62602570.025,True,3.0951041080472708,85.94059405940594,9.93,2026-06-01,False,93.89312977099237,-5.263157894736842,-0.03800332332752688,57.3082489146165,-1.0700000000000003,93.75722543352602,11.560693641618498,29.2485549132948,10.751445086705203,32.98611111111111,35.66080603725113,29.036004645760745,55.495995381093365
2535,達欣工,營造,90.2,-0.879120879120876,35874662.29000001,True,32.2198275862069,60.0990099009901,19.94,2026-06-01,False,33.33333333333333,4.398148148148144,0.010546767764685352,93.27817993795243,19.6,34.104046242774565,45.202312138728324,51.445086705202314,89.2485549132948,82.98611111111111,60.597222222222214,43.786295005807204,55.48414600578706
2204,中華,汽車製造,54.0,-0.5524861878453025,91415365.97,True,19.34250764525994,71.15511551155116,6.71,2026-06-01,False,71.23655913978494,4.854368932038835,0.18669735111971875,84.375,4.243333333333334,72.94797687861272,47.05202312138728,93.41040462427745,71.09826589595376,50.57870370370371,67.01747484478697,24.738675958188153,55.433223902841846
6605,帝寶,汽車組件,138.5,-0.7168458781361964,63714770.0,True,8.512931034482758,80.75907590759076,4.45,2026-06-01,False,86.48648648648648,6.538461538461539,0.151293839544219,82.44047619047619,6.38,86.9364161849711,53.641618497109825,89.47976878612717,66.93641618497111,58.333333333333336,71.0655105973025,21.254355400696863,55.37139231838231
6658,聯策,電子設備,157.0,0.31948881789136685,52468058.55,True,11.29032258064516,78.87788778877888,51.6,2026-06-01,False,89.6103896103896,8.650519031141869,-0.005146057475375577,61.08949416342413,42.21333333333334,89.82658959537572,61.156069364161844,44.16184971098266,16.878612716763005,93.63425925925925,61.131476129308496,75.84204413472706,55.34779427067598
6214,精誠,資訊服務,181.5,1.1142061281337101,717008135.65,True,46.497844827586206,48.77887788778878,76.9,2026-06-01,False,25.53191489361702,26.923076923076923,0.09182206234832435,100.0,26.556666666666672,25.549132947976876,89.94219653179191,79.30635838150289,98.95953757225433,88.54166666666666,76.45977842003853,86.52729384436701,55.27344195820157
6446,藥華藥,藥,1490.0,1.016949152542379,5274848586.25,True,60.68222621184919,37.68976897689769,94.88,2026-06-01,False,28.888888888888886,33.6322869955157,0.016230704791486583,97.38562091503267,4.313333333333333,29.47976878612717,93.52601156069365,53.98843930635838,95.60693641618498,51.041666666666664,64.72856454720616,89.43089430894308,55.2478969876404
1558,伸興,機械,103.5,0.9756097560975618,13138938.209999999,True,42.025862068965516,53.003300330033,7.56,2026-06-01,False,73.52941176470588,16.031390134529143,0.14296053537495526,99.04306220095694,1.8399999999999999,75.83815028901734,78.26589595375722,88.55491329479769,97.22543352601156,40.97222222222222,76.1713230571612,26.01626016260163,55.20348700596832
1723,中碳,其他化學,87.4,-1.1312217194570096,48998318.65,True,82.8125,19.207920792079207,32.12,2026-06-01,False,12.5,4.295942720763733,0.1276838103171773,97.11111111111111,-11.700000000000003,11.38728323699422,44.971098265895954,85.89595375722543,95.14450867052024,14.583333333333334,50.39643545279384,59.23344947735192,55.198535779742606
6426,統新,通信網路,255.0,6.91823899371069,356161553.0,True,56.54362416107382,40.66006600660066,103.04,2026-06-01,False,47.05882352941176,56.92307692307692,-0.004199521195835447,88.38821490467937,19.836666666666673,48.4393063583815,98.61271676300578,44.6242774566474,80.23121387283237,83.33333333333334,71.04816955684007,90.70847851335657,55.19157049539116
9934,成霖,五金及家具,11.2,-0.4444444444444473,20467068.300000004,True,86.50442477876106,15.775577557755776,29.84,2026-06-01,False,33.33333333333333,8.212560386473426,0.049934384780476335,93.33333333333333,17.36,34.104046242774565,59.30635838150289,67.28323699421965,89.47976878612717,79.86111111111111,66.00690430314708,56.329849012775846,55.15182641504367
3189,景碩,印刷電路板,835.0,5.163727959697728,11761711374.4,True,76.65169980756895,24.224422442244226,32.27,2026-06-01,False,65.11627906976744,30.672926447574334,-0.005929696478407186,92.26519337016575,1.5899999999999999,66.24277456647398,92.25433526011561,43.69942196531792,87.05202312138728,40.39351851851852,65.92841468636267,59.34959349593496,55.097513980920155
1514,亞力,電機製品,100.5,-0.9852216748768461,132944819.5,True,63.146551724137936,34.75247524752475,39.69,2026-06-01,False,45.45454545454545,-0.49504950495049505,-0.0032061992808083833,67.22408026755853,23.363333333333333,46.64739884393064,23.930635838150287,45.202312138728324,30.404624277456648,86.92129629629629,46.62125347891244,67.0150987224158,55.034121501413196
4931,新盛力,電子零組件,245.0,-2.777777777777779,1392937955.475,True,75.14950166112956,25.676567656765677,145.09,2026-06-01,False,40.666666666666664,32.432432432432435,0.06322327546023761,87.5,4.719999999999999,41.27167630057804,93.29479768786128,71.32947976878613,77.91907514450868,52.19907407407407,67.20282059516164,93.96051103368177,54.96411619772681
4585,達明,機器人,300.0,2.564102564102555,98935229.25,True,1.82648401826484,88.38283828382838,41.88,2026-06-01,False,88.30645161290323,2.73972602739726,-0.010325331426229396,37.5,13.466666666666665,88.67052023121387,38.38150289017341,42.08092485549133,0.8670520231213872,73.95833333333334,48.791666666666664,68.6411149825784,54.94929608668506
2436,偉詮電,半導體,63.6,0.6329113924050667,302422625.06000006,True,0.5387931034482759,92.87128712871288,18.28,2026-06-01,False,97.70992366412213,15.63636363636364,0.036960980329853385,79.00621118012423,-6.676666666666666,96.878612716763,77.91907514450868,63.005780346820806,59.30635838150289,19.444444444444446,63.310854206807974,41.347270615563296,54.90329164233013
4583,台灣精銳,機械,458.0,-2.7600849256900206,116910139.075,True,54.01529636711281,42.97029702970297,29.98,2026-06-01,False,52.94117647058824,-15.341959334565619,0.22707071505216816,56.33456334563346,6.006666666666668,54.21965317919075,1.3872832369942196,96.30057803468208,9.826589595375722,56.82870370370371,43.71256154998929,56.736353077816496,54.84882815384719
2845,遠東銀,本國銀行,13.5,-0.7352941176470562,132087615.2325,True,88.30818965517241,13.399339933993398,20.15,2026-06-01,False,11.11111111111111,1.5037593984962352,0.1931084783217726,98.90109890109889,-4.456666666666667,9.942196531791907,31.79190751445087,94.10404624277456,97.10982658959537,24.88425925925926,51.56644722757439,44.134727061556326,54.848710667123186
6285,啟碁,通信網路,233.5,1.3015184381778733,1569133320.65,True,92.88793103448276,9.768976897689768,84.37,2026-06-01,False,17.647058823529413,1.5217391304347827,0.01627124634148332,73.1974921630094,39.42333333333334,17.283236994219653,32.02312138728324,54.10404624277456,45.895953757225435,93.17129629629629,48.49553093555984,87.68873403019745,54.711200848589826
1102,亞泥,水泥製造,34.9,0.287356321839094,411709317.3424999,True,12.55387931034483,77.82178217821783,-2.21,2026-06-01,False,71.42857142857143,5.757575757575753,0.12683417413432777,89.48717948717947,2.003333333333334,73.41040462427746,50.86705202312138,85.66473988439306,82.3121387283237,42.129629629629626,66.87679297794905,13.356562137049943,54.553013366632435
6133,金橋,電子零組件,22.4,0.0,12638771.827499997,True,3.9057239057239053,84.55445544554455,15.35,2026-06-01,False,96.66666666666667,11.999999999999993,0.077651397264679,77.3747841105354,8.033333333333333,96.30057803468208,70.28901734104046,75.72254335260115,54.79768786127167,62.96296296296296,72.01455791051167,36.70150987224158,54.37768960678872
2357,華碩,電腦及週邊,925.0,0.21668472372697867,4118485750.95,True,53.98706896551724,43.03630363036304,55.63,2026-06-01,False,39.6551724137931,25.850340136054424,0.2247517087931639,92.8714859437751,18.75,40.23121387283237,88.90173410404626,96.18497109826589,88.09248554913295,81.48148148148148,78.97837722115179,78.04878048780488,54.367686451430984
6799,來頡,半導體,79.3,0.8905852417302906,31720589.395,True,10.162991371045061,79.8019801980198,6.47,2026-06-01,False,89.31297709923665,2.3225806451612865,-0.08789904502581494,71.12107623318386,0.4033333333333333,89.47976878612717,36.64739884393063,12.601156069364162,40.578034682080926,36.68981481481482,43.19923463926354,24.041811846689896,54.36305411774184
1608,華榮,電纜,36.6,-0.27247956403270157,232347834.15749997,True,0.6464124111182934,92.07920792079209,13.35,2026-06-01,False,90.9090909090909,29.32862190812721,0.1485184235605272,90.25893958076449,3.6099999999999994,90.98265895953757,91.44508670520231,89.13294797687861,83.69942196531792,48.26388888888889,80.70480089916506,33.79790940766551,54.25872590682967
4961,天鈺,半導體,164.5,-0.303030303030305,96514847.1,True,71.98275862068965,28.38283828382838,24.76,2026-06-01,False,39.69465648854962,8.223684210526317,0.24941428149497868,91.89944134078212,17.59,40.346820809248555,59.42196531791908,97.91907514450867,86.70520231213872,79.97685185185185,72.87398308713338,49.361207897793264,54.24781642531537
1909,榮成,造紙,11.0,0.4566210045662267,51170234.38000001,True,80.259222333001,21.584158415841586,44.1,2026-06-01,False,16.666666666666664,9.452736318407952,0.1464755825682206,96.06986899563319,22.83666666666667,15.722543352601157,63.58381502890174,88.90173410404626,93.87283236994219,86.11111111111111,69.63840719332049,70.267131242741,54.069672984095654
4939,亞電,印刷電路板,71.7,9.969325153374232,883723579.0649999,True,88.01546391752578,13.993399339933992,44.18,2026-06-01,False,39.53488372093023,29.189189189189197,0.0059274751869764965,98.48901098901099,19.54,40.115606936416185,91.21387283236994,48.90173410404624,96.878612716763,82.75462962962963,71.972891243845,70.38327526132404,54.04090552053333
8086,宏捷科,半導體,115.5,3.125,454148104.4,True,3.489771359807461,85.41254125412541,16.05,2026-06-01,False,93.12977099236642,3.125,-0.16107734174800906,64.52513966480447,-18.09,93.17919075144509,40.115606936416185,4.161849710982659,24.6242774566474,10.416666666666668,34.4995183044316,38.32752613240418,54.00384685102012
2613,中櫃,貨運倉儲,24.5,2.5104602510460206,36808481.9325,True,11.153017241379311,79.00990099009901,5.96,2026-06-01,False,92.3076923076923,18.93203883495145,-0.023453760883729507,88.28828828828829,0.49666666666666615,92.42774566473987,81.84971098265896,35.72254335260116,79.53757225433526,36.9212962962963,65.29177371012631,23.228803716608596,53.33610266325619
4127,天良,藥,87.0,1.992966002344665,42270269.925,True,49.59183673469388,46.46864686468647,41.38,2026-06-01,False,33.33333333333333,17.4089068825911,0.20241159454628282,94.25785482123511,-3.68333333333333,34.104046242774565,80.46242774566474,94.33526011560693,90.98265895953757,26.38888888888889,65.25465639049455,68.29268292682927,53.22924009586917
6121,新普,電子零組件,398.0,1.7902813299232712,384736416.075,True,41.540948275862064,53.333333333333336,11.5,2026-06-01,False,76.66666666666667,11.1731843575419,0.2576253553116004,85.13368983957218,4.8500000000000005,77.80346820809248,68.55491329479769,98.38150289017341,72.60115606936417,52.54629629629629,73.9774673517448,31.010452961672474,53.215040986082855
4306,炎洲,石化,15.15,-0.3289473684210509,16057823.052499998,True,62.19512195121951,35.77557755775578,19.9,2026-06-01,False,36.84210526315789,6.69014084507043,0.16365968260825256,91.54078549848941,-8.09333333333333,37.80346820809248,54.68208092485549,90.86705202312139,85.89595375722543,17.824074074074073,57.414525797473765,43.67015098722416,53.17187300692164
3081,聯亞,半導體,2960.0,7.052441229656425,7660610979.75,True,85.92493297587131,16.765676567656765,128.14,2026-06-01,False,27.480916030534353,73.09941520467837,0.0254196984388393,93.67088607594937,7.35333333333331,28.439306358381504,99.30635838150289,57.6878612716763,90.28901734104046,61.22685185185185,67.38987904089059,93.03135888501743,53.113331050734125
2753,八方雲集,餐飲飯店,188.5,0.0,42158024.35,True,7.73067331670823,81.1881188118812,10.85,2026-06-01,False,58.333333333333336,6.497175141242938,0.23811889095743358,86.8663594470046,0.14999999999999858,59.36416184971098,53.179190751445084,96.99421965317919,75.95375722543352,36.11111111111111,64.32048811817597,30.139372822299652,53.06952528649977
7749,意騰-KY,半導體,382.0,0.0,52135918.025,True,8.843537414965986,80.46204620462046,64.48,2026-06-01,False,90.07633587786259,14.714714714714713,-0.010945724179266987,60.73131955484896,5.259999999999998,89.94219653179191,76.41618497109826,41.61849710982659,16.184971098265898,53.356481481481474,55.503666238492826,82.11382113821138,52.95620094929273
3003,健和興,電子零組件,65.3,2.1909233176838683,77281764.37000002,True,79.14870689655173,22.574257425742577,36.15,2026-06-01,False,35.333333333333336,13.961605584642234,0.13494716917968072,92.62411347517731,-1.056666666666672,35.83815028901734,75.3757225433526,86.9364161849711,87.51445086705202,33.101851851851855,63.75331834724898,63.82113821138211,52.94950420602472
6187,萬潤,電子設備,1270.0,5.394190871369298,4344380549.05,True,84.69827586206897,17.68976897689769,87.06,2026-06-01,False,29.87012987012987,32.016632016632016,0.062190564919061116,91.36690647482014,34.73666666666667,30.404624277456648,93.0635838150289,71.21387283236994,85.66473988439306,91.89814814814815,74.44899379147934,88.15331010452961,52.78977261283761
2905,三商,百貨批發,17.45,0.8670520231213841,26809350.682500005,True,13.824057450628366,76.23762376237624,-19.95,2026-05-01,False,68.42105263157895,7.716049382716051,0.15068644963983094,96.40883977900552,-111.84666666666666,70.28901734104046,57.34104046242775,89.36416184971098,94.33526011560693,1.6203703703703702,62.58997002783129,3.2520325203252036,52.633817378636216
6933,AMAX-KY,電腦及週邊,195.5,0.5141388174807249,104016009.6,True,27.13864306784661,63.8943894389439,26.6,2026-06-01,False,70.6896551724138,24.522292993630572,0.05679844858931595,85.37117903930131,-23.383333333333326,72.48554913294798,87.51445086705202,69.36416184971098,73.29479768786126,7.75462962962963,62.08271783344037,52.09059233449478,52.589122072063006
6292,迅德,電子零組件,61.0,-0.326797385620925,22539540.765,True,46.390086206896555,48.976897689768975,20.24,2026-06-01,False,74.0,25.256673511293627,0.037505567779879186,87.26752503576537,-22.33666666666667,76.0693641618497,87.97687861271676,63.23699421965318,77.22543352601156,8.449074074074074,62.59154891886105,44.36701509872242,52.42123354346673
2030,彰源,基本金屬,23.65,2.826086956521734,69023422.3125,True,42.50696378830084,52.54125412541254,33.89,2026-06-01,False,43.90243902439025,38.30409356725144,0.14101311481917717,100.0,6.933333333333334,44.27745664739884,95.14450867052024,88.20809248554913,98.95953757225433,60.18518518518518,77.35495611218154,61.55632984901278,52.412203849536425
7822,倍利科,電子設備,925.0,1.0928961748633892,169342234.45,True,7.8431372549019605,81.12211221122112,50.72,2026-06-01,False,92.20779220779221,9.467455621301776,-0.012498726943605265,50.68493150684932,-18.78,92.25433526011561,63.8150289017341,40.46242774566474,5.317919075144509,10.185185185185185,42.40697923356883,75.37746806039489,52.28367337348023
6719,力智,半導體,192.0,0.26109660574411553,230958051.875,True,15.308863025962399,74.65346534653466,-3.56,2026-06-01,False,86.25954198473282,-7.913669064748201,-0.03887671372598519,61.44,4.866666666666665,86.82080924855491,7.283236994219654,28.78612716763006,17.572254335260116,52.66203703703704,38.62489295654036,11.730545876887339,52.210093116620676
3441,聯一光,消費性電子,114.0,1.333333333333342,2094204715.69,True,71.18402282453637,28.778877887788777,73.63,2026-06-01,False,21.052631578947366,47.66839378238342,-0.0017433908390130759,100.0,18.72333333333333,21.271676300578036,97.22543352601156,45.78034682080925,98.95953757225433,81.36574074074075,68.92054699207878,85.59814169570267,52.15098051063087
6189,豐藝,電子通路,48.85,-1.213346814964611,22157643.4,True,46.06681034482759,49.306930693069305,4.49,2026-06-01,False,56.86274509803921,4.268943436499466,0.24943509032111127,86.30742049469966,2.92,57.861271676300575,44.85549132947977,98.03468208092485,74.21965317919074,45.83333333333333,64.16088631984584,21.370499419279906,52.14898323632286
3035,智原,半導體,172.0,1.17647058823529,786853629.925,True,92.13362068965517,10.42904290429043,26.57,2026-06-01,False,18.3206106870229,-7.277628032345014,0.005934082905578367,73.8197424892704,47.11,17.91907514450867,8.323699421965317,49.017341040462426,47.167630057803464,94.56018518518519,43.39758616998502,51.800232288037165,52.140809517095995
4536,拓凱,其他,169.5,-1.1661807580174877,40887467.375,True,51.34698275862068,45.08250825082508,10.04,2026-06-01,False,39.130434782608695,2.416918429003021,0.24095995547594132,86.92307692307692,5.533333333333332,39.653179190751445,37.10982658959537,97.34104046242774,76.18497109826589,55.208333333333336,61.09947013487475,29.152148664343784,51.97011809094143
3023,信邦,電子零組件,320.5,0.7861635220125729,405928982.775,True,68.53448275862068,31.22112211221122,17.59,2026-06-01,False,48.66666666666667,13.854351687388988,0.12932435996515224,95.24517087667161,0.8933333333333309,50.05780346820809,75.02890173410405,86.1271676300578,92.02312138728324,38.54166666666667,68.35573217726397,40.76655052264808,51.95464341100883
2615,萬海,海運,126.5,1.6064257028112428,3580727075.7300005,True,54.11629245826137,42.772277227722775,32.7,2026-06-01,False,45.45454545454545,51.31578947368423,0.1853860317399865,100.0,9.816666666666666,46.64739884393064,97.80346820809248,93.29479768786128,98.95953757225433,67.36111111111111,80.81326268464996,59.87224157955865,51.91892744691278
2059,川湖,金屬製品,14285.0,-0.8674531575294964,7029909757.75,True,99.73060344827587,1.188118811881188,220.52,2026-06-01,False,14.285714285714285,91.74496644295303,0.047868982992167054,99.1325468424705,63.28333333333333,13.0635838150289,99.76878612716763,66.70520231213874,97.45664739884393,96.29629629629629,74.6581031898951,96.05110336817654,51.70063711372043
2832,台產,產險,60.5,-0.32948929159802853,11870722.99,True,64.65517241379311,33.663366336633665,7.27,2026-06-01,False,40.0,7.46003552397869,0.16891500830302505,98.3739837398374,-10.106666666666666,40.52023121387283,56.41618497109827,91.21387283236994,96.53179190751445,16.203703703703702,60.177156925711834,25.900116144018583,51.6339885735769
3450,聯鈞,通信網路,533.0,5.128205128205132,5291389882.975,True,80.60989643268124,21.05610561056106,88.18,2026-06-01,False,33.33333333333333,31.604938271604937,0.03866844132407909,87.09150326797386,26.98333333333334,34.104046242774565,92.71676300578035,63.58381502890174,76.53179190751445,89.12037037037037,71.2113573110683,88.3855981416957,51.576168321551094
2903,遠百,百貨批發,22.65,-0.6578947368421129,56702924.43000001,True,38.362068965517246,55.51155115511551,-2.42,2026-06-01,False,36.84210526315789,1.5695067264573894,0.12296616066285856,92.82786885245902,-2.09,37.80346820809248,32.48554913294798,84.97109826589595,87.97687861271676,30.671296296296298,54.7816581031899,13.008130081300814,51.57573194229052
4952,凌通,半導體,51.2,1.1857707509881354,26519244.4275,True,80.28017241379311,21.51815181518152,50.03,2026-06-01,False,29.770992366412212,12.035010940919037,-0.041537623574900005,84.62809917355372,23.143333333333334,30.173410404624278,70.40462427745665,27.74566473988439,71.5606936416185,86.68981481481481,57.31484157567972,74.73867595818815,51.51703893174357
2374,佳能,消費性電子,66.9,-0.29806259314454353,191517726.95999998,True,20.130932896890343,70.49504950495049,18.97,2026-06-01,False,89.47368421052632,4.6948356807511855,0.018933624751487233,62.52336448598131,-17.47,89.71098265895954,46.47398843930636,54.91329479768786,19.884393063583815,10.87962962962963,44.372457717833434,42.68292682926829,51.45107852812632
2206,三陽工業,機車船製造,63.9,-0.15625000000000222,64590916.40500001,True,40.94827586206897,53.86138613861387,-13.38,2026-06-01,False,41.66666666666667,2.076677316293925,0.18064051825936928,95.80209895052472,-3.876666666666667,42.2543352601156,34.91329479768786,92.60115606936417,93.17919075144509,25.925925925925924,57.77478056090773,5.2264808362369335,51.436678012527445
2312,金寶,電腦及週邊,31.4,-1.1023622047244164,482692958.25499994,True,41.07351225204201,53.72937293729373,32.7,2026-06-01,False,51.724137931034484,5.723905723905721,0.07200400938662446,72.35023041474655,25.663333333333334,53.294797687861276,50.7514450867052,74.45086705202311,43.23699421965318,88.19444444444444,61.98570969813744,59.87224157955865,51.413147100091976
3490,單井,電子設備,54.6,9.859154929577452,193515392.37749997,True,2.9142381348875936,86.27062706270627,-3.75,2026-06-01,False,94.8051948051948,104.87804878048783,0.060714314976845575,100.0,-18.79,94.91329479768787,100.0,70.63583815028902,98.95953757225433,10.069444444444445,74.91562299293514,11.498257839721255,51.342772552415866
9941,裕融,租賃,86.8,1.0477299185098765,90497654.10499999,True,13.254310344827585,76.96369636963696,-4.0,2026-06-01,False,77.15053763440861,5.596107055961063,0.199105928065643,81.88679245283018,-1.3000000000000003,78.4971098265896,50.17341040462428,94.21965317919076,65.66473988439306,32.175925925925924,64.14616784414471,11.149825783972126,51.28456627258262
2015,豐興,基本金屬,64.7,0.0,19943396.885,True,46.821120689655174,48.51485148514851,-9.73,2026-06-01,False,36.58536585365854,0.15479876160992034,0.10380106077698534,91.77304964539007,-0.5099999999999998,37.34104046242774,26.936416184971097,81.5028901734104,86.58959537572254,34.375,53.34898843930635,7.317073170731707,51.07782320597772
3141,晶宏,半導體,72.7,0.5532503457814641,67279688.655,True,39.42028985507247,54.65346534653466,10.85,2026-06-01,False,71.7557251908397,15.031645569620252,0.2035370879026469,87.3798076923077,-2.5666666666666664,73.757225433526,77.28323699421965,94.5664739884393,77.6878612716763,29.398148148148145,70.53858916720188,30.139372822299652,51.07530563332058
4949,有成精密,光電及I/O,71.0,1.4285714285714235,45771299.355000004,True,22.955974842767297,67.65676567656766,68.69,2026-06-01,False,67.56756756756756,14.701130856219713,-0.022871871568171522,65.74074074074075,22.53666666666666,69.65317919075144,76.30057803468208,36.1849710982659,27.167630057803464,85.64814814814815,58.99090130593021,83.73983739837398,51.0650171530617
1907,永豐餘,造紙,30.45,-1.774193548387104,59583497.260000005,True,55.980603448275865,41.18811881188119,12.66,2026-06-01,False,33.33333333333333,8.170515097690945,0.24009970868291372,97.59615384615384,3.1833333333333336,34.104046242774565,58.95953757225434,97.10982658959537,95.83815028901735,46.41203703703704,66.48471954613574,32.868757259001164,50.96285405463468
2421,建準,電子零組件,144.0,0.34843205574912606,393325504.55,True,27.424568965517242,63.4983498349835,18.65,2026-06-01,False,83.33333333333334,13.83399209486166,0.17981885611304957,75.98944591029023,2.4599999999999973,84.33526011560694,74.91329479768785,92.3699421965318,51.56069364161849,43.98148148148148,69.43213444658531,42.21835075493612,50.80025242861842
3037,欣興,印刷電路板,1095.0,1.8604651162790642,23111647587.7,True,86.53017241379311,15.643564356435643,36.31,2026-06-01,False,41.86046511627907,43.324607329842934,0.13532660515422637,95.63318777292577,4.20333333333334,42.42774566473989,96.41618497109826,87.16763005780346,92.83236994219654,50.34722222222222,73.83823057161207,64.34378629500581,50.796929232710994
3360,尚立,電子通路,15.35,0.0,13460483.7025,True,99.11417322834646,2.706270627062706,95.16,2026-06-01,False,1.9607843137254901,-2.848101265822791,-0.014099890912027936,67.17724288840262,22.809999999999988,0.9826589595375723,17.6878612716763,39.653179190751445,30.289017341040463,85.99537037037037,34.92161742667523,89.54703832752612,50.78271333910696
2383,台光電,印刷電路板,5595.0,3.038674033149169,13318566277.0,True,95.52801724137932,6.468646864686469,120.69,2026-06-01,False,20.930232558139537,26.87074829931973,0.013204254637850516,88.11023622047244,11.043333333333337,21.040462427745666,89.82658959537572,52.369942196531795,79.1907514450867,69.79166666666666,62.44388246628131,92.33449477351915,50.68477976274396
1513,中興電,電機製品,165.5,0.9146341463414531,569459669.375,True,45.3125,50.26402640264026,8.31,2026-06-01,False,54.54545454545454,8.524590163934425,0.2511540826235875,88.50267379679144,2.380000000000001,55.664739884393065,60.46242774566474,98.15028901734104,80.46242774566474,43.63425925925926,67.67482873046455,27.06155632984901,50.68157405356052
2852,第一保,產險,29.4,0.6849315068493178,16579350.180000003,True,56.627155172413794,40.4950495049505,-6.81,2026-06-01,False,60.0,10.526315789473673,0.2962584375910514,100.0,-3.7199999999999998,60.578034682080926,66.24277456647398,99.42196531791907,98.95953757225433,26.273148148148145,70.29509205737529,9.175377468060395,50.61754378898041
2491,吉祥全,家電製品,42.55,9.948320413436672,30644610.115000002,True,1.7857142857142856,88.44884488448845,7.63,2026-06-01,False,78.94736842105263,67.51968503937007,0.0027278945720268784,96.70454545454544,2.833333333333333,80.23121387283237,99.1907514450867,47.398843930635834,94.6820809248555,45.48611111111111,73.39780025690429,26.364692218350754,50.52180889273798
4119,旭富,藥,51.8,-0.19267822736031004,11284452.14,True,93.50117096018735,9.042904290429043,36.15,2026-06-01,False,11.11111111111111,3.3932135728542825,0.026552815134703783,84.09090909090908,55.30333333333333,9.942196531791907,42.19653179190752,58.26589595375723,70.40462427745665,95.83333333333334,55.328516377649336,63.82113821138211,50.49285680718079
6584,南俊國際,金屬製品,594.0,1.3651877133105783,466104257.725,True,16.783216783216783,73.46534653465346,40.64,2026-06-01,False,71.42857142857143,23.236514522821576,-0.061927899233802236,73.7888198757764,-0.27666666666666373,73.41040462427746,86.24277456647398,20.115606936416185,46.82080924855491,34.9537037037037,52.30865981588524,67.8281068524971,50.45413653971387
6244,茂迪,光電及I/O,24.55,0.0,67988163.55,True,61.94086429112965,36.303630363036305,65.82,2026-06-01,False,44.5945945945946,8.149779735682825,0.11190440591448453,67.63085399449037,26.919999999999995,45.433526011560694,58.84393063583815,82.89017341040463,31.213872832369944,88.88888888888889,61.454078355812456,82.69454123112659,50.124502359804765
3581,博磊,電子設備,105.0,4.477611940298498,62595103.21,True,70.1617401003904,29.57095709570957,95.44,2026-06-01,False,51.94805194805194,3.9603960396039604,-0.011397422096660198,37.5,47.166666666666664,53.410404624277454,43.93063583815029,41.040462427745666,0.8670520231213872,94.67592592592592,46.78489616784414,89.66318234610917,50.00250078883943
2883,凱基金,金融控股,31.7,2.2580645161290214,1376287447.68,True,95.15086206896551,6.9306930693069315,,2026-06-01,False,7.6923076923076925,7.094594594594588,0.21943952600395492,100.0,-55.833333333333314,6.242774566473988,55.49132947976878,95.83815028901735,98.95953757225433,3.4722222222222223,52.00080282594733,,49.90366088631985
3017,奇鋐,電子零組件,2950.0,3.327495621716281,13127974683.0,True,86.96120689655173,15.181518151815181,66.11,2026-06-01,False,24.0,31.69642857142857,0.1382979999879904,91.19010819165379,-0.013333333333335418,23.815028901734102,92.83236994219654,87.6300578034682,85.31791907514452,35.532407407407405,65.02555662599015,82.81068524970964,49.77781582109793
2486,一詮,電子零組件,258.0,3.6144578313253017,2099920710.175,True,63.6734693877551,34.52145214521452,35.04,2026-06-01,False,54.0,25.853658536585368,0.010270678713448299,84.03908794788273,5.850000000000001,55.14450867052023,89.01734104046243,51.213872832369944,70.17341040462428,56.018518518518526,64.31353029329908,62.7177700348432,49.75458701738131
3013,晟銘電,電子零組件,85.1,0.2355712603062221,90579492.74,True,23.70801033591731,66.93069306930694,26.51,2026-06-01,False,86.0,7.178841309823662,0.09507671889166613,60.78571428571428,3.5500000000000043,86.47398843930635,55.722543352601164,80.23121387283237,16.300578034682083,47.91666666666667,57.328998073217726,51.68408826945412,49.68402784771034
1336,台翰,電子零組件,16.35,-2.3880597014925287,10735297.922500001,True,87.98491379310344,14.059405940594061,29.61,2026-06-01,False,22.666666666666664,8.27814569536425,0.011609540888589192,88.37837837837839,22.583333333333332,22.54335260115607,59.76878612716763,51.676300578034684,80.11560693641619,85.87962962962963,59.99673517448084,55.749128919860624,49.65982558256631
1795,美時,藥,194.0,-1.0204081632653073,260819014.775,True,14.439655172413794,75.57755775577559,225.46,2026-06-01,False,60.0,9.91501416430595,0.11629254285955579,53.4435261707989,108.40666666666667,60.578034682080926,65.08670520231213,83.58381502890172,6.473988439306358,97.91666666666666,62.72784200385356,96.28339140534263,49.56217733110445
8942,森鉅,石化,42.7,0.5889281507656108,12836963.8625,True,14.11637931034483,75.9075907590759,-27.3,2026-06-01,False,84.21052631578947,16.03260869565219,0.21364843345286552,92.82608695652175,6.243333333333329,85.02890173410404,78.38150289017342,95.26011560693641,87.86127167630057,57.754629629629626,80.85728430742883,2.4390243902439024,49.23692372761877
1904,正隆,造紙,25.35,-1.5533980582524198,77198838.45,True,49.78448275862069,46.27062706270627,-2.09,2026-06-01,False,66.66666666666666,18.73536299765808,0.27832933267799226,98.44660194174757,-11.196666666666667,68.26589595375722,81.61849710982659,99.1907514450867,96.76300578034682,14.814814814814813,72.13059302076644,13.472706155632984,49.220777694977606
1623,大東電,電纜,196.5,-0.7575757575757569,21451503.375,True,17.02127659574468,73.20132013201321,13.63,2026-06-01,False,54.54545454545454,-9.862385321100918,-0.263822142657818,57.79411764705882,22.886666666666667,55.664739884393065,4.855491329479769,1.2716763005780347,11.329479768786127,86.3425925925926,31.892795975165917,34.146341463414636,49.07126744677851
6770,力積電,半導體,69.0,-2.5423728813559254,16049862800.977499,True,69.7560975609756,29.966996699669966,68.75,2026-06-01,False,41.98473282442748,23.65591397849463,0.021201922547776392,77.7903043968433,15.393333333333338,42.65895953757226,86.35838150289017,55.953757225433534,55.953757225433534,77.31481481481481,63.647934061228874,83.85598141695702,49.027579169268165
2395,研華,電腦及週邊,670.0,1.823708206686936,3043094350.55,True,99.08405172413794,2.838283828382838,73.39,2026-06-01,False,1.7241379310344827,20.503597122302157,0.04006886319935156,95.98853868194843,26.68999999999999,0.8092485549132947,84.16184971098266,63.93063583815029,93.75722543352602,88.6574074074074,66.26327338899594,85.36585365853658,48.94261948399831
2009,第一銅,基本金屬,41.25,-1.5513126491646712,106657507.39250001,True,20.198675496688743,70.42904290429043,15.46,2026-06-01,False,78.04878048780488,12.244897959183673,0.16987042582609874,75.13661202185793,1.8866666666666685,79.42196531791907,71.21387283236994,91.79190751445087,50.05780346820809,41.31944444444444,66.7609987154785,37.16608594657375,48.857995475082745
2603,長榮,海運,246.0,-1.7964071856287456,3617333726.8,True,67.94724770642202,31.617161716171616,30.01,2026-06-01,False,27.27272727272727,23.0,0.39923953626645864,97.8131212723658,8.033333333333331,27.803468208092486,85.89595375722543,99.88439306358381,95.95375722543352,62.84722222222222,74.4769588953115,57.026713124274096,48.721996200143664
4416,三圓,建設,15.25,0.9933774834437026,12848493.442499999,True,1.6245487364620936,88.97689768976898,256.72,2026-06-01,False,94.82758620689656,50.2463054187192,0.02488380951381266,24.71636952998379,181.14333333333337,95.08670520231213,97.6878612716763,57.45664739884393,0.5780346820809248,98.61111111111111,69.88407193320488,96.86411149825784,48.710247527743654
6179,亞通,工程承攬,27.4,1.6697588126159513,44800938.7425,True,73.94718058529621,26.33663366336634,229.22,2026-06-01,False,20.0,14.16666666666666,0.11982480577752072,76.75070028011204,89.10999999999999,19.76878612716763,75.83815028901734,84.39306358381504,53.063583815028906,96.99074074074075,66.01086491115393,96.39953542392567,48.348438769276214
7714,創泓科技,數位雲端,170.0,-2.857142857142858,68588198.55,True,57.58354755784062,39.537953795379536,122.9,2026-06-01,False,17.391304347826086,19.298245614035086,-0.03550545986742637,81.92771084337349,78.05666666666667,16.936416184971097,82.3121387283237,30.520231213872833,65.78034682080924,96.75925925925925,58.461678441447226,92.56678281068524,48.242851772035465
7712,博盛半導體,半導體,147.0,-1.6722408026755842,43342473.275,True,49.004975124378106,46.930693069306926,49.37,2026-06-01,False,60.30534351145038,14.84375,-0.02926496226433549,68.85245901639344,31.043333333333333,61.040462427745666,76.76300578034682,32.71676300578035,34.566473988439306,90.625,59.142341040462426,74.09988385598142,48.23595362295489
4968,立積,半導體,89.7,-0.33333333333332993,51771795.075,True,10.40268456375839,79.40594059405942,-1.09,2026-06-01,False,88.54961832061069,-2.8169014084506983,0.06413093297610177,53.873873873873876,-2.8600000000000003,89.01734104046243,17.803468208092486,71.5606936416185,7.0520231213872835,29.166666666666668,42.920038535645475,14.634146341463413,48.225010573805164
3034,聯詠,半導體,555.0,2.398523985239853,2171883117.1,True,87.17672413793103,15.016501650165019,18.96,2026-06-01,False,25.954198473282442,12.690355329949238,0.1755556902329367,97.88359788359789,9.136666666666668,26.1271676300578,72.71676300578035,92.02312138728324,96.18497109826589,65.16203703703704,70.44281203168487,42.508710801393725,48.02602163098426
6532,瑞耘,電子設備,89.3,-0.7777777777777772,44622318.62499999,True,15.032327586206899,75.11551155115511,18.65,2026-06-01,False,85.71428571428571,38.02163833075733,-0.05253075488528827,78.33333333333333,-8.220000000000006,86.35838150289017,94.91329479768787,22.77456647398844,58.03468208092486,17.708333333333336,55.95785163776493,42.21835075493612,47.92452988526581
6781,AES-KY,電子零組件,1065.0,1.9138755980861344,909388696.65,True,34.114977307110436,58.415841584158414,25.58,2026-06-01,False,78.66666666666666,16.39344262295082,0.1697155558909818,71.0,4.579999999999998,80.0,78.84393063583815,91.67630057803468,40.23121387283237,51.620370370370374,68.47436309141511,50.29036004645761,47.91941082086296
3515,華擎,電腦及週邊,221.0,0.0,160626363.675,True,32.27370689655172,59.8019801980198,47.6,2026-06-01,False,62.06896551724138,12.18274111675127,0.07945828189930232,65.48148148148148,52.74,62.89017341040463,70.98265895953757,76.878612716763,26.358381502890172,95.48611111111111,66.5191875401413,72.82229965156795,47.77204890133129
6669,緯穎,電腦及週邊,6440.0,2.2222222222222143,10360288197.75,True,74.79224376731301,25.80858085808581,29.79,2026-06-01,False,24.137931034482758,21.16650987770461,0.005954150075188718,97.2809667673716,3.9166666666666643,23.98843930635838,84.85549132947978,49.13294797687861,95.37572254335261,48.95833333333333,60.46218689788053,56.09756097560976,47.65155787396024
3093,港建*,電子設備,44.75,-0.9955752212389424,21062401.655,True,94.77370689655173,7.590759075907591,92.31,2026-06-01,False,11.688311688311687,-0.5555555555555556,0.044502108823562564,59.1931216931217,86.42333333333333,10.520231213872833,23.468208092485547,65.4335260115607,13.641618497109825,96.875,41.98771676300578,89.19860627177701,47.47306197256853
5432,新門,電子零組件,141.0,-4.081632653061229,23055377.29,True,25.705128205128204,64.95049504950495,18.54,2026-06-01,False,84.66666666666667,27.027027027027028,-0.0009570638309307321,76.21621621621621,25.06,85.89595375722543,90.05780346820809,46.01156069364162,52.138728323699425,87.96296296296296,72.41340184114752,41.81184668989547,47.44718132565306
2006,東和鋼鐵,基本金屬,82.0,-0.60606060606061,328355934.65999997,True,40.0,54.25742574257426,9.01,2026-06-01,False,46.34146341463415,13.10344827586207,0.21485259011448987,92.65536723163842,5.550000000000001,47.398843930635834,73.52601156069363,95.37572254335261,87.6300578034682,55.43981481481482,71.87409013059303,27.874564459930312,47.34436365833518
2915,潤泰全,百貨批發,59.0,-1.1725293132328396,237673803.435,True,37.446120689655174,56.17161716171617,12.84,2026-06-01,False,42.10526315789473,16.831683168316832,0.1692965032041963,95.46925566343043,22.96333333333333,43.00578034682081,79.65317919075144,91.44508670520231,92.48554913294798,86.45833333333334,78.60958574181117,33.33333333333333,47.29287090558767
2636,台驊控股,貨運倉儲,74.3,-0.40214477211796273,62032876.05,True,84.375,18.05280528052805,25.18,2026-06-01,False,15.384615384615385,12.746585735963567,0.16487257345865503,99.59785522788204,9.733333333333333,14.046242774566476,72.83236994219652,91.09826589595376,97.6878612716763,67.12962962962963,68.55887390280454,49.94192799070848,47.21091552368868
2468,華經,資訊服務,33.5,-1.4705882352941124,13565587.717500001,True,46.98275862068966,48.382838283828384,49.98,2026-06-01,False,23.404255319148938,-2.18978102189781,0.020597659713568382,56.11390284757118,47.343333333333334,23.352601156069362,19.421965317919074,55.722543352601164,9.132947976878611,94.79166666666666,40.48434489402697,74.56445993031359,46.907010936335624
4951,精拓科,半導體,76.6,-0.26041666666667407,14816316.745000001,True,13.572204125950055,76.56765676567657,-3.71,2026-06-01,False,87.02290076335878,-1.794871794871802,0.00970323888057538,54.714285714285715,-2.5533333333333337,87.74566473988439,20.0,50.86705202312138,7.976878612716763,29.51388888888889,39.22069685292229,11.614401858304298,46.83423630272637
3167,大量,電子設備,674.0,1.3533834586466176,1932174332.55,True,75.82993593476995,25.14851485148515,139.66,2026-06-01,False,41.55844155844156,25.74626865671642,-0.05521153287684004,70.87276550998949,14.940000000000012,42.08092485549133,88.55491329479769,21.734104046242773,39.884393063583815,76.62037037037037,53.774941126097204,93.37979094076655,46.69754889126101
7792,安葆,電機製品,299.0,0.16750418760469454,143106912.575,True,16.05839416058394,74.05940594059406,28.27,2026-06-01,False,81.81818181818183,47.29064039408867,-0.021930324917945627,73.64532019704434,16.66,82.77456647398844,96.99421965317919,36.64739884393063,46.47398843930636,79.05092592592592,68.3882198672661,54.239256678281066,46.62339798459917
1229,聯華,油脂飼料,41.7,-0.4773269689737347,81521992.1625,True,32.2198275862069,60.0990099009901,-52.01,2026-06-01,False,50.0,1.95599022004891,0.18082153304763815,82.73809523809524,-16.593333333333334,51.61849710982659,34.104046242774565,92.71676300578035,67.63005780346822,11.226851851851851,51.45924320274031,1.1614401858304297,46.57648721408767
5243,乙盛-KY,電子零組件,89.1,-0.2239641657334812,91696912.07,True,56.14224137931034,40.95709570957096,38.27,2026-06-01,False,64.66666666666666,12.92775665399238,0.044934449912440146,65.99999999999999,29.560000000000002,65.4335260115607,73.29479768786126,65.66473988439306,27.861271676300582,90.27777777777779,64.50642260757868,66.2020905923345,46.55052264808363
3443,創意,半導體,5570.0,3.8210624417520878,11698777851.75,True,98.22198275862068,3.498349834983498,103.72,2026-06-01,False,2.2900763358778624,52.18579234972678,0.05595776361000025,95.2136752136752,-27.180000000000007,1.5028901734104045,98.03468208092485,69.13294797687861,91.90751445086705,6.597222222222222,53.43505138086063,90.8246225319396,46.55008626882305
3576,聯合再生,光電及I/O,17.1,0.588235294117645,182195440.9875,True,1.2861736334405145,89.70297029702971,-9.51,2026-06-01,False,85.13513513513513,1.4836795252225519,0.01163022774262564,64.04494382022473,-16.286666666666665,86.1271676300578,31.445086705202314,51.79190751445086,23.468208092485547,11.458333333333332,40.85814065510597,7.4332171893147505,46.395876551663946
6531,愛普*,半導體,876.0,3.66863905325443,2678232524.55,True,63.90092879256966,34.25742574257426,59.48,2026-06-01,False,46.56488549618321,25.862068965517242,0.03594485466131412,73.61344537815127,-21.086666666666666,47.74566473988439,89.13294797687861,62.42774566473989,46.24277456647399,8.796296296296296,50.86908584885464,79.79094076655052,46.16160802400758
2850,新產,產險,163.0,-0.911854103343468,60139140.075,True,99.6228448275862,1.65016501650165,2.09,2026-05-01,False,20.0,5.161290322580645,0.09394732132398573,96.73590504451039,-26.413333333333334,19.76878612716763,48.4393063583815,79.65317919075144,94.79768786127167,7.060185185185184,49.94382894455149,17.94425087108014,46.017854625284485
6213,聯茂,印刷電路板,530.0,9.844559585492219,6554766941.0,True,98.97629310344827,2.9702970297029703,47.94,2026-06-01,False,11.627906976744185,91.68173598553345,0.0865324320749262,100.0,17.596666666666664,10.404624277456648,99.65317919075144,78.15028901734105,98.95953757225433,80.0925925925926,73.45204453007922,73.2288037166086,45.73494659389203
2351,順德,半導體,199.5,-0.4987531172069848,671676179.5,True,87.5,14.521452145214523,51.72,2026-06-01,False,25.190839694656486,38.062283737024224,-0.01626659344866726,87.117903930131,14.29,25.08670520231214,95.02890173410404,38.95953757225434,76.76300578034682,75.34722222222221,62.237074502247914,76.07433217189315,45.723785355112014
3652,精聯,電腦及週邊,32.9,-1.0526315789473717,42528707.1125,True,6.243032329988852,81.98019801980197,-1.21,2026-06-01,False,86.20689655172413,12.478632478632473,0.012314307410188194,77.04918032786885,-26.45666666666667,86.70520231213872,72.25433526011561,51.907514450867055,53.98843930635838,6.944444444444445,54.35998715478485,14.40185830429733,45.7102911656697
3693,營邦,電子零組件,553.0,3.7523452157598447,471565152.2,True,83.32311465358676,18.67986798679868,74.98,2026-06-01,False,31.333333333333336,23.99103139013453,0.04056196249547676,75.96153846153845,38.11666666666667,31.79190751445087,86.70520231213872,64.16184971098265,51.445086705202314,92.93981481481481,65.40877221151786,86.06271777003485,45.648627419387324
2034,允強,基本金屬,20.35,-0.7317073170731603,29970226.0225,True,81.64996144949885,19.933993399339933,22.48,2026-06-01,False,9.75609756097561,7.957559681697612,0.2728884584285364,90.2439024390244,17.293333333333333,8.554913294797688,57.57225433526012,98.84393063583815,83.58381502890172,79.74537037037037,65.66005673303361,46.922183507549356,45.372164373997165
6538,倉和,光電及I/O,205.5,6.476683937823835,503192570.525,True,95.61598224195339,6.336633663366337,46.5,2026-06-01,False,10.81081081081081,74.8936170212766,0.01309754379071486,100.0,41.57,9.710982658959537,99.42196531791907,52.2543352601156,98.95953757225433,93.51851851851852,70.77306786555343,72.12543554006969,45.34349761334112
1522,堤維西,汽車組件,28.25,-0.17667844522968323,14529399.167499999,True,80.65732758620689,20.85808580858086,70.02,2026-06-01,False,27.027027027027028,2.355072463768111,0.1389253226823677,53.503787878787875,15.720000000000006,27.45664739884393,36.763005780346816,87.74566473988439,6.589595375722543,77.66203703703704,47.24339006636694,84.08826945412311,45.34287661208569
6515,穎崴,半導體,6255.0,1.7900732302685185,2487900636.25,True,90.27266028002948,12.013201320132014,287.9,2026-06-01,False,20.610687022900763,5.391743892165122,0.006353376504191098,57.94349235757294,135.16666666666666,20.46242774566474,49.13294797687861,49.2485549132948,11.907514450867051,98.14814814814815,45.77991864697067,97.21254355400697,45.11238444341504
2324,仁寶,電腦及週邊,40.8,-1.9230769230769384,4179973555.0474997,True,86.47629310344827,15.874587458745875,58.38,2026-06-01,False,6.896551724137931,17.579250720461076,0.08018762030128705,86.7162592986185,26.313333333333333,5.664739884393064,80.57803468208093,76.99421965317919,75.3757225433526,88.42592592592592,65.40772853778634,79.09407665505228,44.88912610017925
7768,頌勝科技,樹脂,283.0,-2.4137931034482807,33176178.075,True,5.194805194805195,82.64026402640265,11.91,2026-06-01,False,92.85714285714286,7.809523809523809,0.009223717685038354,57.932446264073704,5.323333333333334,92.83236994219654,57.45664739884393,50.63583815028901,11.791907514450866,53.81944444444444,53.30724149004495,31.823461091753774,44.74777278738931
6274,台燿,印刷電路板,1485.0,2.0618556701030855,8116616203.25,True,95.52801724137932,6.468646864686469,107.72,2026-06-01,False,20.930232558139537,31.41592920353982,-0.058077881276713865,78.15789473684211,-3.673333333333332,21.040462427745666,92.60115606936417,20.809248554913296,56.99421965317919,26.504629629629626,43.58994326696639,91.40534262485482,44.209717159103874
2485,兆赫,通信網路,41.15,-2.256532066508321,199311205.73250002,True,51.56794425087108,44.884488448844884,80.93,2026-06-01,False,50.98039215686274,11.216216216216212,0.027886282186459107,50.49079754601227,37.43000000000001,52.89017341040463,68.67052023121387,59.07514450867052,5.086705202312139,92.82407407407408,55.70932348533505,87.39837398373984,44.17618309131069
6261,久元,半導體,79.9,1.6539440203562572,33865828.835,True,64.0625,34.12541254125412,33.71,2026-06-01,False,45.80152671755725,4.993429697766113,0.15771461208517473,59.85018726591761,20.843333333333334,46.936416184971094,47.28323699421965,89.94219653179191,15.028901734104046,84.49074074074075,56.73629843716549,61.440185830429726,44.03056668882131
6672,騰輝電子-KY,印刷電路板,270.5,4.440154440154442,1156510865.375,True,97.37723214285714,3.762376237623762,68.12,2026-06-01,False,13.953488372093023,35.58897243107769,0.008926630784404917,85.87301587301587,21.439999999999998,12.716763005780345,94.10404624277456,50.52023121387283,73.98843930635837,84.72222222222221,63.210340398201666,83.50754936120791,44.02717635764302
1524,耿鼎,汽車組件,27.6,0.5464480874316946,10181838.897499999,True,53.933189655172406,43.1023102310231,9.81,2026-06-01,False,48.64864864864865,7.6023391812865615,0.21634478984992228,77.2027972027972,-0.33000000000000007,49.884393063583815,56.99421965317919,95.49132947976878,54.21965317919075,34.72222222222222,58.26236351958895,28.80371660859466,43.97838579954751
1563,巧新,汽車組件,65.1,3.3333333333333215,87106448.8,True,87.97127468581688,14.125412541254127,21.46,2026-06-01,False,16.216216216216218,12.435233160621754,0.12392209246417928,91.69014084507042,6.146666666666668,15.086705202312139,72.13872832369943,85.08670520231215,86.35838150289017,57.407407407407405,63.21558552772425,45.760743321718934,43.76677542580545
6829,千附精密,電子設備,217.5,1.1627906976744207,194317495.85,True,92.06642066420663,10.561056105610561,69.4,2026-06-01,False,18.181818181818183,20.833333333333336,0.04608203345289478,78.23741007194245,24.46666666666667,17.6878612716763,84.5086705202312,66.24277456647398,57.57225433526012,87.73148148148148,62.74860843502462,83.97212543554006,43.68089263056132
3705,永信,藥,55.6,-0.35842293906809264,11912375.135,True,79.20258620689656,22.442244224422442,-21.98,2026-06-01,False,20.0,2.7726432532347505,-0.06624798517589969,93.6026936026936,-13.076666666666666,19.76878612716763,38.61271676300578,18.728323699421964,90.05780346820809,13.541666666666666,36.14185934489403,3.0197444831591174,43.55840432888226
3485,敘豐,電子設備,235.5,2.3913043478260843,40697869.2,True,16.666666666666664,73.53135313531352,22.45,2026-06-01,False,84.4155844155844,13.768115942028986,-0.022615389859872367,60.93143596377749,6.753333333333332,85.31791907514452,74.79768786127168,36.30057803468208,16.416184971098264,59.606481481481474,54.48777028473561,46.80603948896632,43.43561391848435
4938,和碩,電腦及週邊,88.8,-0.5599104143337086,1292155415.3099997,True,86.20689655172413,16.105610561056103,15.89,2026-06-01,False,8.620689655172415,6.730769230769224,0.1317229814574526,90.15228426395939,11.676666666666666,7.109826589595376,54.79768786127167,86.70520231213872,83.46820809248555,71.12268518518519,60.6407220081353,37.746806039488966,43.38178821507456
3219,倚強科,電子設備,74.7,-2.734374999999989,21904579.955,True,20.554765291607396,70.0990099009901,26.07,2026-06-01,False,79.22077922077922,30.36649214659687,0.03770359879070811,68.21917808219177,-5.513333333333332,80.57803468208093,92.02312138728324,63.46820809248555,33.179190751445084,22.569444444444446,58.363599871547855,51.33565621370499,43.26744006498694
6163,華電網,通信網路,42.0,0.5988023952095745,52687730.934999995,True,62.553879310344826,35.412541254125415,61.38,2026-06-01,False,43.13725490196079,8.80829015544041,0.05524554441743593,56.68016194331984,31.44666666666667,43.69942196531792,61.849710982658955,68.55491329479769,10.289017341040463,90.97222222222221,55.07305716120745,80.72009291521486,43.21470530972857
2612,中航,海運,63.8,5.804311774461035,62634612.395,True,48.62385321100918,47.32673267326732,11.7,2026-06-01,False,54.54545454545454,24.853228962817994,0.1692959481810323,85.52278820375335,0.7799999999999976,55.664739884393065,87.74566473988439,91.32947976878613,73.52601156069363,38.0787037037037,69.26891993149218,31.3588850174216,43.20099293065597
3010,華立,電子通路,130.0,2.7667984189723382,111506546.05,True,72.46767241379311,28.052805280528055,13.92,2026-06-01,False,27.450980392156865,14.537444933920703,0.0816271103665167,91.54929577464789,-4.3100000000000005,28.265895953757227,76.0693641618497,77.45664739884393,86.01156069364163,25.115740740740737,58.583841789766645,34.37862950058072,43.14668049653247
6873,泓德能源,光電及I/O,68.3,-0.4373177842565523,37459576.445,True,99.28994082840237,2.2442244224422443,42.53,2026-06-01,False,4.054054054054054,-15.365551425030985,-0.09588441228493579,42.6875,51.13666666666666,2.7745664739884393,1.2716763005780347,10.751445086705203,1.5028901734104045,95.25462962962963,22.311041532862344,69.22183507549362,43.05690385557861
5340,建榮,印刷電路板,77.0,1.3157894736842035,237327096.09,True,7.920258620689655,81.05610561056106,25.75,2026-06-01,False,95.34883720930233,23.200000000000003,-0.037719531576710555,57.46268656716418,5.510000000000002,95.49132947976878,86.1271676300578,29.47976878612717,10.982658959537572,55.092592592592595,55.43470348961679,50.522648083623686,42.71736722321806
3162,精確,汽車組件,66.8,9.868421052631572,43580094.575,True,86.5296803652968,15.709570957095709,58.73,2026-06-01,False,24.324324324324326,11.705685618729097,-0.0454164949580419,69.65589155370176,32.019999999999996,24.21965317919075,69.59537572254335,25.780346820809246,36.64739884393063,91.20370370370371,49.48929565403554,79.55865272938443,42.707582257490614
3653,健策,電子零組件,5205.0,0.9699321047526688,8149652714.0,True,98.76077586206897,3.036303630363036,57.64,2026-06-01,False,3.3333333333333335,54.45103857566765,0.07828934376396009,92.94642857142857,16.869999999999997,1.9653179190751446,98.4971098265896,76.30057803468208,88.55491329479769,79.2824074074074,68.92006529651039,78.62950058072009,42.66315549200083
1605,華新,電纜,38.45,0.9186351706036877,1234075548.8425,True,49.515086206896555,46.53465346534654,29.34,2026-06-01,False,27.27272727272727,25.653594771241835,0.21743781126553727,86.79458239277653,19.866666666666667,27.803468208092486,88.4393063583815,95.60693641618498,75.72254335260115,83.44907407407408,74.20426568186684,55.400696864111495,42.6218505166059
5439,高技,印刷電路板,241.5,0.8350730688935215,589391732.9,True,20.905172413793103,69.83498349834983,22.13,2026-06-01,False,90.69767441860465,13.915094339622641,-0.12187004604403397,54.699886749716875,-13.399999999999995,90.63583815028902,75.26011560693642,7.283236994219654,7.8612716763005785,13.425925925925927,38.89327767073432,46.45760743321719,42.42365041321759
6104,創惟,半導體,97.3,0.8290155440414448,49458911.6,True,51.89283634245777,44.42244224422443,5.66,2026-06-01,False,57.25190839694656,8.593750000000004,0.221398902661,74.84615384615384,5.636666666666667,58.38150289017341,60.809248554913296,95.95375722543352,49.13294797687861,55.55555555555556,63.966602440590876,22.64808362369338,42.338321483958026
6205,詮欣,電子零組件,61.5,2.842809364548504,23992833.71,True,68.58836206896551,31.155115511551156,34.36,2026-06-01,False,48.0,9.042553191489365,0.1270873194198416,62.627291242362524,31.92,49.2485549132948,62.42774566473989,85.78034682080926,20.115606936416185,91.08796296296296,61.732043459644615,62.253193960511034,42.297402536370534
2399,映泰,電腦及週邊,47.7,-0.10471204188481353,304717252.975,True,16.27188465499485,73.79537953795379,-10.32,2026-06-01,False,81.03448275862068,39.067055393586024,0.0019102458684988831,86.72727272727273,-30.26,82.19653179190752,95.49132947976878,47.05202312138728,75.4913294797688,5.902777777777778,61.22679833012203,6.736353077816492,42.233221217431
2609,陽明,海運,63.6,-1.3953488372092981,3642921441.1449995,True,78.9736279401283,22.83828382838284,20.18,2026-06-01,False,18.181818181818183,25.44378698224852,0.18766229094862355,96.36363636363636,1.4199999999999982,17.6878612716763,88.20809248554913,93.52601156069365,94.21965317919076,39.699074074074076,66.66813851423679,44.25087108013937,41.98757326136433
2464,盟立,電子設備,193.0,2.9333333333333433,2750264024.175,True,99.81412639405205,0.7920792079207921,43.05,2026-06-01,False,1.2987012987012987,47.32824427480916,0.06876236256786174,96.98492462311557,10.726666666666667,0.3468208092485549,97.10982658959537,73.17919075144509,95.02890173410404,69.32870370370371,66.99868871761934,69.45412311265969,41.93000476660423
8103,瀚荃,電子零組件,103.5,6.481481481481488,211988544.725,True,85.66810344827587,16.831683168316832,45.04,2026-06-01,False,27.333333333333332,41.975308641975296,-0.018860329993453787,80.859375,15.376666666666662,28.092485549132952,95.95375722543352,37.6878612716763,63.35260115606937,77.19907407407408,60.45715585527724,71.19628339140534,41.671903217793535
2221,大甲,基本金屬,67.3,6.319115323854652,32548482.870000005,True,99.73060344827587,1.188118811881188,34.65,2026-06-01,False,2.4390243902439024,45.199568500539364,0.09730393354833378,100.0,11.006666666666664,1.7341040462427744,96.64739884393063,80.8092485549133,98.95953757225433,69.67592592592592,69.5652429886534,62.48548199767712,41.6329311930609
3044,健鼎,印刷電路板,463.0,2.8888888888888964,1954624037.3,True,94.50431034482759,8.118811881188119,41.97,2026-06-01,False,25.581395348837212,28.789986091794155,-0.04254882989988507,80.80279232111693,2.8233333333333306,25.66473988439306,91.09826589595376,26.936416184971097,63.121387283237,45.370370370370374,50.43823592378506,68.75725900116144,41.61128006820944
2301,光寶科,電子零組件,296.0,3.1358885017421567,9842954249.325,True,99.73060344827587,1.188118811881188,36.98,2026-06-01,False,0.6666666666666667,52.57731958762887,0.12403103377895051,100.0,6.629999999999999,0.11560693641618498,98.15028901734104,85.20231213872832,98.95953757225433,59.49074074074075,68.38369728109612,64.92450638792103,41.46234046981263
5508,永信建,建設,52.5,-1.5009380863039379,15054003.174999997,True,82.27370689655173,19.66996699669967,329.34,2026-06-01,False,12.068965517241379,4.790419161676644,0.14956046630581873,49.06542056074766,166.54333333333332,11.040462427745664,46.82080924855491,89.2485549132948,3.815028901734104,98.37962962962963,49.86089702419182,97.67711962833914,41.427950427316006
2337,旺宏,半導體,122.0,-1.6129032258064502,10583174604.255001,True,98.99159663865547,2.9042904290429044,216.09,2026-06-01,False,0.7633587786259541,7.964601769911504,-0.022878694967351922,65.76819407008087,34.22333333333333,0.23121387283236997,57.80346820809249,36.06936416184971,27.398843930635834,91.7824074074074,42.657059516163564,95.81881533101046,41.41135123159654
5284,jpp-KY,電子零組件,322.0,1.098901098901095,144316216.55,True,65.29577464788733,33.069306930693074,32.06,2026-06-01,False,52.0,22.2011385199241,0.005646433821886895,70.0,-11.283333333333331,53.52601156069364,85.08670520231215,48.786127167630056,37.39884393063584,14.699074074074073,47.89935238706916,59.059233449477354,41.22434593462367
6517,保勝光學,消費性電子,65.2,1.7160686427457161,57101577.925,True,65.09539842873177,33.26732673267327,6.14,2026-06-01,False,36.84210526315789,7.5907590759075925,0.05572297519926846,79.41534713763704,22.126666666666665,37.80346820809248,56.87861271676301,68.90173410404624,60.115606936416185,85.30092592592592,61.80006957824876,23.577235772357724,41.154424550025844
6108,競國,印刷電路板,22.85,-2.350427350427342,65730085.45,True,99.19732441471571,2.5082508250825084,46.33,2026-06-01,False,9.30232558139535,38.90577507598786,0.139133215489338,87.8846153846154,8.083333333333336,8.208092485549132,95.37572254335261,87.86127167630057,78.84393063583815,63.19444444444444,66.69669235709698,71.77700348432056,40.86332601558881
2355,敬鵬,印刷電路板,41.65,0.0,113161726.14250001,True,37.611607142857146,56.03960396039604,4.44,2026-06-01,False,86.04651162790698,9.605263157894733,0.014663446531076518,62.16417910447761,0.04999999999999982,86.58959537572254,64.62427745664739,53.410404624277454,18.959537572254334,35.76388888888889,51.86954078355812,21.138211382113823,40.51576671836082
5530,龍巖,靈骨塔,50.6,0.3968253968253954,17338991.32,True,67.45689655172413,31.815181518151814,-8.33,2026-06-01,False,31.85483870967742,6.863780359028511,0.20336308648603824,86.94158075601375,0.45000000000000107,32.369942196531795,54.91329479768786,94.45086705202313,76.30057803468208,36.80555555555556,58.968047527296086,8.246225319396052,40.50086268823052
2597,潤弘,營造,168.0,-0.29673590504450953,34773210.225,True,68.75,31.02310231023102,2.95,2026-06-01,False,20.0,4.3478260869565215,0.23647482473763062,82.35294117647058,-10.32,19.76878612716763,45.08670520231214,96.64739884393063,66.82080924855491,15.625,48.789739884393065,19.51219512195122,40.253771323840404
6651,全宇昕,半導體,142.0,2.158273381294973,29734489.875,True,77.0941438102298,23.96039603960396,19.46,2026-06-01,False,32.82442748091603,24.017467248908297,0.0038633155990921678,84.02366863905326,6.140000000000001,33.410404624277454,86.82080924855491,47.74566473988439,70.05780346820809,57.291666666666664,59.0652697495183,43.321718931475026,39.992279443851416
3605,宏致,電子零組件,116.5,0.8658008658008587,1273777167.1399999,True,90.37467700258398,11.815181518151816,29.81,2026-06-01,False,19.333333333333332,37.382075471698116,0.05589111441762148,88.25757575757575,9.256666666666668,18.84393063583815,94.5664739884393,69.01734104046243,79.42196531791907,65.85648148148148,65.54123849282809,56.2137049941928,39.97828173987768
3029,零壹,資訊服務,110.5,-2.643171806167399,154969661.655,True,71.01293103448276,28.844884488448848,13.58,2026-06-01,False,12.76595744680851,8.866995073891626,0.16937304456434832,86.66666666666667,-4.813333333333334,11.676300578034681,61.96531791907515,91.5606936416185,75.14450867052022,24.189814814814813,52.907327124812674,34.030197444831586,39.72142219357784
3518,柏騰,其他電子,27.35,-0.18248175182480342,10948573.6175,True,3.863987635239567,84.75247524752476,-42.36,2026-06-01,False,84.61021505376344,10.728744939271264,-0.06624563352062907,70.30848329048844,-4.723333333333329,85.66473988439306,66.93641618497111,18.84393063583815,38.38150289017341,24.421296296296298,46.8495771783344,1.3937282229965158,39.625888703147965
8110,華東,半導體,45.65,0.2195389681668436,279902475.03249997,True,0.3101736972704715,95.51155115511551,16.26,2026-06-01,False,98.47328244274809,20.448548812664907,0.014256507757521186,51.87499999999999,-0.8199999999999967,97.57225433526011,83.9306358381503,53.294797687861276,5.664739884393064,33.7962962962963,54.85174480839221,39.02439024390244,39.582687156351334
2385,群光,光電及I/O,106.0,0.4739336492890933,342634024.375,True,62.553879310344826,35.412541254125415,-5.48,2026-06-01,False,43.24324324324324,2.912621359223301,0.14197374884043462,72.35494880546075,3.1499999999999986,43.8150289017341,39.30635838150289,88.4393063583815,43.35260115606936,46.18055555555556,52.21877007064869,10.220673635307783,39.52048632790209
7751,竑騰,電子設備,1810.0,8.708708708708702,702549028.0,True,75.6198347107438,25.28052805280528,67.24,2026-06-01,False,42.857142857142854,52.742616033755276,0.005402825635231429,66.66666666666666,3.710000000000001,43.35260115606936,98.26589595375722,48.4393063583815,29.595375722543356,48.61111111111111,53.65285806037251,83.15911730545878,39.46029955757857
2354,鴻準,電子零組件,60.5,0.0,851162761.7099999,True,84.32112068965517,18.151815181518153,10.66,2026-06-01,False,30.0,12.037037037037036,0.13002916528140368,82.65027322404372,37.10666666666667,30.520231213872833,70.63583815028902,86.24277456647398,67.39884393063585,92.70833333333334,69.50120423892102,29.84901277584204,39.28306244251543
7795,長廣,電子設備,551.0,-2.992957746478875,681908484.025,True,95.86206896551724,5.808580858085809,62.55,2026-06-01,False,6.493506493506493,48.91891891891892,-0.07760159077800888,82.73273273273273,29.019999999999996,5.086705202312139,97.45664739884393,14.913294797687863,67.51445086705202,90.04629629629629,55.003478912438446,81.18466898954703,39.08229441501682
8249,菱光,光電及I/O,40.05,0.12499999999999734,11218811.51,True,87.55387931034483,14.389438943894389,12.5,2026-06-01,False,20.27027027027027,-3.2608695652173947,0.22932167171966036,62.38317757009345,-1.2933333333333348,20.23121387283237,16.184971098265898,96.41618497109826,19.30635838150289,32.29166666666667,36.886078998073216,32.63646922183507,38.997267594476114
2455,全新,半導體,419.5,9.960681520314552,4072346510.825,True,94.28879310344827,8.25082508250825,23.55,2026-06-01,False,12.213740458015266,38.67768595041322,-0.01066732176776918,94.48198198198197,-12.38666666666666,11.213872832369942,95.26011560693641,41.84971098265896,91.21387283236994,14.120370370370368,50.73158852494113,48.31591173054588,38.87088544708734
4561,健椿,機械,44.15,-0.3386004514672636,30313746.714999996,True,69.23491379310344,30.363036303630363,43.42,2026-06-01,False,20.588235294117645,28.717201166180768,-0.0040282090173060685,77.72887323943662,16.19333333333333,20.346820809248555,90.98265895953757,44.85549132947977,55.722543352601164,78.47222222222221,58.07594733461785,69.68641114982579,38.69327908803449
6263,普萊德,通信網路,163.5,1.238390092879249,21042398.35,True,86.04525862068965,16.435643564356436,4.21,2026-06-01,False,31.372549019607842,13.541666666666666,0.2987350895901122,86.73740053050398,-3.7233333333333336,31.965317919075144,74.33526011560694,99.53757225433526,75.60693641618496,26.15740740740741,61.52049882252194,21.022067363530777,38.56476539579599
6761,穩得,檢測驗證,181.0,-1.0928961748633892,103631897.375,True,87.45704467353951,14.587458745874587,0.86,2026-06-01,False,66.66666666666666,30.685920577617328,-0.023964816052675968,78.69565217391305,2.2399999999999998,68.26589595375722,92.3699421965318,35.14450867052023,58.84393063583815,43.05555555555556,59.53596660244059,17.18931475029036,37.98229978583849
9921,巨大,其他,104.5,0.48076923076922906,462992810.8950001,True,92.64289756649688,10.099009900990099,15.98,2026-06-01,False,8.695652173913043,22.941176470588236,0.1843524846620998,93.72197309417041,9.766666666666666,7.398843930635839,85.78034682080926,92.94797687861272,90.40462427745665,67.24537037037037,68.75543245557697,38.21138211382114,37.55862587527609
3406,玉晶光,消費性電子,690.0,5.022831050228316,1927804726.3,True,59.644396551724135,38.415841584158414,4.51,2026-06-01,False,42.10526315789473,43.005181347150256,0.023306827520894923,89.14728682170544,-15.343333333333332,43.00578034682081,96.30057803468208,56.87861271676301,81.5028901734104,12.037037037037036,57.944979661742664,21.486643437862952,37.42368398085303
4707,磐亞,清潔劑,35.15,-1.8156424581005526,168634761.67499998,True,98.16810344827587,3.564356435643564,30.81,2026-06-01,False,20.0,22.68760907504363,-0.002767815415213694,78.11111111111111,38.58,19.76878612716763,85.43352601156069,45.433526011560694,56.87861271676301,93.05555555555556,60.11400128452151,57.72357723577236,37.23436251703558
1727,中華化,其他化學,91.3,1.4444444444444482,361053285.515,True,80.29739776951673,21.45214521452145,19.24,2026-06-01,False,18.75,28.410689170182845,0.03422568089970006,87.36842105263158,-4.219999999999999,18.15028901734104,90.7514450867052,61.73410404624278,77.57225433526011,25.34722222222222,54.71106294155427,42.973286875725904,36.986096285405466
1319,東陽,汽車組件,82.6,0.0,241005703.77999997,True,24.73060344827586,66.006600660066,3.04,2026-06-01,False,64.86486486486487,17.83166904422254,0.2452129651200099,71.82608695652173,5.883333333333334,65.83815028901734,81.04046242774567,97.57225433526011,42.19653179190752,56.36574074074075,68.60262791693428,19.860627177700348,36.71371170771988
6438,迅得,電子設備,144.0,0.34843205574912606,41541164.725,True,73.16810344827587,27.19471947194719,-3.13,2026-06-01,False,48.05194805194805,5.88235294117647,0.16178542363984078,69.39759036144578,-16.326666666666668,49.36416184971098,51.56069364161849,90.7514450867052,36.1849710982659,11.342592592592593,47.84077285377863,12.07897793263647,36.516854309748716
6112,邁達特,資訊服務,44.15,-0.8978675645342271,27413777.484999996,True,28.523676880222844,62.57425742574257,-2.29,2026-06-01,False,44.680851063829785,11.772151898734172,0.2535074001188873,78.00353356890459,-15.11,45.664739884393065,69.94219653179191,98.26589595375722,56.64739884393064,12.152777777777777,56.534601798330115,13.240418118466899,36.40259007874967
5452,佶優,電子通路,26.85,-1.8281535648994485,10754539.72,True,55.654101995565405,41.386138613861384,6.69,2026-06-01,False,45.09803921568628,8.048289738430583,0.14796621026359225,68.06083650190114,0.1966666666666672,46.1849710982659,58.38150289017341,89.01734104046243,32.947976878612714,36.226851851851855,52.551728751873256,24.62253193960511,36.34349425657758
6218,豪勉,資訊服務,40.5,4.922279792746109,27079143.585,True,56.727828746177366,40.396039603960396,14.55,2026-06-01,False,17.02127659574468,28.164556962025312,0.10794200686480306,89.80044345898004,-10.189999999999998,16.416184971098264,90.40462427745665,82.19653179190752,83.00578034682081,15.972222222222221,57.5990687219011,35.77235772357724,36.197424691009914
2070,精湛,儀器設備,65.6,0.7680491551459223,22569453.065000005,True,84.52611218568666,17.88778877887789,33.17,2026-06-01,False,17.876344086021508,36.24091381100726,-0.03163308938705145,79.61165048543688,7.170000000000002,17.45664739884393,94.33526011560693,31.79190751445087,60.69364161849711,60.879629629629626,53.031417255405685,60.743321718931476,36.1395876551664
5475,德宏,印刷電路板,173.0,8.463949843260199,1030542452.65,True,86.26262626262627,16.03960396039604,160.08,2026-06-01,False,44.18604651162791,44.76987447698745,-0.07631917763489118,43.25,-5.1299999999999955,44.6242774566474,96.53179190751445,15.260115606936417,1.6184971098265895,23.20601851851852,36.248140119888674,94.42508710801394,36.03401744174337
4909,新復興,印刷電路板,37.9,0.5305039787798282,11200838.1175,True,60.48918156161807,37.82178217821782,-11.94,2026-06-01,False,74.4186046511628,4.407713498622594,0.1844680198562237,54.297994269340975,-18.229999999999997,76.64739884393063,45.433526011560694,93.0635838150289,7.167630057803469,10.300925925925926,46.522612930849924,5.342624854819976,35.931031936248345
4163,鐿鈦,醫療耗材,137.5,-1.4336917562724039,24950416.825,True,86.15301724137932,16.204620462046204,7.69,2026-06-01,False,5.555555555555555,13.168724279835391,0.06658881713354206,91.66666666666666,-4.333333333333333,4.508670520231214,73.64161849710983,72.25433526011561,86.24277456647398,25.0,52.32947976878613,26.480836236933797,35.897665706632296
8996,高力,其他電製品,1215.0,6.113537117903922,3605712155.5,True,89.54741379310344,12.541254125412541,37.56,2026-06-01,False,16.666666666666664,34.105960264900666,-0.0640461508639593,76.41509433962264,-16.979999999999997,15.722543352601157,93.75722543352602,19.30635838150289,52.369942196531795,10.99537037037037,38.43028794690645,65.50522648083623,34.96012164911079
2426,鼎元,光電及I/O,90.8,9.927360774818418,1552826655.0449998,True,99.9163179916318,0.264026402640264,19.41,2026-06-01,False,1.3513513513513513,62.72401433691756,0.04664575375605781,95.8817317845829,15.116666666666667,0.5780346820809248,98.95953757225433,66.58959537572254,93.64161849710982,76.9675925925926,67.34727574395204,43.20557491289199,34.6164226299571
2247,汎德永業,車輛買賣,225.5,-0.22123893805309214,13214916.525,True,87.3249299719888,14.785478547854785,-6.99,2026-06-01,False,14.717741935483872,0.6696428571428571,0.21105836277227452,72.3916532905297,13.173333333333334,13.52601156069364,28.61271676300578,95.02890173410404,43.46820809248555,73.37962962962963,50.80309355598373,8.94308943089431,34.33114808026693
5608,四維航,海運,18.1,0.5555555555555536,232218964.5875,True,99.67689822294022,1.4521452145214522,21.83,2026-06-01,False,9.090909090909092,35.580524344569305,0.0007691412985255146,87.2289156626506,10.283333333333331,7.8612716763005785,93.98843930635839,46.47398843930636,76.99421965317919,68.17129629629629,58.697843074288166,46.34146341463415,34.30212885943888
4979,華星光,通信網路,601.0,9.872029250457048,4579383844.125,True,95.32608695652173,6.732673267326733,27.68,2026-06-01,False,9.803921568627452,40.749414519906324,0.0788648628389639,83.70473537604457,8.850000000000001,8.728323699421965,95.60693641618498,76.64739884393063,69.47976878612717,64.81481481481481,63.05544851209591,53.7746806039489,34.09395916832827
6862,三集瑞-KY,電子零組件,138.0,0.7299270072992803,27178279.8,True,62.41610738255034,35.57755775577558,-1.04,2026-06-01,False,57.333333333333336,6.563706563706563,-0.03429492634097473,60.526315789473685,27.34666666666667,58.4971098265896,53.75722543352601,30.982658959537574,15.838150289017342,89.4675925925926,49.70854742025263,14.750290360046458,33.83208126053185
3661,世芯-KY,半導體,3865.0,3.4805890227576963,9495362921.25,True,71.4978448275862,28.64686468646865,15.39,2026-06-01,False,40.458015267175576,24.077046548956663,-0.004155202474460759,71.90697674418604,32.18000000000001,40.92485549132948,87.16763005780346,44.73988439306358,42.3121387283237,91.31944444444444,61.29279062299294,36.933797909407666,33.25079051781435
2489,瑞軒,光電及I/O,40.55,9.891598915989164,623524969.43,True,68.78980891719745,30.957095709570957,23.43,2026-06-01,False,39.189189189189186,47.7231329690346,0.005155163950417696,71.76991150442478,7.866666666666667,39.884393063583815,97.34104046242774,48.20809248554913,41.96531791907515,62.15277777777778,57.910324341682724,48.08362369337979,33.14807355340275
6278,台表科,印刷電路板,181.5,1.3966480446927276,1032516045.925,True,86.04525862068965,16.435643564356436,9.24,2026-06-01,False,46.51162790697674,26.480836236933797,0.016556910602271588,73.63083164300203,4.046666666666667,47.51445086705202,89.71098265895954,54.21965317919075,46.358381502890175,49.4212962962963,57.44495290087775,28.339140534262487,33.125247561311284
1440,南紡,人纖,13.5,-0.7352941176470562,27006434.060000002,True,99.22613929492692,2.376237623762376,-11.53,2026-06-01,False,11.11111111111111,8.0,0.1851081336826796,86.53846153846155,2.2200000000000006,9.942196531791907,58.092485549132945,93.17919075144509,74.68208092485548,42.824074074074076,55.7440055662599,5.7491289198606275,33.07023020684377
6235,華孚,電子零組件,38.1,1.0610079575596787,17436392.449999996,True,63.11221326720396,34.98349834983499,-3.96,2026-06-01,False,56.00000000000001,3.252032520325211,0.2055321765524773,49.73890339425588,2.3400000000000007,57.45664739884393,41.27167630057804,94.6820809248555,4.277456647398844,43.40277777777778,48.21812780989082,11.265969802555169,32.932099387054976
8358,金居,印刷電路板,429.0,2.877697841726623,8900162512.1,True,89.70905172413794,12.475247524752476,43.37,2026-06-01,False,34.883720930232556,28.443113772455092,-0.09226992396249752,61.285714285714285,3.18333333333333,35.26011560693642,90.86705202312139,11.329479768786127,17.109826589595375,46.2962962962963,40.17255405694712,69.57026713124273,32.768289326163284
3430,奇鈦科,其他化學,113.5,-0.43859649122807154,75860419.52000001,True,88.84254431699688,13.003300330033005,58.37,2026-06-01,False,6.25,12.376237623762377,-0.030761276478584954,61.85286103542234,32.22,4.971098265895954,71.67630057803468,32.02312138728324,18.034682080924856,91.43518518518519,43.62807749946478,78.97793263646922,32.57685310131383
3558,神準,通信網路,125.5,-1.1811023622047223,11358702.95,True,99.35344827586206,2.112211221122112,5.74,2026-06-01,False,3.9215686274509802,2.4489795918367347,0.24688255526034872,71.50997150997152,15.183333333333334,2.485549132947977,37.45664739884393,97.6878612716763,41.38728323699422,77.08333333333334,51.220134874759154,22.880371660859467,32.324139157989435
1717,長興,樹脂,71.7,0.5610098176718203,930986334.0450001,True,92.78017241379311,9.834983498349835,16.21,2026-06-01,False,7.142857142857142,24.048442906574405,0.10700576046913611,83.95784543325526,1.5166666666666675,5.895953757225433,86.9364161849711,81.96531791907515,69.94219653179191,40.16203703703704,56.980384286020126,38.908246225319395,31.95249508234141
2033,佳大,基本金屬,23.75,7.954545454545459,28426534.445000004,True,53.74293785310734,43.23432343234324,-28.85,2026-06-01,False,24.390243902439025,61.56462585034015,0.03194667028707011,100.0,-22.64666666666667,24.393063583815028,98.84393063583815,61.27167630057804,98.95953757225433,8.217592592592593,58.33716013701563,2.3228803716608595,31.70788772297302
6224,聚鼎,電子零組件,79.9,4.036458333333348,56034186.775,True,92.51077586206897,10.231023102310232,14.7,2026-06-01,False,16.0,51.32575757575759,0.09169686056846638,84.10526315789474,13.25,14.797687861271678,97.91907514450867,79.07514450867052,70.52023121387283,73.72685185185185,67.20779811603511,36.062717770034844,30.86539042516767
3388,崇越電,電子通路,89.0,-1.6574585635359074,234959647.02999997,True,73.76077586206897,26.534653465346537,18.97,2026-06-01,False,23.52941176470588,25.884016973125878,-0.037493871654206756,73.55371900826447,-6.023333333333337,23.52601156069364,89.2485549132948,29.595375722543356,46.127167630057805,20.833333333333336,41.866088631984596,42.68292682926829,30.771887776681236
6168,宏齊,光電及I/O,27.75,2.20994475138121,64231424.404999994,True,81.21580547112463,20.198019801980198,6.73,2026-06-01,False,29.72972972972973,28.175519630484995,-0.018836397533840223,78.16901408450704,0.026666666666667282,30.057803468208093,90.52023121387283,37.80346820809248,57.10982658959538,35.648148148148145,50.227895525583385,24.97096399535424,30.404590709821218
4303,信立,石化,53.2,0.0,41523473.66500001,True,19.13621262458472,71.35313531353135,-10.0,2026-06-01,False,78.94736842105263,28.192771084337352,0.06458537721199151,64.01925391095067,-14.543333333333333,80.23121387283237,90.63583815028902,71.79190751445087,23.23699421965318,12.61574074074074,55.702338899593244,7.200929152148665,30.0083247735863
8422,可寧衛*,資源回收,27.2,0.0,159975614.66750002,True,99.19181034482759,2.5742574257425743,50.34,2026-06-01,False,4.3478260869565215,9.01803607214429,0.2059198722625046,10.879999999999999,-29.14666666666666,2.8901734104046244,62.312138728323696,94.79768786127167,0.3468208092485549,6.25,33.31936416184971,75.1451800232288,29.017508878639575
3008,大立光,消費性電子,5720.0,6.2209842154131945,12699258314.25,True,99.6228448275862,1.65016501650165,-10.46,2026-06-01,False,5.263157894736842,46.666666666666664,-0.018176083267947542,100.0,-29.35666666666667,3.9884393063583814,96.878612716763,38.03468208092485,98.95953757225433,6.1342592592592595,48.79910618711197,6.3879210220673635,28.11432129597927
8039,台虹,印刷電路板,291.5,10.000000000000009,8210746332.35,True,99.78448275862068,0.9240924092409241,-6.57,2026-06-01,False,2.3255813953488373,49.87146529562982,-0.006660990228081929,100.0,-4.130000000000001,1.6184971098265895,97.57225433526011,43.23699421965318,98.95953757225433,25.462962962962965,53.370049239991445,9.291521486643438,28.07432545836606
2201,裕隆,汽車製造,28.7,-1.3745704467354014,82623503.99000001,True,79.49346405228758,22.17821782178218,-8.06,2026-06-01,False,22.24462365591398,5.128205128205123,0.13678347000011512,66.20530565167243,-5.696666666666667,22.3121387283237,48.20809248554913,87.39884393063583,28.32369942196532,21.75925925925926,41.60040676514665,8.478513356562138,27.726564755325505
6620,漢達,藥,74.6,-1.58311345646438,70009174.01,True,95.03105590062113,7.194719471947194,-21.75,2026-06-01,False,6.666666666666667,-14.547537227949602,-0.0485986739482833,49.56810631229235,23.26333333333333,5.2601156069364166,1.9653179190751446,24.6242774566474,4.046242774566474,86.80555555555556,24.5403018625562,3.1358885017421603,27.619232241042475
3042,晶技,電子零組件,185.0,4.225352112676051,3209550428.975,True,97.09051724137932,4.092409240924092,19.98,2026-06-01,False,6.0,23.745819397993312,3.532181535022602e-05,74.29718875502009,9.346666666666668,4.7398843930635834,86.58959537572254,46.24277456647399,47.97687861271676,66.20370370370371,50.35056733033612,43.90243902439025,27.50740166361201
3675,德微,電子零組件,268.0,1.132075471698113,209724733.95,True,86.09913793103449,16.303630363036305,29.99,2026-06-01,False,25.333333333333336,24.074074074074073,-0.09431292408199769,59.55555555555555,5.486666666666665,25.202312138728324,87.05202312138728,10.867052023121387,14.566473988439308,54.745370370370374,38.486646328409336,56.91056910569105,27.406833027867854
3624,光頡,電子零組件,87.5,1.6260162601626105,396673523.53499997,True,76.50862068965517,24.422442244224424,28.72,2026-06-01,False,38.0,26.445086705202307,-0.051011779120715556,49.57507082152974,1.879999999999999,39.075144508670526,89.59537572254335,23.23699421965318,4.161849710982659,41.2037037037037,39.454613573110684,54.70383275261324,27.086362812430767
6472,保瑞,藥,470.0,3.7527593818984517,495050827.25,True,94.66594827586206,7.755775577557755,39.22,2026-06-01,False,8.88888888888889,24.17437252311757,0.10435036025862891,62.66666666666667,21.906666666666666,7.630057803468208,87.28323699421965,81.61849710982659,20.23121387283237,84.95370370370371,56.3433418968101,66.66666666666666,26.811175337186896
3444,利機,電子通路,86.6,-1.2542759407069615,37364361.989999995,True,86.42241379310344,15.973597359735974,17.06,2026-06-01,False,11.76470588235294,30.03003003003003,-0.05320712753532675,73.70212765957447,12.083333333333332,10.69364161849711,91.90751445086705,22.54335260115607,46.589595375722546,71.875,48.721820809248555,40.069686411149824,26.361352238625607
6442,光聖,通信網路,1605.0,9.931506849315074,3919130136.5,True,61.441213653603036,37.0957095709571,1.65,2026-06-01,False,45.09803921568628,30.48780487804878,-0.015512996476065117,67.72151898734177,-32.17,46.1849710982659,92.13872832369943,39.19075144508671,31.676300578034684,5.439814814814815,42.92611325198031,17.653890824622533,25.84410854430592
7842,天能綠電,公用事業,107.5,5.392156862745101,10728767.76,True,78.37837837837837,23.234323432343235,38.44,2026-06-01,False,16.666666666666664,25.291375291375296,0.07930621899167406,55.84415584415584,-5.520000000000003,15.722543352601157,88.09248554913295,76.76300578034682,8.901734104046243,22.337962962962962,42.36354634981803,66.31823461091754,25.712506629608
5292,華懋,電子設備,214.0,1.6627078384798155,48440681.55,True,88.63976083707026,13.2013201320132,-8.28,2026-06-01,False,24.675324675324674,33.75,-0.11485497194994143,80.75471698113208,-10.99,24.739884393063583,93.64161849710982,8.092485549132949,62.89017341040463,15.162037037037038,40.9052397773496,8.362369337979095,25.587702161084373
6530,創威,通信網路,84.6,5.223880597014907,89568344.31000002,True,79.25646551724138,22.37623762376238,8.41,2026-06-01,False,37.254901960784316,22.78664731494918,-0.008469577967449031,63.370786516853926,-8.876666666666665,38.15028901734104,85.66473988439306,42.89017341040463,21.271676300578036,17.12962962962963,41.021301648469276,27.293844367015097,25.26276745013528
2419,仲琦,通信網路,24.6,0.40816326530612734,11974644.084999999,True,96.25954198473282,5.082508250825082,-0.67,2026-06-01,False,5.88235294117647,4.6808510638297935,0.16049518422261125,65.1655629139073,14.84,4.624277456647398,46.24277456647399,90.63583815028902,25.66473988439306,76.38888888888889,48.71130378933847,15.563298490127758,24.902385316173557
6204,艾華,電子零組件,81.8,-3.6513545347467757,19709303.66,True,85.99137931034483,16.666666666666664,8.99,2026-06-01,False,26.666666666666668,23.192771084337334,-0.003429747135971968,65.44,0.9666666666666668,27.05202312138728,86.01156069364163,45.08670520231214,26.1271676300578,38.88888888888889,44.63326910725755,27.75842044134727,23.73151262478768
3078,僑威,電子零組件,53.0,-1.1194029850746245,34265679.30499999,True,86.04525862068965,16.435643564356436,-57.6,2026-06-01,False,26.0,3.5156249999999947,0.1580640823406987,56.26326963906582,-5.680000000000007,26.358381502890172,42.65895953757226,90.05780346820809,9.595375722543352,21.875,38.10910404624277,0.9291521486643438,23.5559874591314
1711,永光,染料及顏料,41.25,-0.36231884057971175,180369593.42749998,True,99.88059701492537,0.46204620462046203,15.49,2026-06-01,False,16.666666666666664,26.339969372128643,0.04809510058543305,66.53225806451613,7.6433333333333335,15.722543352601157,89.36416184971098,66.93641618497111,29.2485549132948,61.68981481481482,52.59229822307858,37.282229965156795,23.22229159533544
4977,眾達-KY,通信網路,155.0,6.896551724137923,489933576.525,True,76.72413793103449,24.15841584158416,8.08,2026-06-01,False,39.21568627450981,25.0,-0.01678328422147583,57.301293900184845,23.523333333333333,40.0,87.86127167630057,38.84393063583815,10.635838150289018,87.15277777777779,52.89876364804111,26.94541231126597,22.429994696313603
6173,信昌電,電子零組件,203.5,0.24630541871921707,2583514992.025,True,96.17456896551724,5.2805280528052805,29.08,2026-06-01,False,9.333333333333334,24.846625766871167,-0.049852150183151527,58.059914407988586,4.056666666666668,8.323699421965317,87.6300578034682,24.046242774566473,12.023121387283236,49.65277777777778,36.3351798330122,55.16840882694542,21.97129295818144
6150,撼訊,電腦及週邊,60.8,-1.4586709886547866,11004732.64,True,61.811023622047244,36.5016501650165,-30.19,2026-06-01,False,32.758620689655174,14.933837429111529,0.13517962481890985,65.51724137931035,20.733333333333338,33.29479768786127,76.99421965317919,87.05202312138728,26.589595375722542,84.02777777777779,61.59168272318561,2.0905923344947737,21.24519143622485
3548,兆利,電子零組件,79.9,5.408970976253302,13828981.504999999,True,96.55172413793103,4.62046204620462,7.06,2026-06-01,False,7.333333333333333,11.748251748251755,0.21208984337587874,63.16205533596838,17.073333333333334,6.011560693641618,69.71098265895954,95.14450867052024,21.040462427745666,79.51388888888889,54.284280667951194,25.435540069686414,20.69414513302854
1436,華友聯,建設,38.15,-1.675257731958757,12345631.26,True,65.2478448275862,33.135313531353134,-79.41,2026-06-01,False,27.586206896551722,5.678670360110795,0.1316073027234159,46.80981595092024,-59.349999999999994,28.61271676300578,50.52023121387283,86.47398843930635,2.7745664739884393,3.2407407407407405,34.32444872618283,0.4645760743321719,20.33290702436339
6727,亞泰金屬,電子設備,470.5,5.730337078651693,430620158.975,True,89.87068965517241,12.376237623762377,-23.9,2026-06-01,False,23.376623376623375,37.17201166180758,-0.04253074445588646,71.28787878787878,-51.019999999999996,23.23699421965318,94.45086705202313,27.05202312138728,40.809248554913296,3.935185185185185,37.89686362663242,2.671312427409988,18.066672037488335
3049,精金,光電及I/O,13.5,6.299212598425208,68770858.5845,True,92.54716981132076,10.165016501650165,-68.18,2026-06-01,False,16.216216216216218,34.32835820895521,-0.051283763082981534,75.0,2.839999999999989,15.086705202312139,93.87283236994219,23.00578034682081,49.59537572254335,45.601851851851855,45.43250909869407,0.8130081300813009,17.90556417124865
3455,由田,電子設備,240.0,3.2258064516129004,424911417.2,True,95.04310344827587,7.128712871287128,-30.02,2026-06-01,False,10.38961038961039,42.433234421364986,0.030295911081554182,77.41935483870968,-23.83,9.364161849710982,96.18497109826589,60.346820809248555,54.91329479768786,7.638888888888889,45.68962748876043,2.2067363530778166,17.574805475552694
1504,東元,電機製品,70.8,-0.9790209790209836,650921760.575,True,85.5603448275862,16.963696369636963,0.15,2026-06-01,False,9.090909090909092,12.380952380952376,0.16042606879928498,59.246861924686186,-7.933333333333334,7.8612716763005785,71.79190751445087,90.52023121387283,13.75722543352601,18.171296296296298,40.42038642688932,16.434378629500582,16.565242056219077
4956,光鋐,光電及I/O,35.1,-4.489795918367346,62399381.620000005,True,91.57509157509158,11.023102310231023,-0.83,2026-06-01,False,18.91891891891892,30.000000000000004,0.01357486323924107,64.16819012797075,-5.726666666666667,18.323699421965316,91.79190751445087,52.601156069364166,23.815028901734102,21.64351851851852,41.6350620852066,14.982578397212542,16.332349801615273
6830,汎銓,檢測驗證,491.0,9.966405375139974,946077726.15,True,99.86111111111111,0.594059405940594,10.36,2026-06-01,False,16.666666666666664,31.283422459893046,-0.012260042341565625,50.358974358974365,-6.313333333333333,15.722543352601157,92.48554913294798,40.69364161849711,4.624277456647398,20.25462962962963,34.756128238064655,29.500580720092916,14.340463099098374
3163,波若威,通信網路,770.0,5.914718019257226,2748446011.95,True,87.17672413793103,15.016501650165019,-11.53,2026-06-01,False,29.411764705882355,32.075471698113205,-0.026404115713586352,59.45945945945946,-23.176666666666666,29.942196531791907,93.17919075144509,34.104046242774565,14.219653179190752,7.87037037037037,35.86309141511454,5.7491289198606275,14.182946969849548
4971,IET-KY,半導體,554.0,4.528301886792452,1106151320.4,True,92.4929178470255,10.297029702970297,-6.26,2026-06-01,False,17.557251908396946,42.05128205128205,-0.037228173523668216,63.53211009174312,-12.943333333333332,17.109826589595375,96.06936416184972,29.826589595375726,22.08092485549133,13.657407407407407,35.748822521943914,9.639953542392567,13.190335206407386
